time_orbits,dist_km,u_p_norm,u_e_norm
0.000000,0.00000000e+00,0.00000000e+00,0.00000000e+00
0.001094,8.66462628e+02,1.20015823e-03,6.00348522e-04
0.002188,8.67065975e+02,1.18953917e-03,5.94720701e-04
0.003282,8.67816555e+02,1.17831107e-03,5.88989071e-04
0.004376,8.68697505e+02,1.16771130e-03,5.83616006e-04
0.005470,8.69693319e+02,1.15772605e-03,5.78742404e-04
0.006563,8.70789808e+02,1.14906816e-03,5.74344664e-04
0.007657,8.71974050e+02,1.14061240e-03,5.70709272e-04
0.008751,8.73234384e+02,1.13466587e-03,5.67604963e-04
0.009845,8.74560211e+02,1.12886568e-03,5.65228333e-04
0.010939,8.75942157e+02,1.12530303e-03,5.63753518e-04
0.012033,8.77371833e+02,1.12367348e-03,5.62941568e-04
0.013127,8.78841750e+02,1.12332292e-03,5.62979994e-04
0.014221,8.80345433e+02,1.12520592e-03,5.63876566e-04
0.015315,8.81877227e+02,1.12841101e-03,5.65749418e-04
0.016409,8.83432273e+02,1.13444922e-03,5.68503720e-04
0.017503,8.85006403e+02,1.14183328e-03,5.72150506e-04
0.018596,8.86596232e+02,1.15051444e-03,5.76786897e-04
0.019690,8.88199124e+02,1.16103256e-03,5.82269158e-04
0.020784,8.89813079e+02,1.17389943e-03,5.88759970e-04
0.021878,8.91436579e+02,1.18835549e-03,5.96052156e-04
0.022972,8.93068652e+02,1.20467254e-03,6.04159922e-04
0.024066,8.94708807e+02,1.22245468e-03,6.12998017e-04
0.025160,8.96357042e+02,1.24141861e-03,6.22562296e-04
0.026254,8.98013804e+02,1.26183566e-03,6.32709965e-04
0.027348,8.99679941e+02,1.28343412e-03,6.43363713e-04
0.028442,9.01356698e+02,1.30546605e-03,6.54491501e-04
0.029536,9.03045739e+02,1.32831500e-03,6.65966026e-04
0.030630,9.04749046e+02,1.35170823e-03,6.77740251e-04
0.031723,9.06468912e+02,1.37592239e-03,6.89924879e-04
0.032817,9.08207847e+02,1.40080411e-03,7.02186331e-04
0.033911,9.09968584e+02,1.42578844e-03,7.14663979e-04
0.035005,9.11754064e+02,1.45083147e-03,7.27158441e-04
0.036099,9.13567395e+02,1.47610857e-03,7.39584737e-04
0.037193,9.15411812e+02,1.50087315e-03,7.51946056e-04
0.038287,9.17290673e+02,1.52579615e-03,7.64230457e-04
0.039381,9.19207411e+02,1.55026906e-03,7.76435940e-04
0.040475,9.21165536e+02,1.57461138e-03,7.88433588e-04
0.041569,9.23168524e+02,1.59831716e-03,8.00261815e-04
0.042663,9.25219898e+02,1.62175632e-03,8.11791088e-04
0.043756,9.27322998e+02,1.64463443e-03,8.22996318e-04
0.044850,9.29481084e+02,1.66656910e-03,8.33946157e-04
0.045944,9.31697445e+02,1.68845043e-03,8.44506606e-04
0.047038,9.33975128e+02,1.70900558e-03,8.54743586e-04
0.048132,9.36317225e+02,1.72874156e-03,8.64572273e-04
0.049226,9.38726411e+02,1.74926470e-03,8.73917793e-04
0.050320,9.41204996e+02,1.76759585e-03,8.82847179e-04
0.051414,9.43755231e+02,1.78581687e-03,8.91293152e-04
0.052508,9.46379022e+02,1.80192372e-03,8.99278439e-04
0.053602,9.49078153e+02,1.81904978e-03,9.06743065e-04
0.054696,9.51854015e+02,1.83264307e-03,9.13725497e-04
0.055789,9.54708451e+02,1.84603660e-03,9.20249663e-04
0.056883,9.57642799e+02,1.85847752e-03,9.26272996e-04
0.057977,9.60657637e+02,1.87071202e-03,9.31741368e-04
0.059071,9.63753110e+02,1.88284358e-03,9.36650246e-04
0.060165,9.66929402e+02,1.89045253e-03,9.41004908e-04
0.061259,9.70186689e+02,1.90087288e-03,9.44866000e-04
0.062353,9.73524358e+02,1.90847638e-03,9.48157727e-04
0.063447,9.76941192e+02,1.91762172e-03,9.50890088e-04
0.064541,9.80435726e+02,1.92289204e-03,9.53009765e-04
0.065635,9.84007015e+02,1.92693636e-03,9.54606126e-04
0.066729,9.87653124e+02,1.93034996e-03,9.55609403e-04
0.067822,9.91373009e+02,1.92893292e-03,9.56093180e-04
0.068916,9.95165826e+02,1.92907513e-03,9.56149683e-04
0.070010,9.99029340e+02,1.93136112e-03,9.55716972e-04
0.071104,1.00296023e+03,1.93326660e-03,9.54717441e-04
0.072198,1.00695538e+03,1.93126003e-03,9.53114896e-04
0.073292,1.01101256e+03,1.92340083e-03,9.50942610e-04
0.074386,1.01512982e+03,1.91826687e-03,9.48417036e-04
0.075480,1.01930472e+03,1.91238977e-03,9.45458731e-04
0.076574,1.02353423e+03,1.90668554e-03,9.42048750e-04
0.077668,1.02781524e+03,1.89677608e-03,9.38105805e-04
0.078762,1.03214465e+03,1.89124944e-03,9.33874803e-04
0.079855,1.03651855e+03,1.88270738e-03,9.29132938e-04
0.080949,1.04093293e+03,1.87494627e-03,9.23989171e-04
0.082043,1.04538388e+03,1.86153011e-03,9.18299359e-04
0.083137,1.04986791e+03,1.85158200e-03,9.12348152e-04
0.084231,1.05438152e+03,1.83750783e-03,9.05974341e-04
0.085325,1.05892112e+03,1.82561734e-03,8.99317638e-04
0.086419,1.06348279e+03,1.81067022e-03,8.92245305e-04
0.087513,1.06806253e+03,1.79671512e-03,8.84875919e-04
0.088607,1.07265695e+03,1.77693352e-03,8.77104987e-04
0.089701,1.07726262e+03,1.76530051e-03,8.69280789e-04
0.090795,1.08187488e+03,1.74892458e-03,8.61015617e-04
0.091889,1.08648955e+03,1.73348592e-03,8.52496175e-04
0.092982,1.09110240e+03,1.71389278e-03,8.43606720e-04
0.094076,1.09571012e+03,1.69198560e-03,8.34480956e-04
0.095170,1.10030976e+03,1.67578370e-03,8.25353302e-04
0.096264,1.10489683e+03,1.65579186e-03,8.15849724e-04
0.097358,1.10946785e+03,1.63578914e-03,8.06207287e-04
0.098452,1.11401921e+03,1.61690452e-03,7.96407913e-04
0.099546,1.11854697e+03,1.59579075e-03,7.86372920e-04
0.100640,1.12304773e+03,1.57430882e-03,7.76191132e-04
0.101734,1.12751771e+03,1.55273876e-03,7.65849138e-04
0.102828,1.13195344e+03,1.53493536e-03,7.55483868e-04
0.103922,1.13635116e+03,1.50927791e-03,7.44787514e-04
0.105015,1.14070822e+03,1.48560183e-03,7.34086319e-04
0.106109,1.14502174e+03,1.46148860e-03,7.23305843e-04
0.107203,1.14928842e+03,1.44381434e-03,7.12576791e-04
0.108297,1.15350429e+03,1.42143169e-03,7.01612127e-04
0.109391,1.15766592e+03,1.40083601e-03,6.90606422e-04
0.110485,1.16176985e+03,1.37561945e-03,6.79408635e-04
0.111579,1.16581329e+03,1.35593659e-03,6.68308902e-04
0.112673,1.16979253e+03,1.33206844e-03,6.57018513e-04
0.113767,1.17370463e+03,1.30956419e-03,6.45736211e-04
0.114861,1.17754675e+03,1.28658329e-03,6.34417957e-04
0.115955,1.18131595e+03,1.26373783e-03,6.23072179e-04
0.117048,1.18500950e+03,1.23888825e-03,6.11677383e-04
0.118142,1.18862500e+03,1.21458325e-03,6.00302515e-04
0.119236,1.19216022e+03,1.19134485e-03,5.88967762e-04
0.120330,1.19561227e+03,1.17023972e-03,5.77643185e-04
0.121424,1.19897837e+03,1.14616228e-03,5.66273037e-04
0.122518,1.20225602e+03,1.12343673e-03,5.54932557e-04
0.123612,1.20544290e+03,1.09977178e-03,5.43608838e-04
0.124706,1.20853683e+03,1.07670529e-03,5.32325556e-04
0.125800,1.21153537e+03,1.05537664e-03,5.21094072e-04
0.126894,1.21443595e+03,1.03279478e-03,5.09847747e-04
0.127988,1.21723622e+03,1.01266397e-03,4.98684679e-04
0.129081,1.21993375e+03,9.89910060e-04,4.87498526e-04
0.130175,1.22252662e+03,9.65965166e-04,4.76356503e-04
0.131269,1.22501317e+03,9.43708060e-04,4.65314452e-04
0.132363,1.22739145e+03,9.21177330e-04,4.54319973e-04
0.133457,1.22965966e+03,8.98300072e-04,4.43391791e-04
0.134551,1.23181614e+03,8.75973728e-04,4.32549177e-04
0.135645,1.23385917e+03,8.54686547e-04,4.21785686e-04
0.136739,1.23578712e+03,8.31685144e-04,4.11081639e-04
0.137833,1.23759853e+03,8.10412043e-04,4.00485896e-04
0.138927,1.23929167e+03,7.90174779e-04,3.89975859e-04
0.140021,1.24086504e+03,7.67932108e-04,3.79530806e-04
0.141114,1.24231734e+03,7.46888970e-04,3.69196780e-04
0.142208,1.24364715e+03,7.25468973e-04,3.58939897e-04
0.143302,1.24485323e+03,7.04483215e-04,3.48797110e-04
0.144396,1.24593426e+03,6.84821096e-04,3.38767270e-04
0.145490,1.24688891e+03,6.64631553e-04,3.28830693e-04
0.146584,1.24771598e+03,6.44923751e-04,3.19002441e-04
0.147678,1.24841422e+03,6.26065213e-04,3.09291987e-04
0.148772,1.24898244e+03,6.06690971e-04,2.99666589e-04
0.149866,1.24941963e+03,5.86607113e-04,2.90159089e-04
0.150960,1.24972484e+03,5.68283166e-04,2.80788947e-04
0.152054,1.24989704e+03,5.49743565e-04,2.71537966e-04
0.153148,1.24993546e+03,5.30221971e-04,2.62395288e-04
0.154241,1.24983932e+03,5.11784526e-04,2.53392759e-04
0.155335,1.24960782e+03,4.93138295e-04,2.44515282e-04
0.156429,1.24924026e+03,4.76178062e-04,2.35795635e-04
0.157523,1.24873588e+03,4.58917202e-04,2.27200472e-04
0.158617,1.24809402e+03,4.42150386e-04,2.18737428e-04
0.159711,1.24731405e+03,4.24543297e-04,2.10399347e-04
0.160805,1.24639545e+03,4.08437210e-04,2.02222593e-04
0.161899,1.24533766e+03,3.92377414e-04,1.94186947e-04
0.162993,1.24414020e+03,3.76826650e-04,1.86301572e-04
0.164087,1.24280259e+03,3.61686300e-04,1.78569386e-04
0.165181,1.24132445e+03,3.46634099e-04,1.70987659e-04
0.166274,1.23970554e+03,3.31636916e-04,1.63561490e-04
0.167368,1.23794567e+03,3.16572546e-04,1.56281849e-04
0.168462,1.23604467e+03,3.01911443e-04,1.49175734e-04
0.169556,1.23400248e+03,2.87757044e-04,1.42242495e-04
0.170650,1.23181905e+03,2.74007771e-04,1.35485074e-04
0.171744,1.22949444e+03,2.60891194e-04,1.28909358e-04
0.172838,1.22702874e+03,2.47917069e-04,1.22510628e-04
0.173932,1.22442208e+03,2.35341611e-04,1.16301951e-04
0.175026,1.22167464e+03,2.23580245e-04,1.10299131e-04
0.176120,1.21878670e+03,2.11219737e-04,1.04479836e-04
0.177214,1.21575861e+03,2.00677036e-04,9.89047906e-05
0.178307,1.21259080e+03,1.89258755e-04,9.35236275e-05
0.179401,1.20928380e+03,1.79382078e-04,8.84108760e-05
0.180495,1.20583819e+03,1.69291338e-04,8.35338238e-05
0.181589,1.20225463e+03,1.60019524e-04,7.89385781e-05
0.182683,1.19853389e+03,1.50822796e-04,7.46314535e-05
0.183777,1.19467678e+03,1.42557893e-04,7.06475897e-05
0.184871,1.19068424e+03,1.35328745e-04,6.70122351e-05
0.185965,1.18655731e+03,1.28581134e-04,6.37582495e-05
0.187059,1.18229709e+03,1.23209957e-04,6.09099140e-05
0.188153,1.17790484e+03,1.18204481e-04,5.84926987e-05
0.189247,1.17338185e+03,1.14046631e-04,5.65477846e-05
0.190340,1.16872953e+03,1.11045005e-04,5.50998036e-05
0.191434,1.16394938e+03,1.09072878e-04,5.41576611e-05
0.192528,1.15904302e+03,1.08194755e-04,5.37328373e-05
0.193622,1.15401217e+03,1.08627046e-04,5.38029251e-05
0.194716,1.14885866e+03,1.09380609e-04,5.43613836e-05
0.195810,1.14358442e+03,1.11393320e-04,5.53673116e-05
0.196904,1.13819147e+03,1.14318942e-04,5.67869118e-05
0.197998,1.13268199e+03,1.17994977e-04,5.85641355e-05
0.199092,1.12705824e+03,1.22041540e-04,6.06804881e-05
0.200186,1.12132260e+03,1.26831537e-04,6.30654529e-05
0.201280,1.11547755e+03,1.31937110e-04,6.56830613e-05
0.202373,1.10952571e+03,1.37715758e-04,6.85152275e-05
0.203467,1.10346980e+03,1.43745438e-04,7.15140092e-05
0.204561,1.09731265e+03,1.50017890e-04,7.46436672e-05
0.205655,1.09105727e+03,1.56420364e-04,7.78992486e-05
0.206749,1.08470671e+03,1.63162673e-04,8.12525348e-05
0.207843,1.07826411e+03,1.69891425e-04,8.46896261e-05
0.208937,1.07173271e+03,1.77181974e-04,8.81887090e-05
0.210031,1.06511599e+03,1.84435989e-04,9.17279483e-05
0.211125,1.05841754e+03,1.91286529e-04,9.52942445e-05
0.212219,1.05164101e+03,1.98585441e-04,9.89014612e-05
0.213313,1.04479025e+03,2.05932415e-04,1.02536040e-04
0.214407,1.03786912e+03,2.13049434e-04,1.06167675e-04
0.215500,1.03088167e+03,2.20460164e-04,1.09818723e-04
0.216594,1.02383210e+03,2.28001681e-04,1.13488165e-04
0.217688,1.01672464e+03,2.35496559e-04,1.17152449e-04
0.218782,1.00956370e+03,2.42932587e-04,1.20813123e-04
0.219876,1.00235383e+03,2.50307835e-04,1.24465091e-04
0.220970,9.95099659e+02,2.57580020e-04,1.28096396e-04
0.222064,9.87805871e+02,2.65007299e-04,1.31729016e-04
0.223158,9.80477350e+02,2.72276551e-04,1.35340786e-04
0.224252,9.73119023e+02,2.79299249e-04,1.38916246e-04
0.225346,9.65735916e+02,2.86401190e-04,1.42483935e-04
0.226440,9.58333195e+02,2.93502567e-04,1.46033745e-04
0.227533,9.50916036e+02,3.00788225e-04,1.49572629e-04
0.228627,9.43489650e+02,3.07983281e-04,1.53084409e-04
0.229721,9.36059371e+02,3.15016674e-04,1.56572072e-04
0.230815,9.28630640e+02,3.21853609e-04,1.60035940e-04
0.231909,9.21209019e+02,3.28833656e-04,1.63509530e-04
0.233003,9.13800214e+02,3.35966125e-04,1.66990310e-04
0.234097,9.06409984e+02,3.43118254e-04,1.70466964e-04
0.235191,8.99044156e+02,3.49995362e-04,1.73925122e-04
0.236285,8.91708444e+02,3.57311874e-04,1.77369618e-04
0.237379,8.84408598e+02,3.63765535e-04,1.80813221e-04
0.238473,8.77150764e+02,3.70719155e-04,1.84263087e-04
0.239566,8.69940736e+02,3.77964164e-04,1.87715601e-04
0.240660,8.62784418e+02,3.84572794e-04,1.91196496e-04
0.241754,8.55688003e+02,3.91308668e-04,1.94711662e-04
0.242848,8.48657510e+02,3.98478143e-04,1.98231713e-04
0.243942,8.41698828e+02,4.05911890e-04,2.01803355e-04
0.245036,8.34817927e+02,4.13116304e-04,2.05379885e-04
0.246130,8.28020825e+02,4.19644819e-04,2.09016315e-04
0.247224,8.21313443e+02,4.27479221e-04,2.12682250e-04
0.248318,8.14701507e+02,4.35515583e-04,2.16389835e-04
0.249412,8.08190349e+02,4.43783964e-04,2.20089310e-04
0.250506,8.01785337e+02,4.51327720e-04,2.23841822e-04
0.251599,7.95492034e+02,4.59477833e-04,2.27655346e-04
0.252693,7.89315833e+02,4.67159123e-04,2.31537992e-04
0.253787,7.83261935e+02,4.76620945e-04,2.35436699e-04
0.254881,7.77334758e+02,4.84205380e-04,2.39365230e-04
0.255975,7.71539596e+02,4.91322050e-04,2.43432566e-04
0.257069,7.65881678e+02,4.99301354e-04,2.47544614e-04
0.258163,7.60365881e+02,5.07976908e-04,2.51742951e-04
0.259257,7.54996392e+02,5.16770126e-04,2.55924479e-04
0.260351,7.49777151e+02,5.26239772e-04,2.60117232e-04
0.261445,7.44711754e+02,5.34944437e-04,2.64336231e-04
0.262539,7.39803833e+02,5.43365829e-04,2.68594823e-04
0.263632,7.35056322e+02,5.54830008e-04,2.72731403e-04
0.264726,7.30471593e+02,5.61543966e-04,2.76947825e-04
0.265820,7.26052825e+02,5.71374456e-04,2.81159704e-04
0.266914,7.21802026e+02,5.79747600e-04,2.85303089e-04
0.268008,7.17721480e+02,5.88673074e-04,2.89464308e-04
0.269102,7.13812830e+02,5.97453065e-04,2.93530278e-04
0.270196,7.10077246e+02,6.05958801e-04,2.97483961e-04
0.271290,7.06515398e+02,6.15629069e-04,3.01307417e-04
0.272384,7.03127557e+02,6.23841831e-04,3.05011619e-04
0.273478,6.99913925e+02,6.31227699e-04,3.08611212e-04
0.274572,6.96874247e+02,6.39894914e-04,3.12020226e-04
0.275666,6.94007945e+02,6.44582053e-04,3.15321978e-04
0.276759,6.91315001e+02,6.50823111e-04,3.18500417e-04
0.277853,6.88794068e+02,6.59140068e-04,3.21362714e-04
0.278947,6.86443033e+02,6.66145061e-04,3.23977293e-04
0.280041,6.84260249e+02,6.67379842e-04,3.26487074e-04
0.281135,6.82244218e+02,6.73016507e-04,3.28691426e-04
0.282229,6.80392266e+02,6.78748350e-04,3.30593241e-04
0.283323,6.78701000e+02,6.83525422e-04,3.32148970e-04
0.284417,6.77166995e+02,6.87012631e-04,3.33417471e-04
0.285511,6.75786930e+02,6.88745991e-04,3.34431834e-04
0.286605,6.74557009e+02,6.89863645e-04,3.35079324e-04
0.287699,6.73473446e+02,6.90549004e-04,3.35405540e-04
0.288792,6.72532729e+02,6.87996407e-04,3.35502973e-04
0.289886,6.71731255e+02,6.86775547e-04,3.35282737e-04
0.290980,6.71064203e+02,6.87452948e-04,3.34612280e-04
0.292074,6.70526689e+02,6.83277639e-04,3.33612896e-04
0.293168,6.70113810e+02,6.83956703e-04,3.32191097e-04
0.294262,6.69819372e+02,6.82507097e-04,3.30322003e-04
0.295356,6.69637738e+02,6.78460346e-04,3.28125643e-04
0.296450,6.69563500e+02,6.71958338e-04,3.25597599e-04
0.297544,6.69591879e+02,6.65292962e-04,3.22774899e-04
0.298638,6.69717853e+02,6.57723231e-04,3.19647915e-04
0.299732,6.69936108e+02,6.49248388e-04,3.16154346e-04
0.300825,6.70241337e+02,6.43619170e-04,3.12336549e-04
0.301919,6.70627259e+02,6.35028863e-04,3.08145862e-04
0.303013,6.71087952e+02,6.27607595e-04,3.03655398e-04
0.304107,6.71617860e+02,6.14265621e-04,2.98863056e-04
0.305201,6.72212018e+02,6.04040151e-04,2.93853683e-04
0.306295,6.72865045e+02,5.92972632e-04,2.88555043e-04
0.307389,6.73571798e+02,5.79876476e-04,2.83015595e-04
0.308483,6.74326807e+02,5.70227427e-04,2.77227486e-04
0.309577,6.75124247e+02,5.57190948e-04,2.71164074e-04
0.310671,6.75959096e+02,5.42697539e-04,2.64922079e-04
0.311765,6.76825933e+02,5.31448476e-04,2.58496209e-04
0.312858,6.77719055e+02,5.18536396e-04,2.51837162e-04
0.313952,6.78633197e+02,5.04140405e-04,2.45009140e-04
0.315046,6.79563412e+02,4.90589227e-04,2.38072656e-04
0.316140,6.80504800e+02,4.74402238e-04,2.30975087e-04
0.317234,6.81452844e+02,4.60197910e-04,2.23828538e-04
0.318328,6.82402760e+02,4.45712596e-04,2.16585392e-04
0.319422,6.83349668e+02,4.31715932e-04,2.09255396e-04
0.320516,6.84288980e+02,4.15095135e-04,2.01846508e-04
0.321610,6.85216714e+02,3.98600634e-04,1.94433362e-04
0.322704,6.86128689e+02,3.84369407e-04,1.87039964e-04
0.323798,6.87020552e+02,3.69745141e-04,1.79645938e-04
0.324891,6.87888230e+02,3.54891998e-04,1.72270139e-04
0.325985,6.88727724e+02,3.38991537e-04,1.64900638e-04
0.327079,6.89535260e+02,3.24189734e-04,1.57628992e-04
0.328173,6.90307065e+02,3.09677539e-04,1.50443338e-04
0.329267,6.91039461e+02,2.94692717e-04,1.43336279e-04
0.330361,6.91728897e+02,2.81302579e-04,1.36403080e-04
0.331455,6.92371906e+02,2.66358798e-04,1.29554016e-04
0.332549,6.92965324e+02,2.52877164e-04,1.22929658e-04
0.333643,6.93505932e+02,2.39185335e-04,1.16473730e-04
0.334737,6.93990716e+02,2.25910607e-04,1.10245103e-04
0.335831,6.94416811e+02,2.13597704e-04,1.04291852e-04
0.336925,6.94781265e+02,2.01929387e-04,9.86076012e-05
0.338018,6.95081341e+02,1.90126003e-04,9.32048617e-05
0.339112,6.95314403e+02,1.80304096e-04,8.81876726e-05
0.340206,6.95477717e+02,1.70507331e-04,8.35031469e-05
0.341300,6.95568788e+02,1.62121114e-04,7.92472692e-05
0.342394,6.95585121e+02,1.54216590e-04,7.54076383e-05
0.343488,6.95524357e+02,1.46893009e-04,7.20211977e-05
0.344582,6.95384294e+02,1.41050626e-04,6.91460177e-05
0.345676,6.95162827e+02,1.35997820e-04,6.67816862e-05
0.346770,6.94857925e+02,1.31983286e-04,6.49508336e-05
0.347864,6.94467732e+02,1.28824792e-04,6.36551982e-05
0.348958,6.93990577e+02,1.26927898e-04,6.29000661e-05
0.350051,6.93424842e+02,1.26525149e-04,6.26399651e-05
0.351145,6.92768998e+02,1.26859748e-04,6.28517671e-05
0.352239,6.92021668e+02,1.28209210e-04,6.34946106e-05
0.353333,6.91181651e+02,1.30434967e-04,6.45453183e-05
0.354427,6.90247887e+02,1.33031039e-04,6.59184859e-05
0.355521,6.89219410e+02,1.36369206e-04,6.76189162e-05
0.356615,6.88095466e+02,1.40065159e-04,6.95789335e-05
0.357709,6.86875474e+02,1.44745494e-04,7.18105066e-05
0.358803,6.85559072e+02,1.49813194e-04,7.42335678e-05
0.359897,6.84146059e+02,1.55013977e-04,7.68503048e-05
0.360991,6.82636416e+02,1.60632258e-04,7.96359444e-05
0.362084,6.81030313e+02,1.66704812e-04,8.25867914e-05
0.363178,6.79328147e+02,1.73023239e-04,8.56765729e-05
0.364272,6.77530536e+02,1.79614334e-04,8.89043513e-05
0.365366,6.75638305e+02,1.86517022e-04,9.22757064e-05
0.366460,6.73652495e+02,1.93826810e-04,9.57901703e-05
0.367554,6.71574380e+02,2.01154838e-04,9.94271196e-05
0.368648,6.69405400e+02,2.08669895e-04,1.03173210e-04
0.369742,6.67147222e+02,2.16807481e-04,1.07095836e-04
0.370836,6.64801744e+02,2.24900335e-04,1.11106000e-04
0.371930,6.62371108e+02,2.33282556e-04,1.15250094e-04
0.373024,6.59857714e+02,2.42121534e-04,1.19571279e-04
0.374117,6.57264185e+02,2.51107847e-04,1.23998919e-04
0.375211,6.54593306e+02,2.60410760e-04,1.28559946e-04
0.376305,6.51848099e+02,2.69939477e-04,1.33258843e-04
0.377399,6.49031835e+02,2.79858486e-04,1.38114656e-04
0.378493,6.46148005e+02,2.89894374e-04,1.43109300e-04
0.379587,6.43200410e+02,3.00482947e-04,1.48311553e-04
0.380681,6.40193064e+02,3.11481346e-04,1.53659402e-04
0.381775,6.37130174e+02,3.22399893e-04,1.59155912e-04
0.382869,6.34016172e+02,3.33977614e-04,1.64827628e-04
0.383963,6.30855704e+02,3.45681697e-04,1.70639445e-04
0.385057,6.27653664e+02,3.58006283e-04,1.76658663e-04
0.386150,6.24415070e+02,3.70311771e-04,1.82801885e-04
0.387244,6.21145157e+02,3.83335014e-04,1.89188811e-04
0.388338,6.17849373e+02,3.96886040e-04,1.95731928e-04
0.389432,6.14533291e+02,4.10648335e-04,2.02495320e-04
0.390526,6.11202752e+02,4.24799242e-04,2.09442600e-04
0.391620,6.07863804e+02,4.38854397e-04,2.16607960e-04
0.392714,6.04522782e+02,4.53739003e-04,2.24017809e-04
0.393808,6.01186087e+02,4.69282794e-04,2.31638010e-04
0.394902,5.97860182e+02,4.84695692e-04,2.39509706e-04
0.395996,5.94551735e+02,5.01523964e-04,2.47553705e-04
0.397090,5.91267318e+02,5.18171638e-04,2.55878308e-04
0.398184,5.88013752e+02,5.35422397e-04,2.64411099e-04
0.399277,5.84797757e+02,5.53753587e-04,2.73233048e-04
0.400371,5.81626055e+02,5.72840107e-04,2.82300023e-04
0.401465,5.78505560e+02,5.91083055e-04,2.91670577e-04
0.402559,5.75443410e+02,6.11287699e-04,3.01259709e-04
0.403653,5.72446212e+02,6.30713940e-04,3.11200838e-04
0.404747,5.69521141e+02,6.50545088e-04,3.21436285e-04
0.405841,5.66674918e+02,6.73888842e-04,3.31869992e-04
0.406935,5.63913477e+02,6.96608747e-04,3.42545645e-04
0.408029,5.61242981e+02,7.19167880e-04,3.53447181e-04
0.409123,5.58669574e+02,7.40763098e-04,3.64632912e-04
0.410217,5.56199493e+02,7.63901329e-04,3.76109162e-04
0.411310,5.53838568e+02,7.89041125e-04,3.87819507e-04
0.412404,5.51591911e+02,8.14026491e-04,3.99697192e-04
0.413498,5.49464347e+02,8.40605774e-04,4.11747250e-04
0.414592,5.47460399e+02,8.64651163e-04,4.23991825e-04
0.415686,5.45584235e+02,8.92654312e-04,4.36319139e-04
0.416780,5.43839151e+02,9.16484825e-04,4.48717890e-04
0.417874,5.42228196e+02,9.46553566e-04,4.61240769e-04
0.418968,5.40753845e+02,9.69621514e-04,4.73672750e-04
0.420062,5.39418988e+02,9.95346465e-04,4.86158708e-04
0.421156,5.38224917e+02,1.02502321e-03,4.98593677e-04
0.422250,5.37172509e+02,1.04948507e-03,5.10763578e-04
0.423343,5.36262797e+02,1.07435556e-03,5.22822980e-04
0.424437,5.35496230e+02,1.10038476e-03,5.34696399e-04
0.425531,5.34872240e+02,1.12400055e-03,5.46193140e-04
0.426625,5.34390102e+02,1.14752267e-03,5.57357369e-04
0.427719,5.34047360e+02,1.17448138e-03,5.68056574e-04
0.428813,5.33840657e+02,1.19592452e-03,5.78077268e-04
0.429907,5.33766629e+02,1.21504329e-03,5.87421111e-04
0.431001,5.33821804e+02,1.24010940e-03,5.96291200e-04
0.432095,5.34000559e+02,1.26521895e-03,6.04361680e-04
0.433189,5.34295918e+02,1.27734912e-03,6.11183947e-04
0.434283,5.34703999e+02,1.28153209e-03,6.17148448e-04
0.435376,5.35221907e+02,1.29550494e-03,6.22672624e-04
0.436470,5.35842378e+02,1.30940145e-03,6.27013178e-04
0.437564,5.36558851e+02,1.31478610e-03,6.30205281e-04
0.438658,5.37365413e+02,1.32040411e-03,6.32445500e-04
0.439752,5.38254848e+02,1.32245790e-03,6.33467104e-04
0.440846,5.39219885e+02,1.32160350e-03,6.33350282e-04
0.441940,5.40252469e+02,1.32617665e-03,6.32172069e-04
0.443034,5.41342374e+02,1.31984970e-03,6.29368644e-04
0.444128,5.42482895e+02,1.31616342e-03,6.25642335e-04
0.445222,5.43666299e+02,1.29561985e-03,6.20316432e-04
0.446316,5.44885573e+02,1.28487650e-03,6.14093372e-04
0.447409,5.46132447e+02,1.26888523e-03,6.06610799e-04
0.448503,5.47397689e+02,1.25391714e-03,5.97890902e-04
0.449597,5.48671769e+02,1.23133215e-03,5.87747946e-04
0.450691,5.49946879e+02,1.20959546e-03,5.76581901e-04
0.451785,5.51214880e+02,1.17583437e-03,5.63994991e-04
0.452879,5.52468337e+02,1.14431849e-03,5.50453624e-04
0.453973,5.53698685e+02,1.11939227e-03,5.35981948e-04
0.455067,5.54896636e+02,1.08467997e-03,5.20231642e-04
0.456161,5.56053826e+02,1.04878695e-03,5.03476958e-04
0.457255,5.57161899e+02,1.01523253e-03,4.85894026e-04
0.458349,5.58211757e+02,9.79729900e-04,4.67346487e-04
0.459443,5.59194568e+02,9.35171191e-04,4.47800772e-04
0.460536,5.60103150e+02,8.92194956e-04,4.27649847e-04
0.461630,5.60929904e+02,8.49992616e-04,4.06889768e-04
0.462724,5.61666664e+02,8.05381682e-04,3.85489370e-04
0.463818,5.62305524e+02,7.59942296e-04,3.63634572e-04
0.464912,5.62838907e+02,7.14176374e-04,3.41418293e-04
0.466006,5.63259340e+02,6.65929289e-04,3.18948363e-04
0.467100,5.63559822e+02,6.21662120e-04,2.96501005e-04
0.468194,5.63732986e+02,5.73561363e-04,2.73958710e-04
0.469288,5.63772108e+02,5.28044335e-04,2.51692770e-04
0.470382,5.63670313e+02,4.82138114e-04,2.29709468e-04
0.471476,5.63421198e+02,4.34884388e-04,2.08211734e-04
0.472569,5.63018722e+02,3.93369040e-04,1.87516688e-04
0.473663,5.62456163e+02,3.51099788e-04,1.67513357e-04
0.474757,5.61727348e+02,3.11845886e-04,1.48524496e-04
0.475851,5.60826037e+02,2.75766555e-04,1.30645790e-04
0.476945,5.59746110e+02,2.40618380e-04,1.13936192e-04
0.478039,5.58481887e+02,2.08562549e-04,9.85777926e-05
0.479133,5.57027692e+02,1.79024546e-04,8.45735054e-05
0.480227,5.55378096e+02,1.53171596e-04,7.20431504e-05
0.481321,5.53528004e+02,1.29897423e-04,6.09886678e-05
0.482415,5.51472769e+02,1.09653378e-04,5.14608655e-05
0.483509,5.49208143e+02,9.24307867e-05,4.34785375e-05
0.484602,5.46730461e+02,7.77766211e-05,3.70953426e-05
0.485696,5.44036712e+02,6.76674952e-05,3.24133718e-05
0.486790,5.41124535e+02,6.06328608e-05,2.94230874e-05
0.487884,5.37992342e+02,5.71277742e-05,2.80975772e-05
0.488978,5.34639386e+02,5.66681953e-05,2.82495551e-05
0.490072,5.31065844e+02,5.88884752e-05,2.96080457e-05
0.491166,5.27272875e+02,6.32712329e-05,3.18962381e-05
0.492260,5.23262669e+02,6.94920037e-05,3.48922054e-05
0.493354,5.19038483e+02,7.68900023e-05,3.84684758e-05
0.494448,5.14604641e+02,8.52570563e-05,4.25243022e-05
0.495542,5.09966557e+02,9.46120153e-05,4.70126825e-05
0.496635,5.05130741e+02,1.04571317e-04,5.19057963e-05
0.497729,5.00104741e+02,1.15448134e-04,5.71898108e-05
0.498823,4.94897162e+02,1.27127193e-04,6.28545047e-05
0.499917,4.89517660e+02,1.39604709e-04,6.89022326e-05
0.501011,4.83976893e+02,1.52720804e-04,7.53240180e-05
0.502105,4.78286464e+02,1.66884080e-04,8.21735473e-05
0.503199,4.72458878e+02,1.81624568e-04,8.93872936e-05
0.504293,4.66507483e+02,1.97278955e-04,9.70099311e-05
0.505387,4.60446473e+02,2.13736221e-04,1.05046743e-04
0.506481,4.54290794e+02,2.31049394e-04,1.13480332e-04
0.507575,4.48056152e+02,2.49274500e-04,1.22410272e-04
0.508668,4.41759047e+02,2.68245054e-04,1.31736211e-04
0.509762,4.35416552e+02,2.87840367e-04,1.41481403e-04
0.510856,4.29046382e+02,3.08715652e-04,1.51697613e-04
0.511950,4.22666564e+02,3.30607920e-04,1.62176263e-04
0.513044,4.16295432e+02,3.52335966e-04,1.73025714e-04
0.514138,4.09952145e+02,3.74547149e-04,1.84332186e-04
0.515232,4.03656224e+02,3.97849922e-04,1.95935163e-04
0.516326,3.97426870e+02,4.22529858e-04,2.07709073e-04
0.517420,3.91283385e+02,4.46779807e-04,2.19870459e-04
0.518514,3.85245396e+02,4.71265029e-04,2.32340450e-04
0.519608,3.79332219e+02,4.98048720e-04,2.44950317e-04
0.520702,3.73562515e+02,5.23398573e-04,2.57776878e-04
0.521795,3.67954738e+02,5.50695883e-04,2.70710105e-04
0.522889,3.62527092e+02,5.76641213e-04,2.83882985e-04
0.523983,3.57296801e+02,6.02377443e-04,2.97094055e-04
0.525077,3.52279876e+02,6.30654448e-04,3.10137494e-04
0.526171,3.47491037e+02,6.58952514e-04,3.23009983e-04
0.527265,3.42943741e+02,6.85655667e-04,3.35617982e-04
0.528359,3.38649771e+02,7.13855850e-04,3.47709026e-04
0.529453,3.34618712e+02,7.37518655e-04,3.59225162e-04
0.530547,3.30859216e+02,7.65389525e-04,3.69965153e-04
0.531641,3.27376424e+02,7.88997687e-04,3.79639551e-04
0.532735,3.24176634e+02,8.05151724e-04,3.88761676e-04
0.533828,3.21264067e+02,8.25151282e-04,3.96577530e-04
0.534922,3.18638500e+02,8.45822727e-04,4.02774903e-04
0.536016,3.16297758e+02,8.58720370e-04,4.07553405e-04
0.537110,3.14239106e+02,8.70809365e-04,4.10777879e-04
0.538204,3.12458375e+02,8.72149282e-04,4.12570905e-04
0.539298,3.10951329e+02,8.72135469e-04,4.12820484e-04
0.540392,3.09712721e+02,8.66167756e-04,4.11605452e-04
0.541486,3.08735291e+02,8.62630247e-04,4.08614997e-04
0.542580,3.08009265e+02,8.53295210e-04,4.03952070e-04
0.543674,3.07524985e+02,8.39326075e-04,3.97796252e-04
0.544768,3.07272128e+02,8.20039987e-04,3.90180212e-04
0.545861,3.07240562e+02,8.01810992e-04,3.81220798e-04
0.546955,3.07417151e+02,7.87518545e-04,3.70696095e-04
0.548049,3.07787084e+02,7.63283766e-04,3.58878890e-04
0.549143,3.08338001e+02,7.35784601e-04,3.46096988e-04
0.550237,3.09057808e+02,7.05842158e-04,3.32416998e-04
0.551331,3.09934446e+02,6.72596227e-04,3.17978082e-04
0.552425,3.10956422e+02,6.39527899e-04,3.02942788e-04
0.553519,3.12112328e+02,6.05138841e-04,2.87430344e-04
0.554613,3.13390537e+02,5.73252857e-04,2.71539618e-04
0.555707,3.14779457e+02,5.38752688e-04,2.55391756e-04
0.556801,3.16268679e+02,5.02575759e-04,2.39159713e-04
0.557894,3.17848213e+02,4.67835657e-04,2.22955884e-04
0.558988,3.19508189e+02,4.33236381e-04,2.06854750e-04
0.560082,3.21239073e+02,4.02469379e-04,1.91014080e-04
0.561176,3.23031499e+02,3.68058925e-04,1.75382706e-04
0.562270,3.24877024e+02,3.36871132e-04,1.60193894e-04
0.563364,3.26767729e+02,3.05242093e-04,1.45463347e-04
0.564458,3.28696133e+02,2.75577045e-04,1.31291465e-04
0.565552,3.30655119e+02,2.47581485e-04,1.17756572e-04
0.566646,3.32638187e+02,2.19229518e-04,1.04879978e-04
0.567740,3.34639146e+02,1.95164008e-04,9.28644126e-05
0.568834,3.36651950e+02,1.70332003e-04,8.16268636e-05
0.569927,3.38671211e+02,1.49493229e-04,7.14866393e-05
0.571021,3.40691533e+02,1.31175607e-04,6.24995866e-05
0.572115,3.42707891e+02,1.13825753e-04,5.48027783e-05
0.573209,3.44715753e+02,1.00844099e-04,4.88026568e-05
0.574303,3.46710726e+02,9.20912531e-05,4.47069810e-05
0.575397,3.48688419e+02,8.75335302e-05,4.25836218e-05
0.576491,3.50644753e+02,8.65811586e-05,4.24404085e-05
0.577585,3.52576008e+02,8.91718193e-05,4.40217974e-05
0.578679,3.54478690e+02,9.45585031e-05,4.68755744e-05
0.579773,3.56349472e+02,1.01936289e-04,5.05937592e-05
0.580867,3.58185295e+02,1.10479956e-04,5.48298276e-05
0.581961,3.59983323e+02,1.19650613e-04,5.93888166e-05
0.583054,3.61740956e+02,1.29295789e-04,6.40977292e-05
0.584148,3.63455843e+02,1.38788471e-04,6.88320333e-05
0.585242,3.65125793e+02,1.48355214e-04,7.35359555e-05
0.586336,3.66748888e+02,1.58195598e-04,7.82326405e-05
0.587430,3.68323478e+02,1.67400796e-04,8.28218833e-05
0.588524,3.69848097e+02,1.76657176e-04,8.73376075e-05
0.589618,3.71321520e+02,1.85461777e-04,9.17330556e-05
0.590712,3.72742765e+02,1.94568824e-04,9.61101064e-05
0.591806,3.74111094e+02,2.03131111e-04,1.00353029e-04
0.592900,3.75425980e+02,2.11775642e-04,1.04555144e-04
0.593994,3.76687116e+02,2.20112485e-04,1.08658617e-04
0.595087,3.77894390e+02,2.28323034e-04,1.12689758e-04
0.596181,3.79047876e+02,2.36333738e-04,1.16635255e-04
0.597275,3.80147826e+02,2.44271224e-04,1.20514541e-04
0.598369,3.81194686e+02,2.52032510e-04,1.24325212e-04
0.599463,3.82189067e+02,2.59649002e-04,1.28060433e-04
0.600557,3.83131743e+02,2.67196751e-04,1.31741227e-04
0.601651,3.84023604e+02,2.74388808e-04,1.35305164e-04
0.602745,3.84865691e+02,2.81588371e-04,1.38829667e-04
0.603839,3.85659167e+02,2.88591015e-04,1.42261927e-04
0.604933,3.86405290e+02,2.95473644e-04,1.45624467e-04
0.606027,3.87105446e+02,3.02191209e-04,1.48920197e-04
0.607120,3.87761145e+02,3.08805966e-04,1.52148152e-04
0.608214,3.88373953e+02,3.15230267e-04,1.55286818e-04
0.609308,3.88945506e+02,3.21457909e-04,1.58338595e-04
0.610402,3.89477532e+02,3.27595486e-04,1.61315970e-04
0.611496,3.89971786e+02,3.33636465e-04,1.64251797e-04
0.612590,3.90430160e+02,3.39405435e-04,1.67082152e-04
0.613684,3.90854536e+02,3.44974276e-04,1.69824446e-04
0.614778,3.91246850e+02,3.50388186e-04,1.72500509e-04
0.615872,3.91609074e+02,3.55862307e-04,1.75116964e-04
0.616966,3.91943178e+02,3.61086071e-04,1.77635265e-04
0.618060,3.92251182e+02,3.66070551e-04,1.80093713e-04
0.619153,3.92535153e+02,3.71015211e-04,1.82465663e-04
0.620247,3.92797090e+02,3.75713536e-04,1.84735758e-04
0.621341,3.93039033e+02,3.80300995e-04,1.86975726e-04
0.622435,3.93263093e+02,3.84727271e-04,1.89135754e-04
0.623529,3.93471361e+02,3.89013420e-04,1.91270223e-04
0.624623,3.93665911e+02,3.93346892e-04,1.93268749e-04
0.625717,3.93848699e+02,3.97401687e-04,1.95190471e-04
0.626811,3.94021683e+02,4.01233434e-04,1.97081668e-04
0.627905,3.94186963e+02,4.04923608e-04,1.98917916e-04
0.628999,3.94346523e+02,4.08928104e-04,2.00629669e-04
0.630093,3.94502041e+02,4.12449224e-04,2.02273755e-04
0.631186,3.94655399e+02,4.15743713e-04,2.03860599e-04
0.632280,3.94808441e+02,4.19015752e-04,2.05380895e-04
0.633374,3.94962985e+02,4.21709276e-04,2.06867563e-04
0.634468,3.95121057e+02,4.24632958e-04,2.08300873e-04
0.635562,3.95284344e+02,4.27851566e-04,2.09631406e-04
0.636656,3.95454248e+02,4.30662153e-04,2.10879114e-04
0.637750,3.95632206e+02,4.33607368e-04,2.12040694e-04
0.638844,3.95819578e+02,4.36258313e-04,2.13142584e-04
0.639938,3.96017958e+02,4.37623859e-04,2.14236476e-04
0.641032,3.96229133e+02,4.39903887e-04,2.15294450e-04
0.642126,3.96454421e+02,4.42631729e-04,2.16237229e-04
0.643220,3.96694836e+02,4.44594392e-04,2.17111892e-04
0.644313,3.96951648e+02,4.46214581e-04,2.17957991e-04
0.645407,3.97226122e+02,4.47717289e-04,2.18733257e-04
0.646501,3.97519335e+02,4.49797522e-04,2.19450214e-04
0.647595,3.97832195e+02,4.51420584e-04,2.20084323e-04
0.648689,3.98165438e+02,4.53083977e-04,2.20649034e-04
0.649783,3.98519966e+02,4.53804153e-04,2.21172921e-04
0.650877,3.98896801e+02,4.55608257e-04,2.21661762e-04
0.651971,3.99296384e+02,4.57650135e-04,2.22050128e-04
0.653065,3.99719148e+02,4.57949379e-04,2.22371805e-04
0.654159,4.00165585e+02,4.58664418e-04,2.22633138e-04
0.655253,4.00636396e+02,4.58883077e-04,2.22875269e-04
0.656346,4.01132141e+02,4.59967106e-04,2.23055398e-04
0.657440,4.01653221e+02,4.59877617e-04,2.23182702e-04
0.658534,4.02199819e+02,4.61639641e-04,2.23230352e-04
0.659628,4.02771777e+02,4.61337576e-04,2.23187977e-04
0.660722,4.03369209e+02,4.62297747e-04,2.23106655e-04
0.661816,4.03992229e+02,4.61248667e-04,2.22973006e-04
0.662910,4.04640626e+02,4.62976340e-04,2.22756443e-04
0.664004,4.05313952e+02,4.62766710e-04,2.22463011e-04
0.665098,4.06012236e+02,4.61423350e-04,2.22131557e-04
0.666192,4.06735668e+02,4.60767139e-04,2.21795040e-04
0.667286,4.07484344e+02,4.60241370e-04,2.21412845e-04
0.668379,4.08257715e+02,4.59928403e-04,2.20936245e-04
0.669473,4.09055570e+02,4.58139306e-04,2.20411968e-04
0.670567,4.09878104e+02,4.54106228e-04,2.19857722e-04
0.671661,4.10725557e+02,4.54749210e-04,2.19338137e-04
0.672755,4.11596906e+02,4.55374839e-04,2.18662603e-04
0.673849,4.12491199e+02,4.52336432e-04,2.17878192e-04
0.674943,4.13408304e+02,4.50740483e-04,2.17115902e-04
0.676037,4.14347941e+02,4.48208637e-04,2.16319072e-04
0.677131,4.15309952e+02,4.46949415e-04,2.15514784e-04
0.678225,4.16293760e+02,4.44720049e-04,2.14633296e-04
0.679319,4.17298370e+02,4.45284917e-04,2.13681082e-04
0.680412,4.18322736e+02,4.42395677e-04,2.12639393e-04
0.681506,4.19366255e+02,4.41340569e-04,2.11588905e-04
0.682600,4.20428086e+02,4.39193266e-04,2.10478164e-04
0.683694,4.21507277e+02,4.35990095e-04,2.09284232e-04
0.684788,4.22603362e+02,4.32873640e-04,2.08091814e-04
0.685882,4.23715886e+02,4.30294054e-04,2.06884366e-04
0.686976,4.24843761e+02,4.29063701e-04,2.05594735e-04
0.688070,4.25985465e+02,4.26908499e-04,2.04221456e-04
0.689164,4.27140366e+02,4.22924245e-04,2.02838173e-04
0.690258,4.28308268e+02,4.18434838e-04,2.01455363e-04
0.691352,4.29488702e+02,4.15655486e-04,2.00054628e-04
0.692445,4.30680676e+02,4.13760751e-04,1.98608510e-04
0.693539,4.31883007e+02,4.09762969e-04,1.97064521e-04
0.694633,4.33094961e+02,4.08339509e-04,1.95556605e-04
0.695727,4.34315362e+02,4.04228735e-04,1.93943120e-04
0.696821,4.35542935e+02,4.03084542e-04,1.92303576e-04
0.697915,4.36776472e+02,3.98571081e-04,1.90591458e-04
0.699009,4.38015243e+02,3.94514767e-04,1.88878963e-04
0.700103,4.39258696e+02,3.88869945e-04,1.87142096e-04
0.701197,4.40506256e+02,3.86107943e-04,1.85432528e-04
0.702291,4.41756607e+02,3.84169132e-04,1.83655129e-04
0.703385,4.43008803e+02,3.76797634e-04,1.81782817e-04
0.704479,4.44262865e+02,3.73474988e-04,1.80026795e-04
0.705572,4.45517800e+02,3.68622077e-04,1.78179854e-04
0.706666,4.46772561e+02,3.67161428e-04,1.76346130e-04
0.707760,4.48025728e+02,3.63243127e-04,1.74410809e-04
0.708854,4.49276303e+02,3.58177499e-04,1.72447648e-04
0.709948,4.50523684e+02,3.54543936e-04,1.70518130e-04
0.711042,4.51766603e+02,3.51935254e-04,1.68544702e-04
0.712136,4.53003940e+02,3.46206368e-04,1.66500548e-04
0.713230,4.54235374e+02,3.42216233e-04,1.64534669e-04
0.714324,4.55460020e+02,3.36869347e-04,1.62496066e-04
0.715418,4.56677167e+02,3.33197387e-04,1.60484017e-04
0.716512,4.57885905e+02,3.28599512e-04,1.58437599e-04
0.717605,4.59085530e+02,3.22436449e-04,1.56361024e-04
0.718699,4.60275485e+02,3.20002598e-04,1.54340016e-04
0.719793,4.61454266e+02,3.16144399e-04,1.52223121e-04
0.720887,4.62620815e+02,3.12733469e-04,1.50111073e-04
0.721981,4.63774222e+02,3.07650082e-04,1.47964215e-04
0.723075,4.64913819e+02,3.02334450e-04,1.45827650e-04
0.724169,4.66038705e+02,2.98857393e-04,1.43688753e-04
0.725263,4.67147851e+02,2.94281833e-04,1.41524910e-04
0.726357,4.68240765e+02,2.87643407e-04,1.39357810e-04
0.727451,4.69317164e+02,2.82756857e-04,1.37240293e-04
0.728545,4.70376103e+02,2.79175201e-04,1.35098802e-04
0.729638,4.71416581e+02,2.74845017e-04,1.32933429e-04
0.730732,4.72437637e+02,2.70979155e-04,1.30756813e-04
0.731826,4.73438378e+02,2.65719345e-04,1.28557427e-04
0.732920,4.74418027e+02,2.62058016e-04,1.26382908e-04
0.734014,4.75375880e+02,2.57028089e-04,1.24201336e-04
0.735108,4.76311135e+02,2.52248126e-04,1.22011806e-04
0.736202,4.77223072e+02,2.47514508e-04,1.19831664e-04
0.737296,4.78110922e+02,2.44862440e-04,1.17679103e-04
0.738390,4.78973557e+02,2.39759596e-04,1.15458736e-04
0.739484,4.79810213e+02,2.35611301e-04,1.13269330e-04
0.740578,4.80620179e+02,2.30195846e-04,1.11070610e-04
0.741671,4.81402975e+02,2.25380852e-04,1.08908997e-04
0.742765,4.82157816e+02,2.21807132e-04,1.06751680e-04
0.743859,4.82883849e+02,2.16122407e-04,1.04557681e-04
0.744953,4.83580477e+02,2.12450484e-04,1.02417748e-04
0.746047,4.84246841e+02,2.07617760e-04,1.00249706e-04
0.747141,4.84882294e+02,2.03246374e-04,9.81126056e-05
0.748235,4.85486155e+02,1.99599001e-04,9.59893497e-05
0.749329,4.86057544e+02,1.95545598e-04,9.38498240e-05
0.750423,4.86595654e+02,1.90574741e-04,9.17009410e-05
0.751517,4.87099835e+02,1.86587655e-04,8.95891050e-05
0.752611,4.87569353e+02,1.81484876e-04,8.74627404e-05
0.753704,4.88003751e+02,1.76071202e-04,8.53720018e-05
0.754798,4.88402595e+02,1.71068926e-04,8.33125323e-05
0.755892,4.88765233e+02,1.67889417e-04,8.12823298e-05
0.756986,4.89090829e+02,1.64143666e-04,7.92441209e-05
0.758080,4.89378677e+02,1.59311346e-04,7.71958125e-05
0.759174,4.89628145e+02,1.55142353e-04,7.51749730e-05
0.760268,4.89838565e+02,1.51025725e-04,7.31746022e-05
0.761362,4.90009266e+02,1.46904672e-04,7.11865415e-05
0.762456,4.90139582e+02,1.43251039e-04,6.92240350e-05
0.763550,4.90228806e+02,1.39351819e-04,6.72671589e-05
0.764644,4.90276272e+02,1.35920741e-04,6.59791371e-05
0.765738,4.90281342e+02,1.31104738e-04,6.34073555e-05
0.766831,4.90243402e+02,1.27207070e-04,6.15079594e-05
0.767925,4.90161781e+02,1.24032152e-04,5.96424736e-05
0.769019,4.90035795e+02,1.20362929e-04,5.77774381e-05
0.770113,4.89864800e+02,1.15894322e-04,5.59177642e-05
0.771207,4.89648248e+02,1.11800258e-04,5.40936403e-05
0.772301,4.89385557e+02,1.08168212e-04,5.23014015e-05
0.773395,4.89076082e+02,1.05045882e-04,5.05370582e-05
0.774489,4.88719153e+02,1.01369320e-04,4.87763178e-05
0.775583,4.88314193e+02,9.79322848e-05,4.70482808e-05
0.776677,4.87860636e+02,9.38415627e-05,4.53252232e-05
0.777771,4.87357916e+02,9.06219594e-05,4.36462558e-05
0.778864,4.86805443e+02,8.69937344e-05,4.19776704e-05
0.779958,4.86202670e+02,8.38536238e-05,4.03468390e-05
0.781052,4.85549037e+02,8.01423712e-05,3.87199465e-05
0.782146,4.84844005e+02,7.69471361e-05,3.71331258e-05
0.783240,4.84086998e+02,7.35833428e-05,3.55612377e-05
0.784334,4.83277481e+02,7.04755709e-05,3.40228796e-05
0.785428,4.82414941e+02,6.71532692e-05,3.25035568e-05
0.786522,4.81498880e+02,6.42870013e-05,3.10250336e-05
0.787616,4.80528797e+02,6.13474879e-05,2.95709642e-05
0.788710,4.79504218e+02,5.83627229e-05,2.81430362e-05
0.789804,4.78424675e+02,5.53580967e-05,2.67411020e-05
0.790897,4.77289737e+02,5.24792612e-05,2.53786137e-05
0.791991,4.76098975e+02,4.97376248e-05,2.40542585e-05
0.793085,4.74851976e+02,4.70101623e-05,2.27714406e-05
0.794179,4.73548338e+02,4.40488178e-05,2.15204235e-05
0.795273,4.72187691e+02,4.12598938e-05,2.03289818e-05
0.796367,4.70769670e+02,3.93031510e-05,1.92262237e-05
0.797461,4.69293932e+02,3.72726521e-05,1.81874067e-05
0.798555,4.67760172e+02,3.50401282e-05,1.72163874e-05
0.799649,4.66168088e+02,3.31353418e-05,1.63567051e-05
0.800743,4.64517407e+02,3.16557857e-05,1.56195946e-05
0.801837,4.62807891e+02,3.03195499e-05,1.50162659e-05
0.802930,4.61039318e+02,2.93767325e-05,1.45755441e-05
0.804024,4.59211500e+02,2.87517589e-05,1.43047029e-05
0.805118,4.57324268e+02,2.82915059e-05,1.42263096e-05
0.806212,4.55377479e+02,2.85315841e-05,1.43447432e-05
0.807306,4.53371021e+02,2.93374408e-05,1.46613609e-05
0.808400,4.51304837e+02,3.04790594e-05,1.51679564e-05
0.809494,4.49178884e+02,3.16169167e-05,1.58519278e-05
0.810588,4.46993127e+02,3.32247457e-05,1.67023031e-05
0.811682,4.44747580e+02,3.53649088e-05,1.76828551e-05
0.812776,4.42442327e+02,3.76926244e-05,1.87978572e-05
0.813870,4.40077436e+02,4.02757664e-05,2.00306986e-05
0.814964,4.37653030e+02,4.31796684e-05,2.13443441e-05
0.816057,4.35169300e+02,4.61987767e-05,2.27488136e-05
0.817151,4.32626440e+02,4.92787994e-05,2.42196575e-05
0.818245,4.30024730e+02,5.23114940e-05,2.57411663e-05
0.819339,4.27364506e+02,5.57180774e-05,2.73389843e-05
0.820433,4.24646066e+02,5.91411635e-05,2.89714671e-05
0.821527,4.21869781e+02,6.29014509e-05,3.06650556e-05
0.822621,4.19036090e+02,6.64979298e-05,3.23741314e-05
0.823715,4.16145502e+02,6.99468759e-05,3.41139381e-05
0.824809,4.13198584e+02,7.35753219e-05,3.58820122e-05
0.825903,4.10195920e+02,7.74680274e-05,3.76959689e-05
0.826997,4.07138100e+02,8.13224818e-05,3.95243773e-05
0.828090,4.04025785e+02,8.52314347e-05,4.13739567e-05
0.829184,4.00859749e+02,8.88581221e-05,4.32198483e-05
0.830278,3.97640846e+02,9.30260981e-05,4.51121640e-05
0.831372,3.94369886e+02,9.71313645e-05,4.70102614e-05
0.832466,3.91047798e+02,1.00777155e-04,4.88965508e-05
0.833560,3.87675666e+02,1.04523881e-04,5.07990780e-05
0.834654,3.84254530e+02,1.08993126e-04,5.27395474e-05
0.835748,3.80785399e+02,1.13059952e-04,5.46673153e-05
0.836842,3.77269434e+02,1.17017332e-04,5.65951493e-05
0.837936,3.73707966e+02,1.20747285e-04,5.85204753e-05
0.839030,3.70102353e+02,1.25294476e-04,6.04761015e-05
0.840123,3.66453896e+02,1.29816612e-04,6.24298877e-05
0.841217,3.62764010e+02,1.33919423e-04,6.43691661e-05
0.842311,3.59034284e+02,1.37532301e-04,6.62942859e-05
0.843405,3.55266362e+02,1.42102948e-04,6.82425540e-05
0.844499,3.51461922e+02,1.45857979e-04,7.01664399e-05
0.845593,3.47622805e+02,1.49950497e-04,7.20950994e-05
0.846687,3.43750952e+02,1.54322397e-04,7.40216579e-05
0.847781,3.39848182e+02,1.58211483e-04,7.59283247e-05
0.848875,3.35916425e+02,1.62953167e-04,7.78411669e-05
0.849969,3.31957657e+02,1.66682377e-04,7.97217303e-05
0.851063,3.27974178e+02,1.70241356e-04,8.15918969e-05
0.852156,3.23968497e+02,1.72894883e-04,8.34438904e-05
0.853250,3.19943386e+02,1.76928588e-04,8.53070888e-05
0.854344,3.15901158e+02,1.82257223e-04,8.71552197e-05
0.855438,3.11844182e+02,1.85515896e-04,8.89508738e-05
0.856532,3.07775206e+02,1.89595125e-04,9.07388757e-05
0.857626,3.03696793e+02,1.93563208e-04,9.24946338e-05
0.858720,2.99611736e+02,1.97289552e-04,9.42218131e-05
0.859814,2.95522944e+02,2.01066427e-04,9.59176393e-05
0.860908,2.91433485e+02,2.03695380e-04,9.75728656e-05
0.862002,2.87346694e+02,2.07588152e-04,9.92085018e-05
0.863096,2.83265549e+02,2.11787334e-04,1.00789873e-04
0.864189,2.79193238e+02,2.15411446e-04,1.02319725e-04
0.865283,2.75133023e+02,2.18273346e-04,1.03799177e-04
0.866377,2.71088429e+02,2.21103935e-04,1.05228556e-04
0.867471,2.67062896e+02,2.24400606e-04,1.06595373e-04
0.868565,2.63059871e+02,2.26997004e-04,1.07900326e-04
0.869659,2.59083090e+02,2.30163362e-04,1.09137069e-04
0.870753,2.55136030e+02,2.32726139e-04,1.10298625e-04
0.871847,2.51222722e+02,2.34529586e-04,1.11395258e-04
0.872941,2.47347112e+02,2.36911322e-04,1.12403361e-04
0.874035,2.43512786e+02,2.40028137e-04,1.13312798e-04
0.875129,2.39723504e+02,2.42419302e-04,1.14127577e-04
0.876223,2.35983331e+02,2.43770956e-04,1.14843491e-04
0.877316,2.32296460e+02,2.44849221e-04,1.15459591e-04
0.878410,2.28666648e+02,2.46590286e-04,1.15959750e-04
0.879504,2.25097948e+02,2.48593375e-04,1.16352935e-04
0.880598,2.21593630e+02,2.50110505e-04,1.16597400e-04
0.881692,2.18157248e+02,2.50480073e-04,1.16724890e-04
0.882786,2.14792493e+02,2.50995272e-04,1.16715497e-04
0.883880,2.11503050e+02,2.51110433e-04,1.16572196e-04
0.884974,2.08292352e+02,2.51400477e-04,1.16289351e-04
0.886068,2.05163768e+02,2.52412913e-04,1.15853971e-04
0.887162,2.02120629e+02,2.49827351e-04,1.15272229e-04
0.888256,1.99167418e+02,2.48892341e-04,1.14578676e-04
0.889349,1.96307253e+02,2.47790299e-04,1.13701121e-04
0.890443,1.93542998e+02,2.48506708e-04,1.12670799e-04
0.891537,1.90876294e+02,2.47444706e-04,1.11450625e-04
0.892631,1.88309474e+02,2.41874597e-04,1.10103422e-04
0.893725,1.85846476e+02,2.39650542e-04,1.08675497e-04
0.894819,1.83489846e+02,2.34879694e-04,1.07084500e-04
0.895913,1.81241226e+02,2.34845110e-04,1.05320735e-04
0.897007,1.79100972e+02,2.30273566e-04,1.03384288e-04
0.898101,1.77072324e+02,2.20576234e-04,1.01495453e-04
0.899195,1.75157443e+02,2.22255302e-04,9.94522489e-05
0.900289,1.73355651e+02,2.17570072e-04,9.72359652e-05
0.901382,1.71667199e+02,2.10511576e-04,9.49349231e-05
0.902476,1.70091734e+02,2.10111192e-04,9.25409994e-05
0.903570,1.68628034e+02,2.00679515e-04,9.00545736e-05
0.904664,1.67276909e+02,1.95494982e-04,8.76848618e-05
0.905758,1.66037107e+02,1.91026271e-04,8.51817828e-05
0.906852,1.64906997e+02,1.85353142e-04,8.26824985e-05
0.907946,1.63885313e+02,1.75829565e-04,8.02562193e-05
0.909040,1.62969729e+02,1.75252144e-04,7.77683428e-05
0.910134,1.62157219e+02,1.67544920e-04,7.53634336e-05
0.911228,1.61445551e+02,1.62639621e-04,7.30684485e-05
0.912322,1.60830941e+02,1.56787240e-04,7.07069807e-05
0.913415,1.60309647e+02,1.54152606e-04,6.84855715e-05
0.914509,1.59877942e+02,1.48011146e-04,6.64134623e-05
0.915603,1.59531874e+02,1.43541598e-04,6.43924837e-05
0.916697,1.59266739e+02,1.38938345e-04,6.23959869e-05
0.917791,1.59077932e+02,1.32843317e-04,6.05297413e-05
0.918885,1.58960846e+02,1.27987682e-04,5.87566183e-05
0.919979,1.58910120e+02,1.25566304e-04,5.69409042e-05
0.921073,1.58920242e+02,1.21597277e-04,5.51745802e-05
0.922167,1.58985674e+02,1.15304762e-04,5.33891038e-05
0.923261,1.59100995e+02,1.11755293e-04,5.16425796e-05
0.924355,1.59260201e+02,1.08610568e-04,4.97616667e-05
0.925448,1.59457395e+02,1.03552688e-04,4.78729988e-05
0.926542,1.59686696e+02,9.88113191e-05,4.59062548e-05
0.927636,1.59942078e+02,9.53018966e-05,4.38445651e-05
0.928730,1.60217459e+02,9.05947742e-05,4.17134849e-05
0.929824,1.60506969e+02,8.50825905e-05,3.95460291e-05
0.930918,1.60804887e+02,7.94696644e-05,3.73419595e-05
0.932012,1.61105443e+02,7.46289839e-05,3.50723347e-05
0.933106,1.61402993e+02,6.94711029e-05,3.27823324e-05
0.934200,1.61692031e+02,6.42708727e-05,3.04533272e-05
0.935294,1.61967239e+02,5.94968023e-05,2.81040703e-05
0.936388,1.62223474e+02,5.40961227e-05,2.57003937e-05
0.937482,1.62455807e+02,4.84346990e-05,2.32428317e-05
0.938575,1.62659520e+02,4.33326590e-05,2.07371904e-05
0.939669,1.62830125e+02,3.79979986e-05,1.81508173e-05
0.940763,1.62963379e+02,3.23242332e-05,1.54615278e-05
0.941857,1.63055274e+02,2.61881791e-05,1.26942061e-05
0.942951,1.63102038e+02,2.02024737e-05,9.99546726e-06
0.944045,1.63100146e+02,1.57637704e-05,7.84013198e-06
0.945139,1.63046330e+02,1.41380832e-05,7.14403986e-06
0.946233,1.62937560e+02,1.73550017e-05,8.67580099e-06
0.947327,1.62771056e+02,2.41127335e-05,1.18176303e-05
0.948421,1.62544311e+02,3.24897276e-05,1.57413218e-05
0.949515,1.62255090e+02,4.14712046e-05,2.00198948e-05
0.950608,1.61901433e+02,5.05592696e-05,2.44111367e-05
0.951702,1.61481658e+02,5.98084451e-05,2.88302406e-05
0.952796,1.60994377e+02,6.86456808e-05,3.31252288e-05
0.953890,1.60438531e+02,7.75438669e-05,3.73174780e-05
0.954984,1.59813340e+02,8.59897280e-05,4.13193994e-05
0.956078,1.59118354e+02,9.37596877e-05,4.50622670e-05
0.957172,1.58353418e+02,1.01565172e-04,4.86573448e-05
0.958266,1.57518701e+02,1.08595537e-04,5.19737444e-05
0.959360,1.56614668e+02,1.14908151e-04,5.50711535e-05
0.960454,1.55642094e+02,1.21109293e-04,5.79836505e-05
0.961548,1.54602021e+02,1.27201282e-04,6.07295516e-05
0.962641,1.53495768e+02,1.32700949e-04,6.32886133e-05
0.963735,1.52324907e+02,1.37941321e-04,6.56649988e-05
0.964829,1.51091270e+02,1.42618258e-04,6.78615074e-05
0.965923,1.49796899e+02,1.47401092e-04,6.99030299e-05
0.967017,1.48444014e+02,1.50989498e-04,7.17504212e-05
0.968111,1.47035153e+02,1.54751668e-04,7.34574337e-05
0.969205,1.45572936e+02,1.58834473e-04,7.50342191e-05
0.970299,1.44060214e+02,1.61370022e-04,7.64069623e-05
0.971393,1.42500120e+02,1.64421431e-04,7.76497530e-05
0.972487,1.40895812e+02,1.66464336e-04,7.87133581e-05
0.973581,1.39250641e+02,1.68395450e-04,7.96357198e-05
0.974674,1.37568134e+02,1.69493528e-04,8.03994727e-05
0.975768,1.35852007e+02,1.70509876e-04,8.10236329e-05
0.976862,1.34105899e+02,1.72205688e-04,8.15224974e-05
0.977956,1.32333554e+02,1.72642635e-04,8.18667122e-05
0.979050,1.30538898e+02,1.73363077e-04,8.20769488e-05
0.980144,1.28725803e+02,1.72962507e-04,8.21355685e-05
0.981238,1.26898231e+02,1.72988948e-04,8.20852852e-05
0.982332,1.25060194e+02,1.72665219e-04,8.18995680e-05
0.983426,1.23215666e+02,1.71709492e-04,8.15810288e-05
0.984520,1.21368650e+02,1.71133291e-04,8.11533487e-05
0.985614,1.19523127e+02,1.70029207e-04,8.06028031e-05
0.986707,1.17683089e+02,1.68925839e-04,7.99388429e-05
0.987801,1.15852389e+02,1.67287352e-04,7.91546568e-05
0.988895,1.14034938e+02,1.65508950e-04,7.82619989e-05
0.989989,1.12234561e+02,1.63326546e-04,7.72683022e-05
0.991083,1.10455136e+02,1.60982606e-04,7.61694125e-05
0.992177,1.08700182e+02,1.58785894e-04,7.49767084e-05
0.993271,1.06973192e+02,1.55779362e-04,7.36837564e-05
0.994365,1.05277827e+02,1.53361820e-04,7.23161399e-05
0.995459,1.03617311e+02,1.49983683e-04,7.08461759e-05
0.996553,1.01994605e+02,1.47546998e-04,6.93174515e-05
0.997647,1.00412898e+02,1.43712558e-04,6.77064815e-05
0.998741,9.88753300e+01,1.40311411e-04,6.60457224e-05
0.999834,9.73845218e+01,1.37084420e-04,6.43315413e-05
1.000928,9.59429040e+01,1.33095151e-04,6.25834051e-05
1.002022,9.45527062e+01,1.30792860e-04,6.08231601e-05
1.003116,9.32158141e+01,1.27466639e-04,5.90372016e-05
1.004210,9.19339282e+01,1.23312613e-04,5.72550808e-05
1.005304,9.07087874e+01,1.19763071e-04,5.55091825e-05
1.006398,8.95420934e+01,1.16924914e-04,5.38289695e-05
1.007492,8.84348591e+01,1.13583680e-04,5.22011021e-05
1.008586,8.73877816e+01,1.10821657e-04,5.06660714e-05
1.009680,8.64014734e+01,1.07890376e-04,4.92517602e-05
1.010774,8.54762879e+01,1.05448598e-04,4.79697931e-05
1.011867,8.46127197e+01,1.03105581e-04,4.68728399e-05
1.012961,8.38105581e+01,1.01750131e-04,4.59132251e-05
1.014055,8.30692841e+01,1.00349771e-04,4.51304273e-05
1.015149,8.23885966e+01,9.90883459e-05,4.45544527e-05
1.016243,8.17672831e+01,9.92584093e-05,4.40884354e-05
1.017337,8.12039961e+01,9.80421410e-05,4.37942951e-05
1.018431,8.06975481e+01,9.72738811e-05,4.36367982e-05
1.019525,8.02462906e+01,9.76082466e-05,4.35872307e-05
1.020619,7.98484225e+01,9.68222079e-05,4.36312726e-05
1.021713,7.95022920e+01,9.74985376e-05,4.37729030e-05
1.022807,7.92057268e+01,9.72504570e-05,4.39234385e-05
1.023900,7.89565344e+01,9.81271973e-05,4.41044327e-05
1.024994,7.87523151e+01,9.95794035e-05,4.42820435e-05
1.026088,7.85904420e+01,9.79680167e-05,4.43850548e-05
1.027182,7.84686609e+01,9.85386307e-05,4.44873275e-05
1.028276,7.83844991e+01,9.98518756e-05,4.45398001e-05
1.029370,7.83354290e+01,9.88067168e-05,4.44997659e-05
1.030464,7.83191237e+01,9.78537936e-05,4.43842204e-05
1.031558,7.83331841e+01,9.71278381e-05,4.41839521e-05
1.032652,7.83752176e+01,9.65029898e-05,4.38979336e-05
1.033746,7.84428260e+01,9.59230271e-05,4.35191663e-05
1.034840,7.85334446e+01,9.42668945e-05,4.30127796e-05
1.035933,7.86447856e+01,9.31934730e-05,4.24362269e-05
1.037027,7.87747142e+01,9.27887709e-05,4.17941665e-05
1.038121,7.89207127e+01,8.91496748e-05,4.09841715e-05
1.039215,7.90809334e+01,8.77023885e-05,4.01582495e-05
1.040309,7.92533421e+01,8.53027403e-05,3.92247608e-05
1.041403,7.94359541e+01,8.35459361e-05,3.82201753e-05
1.042497,7.96269975e+01,8.09941484e-05,3.71625988e-05
1.043591,7.98247151e+01,7.82967803e-05,3.60217652e-05
1.044685,8.00275348e+01,7.48409118e-05,3.48370899e-05
1.045779,8.02339456e+01,7.27039086e-05,3.36129392e-05
1.046873,8.04423570e+01,7.01029575e-05,3.23374789e-05
1.047966,8.06512878e+01,6.75666917e-05,3.10229616e-05
1.049060,8.08594823e+01,6.42732707e-05,2.96897322e-05
1.050154,8.10658511e+01,6.15316064e-05,2.83446047e-05
1.051248,8.12692029e+01,5.84657738e-05,2.69628891e-05
1.052342,8.14684946e+01,5.56182764e-05,2.55837154e-05
1.053436,8.16627426e+01,5.23066038e-05,2.41886093e-05
1.054530,8.18511307e+01,4.92346814e-05,2.28138896e-05
1.055624,8.20327971e+01,4.64880382e-05,2.14374512e-05
1.056718,8.22069667e+01,4.38116567e-05,2.00856243e-05
1.057812,8.23729425e+01,4.06576829e-05,1.87394287e-05
1.058906,8.25301369e+01,3.76198571e-05,1.74277576e-05
1.060000,8.26780122e+01,3.46908804e-05,1.61474166e-05
1.061093,8.28160992e+01,3.20287689e-05,1.49157097e-05
1.062187,8.29439282e+01,2.97387854e-05,1.37279860e-05
1.063281,8.30610828e+01,2.70439354e-05,1.25895771e-05
1.064375,8.31672188e+01,2.48616276e-05,1.15185571e-05
1.065469,8.32619988e+01,2.26420756e-05,1.05189996e-05
1.066563,8.33451638e+01,2.06629042e-05,9.61138740e-06
1.067657,8.34165017e+01,1.92005657e-05,8.81595742e-06
1.068751,8.34758136e+01,1.74518694e-05,8.12089026e-06
1.069845,8.35229850e+01,1.62549672e-05,7.57178848e-06
1.070939,8.35579124e+01,1.54903406e-05,7.17345897e-06
1.072033,8.35805131e+01,1.48050410e-05,6.92498560e-06
1.073126,8.35907732e+01,1.46303563e-05,6.83690178e-06
1.074220,8.35886902e+01,1.47061390e-05,6.89269464e-06
1.075314,8.35742959e+01,1.50941738e-05,7.07372123e-06
1.076408,8.35476666e+01,1.56863187e-05,7.36020102e-06
1.077502,8.35089090e+01,1.64293973e-05,7.72016961e-06
1.078596,8.34581564e+01,1.73790780e-05,8.14520913e-06
1.079690,8.33955832e+01,1.83620230e-05,8.60164416e-06
1.080784,8.33213999e+01,1.93804732e-05,9.08099312e-06
1.081878,8.32358282e+01,2.04188779e-05,9.56814869e-06
1.082972,8.31391367e+01,2.15464004e-05,1.00734649e-05
1.084066,8.30316398e+01,2.25756243e-05,1.05777002e-05
1.085159,8.29136565e+01,2.36515112e-05,1.10687673e-05
1.086253,8.27855312e+01,2.47615823e-05,1.15631822e-05
1.087347,8.26476399e+01,2.59466317e-05,1.20589577e-05
1.088441,8.25003818e+01,2.70348542e-05,1.25456681e-05
1.089535,8.23441974e+01,2.81787669e-05,1.30347108e-05
1.090629,8.21795553e+01,2.93037845e-05,1.35225404e-05
1.091723,8.20069372e+01,3.03053934e-05,1.39951957e-05
1.092817,8.18268769e+01,3.13625035e-05,1.44792796e-05
1.093911,8.16399347e+01,3.24443338e-05,1.49660814e-05
1.095005,8.14466881e+01,3.35894664e-05,1.54645188e-05
1.096099,8.12477247e+01,3.47355257e-05,1.59585829e-05
1.097192,8.10436478e+01,3.59112649e-05,1.64682576e-05
1.098286,8.08350766e+01,3.71199742e-05,1.69907295e-05
1.099380,8.06226531e+01,3.83264593e-05,1.75141154e-05
1.100474,8.04070259e+01,3.94856177e-05,1.80491630e-05
1.101568,8.01888761e+01,4.07382484e-05,1.86011569e-05
1.102662,7.99688828e+01,4.21261148e-05,1.91698851e-05
1.103756,7.97477153e+01,4.33591850e-05,1.97495303e-05
1.104850,7.95260836e+01,4.48321742e-05,2.03510527e-05
1.105944,7.93046462e+01,4.61868279e-05,2.09419164e-05
1.107038,7.90840466e+01,4.76110680e-05,2.15397859e-05
1.108132,7.88649975e+01,4.89768314e-05,2.21829624e-05
1.109225,7.86482275e+01,5.04757004e-05,2.28237832e-05
1.110319,7.84343696e+01,5.18681495e-05,2.34437644e-05
1.111413,7.82241214e+01,5.35284350e-05,2.41192467e-05
1.112507,7.80180928e+01,5.50357233e-05,2.47761785e-05
1.113601,7.78169090e+01,5.65908501e-05,2.54407222e-05
1.114695,7.76211685e+01,5.83943229e-05,2.61155700e-05
1.115789,7.74313964e+01,5.96608163e-05,2.67868280e-05
1.116883,7.72482250e+01,6.14339592e-05,2.74856807e-05
1.117977,7.70721521e+01,6.33825309e-05,2.81594984e-05
1.119071,7.69036427e+01,6.47712576e-05,2.88614662e-05
1.120165,7.67432460e+01,6.66101548e-05,2.95694089e-05
1.121259,7.65913942e+01,6.82091009e-05,3.02492365e-05
1.122352,7.64485087e+01,7.02973911e-05,3.09325676e-05
1.123446,7.63148911e+01,7.15697044e-05,3.16328350e-05
1.124540,7.61909791e+01,7.34550456e-05,3.23164849e-05
1.125634,7.60770697e+01,7.49946733e-05,3.29832288e-05
1.126728,7.59734529e+01,7.68766999e-05,3.36582132e-05
1.127822,7.58803896e+01,7.86023005e-05,3.43190201e-05
1.128916,7.57980859e+01,8.02106085e-05,3.49676931e-05
1.130010,7.57267435e+01,8.21142521e-05,3.55944218e-05
1.131104,7.56664573e+01,8.35988360e-05,3.62092648e-05
1.132198,7.56173284e+01,8.52374365e-05,3.67933525e-05
1.133292,7.55794746e+01,8.71363683e-05,3.73937132e-05
1.134385,7.55527989e+01,8.85767130e-05,3.79306781e-05
1.135479,7.55373857e+01,8.91622982e-05,3.84880291e-05
1.136573,7.55332733e+01,9.12944250e-05,3.90346417e-05
1.137667,7.55402382e+01,9.34386306e-05,3.95203799e-05
1.138761,7.55580414e+01,9.46560902e-05,3.99610181e-05
1.139855,7.55865901e+01,9.61402733e-05,4.03925072e-05
1.140949,7.56256342e+01,9.67752473e-05,4.07758714e-05
1.142043,7.56752519e+01,9.71340295e-05,4.11854140e-05
1.143137,7.57356262e+01,9.76870027e-05,4.15812592e-05
1.144231,7.58064588e+01,9.99835451e-05,4.18735697e-05
1.145325,7.58872105e+01,1.00547086e-04,4.21610464e-05
1.146418,7.59777069e+01,1.00796082e-04,4.24219225e-05
1.147512,7.60777701e+01,1.02334849e-04,4.26576328e-05
1.148606,7.61869634e+01,1.02693560e-04,4.28225257e-05
1.149700,7.63051252e+01,1.03387345e-04,4.29995010e-05
1.150794,7.64319322e+01,1.02978763e-04,4.31171211e-05
1.151888,7.65673231e+01,1.04193262e-04,4.32401220e-05
1.152982,7.67107883e+01,1.04899820e-04,4.33019460e-05
1.154076,7.68618293e+01,1.05435834e-04,4.33053553e-05
1.155170,7.70200066e+01,1.05149710e-04,4.32788669e-05
1.156264,7.71849742e+01,1.05298121e-04,4.32121399e-05
1.157358,7.73563339e+01,1.04451388e-04,4.31095796e-05
1.158451,7.75339932e+01,1.04127305e-04,4.30263540e-05
1.159545,7.77175975e+01,1.04482789e-04,4.28696817e-05
1.160639,7.79065469e+01,1.03890937e-04,4.26633838e-05
1.161733,7.81003699e+01,1.04131894e-04,4.24448493e-05
1.162827,7.82986399e+01,1.04263793e-04,4.22138981e-05
1.163921,7.85010298e+01,1.03026889e-04,4.19434427e-05
1.165015,7.87071236e+01,1.02953997e-04,4.16040799e-05
1.166109,7.89164826e+01,1.00897400e-04,4.12506098e-05
1.167203,7.91291359e+01,1.00442395e-04,4.09357227e-05
1.168297,7.93447048e+01,9.90206347e-05,4.05300522e-05
1.169391,7.95628959e+01,9.87653874e-05,4.01294227e-05
1.170484,7.97832978e+01,9.74837152e-05,3.96988913e-05
1.171578,8.00056120e+01,9.60723472e-05,3.92362095e-05
1.172672,8.02298604e+01,9.47414368e-05,3.88268404e-05
1.173766,8.04555801e+01,9.37728007e-05,3.83034111e-05
1.174860,8.06822753e+01,9.29521580e-05,3.77804854e-05
1.175954,8.09097679e+01,9.10893671e-05,3.72870120e-05
1.177048,8.11377079e+01,9.01551462e-05,3.67263282e-05
1.178142,8.13656010e+01,8.85294963e-05,3.61341424e-05
1.179236,8.15932904e+01,8.77305575e-05,3.55786793e-05
1.180330,8.18204359e+01,8.47675393e-05,3.49665868e-05
1.181424,8.20471126e+01,8.36898543e-05,3.44049838e-05
1.182518,8.22729815e+01,8.29607061e-05,3.37911171e-05
1.183611,8.24975013e+01,8.13031923e-05,3.31421833e-05
1.184705,8.27203641e+01,7.93947418e-05,3.24979233e-05
1.185799,8.29413604e+01,7.75438079e-05,3.18464340e-05
1.186893,8.31602875e+01,7.56484270e-05,3.11892129e-05
1.187987,8.33769331e+01,7.44862051e-05,3.05375531e-05
1.189081,8.35910092e+01,7.30070650e-05,2.98732507e-05
1.190175,8.38022950e+01,7.06702264e-05,2.91929012e-05
1.191269,8.40105802e+01,6.95555841e-05,2.85105186e-05
1.192363,8.42154983e+01,6.78141832e-05,2.78075764e-05
1.193457,8.44167714e+01,6.62276369e-05,2.71070328e-05
1.194551,8.46142985e+01,6.39488637e-05,2.64248137e-05
1.195644,8.48079244e+01,6.20102031e-05,2.57217484e-05
1.196738,8.49974475e+01,6.07348954e-05,2.50340049e-05
1.197832,8.51825673e+01,5.94437038e-05,2.43338623e-05
1.198926,8.53630238e+01,5.73353584e-05,2.36248252e-05
1.200020,8.55387188e+01,5.54737778e-05,2.29344061e-05
1.201114,8.57094668e+01,5.40061115e-05,2.22384807e-05
1.202208,8.58750602e+01,5.23266156e-05,2.15465106e-05
1.203302,8.60353121e+01,5.02907105e-05,2.08478267e-05
1.204396,8.61900721e+01,4.88998054e-05,2.01661814e-05
1.205490,8.63392415e+01,4.66714527e-05,1.94989210e-05
1.206584,8.64826794e+01,4.57881625e-05,1.88358365e-05
1.207677,8.66200573e+01,4.38732307e-05,1.81487484e-05
1.208771,8.67511524e+01,4.27020386e-05,1.74760461e-05
1.209865,8.68758068e+01,4.03656218e-05,1.68087628e-05
1.210959,8.69939822e+01,3.90371000e-05,1.61673957e-05
1.212053,8.71054448e+01,3.76853816e-05,1.55097749e-05
1.213147,8.72100216e+01,3.59435973e-05,1.48632393e-05
1.214241,8.73076210e+01,3.41811591e-05,1.42344212e-05
1.215335,8.73981286e+01,3.34295280e-05,1.36291919e-05
1.216429,8.74812322e+01,3.17253056e-05,1.29965236e-05
1.217523,8.75568080e+01,3.03223367e-05,1.23949757e-05
1.218617,8.76247029e+01,2.91735491e-05,1.18016808e-05
1.219710,8.76847769e+01,2.75686629e-05,1.12156284e-05
1.220804,8.77369248e+01,2.60841156e-05,1.06388681e-05
1.221898,8.77810051e+01,2.49502186e-05,1.00762139e-05
1.222992,8.78168888e+01,2.35325727e-05,9.52724075e-06
1.224086,8.78444708e+01,2.22983285e-05,8.99338288e-06
1.225180,8.78636465e+01,2.09312516e-05,8.47553618e-06
1.226274,8.78743237e+01,1.96197989e-05,7.97327008e-06
1.227368,8.78764042e+01,1.88404729e-05,7.50581102e-06
1.228462,8.78697502e+01,1.73987183e-05,7.03927877e-06
1.229556,8.78542782e+01,1.67029055e-05,6.61267795e-06
1.230650,8.78298543e+01,1.55609633e-05,6.19120345e-06
1.231743,8.77964118e+01,1.49477912e-05,5.81724990e-06
1.232837,8.77538209e+01,1.38575275e-05,5.45764037e-06
1.233931,8.77020195e+01,1.28872823e-05,5.14157708e-06
1.235025,8.76409817e+01,1.22992276e-05,4.87301902e-06
1.236119,8.75706192e+01,1.16990942e-05,4.63035546e-06
1.237213,8.74908780e+01,1.12315693e-05,4.44663601e-06
1.238307,8.74016757e+01,1.07163944e-05,4.30425763e-06
1.239401,8.73029383e+01,1.04217115e-05,4.21160520e-06
1.240495,8.71946094e+01,1.03688933e-05,4.17207418e-06
1.241589,8.70766357e+01,1.02574397e-05,4.18102172e-06
1.242683,8.69489867e+01,1.03441557e-05,4.24270992e-06
1.243777,8.68116211e+01,1.04899783e-05,4.34338033e-06
1.244870,8.66644699e+01,1.08878856e-05,4.48244690e-06
1.245964,8.65075157e+01,1.13189565e-05,4.65354837e-06
1.247058,8.63407608e+01,1.18362579e-05,4.86238348e-06
1.248152,8.61641989e+01,1.21688180e-05,5.07640561e-06
1.249246,8.59777988e+01,1.28790868e-05,5.31616103e-06
1.250340,8.57815511e+01,1.34124367e-05,5.56694731e-06
1.251434,8.55754626e+01,1.41752340e-05,5.82990808e-06
1.252528,8.53595302e+01,1.49667980e-05,6.11490035e-06
1.253622,8.51337466e+01,1.57641992e-05,6.39640969e-06
1.254716,8.48981082e+01,1.64695844e-05,6.68396981e-06
1.255810,8.46526268e+01,1.71870160e-05,6.97374061e-06
1.256903,8.43973362e+01,1.80808088e-05,7.27344879e-06
1.257997,8.41322794e+01,1.88903178e-05,7.57168967e-06
1.259091,8.38575023e+01,1.96652587e-05,7.87427777e-06
1.260185,8.35730799e+01,2.05283436e-05,8.18369309e-06
1.261279,8.32791020e+01,2.12865916e-05,8.48962657e-06
1.262373,8.29756552e+01,2.20310771e-05,8.79272029e-06
1.263467,8.26628102e+01,2.32294981e-05,9.11550415e-06
1.264561,8.23406166e+01,2.40369065e-05,9.42501608e-06
1.265655,8.20091665e+01,2.49473622e-05,9.73735137e-06
1.266749,8.16685824e+01,2.59204093e-05,1.00585780e-05
1.267843,8.13189898e+01,2.67025151e-05,1.03675227e-05
1.268936,8.09605207e+01,2.76793281e-05,1.06850230e-05
1.270030,8.05932945e+01,2.87211679e-05,1.10105422e-05
1.271124,8.02174580e+01,2.97615990e-05,1.13323033e-05
1.272218,7.98331479e+01,3.05271789e-05,1.16456274e-05
1.273312,7.94405332e+01,3.15608943e-05,1.19667222e-05
1.274406,7.90397726e+01,3.26503431e-05,1.22922172e-05
1.275500,7.86310309e+01,3.35262428e-05,1.26088127e-05
1.276594,7.82144699e+01,3.45537652e-05,1.29312780e-05
1.277688,7.77902895e+01,3.54985127e-05,1.32472828e-05
1.278782,7.73586898e+01,3.64993500e-05,1.35704908e-05
1.279876,7.69199005e+01,3.76403041e-05,1.38987033e-05
1.280969,7.64741301e+01,3.86806687e-05,1.42205015e-05
1.282063,7.60215614e+01,3.97399661e-05,1.45321590e-05
1.283157,7.55623617e+01,4.08527650e-05,1.48590576e-05
1.284251,7.50968228e+01,4.19687449e-05,1.51958929e-05
1.285345,7.46251819e+01,4.29881995e-05,1.55082816e-05
1.286439,7.41476969e+01,4.39851543e-05,1.58342275e-05
1.287533,7.36646110e+01,4.53123775e-05,1.61506499e-05
1.288627,7.31761070e+01,4.64916507e-05,1.64565559e-05
1.289721,7.26823621e+01,4.80364734e-05,1.67757952e-05
1.290815,7.21835563e+01,4.92776798e-05,1.70958657e-05
1.291909,7.16798812e+01,5.06845271e-05,1.73964913e-05
1.293002,7.11715087e+01,5.19754033e-05,1.76898517e-05
1.294096,7.06586822e+01,5.32692440e-05,1.79888969e-05
1.295190,7.01415647e+01,5.47670921e-05,1.82715869e-05
1.296284,6.96203645e+01,5.60482666e-05,1.85809952e-05
1.297378,6.90952850e+01,5.74475445e-05,1.88550660e-05
1.298472,6.85664890e+01,5.87631709e-05,1.91167394e-05
1.299566,6.80342148e+01,5.98713571e-05,1.93804845e-05
1.300660,6.74986639e+01,6.14828600e-05,1.96353957e-05
1.301754,6.69599882e+01,6.27788962e-05,1.98827229e-05
1.302848,6.64184629e+01,6.40121126e-05,2.01291768e-05
1.303942,6.58742960e+01,6.55837542e-05,2.03565322e-05
1.305036,6.53275628e+01,6.71963743e-05,2.05767055e-05
1.306129,6.47784365e+01,6.90288289e-05,2.08018160e-05
1.307223,6.42269377e+01,7.08754389e-05,2.10106653e-05
1.308317,6.36730158e+01,7.24281987e-05,2.11771679e-05
1.309411,6.31167268e+01,7.40279099e-05,2.13295264e-05
1.310505,6.25582692e+01,7.48047818e-05,2.14991945e-05
1.311599,6.19977425e+01,7.71208945e-05,2.16248940e-05
1.312693,6.14349709e+01,7.89195610e-05,2.17224053e-05
1.313787,6.08699742e+01,8.00595754e-05,2.18200397e-05
1.314881,6.03029001e+01,8.17241557e-05,2.19119962e-05
1.315975,5.97338210e+01,8.28000907e-05,2.19630216e-05
1.317069,5.91629190e+01,8.35969958e-05,2.19947474e-05
1.318162,5.85903329e+01,8.54851226e-05,2.20089368e-05
1.319256,5.80160060e+01,8.60397356e-05,2.19772753e-05
1.320350,5.74402782e+01,8.79225472e-05,2.19846572e-05
1.321444,5.68629948e+01,8.85679543e-05,2.18950163e-05
1.322538,5.62845461e+01,8.77657483e-05,2.18327251e-05
1.323632,5.57051983e+01,8.96545016e-05,2.17446082e-05
1.324726,5.51251141e+01,9.01773104e-05,2.16521909e-05
1.325820,5.45444178e+01,9.11485159e-05,2.14762952e-05
1.326914,5.39635639e+01,9.01598577e-05,2.13280725e-05
1.328008,5.33832503e+01,8.84857928e-05,2.11344450e-05
1.329102,5.28043820e+01,8.67521565e-05,2.09593347e-05
1.330195,5.22280599e+01,8.56743732e-05,2.08071111e-05
1.331289,5.16554366e+01,8.42325782e-05,2.06727872e-05
1.332383,5.10873188e+01,8.11245475e-05,2.04579057e-05
1.333477,5.05248363e+01,7.97602030e-05,2.03036278e-05
1.334571,4.99686097e+01,7.95156515e-05,2.01021476e-05
1.335665,4.94193181e+01,7.70179745e-05,1.99043688e-05
1.336759,4.88776293e+01,7.69421304e-05,1.96669093e-05
1.337853,4.83441274e+01,7.41077120e-05,1.94431124e-05
1.338947,4.78197148e+01,7.20407968e-05,1.92046384e-05
1.340041,4.73055199e+01,7.11046569e-05,1.90241542e-05
1.341135,4.68019926e+01,6.80066240e-05,1.87273768e-05
1.342228,4.63099471e+01,6.77957204e-05,1.84959143e-05
1.343322,4.58296729e+01,6.43420605e-05,1.81874850e-05
1.344416,4.53620296e+01,6.22005026e-05,1.79203924e-05
1.345510,4.49075609e+01,6.00271305e-05,1.76158169e-05
1.346604,4.44666181e+01,5.82610052e-05,1.72909066e-05
1.347698,4.40392094e+01,5.70916869e-05,1.69308752e-05
1.348792,4.36254301e+01,5.55873414e-05,1.65627815e-05
1.349886,4.32255316e+01,5.32205300e-05,1.61770646e-05
1.350980,4.28396869e+01,5.08649113e-05,1.57561871e-05
1.352074,4.24677841e+01,4.84782386e-05,1.52848968e-05
1.353168,4.21098307e+01,4.71607340e-05,1.48288163e-05
1.354261,4.17656234e+01,4.51193372e-05,1.43229896e-05
1.355355,4.14349554e+01,4.21823602e-05,1.37785491e-05
1.356449,4.11176855e+01,4.08778513e-05,1.32311279e-05
1.357543,4.08133775e+01,3.84157244e-05,1.26309436e-05
1.358637,4.05216807e+01,3.70558826e-05,1.20146480e-05
1.359731,4.02421411e+01,3.40731414e-05,1.13592820e-05
1.360825,3.99743925e+01,3.22584366e-05,1.06824034e-05
1.361919,3.97179502e+01,3.01601978e-05,9.98822394e-06
1.363013,3.94722998e+01,2.74093406e-05,9.25823723e-06
1.364107,3.92368323e+01,2.58880461e-05,8.51011152e-06
1.365201,3.90109417e+01,2.32169983e-05,7.75326625e-06
1.366295,3.87939871e+01,2.14034489e-05,6.97261845e-06
1.367388,3.85853343e+01,1.86396768e-05,6.19893381e-06
1.368482,3.83843667e+01,1.68036944e-05,5.43369685e-06
1.369576,3.81904002e+01,1.46804370e-05,4.70242257e-06
1.370670,3.80028140e+01,1.23352579e-05,4.02303323e-06
1.371764,3.78210098e+01,1.02857213e-05,3.44604463e-06
1.372858,3.76443652e+01,8.90777680e-06,3.03754010e-06
1.373952,3.74721738e+01,7.19479855e-06,2.85238729e-06
1.375046,3.73038767e+01,6.43094917e-06,2.94634035e-06
1.376140,3.71387137e+01,6.50884579e-06,3.27060596e-06
1.377234,3.69760482e+01,7.03894320e-06,3.75720267e-06
1.378328,3.68152349e+01,8.18504084e-06,4.33172114e-06
1.379421,3.66555961e+01,9.63044359e-06,4.95369809e-06
1.380515,3.64964676e+01,1.10551775e-05,5.58049866e-06
1.381609,3.63372052e+01,1.26746155e-05,6.20401084e-06
1.382703,3.61771879e+01,1.41625592e-05,6.80280626e-06
1.383797,3.60157987e+01,1.56869376e-05,7.37298563e-06
1.384891,3.58524437e+01,1.69818629e-05,7.90696958e-06
1.385985,3.56865403e+01,1.83278533e-05,8.40967690e-06
1.387079,3.55175601e+01,1.95066370e-05,8.88594164e-06
1.388173,3.53450153e+01,2.06603791e-05,9.33819806e-06
1.389267,3.51684700e+01,2.17713161e-05,9.77124612e-06
1.390361,3.49875548e+01,2.29051964e-05,1.01995681e-05
1.391454,3.48019913e+01,2.40040230e-05,1.06473979e-05
1.392548,3.46115809e+01,2.52455293e-05,1.11128879e-05
1.393642,3.44162205e+01,2.64924046e-05,1.16023402e-05
1.394736,3.42158900e+01,2.78098476e-05,1.21362717e-05
1.395830,3.40106698e+01,2.92193678e-05,1.27118195e-05
1.396924,3.38007379e+01,3.07946398e-05,1.33535850e-05
1.398018,3.35863745e+01,3.25344731e-05,1.40748264e-05
1.399112,3.33679273e+01,3.45953796e-05,1.48507968e-05
1.400206,3.31458176e+01,3.67000598e-05,1.57272628e-05
1.401300,3.29205781e+01,3.90453692e-05,1.66754227e-05
1.402394,3.26928180e+01,4.15006232e-05,1.77193138e-05
1.403487,3.24632147e+01,4.42764602e-05,1.88205894e-05
1.404581,3.22324693e+01,4.71750471e-05,2.00068902e-05
1.405675,3.20013621e+01,5.02851447e-05,2.12751857e-05
1.406769,3.17707270e+01,5.36040204e-05,2.26291706e-05
1.407863,3.15413900e+01,5.72354655e-05,2.40341051e-05
1.408957,3.13141846e+01,6.08049948e-05,2.55009335e-05
1.410051,3.10900555e+01,6.46132905e-05,2.70518063e-05
1.411145,3.08698507e+01,6.87476870e-05,2.86062322e-05
1.412239,3.06543957e+01,7.29380842e-05,3.02234572e-05
1.413333,3.04446103e+01,7.71057495e-05,3.19171531e-05
1.414427,3.02412783e+01,8.17815173e-05,3.35598814e-05
1.415520,3.00450696e+01,8.67466742e-05,3.52893438e-05
1.416614,2.98565163e+01,9.12019001e-05,3.69527633e-05
1.417708,2.96762206e+01,9.61098660e-05,3.86128454e-05
1.418802,2.95047306e+01,1.00275617e-04,4.02649963e-05
1.419896,2.93425085e+01,1.05086249e-04,4.18514940e-05
1.420990,2.91898773e+01,1.09797527e-04,4.33862323e-05
1.422084,2.90472563e+01,1.14272150e-04,4.48764180e-05
1.423178,2.89147279e+01,1.18696663e-04,4.62224490e-05
1.424272,2.87923072e+01,1.21770912e-04,4.74681591e-05
1.425366,2.86799260e+01,1.25989707e-04,4.85447832e-05
1.426460,2.85771668e+01,1.29861468e-04,4.94619789e-05
1.427554,2.84840655e+01,1.32696754e-04,5.02884229e-05
1.428647,2.84001980e+01,1.34346211e-04,5.08337243e-05
1.429741,2.83254183e+01,1.35645604e-04,5.12460385e-05
1.430835,2.82593413e+01,1.36356565e-04,5.14192136e-05
1.431929,2.82017430e+01,1.36804424e-04,5.14232206e-05
1.433023,2.81523346e+01,1.37098500e-04,5.11972731e-05
1.434117,2.81107955e+01,1.35676616e-04,5.07664403e-05
1.435211,2.80767126e+01,1.34046303e-04,5.01016847e-05
1.436305,2.80498055e+01,1.31380369e-04,4.92526296e-05
1.437399,2.80298488e+01,1.27903982e-04,4.82095789e-05
1.438493,2.80164922e+01,1.23864439e-04,4.69709049e-05
1.439587,2.80095972e+01,1.20687167e-04,4.55883926e-05
1.440680,2.80086940e+01,1.15846816e-04,4.40159221e-05
1.441774,2.80138121e+01,1.07827902e-04,4.23267210e-05
1.442868,2.80250928e+01,1.04437672e-04,4.05478000e-05
1.443962,2.80417583e+01,9.91715541e-05,3.86115803e-05
1.445056,2.80632345e+01,9.36964442e-05,3.65671064e-05
1.446150,2.80892016e+01,8.76181103e-05,3.44529240e-05
1.447244,2.81190301e+01,8.16002573e-05,3.22421005e-05
1.448338,2.81522316e+01,7.56459211e-05,2.99973639e-05
1.449432,2.81882874e+01,7.00156557e-05,2.77160836e-05
1.450526,2.82265857e+01,6.42382713e-05,2.54097849e-05
1.451620,2.82665189e+01,5.86059868e-05,2.30986833e-05
1.452713,2.83075406e+01,5.26478061e-05,2.07990454e-05
1.453807,2.83490946e+01,4.66595691e-05,1.85197166e-05
1.454901,2.83906225e+01,4.10276289e-05,1.62868428e-05
1.455995,2.84315978e+01,3.60602989e-05,1.41307924e-05
1.457089,2.84715103e+01,3.02614632e-05,1.20240891e-05
1.458183,2.85098851e+01,2.56239681e-05,1.00199483e-05
1.459277,2.85462199e+01,2.11663702e-05,8.12865524e-06
1.460371,2.85799936e+01,1.70498108e-05,6.34250517e-06
1.461465,2.86106950e+01,1.29621527e-05,4.68128996e-06
1.462559,2.86378586e+01,9.33287939e-06,3.18569733e-06
1.463653,2.86610120e+01,6.11235635e-06,1.93891459e-06
1.464746,2.86797338e+01,3.91165252e-06,1.31581733e-06
1.465840,2.86935414e+01,3.46027422e-06,1.72410730e-06
1.466934,2.87019816e+01,4.85810936e-06,2.59117087e-06
1.468028,2.87046572e+01,6.87991254e-06,3.49809479e-06
1.469122,2.87011885e+01,8.88932678e-06,4.35290135e-06
1.470216,2.86912084e+01,1.06802257e-05,5.13509077e-06
1.471310,2.86743933e+01,1.24515598e-05,5.86690579e-06
1.472404,2.86504694e+01,1.40716750e-05,6.54434466e-06
1.473498,2.86192137e+01,1.55136364e-05,7.17593014e-06
1.474592,2.85804638e+01,1.70428493e-05,7.79314182e-06
1.475686,2.85341202e+01,1.84498442e-05,8.39149975e-06
1.476779,2.84801528e+01,1.98706581e-05,8.98473876e-06
1.477873,2.84186112e+01,2.13375046e-05,9.59783772e-06
1.478967,2.83496065e+01,2.27794248e-05,1.02078326e-05
1.480061,2.82733056e+01,2.43360014e-05,1.08532791e-05
1.481155,2.81899572e+01,2.58731734e-05,1.15140955e-05
1.482249,2.80998618e+01,2.74681934e-05,1.21917278e-05
1.483343,2.80033637e+01,2.91452809e-05,1.28971304e-05
1.484437,2.79008634e+01,3.08866041e-05,1.36313285e-05
1.485531,2.77928001e+01,3.26752715e-05,1.43816222e-05
1.486625,2.76796441e+01,3.44618480e-05,1.51369100e-05
1.487719,2.75619013e+01,3.62493653e-05,1.59149686e-05
1.488813,2.74401200e+01,3.81528437e-05,1.66985481e-05
1.489906,2.73148556e+01,4.00499271e-05,1.74738267e-05
1.491000,2.71866696e+01,4.19249066e-05,1.82557994e-05
1.492094,2.70561280e+01,4.38728752e-05,1.90150599e-05
1.493188,2.69238068e+01,4.57190979e-05,1.97836454e-05
1.494282,2.67903245e+01,4.75399548e-05,2.05362636e-05
1.495376,2.66562505e+01,4.93914938e-05,2.12469519e-05
1.496470,2.65221325e+01,5.12686648e-05,2.19460922e-05
1.497564,2.63885386e+01,5.29422711e-05,2.26302006e-05
1.498658,2.62560513e+01,5.47194822e-05,2.32824288e-05
1.499752,2.61251862e+01,5.63253333e-05,2.39136487e-05
1.500846,2.59964687e+01,5.81726253e-05,2.45037015e-05
1.501939,2.58703223e+01,5.95113308e-05,2.50672407e-05
1.503033,2.57472125e+01,6.12404713e-05,2.55755604e-05
1.504127,2.56274906e+01,6.24973323e-05,2.60484652e-05
1.505221,2.55115452e+01,6.37883474e-05,2.64791559e-05
1.506315,2.53997096e+01,6.51120627e-05,2.68670849e-05
1.507409,2.52922544e+01,6.61247726e-05,2.72069711e-05
1.508503,2.51894908e+01,6.73360346e-05,2.75162160e-05
1.509597,2.50916623e+01,6.84722900e-05,2.77695962e-05
1.510691,2.49988461e+01,6.90619556e-05,2.79513496e-05
1.511785,2.49112205e+01,6.99355965e-05,2.80929721e-05
1.512879,2.48288926e+01,7.00012368e-05,2.81827038e-05
1.513972,2.47520854e+01,7.02483381e-05,2.82339826e-05
1.515066,2.46808812e+01,7.15681297e-05,2.82196337e-05
1.516160,2.46150617e+01,7.16028863e-05,2.81662283e-05
1.517254,2.45545865e+01,7.19410935e-05,2.80359280e-05
1.518348,2.44992721e+01,7.17948795e-05,2.78385067e-05
1.519442,2.44491296e+01,7.12656954e-05,2.76208231e-05
1.520536,2.44040805e+01,6.99506460e-05,2.73283891e-05
1.521630,2.43641608e+01,7.01852512e-05,2.70080471e-05
1.522724,2.43291890e+01,6.94875837e-05,2.66430521e-05
1.523818,2.42990143e+01,6.85113920e-05,2.62228639e-05
1.524912,2.42735097e+01,6.69598999e-05,2.57569689e-05
1.526005,2.42526268e+01,6.61117503e-05,2.52621245e-05
1.527099,2.42361802e+01,6.42172670e-05,2.47227805e-05
1.528193,2.42240560e+01,6.32400324e-05,2.41568400e-05
1.529287,2.42162400e+01,6.10818576e-05,2.35846034e-05
1.530381,2.42127432e+01,5.89140420e-05,2.29752562e-05
1.531475,2.42133225e+01,5.84616715e-05,2.23366861e-05
1.532569,2.42177941e+01,5.56627090e-05,2.16940420e-05
1.533663,2.42261864e+01,5.44445196e-05,2.10327516e-05
1.534757,2.42382414e+01,5.28715704e-05,2.03541498e-05
1.535851,2.42537634e+01,5.04446536e-05,1.96590356e-05
1.536945,2.42725389e+01,4.92873822e-05,1.89474483e-05
1.538038,2.42943833e+01,4.64732823e-05,1.82397308e-05
1.539132,2.43192307e+01,4.47245354e-05,1.75231333e-05
1.540226,2.43468744e+01,4.28070037e-05,1.68093134e-05
1.541320,2.43770979e+01,4.10054759e-05,1.60886028e-05
1.542414,2.44097223e+01,3.90003339e-05,1.53780126e-05
1.543508,2.44446491e+01,3.70647178e-05,1.46783756e-05
1.544602,2.44816479e+01,3.54502449e-05,1.39710521e-05
1.545696,2.45205155e+01,3.33671688e-05,1.32767061e-05
1.546790,2.45610679e+01,3.19093251e-05,1.25898075e-05
1.547884,2.46030389e+01,2.97169423e-05,1.19030560e-05
1.548978,2.46463410e+01,2.83182105e-05,1.12532950e-05
1.550072,2.46906960e+01,2.67626396e-05,1.05934270e-05
1.551165,2.47358183e+01,2.52845604e-05,9.94803349e-06
1.552259,2.47815514e+01,2.39597681e-05,9.33527641e-06
1.553353,2.48276332e+01,2.21041547e-05,8.71078128e-06
1.554447,2.48739417e+01,2.06977035e-05,8.12566060e-06
1.555541,2.49203031e+01,1.90351707e-05,7.54647193e-06
1.556635,2.49665630e+01,1.76116934e-05,6.99052577e-06
1.557729,2.50125368e+01,1.67096876e-05,6.46604670e-06
1.558823,2.50580070e+01,1.52448619e-05,5.94821388e-06
1.559917,2.51028639e+01,1.39474151e-05,5.46292090e-06
1.561011,2.51469877e+01,1.27617750e-05,5.00479062e-06
1.562105,2.51901974e+01,1.17418018e-05,4.56311058e-06
1.563198,2.52323302e+01,1.08209551e-05,4.16049612e-06
1.564292,2.52732402e+01,9.80619550e-06,3.79106671e-06
1.565386,2.53127758e+01,9.04635908e-06,3.44830673e-06
1.566480,2.53507912e+01,8.07614971e-06,3.14471590e-06
1.567574,2.53871608e+01,7.50509734e-06,2.88734066e-06
1.568668,2.54217372e+01,6.94666319e-06,2.68200368e-06
1.569762,2.54543891e+01,6.57509749e-06,2.52979782e-06
1.570856,2.54849824e+01,6.26129436e-06,2.43291936e-06
1.571950,2.55133906e+01,5.97761435e-06,2.38556267e-06
1.573044,2.55395107e+01,5.88214845e-06,2.38913538e-06
1.574138,2.55632296e+01,5.87038858e-06,2.43241475e-06
1.575231,2.55844524e+01,5.97116039e-06,2.51675198e-06
1.576325,2.56030808e+01,6.20963823e-06,2.63545307e-06
1.577419,2.56190224e+01,6.47342758e-06,2.76744083e-06
1.578513,2.56321951e+01,6.78419625e-06,2.91572469e-06
1.579607,2.56425144e+01,7.11228397e-06,3.07136884e-06
1.580701,2.56498973e+01,7.47507823e-06,3.23407025e-06
1.581795,2.56542710e+01,7.86550515e-06,3.39889398e-06
1.582889,2.56555702e+01,8.29821259e-06,3.56721841e-06
1.583983,2.56537443e+01,8.75002912e-06,3.73833116e-06
1.585077,2.56487406e+01,9.17651095e-06,3.90521801e-06
1.586171,2.56405019e+01,9.52578093e-06,4.06592907e-06
1.587264,2.56289787e+01,9.98534567e-06,4.22965793e-06
1.588358,2.56141381e+01,1.04520516e-05,4.39331698e-06
1.589452,2.55959429e+01,1.08557805e-05,4.54506049e-06
1.590546,2.55743641e+01,1.12288923e-05,4.69695513e-06
1.591640,2.55493748e+01,1.17010436e-05,4.84880565e-06
1.592734,2.55209618e+01,1.21289857e-05,4.99775106e-06
1.593828,2.54891220e+01,1.25161415e-05,5.13869842e-06
1.594922,2.54538514e+01,1.28890939e-05,5.27548608e-06
1.596016,2.54151517e+01,1.32787552e-05,5.41093454e-06
1.597110,2.53730368e+01,1.36725851e-05,5.54664625e-06
1.598204,2.53275255e+01,1.40254697e-05,5.67583625e-06
1.599298,2.52786437e+01,1.43868655e-05,5.80302692e-06
1.600391,2.52264221e+01,1.47650757e-05,5.92678974e-06
1.601485,2.51708836e+01,1.51580119e-05,6.04652610e-06
1.602579,2.51120532e+01,1.55381795e-05,6.16643287e-06
1.603673,2.50499669e+01,1.59084493e-05,6.28109951e-06
1.604767,2.49846603e+01,1.62379640e-05,6.39023024e-06
1.605861,2.49161760e+01,1.66407790e-05,6.50651010e-06
1.606955,2.48445643e+01,1.69410019e-05,6.60567385e-06
1.608049,2.47698698e+01,1.73015075e-05,6.71061531e-06
1.609143,2.46921623e+01,1.76093276e-05,6.81436739e-06
1.610237,2.46115157e+01,1.79284898e-05,6.90755916e-06
1.611331,2.45279921e+01,1.82801720e-05,7.00047242e-06
1.612424,2.44416460e+01,1.86079857e-05,7.08763048e-06
1.613518,2.43525441e+01,1.89117381e-05,7.17304124e-06
1.614612,2.42607550e+01,1.92709914e-05,7.25427874e-06
1.615706,2.41663232e+01,1.96423852e-05,7.33014337e-06
1.616800,2.40693029e+01,1.99455627e-05,7.40392940e-06
1.617894,2.39697621e+01,2.02193430e-05,7.47143775e-06
1.618988,2.38677674e+01,2.05463132e-05,7.53448526e-06
1.620082,2.37633811e+01,2.08406733e-05,7.59207734e-06
1.621176,2.36566581e+01,2.11721716e-05,7.64759717e-06
1.622270,2.35476565e+01,2.14239868e-05,7.69678236e-06
1.623364,2.34364478e+01,2.16735217e-05,7.74083732e-06
1.624457,2.33230965e+01,2.19674465e-05,7.78699306e-06
1.625551,2.32076774e+01,2.22240731e-05,7.82402624e-06
1.626645,2.30902535e+01,2.24850386e-05,7.85417174e-06
1.627739,2.29708827e+01,2.27867783e-05,7.88069826e-06
1.628833,2.28496156e+01,2.31879540e-05,7.90845988e-06
1.629927,2.27264518e+01,2.33690872e-05,7.92488904e-06
1.631021,2.26014342e+01,2.37062624e-05,7.93236553e-06
1.632115,2.24745830e+01,2.39940755e-05,7.93613762e-06
1.633209,2.23458652e+01,2.46438379e-05,7.93923855e-06
1.634303,2.22152450e+01,2.49093203e-05,7.93545725e-06
1.635397,2.20827558e+01,2.50428045e-05,7.91337018e-06
1.636490,2.19484261e+01,2.52588119e-05,7.88384914e-06
1.637584,2.18123080e+01,2.52934924e-05,7.85968747e-06
1.638678,2.16744832e+01,2.54927093e-05,7.82162464e-06
1.639772,2.15349707e+01,2.55401194e-05,7.78151824e-06
1.640866,2.13938011e+01,2.58905587e-05,7.73156897e-06
1.641960,2.12509374e+01,2.61490907e-05,7.67934041e-06
1.643054,2.11063893e+01,2.61538699e-05,7.62026328e-06
1.644148,2.09601855e+01,2.63100317e-05,7.54793685e-06
1.645242,2.08122857e+01,2.66584973e-05,7.47715451e-06
1.646336,2.06626291e+01,2.68348687e-05,7.39311506e-06
1.647430,2.05111975e+01,2.69841745e-05,7.30491522e-06
1.648523,2.03580011e+01,2.74553526e-05,7.21601607e-06
1.649617,2.02028707e+01,2.74502325e-05,7.11599825e-06
1.650711,2.00458696e+01,2.73626496e-05,7.01404040e-06
1.651805,1.98869970e+01,2.76403436e-05,6.89969432e-06
1.652899,1.97262201e+01,2.77358419e-05,6.78575315e-06
1.653993,1.95634418e+01,2.78450640e-05,6.65447537e-06
1.655087,1.93986849e+01,2.75266193e-05,6.52971076e-06
1.656181,1.92320155e+01,2.73581648e-05,6.38950385e-06
1.657275,1.90634398e+01,2.74626384e-05,6.25483946e-06
1.658369,1.88929061e+01,2.75952765e-05,6.11445710e-06
1.659463,1.87203813e+01,2.72188327e-05,5.97401529e-06
1.660557,1.85459763e+01,2.67140970e-05,5.82770599e-06
1.661650,1.83697553e+01,2.67210743e-05,5.67284918e-06
1.662744,1.81917532e+01,2.59942231e-05,5.52440146e-06
1.663838,1.80121957e+01,2.52017337e-05,5.38233729e-06
1.664932,1.78312603e+01,2.50988004e-05,5.24288801e-06
1.666026,1.76490712e+01,2.45379987e-05,5.11289631e-06
1.667120,1.74657858e+01,2.38185388e-05,4.97575720e-06
1.668214,1.72815925e+01,2.32058103e-05,4.84178783e-06
1.669308,1.70966877e+01,2.22278288e-05,4.71514382e-06
1.670402,1.69113259e+01,2.16387258e-05,4.59512292e-06
1.671496,1.67256961e+01,2.15488240e-05,4.48722420e-06
1.672590,1.65399002e+01,2.00007921e-05,4.37369195e-06
1.673683,1.63543205e+01,1.95851557e-05,4.27481503e-06
1.674777,1.61690983e+01,1.91182518e-05,4.17318469e-06
1.675871,1.59843798e+01,1.86303668e-05,4.07911440e-06
1.676965,1.58003700e+01,1.74852659e-05,3.98749612e-06
1.678059,1.56174766e+01,1.68667933e-05,3.91581364e-06
1.679153,1.54358776e+01,1.59153536e-05,3.82684822e-06
1.680247,1.52557918e+01,1.52903281e-05,3.74876559e-06
1.681341,1.50774779e+01,1.48209578e-05,3.68959974e-06
1.682435,1.49010668e+01,1.40598755e-05,3.61788044e-06
1.683529,1.47268088e+01,1.35666500e-05,3.56236436e-06
1.684623,1.45548391e+01,1.28153359e-05,3.49721822e-06
1.685716,1.43853504e+01,1.21552880e-05,3.43669887e-06
1.686810,1.42185885e+01,1.14110337e-05,3.38645447e-06
1.687904,1.40547767e+01,1.10809508e-05,3.33531764e-06
1.688998,1.38939945e+01,1.04377038e-05,3.28134675e-06
1.690092,1.37364172e+01,1.00500695e-05,3.23548073e-06
1.691186,1.35821002e+01,9.61016988e-06,3.18016771e-06
1.692280,1.34311024e+01,9.19314125e-06,3.13066073e-06
1.693374,1.32835373e+01,8.95262645e-06,3.09526750e-06
1.694468,1.31394387e+01,8.57702417e-06,3.05365092e-06
1.695562,1.29988840e+01,8.20203767e-06,3.01409556e-06
1.696656,1.28619316e+01,7.88996503e-06,2.97255371e-06
1.697749,1.27286201e+01,7.54269745e-06,2.93329091e-06
1.698843,1.25989734e+01,7.34875774e-06,2.89616967e-06
1.699937,1.24729853e+01,7.19354649e-06,2.86830845e-06
1.701031,1.23506052e+01,6.91946373e-06,2.83226541e-06
1.702125,1.22318386e+01,6.78197582e-06,2.80634844e-06
1.703219,1.21166583e+01,6.58353084e-06,2.78282798e-06
1.704313,1.20050965e+01,6.44746965e-06,2.75925491e-06
1.705407,1.18971112e+01,6.33080971e-06,2.73868610e-06
1.706501,1.17926239e+01,6.21720142e-06,2.71786396e-06
1.707595,1.16915689e+01,6.11506281e-06,2.70199908e-06
1.708689,1.15938938e+01,6.03673768e-06,2.69014372e-06
1.709782,1.14995320e+01,5.98532984e-06,2.67993900e-06
1.710876,1.14084268e+01,5.96070901e-06,2.67065744e-06
1.711970,1.13205218e+01,5.91510833e-06,2.66567919e-06
1.713064,1.12357324e+01,5.88047547e-06,2.66312860e-06
1.714158,1.11539693e+01,5.90841284e-06,2.66262071e-06
1.715252,1.10751666e+01,5.94593683e-06,2.66552626e-06
1.716346,1.09992378e+01,5.93147590e-06,2.66901539e-06
1.717440,1.09260823e+01,5.98708900e-06,2.67689986e-06
1.718534,1.08556053e+01,6.05692182e-06,2.68446531e-06
1.719628,1.07877158e+01,6.12254082e-06,2.69625642e-06
1.720722,1.07223025e+01,6.17528045e-06,2.70869235e-06
1.721816,1.06592540e+01,6.24251789e-06,2.72492818e-06
1.722909,1.05984646e+01,6.31624600e-06,2.74098019e-06
1.724003,1.05398305e+01,6.41634104e-06,2.76012538e-06
1.725097,1.04832489e+01,6.49399617e-06,2.77981808e-06
1.726191,1.04286037e+01,6.55371480e-06,2.79899312e-06
1.727285,1.03757913e+01,6.70324031e-06,2.82359109e-06
1.728379,1.03247140e+01,6.81045721e-06,2.84586220e-06
1.729473,1.02752638e+01,6.91650000e-06,2.87134969e-06
1.730567,1.02273313e+01,7.01243852e-06,2.89675614e-06
1.731661,1.01808106e+01,7.13302012e-06,2.92257676e-06
1.732755,1.01356053e+01,7.25949570e-06,2.95296835e-06
1.733849,1.00916091e+01,7.37959977e-06,2.97828183e-06
1.734942,1.00487230e+01,7.50955722e-06,3.00995776e-06
1.736036,1.00068510e+01,7.62495271e-06,3.04121495e-06
1.737130,9.96589843e+00,7.73345682e-06,3.07205736e-06
1.738224,9.92576819e+00,7.85108345e-06,3.10231360e-06
1.739318,9.88637632e+00,8.00645604e-06,3.14096091e-06
1.740412,9.84763986e+00,8.13198617e-06,3.17436394e-06
1.741506,9.80947746e+00,8.27954447e-06,3.21239911e-06
1.742600,9.77181113e+00,8.43427853e-06,3.25124596e-06
1.743694,9.73456777e+00,8.57868772e-06,3.29020625e-06
1.744788,9.69768084e+00,8.72844896e-06,3.33241887e-06
1.745882,9.66108554e+00,8.87468960e-06,3.37411142e-06
1.746975,9.62471697e+00,9.10001422e-06,3.42362736e-06
1.748069,9.58851121e+00,9.26960038e-06,3.46808616e-06
1.749163,9.55241168e+00,9.45795780e-06,3.51434148e-06
1.750257,9.51636901e+00,9.65331133e-06,3.56589593e-06
1.751351,9.48032983e+00,9.84635896e-06,3.61303609e-06
1.752445,9.44424915e+00,1.00345028e-05,3.66558744e-06
1.753539,9.40809214e+00,1.02446753e-05,3.71952668e-06
1.754633,9.37182094e+00,1.04750582e-05,3.77216517e-06
1.755727,9.33539023e+00,1.06850889e-05,3.82439142e-06
1.756821,9.29876764e+00,1.09329342e-05,3.87879324e-06
1.757915,9.26192266e+00,1.11853757e-05,3.93753965e-06
1.759008,9.22481693e+00,1.14003240e-05,3.99020260e-06
1.760102,9.18742806e+00,1.16162355e-05,4.04149974e-06
1.761196,9.14973313e+00,1.18302828e-05,4.09347577e-06
1.762290,9.11171363e+00,1.20744133e-05,4.14497100e-06
1.763384,9.07334913e+00,1.23138027e-05,4.19815796e-06
1.764478,9.03462044e+00,1.25430604e-05,4.24575340e-06
1.765572,8.99551303e+00,1.27720755e-05,4.29450518e-06
1.766666,8.95600725e+00,1.30125951e-05,4.33828540e-06
1.767760,8.91608959e+00,1.32357464e-05,4.38310022e-06
1.768854,8.87574439e+00,1.34673969e-05,4.42385386e-06
1.769948,8.83493772e+00,1.37918583e-05,4.46179280e-06
1.771041,8.79363713e+00,1.40117796e-05,4.50042897e-06
1.772135,8.75183414e+00,1.42272150e-05,4.53108626e-06
1.773229,8.70951371e+00,1.44557332e-05,4.55913642e-06
1.774323,8.66666123e+00,1.46585203e-05,4.58521725e-06
1.775417,8.62325904e+00,1.49057726e-05,4.60567182e-06
1.776511,8.57927690e+00,1.51464554e-05,4.62323356e-06
1.777605,8.53469360e+00,1.53449983e-05,4.63625438e-06
1.778699,8.48949799e+00,1.55346793e-05,4.64516962e-06
1.779793,8.44366928e+00,1.57712177e-05,4.64769207e-06
1.780887,8.39717859e+00,1.59536953e-05,4.64629109e-06
1.781981,8.35000233e+00,1.62020056e-05,4.64025587e-06
1.783075,8.30209749e+00,1.64375316e-05,4.62859619e-06
1.784168,8.25341905e+00,1.66219695e-05,4.60972593e-06
1.785262,8.20391738e+00,1.68894603e-05,4.58611940e-06
1.786356,8.15354887e+00,1.69879517e-05,4.55513259e-06
1.787450,8.10229705e+00,1.71340735e-05,4.51716409e-06
1.788544,8.05014846e+00,1.72411570e-05,4.47573605e-06
1.789638,7.99707629e+00,1.73500072e-05,4.42472715e-06
1.790732,7.94306661e+00,1.73084250e-05,4.37006648e-06
1.791826,7.88813802e+00,1.74488309e-05,4.31070748e-06
1.792920,7.83226283e+00,1.73138262e-05,4.24366170e-06
1.794014,7.77546588e+00,1.74012223e-05,4.17343628e-06
1.795108,7.71772627e+00,1.74342047e-05,4.09557043e-06
1.796201,7.65904053e+00,1.73894177e-05,4.01248157e-06
1.797295,7.59945851e+00,1.72643888e-05,3.93109336e-06
1.798389,7.53901811e+00,1.69697227e-05,3.83913805e-06
1.799483,7.47779207e+00,1.67954310e-05,3.74514015e-06
1.800577,7.41585526e+00,1.65748886e-05,3.65004204e-06
1.801671,7.35324768e+00,1.62946647e-05,3.54663198e-06
1.802765,7.29004915e+00,1.60748432e-05,3.44870773e-06
1.803859,7.22637610e+00,1.59075616e-05,3.34976689e-06
1.804953,7.16226847e+00,1.56312557e-05,3.24151439e-06
1.806047,7.09782449e+00,1.51852837e-05,3.13552877e-06
1.807141,7.03318766e+00,1.46856651e-05,3.02814156e-06
1.808234,6.96851140e+00,1.40151485e-05,2.91860358e-06
1.809328,6.90397697e+00,1.36468357e-05,2.81091577e-06
1.810422,6.83973424e+00,1.28065804e-05,2.70310350e-06
1.811516,6.77600104e+00,1.22715024e-05,2.59787663e-06
1.812610,6.71300761e+00,1.16568620e-05,2.50517885e-06
1.813704,6.65089775e+00,1.10410168e-05,2.39607429e-06
1.814798,6.58984211e+00,1.03877306e-05,2.29974059e-06
1.815892,6.52998087e+00,9.99449208e-06,2.19807171e-06
1.816986,6.47143091e+00,9.39380660e-06,2.10319325e-06
1.818080,6.41435361e+00,8.91070090e-06,2.01170676e-06
1.819174,6.35882979e+00,8.41692508e-06,1.90974820e-06
1.820267,6.30497578e+00,7.80976746e-06,1.81981284e-06
1.821361,6.25290707e+00,7.29698252e-06,1.72766557e-06
1.822455,6.20267739e+00,6.95955882e-06,1.63446951e-06
1.823549,6.15432187e+00,6.46648112e-06,1.54442068e-06
1.824643,6.10790001e+00,6.02942096e-06,1.45824249e-06
1.825737,6.06341896e+00,5.63140117e-06,1.36651577e-06
1.826831,6.02086830e+00,5.18864335e-06,1.27759371e-06
1.827925,5.98027121e+00,4.82582318e-06,1.19899711e-06
1.829019,5.94160809e+00,4.31669459e-06,1.11471996e-06
1.830113,5.90486385e+00,4.06952068e-06,1.03922114e-06
1.831207,5.86998074e+00,3.72762615e-06,9.65910886e-07
1.832300,5.83690832e+00,3.35152681e-06,8.97437603e-07
1.833394,5.80560448e+00,3.01996852e-06,8.38776995e-07
1.834488,5.77599289e+00,2.71175531e-06,7.82745065e-07
1.835582,5.74799180e+00,2.41560135e-06,7.39298834e-07
1.836676,5.72153153e+00,2.13960891e-06,7.10102111e-07
1.837770,5.69652925e+00,1.91395288e-06,6.90719951e-07
1.838864,5.67288853e+00,1.74260534e-06,6.85120411e-07
1.839958,5.65050423e+00,1.61847033e-06,6.92592696e-07
1.841052,5.62925797e+00,1.53768479e-06,7.11768603e-07
1.842146,5.60903309e+00,1.52008759e-06,7.42230336e-07
1.843240,5.58971228e+00,1.53511723e-06,7.80565809e-07
1.844334,5.57116896e+00,1.64017002e-06,8.26217492e-07
1.845427,5.55328264e+00,1.73987224e-06,8.74580246e-07
1.846521,5.53592966e+00,1.91807119e-06,9.26304228e-07
1.847615,5.51899233e+00,2.06991235e-06,9.78137109e-07
1.848709,5.50234128e+00,2.21447069e-06,1.02878315e-06
1.849803,5.48584413e+00,2.37269222e-06,1.07842802e-06
1.850897,5.46937564e+00,2.57437410e-06,1.12837499e-06
1.851991,5.45281378e+00,2.71003430e-06,1.17496241e-06
1.853085,5.43603659e+00,2.89189491e-06,1.22179013e-06
1.854179,5.41892624e+00,3.02949732e-06,1.26671623e-06
1.855273,5.40136912e+00,3.18477693e-06,1.31334103e-06
1.856367,5.38325984e+00,3.33258780e-06,1.35990542e-06
1.857460,5.36450035e+00,3.49322414e-06,1.41006025e-06
1.858554,5.34499976e+00,3.68517099e-06,1.46526715e-06
1.859648,5.32467527e+00,3.88051949e-06,1.52726362e-06
1.860742,5.30345223e+00,4.08190957e-06,1.59318271e-06
1.861836,5.28126886e+00,4.30258917e-06,1.66996800e-06
1.862930,5.25807324e+00,4.54950232e-06,1.75358878e-06
1.864024,5.23382396e+00,4.80898916e-06,1.84452289e-06
1.865118,5.20848948e+00,5.07806246e-06,1.94239773e-06
1.866212,5.18204558e+00,5.38661922e-06,2.04885525e-06
1.867306,5.15447882e+00,5.70791330e-06,2.16284170e-06
1.868400,5.12578662e+00,6.04516767e-06,2.28193085e-06
1.869493,5.09597181e+00,6.39044106e-06,2.40499659e-06
1.870587,5.06504560e+00,6.75509395e-06,2.53043175e-06
1.871681,5.03302369e+00,7.13545909e-06,2.66056970e-06
1.872775,4.99993388e+00,7.53134477e-06,2.79300074e-06
1.873869,4.96580775e+00,7.92007046e-06,2.92516464e-06
1.874963,4.93068680e+00,8.31589923e-06,3.05835762e-06
1.876057,4.89461698e+00,8.75308876e-06,3.18892401e-06
1.877151,4.85763878e+00,9.15201867e-06,3.31756209e-06
1.878245,4.81980197e+00,9.58140796e-06,3.44277456e-06
1.879339,4.78116190e+00,1.00127681e-05,3.56771025e-06
1.880433,4.74177747e+00,1.04114855e-05,3.68337100e-06
1.881526,4.70170978e+00,1.08067948e-05,3.79595265e-06
1.882620,4.66102932e+00,1.12057677e-05,3.89988752e-06
1.883714,4.61979521e+00,1.16189686e-05,3.99976191e-06
1.884808,4.57807264e+00,1.19962826e-05,4.08901571e-06
1.885902,4.53592633e+00,1.23596338e-05,4.16889431e-06
1.886996,4.49342211e+00,1.27165040e-05,4.24045286e-06
1.888090,4.45061803e+00,1.30562647e-05,4.29933980e-06
1.889184,4.40757277e+00,1.33745344e-05,4.34719793e-06
1.890278,4.36433731e+00,1.36966036e-05,4.38185334e-06
1.891372,4.32095609e+00,1.39891169e-05,4.40482465e-06
1.892466,4.27747715e+00,1.42664969e-05,4.41269605e-06
1.893559,4.23393275e+00,1.45156976e-05,4.40504863e-06
1.894653,4.19035427e+00,1.48219127e-05,4.38218541e-06
1.895747,4.14673673e+00,1.50630104e-05,4.34351086e-06
1.896841,4.10308275e+00,1.51545721e-05,4.28602449e-06
1.897935,4.05944313e+00,1.51200583e-05,4.21421463e-06
1.899029,4.01585433e+00,1.52398679e-05,4.12512714e-06
1.900123,3.97231831e+00,1.52585752e-05,4.02020658e-06
1.901217,3.92887995e+00,1.50772251e-05,3.90079873e-06
1.902311,3.88560492e+00,1.48577590e-05,3.76669313e-06
1.903405,3.84259430e+00,1.44497398e-05,3.62284473e-06
1.904499,3.79996924e+00,1.41135991e-05,3.46821154e-06
1.905593,3.75786593e+00,1.34664310e-05,3.30563281e-06
1.906686,3.71645710e+00,1.29977829e-05,3.13680573e-06
1.907780,3.67594051e+00,1.20129813e-05,2.96486441e-06
1.908874,3.63658224e+00,1.12576319e-05,2.79056046e-06
1.909968,3.59858422e+00,1.05960418e-05,2.61569457e-06
1.911062,3.56212900e+00,9.79380827e-06,2.43998437e-06
1.912156,3.52740199e+00,8.99565757e-06,2.26468950e-06
1.913250,3.49461370e+00,8.12268799e-06,2.09596952e-06
1.914344,3.46392275e+00,7.20512667e-06,1.92373508e-06
1.915438,3.43547771e+00,6.59084372e-06,1.76270237e-06
1.916532,3.40935224e+00,5.89387259e-06,1.60328080e-06
1.917626,3.38563053e+00,5.15884011e-06,1.45292685e-06
1.918719,3.36435164e+00,4.56992968e-06,1.30688416e-06
1.919813,3.34549651e+00,4.02646944e-06,1.16911681e-06
1.920907,3.32902526e+00,3.56798844e-06,1.04298541e-06
1.922001,3.31485637e+00,3.10979878e-06,9.24470662e-07
1.923095,3.30288628e+00,2.73345503e-06,8.18595963e-07
1.924189,3.29299781e+00,2.34322836e-06,7.26682094e-07
1.925283,3.28506731e+00,1.99817652e-06,6.47837757e-07
1.926377,3.27895035e+00,1.73027543e-06,5.83405332e-07
1.927471,3.27447960e+00,1.47002875e-06,5.32178120e-07
1.928565,3.27148089e+00,1.28694178e-06,4.95853993e-07
1.929659,3.26976267e+00,1.14689797e-06,4.71943456e-07
1.930752,3.26913817e+00,1.05287341e-06,4.61267110e-07
1.931846,3.26941509e+00,9.97844145e-07,4.59279978e-07
1.932940,3.27040229e+00,1.02278910e-06,4.64467848e-07
1.934034,3.27191194e+00,1.03966305e-06,4.74135639e-07
1.935128,3.27375765e+00,1.08598416e-06,4.87650818e-07
1.936222,3.27575954e+00,1.14745863e-06,5.03688393e-07
1.937316,3.27774571e+00,1.22535295e-06,5.23430747e-07
1.938410,3.27955500e+00,1.30370623e-06,5.47859142e-07
1.939504,3.28103633e+00,1.39239976e-06,5.78690039e-07
1.940598,3.28204968e+00,1.51773124e-06,6.17954342e-07
1.941692,3.28246629e+00,1.64281057e-06,6.66162225e-07
1.942785,3.28216894e+00,1.80467665e-06,7.26237069e-07
1.943879,3.28105262e+00,1.98151840e-06,7.95709934e-07
1.944973,3.27902219e+00,2.17769085e-06,8.74240440e-07
1.946067,3.27599356e+00,2.40010970e-06,9.62421104e-07
1.947161,3.27189164e+00,2.63615759e-06,1.05382818e-06
1.948255,3.26664920e+00,2.87319575e-06,1.14891119e-06
1.949349,3.26021184e+00,3.12265354e-06,1.24726442e-06
1.950443,3.25253367e+00,3.36417349e-06,1.34324259e-06
1.951537,3.24357766e+00,3.61372843e-06,1.43854170e-06
1.952631,3.23331543e+00,3.85027591e-06,1.52997936e-06
1.953725,3.22172744e+00,4.08718623e-06,1.61938823e-06
1.954818,3.20880372e+00,4.31434177e-06,1.70361618e-06
1.955912,3.19454113e+00,4.53157166e-06,1.78366319e-06
1.957006,3.17894404e+00,4.72820598e-06,1.85664500e-06
1.958100,3.16202250e+00,4.91933788e-06,1.92546818e-06
1.959194,3.14379629e+00,5.09627663e-06,1.98880607e-06
1.960288,3.12429156e+00,5.26526135e-06,2.04652533e-06
1.961382,3.10353838e+00,5.40911684e-06,2.09769161e-06
1.962476,3.08157381e+00,5.56267729e-06,2.14489263e-06
1.963570,3.05844090e+00,5.67759755e-06,2.18402651e-06
1.964664,3.03418393e+00,5.79473949e-06,2.21850912e-06
1.965758,3.00885131e+00,5.89777163e-06,2.24667719e-06
1.966852,2.98249393e+00,5.97241076e-06,2.26844553e-06
1.967945,2.95516614e+00,6.06844618e-06,2.28585348e-06
1.969039,2.92692293e+00,6.11588514e-06,2.29647465e-06
1.970133,2.89782317e+00,6.16697098e-06,2.30225943e-06
1.971227,2.86792737e+00,6.21039650e-06,2.30284124e-06
1.972321,2.83729682e+00,6.20469454e-06,2.29734476e-06
1.973415,2.80599645e+00,6.23783668e-06,2.28867364e-06
1.974509,2.77408644e+00,6.24478304e-06,2.27375525e-06
1.975603,2.74162410e+00,6.22060269e-06,2.25427757e-06
1.976697,2.70867303e+00,6.18582026e-06,2.23056286e-06
1.977791,2.67529624e+00,6.15744711e-06,2.20273512e-06
1.978885,2.64155189e+00,6.09797959e-06,2.17108221e-06
1.979978,2.60749914e+00,6.03769849e-06,2.13569665e-06
1.981072,2.57319605e+00,5.96586433e-06,2.09698356e-06
1.982166,2.53869658e+00,5.91117089e-06,2.05501257e-06
1.983260,2.50404631e+00,5.83313686e-06,2.01017320e-06
1.984354,2.46929497e+00,5.73645294e-06,1.96243368e-06
1.985448,2.43449168e+00,5.63806322e-06,1.91251389e-06
1.986542,2.39968518e+00,5.53599036e-06,1.86029162e-06
1.987636,2.36491573e+00,5.42504305e-06,1.80628123e-06
1.988730,2.33021914e+00,5.30250612e-06,1.75078444e-06
1.989824,2.29563095e+00,5.18853692e-06,1.69415373e-06
1.990918,2.26117691e+00,5.09413171e-06,1.63654154e-06
1.992011,2.22688494e+00,4.96117814e-06,1.57810154e-06
1.993105,2.19278204e+00,4.83157263e-06,1.51932777e-06
1.994199,2.15888792e+00,4.69973935e-06,1.46045692e-06
1.995293,2.12522593e+00,4.57413551e-06,1.40202533e-06
1.996387,2.09181896e+00,4.42194251e-06,1.34402009e-06
1.997481,2.05868465e+00,4.29913174e-06,1.28685757e-06
1.998575,2.02584103e+00,4.18014955e-06,1.23118093e-06
1.999669,1.99329086e+00,4.04527210e-06,1.17663669e-06
2.000763,1.96104726e+00,3.89419427e-06,1.12381909e-06
2.001857,1.92913617e+00,3.74895095e-06,1.07313888e-06
2.002951,1.89756882e+00,3.58396758e-06,1.02434304e-06
2.004044,1.86637477e+00,3.40302332e-06,9.78032352e-07
2.005138,1.83557930e+00,3.27243096e-06,9.34249308e-07
2.006232,1.80520109e+00,3.10788355e-06,8.92992701e-07
2.007326,1.77527921e+00,2.90696830e-06,8.53998124e-07
2.008420,1.74584801e+00,2.77130185e-06,8.17373352e-07
2.009514,1.71693942e+00,2.62447094e-06,7.83323026e-07
2.010608,1.68857809e+00,2.43949638e-06,7.50963040e-07
2.011702,1.66080249e+00,2.32490795e-06,7.21103150e-07
2.012796,1.63363508e+00,2.18856781e-06,6.93011528e-07
2.013890,1.60710344e+00,2.05688826e-06,6.66675562e-07
2.014984,1.58123403e+00,1.92611221e-06,6.41880914e-07
2.016077,1.55605446e+00,1.80564884e-06,6.18540724e-07
2.017171,1.53158479e+00,1.73346507e-06,5.96866146e-07
2.018265,1.50783267e+00,1.61180279e-06,5.76187558e-07
2.019359,1.48481993e+00,1.53023357e-06,5.56705041e-07
2.020453,1.46254964e+00,1.46224467e-06,5.38469767e-07
2.021547,1.44102293e+00,1.39881619e-06,5.21572516e-07
2.022641,1.42023810e+00,1.33080122e-06,5.05533760e-07
2.023735,1.40018888e+00,1.28544464e-06,4.90763578e-07
2.024829,1.38086454e+00,1.22724940e-06,4.76944499e-07
2.025923,1.36225801e+00,1.18206081e-06,4.63953705e-07
2.027017,1.34435568e+00,1.13893680e-06,4.51979860e-07
2.028111,1.32714490e+00,1.10414644e-06,4.41096871e-07
2.029204,1.31061060e+00,1.06642030e-06,4.30802590e-07
2.030298,1.29474086e+00,1.03906239e-06,4.21405301e-07
2.031392,1.27951374e+00,1.01181050e-06,4.12770429e-07
2.032486,1.26490714e+00,9.87937133e-07,4.04974378e-07
2.033580,1.25089865e+00,9.66625208e-07,3.98019787e-07
2.034674,1.23746742e+00,9.48404124e-07,3.91797952e-07
2.035768,1.22459194e+00,9.32844015e-07,3.86369564e-07
2.036862,1.21224983e+00,9.19042241e-07,3.81524483e-07
2.037956,1.20041733e+00,9.10329417e-07,3.77265446e-07
2.039050,1.18907394e+00,8.96876432e-07,3.73990419e-07
2.040144,1.17819467e+00,8.92801601e-07,3.71048115e-07
2.041237,1.16775877e+00,8.87086196e-07,3.68713476e-07
2.042331,1.15774513e+00,8.81635866e-07,3.67030790e-07
2.043425,1.14813285e+00,8.81768086e-07,3.65726450e-07
2.044519,1.13890228e+00,8.83041764e-07,3.64782440e-07
2.045613,1.13003438e+00,8.84865682e-07,3.64432633e-07
2.046707,1.12151103e+00,8.86009885e-07,3.64442507e-07
2.047801,1.11331417e+00,8.89291614e-07,3.64564057e-07
2.048895,1.10542753e+00,8.95363719e-07,3.65070673e-07
2.049989,1.09783600e+00,8.99626499e-07,3.65836440e-07
2.051083,1.09052557e+00,9.03164550e-07,3.66843437e-07
2.052177,1.08348241e+00,9.08425053e-07,3.67787168e-07
2.053270,1.07669514e+00,9.15608408e-07,3.68982168e-07
2.054364,1.07015293e+00,9.22955719e-07,3.70220056e-07
2.055458,1.06384642e+00,9.30069312e-07,3.71861402e-07
2.056552,1.05776688e+00,9.35999277e-07,3.73102667e-07
2.057646,1.05190553e+00,9.41897650e-07,3.74548710e-07
2.058740,1.04625724e+00,9.50699502e-07,3.76463862e-07
2.059834,1.04081647e+00,9.55903599e-07,3.77709238e-07
2.060928,1.03557907e+00,9.62530530e-07,3.79440916e-07
2.062022,1.03054278e+00,9.70621136e-07,3.81442955e-07
2.063116,1.02570522e+00,9.77201973e-07,3.83118480e-07
2.064210,1.02106630e+00,9.84298877e-07,3.85319728e-07
2.065303,1.01662745e+00,9.93496197e-07,3.87835697e-07
2.066397,1.01238975e+00,1.00490970e-06,3.90664126e-07
2.067491,1.00835494e+00,1.01369828e-06,3.93765755e-07
2.068585,1.00452690e+00,1.02447154e-06,3.97293112e-07
2.069679,1.00090879e+00,1.03812738e-06,4.01004867e-07
2.070773,9.97504772e-01,1.05207129e-06,4.05921885e-07
2.071867,9.94320069e-01,1.06434661e-06,4.10726872e-07
2.072961,9.91360930e-01,1.08251684e-06,4.16811774e-07
2.074055,9.88633650e-01,1.10132566e-06,4.23696637e-07
2.075149,9.86143313e-01,1.12103277e-06,4.30242683e-07
2.076243,9.83895432e-01,1.14365412e-06,4.38250886e-07
2.077336,9.81895972e-01,1.16639773e-06,4.46872483e-07
2.078430,9.80151381e-01,1.18914046e-06,4.56407822e-07
2.079524,9.78666830e-01,1.22247374e-06,4.66246740e-07
2.080618,9.77444281e-01,1.25347370e-06,4.76399511e-07
2.081712,9.76486908e-01,1.28823817e-06,4.87810571e-07
2.082806,9.75798282e-01,1.32683686e-06,5.00046631e-07
2.083900,9.75378368e-01,1.35767103e-06,5.11323521e-07
2.084994,9.75227647e-01,1.39316352e-06,5.22916696e-07
2.086088,9.75346005e-01,1.43148751e-06,5.35243007e-07
2.087182,9.75731985e-01,1.46727129e-06,5.47435779e-07
2.088276,9.76383630e-01,1.50613611e-06,5.59612716e-07
2.089370,9.77297356e-01,1.54597624e-06,5.71940144e-07
2.090463,9.78467339e-01,1.59431951e-06,5.84503635e-07
2.091557,9.79885695e-01,1.63103286e-06,5.96355613e-07
2.092651,9.81545046e-01,1.66469631e-06,6.07201078e-07
2.093745,9.83436694e-01,1.70658884e-06,6.17942290e-07
2.094839,9.85551553e-01,1.74879249e-06,6.29056013e-07
2.095933,9.87879738e-01,1.78356265e-06,6.38844251e-07
2.097027,9.90411567e-01,1.81878323e-06,6.48434344e-07
2.098121,9.93136848e-01,1.84696765e-06,6.57137102e-07
2.099215,9.96046611e-01,1.87885374e-06,6.65515272e-07
2.100309,9.99130050e-01,1.91205453e-06,6.73025125e-07
2.101403,1.00237290e+00,1.93812488e-06,6.78938632e-07
2.102496,1.00576401e+00,1.95980660e-06,6.85160235e-07
2.103590,1.00929222e+00,1.99058203e-06,6.90171325e-07
2.104684,1.01294647e+00,2.00569594e-06,6.95151716e-07
2.105778,1.01671619e+00,2.02588801e-06,6.98700520e-07
2.106872,1.02058951e+00,2.04164878e-06,7.01430735e-07
2.107966,1.02455294e+00,2.06327987e-06,7.03026142e-07
2.109060,1.02859492e+00,2.07735056e-06,7.04526132e-07
2.110154,1.03270449e+00,2.09015614e-06,7.04940629e-07
2.111248,1.03687000e+00,2.09811447e-06,7.04332145e-07
2.112342,1.04108024e+00,2.10002885e-06,7.02903267e-07
2.113436,1.04532587e+00,2.10947345e-06,7.01074511e-07
2.114529,1.04959192e+00,2.12539027e-06,6.97694363e-07
2.115623,1.05386563e+00,2.12070634e-06,6.93754859e-07
2.116717,1.05814044e+00,2.11327956e-06,6.89476440e-07
2.117811,1.06240704e+00,2.11657796e-06,6.83718170e-07
2.118905,1.06665584e+00,2.09494436e-06,6.78147821e-07
2.119999,1.07088078e+00,2.08680645e-06,6.71187172e-07
2.121093,1.07507561e+00,2.06584718e-06,6.64029575e-07
2.122187,1.07923387e+00,2.05931582e-06,6.56038413e-07
2.123281,1.08334816e+00,2.02540864e-06,6.47362268e-07
2.124375,1.08741517e+00,2.03078550e-06,6.38631222e-07
2.125469,1.09142421e+00,1.99991349e-06,6.29411513e-07
2.126562,1.09537075e+00,1.98697656e-06,6.19567372e-07
2.127656,1.09924948e+00,1.96019011e-06,6.09152425e-07
2.128750,1.10305855e+00,1.91962245e-06,5.98719957e-07
2.129844,1.10679448e+00,1.89769643e-06,5.86976319e-07
2.130938,1.11045206e+00,1.85859925e-06,5.75012464e-07
2.132032,1.11403318e+00,1.83500136e-06,5.63902213e-07
2.133126,1.11753259e+00,1.79269831e-06,5.51591962e-07
2.134220,1.12095034e+00,1.76228732e-06,5.39571459e-07
2.135314,1.12428386e+00,1.71624844e-06,5.26742168e-07
2.136408,1.12753468e+00,1.66899012e-06,5.14315293e-07
2.137502,1.13070576e+00,1.62365620e-06,5.01860117e-07
2.138595,1.13379730e+00,1.59789196e-06,4.89196539e-07
2.139689,1.13680508e+00,1.54474495e-06,4.75852114e-07
2.140783,1.13973008e+00,1.52901801e-06,4.63191990e-07
2.141877,1.14256855e+00,1.47450249e-06,4.50272097e-07
2.142971,1.14532291e+00,1.43406835e-06,4.37399110e-07
2.144065,1.14799366e+00,1.38754373e-06,4.24448459e-07
2.145159,1.15058109e+00,1.34672165e-06,4.11369853e-07
2.146253,1.15308498e+00,1.31384893e-06,3.98485075e-07
2.147347,1.15550283e+00,1.27457874e-06,3.85388674e-07
2.148441,1.15783170e+00,1.24216440e-06,3.72589424e-07
2.149535,1.16007009e+00,1.19094971e-06,3.59650046e-07
2.150629,1.16221811e+00,1.16478008e-06,3.46716448e-07
2.151722,1.16427448e+00,1.11899066e-06,3.34162037e-07
2.152816,1.16623873e+00,1.07560827e-06,3.21291690e-07
2.153910,1.16811023e+00,1.04022332e-06,3.08499747e-07
2.155004,1.16988840e+00,1.00120877e-06,2.95958230e-07
2.156098,1.17157341e+00,9.61536141e-07,2.83598873e-07
2.157192,1.17316464e+00,9.20799630e-07,2.71265035e-07
2.158286,1.17466298e+00,8.65061464e-07,2.59110435e-07
2.159380,1.17606933e+00,8.39362638e-07,2.47661904e-07
2.160474,1.17738224e+00,7.94291280e-07,2.36070289e-07
2.161568,1.17860316e+00,7.69624751e-07,2.25160012e-07
2.162662,1.17972939e+00,7.41904029e-07,2.13994710e-07
2.163755,1.18075819e+00,7.09799246e-07,2.03051165e-07
2.164849,1.18168759e+00,6.70506797e-07,1.92077548e-07
2.165943,1.18251604e+00,6.42744839e-07,1.81404822e-07
2.167037,1.18324338e+00,6.10970970e-07,1.71591167e-07
2.168131,1.18386862e+00,5.75201106e-07,1.61413834e-07
2.169225,1.18439244e+00,5.40021620e-07,1.52078786e-07
2.170319,1.18481415e+00,5.09607741e-07,1.42592395e-07
2.171413,1.18513268e+00,4.87687405e-07,1.34182161e-07
2.172507,1.18534674e+00,4.55075706e-07,1.25761584e-07
2.173601,1.18545641e+00,4.32311252e-07,1.18047582e-07
2.174695,1.18546034e+00,4.05012942e-07,1.10570332e-07
2.175788,1.18535730e+00,3.88405317e-07,1.03716612e-07
2.176882,1.18514582e+00,3.57989194e-07,9.76742353e-08
2.177976,1.18482575e+00,3.40519951e-07,9.22216819e-08
2.179070,1.18439603e+00,3.19054067e-07,8.76337028e-08
2.180164,1.18385533e+00,3.09673040e-07,8.38244968e-08
2.181258,1.18320078e+00,2.98778461e-07,8.08228341e-08
2.182352,1.18243132e+00,2.83627702e-07,7.89651158e-08
2.183446,1.18154706e+00,2.76078849e-07,7.78889363e-08
2.184540,1.18054613e+00,2.68530868e-07,7.74169479e-08
2.185634,1.17942715e+00,2.64814444e-07,7.79906783e-08
2.186728,1.17818852e+00,2.65500519e-07,7.91774805e-08
2.187821,1.17682815e+00,2.66185295e-07,8.12615364e-08
2.188915,1.17534505e+00,2.69332941e-07,8.39258123e-08
2.190009,1.17373797e+00,2.73944341e-07,8.69092681e-08
2.191103,1.17200574e+00,2.80537982e-07,9.01939168e-08
2.192197,1.17014742e+00,2.88246306e-07,9.39336494e-08
2.193291,1.16816196e+00,2.99376881e-07,9.79148690e-08
2.194385,1.16604811e+00,3.08753943e-07,1.01833469e-07
2.195479,1.16380455e+00,3.21630571e-07,1.06010206e-07
2.196573,1.16143077e+00,3.34981535e-07,1.10424175e-07
2.197667,1.15892535e+00,3.47771345e-07,1.14744598e-07
2.198761,1.15628744e+00,3.63222582e-07,1.19265735e-07
2.199854,1.15351583e+00,3.76519751e-07,1.23523478e-07
2.200948,1.15060950e+00,3.90457417e-07,1.27972273e-07
2.202042,1.14756780e+00,4.05074645e-07,1.32359758e-07
2.203136,1.14439000e+00,4.21890307e-07,1.36780641e-07
2.204230,1.14107560e+00,4.34517282e-07,1.41050459e-07
2.205324,1.13762401e+00,4.51286629e-07,1.45468014e-07
2.206418,1.13403490e+00,4.68742940e-07,1.49815318e-07
2.207512,1.13030665e+00,4.85097515e-07,1.54087186e-07
2.208606,1.12643880e+00,5.00180157e-07,1.58248953e-07
2.209700,1.12243115e+00,5.17647043e-07,1.62472441e-07
2.210794,1.11828337e+00,5.35209446e-07,1.66636423e-07
2.211888,1.11399520e+00,5.51174138e-07,1.70685027e-07
2.212981,1.10956654e+00,5.68760509e-07,1.74800842e-07
2.214075,1.10499716e+00,5.85014495e-07,1.78711657e-07
2.215169,1.10028714e+00,6.01568230e-07,1.82697476e-07
2.216263,1.09543676e+00,6.19164721e-07,1.86626856e-07
2.217357,1.09044584e+00,6.38251068e-07,1.90525623e-07
2.218451,1.08531403e+00,6.54877586e-07,1.94256478e-07
2.219545,1.08004147e+00,6.72303950e-07,1.97891440e-07
2.220639,1.07462854e+00,6.90018174e-07,2.01671416e-07
2.221733,1.06907535e+00,7.15524065e-07,2.05357410e-07
2.222827,1.06338017e+00,7.37116253e-07,2.09165275e-07
2.223921,1.05754113e+00,7.66512296e-07,2.12827012e-07
2.225014,1.05155491e+00,7.93478651e-07,2.16127672e-07
2.226108,1.04541925e+00,8.11447829e-07,2.19326112e-07
2.227202,1.03913426e+00,8.30750230e-07,2.22416289e-07
2.228296,1.03270002e+00,8.46199842e-07,2.24971666e-07
2.229390,1.02611487e+00,8.76180561e-07,2.28026573e-07
2.230484,1.01937773e+00,8.91593976e-07,2.30583053e-07
2.231578,1.01248912e+00,9.08102755e-07,2.32791329e-07
2.232672,1.00544847e+00,9.33193488e-07,2.34926489e-07
2.233766,9.98249959e-01,9.84679422e-07,2.37780016e-07
2.234860,9.90885523e-01,1.01020237e-06,2.39418757e-07
2.235954,9.83352396e-01,1.02902324e-06,2.40667871e-07
2.237047,9.75648873e-01,1.05376651e-06,2.41890590e-07
2.238141,9.67768514e-01,1.10354880e-06,2.43156244e-07
2.239235,9.59702765e-01,1.12439371e-06,2.43717283e-07
2.240329,9.51448148e-01,1.14573932e-06,2.43683158e-07
2.241423,9.42997336e-01,1.19270913e-06,2.44346560e-07
2.242517,9.34342969e-01,1.21237991e-06,2.43820203e-07
2.243611,9.25479867e-01,1.25067905e-06,2.43090448e-07
2.244705,9.16398320e-01,1.28807197e-06,2.42219925e-07
2.245799,9.07087247e-01,1.32017862e-06,2.40833201e-07
2.246893,8.97536301e-01,1.37816435e-06,2.39602333e-07
2.247987,8.87729771e-01,1.40727181e-06,2.37485839e-07
2.249080,8.77658573e-01,1.42689627e-06,2.34962477e-07
2.250174,8.67316454e-01,1.44751787e-06,2.32481472e-07
2.251268,8.56696618e-01,1.47283517e-06,2.30047067e-07
2.252362,8.45790305e-01,1.49091933e-06,2.27529186e-07
2.253456,8.34589380e-01,1.52185822e-06,2.25214580e-07
2.254550,8.23080604e-01,1.57543386e-06,2.23617082e-07
2.255644,8.11245438e-01,1.60059404e-06,2.22028824e-07
2.256738,7.99071415e-01,1.62485877e-06,2.21033843e-07
2.257832,7.86545642e-01,1.65908821e-06,2.21146540e-07
2.258926,7.73652935e-01,1.67532488e-06,2.22430572e-07
2.260020,7.60387509e-01,1.66388070e-06,2.25421665e-07
2.261113,7.46747334e-01,1.69033256e-06,2.29953464e-07
2.262207,7.32717344e-01,1.70655107e-06,2.36487616e-07
2.263301,7.18290755e-01,1.68934134e-06,2.45306362e-07
2.264395,7.03470171e-01,1.65587178e-06,2.56102094e-07
2.265489,6.88256995e-01,1.67263077e-06,2.69021249e-07
2.266583,6.72648428e-01,1.62338894e-06,2.84203994e-07
2.267677,6.56659659e-01,1.57331713e-06,3.01027209e-07
2.268771,6.40300066e-01,1.53505582e-06,3.19591308e-07
2.269865,6.23578212e-01,1.50287212e-06,3.39771740e-07
2.270959,6.06511857e-01,1.43098163e-06,3.61319049e-07
2.272053,5.89134074e-01,1.28301045e-06,3.83465832e-07
2.273147,5.71504069e-01,1.17301232e-06,4.04973446e-07
2.274240,5.53673356e-01,1.03382077e-06,4.26081884e-07
2.275334,5.35704128e-01,9.06583195e-07,4.46094995e-07
2.276428,5.17664891e-01,7.87373263e-07,4.64534297e-07
2.277522,4.99623086e-01,7.16546677e-07,4.81289040e-07
2.278616,4.81648220e-01,6.61002630e-07,4.96186257e-07
2.279710,4.63811060e-01,6.51056921e-07,5.08907514e-07
2.280804,4.46179681e-01,6.78526851e-07,5.19488746e-07
2.281898,4.28820445e-01,7.29347317e-07,5.27818216e-07
2.282992,4.11796519e-01,7.91257677e-07,5.33961446e-07
2.284086,3.95166446e-01,8.58941545e-07,5.37976170e-07
2.285180,3.78987166e-01,9.23452369e-07,5.39875036e-07
2.286273,3.63312750e-01,9.81380055e-07,5.39707215e-07
2.287367,3.48190864e-01,1.01217425e-06,5.37718147e-07
2.288461,3.33662355e-01,1.03990831e-06,5.34167225e-07
2.289555,3.19768680e-01,1.06684339e-06,5.29043390e-07
2.290649,3.06549478e-01,1.08622216e-06,5.22218177e-07
2.291743,2.94044379e-01,1.09527097e-06,5.14049075e-07
2.292837,2.82289239e-01,1.09815333e-06,5.04290546e-07
2.293931,2.71319600e-01,1.09260418e-06,4.93515577e-07
2.295025,2.61169255e-01,1.08335885e-06,4.81539808e-07
2.296119,2.51869831e-01,1.06876815e-06,4.68576021e-07
2.297213,2.43449377e-01,1.05013299e-06,4.54792682e-07
2.298306,2.35932710e-01,1.02981890e-06,4.40666147e-07
2.299400,2.29339288e-01,1.00460499e-06,4.26340267e-07
2.300494,2.23681969e-01,9.82041782e-07,4.12141766e-07
2.301588,2.18966648e-01,9.56943681e-07,3.98709666e-07
2.302682,2.15190083e-01,9.34373097e-07,3.86301552e-07
2.303776,2.12339761e-01,9.13931000e-07,3.75414597e-07
2.304870,2.10393309e-01,8.98629612e-07,3.66412332e-07
2.305964,2.09318712e-01,8.86766291e-07,3.59716828e-07
2.307058,2.09074627e-01,8.82066287e-07,3.55535268e-07
2.308152,2.09611978e-01,8.83702941e-07,3.54221087e-07
2.309246,2.10874785e-01,8.91961591e-07,3.55611633e-07
2.310339,2.12802058e-01,9.06932631e-07,3.59755313e-07
2.311433,2.15329712e-01,9.28959261e-07,3.66626533e-07
2.312527,2.18392332e-01,9.57247752e-07,3.75944207e-07
2.313621,2.21924667e-01,9.91002243e-07,3.87341708e-07
2.314715,2.25862943e-01,1.02962968e-06,4.00472853e-07
2.315809,2.30145811e-01,1.07256985e-06,4.15080862e-07
2.316903,2.34715134e-01,1.11867607e-06,4.30635178e-07
2.317997,2.39516316e-01,1.16704939e-06,4.46950021e-07
2.319091,2.44498643e-01,1.21693474e-06,4.63246766e-07
2.320185,2.49615146e-01,1.26821552e-06,4.79818367e-07
2.321279,2.54822853e-01,1.31978863e-06,4.96088760e-07
2.322372,2.60082446e-01,1.37045604e-06,5.12011507e-07
2.323466,2.65358291e-01,1.42143460e-06,5.27165699e-07
2.324560,2.70617979e-01,1.47142980e-06,5.41738167e-07
2.325654,2.75832106e-01,1.52070322e-06,5.55360695e-07
2.326748,2.80974075e-01,1.56978315e-06,5.67990831e-07
2.327842,2.86019583e-01,1.61519139e-06,5.79735787e-07
2.328936,2.90947429e-01,1.65995654e-06,5.90392233e-07
2.330030,2.95737935e-01,1.70326548e-06,5.99728780e-07
2.331124,3.00373431e-01,1.74349547e-06,6.08159388e-07
2.332218,3.04837690e-01,1.78382659e-06,6.14989065e-07
2.333312,3.09116174e-01,1.82398912e-06,6.20703350e-07
2.334406,3.13194521e-01,1.85851174e-06,6.25115060e-07
2.335499,3.17060445e-01,1.89155467e-06,6.27938202e-07
2.336593,3.20702859e-01,1.92028071e-06,6.29476254e-07
2.337687,3.24112054e-01,1.94715560e-06,6.29608339e-07
2.338781,3.27278774e-01,1.97158083e-06,6.28178060e-07
2.339875,3.30194884e-01,1.99750171e-06,6.25108151e-07
2.340969,3.32852770e-01,2.00849846e-06,6.20732202e-07
2.342063,3.35246604e-01,2.02674660e-06,6.14530042e-07
2.343157,3.37370753e-01,2.03652313e-06,6.06969103e-07
2.344251,3.39221122e-01,2.03499221e-06,5.97864960e-07
2.345345,3.40796099e-01,2.03832098e-06,5.87264269e-07
2.346439,3.42093048e-01,2.02917795e-06,5.75173103e-07
2.347532,3.43113038e-01,2.00371045e-06,5.61793317e-07
2.348626,3.43859073e-01,1.99004580e-06,5.47050621e-07
2.349720,3.44333873e-01,1.95617174e-06,5.31137388e-07
2.350814,3.44544258e-01,1.92291416e-06,5.14225699e-07
2.351908,3.44496875e-01,1.87639541e-06,4.96225351e-07
2.353002,3.44201701e-01,1.83420844e-06,4.77527362e-07
2.354096,3.43670080e-01,1.75911048e-06,4.58170001e-07
2.355190,3.42918275e-01,1.70457523e-06,4.38552095e-07
2.356284,3.41956671e-01,1.63808112e-06,4.18170022e-07
2.357378,3.40800891e-01,1.56071314e-06,3.97734055e-07
2.358472,3.39468322e-01,1.47378011e-06,3.77161298e-07
2.359565,3.37976312e-01,1.39756602e-06,3.56680189e-07
2.360659,3.36340089e-01,1.32933238e-06,3.36255846e-07
2.361753,3.34574180e-01,1.23959520e-06,3.15787763e-07
2.362847,3.32694071e-01,1.16596369e-06,2.95556444e-07
2.363941,3.30713420e-01,1.08815731e-06,2.75541996e-07
2.365035,3.28646882e-01,1.00382547e-06,2.55866521e-07
2.366129,3.26505635e-01,9.31872919e-07,2.36328695e-07
2.367223,3.24299205e-01,8.48708937e-07,2.16981113e-07
2.368317,3.22039259e-01,7.71078052e-07,1.98147309e-07
2.369411,3.19733189e-01,7.11092671e-07,1.79630715e-07
2.370505,3.17388228e-01,6.41273794e-07,1.61556208e-07
2.371598,3.15010753e-01,5.70938876e-07,1.43754697e-07
2.372692,3.12605181e-01,5.07113727e-07,1.26368004e-07
2.373786,3.10175005e-01,4.50107263e-07,1.09541958e-07
2.374880,3.07722211e-01,3.94272640e-07,9.31707932e-08
2.375974,3.05248004e-01,3.38841376e-07,7.73109259e-08
2.377068,3.02753456e-01,2.91739336e-07,6.22382416e-08
2.378162,3.00237673e-01,2.38594830e-07,4.76952384e-08
2.379256,2.97701379e-01,1.90973245e-07,3.43483367e-08
2.380350,2.95143466e-01,1.48912944e-07,2.24667597e-08
2.381444,2.92562282e-01,1.07921219e-07,1.39823961e-08
2.382538,2.89955929e-01,7.11928399e-08,1.37508920e-08
2.383632,2.87322093e-01,3.69960833e-08,2.05531294e-08
2.384725,2.84658199e-01,1.63797000e-08,2.88226029e-08
2.385819,2.81960861e-01,3.05459770e-08,3.68688559e-08
2.386913,2.79226884e-01,5.45135812e-08,4.41304579e-08
2.388007,2.76452829e-01,7.75981340e-08,5.05242135e-08
2.389101,2.73635170e-01,9.50414143e-08,5.59340957e-08
2.390195,2.70770350e-01,1.13834250e-07,6.05036408e-08
2.391289,2.67855092e-01,1.26805957e-07,6.41876038e-08
2.392383,2.64886422e-01,1.40160914e-07,6.72138000e-08
2.393477,2.61861993e-01,1.50405941e-07,6.96274209e-08
2.394571,2.58779943e-01,1.57468086e-07,7.16051481e-08
2.395665,2.55639273e-01,1.66554124e-07,7.34419138e-08
2.396758,2.52440137e-01,1.73935753e-07,7.51630828e-08
2.397852,2.49183623e-01,1.81129526e-07,7.69554872e-08
2.398946,2.45871916e-01,1.89127979e-07,7.90699364e-08
2.400040,2.42508463e-01,1.97556909e-07,8.15808247e-08
2.401134,2.39097862e-01,2.06830193e-07,8.45679570e-08
2.402228,2.35645868e-01,2.17313632e-07,8.81762262e-08
2.403322,2.32159355e-01,2.29629467e-07,9.25819707e-08
2.404416,2.28646178e-01,2.43673833e-07,9.75442516e-08
2.405510,2.25114940e-01,2.58519717e-07,1.03155410e-07
2.406604,2.21575139e-01,2.74852855e-07,1.09150481e-07
2.407698,2.18036998e-01,2.92292333e-07,1.15875770e-07
2.408791,2.14511267e-01,3.11148149e-07,1.22771659e-07
2.409885,2.11009184e-01,3.30463392e-07,1.30275491e-07
2.410979,2.07542977e-01,3.51471527e-07,1.38196381e-07
2.412073,2.04124470e-01,3.73120641e-07,1.46027114e-07
2.413167,2.00765690e-01,3.94982692e-07,1.54178792e-07
2.414261,1.97479067e-01,4.17090187e-07,1.62489299e-07
2.415355,1.94276589e-01,4.38757567e-07,1.70675047e-07
2.416449,1.91169717e-01,4.64120144e-07,1.78807459e-07
2.417543,1.88169263e-01,4.87320969e-07,1.86961871e-07
2.418637,1.85285825e-01,5.09752225e-07,1.94907530e-07
2.419731,1.82529790e-01,5.30551463e-07,2.02778547e-07
2.420824,1.79910543e-01,5.55234278e-07,2.10229585e-07
2.421918,1.77435227e-01,5.76567742e-07,2.17213164e-07
2.423012,1.75110744e-01,5.97916681e-07,2.23944329e-07
2.424106,1.72942841e-01,6.16358387e-07,2.29991171e-07
2.425200,1.70935922e-01,6.35480792e-07,2.35289367e-07
2.426294,1.69092886e-01,6.49510777e-07,2.39877271e-07
2.427388,1.67416440e-01,6.63159177e-07,2.43728513e-07
2.428482,1.65907728e-01,6.73152865e-07,2.46646868e-07
2.429576,1.64566355e-01,6.81504436e-07,2.48452788e-07
2.430670,1.63390301e-01,6.80930021e-07,2.49184459e-07
2.431764,1.62378728e-01,6.79110708e-07,2.47704603e-07
2.432857,1.61528990e-01,6.78421971e-07,2.47719587e-07
2.433951,1.60836555e-01,6.76372995e-07,2.45118887e-07
2.435045,1.60296472e-01,6.63394665e-07,2.41492447e-07
2.436139,1.59902979e-01,6.51841916e-07,2.36498587e-07
2.437233,1.59650423e-01,6.34927367e-07,2.30673114e-07
2.438327,1.59533209e-01,6.12804542e-07,2.23781277e-07
2.439421,1.59544920e-01,5.94526742e-07,2.15902832e-07
2.440515,1.59678891e-01,5.67730461e-07,2.07236758e-07
2.441609,1.59927920e-01,5.39025890e-07,1.97606983e-07
2.442703,1.60285513e-01,5.11672093e-07,1.87482073e-07
2.443797,1.60744481e-01,4.84289963e-07,1.76722089e-07
2.444891,1.61298261e-01,4.49224906e-07,1.65564096e-07
2.445984,1.61940936e-01,4.14243927e-07,1.54031221e-07
2.447078,1.62666881e-01,3.86120920e-07,1.42478137e-07
2.448172,1.63469065e-01,3.50782429e-07,1.30607726e-07
2.449266,1.64341528e-01,3.22057152e-07,1.18868044e-07
2.450360,1.65278021e-01,2.86281004e-07,1.07122102e-07
2.451454,1.66273234e-01,2.57627883e-07,9.57191991e-08
2.452548,1.67321013e-01,2.27665209e-07,8.45742330e-08
2.453642,1.68416138e-01,2.00076644e-07,7.40280089e-08
2.454736,1.69553395e-01,1.73520435e-07,6.40819548e-08
2.455830,1.70727706e-01,1.48447005e-07,5.49834135e-08
2.456924,1.71934123e-01,1.26771091e-07,4.70422262e-08
2.458017,1.73167787e-01,1.07422142e-07,4.06118318e-08
2.459111,1.74424071e-01,9.27161419e-08,3.61735208e-08
2.460205,1.75698305e-01,8.43137842e-08,3.41360851e-08
2.461299,1.76985999e-01,8.14868220e-08,3.45878193e-08
2.462393,1.78282724e-01,8.46450668e-08,3.69282558e-08
2.463487,1.79583888e-01,9.19183924e-08,4.06444621e-08
2.464581,1.80884984e-01,1.01436091e-07,4.50907178e-08
2.465675,1.82181628e-01,1.13056594e-07,5.00066910e-08
2.466769,1.83469524e-01,1.25043956e-07,5.50057071e-08
2.467863,1.84744475e-01,1.37341882e-07,6.00921874e-08
2.468957,1.86002455e-01,1.49532785e-07,6.51119051e-08
2.470050,1.87239662e-01,1.62222700e-07,7.01218324e-08
2.471144,1.88452492e-01,1.74059180e-07,7.49757563e-08
2.472238,1.89637538e-01,1.85939509e-07,7.97407211e-08
2.473332,1.90791769e-01,1.98201257e-07,8.45612445e-08
2.474426,1.91912472e-01,2.09781079e-07,8.92680623e-08
2.475520,1.92997216e-01,2.21740469e-07,9.39621459e-08
2.476614,1.94043915e-01,2.33240451e-07,9.85905557e-08
2.477708,1.95050752e-01,2.44310896e-07,1.03079204e-07
2.478802,1.96016231e-01,2.55840620e-07,1.07620275e-07
2.479896,1.96939191e-01,2.67527663e-07,1.12156982e-07
2.480990,1.97818643e-01,2.78932729e-07,1.16539106e-07
2.482083,1.98653841e-01,2.90594870e-07,1.20927973e-07
2.483177,1.99444247e-01,3.01769734e-07,1.25154670e-07
2.484271,2.00189533e-01,3.13569618e-07,1.29413482e-07
2.485365,2.00889449e-01,3.24824152e-07,1.33426996e-07
2.486459,2.01543995e-01,3.35455540e-07,1.37396641e-07
2.487553,2.02153427e-01,3.46564243e-07,1.41219172e-07
2.488647,2.02717834e-01,3.58087073e-07,1.44880560e-07
2.489741,2.03237394e-01,3.68122063e-07,1.48307632e-07
2.490835,2.03712650e-01,3.77830275e-07,1.51646827e-07
2.491929,2.04144334e-01,3.87345725e-07,1.54753563e-07
2.493023,2.04533109e-01,3.96219108e-07,1.57661056e-07
2.494116,2.04879722e-01,4.05020313e-07,1.60348024e-07
2.495210,2.05184968e-01,4.13535519e-07,1.62961428e-07
2.496304,2.05449705e-01,4.22049565e-07,1.65325585e-07
2.497398,2.05674604e-01,4.30773750e-07,1.67472084e-07
2.498492,2.05860294e-01,4.37857846e-07,1.69308589e-07
2.499586,2.06007691e-01,4.44474924e-07,1.71038319e-07
2.500680,2.06117578e-01,4.52332820e-07,1.72484112e-07
2.501774,2.06190692e-01,4.58945868e-07,1.73771153e-07
2.502868,2.06227663e-01,4.64199080e-07,1.74746991e-07
2.503962,2.06228929e-01,4.71720333e-07,1.75526124e-07
2.505056,2.06194859e-01,4.77344957e-07,1.76038808e-07
2.506150,2.06125606e-01,4.82946497e-07,1.76329276e-07
2.507243,2.06021465e-01,4.86661866e-07,1.76308816e-07
2.508337,2.05882968e-01,4.90025335e-07,1.76112173e-07
2.509431,2.05710688e-01,4.94714867e-07,1.75694867e-07
2.510525,2.05504502e-01,4.98105143e-07,1.74985995e-07
2.511619,2.05264703e-01,4.99754869e-07,1.74053399e-07
2.512713,2.04991746e-01,5.01156821e-07,1.72871797e-07
2.513807,2.04685871e-01,5.01970124e-07,1.71474980e-07
2.514901,2.04347254e-01,5.02006537e-07,1.69889304e-07
2.515995,2.03976005e-01,5.05341780e-07,1.68095477e-07
2.517089,2.03571203e-01,5.10306177e-07,1.66012980e-07
2.518183,2.03131324e-01,5.11214453e-07,1.63730415e-07
2.519276,2.02655534e-01,5.12518305e-07,1.61113303e-07
2.520370,2.02143548e-01,5.08553135e-07,1.58312901e-07
2.521464,2.01595969e-01,5.03260994e-07,1.55328868e-07
2.522558,2.01013931e-01,4.99422299e-07,1.52295901e-07
2.523652,2.00397579e-01,4.98181980e-07,1.48939544e-07
2.524746,1.99746230e-01,4.98500683e-07,1.45516326e-07
2.525840,1.99059230e-01,4.84738190e-07,1.41913315e-07
2.526934,1.98339301e-01,4.77250185e-07,1.38277816e-07
2.528028,1.97587424e-01,4.69859204e-07,1.34483456e-07
2.529122,1.96804873e-01,4.60975875e-07,1.30657385e-07
2.530216,1.95993619e-01,4.52382962e-07,1.26863598e-07
2.531309,1.95153965e-01,4.45114741e-07,1.22819577e-07
2.532403,1.94286659e-01,4.32149343e-07,1.18757791e-07
2.533497,1.93395216e-01,4.17392866e-07,1.14896403e-07
2.534591,1.92481008e-01,4.08554413e-07,1.10782249e-07
2.535685,1.91546219e-01,3.91027512e-07,1.06905363e-07
2.536779,1.90594667e-01,3.82163312e-07,1.03107321e-07
2.537873,1.89627601e-01,3.65938443e-07,9.91614409e-08
2.538967,1.88648494e-01,3.51653676e-07,9.54645286e-08
2.540061,1.87659594e-01,3.37847787e-07,9.16809376e-08
2.541155,1.86662953e-01,3.27161221e-07,8.80247625e-08
2.542249,1.85660901e-01,3.15688003e-07,8.45196483e-08
2.543342,1.84654606e-01,3.01094486e-07,8.08933695e-08
2.544436,1.83647257e-01,2.85071483e-07,7.75888353e-08
2.545530,1.82641277e-01,2.72877908e-07,7.42361303e-08
2.546624,1.81637796e-01,2.60613639e-07,7.08924179e-08
2.547718,1.80637912e-01,2.47961994e-07,6.76383793e-08
2.548812,1.79642652e-01,2.40724457e-07,6.44674934e-08
2.549906,1.78653147e-01,2.29387434e-07,6.14822560e-08
2.551000,1.77670837e-01,2.15460793e-07,5.84806794e-08
2.552094,1.76696542e-01,2.04511173e-07,5.54543965e-08
2.553188,1.75731684e-01,1.94283187e-07,5.26883627e-08
2.554282,1.74776853e-01,1.82416567e-07,4.98264360e-08
2.555375,1.73833017e-01,1.75990997e-07,4.72092824e-08
2.556469,1.72900092e-01,1.66388085e-07,4.45239782e-08
2.557563,1.71978937e-01,1.53233720e-07,4.19988538e-08
2.558657,1.71069941e-01,1.48495252e-07,3.95367354e-08
2.559751,1.70173069e-01,1.38642468e-07,3.71812361e-08
2.560845,1.69288582e-01,1.28848657e-07,3.47914904e-08
2.561939,1.68416874e-01,1.22085575e-07,3.26064727e-08
2.563033,1.67557637e-01,1.12999718e-07,3.03886223e-08
2.564127,1.66711022e-01,1.05673996e-07,2.83724173e-08
2.565221,1.65876801e-01,9.97306691e-08,2.64325211e-08
2.566315,1.65054772e-01,9.34256994e-08,2.46062855e-08
2.567409,1.64244565e-01,8.56743168e-08,2.27930560e-08
2.568502,1.63446171e-01,8.10117793e-08,2.12119728e-08
2.569596,1.62658894e-01,7.49308252e-08,1.96311966e-08
2.570690,1.61882528e-01,7.05033267e-08,1.83326381e-08
2.571784,1.61116191e-01,6.56250174e-08,1.70473602e-08
2.572878,1.60359531e-01,6.00402815e-08,1.60233676e-08
2.573972,1.59612137e-01,5.52625198e-08,1.50748729e-08
2.575066,1.58873560e-01,5.10394028e-08,1.43752787e-08
2.576160,1.58143163e-01,4.82595280e-08,1.38244856e-08
2.577254,1.57420484e-01,4.43883734e-08,1.35714371e-08
2.578348,1.56705109e-01,4.16036734e-08,1.34337704e-08
2.579442,1.55996401e-01,3.93676502e-08,1.34339122e-08
2.580535,1.55293764e-01,3.79489755e-08,1.36319422e-08
2.581629,1.54596536e-01,3.66218593e-08,1.39499194e-08
2.582723,1.53904156e-01,3.59061720e-08,1.43733930e-08
2.583817,1.53216095e-01,3.58222882e-08,1.49132778e-08
2.584911,1.52531903e-01,3.62432030e-08,1.55244396e-08
2.586005,1.51850958e-01,3.66297158e-08,1.61497058e-08
2.587099,1.51172491e-01,3.80080512e-08,1.68386444e-08
2.588193,1.50496067e-01,3.92836556e-08,1.75490973e-08
2.589287,1.49821159e-01,4.09246617e-08,1.82622537e-08
2.590381,1.49147150e-01,4.21903360e-08,1.89627807e-08
2.591475,1.48473403e-01,4.41498880e-08,1.96798956e-08
2.592568,1.47799414e-01,4.55702743e-08,2.03723335e-08
2.593662,1.47124617e-01,4.80038114e-08,2.10930773e-08
2.594756,1.46448479e-01,5.00159568e-08,2.17715510e-08
2.595850,1.45770546e-01,5.20294062e-08,2.24486329e-08
2.596944,1.45090399e-01,5.39127465e-08,2.31114602e-08
2.598038,1.44407553e-01,5.54438311e-08,2.37284484e-08
2.599132,1.43721582e-01,5.77122883e-08,2.43695778e-08
2.600226,1.43032129e-01,5.98935620e-08,2.49851061e-08
2.601320,1.42338752e-01,6.14768754e-08,2.55825709e-08
2.602414,1.41641051e-01,6.33997208e-08,2.61800432e-08
2.603508,1.40938691e-01,6.55713290e-08,2.67613891e-08
2.604601,1.40231349e-01,6.71702386e-08,2.72904373e-08
2.605695,1.39518718e-01,6.89901558e-08,2.78301771e-08
2.606789,1.38800622e-01,7.08402547e-08,2.83868417e-08
2.607883,1.38076859e-01,7.26967459e-08,2.89116329e-08
2.608977,1.37347157e-01,7.44525130e-08,2.94095349e-08
2.610071,1.36611396e-01,7.62273450e-08,2.99252608e-08
2.611165,1.35869476e-01,7.79319249e-08,3.04291824e-08
2.612259,1.35121247e-01,7.97439301e-08,3.09053327e-08
2.613353,1.34366598e-01,8.14679180e-08,3.13731373e-08
2.614447,1.33605550e-01,8.30920182e-08,3.18685968e-08
2.615541,1.32838091e-01,8.48514567e-08,3.23187399e-08
2.616634,1.32064275e-01,8.64373105e-08,3.28021880e-08
2.617728,1.31284119e-01,8.80471227e-08,3.32389693e-08
2.618822,1.30497706e-01,8.97415338e-08,3.36812411e-08
2.619916,1.29705156e-01,9.13728062e-08,3.41332780e-08
2.621010,1.28906637e-01,9.29463441e-08,3.45715814e-08
2.622104,1.28102273e-01,9.46219500e-08,3.49746078e-08
2.623198,1.27292201e-01,9.63130614e-08,3.54049588e-08
2.624292,1.26476590e-01,9.79931470e-08,3.58223833e-08
2.625386,1.25655608e-01,9.97166737e-08,3.62079797e-08
2.626480,1.24829497e-01,1.01404960e-07,3.66560442e-08
2.627574,1.23998552e-01,1.03219290e-07,3.70436324e-08
2.628668,1.23162929e-01,1.04734277e-07,3.73963545e-08
2.629761,1.22322809e-01,1.06180913e-07,3.77325248e-08
2.630855,1.21478560e-01,1.07804910e-07,3.81350493e-08
2.631949,1.20630535e-01,1.09251856e-07,3.84542257e-08
2.633043,1.19779039e-01,1.10653689e-07,3.87845769e-08
2.634137,1.18924480e-01,1.12100708e-07,3.91029218e-08
2.635231,1.18067156e-01,1.13667496e-07,3.93802981e-08
2.636325,1.17207274e-01,1.15362128e-07,3.96801326e-08
2.637419,1.16345126e-01,1.16764031e-07,3.99271390e-08
2.638513,1.15481001e-01,1.18180789e-07,4.01609358e-08
2.639607,1.14615196e-01,1.19734829e-07,4.03894522e-08
2.640701,1.13748134e-01,1.21059850e-07,4.06384037e-08
2.641794,1.12880093e-01,1.22704504e-07,4.08164844e-08
2.642888,1.12011205e-01,1.24400514e-07,4.09592579e-08
2.643982,1.11141566e-01,1.25295189e-07,4.11288078e-08
2.645076,1.10271589e-01,1.26932777e-07,4.12452753e-08
2.646170,1.09401383e-01,1.29280585e-07,4.13776658e-08
2.647264,1.08530912e-01,1.30482833e-07,4.14285002e-08
2.648358,1.07660406e-01,1.32756873e-07,4.15225173e-08
2.649452,1.06789755e-01,1.33805475e-07,4.15014915e-08
2.650546,1.05918951e-01,1.35362791e-07,4.14433032e-08
2.651640,1.05048111e-01,1.36399196e-07,4.14181300e-08
2.652734,1.04177405e-01,1.37131767e-07,4.13008391e-08
2.653827,1.03306803e-01,1.38759623e-07,4.11505635e-08
2.654921,1.02436502e-01,1.39415571e-07,4.10616134e-08
2.656015,1.01566706e-01,1.39531723e-07,4.08620069e-08
2.657109,1.00697566e-01,1.41084415e-07,4.06609098e-08
2.658203,9.98288773e-02,1.41469468e-07,4.03763405e-08
