time_orbits,dist_km,u_p_norm,u_e_norm
0.000000,0.00000000e+00,0.00000000e+00,0.00000000e+00
0.000547,8.66221853e+02,1.17359163e-03,5.86953664e-04
0.001094,8.66461385e+02,1.26033402e-03,6.30442568e-04
0.001641,8.66739769e+02,1.25660447e-03,6.28478463e-04
0.002188,8.67054582e+02,1.25245938e-03,6.26169183e-04
0.002735,8.67403518e+02,1.24770786e-03,6.23737165e-04
0.003282,8.67784377e+02,1.24311417e-03,6.21373227e-04
0.003829,8.68195045e+02,1.23859747e-03,6.19049110e-04
0.004376,8.68633496e+02,1.23427930e-03,6.16876903e-04
0.004923,8.69097786e+02,1.23007816e-03,6.14818810e-04
0.005470,8.69586057e+02,1.22602585e-03,6.12876800e-04
0.006017,8.70096531e+02,1.22234091e-03,6.11078567e-04
0.006563,8.70627501e+02,1.21917430e-03,6.09373147e-04
0.007110,8.71177346e+02,1.21565585e-03,6.07912512e-04
0.007657,8.71744538e+02,1.21243416e-03,6.06635510e-04
0.008204,8.72327609e+02,1.21013836e-03,6.05425934e-04
0.008751,8.72925143e+02,1.20834005e-03,6.04436386e-04
0.009298,8.73535803e+02,1.20636830e-03,6.03560896e-04
0.009845,8.74158353e+02,1.20413369e-03,6.02906205e-04
0.010392,8.74791613e+02,1.20321670e-03,6.02478464e-04
0.010939,8.75434460e+02,1.20211272e-03,6.02211452e-04
0.011486,8.76085843e+02,1.20172369e-03,6.02037334e-04
0.012033,8.76744758e+02,1.20184316e-03,6.02074979e-04
0.012580,8.77410256e+02,1.20245668e-03,6.02239235e-04
0.013127,8.78081472e+02,1.20247081e-03,6.02623431e-04
0.013674,8.78757606e+02,1.20343679e-03,6.03161157e-04
0.014221,8.79437897e+02,1.20508129e-03,6.03875574e-04
0.014768,8.80121640e+02,1.20655958e-03,6.04792424e-04
0.015315,8.80808199e+02,1.20854258e-03,6.05901367e-04
0.015862,8.81496971e+02,1.21136520e-03,6.07188339e-04
0.016409,8.82187392e+02,1.21457074e-03,6.08605604e-04
0.016956,8.82878965e+02,1.21761159e-03,6.10207429e-04
0.017503,8.83571241e+02,1.22140919e-03,6.11971217e-04
0.018050,8.84263821e+02,1.22508824e-03,6.13965289e-04
0.018596,8.84956367e+02,1.22900411e-03,6.16101903e-04
0.019143,8.85648583e+02,1.23356591e-03,6.18429308e-04
0.019690,8.86340221e+02,1.23803219e-03,6.20879800e-04
0.020237,8.87031072e+02,1.24333571e-03,6.23630634e-04
0.020784,8.87720948e+02,1.24907980e-03,6.26455518e-04
0.021331,8.88409701e+02,1.25523653e-03,6.29419897e-04
0.021878,8.89097226e+02,1.26126337e-03,6.32615082e-04
0.022425,8.89783453e+02,1.26790602e-03,6.36041699e-04
0.022972,8.90468340e+02,1.27496931e-03,6.39400648e-04
0.023519,8.91151883e+02,1.28235575e-03,6.42996659e-04
0.024066,8.91834109e+02,1.28976404e-03,6.46726683e-04
0.024613,8.92515079e+02,1.29766534e-03,6.50530070e-04
0.025160,8.93194887e+02,1.30537090e-03,6.54613886e-04
0.025707,8.93873656e+02,1.31371420e-03,6.58663023e-04
0.026254,8.94551531e+02,1.32222517e-03,6.62958762e-04
0.026801,8.95228688e+02,1.33088496e-03,6.67256666e-04
0.027348,8.95905323e+02,1.34005695e-03,6.71696226e-04
0.027895,8.96581667e+02,1.34873833e-03,6.76197662e-04
0.028442,8.97257980e+02,1.35801221e-03,6.80811545e-04
0.028989,8.97934544e+02,1.36709535e-03,6.85427232e-04
0.029536,8.98611666e+02,1.37666924e-03,6.90214135e-04
0.030083,8.99289662e+02,1.38636736e-03,6.94996599e-04
0.030630,8.99968881e+02,1.39573901e-03,6.99865702e-04
0.031176,9.00649686e+02,1.40572784e-03,7.04821415e-04
0.031723,9.01332446e+02,1.41564633e-03,7.09891516e-04
0.032270,9.02017549e+02,1.42585338e-03,7.14933577e-04
0.032817,9.02705392e+02,1.43624597e-03,7.19981040e-04
0.033364,9.03396389e+02,1.44645352e-03,7.25139265e-04
0.033911,9.04090964e+02,1.45689433e-03,7.30268307e-04
0.034458,9.04789558e+02,1.46718390e-03,7.35441873e-04
0.035005,9.05492620e+02,1.47757561e-03,7.40581549e-04
0.035552,9.06200607e+02,1.48821105e-03,7.45717158e-04
0.036099,9.06913982e+02,1.49856473e-03,7.50848693e-04
0.036646,9.07633222e+02,1.50867507e-03,7.55939176e-04
0.037193,9.08358811e+02,1.51894707e-03,7.61080449e-04
0.037740,9.09091236e+02,1.52945920e-03,7.66202422e-04
0.038287,9.09830984e+02,1.53968284e-03,7.71275698e-04
0.038834,9.10578553e+02,1.54980428e-03,7.76361040e-04
0.039381,9.11334439e+02,1.56005568e-03,7.81434077e-04
0.039928,9.12099149e+02,1.56991970e-03,7.86490541e-04
0.040475,9.12873175e+02,1.58040744e-03,7.91440035e-04
0.041022,9.13657003e+02,1.59047335e-03,7.96399070e-04
0.041569,9.14451134e+02,1.60026525e-03,8.01325568e-04
0.042116,9.15256074e+02,1.60986243e-03,8.06215805e-04
0.042663,9.16072301e+02,1.61991648e-03,8.10979921e-04
0.043209,9.16900281e+02,1.62943758e-03,8.15719077e-04
0.043756,9.17740481e+02,1.63907336e-03,8.20374456e-04
0.044303,9.18593363e+02,1.64816516e-03,8.24992710e-04
0.044850,9.19459400e+02,1.65752401e-03,8.29584267e-04
0.045397,9.20339060e+02,1.66649865e-03,8.34092399e-04
0.045944,9.21232773e+02,1.67607248e-03,8.38481115e-04
0.046491,9.22140954e+02,1.68512781e-03,8.42824963e-04
0.047038,9.23064051e+02,1.69356469e-03,8.47122242e-04
0.047585,9.24002503e+02,1.70200837e-03,8.51319070e-04
0.048132,9.24956714e+02,1.71016484e-03,8.55434094e-04
0.048679,9.25927049e+02,1.71919005e-03,8.59445386e-04
0.049226,9.26913836e+02,1.72786286e-03,8.63348478e-04
0.049773,9.27917405e+02,1.73583028e-03,8.67172205e-04
0.050320,9.28938108e+02,1.74344975e-03,8.70914206e-04
0.050867,9.29976263e+02,1.75148100e-03,8.74545605e-04
0.051414,9.31032156e+02,1.75909154e-03,8.78080929e-04
0.051961,9.32106047e+02,1.76695807e-03,8.81503302e-04
0.052508,9.33198245e+02,1.77278244e-03,8.84863512e-04
0.053055,9.34309004e+02,1.78105572e-03,8.88087613e-04
0.053602,9.35438511e+02,1.78765253e-03,8.91214569e-04
0.054149,9.36586983e+02,1.79451620e-03,8.94229504e-04
0.054696,9.37754681e+02,1.79913022e-03,8.97159094e-04
0.055242,9.38941933e+02,1.80382448e-03,9.00009177e-04
0.055789,9.40148928e+02,1.81062156e-03,9.02750556e-04
0.056336,9.41375862e+02,1.81440016e-03,9.05384524e-04
0.056883,9.42622893e+02,1.82135930e-03,9.07925359e-04
0.057430,9.43890055e+02,1.82724422e-03,9.10332788e-04
0.057977,9.45177438e+02,1.83204822e-03,9.12612297e-04
0.058524,9.46485077e+02,1.83823277e-03,9.14781739e-04
0.059071,9.47812978e+02,1.84272855e-03,9.16807910e-04
0.059618,9.49161236e+02,1.84580923e-03,9.18713986e-04
0.060165,9.50529966e+02,1.84900301e-03,9.20526018e-04
0.060712,9.51919199e+02,1.85314517e-03,9.22238109e-04
0.061259,9.53328841e+02,1.85826380e-03,9.23833040e-04
0.061806,9.54758868e+02,1.85986102e-03,9.25258527e-04
0.062353,9.56209233e+02,1.86485742e-03,9.26634597e-04
0.062900,9.57679720e+02,1.86985193e-03,9.27870866e-04
0.063447,9.59170140e+02,1.87312133e-03,9.28928821e-04
0.063994,9.60680370e+02,1.87548503e-03,9.29857584e-04
0.064541,9.62210306e+02,1.87759633e-03,9.30669108e-04
0.065088,9.63759891e+02,1.87798269e-03,9.31343722e-04
0.065635,9.65328989e+02,1.88098695e-03,9.31959757e-04
0.066182,9.66917235e+02,1.88573988e-03,9.32463706e-04
0.066729,9.68524435e+02,1.88380821e-03,9.32700283e-04
0.067276,9.70150635e+02,1.88208537e-03,9.32875876e-04
0.067822,9.71795780e+02,1.88198296e-03,9.33004958e-04
0.068369,9.73459745e+02,1.88116651e-03,9.33013491e-04
0.068916,9.75142327e+02,1.88187641e-03,9.32947751e-04
0.069463,9.76843190e+02,1.88318057e-03,9.32760790e-04
0.070010,9.78561960e+02,1.88398424e-03,9.32433647e-04
0.070557,9.80298190e+02,1.88615729e-03,9.31996918e-04
0.071104,9.82051461e+02,1.88574017e-03,9.31370886e-04
0.071651,9.83821449e+02,1.88485627e-03,9.30612496e-04
0.072198,9.85607829e+02,1.88362377e-03,9.29739224e-04
0.072745,9.87410363e+02,1.88005368e-03,9.28711273e-04
0.073292,9.89228914e+02,1.87573890e-03,9.27588784e-04
0.073839,9.91063192e+02,1.87502834e-03,9.26466253e-04
0.074386,9.92912870e+02,1.87072506e-03,9.25134663e-04
0.074933,9.94777689e+02,1.86766351e-03,9.23754147e-04
0.075480,9.96657296e+02,1.86505037e-03,9.22282530e-04
0.076027,9.98551267e+02,1.86291291e-03,9.20709821e-04
0.076574,1.00045918e+03,1.85958413e-03,9.18994441e-04
0.077121,1.00238068e+03,1.85506713e-03,9.17147605e-04
0.077668,1.00431545e+03,1.84994328e-03,9.15194519e-04
0.078215,1.00626307e+03,1.84744095e-03,9.13216716e-04
0.078762,1.00822300e+03,1.84475531e-03,9.11124371e-04
0.079309,1.01019476e+03,1.83976813e-03,9.08858014e-04
0.079855,1.01217791e+03,1.83653047e-03,9.06545825e-04
0.080402,1.01417189e+03,1.83317235e-03,9.04119217e-04
0.080949,1.01617617e+03,1.82907977e-03,9.01567307e-04
0.081496,1.01819028e+03,1.82328528e-03,8.98867500e-04
0.082043,1.02021387e+03,1.81598206e-03,8.96053940e-04
0.082590,1.02224644e+03,1.81294764e-03,8.93278733e-04
0.083137,1.02428747e+03,1.80641145e-03,8.90294000e-04
0.083684,1.02633661e+03,1.79760469e-03,8.87186495e-04
0.084231,1.02839347e+03,1.79273740e-03,8.84128219e-04
0.084778,1.03045752e+03,1.78651076e-03,8.80932417e-04
0.085325,1.03252822e+03,1.78126091e-03,8.77681100e-04
0.085872,1.03460511e+03,1.77279105e-03,8.74251195e-04
0.086419,1.03668776e+03,1.76673725e-03,8.70820319e-04
0.086966,1.03877556e+03,1.76098192e-03,8.67303792e-04
0.087513,1.04086801e+03,1.75319043e-03,8.63656321e-04
0.088060,1.04296477e+03,1.74238911e-03,8.59868617e-04
0.088607,1.04506553e+03,1.73385254e-03,8.56106884e-04
0.089154,1.04716977e+03,1.72790165e-03,8.52346831e-04
0.089701,1.04927681e+03,1.72269400e-03,8.48502100e-04
0.090248,1.05138610e+03,1.71378379e-03,8.44472270e-04
0.090795,1.05349713e+03,1.70670559e-03,8.40433477e-04
0.091342,1.05560935e+03,1.69863792e-03,8.36288503e-04
0.091889,1.05772220e+03,1.69164739e-03,8.32103073e-04
0.092435,1.05983515e+03,1.68254326e-03,8.27785929e-04
0.092982,1.06194776e+03,1.67241257e-03,8.23395183e-04
0.093529,1.06405963e+03,1.66290363e-03,8.18982017e-04
0.094076,1.06617040e+03,1.65089738e-03,8.14462578e-04
0.094623,1.06827976e+03,1.64055426e-03,8.09962953e-04
0.095170,1.07038711e+03,1.63514482e-03,8.05539747e-04
0.095717,1.07249178e+03,1.62718278e-03,8.00948961e-04
0.096264,1.07459330e+03,1.61550412e-03,7.96205931e-04
0.096811,1.07669133e+03,1.60480221e-03,7.91469727e-04
0.097358,1.07878541e+03,1.59587119e-03,7.86740407e-04
0.097905,1.08087505e+03,1.58549122e-03,7.81916567e-04
0.098452,1.08295975e+03,1.57734381e-03,7.77107557e-04
0.098999,1.08503899e+03,1.56697043e-03,7.72187834e-04
0.099546,1.08711232e+03,1.55654226e-03,7.67224120e-04
0.100093,1.08917935e+03,1.54518408e-03,7.62202983e-04
0.100640,1.09123963e+03,1.53538941e-03,7.57193281e-04
0.101187,1.09329261e+03,1.52713722e-03,7.52169721e-04
0.101734,1.09533785e+03,1.51410394e-03,7.46985804e-04
0.102281,1.09737498e+03,1.50413897e-03,7.41866413e-04
0.102828,1.09940343e+03,1.49658601e-03,7.36753344e-04
0.103375,1.10142272e+03,1.48366546e-03,7.31461709e-04
0.103922,1.10343256e+03,1.47117878e-03,7.26174927e-04
0.104468,1.10543262e+03,1.45942970e-03,7.20899560e-04
0.105015,1.10742252e+03,1.44780368e-03,7.15604020e-04
0.105562,1.10940190e+03,1.43621068e-03,7.10295842e-04
0.106109,1.11137040e+03,1.42399391e-03,7.04951194e-04
0.106656,1.11332757e+03,1.41488858e-03,6.99658171e-04
0.107203,1.11527282e+03,1.40657651e-03,6.94333896e-04
0.107750,1.11720569e+03,1.39471110e-03,6.88887251e-04
0.108297,1.11912576e+03,1.38437516e-03,6.83455118e-04
0.108844,1.12103261e+03,1.37305926e-03,6.77981701e-04
0.109391,1.12292578e+03,1.36393877e-03,6.72528081e-04
0.109938,1.12480482e+03,1.35208156e-03,6.66981251e-04
0.110485,1.12666940e+03,1.33887180e-03,6.61398761e-04
0.111032,1.12851923e+03,1.32729732e-03,6.55861645e-04
0.111579,1.13035381e+03,1.31935360e-03,6.50375171e-04
0.112126,1.13217262e+03,1.30860863e-03,6.44786557e-04
0.112673,1.13397531e+03,1.29558694e-03,6.39137527e-04
0.113220,1.13576155e+03,1.28468273e-03,6.33539334e-04
0.113767,1.13753095e+03,1.27320378e-03,6.27914564e-04
0.114314,1.13928320e+03,1.26077914e-03,6.22262963e-04
0.114861,1.14101793e+03,1.25035157e-03,6.16656210e-04
0.115408,1.14273474e+03,1.23877042e-03,6.11002139e-04
0.115955,1.14443329e+03,1.22761739e-03,6.05365001e-04
0.116501,1.14611325e+03,1.21553265e-03,5.99699925e-04
0.117048,1.14777434e+03,1.20289408e-03,5.94027279e-04
0.117595,1.14941627e+03,1.19162025e-03,5.88386775e-04
0.118142,1.15103872e+03,1.17873883e-03,5.82715095e-04
0.118689,1.15264147e+03,1.16578576e-03,5.77052584e-04
0.119236,1.15422420e+03,1.15568063e-03,5.71450073e-04
0.119783,1.15578647e+03,1.14570966e-03,5.65834419e-04
0.120330,1.15732791e+03,1.13469268e-03,5.60178540e-04
0.120877,1.15884822e+03,1.12217642e-03,5.54504250e-04
0.121424,1.16034712e+03,1.11072811e-03,5.48858472e-04
0.121971,1.16182428e+03,1.10069851e-03,5.43241087e-04
0.122518,1.16327939e+03,1.08810643e-03,5.37566923e-04
0.123065,1.16471220e+03,1.07632979e-03,5.31929287e-04
0.123612,1.16612245e+03,1.06456598e-03,5.26297972e-04
0.124159,1.16750987e+03,1.05252529e-03,5.20668091e-04
0.124706,1.16887418e+03,1.04164110e-03,5.15073803e-04
0.125253,1.17021507e+03,1.03147688e-03,5.09495021e-04
0.125800,1.17153221e+03,1.02041322e-03,5.03896504e-04
0.126347,1.17282529e+03,1.01017448e-03,4.98310601e-04
0.126894,1.17409405e+03,9.97931273e-04,4.92700174e-04
0.127441,1.17533820e+03,9.88176132e-04,4.87152106e-04
0.127988,1.17655743e+03,9.77871983e-04,4.81590183e-04
0.128535,1.17775145e+03,9.66991187e-04,4.76022284e-04
0.129081,1.17892003e+03,9.55202079e-04,4.70455931e-04
0.129628,1.18006296e+03,9.43497161e-04,4.64907607e-04
0.130175,1.18118005e+03,9.31392111e-04,4.59378726e-04
0.130722,1.18227111e+03,9.19556762e-04,4.53871584e-04
0.131269,1.18333590e+03,9.09300254e-04,4.48415017e-04
0.131816,1.18437418e+03,8.98096517e-04,4.42947007e-04
0.132363,1.18538574e+03,8.86939192e-04,4.37500734e-04
0.132910,1.18637037e+03,8.75847794e-04,4.32076957e-04
0.133457,1.18732788e+03,8.64250557e-04,4.26659636e-04
0.134004,1.18825806e+03,8.53346541e-04,4.21276705e-04
0.134551,1.18916074e+03,8.42128918e-04,4.15912099e-04
0.135098,1.19003570e+03,8.31631275e-04,4.10572383e-04
0.135645,1.19088273e+03,8.21051970e-04,4.05248950e-04
0.136192,1.19170165e+03,8.09421686e-04,3.99931803e-04
0.136739,1.19249231e+03,7.98290228e-04,3.94650785e-04
0.137286,1.19325454e+03,7.87357585e-04,3.89393935e-04
0.137833,1.19398815e+03,7.77266813e-04,3.84170636e-04
0.138380,1.19469290e+03,7.67742511e-04,3.78973171e-04
0.138927,1.19536861e+03,7.57252543e-04,3.73776336e-04
0.139474,1.19601513e+03,7.45481770e-04,3.68588843e-04
0.140021,1.19663233e+03,7.35283011e-04,3.63455742e-04
0.140568,1.19722005e+03,7.24690978e-04,3.58341615e-04
0.141114,1.19777812e+03,7.14521948e-04,3.53255907e-04
0.141661,1.19830638e+03,7.04376302e-04,3.48192122e-04
0.142208,1.19880469e+03,6.93407187e-04,3.43139048e-04
0.142755,1.19927292e+03,6.82710067e-04,3.38124805e-04
0.143302,1.19971093e+03,6.72749571e-04,3.33146599e-04
0.143849,1.20011855e+03,6.63106920e-04,3.28197159e-04
0.144396,1.20049562e+03,6.53402279e-04,3.23272458e-04
0.144943,1.20084201e+03,6.43174667e-04,3.18367135e-04
0.145490,1.20115758e+03,6.33548683e-04,3.13498061e-04
0.146037,1.20144219e+03,6.23705736e-04,3.08649570e-04
0.146584,1.20169572e+03,6.14185896e-04,3.03839775e-04
0.147131,1.20191802e+03,6.05176241e-04,2.99065749e-04
0.147678,1.20210895e+03,5.95668719e-04,2.94307119e-04
0.148225,1.20226839e+03,5.86802617e-04,2.89582861e-04
0.148772,1.20239621e+03,5.76658659e-04,2.84866126e-04
0.149319,1.20249232e+03,5.66328883e-04,2.80183299e-04
0.149866,1.20255663e+03,5.56992714e-04,2.75555068e-04
0.150413,1.20258902e+03,5.48240463e-04,2.70961699e-04
0.150960,1.20258938e+03,5.39073947e-04,2.66391508e-04
0.151507,1.20255761e+03,5.30004224e-04,2.61855584e-04
0.152054,1.20249360e+03,5.20963812e-04,2.57355138e-04
0.152601,1.20239729e+03,5.10561681e-04,2.52862604e-04
0.153148,1.20226861e+03,5.01932002e-04,2.48438968e-04
0.153694,1.20210747e+03,4.92830030e-04,2.44034914e-04
0.154241,1.20191377e+03,4.83986538e-04,2.39672833e-04
0.154788,1.20168745e+03,4.75110707e-04,2.35341007e-04
0.155335,1.20142841e+03,4.65862910e-04,2.31040445e-04
0.155882,1.20113661e+03,4.57368443e-04,2.26787795e-04
0.156429,1.20081196e+03,4.49415406e-04,2.22576918e-04
0.156976,1.20045436e+03,4.41057843e-04,2.18394402e-04
0.157523,1.20006378e+03,4.32691110e-04,2.14244956e-04
0.158070,1.19964012e+03,4.24678271e-04,2.10134580e-04
0.158617,1.19918332e+03,4.16464559e-04,2.06054600e-04
0.159164,1.19869333e+03,4.08157292e-04,2.02011772e-04
0.159711,1.19817010e+03,3.99451575e-04,1.97998081e-04
0.160258,1.19761359e+03,3.91768885e-04,1.94040758e-04
0.160805,1.19702372e+03,3.83925525e-04,1.90114689e-04
0.161352,1.19640046e+03,3.76089757e-04,1.86225198e-04
0.161899,1.19574374e+03,3.68468458e-04,1.82380764e-04
0.162446,1.19505353e+03,3.60865011e-04,1.78573748e-04
0.162993,1.19432978e+03,3.53528482e-04,1.74807504e-04
0.163540,1.19357246e+03,3.46143085e-04,1.71080146e-04
0.164087,1.19278152e+03,3.39014214e-04,1.67397100e-04
0.164634,1.19195694e+03,3.32160528e-04,1.63759188e-04
0.165181,1.19109869e+03,3.24620428e-04,1.60147407e-04
0.165727,1.19020677e+03,3.17317826e-04,1.56583623e-04
0.166274,1.18928118e+03,3.10321427e-04,1.53065787e-04
0.166821,1.18832188e+03,3.03361340e-04,1.49588224e-04
0.167368,1.18732889e+03,2.95970969e-04,1.46141745e-04
0.167915,1.18630218e+03,2.88930105e-04,1.42749189e-04
0.168462,1.18524178e+03,2.82066700e-04,1.39402580e-04
0.169009,1.18414767e+03,2.75148533e-04,1.36098091e-04
0.169556,1.18301987e+03,2.68685561e-04,1.32847709e-04
0.170103,1.18185838e+03,2.62017785e-04,1.29636627e-04
0.170650,1.18066324e+03,2.55743618e-04,1.26479652e-04
0.171197,1.17943445e+03,2.49627832e-04,1.23370474e-04
0.171744,1.17817204e+03,2.43437631e-04,1.20304711e-04
0.172291,1.17687603e+03,2.37319404e-04,1.17286593e-04
0.172838,1.17554645e+03,2.31298236e-04,1.14317668e-04
0.173385,1.17418334e+03,2.25248300e-04,1.11395790e-04
0.173932,1.17278672e+03,2.19565336e-04,1.08531723e-04
0.174479,1.17135663e+03,2.14176884e-04,1.05723703e-04
0.175026,1.16989313e+03,2.08662023e-04,1.02962301e-04
0.175573,1.16839625e+03,2.02891419e-04,1.00246541e-04
0.176120,1.16686605e+03,1.97204241e-04,9.75872497e-05
0.176667,1.16530259e+03,1.92559800e-04,9.50038287e-05
0.177214,1.16370593e+03,1.87559770e-04,9.24668155e-05
0.177760,1.16207616e+03,1.82509482e-04,8.99851792e-05
0.178307,1.16041333e+03,1.77107435e-04,8.75502168e-05
0.178854,1.15871753e+03,1.72512373e-04,8.51977871e-05
0.179401,1.15698885e+03,1.68157392e-04,8.29105939e-05
0.179948,1.15522737e+03,1.63798949e-04,8.06862516e-05
0.180495,1.15343318e+03,1.59041651e-04,7.85138494e-05
0.181042,1.15160638e+03,1.54931776e-04,7.64265354e-05
0.181589,1.14974708e+03,1.50743617e-04,7.44037859e-05
0.182136,1.14785539e+03,1.46243084e-04,7.24458447e-05
0.182683,1.14593141e+03,1.42545940e-04,7.05841030e-05
0.183230,1.14397527e+03,1.38951771e-04,6.87952088e-05
0.183777,1.14198708e+03,1.35281188e-04,6.70853862e-05
0.184324,1.13996700e+03,1.32237187e-04,6.54655634e-05
0.184871,1.13791514e+03,1.29033539e-04,6.39280237e-05
0.185418,1.13583167e+03,1.25991458e-04,6.24818814e-05
0.185965,1.13371672e+03,1.23224739e-04,6.11378436e-05
0.186512,1.13157045e+03,1.20874975e-04,5.98847762e-05
0.187059,1.12939303e+03,1.18743909e-04,5.87309328e-05
0.187606,1.12718462e+03,1.16612608e-04,5.76746283e-05
0.188153,1.12494541e+03,1.14588730e-04,5.67247860e-05
0.188700,1.12267557e+03,1.12865719e-04,5.58851670e-05
0.189247,1.12037528e+03,1.11196152e-04,5.51486731e-05
0.189794,1.11804473e+03,1.09864606e-04,5.45287126e-05
0.190340,1.11568413e+03,1.08842749e-04,5.40163748e-05
0.190887,1.11329367e+03,1.07924319e-04,5.36175801e-05
0.191434,1.11087356e+03,1.07401569e-04,5.33282838e-05
0.191981,1.10842403e+03,1.07137605e-04,5.31537210e-05
0.192528,1.10594531e+03,1.06891456e-04,5.30881112e-05
0.193075,1.10343761e+03,1.07078633e-04,5.31260909e-05
0.193622,1.10090119e+03,1.07536457e-04,5.32704252e-05
0.194169,1.09833629e+03,1.07954593e-04,5.35188797e-05
0.194716,1.09574317e+03,1.08395543e-04,5.38685837e-05
0.195263,1.09312206e+03,1.09280372e-04,5.43113091e-05
0.195810,1.09047324e+03,1.10352114e-04,5.48439250e-05
0.196357,1.08779698e+03,1.11659320e-04,5.54650490e-05
0.196904,1.08509357e+03,1.13088092e-04,5.61713182e-05
0.197451,1.08236328e+03,1.14628205e-04,5.69519596e-05
0.197998,1.07960642e+03,1.16468457e-04,5.78036203e-05
0.198545,1.07682329e+03,1.18231653e-04,5.87370740e-05
0.199092,1.07401418e+03,1.20141907e-04,5.97292291e-05
0.199639,1.07117942e+03,1.22379616e-04,6.07816961e-05
0.200186,1.06831932e+03,1.24475799e-04,6.18871031e-05
0.200733,1.06543421e+03,1.26718167e-04,6.30445516e-05
0.201280,1.06252443e+03,1.29079465e-04,6.42470018e-05
0.201827,1.05959033e+03,1.31795354e-04,6.55047415e-05
0.202373,1.05663225e+03,1.34284905e-04,6.67996202e-05
0.202920,1.05365055e+03,1.36869771e-04,6.81353023e-05
0.203467,1.05064559e+03,1.39713249e-04,6.95006270e-05
0.204014,1.04761775e+03,1.42466578e-04,7.08962210e-05
0.204561,1.04456740e+03,1.45370742e-04,7.23224576e-05
0.205108,1.04149495e+03,1.48407751e-04,7.37861200e-05
0.205655,1.03840078e+03,1.51150458e-04,7.52631867e-05
0.206202,1.03528529e+03,1.54205100e-04,7.67670351e-05
0.206749,1.03214888e+03,1.57235539e-04,7.82908489e-05
0.207296,1.02899197e+03,1.60208823e-04,7.98338332e-05
0.207843,1.02581495e+03,1.63305484e-04,8.13941644e-05
0.208390,1.02261824e+03,1.66648723e-04,8.29683001e-05
0.208937,1.01940231e+03,1.69885317e-04,8.45544331e-05
0.209484,1.01616758e+03,1.73216497e-04,8.61536792e-05
0.210031,1.01291453e+03,1.76451835e-04,8.77608033e-05
0.210578,1.00964363e+03,1.79438209e-04,8.93720015e-05
0.211125,1.00635532e+03,1.82670742e-04,9.09943811e-05
0.211672,1.00305007e+03,1.85959105e-04,9.26244408e-05
0.212219,9.99728391e+02,1.89283497e-04,9.42635506e-05
0.212766,9.96390758e+02,1.92716974e-04,9.59160021e-05
0.213313,9.93037670e+02,1.95951081e-04,9.75639002e-05
0.213860,9.89669622e+02,1.99199426e-04,9.92135594e-05
0.214407,9.86287116e+02,2.02413719e-04,1.00857928e-04
0.214953,9.82890671e+02,2.05814821e-04,1.02513702e-04
0.215500,9.79480820e+02,2.09129030e-04,1.04169359e-04
0.216047,9.76058107e+02,2.12470156e-04,1.05828289e-04
0.216594,9.72623073e+02,2.15974827e-04,1.07505486e-04
0.217141,9.69176245e+02,2.19368499e-04,1.09171343e-04
0.217688,9.65718173e+02,2.22771657e-04,1.10833893e-04
0.218235,9.62249428e+02,2.26235133e-04,1.12504836e-04
0.218782,9.58770582e+02,2.29521076e-04,1.14164740e-04
0.219329,9.55282213e+02,2.32821313e-04,1.15823282e-04
0.219876,9.51784907e+02,2.36217649e-04,1.17488797e-04
0.220423,9.48279249e+02,2.39490415e-04,1.19142256e-04
0.220970,9.44765816e+02,2.42842572e-04,1.20793380e-04
0.221517,9.41245203e+02,2.46117928e-04,1.22436145e-04
0.222064,9.37718032e+02,2.49560513e-04,1.24093503e-04
0.222611,9.34184916e+02,2.52884304e-04,1.25741137e-04
0.223158,9.30646474e+02,2.56169008e-04,1.27382285e-04
0.223705,9.27103323e+02,2.59396845e-04,1.29013594e-04
0.224252,9.23556086e+02,2.62565298e-04,1.30634675e-04
0.224799,9.20005397e+02,2.65840748e-04,1.32260690e-04
0.225346,9.16451900e+02,2.69012879e-04,1.33877896e-04
0.225893,9.12896247e+02,2.72112462e-04,1.35488567e-04
0.226440,9.09339083e+02,2.75482402e-04,1.37109152e-04
0.226986,9.05781051e+02,2.78852431e-04,1.38727873e-04
0.227533,9.02222800e+02,2.82116019e-04,1.40330198e-04
0.228080,8.98664978e+02,2.85344110e-04,1.41927795e-04
0.228627,8.95108244e+02,2.88663915e-04,1.43524275e-04
0.229174,8.91553266e+02,2.91810120e-04,1.45113491e-04
0.229721,8.88000719e+02,2.95074530e-04,1.46701091e-04
0.230268,8.84451275e+02,2.98126900e-04,1.48278606e-04
0.230815,8.80905623e+02,3.01319372e-04,1.49861729e-04
0.231362,8.77364452e+02,3.04621703e-04,1.51456330e-04
0.231909,8.73828472e+02,3.07683706e-04,1.53044438e-04
0.232456,8.70298390e+02,3.10997090e-04,1.54645768e-04
0.233003,8.66774918e+02,3.14223811e-04,1.56254896e-04
0.233550,8.63258770e+02,3.17513357e-04,1.57862803e-04
0.234097,8.59750655e+02,3.20835353e-04,1.59481866e-04
0.234644,8.56251303e+02,3.23932491e-04,1.61093726e-04
0.235191,8.52761425e+02,3.27260818e-04,1.62711144e-04
0.235738,8.49281704e+02,3.30727513e-04,1.64324294e-04
0.236285,8.45812816e+02,3.34133193e-04,1.65929792e-04
0.236832,8.42355474e+02,3.37237298e-04,1.67531784e-04
0.237379,8.38910443e+02,3.40126217e-04,1.69156758e-04
0.237926,8.35478492e+02,3.43200443e-04,1.70796804e-04
0.238473,8.32060312e+02,3.46810728e-04,1.72438656e-04
0.239019,8.28656594e+02,3.50050986e-04,1.74081908e-04
0.239566,8.25268028e+02,3.53746954e-04,1.75723860e-04
0.240113,8.21895343e+02,3.56666107e-04,1.77383166e-04
0.240660,8.18539305e+02,3.60037643e-04,1.79060346e-04
0.241207,8.15200653e+02,3.63024003e-04,1.80749608e-04
0.241754,8.11880137e+02,3.66566235e-04,1.82475348e-04
0.242301,8.08578455e+02,3.70211090e-04,1.84198749e-04
0.242848,8.05296305e+02,3.73630844e-04,1.85921926e-04
0.243395,8.02034393e+02,3.77285794e-04,1.87668825e-04
0.243942,7.98793436e+02,3.80891669e-04,1.89440254e-04
0.244489,7.95574153e+02,3.84408216e-04,1.91214890e-04
0.245036,7.92377237e+02,3.88105762e-04,1.93002355e-04
0.245583,7.89203406e+02,3.91362589e-04,1.94812576e-04
0.246130,7.86053416e+02,3.94659208e-04,1.96655526e-04
0.246677,7.82927916e+02,3.99421754e-04,1.98521407e-04
0.247224,7.79827559e+02,4.02604058e-04,2.00370683e-04
0.247771,7.76753052e+02,4.06600121e-04,2.02263261e-04
0.248318,7.73705030e+02,4.10815374e-04,2.04159164e-04
0.248865,7.70684068e+02,4.15416721e-04,2.06041196e-04
0.249412,7.67690768e+02,4.19255605e-04,2.07935267e-04
0.249959,7.64725776e+02,4.23328555e-04,2.09850465e-04
0.250506,7.61789739e+02,4.27005414e-04,2.11793852e-04
0.251053,7.58883308e+02,4.30986927e-04,2.13763115e-04
0.251599,7.56007079e+02,4.35480601e-04,2.15762362e-04
0.252146,7.53161677e+02,4.39043718e-04,2.17774359e-04
0.252693,7.50347723e+02,4.43529237e-04,2.19832183e-04
0.253240,7.47565801e+02,4.47626251e-04,2.21895528e-04
0.253787,7.44816384e+02,4.53490207e-04,2.23950930e-04
0.254334,7.42099906e+02,4.58227971e-04,2.25997064e-04
0.254881,7.39416969e+02,4.61392382e-04,2.28067845e-04
0.255428,7.36768210e+02,4.65454240e-04,2.30209184e-04
0.255975,7.34154249e+02,4.69014602e-04,2.32405876e-04
0.256522,7.31575632e+02,4.73921733e-04,2.34609803e-04
0.257069,7.29032874e+02,4.77698656e-04,2.36832019e-04
0.257616,7.26526540e+02,4.81917521e-04,2.39103432e-04
0.258163,7.24057097e+02,4.87083406e-04,2.41369542e-04
0.258710,7.21624929e+02,4.92208526e-04,2.43611957e-04
0.259257,7.19230460e+02,4.96526284e-04,2.45859399e-04
0.259804,7.16874116e+02,5.01438625e-04,2.48119216e-04
0.260351,7.14556248e+02,5.06640878e-04,2.50360273e-04
0.260898,7.12277214e+02,5.11131273e-04,2.52603534e-04
0.261445,7.10037393e+02,5.15907751e-04,2.54868189e-04
0.261992,7.07837150e+02,5.20342018e-04,2.57137564e-04
0.262539,7.05676847e+02,5.24922447e-04,2.59425273e-04
0.263086,7.03556709e+02,5.31219663e-04,2.61670043e-04
0.263632,7.01476851e+02,5.36950497e-04,2.63837525e-04
0.264179,6.99437514e+02,5.40904989e-04,2.66033777e-04
0.264726,6.97439086e+02,5.44085657e-04,2.68282124e-04
0.265273,6.95481864e+02,5.49245091e-04,2.70540766e-04
0.265820,6.93566005e+02,5.54451863e-04,2.72772006e-04
0.266367,6.91691616e+02,5.59873433e-04,2.74942398e-04
0.266914,6.89858887e+02,5.63256496e-04,2.77133367e-04
0.267461,6.88068065e+02,5.67582344e-04,2.79352058e-04
0.268008,6.86319274e+02,5.72622720e-04,2.81527201e-04
0.268555,6.84612578e+02,5.77239699e-04,2.83658652e-04
0.269102,6.82948053e+02,5.81748468e-04,2.85778032e-04
0.269649,6.81325735e+02,5.86435087e-04,2.87830543e-04
0.270196,6.79745648e+02,5.90542183e-04,2.89876432e-04
0.270743,6.78207763e+02,5.95937268e-04,2.91874089e-04
0.271290,6.76711996e+02,6.00331635e-04,2.93804227e-04
0.271837,6.75258315e+02,6.04210956e-04,2.95710041e-04
0.272384,6.73846654e+02,6.08611221e-04,2.97567717e-04
0.272931,6.72476942e+02,6.12114327e-04,2.99402747e-04
0.273478,6.71149108e+02,6.16017017e-04,3.01196315e-04
0.274025,6.69862992e+02,6.20394606e-04,3.02923075e-04
0.274572,6.68618396e+02,6.24564668e-04,3.04599747e-04
0.275119,6.67415169e+02,6.27450217e-04,3.06226379e-04
0.275666,6.66253257e+02,6.29199221e-04,3.07847526e-04
0.276212,6.65132580e+02,6.32140747e-04,3.09453657e-04
0.276759,6.64052944e+02,6.35371003e-04,3.10984704e-04
0.277306,6.63014021e+02,6.40059296e-04,3.12411519e-04
0.277853,6.62015439e+02,6.43342517e-04,3.13740519e-04
0.278400,6.61056893e+02,6.46167109e-04,3.15004511e-04
0.278947,6.60138020e+02,6.49881296e-04,3.16186134e-04
0.279494,6.59258575e+02,6.49863468e-04,3.17337610e-04
0.280041,6.58418430e+02,6.50869611e-04,3.18490899e-04
0.280588,6.57617226e+02,6.54654264e-04,3.19544246e-04
0.281135,6.56854539e+02,6.56047484e-04,3.20495077e-04
0.281682,6.56129999e+02,6.58124467e-04,3.21375889e-04
0.282229,6.55443117e+02,6.61164685e-04,3.22149257e-04
0.282776,6.54793382e+02,6.62983508e-04,3.22821855e-04
0.283323,6.54180290e+02,6.65183518e-04,3.23395295e-04
0.283870,6.53603391e+02,6.65369306e-04,3.23917143e-04
0.284417,6.53062187e+02,6.67898147e-04,3.24328246e-04
0.284964,6.52556231e+02,6.66417067e-04,3.24701370e-04
0.285511,6.52085055e+02,6.68906954e-04,3.24991742e-04
0.286058,6.51648052e+02,6.69417224e-04,3.25155208e-04
0.286605,6.51244713e+02,6.69229014e-04,3.25258426e-04
0.287152,6.50874550e+02,6.68927055e-04,3.25287132e-04
0.287699,6.50537010e+02,6.69119485e-04,3.25203847e-04
0.288245,6.50231663e+02,6.65801453e-04,3.25089912e-04
0.288792,6.49958064e+02,6.65959277e-04,3.24918294e-04
0.289339,6.49715671e+02,6.64198553e-04,3.24671291e-04
0.289886,6.49503925e+02,6.64028869e-04,3.24316339e-04
0.290433,6.49322113e+02,6.64828188e-04,3.23842507e-04
0.290980,6.49169530e+02,6.63730711e-04,3.23233406e-04
0.291527,6.49045607e+02,6.61116872e-04,3.22549894e-04
0.292074,6.48949806e+02,6.58789786e-04,3.21799625e-04
0.292621,6.48881436e+02,6.58902783e-04,3.20948852e-04
0.293168,6.48839691e+02,6.58379583e-04,3.19963063e-04
0.293715,6.48823785e+02,6.57393567e-04,3.18851239e-04
0.294262,6.48832964e+02,6.55795108e-04,3.17641554e-04
0.294809,6.48866586e+02,6.51998903e-04,3.16361929e-04
0.295356,6.48923975e+02,6.50778262e-04,3.15004697e-04
0.295903,6.49004419e+02,6.47328731e-04,3.13561600e-04
0.296450,6.49107312e+02,6.43456220e-04,3.12047084e-04
0.296997,6.49232107e+02,6.38337774e-04,3.10478218e-04
0.297544,6.49378163e+02,6.36077760e-04,3.08847723e-04
0.298091,6.49544838e+02,6.30760143e-04,3.07139170e-04
0.298638,6.49731503e+02,6.27869751e-04,3.05360457e-04
0.299185,6.49937453e+02,6.23516831e-04,3.03464518e-04
0.299732,6.50162057e+02,6.18776105e-04,3.01520144e-04
0.300278,6.50404697e+02,6.13904325e-04,2.99502589e-04
0.300825,6.50664587e+02,6.12379451e-04,2.97396979e-04
0.301372,6.50940910e+02,6.07869309e-04,2.95171665e-04
0.301919,6.51232989e+02,6.03098641e-04,2.92875671e-04
0.302466,6.51540112e+02,5.99092094e-04,2.90518149e-04
0.303013,6.51861535e+02,5.94951156e-04,2.88089013e-04
0.303560,6.52196628e+02,5.88102258e-04,2.85566698e-04
0.304107,6.52544866e+02,5.81279495e-04,2.83019697e-04
0.304654,6.52905605e+02,5.77052473e-04,2.80455656e-04
0.305201,6.53278178e+02,5.70651459e-04,2.77795671e-04
0.305748,6.53661961e+02,5.65101284e-04,2.75082268e-04
0.306295,6.54056295e+02,5.59232573e-04,2.72311074e-04
0.306842,6.54460599e+02,5.51789525e-04,2.69471046e-04
0.307389,6.54874284e+02,5.45964564e-04,2.66616751e-04
0.307936,6.55296640e+02,5.41225773e-04,2.63704382e-04
0.308483,6.55726927e+02,5.35912112e-04,2.60704265e-04
0.309030,6.56164491e+02,5.29006898e-04,2.57630540e-04
0.309577,6.56608717e+02,5.22666868e-04,2.54523761e-04
0.310124,6.57059042e+02,5.14609455e-04,2.51370066e-04
0.310671,6.57514906e+02,5.08167424e-04,2.48209900e-04
0.311218,6.57975584e+02,5.03874081e-04,2.45024943e-04
0.311765,6.58440391e+02,4.96710901e-04,2.41739585e-04
0.312312,6.58908687e+02,4.91088239e-04,2.38428298e-04
0.312858,6.59379840e+02,4.83671138e-04,2.35055668e-04
0.313405,6.59853251e+02,4.77357881e-04,2.31675972e-04
0.313952,6.60328347e+02,4.69305225e-04,2.28235343e-04
0.314499,6.60804567e+02,4.62858683e-04,2.24819896e-04
0.315046,6.61281309e+02,4.55818249e-04,2.21351738e-04
0.315593,6.61758012e+02,4.48353816e-04,2.17858478e-04
0.316140,6.62234173e+02,4.39913210e-04,2.14333632e-04
0.316687,6.62709275e+02,4.32950699e-04,2.10839241e-04
0.317234,6.63182747e+02,4.25950392e-04,2.07317599e-04
0.317781,6.63654039e+02,4.18522797e-04,2.03769235e-04
0.318328,6.64122601e+02,4.11752805e-04,2.00223696e-04
0.318875,6.64587856e+02,4.05097489e-04,1.96657774e-04
0.319422,6.65049238e+02,3.97990105e-04,1.93061194e-04
0.319969,6.65506250e+02,3.90009304e-04,1.89448287e-04
0.320516,6.65958445e+02,3.81910091e-04,1.85843185e-04
0.321063,6.66405365e+02,3.74236338e-04,1.82258531e-04
0.321610,6.66846565e+02,3.66047079e-04,1.78670731e-04
0.322157,6.67281539e+02,3.60068047e-04,1.75144577e-04
0.322704,6.67709758e+02,3.52265979e-04,1.71548196e-04
0.323251,6.68130754e+02,3.45182275e-04,1.67988427e-04
0.323798,6.68544042e+02,3.38195009e-04,1.64436866e-04
0.324345,6.68949180e+02,3.30289741e-04,1.60869141e-04
0.324891,6.69345705e+02,3.23961072e-04,1.57369805e-04
0.325438,6.69733152e+02,3.16273706e-04,1.53830910e-04
0.325985,6.70111110e+02,3.08809575e-04,1.50328236e-04
0.326532,6.70479146e+02,3.02090964e-04,1.46874648e-04
0.327079,6.70836830e+02,2.94738968e-04,1.43417097e-04
0.327626,6.71183738e+02,2.88078154e-04,1.40011644e-04
0.328173,6.71519451e+02,2.80994021e-04,1.36614449e-04
0.328720,6.71843551e+02,2.74397649e-04,1.33266475e-04
0.329267,6.72155648e+02,2.66857090e-04,1.29914200e-04
0.329814,6.72455346e+02,2.60776796e-04,1.26660508e-04
0.330361,6.72742222e+02,2.54240450e-04,1.23415276e-04
0.330908,6.73015907e+02,2.47252141e-04,1.20190819e-04
0.331455,6.73276057e+02,2.40334819e-04,1.17026492e-04
0.332002,6.73522317e+02,2.33927227e-04,1.13934964e-04
0.332549,6.73754315e+02,2.27846129e-04,1.10901406e-04
0.333096,6.73971692e+02,2.21590449e-04,1.07909108e-04
0.333643,6.74174112e+02,2.15280966e-04,1.04971058e-04
0.334190,6.74361241e+02,2.09540893e-04,1.02117329e-04
0.334737,6.74532755e+02,2.03211103e-04,9.93072432e-05
0.335284,6.74688347e+02,1.97210415e-04,9.65805730e-05
0.335831,6.74827690e+02,1.92160265e-04,9.39603746e-05
0.336378,6.74950444e+02,1.87101287e-04,9.14059592e-05
0.336925,6.75056291e+02,1.81767444e-04,8.89075018e-05
0.337471,6.75144948e+02,1.76441121e-04,8.64864872e-05
0.338018,6.75216136e+02,1.71469059e-04,8.41877032e-05
0.338565,6.75269555e+02,1.67178921e-04,8.19892672e-05
0.339112,6.75304902e+02,1.63080495e-04,7.98879239e-05
0.339659,6.75321872e+02,1.59157694e-04,7.78875103e-05
0.340206,6.75320188e+02,1.54826979e-04,7.59543686e-05
0.340753,6.75299596e+02,1.51105764e-04,7.41601561e-05
0.341300,6.75259820e+02,1.48015719e-04,7.24940541e-05
0.341847,6.75200587e+02,1.44644689e-04,7.09281260e-05
0.342394,6.75121639e+02,1.41763486e-04,6.94811504e-05
0.342941,6.75022728e+02,1.38972044e-04,6.81584539e-05
0.343488,6.74903619e+02,1.36243445e-04,6.69566829e-05
0.344035,6.74764081e+02,1.33993360e-04,6.59030284e-05
0.344582,6.74603883e+02,1.32180005e-04,6.49619405e-05
0.345129,6.74422812e+02,1.30454757e-04,6.41600919e-05
0.345676,6.74220656e+02,1.28970864e-04,6.34874907e-05
0.346223,6.73997200e+02,1.27777211e-04,6.29516403e-05
0.346770,6.73752241e+02,1.26721078e-04,6.25273036e-05
0.347317,6.73485603e+02,1.25857482e-04,6.22425073e-05
0.347864,6.73197112e+02,1.25426136e-04,6.20840551e-05
0.348411,6.72886603e+02,1.25179982e-04,6.20523035e-05
0.348958,6.72553916e+02,1.25282363e-04,6.21368608e-05
0.349504,6.72198888e+02,1.25730698e-04,6.23227421e-05
0.350051,6.71821367e+02,1.26353923e-04,6.26084344e-05
0.350598,6.71421210e+02,1.27090161e-04,6.29942842e-05
0.351145,6.70998286e+02,1.28058524e-04,6.34746350e-05
0.351692,6.70552467e+02,1.29009350e-04,6.40450421e-05
0.352239,6.70083643e+02,1.30579410e-04,6.46875673e-05
0.352786,6.69591713e+02,1.32066265e-04,6.54234800e-05
0.353333,6.69076590e+02,1.33864077e-04,6.62339423e-05
0.353880,6.68538189e+02,1.35552180e-04,6.70951416e-05
0.354427,6.67976427e+02,1.37249736e-04,6.80169464e-05
0.354974,6.67391233e+02,1.39117407e-04,6.90081969e-05
0.355521,6.66782556e+02,1.41311422e-04,7.00491621e-05
0.356068,6.66150354e+02,1.43465885e-04,7.11426918e-05
0.356615,6.65494593e+02,1.45575238e-04,7.22761954e-05
0.357162,6.64815253e+02,1.48183166e-04,7.34696040e-05
0.357709,6.64112331e+02,1.50738949e-04,7.47214266e-05
0.358256,6.63385834e+02,1.53412161e-04,7.60020357e-05
0.358803,6.62635781e+02,1.56135895e-04,7.73172339e-05
0.359350,6.61862198e+02,1.58784855e-04,7.86711213e-05
0.359897,6.61065122e+02,1.61631530e-04,8.00647573e-05
0.360444,6.60244608e+02,1.64535929e-04,8.14840560e-05
0.360991,6.59400719e+02,1.67465679e-04,8.29477836e-05
0.361537,6.58533528e+02,1.70442274e-04,8.44363894e-05
0.362084,6.57643127e+02,1.73685728e-04,8.59671638e-05
0.362631,6.56729622e+02,1.76825652e-04,8.75220286e-05
0.363178,6.55793132e+02,1.80102373e-04,8.91097476e-05
0.363725,6.54833792e+02,1.83319988e-04,9.07159472e-05
0.364272,6.53851746e+02,1.86763387e-04,9.23758820e-05
0.364819,6.52847154e+02,1.90210054e-04,9.40585224e-05
0.365366,6.51820188e+02,1.93713896e-04,9.57763741e-05
0.365913,6.50771033e+02,1.97173822e-04,9.75098003e-05
0.366460,6.49699893e+02,2.01023903e-04,9.93096142e-05
0.367007,6.48606987e+02,2.04720730e-04,1.01131254e-04
0.367554,6.47492532e+02,2.08422025e-04,1.02969286e-04
0.368101,6.46356766e+02,2.12155527e-04,1.04829831e-04
0.368648,6.45199935e+02,2.15968678e-04,1.06719905e-04
0.369195,6.44022306e+02,2.20082681e-04,1.08671783e-04
0.369742,6.42824160e+02,2.24115262e-04,1.10643903e-04
0.370289,6.41605786e+02,2.28126550e-04,1.12632186e-04
0.370836,6.40367500e+02,2.32184445e-04,1.14652141e-04
0.371383,6.39109623e+02,2.36398686e-04,1.16712384e-04
0.371930,6.37832490e+02,2.40574477e-04,1.18793483e-04
0.372477,6.36536465e+02,2.44945427e-04,1.20937667e-04
0.373024,6.35221927e+02,2.49380456e-04,1.23122055e-04
0.373571,6.33889251e+02,2.53859248e-04,1.25319207e-04
0.374117,6.32538826e+02,2.58409332e-04,1.27559304e-04
0.374664,6.31171056e+02,2.62981698e-04,1.29816263e-04
0.375211,6.29786353e+02,2.67756772e-04,1.32124583e-04
0.375758,6.28385156e+02,2.72380503e-04,1.34447070e-04
0.376305,6.26967914e+02,2.77299721e-04,1.36827666e-04
0.376852,6.25535090e+02,2.82208362e-04,1.39245918e-04
0.377399,6.24087160e+02,2.87254356e-04,1.41694302e-04
0.377946,6.22624610e+02,2.92258297e-04,1.44176761e-04
0.378493,6.21147959e+02,2.97293307e-04,1.46702714e-04
0.379040,6.19657740e+02,3.02595152e-04,1.49303758e-04
0.379587,6.18154499e+02,3.07915275e-04,1.51942103e-04
0.380134,6.16638792e+02,3.13391097e-04,1.54626727e-04
0.380681,6.15111170e+02,3.19036341e-04,1.57341368e-04
0.381228,6.13572217e+02,3.24366105e-04,1.60082974e-04
0.381775,6.12022542e+02,3.30013787e-04,1.62893350e-04
0.382322,6.10462733e+02,3.36091370e-04,1.65739506e-04
0.382869,6.08893404e+02,3.41719343e-04,1.68629148e-04
0.383416,6.07315195e+02,3.47619590e-04,1.71528439e-04
0.383963,6.05728747e+02,3.53591694e-04,1.74518779e-04
0.384510,6.04134730e+02,3.59745143e-04,1.77562046e-04
0.385057,6.02533805e+02,3.66124593e-04,1.80633608e-04
0.385604,6.00926636e+02,3.72428774e-04,1.83735022e-04
0.386150,5.99313915e+02,3.78638324e-04,1.86869463e-04
0.386697,5.97696336e+02,3.85422704e-04,1.90085842e-04
0.387244,5.96074618e+02,3.91847521e-04,1.93363441e-04
0.387791,5.94449489e+02,3.98819268e-04,1.96672112e-04
0.388338,5.92821664e+02,4.05719350e-04,2.00033718e-04
0.388885,5.91191882e+02,4.12828514e-04,2.03465520e-04
0.389432,5.89560906e+02,4.19725817e-04,2.06932081e-04
0.389979,5.87929507e+02,4.26984771e-04,2.10465147e-04
0.390526,5.86298457e+02,4.34218399e-04,2.14039427e-04
0.391073,5.84668551e+02,4.41421650e-04,2.17668104e-04
0.391620,5.83040616e+02,4.48565168e-04,2.21387089e-04
0.392167,5.81415477e+02,4.56339352e-04,2.25185438e-04
0.392714,5.79793957e+02,4.63882782e-04,2.29021342e-04
0.393261,5.78176887e+02,4.71775222e-04,2.32929833e-04
0.393808,5.76565083e+02,4.79971602e-04,2.36887688e-04
0.394355,5.74959365e+02,4.88073379e-04,2.40899054e-04
0.394902,5.73360612e+02,4.95775071e-04,2.45012832e-04
0.395449,5.71769675e+02,5.04651290e-04,2.49153922e-04
0.395996,5.70187350e+02,5.13407058e-04,2.53347874e-04
0.396543,5.68614478e+02,5.21901550e-04,2.57605236e-04
0.397090,5.67051928e+02,5.30602360e-04,2.61963276e-04
0.397637,5.65500562e+02,5.39600966e-04,2.66357953e-04
0.398184,5.63961226e+02,5.48614627e-04,2.70819028e-04
0.398730,5.62434742e+02,5.58576979e-04,2.75377632e-04
0.399277,5.60921946e+02,5.67684886e-04,2.79976744e-04
0.399824,5.59423682e+02,5.77692900e-04,2.84659901e-04
0.400371,5.57940765e+02,5.87615483e-04,2.89401733e-04
0.400918,5.56474077e+02,5.96599070e-04,2.94206448e-04
0.401465,5.55024527e+02,6.06460289e-04,2.99161303e-04
0.402012,5.53593003e+02,6.16124505e-04,3.04165134e-04
0.402559,5.52180279e+02,6.27917646e-04,3.09201587e-04
0.403106,5.50787101e+02,6.38316473e-04,3.14327459e-04
0.403653,5.49414366e+02,6.47899387e-04,3.19565801e-04
0.404200,5.48062975e+02,6.58280688e-04,3.24868378e-04
0.404747,5.46733798e+02,6.68570810e-04,3.30301010e-04
0.405294,5.45427586e+02,6.81347833e-04,3.35786051e-04
0.405841,5.44144973e+02,6.93534286e-04,3.41251696e-04
0.406388,5.42886645e+02,7.05301872e-04,3.46775615e-04
0.406935,5.41653299e+02,7.17388176e-04,3.52390525e-04
0.407482,5.40445664e+02,7.28552111e-04,3.58023016e-04
0.408029,5.39264439e+02,7.41127882e-04,3.63769762e-04
0.408576,5.38110293e+02,7.52962150e-04,3.69584439e-04
0.409123,5.36983996e+02,7.63540655e-04,3.75437190e-04
0.409670,5.35886220e+02,7.77088114e-04,3.81420767e-04
0.410217,5.34817632e+02,7.87751303e-04,3.87432990e-04
0.410763,5.33778884e+02,8.01444244e-04,3.93541057e-04
0.411310,5.32770497e+02,8.14328664e-04,3.99673606e-04
0.411857,5.31792993e+02,8.27784886e-04,4.05852446e-04
0.412404,5.30846880e+02,8.40567301e-04,4.12032242e-04
0.412951,5.29932658e+02,8.53779530e-04,4.18267947e-04
0.413498,5.29050704e+02,8.68608312e-04,4.24539626e-04
0.414045,5.28201485e+02,8.79591636e-04,4.30768698e-04
0.414592,5.27385522e+02,8.93246168e-04,4.37181910e-04
0.415139,5.26603136e+02,9.07733505e-04,4.43559028e-04
0.415686,5.25854531e+02,9.22799609e-04,4.49898665e-04
0.416233,5.25139962e+02,9.35714421e-04,4.56213407e-04
0.416780,5.24459855e+02,9.46958135e-04,4.62569814e-04
0.417327,5.23814338e+02,9.65271611e-04,4.69037977e-04
0.417874,5.23203417e+02,9.78130450e-04,4.75336959e-04
0.418421,5.22627362e+02,9.90379579e-04,4.81607816e-04
0.418968,5.22086514e+02,1.00119808e-03,4.87905018e-04
0.419515,5.21580991e+02,1.01714772e-03,4.94273414e-04
0.420062,5.21110905e+02,1.02721733e-03,5.00480861e-04
0.420609,5.20676163e+02,1.04641203e-03,5.06837553e-04
0.421156,5.20276578e+02,1.05732679e-03,5.12891587e-04
0.421703,5.19912226e+02,1.07026998e-03,5.18954409e-04
0.422250,5.19583105e+02,1.08161027e-03,5.24906313e-04
0.422797,5.19289143e+02,1.09510103e-03,5.30892858e-04
0.423343,5.19030241e+02,1.10589971e-03,5.36691828e-04
0.423890,5.18806333e+02,1.11757318e-03,5.42459191e-04
0.424437,5.18617159e+02,1.13119946e-03,5.48169394e-04
0.424984,5.18462457e+02,1.14165088e-03,5.53662430e-04
0.425531,5.18341988e+02,1.15354391e-03,5.59099966e-04
0.426078,5.18255541e+02,1.16227078e-03,5.64344358e-04
0.426625,5.18202770e+02,1.17553182e-03,5.69558573e-04
0.427172,5.18183053e+02,1.18845698e-03,5.74586238e-04
0.427719,5.18195738e+02,1.20091282e-03,5.79371998e-04
0.428266,5.18240289e+02,1.20986763e-03,5.83903697e-04
0.428813,5.18316219e+02,1.21999920e-03,5.88311465e-04
0.429360,5.18422837e+02,1.23170810e-03,5.92558908e-04
0.429907,5.18559635e+02,1.23645603e-03,5.96410165e-04
0.430454,5.18726116e+02,1.24653327e-03,6.00264467e-04
0.431001,5.18921335e+02,1.25890626e-03,6.03903629e-04
0.431548,5.19144498e+02,1.26437218e-03,6.07147995e-04
0.432095,5.19394534e+02,1.28078173e-03,6.10402486e-04
0.432642,5.19670280e+02,1.28649079e-03,6.13063557e-04
0.433189,5.19971179e+02,1.28876740e-03,6.15449813e-04
0.433736,5.20296690e+02,1.29269401e-03,6.17684630e-04
0.434283,5.20646512e+02,1.28847845e-03,6.19540390e-04
0.434830,5.21020204e+02,1.29380144e-03,6.21483689e-04
0.435376,5.21416841e+02,1.29807011e-03,6.23107560e-04
0.435923,5.21835159e+02,1.30867749e-03,6.24547269e-04
0.436470,5.22274064e+02,1.30756061e-03,6.25340180e-04
0.437017,5.22732884e+02,1.30774503e-03,6.25946906e-04
0.437564,5.23210802e+02,1.30815905e-03,6.26313461e-04
0.438111,5.23706970e+02,1.30732861e-03,6.26366720e-04
0.438658,5.24220423e+02,1.30866807e-03,6.26240115e-04
0.439205,5.24750118e+02,1.30791322e-03,6.25706404e-04
0.439752,5.25295102e+02,1.30558942e-03,6.24876101e-04
0.440299,5.25854390e+02,1.30412806e-03,6.23794681e-04
0.440846,5.26427031e+02,1.29941070e-03,6.22316765e-04
0.441393,5.27011916e+02,1.29975403e-03,6.20673971e-04
0.441940,5.27607698e+02,1.29847890e-03,6.18658254e-04
0.442487,5.28212909e+02,1.29994152e-03,6.16360432e-04
0.443034,5.28826559e+02,1.28682578e-03,6.13356875e-04
0.443581,5.29448174e+02,1.27583083e-03,6.10233763e-04
0.444128,5.30076519e+02,1.27770223e-03,6.07161941e-04
0.444675,5.30710513e+02,1.26188723e-03,6.03299860e-04
0.445222,5.31349546e+02,1.25232993e-03,5.99407210e-04
0.445769,5.31992550e+02,1.24496887e-03,5.95265600e-04
0.446316,5.32638345e+02,1.23647035e-03,5.90802771e-04
0.446863,5.33286006e+02,1.22234191e-03,5.85937328e-04
0.447409,5.33934471e+02,1.21555057e-03,5.81003292e-04
0.447956,5.34582429e+02,1.20562743e-03,5.75668886e-04
0.448503,5.35228657e+02,1.19561950e-03,5.70041756e-04
0.449050,5.35871992e+02,1.18323951e-03,5.64057786e-04
0.449597,5.36511423e+02,1.16863101e-03,5.57779455e-04
0.450144,5.37146117e+02,1.15128963e-03,5.51222268e-04
0.450691,5.37774929e+02,1.14258807e-03,5.44628440e-04
0.451238,5.38396830e+02,1.12153996e-03,5.37449560e-04
0.451785,5.39011071e+02,1.10553008e-03,5.30224832e-04
0.452332,5.39616579e+02,1.09093024e-03,5.22809090e-04
0.452879,5.40212420e+02,1.07078199e-03,5.15020933e-04
0.453426,5.40797508e+02,1.05879904e-03,5.07224993e-04
0.453973,5.41370557e+02,1.04229484e-03,4.99038628e-04
0.454520,5.41930530e+02,1.02383767e-03,4.90608796e-04
0.455067,5.42476464e+02,1.00495209e-03,4.81965953e-04
0.455614,5.43007287e+02,9.88181427e-04,4.73186243e-04
0.456161,5.43522010e+02,9.66782217e-04,4.64089394e-04
0.456708,5.44019665e+02,9.48889954e-04,4.54938388e-04
0.457255,5.44499111e+02,9.31029600e-04,4.45582240e-04
0.457802,5.44959284e+02,9.10784885e-04,4.35988844e-04
0.458349,5.45399067e+02,8.93703055e-04,4.26307710e-04
0.458896,5.45817399e+02,8.71704788e-04,4.16347526e-04
0.459443,5.46213464e+02,8.48435552e-04,4.06254353e-04
0.459989,5.46586429e+02,8.26503527e-04,3.96105993e-04
0.460536,5.46935375e+02,8.05037271e-04,3.85850185e-04
0.461083,5.47259401e+02,7.82438809e-04,3.75476551e-04
0.461630,5.47557527e+02,7.62660009e-04,3.65054253e-04
0.462177,5.47828760e+02,7.40240948e-04,3.54464420e-04
0.462724,5.48072189e+02,7.18374718e-04,3.43818996e-04
0.463271,5.48286867e+02,6.96841379e-04,3.33121113e-04
0.463818,5.48471900e+02,6.73704402e-04,3.22335237e-04
0.464365,5.48626414e+02,6.51753909e-04,3.11539954e-04
0.464912,5.48749522e+02,6.29081492e-04,3.00708905e-04
0.465459,5.48840328e+02,6.07626666e-04,2.89904314e-04
0.466006,5.48898037e+02,5.82634865e-04,2.79018689e-04
0.466553,5.48921852e+02,5.61582763e-04,2.68288788e-04
0.467100,5.48910860e+02,5.40154033e-04,2.57554210e-04
0.467647,5.48864209e+02,5.17867945e-04,2.46831892e-04
0.468194,5.48781133e+02,4.94541252e-04,2.36151805e-04
0.468741,5.48660863e+02,4.73076323e-04,2.25636647e-04
0.469288,5.48502583e+02,4.51666289e-04,2.15199029e-04
0.469835,5.48305501e+02,4.30278660e-04,2.04866112e-04
0.470382,5.48068854e+02,4.08742787e-04,1.94660092e-04
0.470929,5.47791920e+02,3.87166693e-04,1.84611630e-04
0.471476,5.47474028e+02,3.65070916e-04,1.74736979e-04
0.472022,5.47114493e+02,3.45119181e-04,1.65126435e-04
0.472569,5.46712533e+02,3.26859892e-04,1.55726013e-04
0.473116,5.46267365e+02,3.08232526e-04,1.46485344e-04
0.473663,5.45778304e+02,2.88191012e-04,1.37417538e-04
0.474210,5.45244684e+02,2.70377100e-04,1.28684561e-04
0.474757,5.44665812e+02,2.52517530e-04,1.20178952e-04
0.475304,5.44041002e+02,2.36165351e-04,1.11983637e-04
0.475851,5.43369569e+02,2.19898819e-04,1.04042519e-04
0.476398,5.42650873e+02,2.03742417e-04,9.63880673e-05
0.476945,5.41884302e+02,1.88376876e-04,8.90612577e-05
0.477492,5.41069278e+02,1.72923696e-04,8.20394468e-05
0.478039,5.40205215e+02,1.59883490e-04,7.54225995e-05
0.478586,5.39291525e+02,1.46674856e-04,6.90968475e-05
0.479133,5.38327671e+02,1.33778148e-04,6.31118318e-05
0.479680,5.37313130e+02,1.22552202e-04,5.75296873e-05
0.480227,5.36247404e+02,1.11285818e-04,5.22870735e-05
0.480774,5.35130039e+02,1.01070774e-04,4.74554996e-05
0.481321,5.33960610e+02,9.15925257e-05,4.30319605e-05
0.481868,5.32738733e+02,8.26397716e-05,3.90412529e-05
0.482415,5.31464051e+02,7.52159843e-05,3.55445414e-05
0.482962,5.30136243e+02,6.85732703e-05,3.25285634e-05
0.483509,5.28755041e+02,6.29356112e-05,3.00539764e-05
0.484056,5.27320217e+02,5.85274032e-05,2.81582591e-05
0.484602,5.25831597e+02,5.46234097e-05,2.68489598e-05
0.485149,5.24289055e+02,5.28155809e-05,2.61515116e-05
0.485696,5.22692508e+02,5.23839331e-05,2.60175544e-05
0.486243,5.21041928e+02,5.28777703e-05,2.63973735e-05
0.486790,5.19337347e+02,5.43435673e-05,2.72229312e-05
0.487337,5.17578848e+02,5.64252020e-05,2.84143626e-05
0.487884,5.15766571e+02,5.93612307e-05,2.98998297e-05
0.488431,5.13900721e+02,6.28335311e-05,3.16218411e-05
0.488978,5.11981564e+02,6.65425724e-05,3.35289863e-05
0.489525,5.10009427e+02,7.07408679e-05,3.55857149e-05
0.490072,5.07984701e+02,7.50644214e-05,3.77641452e-05
0.490619,5.05907844e+02,7.98875370e-05,4.00535646e-05
0.491166,5.03779379e+02,8.46590258e-05,4.24342964e-05
0.491713,5.01599894e+02,8.97121716e-05,4.48984891e-05
0.492260,4.99370046e+02,9.51179733e-05,4.74483084e-05
0.492807,4.97090556e+02,1.00686697e-04,5.00922146e-05
0.493354,4.94762212e+02,1.06318063e-04,5.28144767e-05
0.493901,4.92385866e+02,1.12024945e-04,5.56109937e-05
0.494448,4.89962435e+02,1.18059945e-04,5.84962082e-05
0.494995,4.87492904e+02,1.24303528e-04,6.14719080e-05
0.495542,4.84978324e+02,1.30473549e-04,6.45121973e-05
0.496089,4.82419811e+02,1.36930455e-04,6.76452982e-05
0.496635,4.79818534e+02,1.43465687e-04,7.08656167e-05
0.497182,4.77175727e+02,1.50360507e-04,7.41792597e-05
0.497729,4.74492683e+02,1.57239747e-04,7.75696948e-05
0.498276,4.71770758e+02,1.64344929e-04,8.10480361e-05
0.498823,4.69011366e+02,1.71754325e-04,8.46333423e-05
0.499370,4.66215985e+02,1.79294313e-04,8.83118516e-05
0.499917,4.63386150e+02,1.87016283e-04,9.20908888e-05
0.500464,4.60523447e+02,1.95008590e-04,9.59809097e-05
0.501011,4.57629513e+02,2.02983969e-04,9.99291750e-05
0.501558,4.54706038e+02,2.11419438e-04,1.04015095e-04
0.502105,4.51754764e+02,2.19996017e-04,1.08204802e-04
0.502652,4.48777483e+02,2.28674169e-04,1.12470998e-04
0.503199,4.45776021e+02,2.37648214e-04,1.16834680e-04
0.503746,4.42752256e+02,2.46654285e-04,1.21272589e-04
0.504293,4.39708111e+02,2.56056385e-04,1.25834048e-04
0.504840,4.36645560e+02,2.65450149e-04,1.30475012e-04
0.505387,4.33566618e+02,2.75144336e-04,1.35212011e-04
0.505934,4.30473319e+02,2.84968069e-04,1.40007605e-04
0.506481,4.27367736e+02,2.95003795e-04,1.44900273e-04
0.507028,4.24252017e+02,3.05071737e-04,1.49924288e-04
0.507575,4.21128355e+02,3.15373043e-04,1.55040725e-04
0.508122,4.17998962e+02,3.25813958e-04,1.60240495e-04
0.508668,4.14866065e+02,3.36502359e-04,1.65500155e-04
0.509215,4.11731910e+02,3.47268034e-04,1.70816435e-04
0.509762,4.08598811e+02,3.57819845e-04,1.76246794e-04
0.510309,4.05469103e+02,3.69216187e-04,1.81803219e-04
0.510856,4.02345123e+02,3.80313040e-04,1.87403160e-04
0.511403,3.99229196e+02,3.92033321e-04,1.93029323e-04
0.511950,3.96123596e+02,4.04096318e-04,1.98659395e-04
0.512497,3.93030667e+02,4.15215970e-04,2.04354176e-04
0.513044,3.89952819e+02,4.26859912e-04,2.10126874e-04
0.513591,3.86892494e+02,4.38002719e-04,2.16035579e-04
0.514138,3.83852165e+02,4.49712478e-04,2.22032378e-04
0.514685,3.80834251e+02,4.61730942e-04,2.28088379e-04
0.515232,3.77841123e+02,4.74166309e-04,2.34163811e-04
0.515779,3.74875039e+02,4.87571560e-04,2.40188171e-04
0.516326,3.71938235e+02,5.00255885e-04,2.46243650e-04
0.516873,3.69033091e+02,5.11707495e-04,2.52407756e-04
0.517420,3.66161960e+02,5.24785219e-04,2.58638316e-04
0.517967,3.63327131e+02,5.36959830e-04,2.64918541e-04
0.518514,3.60530926e+02,5.49320235e-04,2.71285426e-04
0.519061,3.57775533e+02,5.63146490e-04,2.77646983e-04
0.519608,3.55062987e+02,5.77236587e-04,2.83954287e-04
0.520155,3.52395354e+02,5.89731439e-04,2.90263281e-04
0.520702,3.49774741e+02,6.02538395e-04,2.96630254e-04
0.521248,3.47203092e+02,6.16799467e-04,3.02963417e-04
0.521795,3.44682246e+02,6.30244415e-04,3.09249115e-04
0.522342,3.42214260e+02,6.39835171e-04,3.15627106e-04
0.522889,3.39800967e+02,6.55968369e-04,3.21987083e-04
0.523436,3.37443947e+02,6.68324321e-04,3.28220510e-04
0.523983,3.35144934e+02,6.80230871e-04,3.34444918e-04
0.524530,3.32905367e+02,6.95857690e-04,3.40513822e-04
0.525077,3.30726568e+02,7.07683432e-04,3.46430970e-04
0.525624,3.28609921e+02,7.20216470e-04,3.52262892e-04
0.526171,3.26556544e+02,7.34387433e-04,3.57895790e-04
0.526718,3.24567551e+02,7.44566994e-04,3.63375311e-04
0.527265,3.22643946e+02,7.58253039e-04,3.68686923e-04
0.527812,3.20786532e+02,7.69307334e-04,3.73743718e-04
0.528359,3.18995950e+02,7.82946920e-04,3.78530528e-04
0.528906,3.17272671e+02,7.94016202e-04,3.83009002e-04
0.529453,3.15617355e+02,8.01221329e-04,3.87318161e-04
0.530000,3.14030464e+02,8.12930220e-04,3.91363447e-04
0.530547,3.12512094e+02,8.23408278e-04,3.95006691e-04
0.531094,3.11062072e+02,8.36420631e-04,3.98187884e-04
0.531641,3.09680422e+02,8.39696025e-04,4.01094880e-04
0.532188,3.08367695e+02,8.40014879e-04,4.03944689e-04
0.532735,3.07124022e+02,8.48005032e-04,4.06479285e-04
0.533281,3.05949095e+02,8.52780494e-04,4.08562890e-04
0.533828,3.04842481e+02,8.59310871e-04,4.10189518e-04
0.534375,3.03803421e+02,8.66328108e-04,4.11292504e-04
0.534922,3.02831083e+02,8.70350983e-04,4.11921098e-04
0.535469,3.01924698e+02,8.72618640e-04,4.12155154e-04
0.536016,3.01083526e+02,8.72752853e-04,4.12020280e-04
0.536563,3.00306735e+02,8.73343477e-04,4.11497874e-04
0.537110,2.99593275e+02,8.74282037e-04,4.10523988e-04
0.537657,2.98942192e+02,8.69769890e-04,4.09186328e-04
0.538204,2.98352673e+02,8.65028258e-04,4.07539045e-04
0.538751,2.97823726e+02,8.60988801e-04,4.05517639e-04
0.539298,2.97354284e+02,8.54764914e-04,4.03126358e-04
0.539845,2.96943404e+02,8.45541070e-04,4.00428436e-04
0.540392,2.96590026e+02,8.38982734e-04,3.97392490e-04
0.540939,2.96292791e+02,8.32860670e-04,3.93941921e-04
0.541486,2.96050236e+02,8.25753344e-04,3.90088296e-04
0.542033,2.95860853e+02,8.18125649e-04,3.85865579e-04
0.542580,2.95723220e+02,8.07213776e-04,3.81324981e-04
0.543127,2.95636007e+02,7.95858582e-04,3.76521539e-04
0.543674,2.95597791e+02,7.85030586e-04,3.71437675e-04
0.544221,2.95607069e+02,7.73553550e-04,3.66065119e-04
0.544768,2.95662474e+02,7.58573549e-04,3.60458572e-04
0.545315,2.95762733e+02,7.44029813e-04,3.54674085e-04
0.545861,2.95906260e+02,7.33987830e-04,3.48645111e-04
0.546408,2.96091219e+02,7.23184111e-04,3.42300038e-04
0.546955,2.96315713e+02,7.13402325e-04,3.35683693e-04
0.547502,2.96577901e+02,7.00652739e-04,3.28819895e-04
0.548049,2.96876238e+02,6.84473490e-04,3.21808918e-04
0.548596,2.97209340e+02,6.68091067e-04,3.14724991e-04
0.549143,2.97575722e+02,6.53753574e-04,3.07553879e-04
0.549690,2.97973913e+02,6.36894659e-04,3.00254016e-04
0.550237,2.98402477e+02,6.21747317e-04,2.92897085e-04
0.550784,2.98859965e+02,6.05247153e-04,2.85444859e-04
0.551331,2.99345050e+02,5.87675535e-04,2.77948245e-04
0.551878,2.99856398e+02,5.71694034e-04,2.70447125e-04
0.552425,3.00392661e+02,5.54709190e-04,2.62896899e-04
0.552972,3.00952539e+02,5.38137615e-04,2.55347982e-04
0.553519,3.01534749e+02,5.21421459e-04,2.47797286e-04
0.554066,3.02137927e+02,5.07068272e-04,2.40277002e-04
0.554613,3.02760711e+02,4.90959463e-04,2.32711657e-04
0.555160,3.03401844e+02,4.75228376e-04,2.25194023e-04
0.555707,3.04060114e+02,4.58957139e-04,2.17715374e-04
0.556254,3.04734419e+02,4.41781042e-04,2.10298335e-04
0.556801,3.05423661e+02,4.26286567e-04,2.03012015e-04
0.557348,3.06126712e+02,4.10886407e-04,1.95792271e-04
0.557894,3.06842484e+02,3.95568087e-04,1.88656230e-04
0.558441,3.07569886e+02,3.81241155e-04,1.81633072e-04
0.558988,3.08307895e+02,3.65463986e-04,1.74665328e-04
0.559535,3.09055487e+02,3.52311690e-04,1.67896007e-04
0.560082,3.09811573e+02,3.39240739e-04,1.61202478e-04
0.560629,3.10575169e+02,3.24857868e-04,1.54582331e-04
0.561176,3.11345416e+02,3.10401832e-04,1.48130215e-04
0.561723,3.12121379e+02,2.98900428e-04,1.41926781e-04
0.562270,3.12902164e+02,2.84907847e-04,1.35752244e-04
0.562817,3.13686982e+02,2.72314030e-04,1.29828190e-04
0.563364,3.14475046e+02,2.59750679e-04,1.24077689e-04
0.563911,3.15265537e+02,2.49129788e-04,1.18574206e-04
0.564458,3.16057692e+02,2.36747074e-04,1.13156123e-04
0.565005,3.16850786e+02,2.26631228e-04,1.08055200e-04
0.565552,3.17644090e+02,2.15793017e-04,1.03098800e-04
0.566099,3.18436966e+02,2.05181515e-04,9.83918336e-05
0.566646,3.19228798e+02,1.95401481e-04,9.39717422e-05
0.567193,3.20018917e+02,1.87465182e-04,8.98573770e-05
0.567740,3.20806661e+02,1.79168147e-04,8.59197428e-05
0.568287,3.21591434e+02,1.71319477e-04,8.22639075e-05
0.568834,3.22372707e+02,1.63249147e-04,7.88915833e-05
0.569381,3.23149941e+02,1.57354261e-04,7.59409834e-05
0.569927,3.23922574e+02,1.51394603e-04,7.32299424e-05
0.570474,3.24690078e+02,1.46453357e-04,7.08701999e-05
0.571021,3.25451925e+02,1.42105851e-04,6.88120053e-05
0.571568,3.26207641e+02,1.38044949e-04,6.70685499e-05
0.572115,3.26956812e+02,1.34650173e-04,6.57116713e-05
0.572662,3.27698997e+02,1.32600643e-04,6.47555852e-05
0.573209,3.28433768e+02,1.30745718e-04,6.40583206e-05
0.573756,3.29160735e+02,1.29924546e-04,6.37304560e-05
0.574303,3.29879480e+02,1.29620393e-04,6.36741089e-05
0.574850,3.30589588e+02,1.29928648e-04,6.38491790e-05
0.575397,3.31290678e+02,1.30635659e-04,6.42407822e-05
0.575944,3.31982409e+02,1.31780098e-04,6.48935006e-05
0.576491,3.32664448e+02,1.33377318e-04,6.57560334e-05
0.577038,3.33336487e+02,1.35355857e-04,6.68119496e-05
0.577585,3.33998239e+02,1.37760246e-04,6.80442764e-05
0.578132,3.34649414e+02,1.40343235e-04,6.94033586e-05
0.578679,3.35289733e+02,1.43255849e-04,7.08599952e-05
0.579226,3.35918937e+02,1.46288553e-04,7.24091651e-05
0.579773,3.36536791e+02,1.49670369e-04,7.40469323e-05
0.580320,3.37143072e+02,1.53061848e-04,7.57436929e-05
0.580867,3.37737563e+02,1.56638225e-04,7.74866129e-05
0.581414,3.38320073e+02,1.60302860e-04,7.92889938e-05
0.581961,3.38890417e+02,1.63952347e-04,8.11131926e-05
0.582507,3.39448425e+02,1.67687679e-04,8.29580521e-05
0.583054,3.39993944e+02,1.71556577e-04,8.48221480e-05
0.583601,3.40526843e+02,1.75476412e-04,8.67100387e-05
0.584148,3.41046981e+02,1.79034695e-04,8.85572122e-05
0.584695,3.41554229e+02,1.82854983e-04,9.03969617e-05
0.585242,3.42048482e+02,1.86519168e-04,9.22320619e-05
0.585789,3.42529652e+02,1.90386983e-04,9.40712252e-05
0.586336,3.42997672e+02,1.94281218e-04,9.59210930e-05
0.586883,3.43452478e+02,1.97924927e-04,9.77422122e-05
0.587430,3.43894007e+02,2.01510576e-04,9.95309577e-05
0.587977,3.44322216e+02,2.05145456e-04,1.01300784e-04
0.588524,3.44737077e+02,2.08758252e-04,1.03057986e-04
0.589071,3.45138567e+02,2.12097460e-04,1.04766863e-04
0.589618,3.45526673e+02,2.15571286e-04,1.06465889e-04
0.590165,3.45901405e+02,2.19152867e-04,1.08169315e-04
0.590712,3.46262787e+02,2.22687126e-04,1.09861087e-04
0.591259,3.46610847e+02,2.25953821e-04,1.11502779e-04
0.591806,3.46945619e+02,2.29264314e-04,1.13126107e-04
0.592353,3.47267155e+02,2.32632184e-04,1.14744837e-04
0.592900,3.47575520e+02,2.35913205e-04,1.16342448e-04
0.593447,3.47870780e+02,2.39098473e-04,1.17910105e-04
0.593994,3.48153016e+02,2.42238301e-04,1.19452242e-04
0.594540,3.48422315e+02,2.45362907e-04,1.20978707e-04
0.595087,3.48678775e+02,2.48425712e-04,1.22479017e-04
0.595634,3.48922497e+02,2.51416270e-04,1.23951689e-04
0.596181,3.49153596e+02,2.54374166e-04,1.25403695e-04
0.596728,3.49372190e+02,2.57226924e-04,1.26823550e-04
0.597275,3.49578411e+02,2.60240530e-04,1.28249584e-04
0.597822,3.49772401e+02,2.63089499e-04,1.29647187e-04
0.598369,3.49954307e+02,2.65914082e-04,1.31027184e-04
0.598916,3.50124282e+02,2.68655144e-04,1.32377826e-04
0.599463,3.50282486e+02,2.71438334e-04,1.33721035e-04
0.600010,3.50429094e+02,2.74189126e-04,1.35055787e-04
0.600557,3.50564279e+02,2.76905867e-04,1.36362287e-04
0.601104,3.50688212e+02,2.79454184e-04,1.37628522e-04
0.601651,3.50801075e+02,2.81973093e-04,1.38874180e-04
0.602198,3.50903067e+02,2.84611377e-04,1.40132330e-04
0.602745,3.50994387e+02,2.87057429e-04,1.41349653e-04
0.603292,3.51075233e+02,2.89518214e-04,1.42547686e-04
0.603839,3.51145807e+02,2.91955142e-04,1.43730065e-04
0.604386,3.51206318e+02,2.94287783e-04,1.44881290e-04
0.604933,3.51256982e+02,2.96729320e-04,1.46039233e-04
0.605480,3.51298021e+02,2.99020114e-04,1.47163886e-04
0.606027,3.51329664e+02,3.01328596e-04,1.48289712e-04
0.606574,3.51352148e+02,3.03594267e-04,1.49394737e-04
0.607120,3.51365704e+02,3.05885875e-04,1.50489083e-04
0.607667,3.51370563e+02,3.08114339e-04,1.51553868e-04
0.608214,3.51366963e+02,3.10251312e-04,1.52600088e-04
0.608761,3.51355141e+02,3.12400208e-04,1.53623422e-04
0.609308,3.51335341e+02,3.14429818e-04,1.54631267e-04
0.609855,3.51307818e+02,3.16563924e-04,1.55646922e-04
0.610402,3.51272812e+02,3.18588623e-04,1.56607203e-04
0.610949,3.51230563e+02,3.20541334e-04,1.57558203e-04
0.611496,3.51181335e+02,3.22584312e-04,1.58533761e-04
0.612043,3.51125401e+02,3.24443924e-04,1.59476256e-04
0.612590,3.51063013e+02,3.26416332e-04,1.60396290e-04
0.613137,3.50994423e+02,3.28288110e-04,1.61298924e-04
0.613684,3.50919887e+02,3.30033015e-04,1.62168376e-04
0.614231,3.50839670e+02,3.31804699e-04,1.63039537e-04
0.614778,3.50754035e+02,3.33513283e-04,1.63888525e-04
0.615325,3.50663243e+02,3.35328227e-04,1.64727978e-04
0.615872,3.50567553e+02,3.37115480e-04,1.65561412e-04
0.616419,3.50467222e+02,3.38842364e-04,1.66357514e-04
0.616966,3.50362505e+02,3.40500491e-04,1.67149880e-04
0.617513,3.50253671e+02,3.42097459e-04,1.67930955e-04
0.618060,3.50140993e+02,3.43606407e-04,1.68694697e-04
0.618607,3.50024738e+02,3.45152127e-04,1.69445484e-04
0.619153,3.49905161e+02,3.46813368e-04,1.70181441e-04
0.619700,3.49782509e+02,3.48355481e-04,1.70888525e-04
0.620247,3.49657034e+02,3.49771501e-04,1.71569529e-04
0.620794,3.49529001e+02,3.51230298e-04,1.72271189e-04
0.621341,3.49398678e+02,3.52597676e-04,1.72945522e-04
0.621888,3.49266337e+02,3.53913578e-04,1.73628693e-04
0.622435,3.49132235e+02,3.55360194e-04,1.74274630e-04
0.622982,3.48996629e+02,3.56591768e-04,1.74925410e-04
0.623529,3.48859798e+02,3.57917079e-04,1.75586508e-04
0.624076,3.48721987e+02,3.59400681e-04,1.76200131e-04
0.624623,3.48583424e+02,3.60768094e-04,1.76793501e-04
0.625170,3.48444352e+02,3.61900749e-04,1.77368440e-04
0.625717,3.48305007e+02,3.63283197e-04,1.77924369e-04
0.626264,3.48165617e+02,3.64401614e-04,1.78461140e-04
0.626811,3.48026444e+02,3.65456583e-04,1.79028362e-04
0.627358,3.47887761e+02,3.66450557e-04,1.79590276e-04
0.627905,3.47749816e+02,3.67649215e-04,1.80134883e-04
0.628452,3.47612843e+02,3.68743735e-04,1.80659350e-04
0.628999,3.47477028e+02,3.70396574e-04,1.81129396e-04
0.629546,3.47342539e+02,3.71587462e-04,1.81574885e-04
0.630093,3.47209599e+02,3.72407494e-04,1.82023935e-04
0.630640,3.47078455e+02,3.73214210e-04,1.82472816e-04
0.631186,3.46949328e+02,3.74294509e-04,1.82914101e-04
0.631733,3.46822426e+02,3.75207841e-04,1.83336825e-04
0.632280,3.46697954e+02,3.76226604e-04,1.83754757e-04
0.632827,3.46576124e+02,3.77058862e-04,1.84160024e-04
0.633374,3.46457181e+02,3.77410805e-04,1.84576845e-04
0.633921,3.46341400e+02,3.77749224e-04,1.85008880e-04
0.634468,3.46228978e+02,3.79197103e-04,1.85422702e-04
0.635015,3.46120078e+02,3.79985818e-04,1.85800089e-04
0.635562,3.46014856e+02,3.81334523e-04,1.86142288e-04
0.636109,3.45913437e+02,3.82454687e-04,1.86457145e-04
0.636656,3.45815996e+02,3.82878308e-04,1.86757043e-04
0.637203,3.45722687e+02,3.84282009e-04,1.87055177e-04
0.637750,3.45633648e+02,3.84749963e-04,1.87318065e-04
0.638297,3.45549025e+02,3.85885645e-04,1.87583164e-04
0.638844,3.45468969e+02,3.86276964e-04,1.87834704e-04
0.639391,3.45393692e+02,3.86257604e-04,1.88099129e-04
0.639938,3.45323430e+02,3.86253706e-04,1.88392993e-04
0.640485,3.45258391e+02,3.86628928e-04,1.88692668e-04
0.641032,3.45198721e+02,3.87646204e-04,1.88980749e-04
0.641579,3.45144536e+02,3.88330795e-04,1.89226763e-04
0.642126,3.45095923e+02,3.89591374e-04,1.89432171e-04
0.642673,3.45052962e+02,3.90255895e-04,1.89621161e-04
0.643220,3.45015785e+02,3.90488145e-04,1.89793179e-04
0.643766,3.44984549e+02,3.90668099e-04,1.89984246e-04
0.644313,3.44959398e+02,3.91088421e-04,1.90177443e-04
0.644860,3.44940454e+02,3.91476128e-04,1.90352299e-04
0.645407,3.44927839e+02,3.91678528e-04,1.90516471e-04
0.645954,3.44921649e+02,3.92539177e-04,1.90678991e-04
0.646501,3.44921954e+02,3.92997918e-04,1.90808169e-04
0.647048,3.44928849e+02,3.93301871e-04,1.90923576e-04
0.647595,3.44942413e+02,3.93794905e-04,1.91023501e-04
0.648142,3.44962671e+02,3.94987285e-04,1.91115663e-04
0.648689,3.44989690e+02,3.94622028e-04,1.91167799e-04
0.649236,3.45023593e+02,3.94614153e-04,1.91241438e-04
0.649783,3.45064489e+02,3.94470388e-04,1.91321447e-04
0.650330,3.45112497e+02,3.94163651e-04,1.91403404e-04
0.650877,3.45167637e+02,3.95777069e-04,1.91485027e-04
0.651424,3.45229900e+02,3.95752143e-04,1.91497546e-04
0.651971,3.45299278e+02,3.97209534e-04,1.91510283e-04
0.652518,3.45375815e+02,3.96074558e-04,1.91475063e-04
0.653065,3.45459597e+02,3.96633467e-04,1.91483463e-04
0.653612,3.45550595e+02,3.97493108e-04,1.91465688e-04
0.654159,3.45648853e+02,3.96592190e-04,1.91413547e-04
0.654706,3.45754488e+02,3.96032158e-04,1.91398986e-04
0.655253,3.45867554e+02,3.96190787e-04,1.91387754e-04
0.655799,3.45988072e+02,3.96145602e-04,1.91354898e-04
0.656346,3.46116024e+02,3.96814023e-04,1.91303196e-04
0.656893,3.46251457e+02,3.95423191e-04,1.91214118e-04
0.657440,3.46394416e+02,3.96108550e-04,1.91173417e-04
0.657987,3.46544842e+02,3.96487268e-04,1.91082628e-04
0.658534,3.46702650e+02,3.97467487e-04,1.90959171e-04
0.659081,3.46867796e+02,3.96893941e-04,1.90789790e-04
0.659628,3.47040308e+02,3.96402715e-04,1.90640073e-04
0.660175,3.47220165e+02,3.96776404e-04,1.90500443e-04
0.660722,3.47407303e+02,3.96897594e-04,1.90324554e-04
0.661269,3.47601749e+02,3.95403986e-04,1.90132007e-04
0.661816,3.47803543e+02,3.95226289e-04,1.89979654e-04
0.662363,3.48012528e+02,3.97327520e-04,1.89808895e-04
0.662910,3.48228566e+02,3.96575790e-04,1.89537626e-04
0.663457,3.48451637e+02,3.96312994e-04,1.89289846e-04
0.664004,3.48681703e+02,3.95791306e-04,1.89028961e-04
0.664551,3.48918757e+02,3.94872648e-04,1.88772913e-04
0.665098,3.49162810e+02,3.93911008e-04,1.88520169e-04
0.665645,3.49413866e+02,3.93052486e-04,1.88280258e-04
0.666192,3.49671889e+02,3.92890697e-04,1.88041310e-04
0.666739,3.49936895e+02,3.90798007e-04,1.87757906e-04
0.667286,3.50208817e+02,3.92149935e-04,1.87533771e-04
0.667833,3.50487475e+02,3.92175370e-04,1.87221674e-04
0.668379,3.50772794e+02,3.91331096e-04,1.86879573e-04
0.668926,3.51064784e+02,3.89520857e-04,1.86533247e-04
0.669473,3.51363429e+02,3.89164649e-04,1.86222633e-04
0.670020,3.51668713e+02,3.87177468e-04,1.85876335e-04
0.670567,3.51980725e+02,3.84779113e-04,1.85560243e-04
0.671114,3.52299440e+02,3.85079349e-04,1.85292803e-04
0.671661,3.52624688e+02,3.85371969e-04,1.84957649e-04
0.672208,3.52956283e+02,3.85684925e-04,1.84566799e-04
0.672755,3.53294051e+02,3.85570463e-04,1.84125914e-04
0.673302,3.53637860e+02,3.84884088e-04,1.83666568e-04
0.673849,3.53987718e+02,3.81992130e-04,1.83187449e-04
0.674396,3.54343597e+02,3.82021061e-04,1.82794931e-04
0.674943,3.54705411e+02,3.80202135e-04,1.82335220e-04
0.675490,3.55073111e+02,3.79408131e-04,1.81910107e-04
0.676037,3.55446656e+02,3.77463320e-04,1.81453000e-04
0.676584,3.55826022e+02,3.76163737e-04,1.81020056e-04
0.677131,3.56211093e+02,3.76085192e-04,1.80579596e-04
0.677678,3.56601759e+02,3.74451537e-04,1.80086240e-04
0.678225,3.56997946e+02,3.73623991e-04,1.79604149e-04
0.678772,3.57399454e+02,3.74359069e-04,1.79105701e-04
0.679319,3.57806062e+02,3.73772909e-04,1.78534798e-04
0.679866,3.58217696e+02,3.71477855e-04,1.77936154e-04
0.680412,3.58634298e+02,3.70547402e-04,1.77389676e-04
0.680959,3.59055761e+02,3.69237830e-04,1.76820516e-04
0.681506,3.59481931e+02,3.69205492e-04,1.76257248e-04
0.682053,3.59912716e+02,3.66521710e-04,1.75635134e-04
0.682600,3.60348007e+02,3.66818610e-04,1.75068894e-04
0.683147,3.60787610e+02,3.65675027e-04,1.74438011e-04
0.683694,3.61231460e+02,3.63326473e-04,1.73786173e-04
0.684241,3.61679519e+02,3.61499173e-04,1.73161817e-04
0.684788,3.62131702e+02,3.60127662e-04,1.72546074e-04
0.685335,3.62587939e+02,3.57978499e-04,1.71908524e-04
0.685882,3.63048117e+02,3.57472711e-04,1.71291331e-04
0.686429,3.63512031e+02,3.57055348e-04,1.70630208e-04
0.686976,3.63979502e+02,3.55923478e-04,1.69921822e-04
0.687523,3.64450305e+02,3.56383460e-04,1.69227549e-04
0.688070,3.64924312e+02,3.53310988e-04,1.68453764e-04
0.688617,3.65401520e+02,3.51109089e-04,1.67737871e-04
0.689164,3.65881867e+02,3.49262627e-04,1.67036267e-04
0.689711,3.66365319e+02,3.46430871e-04,1.66321325e-04
0.690258,3.66851826e+02,3.44903573e-04,1.65637402e-04
0.690805,3.67341281e+02,3.43113259e-04,1.64923860e-04
0.691352,3.67833550e+02,3.42105985e-04,1.64207283e-04
0.691899,3.68328493e+02,3.40411827e-04,1.63458527e-04
0.692445,3.68825943e+02,3.40006570e-04,1.62710956e-04
0.692992,3.69325734e+02,3.38111313e-04,1.61911513e-04
0.693539,3.69827785e+02,3.35875843e-04,1.61109283e-04
0.694086,3.70332031e+02,3.33690731e-04,1.60325796e-04
0.694633,3.70838275e+02,3.34239009e-04,1.59569204e-04
0.695180,3.71346362e+02,3.31084376e-04,1.58710411e-04
0.695727,3.71856209e+02,3.30038980e-04,1.57911229e-04
0.696274,3.72367598e+02,3.29788319e-04,1.57092816e-04
0.696821,3.72880322e+02,3.28435814e-04,1.56218138e-04
0.697368,3.73394295e+02,3.25434973e-04,1.55323777e-04
0.697915,3.73909448e+02,3.23855379e-04,1.54476714e-04
0.698462,3.74425655e+02,3.22014191e-04,1.53616302e-04
0.699009,3.74942824e+02,3.19761012e-04,1.52748839e-04
0.699556,3.75460893e+02,3.17173364e-04,1.51879979e-04
0.700103,3.75979825e+02,3.14375298e-04,1.51017047e-04
0.700650,3.76499503e+02,3.13476604e-04,1.50186761e-04
0.701197,3.77019771e+02,3.11585121e-04,1.49306116e-04
0.701744,3.77540452e+02,3.11038649e-04,1.48427856e-04
0.702291,3.78061360e+02,3.09325434e-04,1.47503158e-04
0.702838,3.78582421e+02,3.06277878e-04,1.46560436e-04
0.703385,3.79103660e+02,3.02330581e-04,1.45631723e-04
0.703932,3.79625078e+02,2.99778766e-04,1.44767248e-04
0.704479,3.80146527e+02,2.99231011e-04,1.43911142e-04
0.705025,3.80667830e+02,2.97297769e-04,1.42993304e-04
0.705572,3.81188908e+02,2.94523331e-04,1.42060000e-04
0.706119,3.81709622e+02,2.94001286e-04,1.41163790e-04
0.706666,3.82229766e+02,2.92706924e-04,1.40218080e-04
0.707213,3.82749193e+02,2.90799823e-04,1.39248117e-04
0.707760,3.83267792e+02,2.88664519e-04,1.38273732e-04
0.708307,3.83785436e+02,2.87157386e-04,1.37315901e-04
0.708854,3.84302053e+02,2.83702405e-04,1.36320042e-04
0.709401,3.84817593e+02,2.81697471e-04,1.35374624e-04
0.709948,3.85331922e+02,2.80124451e-04,1.34423672e-04
0.710495,3.85844845e+02,2.79638503e-04,1.33471734e-04
0.711042,3.86356203e+02,2.77276137e-04,1.32459769e-04
0.711589,3.86865894e+02,2.75307625e-04,1.31462782e-04
0.712136,3.87373868e+02,2.71753050e-04,1.30443773e-04
0.712683,3.87880120e+02,2.68772506e-04,1.29473417e-04
0.713230,3.88384531e+02,2.67987282e-04,1.28536780e-04
0.713777,3.88886949e+02,2.65650296e-04,1.27536918e-04
0.714324,3.89387304e+02,2.62911625e-04,1.26538318e-04
0.714871,3.89885519e+02,2.60778333e-04,1.25555632e-04
0.715418,3.90381463e+02,2.59308663e-04,1.24573782e-04
0.715965,3.90875033e+02,2.56625168e-04,1.23561451e-04
0.716512,3.91366136e+02,2.54863670e-04,1.22572450e-04
0.717058,3.91854684e+02,2.52128056e-04,1.21559842e-04
0.717605,3.92340634e+02,2.49140646e-04,1.20553190e-04
0.718152,3.92823920e+02,2.46990931e-04,1.19569927e-04
0.718699,3.93304366e+02,2.46613541e-04,1.18593247e-04
0.719246,3.93781762e+02,2.45377578e-04,1.17571304e-04
0.719793,3.94255997e+02,2.42673824e-04,1.16514761e-04
0.720340,3.94726986e+02,2.40645370e-04,1.15482969e-04
0.720887,3.95194600e+02,2.39189170e-04,1.14462897e-04
0.721434,3.95658750e+02,2.36163688e-04,1.13409402e-04
0.721981,3.96119359e+02,2.34344105e-04,1.12391830e-04
0.722528,3.96576344e+02,2.31517456e-04,1.11355790e-04
0.723075,3.97029638e+02,2.29370149e-04,1.10342212e-04
0.723622,3.97479103e+02,2.28245681e-04,1.09332838e-04
0.724169,3.97924608e+02,2.25875573e-04,1.08284776e-04
0.724716,3.98366058e+02,2.24003839e-04,1.07251974e-04
0.725263,3.98803362e+02,2.21467644e-04,1.06209007e-04
0.725810,3.99236491e+02,2.18124941e-04,1.05165522e-04
0.726357,3.99665416e+02,2.15491784e-04,1.04155352e-04
0.726904,4.00090084e+02,2.12696623e-04,1.03144186e-04
0.727451,4.00510409e+02,2.11059114e-04,1.02155221e-04
0.727998,4.00926242e+02,2.09820825e-04,1.01148211e-04
0.728545,4.01337460e+02,2.07535282e-04,1.00111466e-04
0.729092,4.01743974e+02,2.05533344e-04,9.90827233e-05
0.729638,4.02145688e+02,2.03375686e-04,9.80512201e-05
0.730185,4.02542486e+02,2.01994735e-04,9.70340017e-05
0.730732,4.02934261e+02,1.99578424e-04,9.59848426e-05
0.731279,4.03320923e+02,1.97609008e-04,9.49530774e-05
0.731826,4.03702406e+02,1.94677438e-04,9.39093684e-05
0.732373,4.04078612e+02,1.93527044e-04,9.29039899e-05
0.732920,4.04449428e+02,1.91126721e-04,9.18660114e-05
0.733467,4.04814812e+02,1.87997072e-04,9.08270661e-05
0.734014,4.05174687e+02,1.86528455e-04,8.98303532e-05
0.734561,4.05528930e+02,1.84816985e-04,8.88161188e-05
0.735108,4.05877462e+02,1.82080719e-04,8.77826645e-05
0.735655,4.06220214e+02,1.80166344e-04,8.67771390e-05
0.736202,4.06557105e+02,1.77724118e-04,8.57567957e-05
0.736749,4.06888055e+02,1.75701707e-04,8.47500630e-05
0.737296,4.07212926e+02,1.75012326e-04,8.37600160e-05
0.737843,4.07531593e+02,1.72716526e-04,8.27244707e-05
0.738390,4.07843990e+02,1.70266266e-04,8.16972154e-05
0.738937,4.08150037e+02,1.68453904e-04,8.06911131e-05
0.739484,4.08449644e+02,1.66361748e-04,7.96805933e-05
0.740031,4.08742739e+02,1.63987372e-04,7.86706557e-05
0.740578,4.09029265e+02,1.61499191e-04,7.76675549e-05
0.741125,4.09309173e+02,1.58823215e-04,7.66704893e-05
0.741671,4.09582385e+02,1.57221563e-04,7.57028626e-05
0.742218,4.09848797e+02,1.55541354e-04,7.47242162e-05
0.742765,4.10108301e+02,1.53828719e-04,7.37378896e-05
0.743312,4.10360815e+02,1.51540763e-04,7.27411127e-05
0.743859,4.10606285e+02,1.48786060e-04,7.17456970e-05
0.744406,4.10844643e+02,1.47183150e-04,7.07870039e-05
0.744953,4.11075788e+02,1.45410643e-04,6.98173670e-05
0.745500,4.11299620e+02,1.43739693e-04,6.88489053e-05
0.746047,4.11516073e+02,1.41080411e-04,6.78640035e-05
0.746594,4.11725081e+02,1.39391048e-04,6.69149741e-05
0.747141,4.11926566e+02,1.37182996e-04,6.59549345e-05
0.747688,4.12120457e+02,1.35183404e-04,6.50037864e-05
0.748235,4.12306658e+02,1.33831721e-04,6.40654989e-05
0.748782,4.12485071e+02,1.31925276e-04,6.31124580e-05
0.749329,4.12655613e+02,1.30117629e-04,6.21639818e-05
0.749876,4.12818196e+02,1.28321120e-04,6.12200205e-05
0.750423,4.12972757e+02,1.25736632e-04,6.02653595e-05
0.750970,4.13119227e+02,1.24213103e-04,5.93463164e-05
0.751517,4.13257519e+02,1.22176992e-04,5.84155019e-05
0.752064,4.13387552e+02,1.20604440e-04,5.74994217e-05
0.752611,4.13509264e+02,1.17773957e-04,5.65594254e-05
0.753158,4.13622612e+02,1.15663752e-04,5.56565404e-05
0.753704,4.13727538e+02,1.13278992e-04,5.47534645e-05
0.754251,4.13823983e+02,1.11424991e-04,5.38711373e-05
0.754798,4.13911882e+02,1.09156960e-04,5.29821836e-05
0.755345,4.13991151e+02,1.08013771e-04,5.21205688e-05
0.755892,4.14061693e+02,1.06315412e-04,5.12396706e-05
0.756439,4.14123427e+02,1.04634612e-04,5.03638945e-05
0.756986,4.14176274e+02,1.03042169e-04,4.94959551e-05
0.757533,4.14220161e+02,1.01121319e-04,4.86249401e-05
0.758080,4.14255026e+02,9.89823592e-05,4.77559431e-05
0.758627,4.14280792e+02,9.75195955e-05,4.69101979e-05
0.759174,4.14297386e+02,9.54331955e-05,4.60527343e-05
0.759721,4.14304737e+02,9.39732896e-05,4.52198182e-05
0.760268,4.14302772e+02,9.19985345e-05,4.43781749e-05
0.760815,4.14291418e+02,9.07154671e-05,4.35620650e-05
0.761362,4.14270603e+02,8.85669425e-05,4.27251084e-05
0.761909,4.14240256e+02,8.72629535e-05,4.19207808e-05
0.762456,4.14200299e+02,8.54950745e-05,4.11060384e-05
0.763003,4.14150659e+02,8.40506826e-05,4.03074893e-05
0.763550,4.14091263e+02,8.22388020e-05,3.95021164e-05
0.764097,4.14022043e+02,8.05299663e-05,3.87089401e-05
0.764644,4.13942941e+02,7.83951220e-05,3.79129209e-05
0.765191,4.13853889e+02,7.71090836e-05,3.71483113e-05
0.765738,4.13754808e+02,7.55753582e-05,3.63793309e-05
0.766284,4.13645628e+02,7.40714826e-05,3.56175178e-05
0.766831,4.13526283e+02,7.24464764e-05,3.48586857e-05
0.767378,4.13396701e+02,7.12293555e-05,3.41194147e-05
0.767925,4.13256810e+02,6.98441872e-05,3.33803892e-05
0.768472,4.13106542e+02,6.80571812e-05,3.26342881e-05
0.769019,4.12945829e+02,6.68438880e-05,3.19139555e-05
0.769566,4.12774602e+02,6.50167860e-05,3.11797245e-05
0.770113,4.12592804e+02,6.34155038e-05,3.04628347e-05
0.770660,4.12400374e+02,6.18565267e-05,2.97558177e-05
0.771207,4.12197250e+02,6.02536399e-05,2.90541950e-05
0.771754,4.11983371e+02,5.88254769e-05,2.83647197e-05
0.772301,4.11758670e+02,5.74612899e-05,2.76831283e-05
0.772848,4.11523082e+02,5.61776783e-05,2.70104993e-05
0.773395,4.11276541e+02,5.49973429e-05,2.63479407e-05
0.773942,4.11018981e+02,5.37029121e-05,2.56872579e-05
0.774489,4.10750344e+02,5.22104059e-05,2.50280097e-05
0.775036,4.10470573e+02,5.07368748e-05,2.43775008e-05
0.775583,4.10179610e+02,4.96715316e-05,2.37481234e-05
0.776130,4.09877396e+02,4.80889246e-05,2.31081611e-05
0.776677,4.09563879e+02,4.66863004e-05,2.24841988e-05
0.777224,4.09238998e+02,4.55536003e-05,2.18766829e-05
0.777771,4.08902695e+02,4.43123631e-05,2.12714630e-05
0.778317,4.08554915e+02,4.28905998e-05,2.06698594e-05
0.778864,4.08195604e+02,4.16670497e-05,2.00827953e-05
0.779411,4.07824709e+02,4.03758597e-05,1.94991993e-05
0.779958,4.07442179e+02,3.94993883e-05,1.89417606e-05
0.780505,4.07047959e+02,3.81394571e-05,1.83736934e-05
0.781052,4.06642001e+02,3.68998826e-05,1.78239123e-05
0.781599,4.06224252e+02,3.56696946e-05,1.72819924e-05
0.782146,4.05794663e+02,3.47079225e-05,1.67628607e-05
0.782693,4.05353182e+02,3.36824626e-05,1.62555689e-05
0.783240,4.04899763e+02,3.24286689e-05,1.57441654e-05
0.783787,4.04434358e+02,3.15452224e-05,1.52633307e-05
0.784334,4.03956924e+02,3.04881096e-05,1.47867439e-05
0.784881,4.03467418e+02,2.94988310e-05,1.43320737e-05
0.785428,4.02965797e+02,2.84496932e-05,1.38881450e-05
0.785975,4.02452020e+02,2.75997176e-05,1.34718743e-05
0.786522,4.01926047e+02,2.68518563e-05,1.30743621e-05
0.787069,4.01387840e+02,2.60956447e-05,1.26998846e-05
0.787616,4.00837362e+02,2.53067423e-05,1.23460584e-05
0.788163,4.00274577e+02,2.44954342e-05,1.20131649e-05
0.788710,3.99699450e+02,2.38674011e-05,1.17201994e-05
0.789257,3.99111946e+02,2.32785148e-05,1.14488495e-05
0.789804,3.98512035e+02,2.28926963e-05,1.12135152e-05
0.790351,3.97899689e+02,2.24276944e-05,1.10133223e-05
0.790897,3.97274878e+02,2.20633143e-05,1.08516079e-05
0.791444,3.96637575e+02,2.18319870e-05,1.07299837e-05
0.791991,3.95987756e+02,2.16931756e-05,1.06479329e-05
0.792538,3.95325396e+02,2.15165448e-05,1.06118811e-05
0.793085,3.94650471e+02,2.14204425e-05,1.06162237e-05
0.793632,3.93962958e+02,2.15423409e-05,1.06657413e-05
0.794179,3.93262837e+02,2.16874245e-05,1.07619354e-05
0.794726,3.92550087e+02,2.18467739e-05,1.09031220e-05
0.795273,3.91824692e+02,2.23046754e-05,1.10873456e-05
0.795820,3.91086639e+02,2.27701033e-05,1.13086449e-05
0.796367,3.90335916e+02,2.33016334e-05,1.15732181e-05
0.796914,3.89572514e+02,2.39340701e-05,1.18752745e-05
0.797461,3.88796424e+02,2.46811974e-05,1.22097563e-05
0.798008,3.88007645e+02,2.55024345e-05,1.25800594e-05
0.798555,3.87206168e+02,2.63909869e-05,1.29914394e-05
0.799102,3.86391987e+02,2.72104963e-05,1.34211654e-05
0.799649,3.85565099e+02,2.82297308e-05,1.38859029e-05
0.800196,3.84725505e+02,2.93236981e-05,1.43718971e-05
0.800743,3.83873210e+02,3.03337236e-05,1.48789871e-05
0.801290,3.83008219e+02,3.15115068e-05,1.54120376e-05
0.801837,3.82130539e+02,3.26229537e-05,1.59647043e-05
0.802384,3.81240179e+02,3.37685809e-05,1.65361447e-05
0.802930,3.80337150e+02,3.49897370e-05,1.71201528e-05
0.803477,3.79421468e+02,3.63809410e-05,1.77318440e-05
0.804024,3.78493147e+02,3.76196332e-05,1.83501473e-05
0.804571,3.77552206e+02,3.89007256e-05,1.89854939e-05
0.805118,3.76598661e+02,4.02177064e-05,1.96353396e-05
0.805665,3.75632534e+02,4.16238967e-05,2.02957642e-05
0.806212,3.74653850e+02,4.31205950e-05,2.09741279e-05
0.806759,3.73662634e+02,4.46311263e-05,2.16626065e-05
0.807306,3.72658921e+02,4.60590335e-05,2.23515718e-05
0.807853,3.71642745e+02,4.74303183e-05,2.30511140e-05
0.808400,3.70614143e+02,4.91008585e-05,2.37736611e-05
0.808947,3.69573151e+02,5.04630876e-05,2.44891593e-05
0.809494,3.68519805e+02,5.20029959e-05,2.52241613e-05
0.810041,3.67454141e+02,5.36030639e-05,2.59679007e-05
0.810588,3.66376198e+02,5.51910285e-05,2.67177324e-05
0.811135,3.65286028e+02,5.67154387e-05,2.74609424e-05
0.811682,3.64183688e+02,5.81570475e-05,2.82098241e-05
0.812229,3.63069234e+02,5.99703057e-05,2.89871554e-05
0.812776,3.61942719e+02,6.14588377e-05,2.97518855e-05
0.813323,3.60804192e+02,6.33104574e-05,3.05436476e-05
0.813870,3.59653707e+02,6.49397041e-05,3.13241521e-05
0.814417,3.58491335e+02,6.64363352e-05,3.20987440e-05
0.814964,3.57317148e+02,6.82279963e-05,3.28952381e-05
0.815510,3.56131221e+02,6.99698289e-05,3.36959954e-05
0.816057,3.54933626e+02,7.16767225e-05,3.44984397e-05
0.816604,3.53724433e+02,7.35339251e-05,3.53128953e-05
0.817151,3.52503722e+02,7.50453144e-05,3.61068044e-05
0.817698,3.51271587e+02,7.66811604e-05,3.69142227e-05
0.818245,3.50028118e+02,7.82119586e-05,3.77199774e-05
0.818792,3.48773414e+02,7.97567927e-05,3.85302828e-05
0.819339,3.47507558e+02,8.19087425e-05,3.93726776e-05
0.819886,3.46230634e+02,8.36646643e-05,4.01956286e-05
0.820433,3.44942745e+02,8.53185321e-05,4.10156431e-05
0.820980,3.43643993e+02,8.73053924e-05,4.18561741e-05
0.821527,3.42334480e+02,8.91136898e-05,4.26891467e-05
0.822074,3.41014326e+02,9.06757575e-05,4.35112045e-05
0.822621,3.39683654e+02,9.25014487e-05,4.43511776e-05
0.823168,3.38342578e+02,9.41923792e-05,4.51833750e-05
0.823715,3.36991216e+02,9.59068738e-05,4.60199533e-05
0.824262,3.35629703e+02,9.74466198e-05,4.68514170e-05
0.824809,3.34258180e+02,9.92937859e-05,4.76985417e-05
0.825356,3.32876765e+02,1.01276851e-04,4.85500417e-05
0.825903,3.31485580e+02,1.03180445e-04,4.93983628e-05
0.826450,3.30084764e+02,1.04928672e-04,5.02420410e-05
0.826997,3.28674459e+02,1.06835359e-04,5.10936260e-05
0.827543,3.27254807e+02,1.08663022e-04,5.19423543e-05
0.828090,3.25825956e+02,1.10526707e-04,5.27932707e-05
0.828637,3.24388074e+02,1.12037942e-04,5.36324243e-05
0.829184,3.22941339e+02,1.13726887e-04,5.44829974e-05
0.829731,3.21485920e+02,1.15651328e-04,5.53424112e-05
0.830278,3.20021973e+02,1.17738220e-04,5.62045319e-05
0.830825,3.18549662e+02,1.19538874e-04,5.70568365e-05
0.831372,3.17069161e+02,1.21538654e-04,5.79163659e-05
0.831919,3.15580656e+02,1.23010072e-04,5.87582325e-05
0.832466,3.14084344e+02,1.24760291e-04,5.96136819e-05
0.833013,3.12580431e+02,1.26250814e-04,6.04626333e-05
0.833560,3.11069122e+02,1.28119826e-04,6.13240453e-05
0.834107,3.09550601e+02,1.30429214e-04,6.21945288e-05
0.834654,3.08025060e+02,1.32322204e-04,6.30511226e-05
0.835201,3.06492694e+02,1.34538816e-04,6.39154053e-05
0.835748,3.04953709e+02,1.36039751e-04,6.47561689e-05
0.836295,3.03408320e+02,1.38148701e-04,6.56173174e-05
0.836842,3.01856753e+02,1.39577716e-04,6.64597844e-05
0.837389,3.00299255e+02,1.41531714e-04,6.73203926e-05
0.837936,2.98736077e+02,1.42816728e-04,6.81635176e-05
0.838483,2.97167447e+02,1.45479979e-04,6.90370687e-05
0.839030,2.95593588e+02,1.47128205e-04,6.98820379e-05
0.839576,2.94014743e+02,1.49494145e-04,7.07437090e-05
0.840123,2.92431149e+02,1.51309722e-04,7.15857545e-05
0.840670,2.90843058e+02,1.53038065e-04,7.24267300e-05
0.841217,2.89250730e+02,1.54993187e-04,7.32712692e-05
0.841764,2.87654435e+02,1.56423670e-04,7.41034789e-05
0.842311,2.86054464e+02,1.58089094e-04,7.49433204e-05
0.842858,2.84451091e+02,1.60552351e-04,7.57945364e-05
0.843405,2.82844581e+02,1.62302069e-04,7.66234284e-05
0.843952,2.81235215e+02,1.63889835e-04,7.74479143e-05
0.844499,2.79623286e+02,1.65637543e-04,7.82757214e-05
0.845046,2.78009088e+02,1.67369982e-04,7.90983241e-05
0.845593,2.76392929e+02,1.69255930e-04,7.99217582e-05
0.846140,2.74775122e+02,1.70403268e-04,8.07256950e-05
0.846687,2.73155950e+02,1.73484066e-04,8.15605580e-05
0.847234,2.71535690e+02,1.75485071e-04,8.23680213e-05
0.847781,2.69914657e+02,1.76937454e-04,8.31626639e-05
0.848328,2.68293155e+02,1.79363657e-04,8.39630460e-05
0.848875,2.66671470e+02,1.81385021e-04,8.47494994e-05
0.849422,2.65049932e+02,1.83085034e-04,8.55248155e-05
0.849969,2.63428900e+02,1.84458153e-04,8.62937603e-05
0.850516,2.61808719e+02,1.86161426e-04,8.70620085e-05
0.851063,2.60189724e+02,1.87731726e-04,8.78220853e-05
0.851610,2.58572302e+02,1.88799222e-04,8.85751339e-05
0.852156,2.56956885e+02,1.89591469e-04,8.93281423e-05
0.852703,2.55343872e+02,1.91236049e-04,9.00853063e-05
0.853250,2.53733634e+02,1.93146514e-04,9.08289301e-05
0.853797,2.52126505e+02,1.95691305e-04,9.15607292e-05
0.854344,2.50522832e+02,1.97689672e-04,9.22744614e-05
0.854891,2.48923018e+02,1.98761919e-04,9.29672726e-05
0.855438,2.47327454e+02,2.00439752e-04,9.36648281e-05
0.855985,2.45736519e+02,2.01959689e-04,9.43502864e-05
0.856532,2.44150577e+02,2.04055451e-04,9.50232874e-05
0.857079,2.42569966e+02,2.05949473e-04,9.56776926e-05
0.857626,2.40995074e+02,2.07344541e-04,9.63165621e-05
0.858173,2.39426311e+02,2.08750055e-04,9.69466157e-05
0.858720,2.37864078e+02,2.10379244e-04,9.75677343e-05
0.859267,2.36308766e+02,2.11906187e-04,9.81705441e-05
0.859814,2.34760787e+02,2.13343737e-04,9.87632451e-05
0.860361,2.33220556e+02,2.14591206e-04,9.93374568e-05
0.860908,2.31688460e+02,2.15882360e-04,9.98998033e-05
0.861455,2.30164952e+02,2.16557672e-04,1.00450172e-04
0.862002,2.28650461e+02,2.18772524e-04,1.00993852e-04
0.862549,2.27145332e+02,2.20708245e-04,1.01505665e-04
0.863096,2.25650015e+02,2.21423344e-04,1.02001464e-04
0.863643,2.24165018e+02,2.22365559e-04,1.02491050e-04
0.864189,2.22690694e+02,2.24832676e-04,1.02959450e-04
0.864736,2.21227365e+02,2.25878364e-04,1.03389793e-04
0.865283,2.19775462e+02,2.26919486e-04,1.03815292e-04
0.865830,2.18335405e+02,2.28116121e-04,1.04218474e-04
0.866377,2.16907560e+02,2.29642714e-04,1.04601032e-04
0.866924,2.15492372e+02,2.30299448e-04,1.04963213e-04
0.867471,2.14090219e+02,2.32355388e-04,1.05303343e-04
0.868018,2.12701395e+02,2.33659879e-04,1.05609211e-04
0.868565,2.11326380e+02,2.33351442e-04,1.05900593e-04
0.869112,2.09965665e+02,2.34676514e-04,1.06193720e-04
0.869659,2.08619552e+02,2.36646401e-04,1.06444923e-04
0.870206,2.07288282e+02,2.38338446e-04,1.06655189e-04
0.870753,2.05972278e+02,2.37919706e-04,1.06844758e-04
0.871300,2.04672047e+02,2.38165524e-04,1.07037673e-04
0.871847,2.03387990e+02,2.39033330e-04,1.07209867e-04
0.872394,2.02120449e+02,2.40200353e-04,1.07346318e-04
0.872941,2.00869691e+02,2.41801776e-04,1.07445241e-04
0.873488,1.99636171e+02,2.40650769e-04,1.07524818e-04
0.874035,1.98420326e+02,2.42339865e-04,1.07606117e-04
0.874582,1.97222524e+02,2.41519328e-04,1.07646157e-04
0.875129,1.96043247e+02,2.41689826e-04,1.07685386e-04
0.875676,1.94882993e+02,2.40346828e-04,1.07706887e-04
0.876223,1.93742208e+02,2.40874715e-04,1.07721234e-04
0.876769,1.92621196e+02,2.41140092e-04,1.07693438e-04
0.877316,1.91520248e+02,2.41652362e-04,1.07633763e-04
0.877863,1.90439415e+02,2.45077211e-04,1.07524121e-04
0.878410,1.89378979e+02,2.42174617e-04,1.07367396e-04
0.878957,1.88339460e+02,2.41856270e-04,1.07267816e-04
0.879504,1.87321144e+02,2.42350141e-04,1.07138016e-04
0.880051,1.86324091e+02,2.45271031e-04,1.06962889e-04
0.880598,1.85348361e+02,2.45027760e-04,1.06715200e-04
0.881145,1.84394342e+02,2.42769577e-04,1.06477169e-04
0.881692,1.83462357e+02,2.43206702e-04,1.06261294e-04
0.882239,1.82552472e+02,2.44620755e-04,1.05988680e-04
0.882786,1.81664897e+02,2.42461583e-04,1.05676121e-04
0.883333,1.80799990e+02,2.41351040e-04,1.05402309e-04
0.883880,1.79957947e+02,2.41394454e-04,1.05113304e-04
0.884427,1.79138663e+02,2.44546323e-04,1.04778598e-04
0.884974,1.78342351e+02,2.39294892e-04,1.04374863e-04
0.885521,1.77569295e+02,2.41113760e-04,1.04087752e-04
0.886068,1.76819563e+02,2.39004533e-04,1.03705221e-04
0.886615,1.76093331e+02,2.38531250e-04,1.03347506e-04
0.887162,1.75390952e+02,2.33064872e-04,1.02989136e-04
0.887709,1.74712726e+02,2.33095118e-04,1.02737094e-04
0.888256,1.74058681e+02,2.31956375e-04,1.02397148e-04
0.888802,1.73428817e+02,2.32028766e-04,1.02036681e-04
0.889349,1.72823201e+02,2.29288147e-04,1.01646970e-04
0.889896,1.72241898e+02,2.28947615e-04,1.01308533e-04
0.890443,1.71684716e+02,2.30411315e-04,1.00911403e-04
0.890990,1.71151451e+02,2.29792152e-04,1.00435683e-04
0.891537,1.70641859e+02,2.31388891e-04,9.99572588e-05
0.892084,1.70155813e+02,2.28392757e-04,9.94386793e-05
0.892631,1.69693538e+02,2.23150065e-04,9.90545284e-05
0.893178,1.69255113e+02,2.22692695e-04,9.87974808e-05
0.893725,1.68840348e+02,2.21997889e-04,9.84450704e-05
0.894272,1.68449123e+02,2.19745675e-04,9.80642068e-05
0.894819,1.68081379e+02,2.17421476e-04,9.77279207e-05
0.895366,1.67736779e+02,2.20164444e-04,9.73834948e-05
0.895913,1.67414906e+02,2.18922777e-04,9.68752286e-05
0.896460,1.67115421e+02,2.19657075e-04,9.64009655e-05
0.897007,1.66838118e+02,2.15338049e-04,9.59003110e-05
0.897554,1.66583026e+02,2.10882951e-04,9.55886472e-05
0.898101,1.66350056e+02,2.08643044e-04,9.53806295e-05
0.898648,1.66138842e+02,2.09645070e-04,9.51020919e-05
0.899195,1.65948781e+02,2.11880258e-04,9.46481105e-05
0.899742,1.65779508e+02,2.07152402e-04,9.40934261e-05
0.900289,1.65630688e+02,2.08480111e-04,9.37342121e-05
0.900835,1.65501875e+02,2.05769270e-04,9.32283424e-05
0.901382,1.65392761e+02,2.03576641e-04,9.28056689e-05
0.901929,1.65302825e+02,2.05284688e-04,9.23606722e-05
0.902476,1.65231423e+02,2.05421406e-04,9.17378249e-05
0.903023,1.65178089e+02,2.02645305e-04,9.10934462e-05
0.903570,1.65142526e+02,1.98385611e-04,9.05596373e-05
0.904117,1.65124368e+02,1.96760759e-04,9.01115184e-05
0.904664,1.65123067e+02,1.96466123e-04,8.95732434e-05
0.905211,1.65138057e+02,1.94902641e-04,8.89231202e-05
0.905758,1.65168796e+02,1.93551287e-04,8.82461475e-05
0.906305,1.65214762e+02,1.91017370e-04,8.75321841e-05
0.906852,1.65275399e+02,1.90173131e-04,8.68071363e-05
0.907399,1.65350193e+02,1.85970361e-04,8.60214163e-05
0.907946,1.65438702e+02,1.82848445e-04,8.53114185e-05
0.908493,1.65540237e+02,1.84896029e-04,8.45313761e-05
0.909040,1.65654083e+02,1.82172184e-04,8.35154589e-05
0.909587,1.65779725e+02,1.78249469e-04,8.25413314e-05
0.910134,1.65916619e+02,1.75811268e-04,8.16007881e-05
0.910681,1.66064183e+02,1.72605941e-04,8.05875989e-05
0.911228,1.66221778e+02,1.71402192e-04,7.95356402e-05
0.911775,1.66388692e+02,1.70271021e-04,7.83611567e-05
0.912322,1.66564317e+02,1.65545644e-04,7.71060712e-05
0.912869,1.66748027e+02,1.64543325e-04,7.59027899e-05
0.913415,1.66939141e+02,1.61513982e-04,7.45746827e-05
0.913962,1.67137087e+02,1.56410708e-04,7.32224296e-05
0.914509,1.67341254e+02,1.54406008e-04,7.19173693e-05
0.915056,1.67550994e+02,1.50370805e-04,7.04938941e-05
0.915603,1.67765655e+02,1.48185066e-04,6.90573194e-05
0.916150,1.67984566e+02,1.44905326e-04,6.75263112e-05
0.916697,1.68207079e+02,1.41598386e-04,6.59697625e-05
0.917244,1.68432565e+02,1.37521728e-04,6.43754122e-05
0.917791,1.68660407e+02,1.33528240e-04,6.27753047e-05
0.918338,1.68889977e+02,1.29750518e-04,6.11470938e-05
0.918885,1.69120639e+02,1.26010389e-04,5.94905529e-05
0.919432,1.69351730e+02,1.23627726e-04,5.78193503e-05
0.919979,1.69582597e+02,1.19734042e-04,5.60835684e-05
0.920526,1.69812631e+02,1.15393619e-04,5.43492281e-05
0.921073,1.70041205e+02,1.12335917e-04,5.26176897e-05
0.921620,1.70267687e+02,1.08373018e-04,5.08516344e-05
0.922167,1.70491484e+02,1.03489171e-04,4.90665438e-05
0.922714,1.70711998e+02,9.98237463e-05,4.73161784e-05
0.923261,1.70928619e+02,9.61804969e-05,4.55518699e-05
0.923808,1.71140736e+02,9.32179129e-05,4.37917059e-05
0.924355,1.71347750e+02,8.92881734e-05,4.20003080e-05
0.924902,1.71549093e+02,8.47623881e-05,4.02065808e-05
0.925448,1.71744196e+02,8.12677476e-05,3.84442075e-05
0.925995,1.71932491e+02,7.73192700e-05,3.66694253e-05
0.926542,1.72113424e+02,7.35615642e-05,3.49000300e-05
0.927089,1.72286443e+02,7.00458466e-05,3.31367019e-05
0.927636,1.72451006e+02,6.66531180e-05,3.13789194e-05
0.928183,1.72606584e+02,6.30183136e-05,2.96218323e-05
0.928730,1.72752666e+02,5.91998016e-05,2.78533424e-05
0.929277,1.72888751e+02,5.51780800e-05,2.60775522e-05
0.929824,1.73014349e+02,5.13243851e-05,2.42964746e-05
0.930371,1.73128982e+02,4.66438445e-05,2.24705168e-05
0.930918,1.73232178e+02,4.32743793e-05,2.06861314e-05
0.931465,1.73323477e+02,3.95444756e-05,1.88909867e-05
0.932012,1.73402433e+02,3.56661334e-05,1.70830986e-05
0.932559,1.73468616e+02,3.15482001e-05,1.52563265e-05
0.933106,1.73521606e+02,2.79854506e-05,1.34650116e-05
0.933653,1.73560997e+02,2.43590260e-05,1.17048228e-05
0.934200,1.73586400e+02,2.06261139e-05,9.98999603e-06
0.934747,1.73597436e+02,1.73165387e-05,8.42386160e-06
0.935294,1.73593741e+02,1.46535776e-05,7.14332222e-06
0.935841,1.73574964e+02,1.27816903e-05,6.34779624e-06
0.936388,1.73540768e+02,1.25235237e-05,6.30227479e-06
0.936935,1.73490829e+02,1.42902762e-05,7.07115823e-06
0.937482,1.73424840e+02,1.72211873e-05,8.46975221e-06
0.938028,1.73342506e+02,2.09978394e-05,1.02608281e-05
0.938575,1.73243551e+02,2.51939890e-05,1.22852124e-05
0.939122,1.73127711e+02,2.97604375e-05,1.44684881e-05
0.939669,1.72994744e+02,3.45204666e-05,1.67470439e-05
0.940216,1.72844417e+02,3.95218157e-05,1.91141653e-05
0.940763,1.72676515e+02,4.43645445e-05,2.14986751e-05
0.941310,1.72490838e+02,4.95304727e-05,2.39351498e-05
0.941857,1.72287204e+02,5.48511748e-05,2.64093072e-05
0.942404,1.72065445e+02,5.99417894e-05,2.88577814e-05
0.942951,1.71825409e+02,6.52422947e-05,3.13306184e-05
0.943498,1.71566966e+02,7.01151145e-05,3.37254853e-05
0.944045,1.71290003e+02,7.52005173e-05,3.61354692e-05
0.944592,1.70994429e+02,8.01897721e-05,3.85190931e-05
0.945139,1.70680162e+02,8.50967785e-05,4.08360583e-05
0.945686,1.70347136e+02,8.98798746e-05,4.31216850e-05
0.946233,1.69995306e+02,9.46242349e-05,4.53656320e-05
0.946780,1.69624647e+02,9.94291189e-05,4.75801513e-05
0.947327,1.69235154e+02,1.03808354e-04,4.97036517e-05
0.947874,1.68826843e+02,1.08175189e-04,5.17908332e-05
0.948421,1.68399750e+02,1.12564261e-04,5.38340012e-05
0.948968,1.67953925e+02,1.16858493e-04,5.58273160e-05
0.949515,1.67489440e+02,1.20858084e-04,5.77418524e-05
0.950061,1.67006385e+02,1.24780422e-04,5.96089132e-05
0.950608,1.66504866e+02,1.28504041e-04,6.14101056e-05
0.951155,1.65985005e+02,1.32420981e-04,6.31849583e-05
0.951702,1.65446942e+02,1.36022787e-04,6.48898746e-05
0.952249,1.64890837e+02,1.39340354e-04,6.65369148e-05
0.952796,1.64316874e+02,1.42538584e-04,6.81370936e-05
0.953343,1.63725259e+02,1.45877726e-04,6.97128411e-05
0.953890,1.63116199e+02,1.49396443e-04,7.12388559e-05
0.954437,1.62489902e+02,1.52825823e-04,7.27244808e-05
0.954984,1.61846610e+02,1.55812896e-04,7.41487792e-05
0.955531,1.61186594e+02,1.58110667e-04,7.55014047e-05
0.956078,1.60510127e+02,1.61314313e-04,7.68512356e-05
0.956625,1.59817487e+02,1.64150539e-04,7.81512152e-05
0.957172,1.59108970e+02,1.67494714e-04,7.94420569e-05
0.957719,1.58384883e+02,1.69960871e-04,8.06334066e-05
0.958266,1.57645546e+02,1.72597547e-04,8.18054435e-05
0.958813,1.56891303e+02,1.74966945e-04,8.29284150e-05
0.959360,1.56122523e+02,1.76724131e-04,8.39929384e-05
0.959907,1.55339568e+02,1.79742185e-04,8.50597970e-05
0.960454,1.54542816e+02,1.81099043e-04,8.60278251e-05
0.961001,1.53732661e+02,1.83743313e-04,8.70060674e-05
0.961548,1.52909494e+02,1.85684634e-04,8.79168143e-05
0.962094,1.52073728e+02,1.87554741e-04,8.87895828e-05
0.962641,1.51225791e+02,1.89466597e-04,8.96266221e-05
0.963188,1.50366096e+02,1.92009307e-04,9.04350611e-05
0.963735,1.49495075e+02,1.93040532e-04,9.11544692e-05
0.964282,1.48613206e+02,1.93838782e-04,9.18411043e-05
0.964829,1.47720948e+02,1.95856295e-04,9.25211073e-05
0.965376,1.46818760e+02,1.97017372e-04,9.31364515e-05
0.965923,1.45907094e+02,1.99083797e-04,9.37238866e-05
0.966470,1.44986417e+02,1.99596608e-04,9.42363975e-05
0.967017,1.44057241e+02,2.00481147e-04,9.47329801e-05
0.967564,1.43120083e+02,2.00882927e-04,9.51776011e-05
0.968111,1.42175438e+02,2.02439570e-04,9.56057628e-05
0.968658,1.41223776e+02,2.04088494e-04,9.59927127e-05
0.969205,1.40265589e+02,2.05036487e-04,9.63193954e-05
0.969752,1.39301400e+02,2.05625243e-04,9.66029884e-05
0.970299,1.38331754e+02,2.05411620e-04,9.68295161e-05
0.970846,1.37357207e+02,2.05311187e-04,9.70320011e-05
0.971393,1.36378270e+02,2.06730111e-04,9.72187928e-05
0.971940,1.35395454e+02,2.06416006e-04,9.73254620e-05
0.972487,1.34409300e+02,2.06721869e-04,9.74141527e-05
0.973034,1.33420344e+02,2.06805590e-04,9.74594473e-05
0.973581,1.32429127e+02,2.06684940e-04,9.74610014e-05
0.974128,1.31436195e+02,2.06149735e-04,9.74190996e-05
0.974674,1.30442112e+02,2.05649290e-04,9.73480310e-05
0.975221,1.29447444e+02,2.04634319e-04,9.72305678e-05
0.975768,1.28452731e+02,2.04717914e-04,9.70993384e-05
0.976315,1.27458473e+02,2.05097547e-04,9.69256821e-05
0.976862,1.26465180e+02,2.04635752e-04,9.66950027e-05
0.977409,1.25473391e+02,2.03699502e-04,9.64242466e-05
0.977956,1.24483669e+02,2.02932098e-04,9.61295982e-05
0.978503,1.23496547e+02,2.02204048e-04,9.57952498e-05
0.979050,1.22512517e+02,2.01866926e-04,9.54295405e-05
0.979597,1.21532086e+02,2.00244010e-04,9.50038326e-05
0.980144,1.20555756e+02,1.99588409e-04,9.45687535e-05
0.980691,1.19584038e+02,1.98800417e-04,9.40910840e-05
0.981238,1.18617454e+02,1.97520808e-04,9.35721721e-05
0.981785,1.17656499e+02,1.96500472e-04,9.30232978e-05
0.982332,1.16701651e+02,1.95313383e-04,9.24363543e-05
0.982879,1.15753370e+02,1.93999134e-04,9.18137670e-05
0.983426,1.14812113e+02,1.92572503e-04,9.11579182e-05
0.983973,1.13878369e+02,1.91366741e-04,9.04732332e-05
0.984520,1.12952577e+02,1.90099658e-04,8.97540059e-05
0.985067,1.12035189e+02,1.88388565e-04,8.89954709e-05
0.985614,1.11126649e+02,1.86988673e-04,8.82166241e-05
0.986161,1.10227389e+02,1.85068411e-04,8.73958771e-05
0.986707,1.09337806e+02,1.84031956e-04,8.65586704e-05
0.987254,1.08458275e+02,1.82164447e-04,8.56727484e-05
0.987801,1.07589207e+02,1.80341545e-04,8.47662594e-05
0.988348,1.06731008e+02,1.78341460e-04,8.38287459e-05
0.988895,1.05884025e+02,1.76798934e-04,8.28737668e-05
0.989442,1.05048578e+02,1.74357067e-04,8.18778972e-05
0.989989,1.04225075e+02,1.72284375e-04,8.08652749e-05
0.990536,1.03413912e+02,1.70026183e-04,7.98397791e-05
0.991083,1.02615338e+02,1.68634462e-04,7.87960433e-05
0.991630,1.01829595e+02,1.66314336e-04,7.77062582e-05
0.992177,1.01056966e+02,1.64603596e-04,7.66105648e-05
0.992724,1.00297703e+02,1.62173071e-04,7.54881387e-05
0.993271,9.95521062e+01,1.59665321e-04,7.43541889e-05
0.993818,9.88205241e+01,1.56760942e-04,7.32095139e-05
0.994365,9.81032195e+01,1.55192266e-04,7.20744776e-05
0.994912,9.74003736e+01,1.53011181e-04,7.09037609e-05
0.995459,9.67120797e+01,1.51207169e-04,6.97380746e-05
0.996006,9.60384406e+01,1.48927430e-04,6.85411047e-05
0.996553,9.53797074e+01,1.46319706e-04,6.73529479e-05
0.997100,9.47361172e+01,1.43603274e-04,6.61779682e-05
0.997647,9.41078686e+01,1.40846242e-04,6.50075542e-05
0.998194,9.34951490e+01,1.38341630e-04,6.38433758e-05
0.998741,9.28980509e+01,1.36369032e-04,6.26979813e-05
0.999287,9.23166041e+01,1.34355070e-04,6.15413749e-05
0.999834,9.17509100e+01,1.31723142e-04,6.03939738e-05
1.000381,9.12009890e+01,1.30123752e-04,5.92975782e-05
1.000928,9.06668054e+01,1.27794358e-04,5.81868382e-05
1.001475,9.01484596e+01,1.25346529e-04,5.71016662e-05
1.002022,8.96459190e+01,1.24662406e-04,5.61092953e-05
1.002569,8.91591660e+01,1.21461823e-04,5.50522122e-05
1.003116,8.86881810e+01,1.20801433e-04,5.41278854e-05
1.003663,8.82328236e+01,1.18703174e-04,5.31581121e-05
1.004210,8.77930285e+01,1.16929649e-04,5.22569328e-05
1.004757,8.73687484e+01,1.14921410e-04,5.13879161e-05
1.005304,8.69599885e+01,1.12603471e-04,5.05842885e-05
1.005851,8.65667165e+01,1.10914934e-04,4.98521918e-05
1.006398,8.61887773e+01,1.10259135e-04,4.91596318e-05
1.006945,8.58260150e+01,1.08509277e-04,4.84749219e-05
1.007492,8.54782612e+01,1.07819636e-04,4.78798887e-05
1.008039,8.51452817e+01,1.07069026e-04,4.73012412e-05
1.008586,8.48269137e+01,1.05463385e-04,4.67668580e-05
1.009133,8.45229765e+01,1.04933005e-04,4.63282531e-05
1.009680,8.42332589e+01,1.03679476e-04,4.59020542e-05
1.010227,8.39575261e+01,1.03632033e-04,4.55557204e-05
1.010774,8.36955802e+01,1.01798512e-04,4.52108203e-05
1.011320,8.34472865e+01,1.00605793e-04,4.49833444e-05
1.011867,8.32123744e+01,1.00976015e-04,4.47997135e-05
1.012414,8.29905176e+01,1.00658212e-04,4.45826864e-05
1.012961,8.27814454e+01,1.00156603e-04,4.44153099e-05
1.013508,8.25848986e+01,9.96818870e-05,4.43120650e-05
1.014055,8.24005811e+01,9.97017585e-05,4.42320182e-05
1.014602,8.22283002e+01,9.72837759e-05,4.41431614e-05
1.015149,8.20677634e+01,9.91840520e-05,4.42190972e-05
1.015696,8.19185495e+01,9.90552547e-05,4.41478392e-05
1.016243,8.17802865e+01,9.98958011e-05,4.41212162e-05
1.016790,8.16526860e+01,9.81471542e-05,4.40630931e-05
1.017337,8.15354684e+01,9.88510368e-05,4.41352734e-05
1.017884,8.14282954e+01,9.81980038e-05,4.41261189e-05
1.018431,8.13308661e+01,9.80823316e-05,4.41564932e-05
1.018978,8.12428056e+01,9.88742265e-05,4.41758191e-05
1.019525,8.11637618e+01,9.82173239e-05,4.41421441e-05
1.020072,8.10934100e+01,9.84344628e-05,4.41531326e-05
1.020619,8.10314524e+01,9.71941732e-05,4.41232853e-05
1.021166,8.09775893e+01,9.74270302e-05,4.41503662e-05
1.021713,8.09314622e+01,9.74029210e-05,4.41129257e-05
1.022260,8.08927080e+01,9.77043459e-05,4.40582048e-05
1.022807,8.08610223e+01,9.63429810e-05,4.39655073e-05
1.023353,8.08360738e+01,9.72495827e-05,4.39322067e-05
1.023900,8.08175083e+01,9.63987321e-05,4.37957788e-05
1.024447,8.08050222e+01,9.61490151e-05,4.36885253e-05
1.024994,8.07982542e+01,9.66077930e-05,4.35500385e-05
1.025541,8.07968464e+01,9.62961097e-05,4.33535297e-05
1.026088,8.08005563e+01,9.41258995e-05,4.31458653e-05
1.026635,8.08090740e+01,9.53985013e-05,4.30163688e-05
1.027182,8.08220795e+01,9.34467940e-05,4.27380198e-05
1.027729,8.08393122e+01,9.33698232e-05,4.25396967e-05
1.028276,8.08604300e+01,9.34269310e-05,4.22641188e-05
1.028823,8.08851738e+01,9.13172299e-05,4.19338900e-05
1.029370,8.09132873e+01,9.14214837e-05,4.16729658e-05
1.029917,8.09444885e+01,9.00724130e-05,4.13228060e-05
1.030464,8.09785275e+01,8.93604489e-05,4.09837392e-05
1.031011,8.10151451e+01,8.82850543e-05,4.06049238e-05
1.031558,8.10540921e+01,8.73712301e-05,4.02154718e-05
1.032105,8.10951356e+01,8.59552415e-05,3.97980170e-05
1.032652,8.11380235e+01,8.56743747e-05,3.93850371e-05
1.033199,8.11825249e+01,8.38570987e-05,3.89080802e-05
1.033746,8.12283933e+01,8.40316256e-05,3.84732328e-05
1.034293,8.12753643e+01,8.27271334e-05,3.79486751e-05
1.034840,8.13232361e+01,8.13446231e-05,3.74372318e-05
1.035387,8.13718060e+01,8.01997694e-05,3.69215301e-05
1.035933,8.14208607e+01,7.91863867e-05,3.63851130e-05
1.036480,8.14702471e+01,7.64522615e-05,3.58123002e-05
1.037027,8.15197315e+01,7.77479535e-05,3.53282617e-05
1.037574,8.15690460e+01,7.61431489e-05,3.46900534e-05
1.038121,8.16180650e+01,7.36386004e-05,3.40805476e-05
1.038668,8.16666456e+01,7.26099099e-05,3.35227450e-05
1.039215,8.17146040e+01,7.14289730e-05,3.29088400e-05
1.039762,8.17617719e+01,7.01176149e-05,3.22776715e-05
1.040309,8.18080023e+01,6.83706804e-05,3.16345647e-05
1.040856,8.18531305e+01,6.76924836e-05,3.10134347e-05
1.041403,8.18969989e+01,6.59496177e-05,3.03374347e-05
1.041950,8.19394994e+01,6.39167986e-05,2.96788991e-05
1.042497,8.19805012e+01,6.30268212e-05,2.90449158e-05
1.043044,8.20198551e+01,6.17308472e-05,2.83674666e-05
1.043591,8.20574446e+01,5.99542121e-05,2.76807534e-05
1.044138,8.20931656e+01,5.84068017e-05,2.70113994e-05
1.044685,8.21269259e+01,5.63516703e-05,2.63285596e-05
1.045232,8.21586080e+01,5.58045231e-05,2.56816626e-05
1.045779,8.21880933e+01,5.38943075e-05,2.49716722e-05
1.046326,8.22152762e+01,5.30495242e-05,2.43088048e-05
1.046873,8.22400594e+01,5.11074198e-05,2.35991489e-05
1.047420,8.22623432e+01,5.04471473e-05,2.29387818e-05
1.047966,8.22820354e+01,4.83561529e-05,2.22236970e-05
1.048513,8.22990749e+01,4.69166252e-05,2.15606751e-05
1.049060,8.23133934e+01,4.52366433e-05,2.08874122e-05
1.049607,8.23249335e+01,4.35493267e-05,2.02193359e-05
1.050154,8.23336232e+01,4.25306932e-05,1.95660760e-05
1.050701,8.23393873e+01,4.11024312e-05,1.88898067e-05
1.051248,8.23421715e+01,3.96023748e-05,1.82241456e-05
1.051795,8.23419265e+01,3.82058458e-05,1.75734092e-05
1.052342,8.23386003e+01,3.69310188e-05,1.69281733e-05
1.052889,8.23321431e+01,3.56259720e-05,1.62858318e-05
1.053436,8.23225202e+01,3.39735889e-05,1.56457552e-05
1.053983,8.23097048e+01,3.24800451e-05,1.50329988e-05
1.054530,8.22936612e+01,3.12667147e-05,1.44347672e-05
1.055077,8.22743458e+01,3.03319137e-05,1.38422326e-05
1.055624,8.22517260e+01,2.88776148e-05,1.32395203e-05
1.056171,8.22257813e+01,2.76417280e-05,1.26725178e-05
1.056718,8.21964850e+01,2.66391520e-05,1.21196427e-05
1.057265,8.21638178e+01,2.53091250e-05,1.15656729e-05
1.057812,8.21277684e+01,2.41376099e-05,1.10446095e-05
1.058359,8.20883263e+01,2.29579591e-05,1.05413004e-05
1.058906,8.20454855e+01,2.18678998e-05,1.00605708e-05
1.059453,8.19992379e+01,2.09296481e-05,9.60230423e-06
1.060000,8.19495824e+01,1.98096209e-05,9.15847170e-06
1.060546,8.18965223e+01,1.89303679e-05,8.75789361e-06
1.061093,8.18400578e+01,1.81020662e-05,8.37678958e-06
1.061640,8.17801885e+01,1.74239601e-05,8.02516697e-06
1.062187,8.17169143e+01,1.67750726e-05,7.70386474e-06
1.062734,8.16502459e+01,1.60275640e-05,7.41260747e-06
1.063281,8.15801975e+01,1.54953211e-05,7.18080478e-06
1.063828,8.15067790e+01,1.50976516e-05,6.97935105e-06
1.064375,8.14300026e+01,1.47213399e-05,6.80974256e-06
1.064922,8.13498806e+01,1.45162774e-05,6.69130352e-06
1.065469,8.12664334e+01,1.42132663e-05,6.60179022e-06
1.066016,8.11796824e+01,1.42115194e-05,6.57977227e-06
1.066563,8.10896504e+01,1.41234481e-05,6.57333539e-06
1.067110,8.09963674e+01,1.42339242e-05,6.62865093e-06
1.067657,8.08998537e+01,1.44113592e-05,6.70539212e-06
1.068204,8.08001370e+01,1.45944068e-05,6.79867928e-06
1.068751,8.06972552e+01,1.48764720e-05,6.94901300e-06
1.069298,8.05912439e+01,1.51644145e-05,7.11718318e-06
1.069845,8.04821373e+01,1.56014031e-05,7.30168701e-06
1.070392,8.03699745e+01,1.60306197e-05,7.51040702e-06
1.070939,8.02547898e+01,1.64759903e-05,7.73044922e-06
1.071486,8.01366216e+01,1.70158868e-05,7.95148290e-06
1.072033,8.00155188e+01,1.75576893e-05,8.21434076e-06
1.072579,7.98915277e+01,1.80848044e-05,8.47229606e-06
1.073126,7.97646952e+01,1.86750086e-05,8.73204234e-06
1.073673,7.96350682e+01,1.92248416e-05,8.99945611e-06
1.074220,7.95026948e+01,1.98269806e-05,9.26737274e-06
1.074767,7.93676270e+01,2.03915975e-05,9.53863601e-06
1.075314,7.92299227e+01,2.10215601e-05,9.81476197e-06
1.075861,7.90896388e+01,2.16330524e-05,1.01037387e-05
1.076408,7.89468355e+01,2.22453436e-05,1.03798628e-05
1.076955,7.88015729e+01,2.28640486e-05,1.06718447e-05
1.077502,7.86539070e+01,2.34355262e-05,1.09390105e-05
1.078049,7.85039062e+01,2.40833826e-05,1.12155845e-05
1.078596,7.83516388e+01,2.47424487e-05,1.15210617e-05
1.079143,7.81971693e+01,2.53554225e-05,1.17965500e-05
1.079690,7.80405705e+01,2.59462195e-05,1.20777844e-05
1.080237,7.78819153e+01,2.65563419e-05,1.23621906e-05
1.080784,7.77212733e+01,2.71493904e-05,1.26346223e-05
1.081331,7.75587152e+01,2.77190437e-05,1.28991829e-05
1.081878,7.73943155e+01,2.83168760e-05,1.31668091e-05
1.082425,7.72281533e+01,2.89183457e-05,1.34461405e-05
1.082972,7.70603143e+01,2.95132092e-05,1.37280991e-05
1.083519,7.68908836e+01,3.01377058e-05,1.40203352e-05
1.084066,7.67199420e+01,3.07104242e-05,1.42927174e-05
1.084612,7.65475655e+01,3.13468705e-05,1.45582023e-05
1.085159,7.63738324e+01,3.19078601e-05,1.48156095e-05
1.085706,7.61988310e+01,3.25065768e-05,1.50838565e-05
1.086253,7.60226427e+01,3.31744612e-05,1.53648255e-05
1.086800,7.58453549e+01,3.37363985e-05,1.56224366e-05
1.087347,7.56670543e+01,3.45081619e-05,1.59268503e-05
1.087894,7.54878260e+01,3.50766078e-05,1.61910868e-05
1.088441,7.53077589e+01,3.57686316e-05,1.64795944e-05
1.088988,7.51269458e+01,3.63126429e-05,1.67413695e-05
1.089535,7.49454807e+01,3.70682441e-05,1.70477545e-05
1.090082,7.47634571e+01,3.76464874e-05,1.73244037e-05
1.090629,7.45809658e+01,3.84240517e-05,1.76277095e-05
1.091176,7.43980891e+01,3.90086401e-05,1.78862361e-05
1.091723,7.42149248e+01,3.95795530e-05,1.81592335e-05
1.092270,7.40315709e+01,4.02465040e-05,1.84481819e-05
1.092817,7.38481287e+01,4.08063348e-05,1.87278246e-05
1.093364,7.36646947e+01,4.15671420e-05,1.90337566e-05
1.093911,7.34813623e+01,4.21315461e-05,1.93044328e-05
1.094458,7.32982330e+01,4.28384069e-05,1.96083021e-05
1.095005,7.31154023e+01,4.35082160e-05,1.99049268e-05
1.095552,7.29329652e+01,4.41695643e-05,2.01913424e-05
1.096099,7.27510100e+01,4.49099540e-05,2.04790260e-05
1.096646,7.25696365e+01,4.54543252e-05,2.07558772e-05
1.097192,7.23889381e+01,4.63306877e-05,2.10792890e-05
1.097739,7.22090048e+01,4.69434940e-05,2.13598911e-05
1.098286,7.20299335e+01,4.77465916e-05,2.16868497e-05
1.098833,7.18518154e+01,4.83627048e-05,2.19755547e-05
1.099380,7.16747418e+01,4.91393877e-05,2.22727823e-05
1.099927,7.14988017e+01,4.98006647e-05,2.25649623e-05
1.100474,7.13240946e+01,5.04223900e-05,2.28626784e-05
1.101021,7.11507107e+01,5.12012905e-05,2.31708453e-05
1.101568,7.09787456e+01,5.18021408e-05,2.34654809e-05
1.102115,7.08082922e+01,5.27009207e-05,2.38148947e-05
1.102662,7.06394218e+01,5.34848479e-05,2.41034046e-05
1.103209,7.04722254e+01,5.40358401e-05,2.43867655e-05
1.103756,7.03068039e+01,5.47630415e-05,2.47193569e-05
1.104303,7.01432438e+01,5.55878700e-05,2.50626910e-05
1.104850,6.99816162e+01,5.64571320e-05,2.53723988e-05
1.105397,6.98219989e+01,5.70542867e-05,2.56532523e-05
1.105944,6.96644705e+01,5.78828624e-05,2.59617872e-05
1.106491,6.95090884e+01,5.87556991e-05,2.62447486e-05
1.107038,6.93559332e+01,5.92782277e-05,2.65292412e-05
1.107585,6.92051012e+01,5.99846012e-05,2.68767914e-05
1.108132,6.90566741e+01,6.07120688e-05,2.71997213e-05
1.108679,6.89107365e+01,6.13186331e-05,2.75115218e-05
1.109225,6.87673538e+01,6.22743504e-05,2.78323275e-05
1.109772,6.86265716e+01,6.30236958e-05,2.81008091e-05
1.110319,6.84884587e+01,6.35572215e-05,2.83732696e-05
1.110866,6.83531103e+01,6.40492456e-05,2.86961263e-05
1.111413,6.82205777e+01,6.53030641e-05,2.90441262e-05
1.111960,6.80909005e+01,6.58150455e-05,2.92999490e-05
1.112507,6.79641434e+01,6.66510539e-05,2.96213296e-05
1.113054,6.78403620e+01,6.73172857e-05,2.99171935e-05
1.113601,6.77196049e+01,6.81256877e-05,3.02084521e-05
1.114148,6.76019264e+01,6.86777171e-05,3.04916498e-05
1.114695,6.74873538e+01,6.99104432e-05,3.07990900e-05
1.115242,6.73759077e+01,7.04233472e-05,3.10333982e-05
1.115789,6.72676697e+01,7.07098610e-05,3.13318904e-05
1.116336,6.71626890e+01,7.18526565e-05,3.16806640e-05
1.116883,6.70609906e+01,7.23859356e-05,3.19344592e-05
1.117430,6.69626074e+01,7.32362224e-05,3.22138231e-05
1.117977,6.68675361e+01,7.42783551e-05,3.24656474e-05
1.118524,6.67758109e+01,7.44927137e-05,3.26927101e-05
1.119071,6.66874869e+01,7.52413984e-05,3.30247217e-05
1.119618,6.66025916e+01,7.59401948e-05,3.33034359e-05
1.120165,6.65211387e+01,7.68114280e-05,3.35827576e-05
1.120712,6.64431401e+01,7.73654696e-05,3.38119143e-05
1.121259,6.63686189e+01,7.79691291e-05,3.40582536e-05
1.121805,6.62975939e+01,7.85570577e-05,3.43210299e-05
1.122352,6.62300331e+01,7.99079190e-05,3.45481772e-05
1.122899,6.61659304e+01,7.99970094e-05,3.47178516e-05
1.123446,6.61053412e+01,8.04317919e-05,3.50284033e-05
1.123993,6.60482668e+01,8.13619636e-05,3.52801861e-05
1.124540,6.59946879e+01,8.19305239e-05,3.54808582e-05
1.125087,6.59446012e+01,8.24865140e-05,3.56779714e-05
1.125634,6.58980189e+01,8.27934257e-05,3.58773762e-05
1.126181,6.58549260e+01,8.38252949e-05,3.61159353e-05
1.126728,6.58152980e+01,8.41776398e-05,3.62963625e-05
1.127275,6.57791456e+01,8.45301600e-05,3.64986272e-05
1.127822,6.57464451e+01,8.53615662e-05,3.66864609e-05
1.128369,6.57171720e+01,8.56600910e-05,3.68409647e-05
1.128916,6.56913169e+01,8.62207110e-05,3.70299596e-05
1.129463,6.56688682e+01,8.64460581e-05,3.71814342e-05
1.130010,6.56497804e+01,8.75088839e-05,3.73425180e-05
1.130557,6.56340221e+01,8.73959619e-05,3.74401758e-05
1.131104,6.56215797e+01,8.81414652e-05,3.76193105e-05
1.131651,6.56124114e+01,8.84637674e-05,3.77294813e-05
1.132198,6.56064818e+01,8.89656139e-05,3.78436000e-05
1.132745,6.56037931e+01,8.86075489e-05,3.79480773e-05
1.133292,6.56042910e+01,9.01112514e-05,3.81156993e-05
1.133838,6.56078913e+01,9.01363995e-05,3.81659913e-05
1.134385,6.56145589e+01,9.06268872e-05,3.82566083e-05
1.134932,6.56242785e+01,9.02747298e-05,3.83199690e-05
1.135479,6.56370635e+01,9.01988909e-05,3.84453437e-05
1.136026,6.56528435e+01,9.14870194e-05,3.85661889e-05
1.136573,6.56715455e+01,9.13776878e-05,3.86223600e-05
1.137120,6.56931215e+01,9.20548501e-05,3.87117760e-05
1.137667,6.57174763e+01,9.26995731e-05,3.87242532e-05
1.138214,6.57445558e+01,9.24314422e-05,3.87048607e-05
1.138761,6.57743192e+01,9.28391945e-05,3.87430385e-05
1.139308,6.58067282e+01,9.24654901e-05,3.87353636e-05
1.139855,6.58417140e+01,9.33862151e-05,3.87733347e-05
1.140402,6.58791905e+01,9.33243353e-05,3.87200934e-05
1.140949,6.59191466e+01,9.27743863e-05,3.87147211e-05
1.141496,6.59615792e+01,9.25746706e-05,3.87372685e-05
1.142043,6.60064777e+01,9.21034593e-05,3.87341215e-05
1.142590,6.60538439e+01,9.16221261e-05,3.87419605e-05
1.143137,6.61036480e+01,9.16859445e-05,3.87430285e-05
1.143684,6.61557823e+01,9.26217101e-05,3.87010031e-05
1.144231,6.62101203e+01,9.28849811e-05,3.85961146e-05
1.144778,6.62665890e+01,9.27228658e-05,3.85237383e-05
1.145325,6.63251590e+01,9.22677998e-05,3.84608900e-05
1.145871,6.63857770e+01,9.25007208e-05,3.84072633e-05
1.146418,6.64484122e+01,9.14802119e-05,3.83115783e-05
1.146965,6.65130229e+01,9.19682583e-05,3.82740057e-05
1.147512,6.65795133e+01,9.19512643e-05,3.81525005e-05
1.148059,6.66478078e+01,9.18794275e-05,3.80219205e-05
1.148606,6.67178690e+01,9.11462220e-05,3.78846606e-05
1.149153,6.67896791e+01,9.06921501e-05,3.77986439e-05
1.149700,6.68631687e+01,9.08983816e-05,3.76894526e-05
1.150247,6.69382602e+01,9.05698873e-05,3.75266582e-05
1.150794,6.70149444e+01,8.94106135e-05,3.73918948e-05
1.151341,6.70932179e+01,8.90032847e-05,3.73016669e-05
1.151888,6.71729824e+01,8.96415263e-05,3.71582035e-05
1.152435,6.72541579e+01,8.87752618e-05,3.69567420e-05
1.152982,6.73366752e+01,8.92575351e-05,3.68408382e-05
1.153529,6.74204614e+01,8.83576081e-05,3.66245245e-05
1.154076,6.75054432e+01,8.87730205e-05,3.64658418e-05
1.154623,6.75915560e+01,8.77076865e-05,3.62305917e-05
1.155170,6.76787649e+01,8.75290819e-05,3.60655594e-05
1.155717,6.77670043e+01,8.70741154e-05,3.58509127e-05
1.156264,6.78562154e+01,8.67013999e-05,3.56363478e-05
1.156811,6.79463332e+01,8.63631223e-05,3.54121300e-05
1.157358,6.80373377e+01,8.50296387e-05,3.51757488e-05
1.157905,6.81292169e+01,8.45433436e-05,3.50021159e-05
1.158451,6.82219203e+01,8.39904036e-05,3.47848325e-05
1.158998,6.83153828e+01,8.37317999e-05,3.45505228e-05
1.159545,6.84095287e+01,8.33899433e-05,3.42987752e-05
1.160092,6.85042707e+01,8.33458344e-05,3.40439289e-05
1.160639,6.85995687e+01,8.19946251e-05,3.37672171e-05
1.161186,6.86953576e+01,8.25867859e-05,3.35716792e-05
1.161733,6.87915605e+01,8.13668235e-05,3.32645512e-05
1.162280,6.88881494e+01,8.08973639e-05,3.30450185e-05
1.162827,6.89850531e+01,8.07032645e-05,3.27741332e-05
1.163374,6.90822417e+01,7.92618186e-05,3.24727276e-05
1.163921,6.91796890e+01,7.89736912e-05,3.22448769e-05
1.164468,6.92773117e+01,7.87913588e-05,3.19513427e-05
1.165015,6.93750455e+01,7.80314442e-05,3.16319828e-05
1.165562,6.94728446e+01,7.73939016e-05,3.13308023e-05
1.166109,6.95707100e+01,7.56620064e-05,3.10271916e-05
1.166656,6.96686448e+01,7.50795464e-05,3.08053822e-05
1.167203,6.97665906e+01,7.46897542e-05,3.05159437e-05
1.167750,6.98644861e+01,7.40768431e-05,3.01969774e-05
1.168297,6.99623074e+01,7.28171777e-05,2.98762734e-05
1.168844,7.00600221e+01,7.24631556e-05,2.95990981e-05
1.169391,7.01575636e+01,7.19250074e-05,2.92819782e-05
1.169938,7.02548919e+01,7.09590267e-05,2.89618322e-05
1.170484,7.03519753e+01,7.02891139e-05,2.86645314e-05
1.171031,7.04487692e+01,6.96111211e-05,2.83458494e-05
1.171578,7.05452450e+01,6.85458558e-05,2.80194213e-05
1.172125,7.06414311e+01,6.66147035e-05,2.77140061e-05
1.172672,7.07372900e+01,6.70904746e-05,2.74843797e-05
1.173219,7.08327225e+01,6.64823597e-05,2.71313942e-05
1.173766,7.09276878e+01,6.56015459e-05,2.67840037e-05
1.174313,7.10221458e+01,6.50552289e-05,2.64564042e-05
1.174860,7.11160479e+01,6.43390599e-05,2.61235336e-05
1.175407,7.12093975e+01,6.25838488e-05,2.57933282e-05
1.175954,7.13021703e+01,6.25458304e-05,2.55361843e-05
1.176501,7.13942931e+01,6.19341216e-05,2.51918793e-05
1.177048,7.14857231e+01,6.12072390e-05,2.48524882e-05
1.177595,7.15764097e+01,6.07665735e-05,2.45121364e-05
1.178142,7.16663297e+01,5.93968855e-05,2.41497730e-05
1.178689,7.17554871e+01,5.83510083e-05,2.38446112e-05
1.179236,7.18438303e+01,5.83154640e-05,2.35325253e-05
1.179783,7.19313113e+01,5.71342275e-05,2.31628914e-05
1.180330,7.20179428e+01,5.57020688e-05,2.28396555e-05
1.180877,7.21037346e+01,5.46749457e-05,2.25494307e-05
1.181424,7.21886426e+01,5.45050038e-05,2.22411734e-05
1.181971,7.22726312e+01,5.32337139e-05,2.18795088e-05
1.182518,7.23556481e+01,5.34367096e-05,2.15787196e-05
1.183064,7.24376362e+01,5.23051844e-05,2.12059996e-05
1.183611,7.25185741e+01,5.17432810e-05,2.08839546e-05
1.184158,7.25984307e+01,5.08543044e-05,2.05525326e-05
1.184705,7.26771853e+01,4.99466085e-05,2.02264384e-05
1.185252,7.27548155e+01,4.91617420e-05,1.98995983e-05
1.185799,7.28313028e+01,4.82135096e-05,1.95647236e-05
1.186346,7.29066238e+01,4.75950642e-05,1.92413832e-05
1.186893,7.29807648e+01,4.64865864e-05,1.89058582e-05
1.187440,7.30537048e+01,4.58880788e-05,1.85957474e-05
1.187987,7.31254014e+01,4.52776740e-05,1.82847099e-05
1.188534,7.31958386e+01,4.42269390e-05,1.79513292e-05
1.189081,7.32649901e+01,4.38626196e-05,1.76493594e-05
1.189628,7.33328341e+01,4.26600879e-05,1.73033334e-05
1.190175,7.33993636e+01,4.19166474e-05,1.70048231e-05
1.190722,7.34645505e+01,4.12802689e-05,1.66877612e-05
1.191269,7.35283625e+01,4.07072763e-05,1.63613156e-05
1.191816,7.35907718e+01,3.99262365e-05,1.60297464e-05
1.192363,7.36517599e+01,3.90970592e-05,1.57102117e-05
1.192910,7.37113032e+01,3.85501652e-05,1.53967565e-05
1.193457,7.37693835e+01,3.76551555e-05,1.50725401e-05
1.194004,7.38260047e+01,3.64968852e-05,1.47634919e-05
1.194551,7.38811580e+01,3.58801661e-05,1.44841683e-05
1.195097,7.39348150e+01,3.52667605e-05,1.41784885e-05
1.195644,7.39869644e+01,3.42478466e-05,1.38607253e-05
1.196191,7.40375926e+01,3.37747101e-05,1.35798839e-05
1.196738,7.40866718e+01,3.30750391e-05,1.32751982e-05
1.197285,7.41341814e+01,3.24010911e-05,1.29769923e-05
1.197832,7.41800983e+01,3.18780370e-05,1.26793581e-05
1.198379,7.42244058e+01,3.10452123e-05,1.23750738e-05
1.198926,7.42670981e+01,3.02373648e-05,1.20875710e-05
1.199473,7.43081691e+01,2.94672931e-05,1.18081810e-05
1.200020,7.43476065e+01,2.87984145e-05,1.15313514e-05
1.200567,7.43853929e+01,2.81411609e-05,1.12510087e-05
1.201114,7.44215104e+01,2.75507322e-05,1.09709612e-05
1.201661,7.44559494e+01,2.67554258e-05,1.06888765e-05
1.202208,7.44886969e+01,2.62592036e-05,1.04302477e-05
1.202755,7.45197360e+01,2.55318375e-05,1.01545177e-05
1.203302,7.45490613e+01,2.47574375e-05,9.88943693e-06
1.203849,7.45766617e+01,2.42709412e-05,9.64020199e-06
1.204396,7.46025194e+01,2.36618599e-05,9.37978400e-06
1.204943,7.46266381e+01,2.24855529e-05,9.11642118e-06
1.205490,7.46490103e+01,2.22562474e-05,8.92135616e-06
1.206037,7.46696157e+01,2.15925861e-05,8.67805820e-06
1.206584,7.46884285e+01,2.14691661e-05,8.45034903e-06
1.207131,7.47054253e+01,2.07340547e-05,8.19195484e-06
1.207677,7.47206006e+01,2.01996269e-05,7.97195125e-06
1.208224,7.47339354e+01,1.98319861e-05,7.74958600e-06
1.208771,7.47454134e+01,1.93154894e-05,7.51431204e-06
1.209318,7.47550322e+01,1.86341998e-05,7.29826960e-06
1.209865,7.47627936e+01,1.79259496e-05,7.09792498e-06
1.210412,7.47686930e+01,1.74293787e-05,6.91082153e-06
1.210959,7.47727158e+01,1.70808134e-05,6.71502377e-06
1.211506,7.47748450e+01,1.66842725e-05,6.51649626e-06
1.212053,7.47750705e+01,1.61701643e-05,6.31842760e-06
1.212600,7.47733866e+01,1.57167663e-05,6.13844612e-06
1.213147,7.47697904e+01,1.52598594e-05,5.96359642e-06
1.213694,7.47642756e+01,1.48332985e-05,5.81321991e-06
1.214241,7.47568351e+01,1.43375761e-05,5.66068680e-06
1.214788,7.47474666e+01,1.40128352e-05,5.51805739e-06
1.215335,7.47361467e+01,1.39241312e-05,5.39593118e-06
1.215882,7.47228484e+01,1.36847092e-05,5.25625732e-06
1.216429,7.47075687e+01,1.32595148e-05,5.13226740e-06
1.216976,7.46903039e+01,1.29588939e-05,5.03451585e-06
1.217523,7.46710455e+01,1.27745319e-05,4.93024314e-06
1.218070,7.46497851e+01,1.25802896e-05,4.84495445e-06
1.218617,7.46265123e+01,1.22948558e-05,4.75637396e-06
1.219164,7.46012253e+01,1.19758476e-05,4.67930602e-06
1.219710,7.45739205e+01,1.18817829e-05,4.63358424e-06
1.220257,7.45445910e+01,1.16893930e-05,4.57872367e-06
1.220804,7.45132345e+01,1.15792496e-05,4.53968285e-06
1.221351,7.44798437e+01,1.15213174e-05,4.50996325e-06
1.221898,7.44444120e+01,1.14024058e-05,4.48371501e-06
1.222445,7.44069377e+01,1.13780938e-05,4.47645113e-06
1.222992,7.43674191e+01,1.13248819e-05,4.47946591e-06
1.223539,7.43258516e+01,1.13327165e-05,4.49255168e-06
1.224086,7.42822321e+01,1.13423285e-05,4.50833876e-06
1.224633,7.42365591e+01,1.13720587e-05,4.54143086e-06
1.225180,7.41888314e+01,1.14272740e-05,4.57822920e-06
1.225727,7.41390465e+01,1.15275365e-05,4.62796688e-06
1.226274,7.40872034e+01,1.17017510e-05,4.67984941e-06
1.226821,7.40332992e+01,1.18303539e-05,4.75688378e-06
1.227368,7.39773261e+01,1.19684030e-05,4.81659787e-06
1.227915,7.39192810e+01,1.21049908e-05,4.88792160e-06
1.228462,7.38591652e+01,1.23476863e-05,4.97311268e-06
1.229009,7.37969780e+01,1.25227202e-05,5.06546608e-06
1.229556,7.37327144e+01,1.26635567e-05,5.14486179e-06
1.230103,7.36663732e+01,1.28506541e-05,5.23287111e-06
1.230650,7.35979576e+01,1.31783379e-05,5.32791597e-06
1.231197,7.35274706e+01,1.34359017e-05,5.43864964e-06
1.231743,7.34549097e+01,1.36224516e-05,5.53471162e-06
1.232290,7.33802704e+01,1.39018151e-05,5.64173285e-06
1.232837,7.33035542e+01,1.41964279e-05,5.75100979e-06
1.233384,7.32247653e+01,1.44310007e-05,5.86669478e-06
1.233931,7.31439084e+01,1.48117800e-05,5.98231850e-06
1.234478,7.30609910e+01,1.51479882e-05,6.10792857e-06
1.235025,7.29760155e+01,1.54316819e-05,6.22644411e-06
1.235572,7.28889811e+01,1.56726837e-05,6.34114570e-06
1.236119,7.27998922e+01,1.60600763e-05,6.45562788e-06
1.236666,7.27087559e+01,1.64178956e-05,6.58456149e-06
1.237213,7.26155756e+01,1.67333281e-05,6.70793556e-06
1.237760,7.25203510e+01,1.70109523e-05,6.82603422e-06
1.238307,7.24230853e+01,1.72869393e-05,6.94647474e-06
1.238854,7.23237854e+01,1.76080070e-05,7.06366756e-06
1.239401,7.22224572e+01,1.79964807e-05,7.18921459e-06
1.239948,7.21191050e+01,1.83220253e-05,7.31488651e-06
1.240495,7.20137351e+01,1.86098257e-05,7.43337714e-06
1.241042,7.19063568e+01,1.89144669e-05,7.55493812e-06
1.241589,7.17969786e+01,1.92575425e-05,7.67759327e-06
1.242136,7.16856100e+01,1.96060480e-05,7.80297102e-06
1.242683,7.15722621e+01,2.00184037e-05,7.93266581e-06
1.243230,7.14569397e+01,2.03896299e-05,8.06405755e-06
1.243777,7.13396437e+01,2.06469684e-05,8.18557482e-06
1.244323,7.12203809e+01,2.11290199e-05,8.31210476e-06
1.244870,7.10991613e+01,2.14738247e-05,8.44228142e-06
1.245417,7.09759966e+01,2.18175420e-05,8.56724388e-06
1.245964,7.08509002e+01,2.21832911e-05,8.69201239e-06
1.246511,7.07238864e+01,2.26137378e-05,8.82682378e-06
1.247058,7.05949681e+01,2.29938149e-05,8.96339092e-06
1.247605,7.04641580e+01,2.33229427e-05,9.08864950e-06
1.248152,7.03314665e+01,2.35373531e-05,9.20502586e-06
1.248699,7.01969019e+01,2.40850053e-05,9.33617744e-06
1.249246,7.00604749e+01,2.44335665e-05,9.46598336e-06
1.249793,6.99221984e+01,2.47779983e-05,9.58955117e-06
1.250340,6.97820866e+01,2.51139552e-05,9.71176917e-06
1.250887,6.96401557e+01,2.54388652e-05,9.83493083e-06
1.251434,6.94964217e+01,2.58876733e-05,9.95856814e-06
1.251981,6.93508895e+01,2.65497998e-05,1.01119630e-05
1.252528,6.92035627e+01,2.69716873e-05,1.02412187e-05
1.253075,6.90544556e+01,2.72453263e-05,1.03607903e-05
1.253622,6.89035801e+01,2.78727636e-05,1.04928234e-05
1.254169,6.87509396e+01,2.83518600e-05,1.06276916e-05
1.254716,6.85965412e+01,2.87857894e-05,1.07510958e-05
1.255263,6.84404011e+01,2.91431117e-05,1.08715578e-05
1.255810,6.82825338e+01,2.95807214e-05,1.09940507e-05
1.256356,6.81229529e+01,3.00265002e-05,1.11178268e-05
1.256903,6.79616772e+01,3.04539167e-05,1.12468735e-05
1.257450,6.77987212e+01,3.08898629e-05,1.13723842e-05
1.257997,6.76340953e+01,3.13823498e-05,1.14941258e-05
1.258544,6.74678174e+01,3.17237982e-05,1.16215431e-05
1.259091,6.72999080e+01,3.21476843e-05,1.17437922e-05
1.259638,6.71303882e+01,3.25372915e-05,1.18654622e-05
1.260185,6.69592827e+01,3.29363889e-05,1.19899791e-05
1.260732,6.67866146e+01,3.33403345e-05,1.21155519e-05
1.261279,6.66124036e+01,3.36985275e-05,1.22315580e-05
1.261826,6.64366720e+01,3.40355855e-05,1.23469319e-05
1.262373,6.62594384e+01,3.44783390e-05,1.24645809e-05
1.262920,6.60807152e+01,3.50998083e-05,1.25863039e-05
1.263467,6.59005059e+01,3.58960389e-05,1.27361986e-05
1.264014,6.57188147e+01,3.63844203e-05,1.28612408e-05
1.264561,6.55356567e+01,3.67911714e-05,1.29735508e-05
1.265108,6.53510519e+01,3.72659609e-05,1.30878775e-05
1.265655,6.51650203e+01,3.76998242e-05,1.32101130e-05
1.266202,6.49775872e+01,3.81440780e-05,1.33272010e-05
1.266749,6.47887738e+01,3.86731400e-05,1.34544636e-05
1.267296,6.45985979e+01,3.90637210e-05,1.35631648e-05
1.267843,6.44070824e+01,3.94406998e-05,1.36765442e-05
1.268390,6.42142487e+01,3.99666356e-05,1.37917972e-05
1.268936,6.40201110e+01,4.05122786e-05,1.39062740e-05
1.269483,6.38246829e+01,4.10830559e-05,1.40213047e-05
1.270030,6.36279882e+01,4.15201073e-05,1.41435846e-05
1.270577,6.34300507e+01,4.20351588e-05,1.42571588e-05
1.271124,6.32308802e+01,4.26932585e-05,1.43705879e-05
1.271671,6.30304893e+01,4.30662221e-05,1.44814660e-05
1.272218,6.28289020e+01,4.34555041e-05,1.45830547e-05
1.272765,6.26261423e+01,4.39748830e-05,1.46886627e-05
1.273312,6.24222276e+01,4.45233312e-05,1.47972458e-05
1.273859,6.22171706e+01,4.50669283e-05,1.48991005e-05
1.274406,6.20109981e+01,4.55162460e-05,1.50058435e-05
1.274953,6.18037227e+01,4.62851407e-05,1.51289552e-05
1.275500,6.15953469e+01,4.66554725e-05,1.52161961e-05
1.276047,6.13858881e+01,4.72038798e-05,1.53164132e-05
1.276594,6.11753704e+01,4.76216723e-05,1.54114790e-05
1.277141,6.09638179e+01,4.81336781e-05,1.55085718e-05
1.277688,6.07512443e+01,4.86505886e-05,1.55954569e-05
1.278235,6.05376668e+01,4.91360340e-05,1.56830420e-05
1.278782,6.03231201e+01,4.94494861e-05,1.57780479e-05
1.279329,6.01076257e+01,5.01257782e-05,1.58814437e-05
1.279876,5.98912005e+01,5.05961280e-05,1.59685134e-05
1.280423,5.96738665e+01,5.12082449e-05,1.60727782e-05
1.280969,5.94556283e+01,5.18287244e-05,1.61520979e-05
1.281516,5.92364913e+01,5.24061278e-05,1.62275788e-05
1.282063,5.90164440e+01,5.32686814e-05,1.63089345e-05
1.282610,5.87954753e+01,5.39137528e-05,1.63871949e-05
1.283157,5.85736159e+01,5.41648935e-05,1.64681459e-05
1.283704,5.83509254e+01,5.43031706e-05,1.65639681e-05
1.284251,5.81274252e+01,5.52467034e-05,1.66624420e-05
1.284798,5.79031136e+01,5.57033524e-05,1.67278249e-05
1.285345,5.76780035e+01,5.62842700e-05,1.67881312e-05
1.285892,5.74521209e+01,5.65800334e-05,1.68559013e-05
1.286439,5.72255024e+01,5.70157301e-05,1.69387333e-05
1.286986,5.69981425e+01,5.80134085e-05,1.70035041e-05
1.287533,5.67700304e+01,5.85444743e-05,1.70568983e-05
1.288080,5.65411660e+01,5.93393717e-05,1.71143668e-05
1.288627,5.63115431e+01,5.99120582e-05,1.71542194e-05
1.289174,5.60811509e+01,6.09021869e-05,1.72170383e-05
1.289721,5.58499837e+01,6.14660013e-05,1.72676926e-05
1.290268,5.56180420e+01,6.23540615e-05,1.73612717e-05
1.290815,5.53853248e+01,6.28294372e-05,1.73939149e-05
1.291362,5.51518147e+01,6.38657311e-05,1.74271918e-05
1.291909,5.49174991e+01,6.43131285e-05,1.74450716e-05
1.292456,5.46823711e+01,6.52578995e-05,1.74843673e-05
1.293002,5.44464227e+01,6.56690286e-05,1.74924098e-05
1.293549,5.42096812e+01,6.59307156e-05,1.75173013e-05
1.294096,5.39721481e+01,6.68705808e-05,1.75463504e-05
1.294643,5.37337739e+01,6.79707760e-05,1.75467632e-05
1.295190,5.34945352e+01,6.84270600e-05,1.75321265e-05
1.295737,5.32544922e+01,6.82063009e-05,1.75818939e-05
1.296284,5.30136782e+01,6.91525625e-05,1.76309838e-05
1.296831,5.27720614e+01,6.99791491e-05,1.76288295e-05
1.297378,5.25296324e+01,7.04060305e-05,1.76059348e-05
1.297925,5.22863758e+01,7.12823385e-05,1.75860802e-05
1.298472,5.20422915e+01,7.14214298e-05,1.75505423e-05
1.299019,5.17974138e+01,7.17226759e-05,1.75448877e-05
1.299566,5.15517781e+01,7.18098756e-05,1.75237296e-05
1.300113,5.13053582e+01,7.32295666e-05,1.75172541e-05
1.300660,5.10581100e+01,7.35828643e-05,1.74525403e-05
1.301207,5.08100611e+01,7.36606426e-05,1.74095998e-05
1.301754,5.05612579e+01,7.37212647e-05,1.73832886e-05
1.302301,5.03117593e+01,7.35518237e-05,1.73510129e-05
1.302848,5.00616076e+01,7.39101315e-05,1.73293380e-05
1.303395,4.98108241e+01,7.41116603e-05,1.72800590e-05
1.303942,4.95594195e+01,7.46110920e-05,1.72331482e-05
1.304489,4.93073722e+01,7.53987338e-05,1.71893648e-05
1.305036,4.90546982e+01,7.51617459e-05,1.71112094e-05
1.305582,4.88015104e+01,7.41544069e-05,1.70670251e-05
1.306129,4.85478164e+01,7.59566915e-05,1.70686380e-05
1.306676,4.82936236e+01,7.48795605e-05,1.69618965e-05
1.307223,4.80389694e+01,7.61320897e-05,1.69753046e-05
1.307770,4.77838262e+01,7.62006129e-05,1.68726052e-05
1.308317,4.75282392e+01,7.59522603e-05,1.67906636e-05
1.308864,4.72722537e+01,7.60125155e-05,1.67130903e-05
1.309411,4.70159019e+01,7.59780710e-05,1.66220360e-05
1.309958,4.67593112e+01,7.42570363e-05,1.65311474e-05
1.310505,4.65026674e+01,7.32708745e-05,1.65279971e-05
1.311052,4.62459755e+01,7.49208976e-05,1.64862769e-05
1.311599,4.59892202e+01,7.40888477e-05,1.63464006e-05
1.312146,4.57324490e+01,7.45394674e-05,1.62867414e-05
1.312693,4.54757115e+01,7.36574305e-05,1.61676144e-05
1.313240,4.52190956e+01,7.33732720e-05,1.61109476e-05
1.313787,4.49627426e+01,7.15365828e-05,1.60142883e-05
1.314334,4.47067714e+01,7.16571448e-05,1.59864639e-05
1.314881,4.44512362e+01,7.09885149e-05,1.58999458e-05
1.315428,4.41962471e+01,6.99894394e-05,1.58137827e-05
1.315975,4.39419417e+01,6.88079917e-05,1.57429788e-05
1.316522,4.36884182e+01,6.85066508e-05,1.56826119e-05
1.317069,4.34357930e+01,6.69181486e-05,1.55781113e-05
1.317615,4.31841671e+01,6.68983287e-05,1.55324437e-05
1.318162,4.29335946e+01,6.61396291e-05,1.54246781e-05
1.318709,4.26841377e+01,6.58573707e-05,1.53337912e-05
1.319256,4.24359430e+01,6.35230578e-05,1.52217940e-05
1.319803,4.21891780e+01,6.29378116e-05,1.52259579e-05
1.320350,4.19438578e+01,6.33632496e-05,1.51339008e-05
1.320897,4.16999964e+01,6.25732099e-05,1.49893433e-05
1.321444,4.14577213e+01,6.09073120e-05,1.48971378e-05
1.321991,4.12171793e+01,5.98244163e-05,1.48456546e-05
1.322538,4.09785002e+01,5.84086254e-05,1.47623369e-05
1.323085,4.07417021e+01,5.93377831e-05,1.47105523e-05
1.323632,4.05068358e+01,5.72396269e-05,1.45613750e-05
1.324179,4.02740288e+01,5.67168487e-05,1.45300748e-05
1.324726,4.00433396e+01,5.58723543e-05,1.44241803e-05
1.325273,3.98147882e+01,5.59126965e-05,1.43266658e-05
1.325820,3.95883956e+01,5.49173087e-05,1.41771498e-05
1.326367,3.93642771e+01,5.32067267e-05,1.40652578e-05
1.326914,3.91425178e+01,5.28067116e-05,1.39938335e-05
1.327461,3.89231537e+01,5.18983122e-05,1.38590403e-05
1.328008,3.87062802e+01,5.03292689e-05,1.37394085e-05
1.328555,3.84919606e+01,4.99979976e-05,1.36567777e-05
1.329102,3.82802577e+01,4.83443974e-05,1.35107927e-05
1.329649,3.80712427e+01,4.78097856e-05,1.34322338e-05
1.330195,3.78649375e+01,4.69936004e-05,1.32929490e-05
1.330742,3.76614240e+01,4.52834145e-05,1.31592200e-05
1.331289,3.74607399e+01,4.52944275e-05,1.30833425e-05
1.331836,3.72628683e+01,4.44447088e-05,1.29124431e-05
1.332383,3.70678751e+01,4.28323147e-05,1.27676310e-05
1.332930,3.68757819e+01,4.28063485e-05,1.26788524e-05
1.333477,3.66865860e+01,4.15290382e-05,1.24964758e-05
1.334024,3.65002682e+01,4.17149383e-05,1.23727054e-05
1.334571,3.63168065e+01,4.04280676e-05,1.21700129e-05
1.335118,3.61362110e+01,3.99482567e-05,1.20320896e-05
1.335665,3.59584882e+01,3.86932134e-05,1.18481852e-05
1.336212,3.57835967e+01,3.90189880e-05,1.17040715e-05
1.336759,3.56114883e+01,3.77688531e-05,1.14681902e-05
1.337306,3.54421619e+01,3.72009417e-05,1.13103591e-05
1.337853,3.52756142e+01,3.59738217e-05,1.11097400e-05
1.338400,3.51118061e+01,3.59838772e-05,1.09493430e-05
1.338947,3.49507194e+01,3.43209407e-05,1.07071226e-05
1.339494,3.47923794e+01,3.35156279e-05,1.05620195e-05
1.340041,3.46367297e+01,3.33128304e-05,1.03615681e-05
1.340588,3.44837079e+01,3.24850307e-05,1.01179726e-05
1.341135,3.43333059e+01,3.12121228e-05,9.89439742e-06
1.341682,3.41855056e+01,3.05968882e-05,9.71339847e-06
1.342228,3.40402291e+01,3.03531478e-05,9.48587960e-06
1.342775,3.38974232e+01,2.91855879e-05,9.21890776e-06
1.343322,3.37570749e+01,2.81961009e-05,9.01076875e-06
1.343869,3.36191527e+01,2.73893933e-05,8.79702425e-06
1.344416,3.34836150e+01,2.65655164e-05,8.56917181e-06
1.344963,3.33504129e+01,2.57884093e-05,8.33442768e-06
1.345510,3.32194997e+01,2.48942581e-05,8.09615378e-06
1.346057,3.30908197e+01,2.42730713e-05,7.86763014e-06
1.346604,3.29643219e+01,2.33025414e-05,7.61491975e-06
1.347151,3.28399320e+01,2.30636234e-05,7.40422952e-06
1.347698,3.27175803e+01,2.19462619e-05,7.13719786e-06
1.348245,3.25972243e+01,2.12485316e-05,6.92704320e-06
1.348792,3.24787979e+01,2.05501692e-05,6.68958435e-06
1.349339,3.23622606e+01,1.93810165e-05,6.44829173e-06
1.349886,3.22475625e+01,1.89159730e-05,6.25925724e-06
1.350433,3.21346428e+01,1.79330083e-05,6.02752167e-06
1.350980,3.20234470e+01,1.73095500e-05,5.83931965e-06
1.351527,3.19138946e+01,1.67751210e-05,5.63115345e-06
1.352074,3.18059357e+01,1.56857978e-05,5.41600666e-06
1.352621,3.16995218e+01,1.52095967e-05,5.28371724e-06
1.353168,3.15945767e+01,1.45639886e-05,5.10953606e-06
1.353715,3.14910424e+01,1.38573422e-05,4.95433363e-06
1.354261,3.13888589e+01,1.33302946e-05,4.83567340e-06
1.354808,3.12879585e+01,1.27508643e-05,4.72028123e-06
1.355355,3.11882956e+01,1.20998607e-05,4.62840566e-06
1.355902,3.10898110e+01,1.18154942e-05,4.59919991e-06
1.356449,3.09924295e+01,1.14040055e-05,4.54381789e-06
1.356996,3.08960879e+01,1.10780267e-05,4.52933920e-06
1.357543,3.08007301e+01,1.07516388e-05,4.53599580e-06
1.358090,3.07062954e+01,1.06299066e-05,4.58249157e-06
1.358637,3.06127124e+01,1.05027305e-05,4.63198845e-06
1.359184,3.05199240e+01,1.04227230e-05,4.71034564e-06
1.359731,3.04278803e+01,1.05305018e-05,4.82772372e-06
1.360278,3.03365170e+01,1.06200579e-05,4.95723556e-06
1.360825,3.02457689e+01,1.08004579e-05,5.09098163e-06
1.361372,3.01555838e+01,1.11018591e-05,5.25408590e-06
1.361919,3.00659005e+01,1.14038984e-05,5.43191305e-06
1.362466,2.99766577e+01,1.17911055e-05,5.61366505e-06
1.363013,2.98878024e+01,1.22354902e-05,5.81891232e-06
1.363560,2.97992689e+01,1.26165562e-05,6.02171093e-06
1.364107,2.97109920e+01,1.30808079e-05,6.23007558e-06
1.364654,2.96229219e+01,1.37075304e-05,6.45618426e-06
1.365201,2.95350071e+01,1.42798059e-05,6.69003185e-06
1.365748,2.94471821e+01,1.46666543e-05,6.91533552e-06
1.366295,2.93593883e+01,1.52862763e-05,7.13940572e-06
1.366841,2.92715777e+01,1.59087460e-05,7.38184165e-06
1.367388,2.91837018e+01,1.65683158e-05,7.62482450e-06
1.367935,2.90957039e+01,1.70401535e-05,7.86346550e-06
1.368482,2.90075295e+01,1.77212875e-05,8.09613496e-06
1.369029,2.89191316e+01,1.83505658e-05,8.34373193e-06
1.369576,2.88304622e+01,1.89927796e-05,8.58266610e-06
1.370123,2.87414754e+01,1.95912315e-05,8.82414698e-06
1.370670,2.86521276e+01,2.02269414e-05,9.06317494e-06
1.371217,2.85623763e+01,2.08421419e-05,9.30739574e-06
1.371764,2.84721823e+01,2.15356379e-05,9.54451691e-06
1.372311,2.83815079e+01,2.21600449e-05,9.79352510e-06
1.372858,2.82903101e+01,2.26677514e-05,1.00220478e-05
1.373405,2.81985530e+01,2.33424102e-05,1.02491107e-05
1.373952,2.81062094e+01,2.40465608e-05,1.05010319e-05
1.374499,2.80132522e+01,2.46992945e-05,1.07516815e-05
1.375046,2.79196511e+01,2.52567249e-05,1.09877688e-05
1.375593,2.78253782e+01,2.58779730e-05,1.12142188e-05
1.376140,2.77304141e+01,2.65516509e-05,1.14578844e-05
1.376687,2.76347377e+01,2.71497879e-05,1.17043135e-05
1.377234,2.75383300e+01,2.77836708e-05,1.19319187e-05
1.377781,2.74411822e+01,2.84785984e-05,1.21869782e-05
1.378328,2.73432834e+01,2.91075199e-05,1.24412818e-05
1.378874,2.72446258e+01,2.97676841e-05,1.26784104e-05
1.379421,2.71452087e+01,3.04414518e-05,1.29393623e-05
1.379968,2.70450313e+01,3.10781870e-05,1.31907015e-05
1.380515,2.69440979e+01,3.17598020e-05,1.34404617e-05
1.381062,2.68424182e+01,3.24978461e-05,1.37157667e-05
1.381609,2.67400048e+01,3.32584818e-05,1.39943589e-05
1.382156,2.66368732e+01,3.40163988e-05,1.42820261e-05
1.382703,2.65330426e+01,3.47517866e-05,1.45637146e-05
1.383250,2.64285370e+01,3.55054165e-05,1.48519508e-05
1.383797,2.63233847e+01,3.63032508e-05,1.51541129e-05
1.384344,2.62176154e+01,3.71219353e-05,1.54665471e-05
1.384891,2.61112605e+01,3.79277058e-05,1.57676056e-05
1.385438,2.60043545e+01,3.87710689e-05,1.60821600e-05
1.385985,2.58969390e+01,3.96038116e-05,1.64039770e-05
1.386532,2.57890587e+01,4.05445461e-05,1.67548985e-05
1.387079,2.56807567e+01,4.14269103e-05,1.70873082e-05
1.387626,2.55720839e+01,4.23176482e-05,1.74325614e-05
1.388173,2.54630899e+01,4.33101123e-05,1.77902922e-05
1.388720,2.53538236e+01,4.42494276e-05,1.81372216e-05
1.389267,2.52443391e+01,4.52518374e-05,1.85007046e-05
1.389814,2.51346872e+01,4.63099127e-05,1.88667741e-05
1.390361,2.50249271e+01,4.72950563e-05,1.92389297e-05
1.390908,2.49151277e+01,4.83793211e-05,1.96592246e-05
1.391454,2.48053461e+01,4.95343270e-05,2.00448890e-05
1.392001,2.46956422e+01,5.05903713e-05,2.04318210e-05
1.392548,2.45860952e+01,5.15867304e-05,2.08582627e-05
1.393095,2.44767662e+01,5.30035797e-05,2.12827800e-05
1.393642,2.43677098e+01,5.40936281e-05,2.16779960e-05
1.394189,2.42589949e+01,5.53243413e-05,2.21061468e-05
1.394736,2.41506841e+01,5.65353781e-05,2.25176858e-05
1.395283,2.40428422e+01,5.77214905e-05,2.29320427e-05
1.395830,2.39355318e+01,5.89908425e-05,2.33464642e-05
1.396377,2.38288173e+01,6.01698350e-05,2.37608225e-05
1.396924,2.37227677e+01,6.14338229e-05,2.41918437e-05
1.397471,2.36174485e+01,6.27158646e-05,2.46228549e-05
1.398018,2.35129341e+01,6.38573918e-05,2.50616068e-05
1.398565,2.34092613e+01,6.57715499e-05,2.54903878e-05
1.399112,2.33064609e+01,6.70038146e-05,2.58963929e-05
1.399659,2.32045931e+01,6.84693609e-05,2.63502041e-05
1.400206,2.31037184e+01,6.96300670e-05,2.67668588e-05
1.400753,2.30038933e+01,7.11184973e-05,2.71990681e-05
1.401300,2.29051596e+01,7.24908506e-05,2.76035371e-05
1.401847,2.28075769e+01,7.35949227e-05,2.80112060e-05
1.402394,2.27112088e+01,7.49129680e-05,2.84370307e-05
1.402941,2.26160889e+01,7.64452738e-05,2.88274166e-05
1.403487,2.25222410e+01,7.78470179e-05,2.92047080e-05
1.404034,2.24296953e+01,7.92112533e-05,2.95882998e-05
1.404581,2.23384807e+01,8.05396445e-05,2.99469563e-05
1.405128,2.22486348e+01,8.16583071e-05,3.03060352e-05
1.405675,2.21601828e+01,8.31444827e-05,3.06587614e-05
1.406222,2.20731613e+01,8.39643392e-05,3.09933041e-05
1.406769,2.19875961e+01,8.55730672e-05,3.13373573e-05
1.407316,2.19034803e+01,8.68871899e-05,3.16484222e-05
1.407863,2.18208033e+01,8.83669591e-05,3.19285565e-05
1.408410,2.17395630e+01,8.93199764e-05,3.21759223e-05
1.408957,2.16597829e+01,9.02102364e-05,3.24307426e-05
1.409504,2.15815097e+01,9.06366626e-05,3.26775862e-05
1.410051,2.15047592e+01,9.19883851e-05,3.29196891e-05
1.410598,2.14294802e+01,9.34464530e-05,3.30959825e-05
1.411145,2.13556405e+01,9.41844207e-05,3.32345596e-05
1.411692,2.12832365e+01,9.49401962e-05,3.33719549e-05
1.412239,2.12122619e+01,9.55904378e-05,3.34878065e-05
1.412786,2.11427720e+01,9.50391552e-05,3.35992296e-05
1.413333,2.10747916e+01,9.61346113e-05,3.37204514e-05
1.413880,2.10082578e+01,9.69841919e-05,3.37423086e-05
1.414427,2.09431078e+01,9.77591890e-05,3.37295211e-05
1.414974,2.08793496e+01,9.71014703e-05,3.37066607e-05
1.415520,2.08169690e+01,9.82168580e-05,3.37192767e-05
1.416067,2.07558709e+01,9.88345228e-05,3.36134148e-05
1.416614,2.06960611e+01,9.76653598e-05,3.34769200e-05
1.417161,2.06375598e+01,9.78848325e-05,3.33711038e-05
1.417708,2.05803285e+01,9.76207673e-05,3.31817961e-05
1.418255,2.05243740e+01,9.66966916e-05,3.29736769e-05
1.418802,2.04697516e+01,9.53224506e-05,3.27596881e-05
1.419349,2.04164295e+01,9.59119461e-05,3.25284896e-05
1.419896,2.03643936e+01,9.39245186e-05,3.22125085e-05
1.420443,2.03136740e+01,9.34620842e-05,3.19396825e-05
1.420990,2.02642560e+01,9.21520666e-05,3.15884762e-05
1.421537,2.02162312e+01,8.93829659e-05,3.12358479e-05
1.422084,2.01696036e+01,8.96465616e-05,3.09003242e-05
1.422631,2.01243178e+01,8.77949809e-05,3.04600804e-05
1.423178,2.00803579e+01,8.70592728e-05,3.00402719e-05
1.423725,2.00377128e+01,8.49378234e-05,2.95601845e-05
1.424272,1.99964278e+01,8.29061141e-05,2.90924953e-05
1.424819,1.99564412e+01,8.27486064e-05,2.85993359e-05
1.425366,1.99177093e+01,8.01457958e-05,2.80328275e-05
1.425913,1.98801911e+01,7.97876879e-05,2.75035144e-05
1.426460,1.98438480e+01,7.69758401e-05,2.68910302e-05
1.427007,1.98087786e+01,7.37359553e-05,2.63203895e-05
1.427554,1.97749706e+01,7.30589121e-05,2.57529444e-05
1.428100,1.97423161e+01,7.15651540e-05,2.51062204e-05
1.428647,1.97108047e+01,6.87745607e-05,2.44458871e-05
1.429194,1.96804454e+01,6.68004791e-05,2.38084775e-05
1.429741,1.96512180e+01,6.45099805e-05,2.31393811e-05
1.430288,1.96230492e+01,6.35179867e-05,2.24686825e-05
1.430835,1.95959150e+01,6.01142301e-05,2.17429994e-05
1.431382,1.95698095e+01,5.86993619e-05,2.10841963e-05
1.431929,1.95446846e+01,5.61038884e-05,2.03579551e-05
1.432476,1.95205052e+01,5.43496396e-05,1.96569256e-05
1.433023,1.94972078e+01,5.23081160e-05,1.89260123e-05
1.433570,1.94747559e+01,4.99449425e-05,1.81942007e-05
1.434117,1.94531055e+01,4.80428629e-05,1.74709650e-05
1.434664,1.94321825e+01,4.63073912e-05,1.67349144e-05
1.435211,1.94119314e+01,4.39892201e-05,1.59843513e-05
1.435758,1.93923116e+01,4.19418379e-05,1.52407686e-05
1.436305,1.93732737e+01,3.98173371e-05,1.44830170e-05
1.436852,1.93547648e+01,3.78674098e-05,1.37304680e-05
1.437399,1.93367390e+01,3.56083300e-05,1.29775461e-05
1.437946,1.93191326e+01,3.41005048e-05,1.22411061e-05
1.438493,1.93018972e+01,3.15440704e-05,1.14939114e-05
1.439040,1.92849990e+01,2.97566888e-05,1.07699493e-05
1.439587,1.92683713e+01,2.80021281e-05,1.00543063e-05
1.440133,1.92519531e+01,2.61649442e-05,9.34688357e-06
1.440680,1.92356936e+01,2.42471872e-05,8.64998573e-06
1.441227,1.92195559e+01,2.21727832e-05,7.96458018e-06
1.441774,1.92035193e+01,1.99571098e-05,7.29428020e-06
1.442321,1.91875353e+01,1.86270429e-05,6.65881540e-06
1.442868,1.91715308e+01,1.70956636e-05,6.03699451e-06
1.443415,1.91554449e+01,1.56040712e-05,5.43739796e-06
1.443962,1.91392224e+01,1.40609907e-05,4.86356195e-06
1.444509,1.91228081e+01,1.27142848e-05,4.32647598e-06
1.445056,1.91061479e+01,1.13114233e-05,3.82723093e-06
1.445603,1.90892019e+01,9.84205543e-06,3.37805752e-06
1.446150,1.90719210e+01,8.85478645e-06,3.00384728e-06
1.446697,1.90542415e+01,7.99422499e-06,2.71269374e-06
1.447244,1.90361148e+01,7.01602686e-06,2.52432912e-06
1.447791,1.90174977e+01,6.46344244e-06,2.45658135e-06
1.448338,1.89983415e+01,6.13541995e-06,2.50725603e-06
1.448885,1.89785989e+01,6.08644269e-06,2.66029999e-06
1.449432,1.89582211e+01,6.28651123e-06,2.89059109e-06
1.449979,1.89371621e+01,6.71218988e-06,3.17665848e-06
1.450526,1.89153766e+01,7.24325021e-06,3.49574807e-06
1.451073,1.88928205e+01,7.97785427e-06,3.83877211e-06
1.451620,1.88694505e+01,8.66968760e-06,4.18845128e-06
1.452167,1.88452276e+01,9.56994865e-06,4.55261017e-06
1.452713,1.88201138e+01,1.03058534e-05,4.90618971e-06
1.453260,1.87940696e+01,1.11717161e-05,5.26599881e-06
1.453807,1.87670613e+01,1.20009569e-05,5.61949910e-06
1.454354,1.87390541e+01,1.27715764e-05,5.96488847e-06
1.454901,1.87100174e+01,1.36610678e-05,6.31366025e-06
1.455448,1.86799234e+01,1.44248213e-05,6.64941965e-06
1.455995,1.86487443e+01,1.52138387e-05,6.98260836e-06
1.456542,1.86164577e+01,1.60304107e-05,7.31369488e-06
1.457089,1.85830463e+01,1.68604517e-05,7.64260166e-06
1.457636,1.85484906e+01,1.75450318e-05,7.95462742e-06
1.458183,1.85127740e+01,1.84246867e-05,8.27944182e-06
1.458730,1.84758864e+01,1.91623022e-05,8.59125310e-06
1.459277,1.84378188e+01,1.99054122e-05,8.90156345e-06
1.459824,1.83985656e+01,2.06287094e-05,9.20808537e-06
1.460371,1.83581241e+01,2.13637253e-05,9.51358130e-06
1.460918,1.83164964e+01,2.20667100e-05,9.80231745e-06
1.461465,1.82736895e+01,2.27398078e-05,1.00795414e-05
1.462012,1.82297133e+01,2.33961326e-05,1.03533690e-05
1.462559,1.81845815e+01,2.40590978e-05,1.06230006e-05
1.463106,1.81383101e+01,2.47083362e-05,1.08922552e-05
1.463653,1.80909192e+01,2.53752799e-05,1.11594059e-05
1.464200,1.80424354e+01,2.60493086e-05,1.14413592e-05
1.464746,1.79928822e+01,2.67211834e-05,1.17105231e-05
1.465293,1.79422841e+01,2.73799264e-05,1.19647309e-05
1.465840,1.78906717e+01,2.80170880e-05,1.22311708e-05
1.466387,1.78380778e+01,2.86798177e-05,1.24896501e-05
1.466934,1.77845389e+01,2.93351839e-05,1.27569289e-05
1.467481,1.77300963e+01,2.99886441e-05,1.30255193e-05
1.468028,1.76747919e+01,3.06626166e-05,1.32955276e-05
1.468575,1.76186699e+01,3.12971203e-05,1.35558717e-05
1.469122,1.75617763e+01,3.19628847e-05,1.38207399e-05
1.469669,1.75041562e+01,3.25927568e-05,1.40711610e-05
1.470216,1.74458576e+01,3.32103986e-05,1.43193753e-05
1.470763,1.73869331e+01,3.38524375e-05,1.45781007e-05
1.471310,1.73274344e+01,3.45244397e-05,1.48375205e-05
1.471857,1.72674129e+01,3.51438413e-05,1.50825244e-05
1.472404,1.72069234e+01,3.57682988e-05,1.53304458e-05
1.472951,1.71460185e+01,3.64179093e-05,1.55711992e-05
1.473498,1.70847498e+01,3.70264382e-05,1.58010766e-05
1.474045,1.70231739e+01,3.76150548e-05,1.60332685e-05
1.474592,1.69613427e+01,3.83897167e-05,1.62798846e-05
1.475139,1.68993047e+01,3.90498185e-05,1.65152976e-05
1.475686,1.68371105e+01,3.96810380e-05,1.67323845e-05
1.476233,1.67748130e+01,4.02473000e-05,1.69398904e-05
1.476779,1.67124675e+01,4.08454097e-05,1.71524529e-05
1.477326,1.66501359e+01,4.13389721e-05,1.73676060e-05
1.477873,1.65878732e+01,4.20288728e-05,1.75797824e-05
1.478420,1.65257293e+01,4.25508007e-05,1.77724798e-05
1.478967,1.64637468e+01,4.32883409e-05,1.79560244e-05
1.479514,1.64019671e+01,4.37899067e-05,1.81264598e-05
1.480061,1.63404521e+01,4.42184499e-05,1.83186231e-05
1.480608,1.62792575e+01,4.47843658e-05,1.84986956e-05
1.481155,1.62184289e+01,4.52821152e-05,1.86539645e-05
1.481702,1.61580148e+01,4.57363593e-05,1.88063137e-05
1.482249,1.60980547e+01,4.63356872e-05,1.89492383e-05
1.482796,1.60385830e+01,4.68014712e-05,1.90750831e-05
1.483343,1.59796461e+01,4.71797583e-05,1.92076561e-05
1.483890,1.59212910e+01,4.76314879e-05,1.93463159e-05
1.484437,1.58635504e+01,4.81673830e-05,1.94603877e-05
1.484984,1.58064609e+01,4.84379610e-05,1.95583253e-05
1.485531,1.57500574e+01,4.89692807e-05,1.96642065e-05
1.486078,1.56943669e+01,4.93189764e-05,1.97511433e-05
1.486625,1.56394130e+01,4.97843738e-05,1.98224766e-05
1.487172,1.55852164e+01,5.00785556e-05,1.98752871e-05
1.487719,1.55318221e+01,5.00907536e-05,1.99393980e-05
1.488266,1.54792595e+01,5.06623623e-05,2.00151202e-05
1.488813,1.54275424e+01,5.08262663e-05,2.00431838e-05
1.489359,1.53767007e+01,5.10000394e-05,2.00797631e-05
1.489906,1.53267390e+01,5.15286369e-05,2.00987709e-05
1.490453,1.52776652e+01,5.15251073e-05,2.00895777e-05
1.491000,1.52295017e+01,5.17546162e-05,2.01017310e-05
1.491547,1.51822451e+01,5.21331007e-05,2.00840146e-05
1.492094,1.51358932e+01,5.22200865e-05,2.00494686e-05
1.492641,1.50904630e+01,5.21921429e-05,2.00203834e-05
1.493188,1.50459719e+01,5.22091641e-05,1.99861974e-05
1.493735,1.50024406e+01,5.20338911e-05,1.99379842e-05
1.494282,1.49598791e+01,5.21583147e-05,1.98858816e-05
1.494829,1.49182624e+01,5.24997511e-05,1.98010609e-05
1.495376,1.48775833e+01,5.21736356e-05,1.96966722e-05
1.495923,1.48378411e+01,5.23622649e-05,1.96161874e-05
1.496470,1.47990244e+01,5.21561523e-05,1.94983594e-05
1.497017,1.47611427e+01,5.18439668e-05,1.93859274e-05
1.497564,1.47242051e+01,5.15990739e-05,1.92682330e-05
1.498111,1.46882217e+01,5.11892647e-05,1.91386084e-05
1.498658,1.46531821e+01,5.12530175e-05,1.90052760e-05
1.499205,1.46190759e+01,5.07379140e-05,1.88419110e-05
1.499752,1.45859149e+01,5.03341162e-05,1.86993041e-05
1.500299,1.45537102e+01,4.97761175e-05,1.85388363e-05
1.500846,1.45224344e+01,5.00108593e-05,1.83760910e-05
1.501392,1.44920659e+01,4.92483141e-05,1.81720064e-05
1.501939,1.44626262e+01,4.86118611e-05,1.80006498e-05
1.502486,1.44341114e+01,4.82915848e-05,1.78113163e-05
1.503033,1.44064898e+01,4.80757861e-05,1.76023720e-05
1.503580,1.43797425e+01,4.74386079e-05,1.73794435e-05
1.504127,1.43538757e+01,4.67029900e-05,1.71655670e-05
1.504674,1.43288796e+01,4.63282722e-05,1.69487075e-05
1.505221,1.43047505e+01,4.54181638e-05,1.67109421e-05
1.505768,1.42814814e+01,4.50566538e-05,1.64911353e-05
1.506315,1.42590586e+01,4.42239189e-05,1.62433050e-05
1.506862,1.42374657e+01,4.38650635e-05,1.60076803e-05
1.507409,1.42167040e+01,4.26444484e-05,1.57461438e-05
1.507956,1.41967867e+01,4.20492426e-05,1.55238766e-05
1.508503,1.41776967e+01,4.13826545e-05,1.52698042e-05
1.509050,1.41594363e+01,4.03364857e-05,1.50115590e-05
1.509597,1.41419866e+01,4.00711598e-05,1.47687576e-05
1.510144,1.41253059e+01,3.94070728e-05,1.44905302e-05
1.510691,1.41093885e+01,3.83942621e-05,1.42213255e-05
1.511238,1.40942316e+01,3.76812709e-05,1.39635565e-05
1.511785,1.40798109e+01,3.70621262e-05,1.36919697e-05
1.512332,1.40661077e+01,3.62048791e-05,1.34125955e-05
1.512879,1.40531269e+01,3.51205279e-05,1.31425968e-05
1.513426,1.40408666e+01,3.43994359e-05,1.28851227e-05
1.513972,1.40293143e+01,3.35008383e-05,1.26106351e-05
1.514519,1.40184606e+01,3.26986286e-05,1.23448279e-05
1.515066,1.40082509e+01,3.26781847e-05,1.20770637e-05
1.515613,1.39986550e+01,3.13592710e-05,1.17690432e-05
1.516160,1.39896677e+01,3.08904764e-05,1.15351915e-05
1.516707,1.39812678e+01,2.98956602e-05,1.12492533e-05
1.517254,1.39734246e+01,2.95732513e-05,1.09886779e-05
1.517801,1.39661023e+01,2.86743582e-05,1.06952980e-05
1.518348,1.39592796e+01,2.80704950e-05,1.04284663e-05
1.518895,1.39529513e+01,2.68807981e-05,1.01460738e-05
1.519442,1.39471031e+01,2.64775903e-05,9.90480140e-06
1.519989,1.39416971e+01,2.57610195e-05,9.62373603e-06
1.520536,1.39367310e+01,2.46417885e-05,9.35400387e-06
1.521083,1.39321930e+01,2.41541642e-05,9.11681919e-06
1.521630,1.39280409e+01,2.36402644e-05,8.84804396e-06
1.522177,1.39242575e+01,2.26370395e-05,8.57507566e-06
1.522724,1.39208212e+01,2.22684423e-05,8.34441488e-06
1.523271,1.39177050e+01,2.13888539e-05,8.07586965e-06
1.523818,1.39148888e+01,2.08972367e-05,7.84190774e-06
1.524365,1.39123466e+01,2.01505455e-05,7.58568947e-06
1.524912,1.39100643e+01,1.94459099e-05,7.34657504e-06
1.525459,1.39080226e+01,1.88383348e-05,7.11134013e-06
1.526005,1.39061947e+01,1.83093340e-05,6.87674525e-06
1.526552,1.39045554e+01,1.76822997e-05,6.63820319e-06
1.527099,1.39030919e+01,1.69250446e-05,6.40916145e-06
1.527646,1.39017805e+01,1.65788759e-05,6.20298675e-06
1.528193,1.39005942e+01,1.58922878e-05,5.97007351e-06
1.528740,1.38995273e+01,1.51451783e-05,5.76265003e-06
1.529287,1.38985654e+01,1.46841684e-05,5.57182308e-06
1.529834,1.38976849e+01,1.41493167e-05,5.36527649e-06
1.530381,1.38968732e+01,1.34912056e-05,5.16722474e-06
1.530928,1.38961024e+01,1.33171957e-05,4.99315237e-06
1.531475,1.38953401e+01,1.27590047e-05,4.78626697e-06
1.532022,1.38945793e+01,1.21076294e-05,4.60780701e-06
1.532569,1.38938119e+01,1.16466639e-05,4.45305140e-06
1.533116,1.38930190e+01,1.12494411e-05,4.29210469e-06
1.533663,1.38921773e+01,1.08943939e-05,4.13013597e-06
1.534210,1.38912706e+01,1.03924646e-05,3.97212112e-06
1.534757,1.38902791e+01,1.01529087e-05,3.84127046e-06
1.535304,1.38891852e+01,9.64821140e-06,3.69079102e-06
1.535851,1.38879778e+01,9.33569186e-06,3.57926524e-06
1.536398,1.38866349e+01,9.08205915e-06,3.46014050e-06
1.536945,1.38851347e+01,8.76823758e-06,3.33783965e-06
1.537492,1.38834687e+01,8.34162233e-06,3.22833520e-06
1.538038,1.38816294e+01,8.10067348e-06,3.15542423e-06
1.538585,1.38795990e+01,7.90177416e-06,3.07403792e-06
1.539132,1.38773625e+01,7.61696180e-06,2.98945591e-06
1.539679,1.38749076e+01,7.43648468e-06,2.92958918e-06
1.540226,1.38722214e+01,7.22796832e-06,2.87013538e-06
1.540773,1.38692896e+01,7.09479290e-06,2.82605026e-06
1.541320,1.38660990e+01,6.90705152e-06,2.78069909e-06
1.541867,1.38626397e+01,6.81422108e-06,2.75700037e-06
1.542414,1.38589006e+01,6.71636184e-06,2.74156526e-06
1.542961,1.38548731e+01,6.64029861e-06,2.73391561e-06
1.543508,1.38505464e+01,6.61544173e-06,2.73738020e-06
1.544055,1.38459067e+01,6.56292236e-06,2.73586531e-06
1.544602,1.38409425e+01,6.53345109e-06,2.74364838e-06
1.545149,1.38356459e+01,6.52843217e-06,2.75816117e-06
1.545696,1.38300094e+01,6.57099768e-06,2.78827240e-06
1.546243,1.38240227e+01,6.60211223e-06,2.81491447e-06
1.546790,1.38176750e+01,6.63278579e-06,2.84429930e-06
1.547337,1.38109565e+01,6.70150858e-06,2.87682653e-06
1.547884,1.38038619e+01,6.79947079e-06,2.92152959e-06
1.548431,1.37963856e+01,6.92123019e-06,2.97949181e-06
1.548978,1.37885173e+01,6.99393906e-06,3.02424557e-06
1.549525,1.37802474e+01,7.08600886e-06,3.06549621e-06
1.550072,1.37715687e+01,7.19917845e-06,3.11643660e-06
1.550618,1.37624717e+01,7.30404817e-06,3.16868082e-06
1.551165,1.37529499e+01,7.43021587e-06,3.21711882e-06
1.551712,1.37430014e+01,7.57970966e-06,3.27793789e-06
1.552259,1.37326177e+01,7.71301754e-06,3.33954669e-06
1.552806,1.37217895e+01,7.82549071e-06,3.38736662e-06
1.553353,1.37105153e+01,7.98324141e-06,3.44509515e-06
1.553900,1.36987925e+01,8.13141037e-06,3.50691557e-06
1.554447,1.36866169e+01,8.25232888e-06,3.56119942e-06
1.554994,1.36739844e+01,8.38640134e-06,3.61425203e-06
1.555541,1.36608932e+01,8.53571878e-06,3.67171600e-06
1.556088,1.36473403e+01,8.66262599e-06,3.72757872e-06
1.556635,1.36333233e+01,8.83561338e-06,3.78072847e-06
1.557182,1.36188393e+01,8.97444371e-06,3.84045188e-06
1.557729,1.36038838e+01,9.06815308e-06,3.88722943e-06
1.558276,1.35884559e+01,9.20868742e-06,3.93623239e-06
1.558823,1.35725564e+01,9.35090192e-06,3.99052332e-06
1.559370,1.35561860e+01,9.49157578e-06,4.04332518e-06
1.559917,1.35393450e+01,9.62234431e-06,4.09501034e-06
1.560464,1.35220343e+01,9.77777815e-06,4.14526536e-06
1.561011,1.35042540e+01,9.91256661e-06,4.19834350e-06
1.561558,1.34860029e+01,1.00016034e-05,4.24156392e-06
1.562105,1.34672821e+01,1.01385655e-05,4.28551942e-06
1.562651,1.34480941e+01,1.02619604e-05,4.33393497e-06
1.563198,1.34284392e+01,1.03956725e-05,4.37926999e-06
1.563745,1.34083184e+01,1.05793134e-05,4.42657653e-06
1.564292,1.33877329e+01,1.07244747e-05,4.47931007e-06
1.564839,1.33666837e+01,1.08224111e-05,4.51858620e-06
1.565386,1.33451736e+01,1.09198292e-05,4.55672912e-06
1.565933,1.33232060e+01,1.10469879e-05,4.59675844e-06
1.566480,1.33007861e+01,1.11746672e-05,4.64038546e-06
1.567027,1.32779161e+01,1.12885189e-05,4.68101622e-06
1.567574,1.32545975e+01,1.14419367e-05,4.71786413e-06
1.568121,1.32308336e+01,1.15636974e-05,4.76006870e-06
1.568668,1.32066277e+01,1.16743774e-05,4.79416664e-06
1.569215,1.31819839e+01,1.18120724e-05,4.83141549e-06
1.569762,1.31569040e+01,1.19474575e-05,4.86886139e-06
1.570309,1.31313909e+01,1.21039302e-05,4.90333257e-06
1.570856,1.31054475e+01,1.22437739e-05,4.94356756e-06
1.571403,1.30790756e+01,1.23912927e-05,4.97502083e-06
1.571950,1.30522804e+01,1.24987845e-05,5.01045965e-06
1.572497,1.30250680e+01,1.26025271e-05,5.03931172e-06
1.573044,1.29974433e+01,1.27141775e-05,5.07014011e-06
1.573591,1.29694108e+01,1.27971491e-05,5.09487485e-06
1.574138,1.29409780e+01,1.29035723e-05,5.12221513e-06
1.574685,1.29121515e+01,1.30067150e-05,5.15180705e-06
1.575231,1.28829358e+01,1.30876235e-05,5.17448969e-06
1.575778,1.28533377e+01,1.32090560e-05,5.19929773e-06
1.576325,1.28233630e+01,1.33503908e-05,5.23222859e-06
1.576872,1.27930157e+01,1.34298588e-05,5.25416905e-06
1.577419,1.27623042e+01,1.35249015e-05,5.27597935e-06
1.577966,1.27312350e+01,1.36341087e-05,5.30111555e-06
1.578513,1.26998141e+01,1.37070557e-05,5.31888266e-06
1.579060,1.26680490e+01,1.37936975e-05,5.33803981e-06
1.579607,1.26359456e+01,1.38782393e-05,5.35459252e-06
1.580154,1.26035096e+01,1.39751521e-05,5.37170296e-06
1.580701,1.25707479e+01,1.40482038e-05,5.38814496e-06
1.581248,1.25376679e+01,1.41156299e-05,5.40137715e-06
1.581795,1.25042762e+01,1.42140213e-05,5.41691633e-06
1.582342,1.24705793e+01,1.42805981e-05,5.42998268e-06
1.582889,1.24365863e+01,1.43506188e-05,5.44274747e-06
1.583436,1.24023059e+01,1.44348376e-05,5.45983390e-06
1.583983,1.23677459e+01,1.45154707e-05,5.47347337e-06
1.584530,1.23329121e+01,1.46290383e-05,5.48806072e-06
1.585077,1.22978096e+01,1.47039980e-05,5.49556357e-06
1.585624,1.22624433e+01,1.48183329e-05,5.50655829e-06
1.586171,1.22268158e+01,1.48787016e-05,5.51086564e-06
1.586718,1.21909344e+01,1.49543968e-05,5.51708196e-06
1.587264,1.21548063e+01,1.50373873e-05,5.52690913e-06
1.587811,1.21184386e+01,1.51196220e-05,5.53331947e-06
1.588358,1.20818369e+01,1.52264311e-05,5.54321164e-06
1.588905,1.20450039e+01,1.52936384e-05,5.54250732e-06
1.589452,1.20079443e+01,1.53694305e-05,5.54202580e-06
1.589999,1.19706647e+01,1.54377781e-05,5.54680630e-06
1.590546,1.19331684e+01,1.55248607e-05,5.54510567e-06
1.591093,1.18954586e+01,1.55969210e-05,5.54064838e-06
1.591640,1.18575401e+01,1.56963055e-05,5.54551133e-06
1.592187,1.18194191e+01,1.57283939e-05,5.54098142e-06
1.592734,1.17811048e+01,1.57687013e-05,5.53964804e-06
1.593281,1.17426020e+01,1.58468745e-05,5.53435298e-06
1.593828,1.17039151e+01,1.58752327e-05,5.52526088e-06
1.594375,1.16650487e+01,1.59540479e-05,5.51800998e-06
1.594922,1.16260050e+01,1.60029574e-05,5.50605590e-06
1.595469,1.15867881e+01,1.60376881e-05,5.49577579e-06
1.596016,1.15474052e+01,1.60522542e-05,5.48318607e-06
1.596563,1.15078626e+01,1.61302393e-05,5.47844562e-06
1.597110,1.14681655e+01,1.61349408e-05,5.46335927e-06
1.597657,1.14283201e+01,1.61845433e-05,5.45267465e-06
1.598204,1.13883308e+01,1.62017998e-05,5.43518583e-06
1.598751,1.13482033e+01,1.62170386e-05,5.41828881e-06
1.599298,1.13079453e+01,1.62082665e-05,5.40113748e-06
1.599844,1.12675605e+01,1.62790088e-05,5.38491420e-06
1.600391,1.12270515e+01,1.62917367e-05,5.36510581e-06
1.600938,1.11864179e+01,1.63964011e-05,5.34709690e-06
1.601485,1.11456601e+01,1.63992901e-05,5.32193450e-06
1.602032,1.11047804e+01,1.64862058e-05,5.30802520e-06
1.602579,1.10637821e+01,1.64554936e-05,5.28196562e-06
1.603126,1.10226703e+01,1.64981479e-05,5.26261111e-06
1.603673,1.09814427e+01,1.65821804e-05,5.23824138e-06
1.604220,1.09400998e+01,1.65567314e-05,5.20969391e-06
1.604767,1.08986444e+01,1.65890210e-05,5.18116049e-06
1.605314,1.08570795e+01,1.66004687e-05,5.15775054e-06
1.605861,1.08154129e+01,1.65541589e-05,5.13693471e-06
1.606408,1.07736475e+01,1.66094867e-05,5.10864287e-06
1.606955,1.07317781e+01,1.66547533e-05,5.07234309e-06
1.607502,1.06898011e+01,1.66879544e-05,5.04267398e-06
1.608049,1.06477226e+01,1.65973126e-05,5.00888346e-06
1.608596,1.06055562e+01,1.64958001e-05,4.98217742e-06
1.609143,1.05633157e+01,1.64046958e-05,4.95408004e-06
1.609690,1.05210035e+01,1.64750744e-05,4.92423833e-06
1.610237,1.04786183e+01,1.64253730e-05,4.88360822e-06
1.610784,1.04361671e+01,1.63486025e-05,4.84925762e-06
1.611331,1.03936533e+01,1.63780260e-05,4.81716886e-06
1.611877,1.03510726e+01,1.64166473e-05,4.77994648e-06
1.612424,1.03084270e+01,1.63163980e-05,4.73859887e-06
1.612971,1.02657248e+01,1.62564649e-05,4.70546876e-06
1.613518,1.02229731e+01,1.61753932e-05,4.66737186e-06
1.614065,1.01801729e+01,1.62034064e-05,4.63049628e-06
1.614612,1.01373283e+01,1.60708284e-05,4.58773552e-06
1.615159,1.00944348e+01,1.62550005e-05,4.55812055e-06
1.615706,1.00514833e+01,1.61705384e-05,4.50725746e-06
1.616253,1.00084863e+01,1.59824376e-05,4.47051465e-06
1.616800,9.96544862e+00,1.60395354e-05,4.43609760e-06
1.617347,9.92236654e+00,1.59626263e-05,4.38677440e-06
1.617894,9.87925305e+00,1.57300050e-05,4.34256592e-06
1.618441,9.83611220e+00,1.58307951e-05,4.31185366e-06
1.618988,9.79293942e+00,1.57228351e-05,4.26079656e-06
1.619535,9.74974577e+00,1.55359325e-05,4.21792107e-06
1.620082,9.70653200e+00,1.56158778e-05,4.17975884e-06
1.620629,9.66329768e+00,1.54363016e-05,4.12685736e-06
1.621176,9.62004907e+00,1.54046431e-05,4.09150621e-06
1.621723,9.57678722e+00,1.53074721e-05,4.04328076e-06
1.622270,9.53352726e+00,1.50196841e-05,3.99734186e-06
1.622817,9.49027966e+00,1.50248309e-05,3.96668979e-06
1.623364,9.44704012e+00,1.49657188e-05,3.91731507e-06
1.623910,9.40381712e+00,1.47305873e-05,3.86674688e-06
1.624457,9.36063179e+00,1.44883761e-05,3.83526519e-06
1.625004,9.31749672e+00,1.44111610e-05,3.80133423e-06
1.625551,9.27441809e+00,1.42504279e-05,3.75583343e-06
1.626098,9.23140249e+00,1.41457812e-05,3.71334656e-06
1.626645,9.18845583e+00,1.39968777e-05,3.67031957e-06
1.627192,9.14558187e+00,1.39204967e-05,3.62771813e-06
1.627739,9.10279550e+00,1.35884146e-05,3.58105634e-06
1.628286,9.06012020e+00,1.34043366e-05,3.56132810e-06
1.628833,9.01754793e+00,1.36018016e-05,3.52699230e-06
1.629380,8.97506728e+00,1.34150575e-05,3.46952847e-06
1.629927,8.93269872e+00,1.30686174e-05,3.43206485e-06
1.630474,8.89044853e+00,1.31555492e-05,3.40368907e-06
1.631021,8.84831293e+00,1.29511946e-05,3.35047136e-06
1.631568,8.80629716e+00,1.28695979e-05,3.31303068e-06
1.632115,8.76442119e+00,1.24368779e-05,3.26793393e-06
1.632662,8.72268703e+00,1.27032534e-05,3.25831584e-06
1.633209,8.68108162e+00,1.24950050e-05,3.20287543e-06
1.633756,8.63962698e+00,1.21346277e-05,3.17051188e-06
1.634303,8.59833887e+00,1.20717886e-05,3.14799513e-06
1.634850,8.55721878e+00,1.19151484e-05,3.10416486e-06
1.635397,8.51627659e+00,1.16837630e-05,3.06272890e-06
1.635944,8.47551739e+00,1.16228647e-05,3.02977069e-06
1.636490,8.43494173e+00,1.14521445e-05,2.98453369e-06
1.637037,8.39456859e+00,1.10838002e-05,2.94637268e-06
1.637584,8.35442205e+00,1.08679458e-05,2.92622627e-06
1.638131,8.31451419e+00,1.06984084e-05,2.89408667e-06
1.638678,8.27484725e+00,1.06136838e-05,2.85899073e-06
1.639225,8.23542539e+00,1.04000578e-05,2.81846149e-06
1.639772,8.19626543e+00,1.01225165e-05,2.79073103e-06
1.640319,8.15737453e+00,1.00850104e-05,2.76611985e-06
1.640866,8.11874500e+00,1.00161997e-05,2.72655797e-06
1.641413,8.08038219e+00,9.75304281e-06,2.68666791e-06
1.641960,8.04229400e+00,9.67435395e-06,2.66655762e-06
1.642507,8.00448887e+00,9.40228097e-06,2.62937277e-06
1.643054,7.96698149e+00,9.22546956e-06,2.60895721e-06
1.643601,7.92977209e+00,9.18089974e-06,2.58058157e-06
1.644148,7.89286333e+00,8.93445561e-06,2.54103321e-06
1.644695,7.85625817e+00,8.90636641e-06,2.52245847e-06
1.645242,7.81995705e+00,8.70420085e-06,2.48719028e-06
1.645789,7.78396160e+00,8.64368449e-06,2.46404007e-06
1.646336,7.74827632e+00,8.39959680e-06,2.42900555e-06
1.646883,7.71290727e+00,8.32244755e-06,2.41213338e-06
1.647430,7.67785361e+00,8.17871270e-06,2.37992668e-06
1.647977,7.64312579e+00,7.91679354e-06,2.35104145e-06
1.648523,7.60872036e+00,8.01267898e-06,2.33798308e-06
1.649070,7.57462778e+00,7.82957098e-06,2.29974505e-06
1.649617,7.54085702e+00,7.64346911e-06,2.28361144e-06
1.650164,7.50741848e+00,7.45867733e-06,2.26278746e-06
1.650711,7.47431667e+00,7.35796364e-06,2.24309343e-06
1.651258,7.44154983e+00,7.25684620e-06,2.21928485e-06
1.651805,7.40911552e+00,7.15658621e-06,2.19489684e-06
1.652352,7.37701971e+00,6.94484638e-06,2.17079215e-06
1.652899,7.34526104e+00,6.95581306e-06,2.15910600e-06
1.653446,7.31383077e+00,6.82898515e-06,2.12616976e-06
1.653993,7.28272928e+00,6.70789993e-06,2.10623047e-06
1.654540,7.25196167e+00,6.53725695e-06,2.08683162e-06
1.655087,7.22152923e+00,6.47177932e-06,2.07231102e-06
1.655634,7.19142837e+00,6.35192433e-06,2.04708419e-06
1.656181,7.16165849e+00,6.24229462e-06,2.02627845e-06
1.656728,7.13221793e+00,6.14757072e-06,2.00743100e-06
1.657275,7.10310416e+00,6.06169167e-06,1.98959216e-06
1.657822,7.07431524e+00,5.96743383e-06,1.97358179e-06
1.658369,7.04584462e+00,5.92738008e-06,1.95666809e-06
1.658916,7.01769064e+00,5.76951055e-06,1.93226354e-06
1.659463,6.98985440e+00,5.71908617e-06,1.92638087e-06
1.660010,6.96233335e+00,5.60557718e-06,1.90688863e-06
1.660557,6.93512679e+00,5.52343246e-06,1.89361551e-06
1.661103,6.90822875e+00,5.47195399e-06,1.87856306e-06
1.661650,6.88163095e+00,5.39320567e-06,1.85788830e-06
1.662197,6.85533101e+00,5.28184051e-06,1.83926536e-06
1.662744,6.82932919e+00,5.20472642e-06,1.82983174e-06
1.663291,6.80362363e+00,5.13008441e-06,1.81773108e-06
1.663838,6.77821417e+00,5.03915826e-06,1.80590002e-06
1.664385,6.75309621e+00,5.01366340e-06,1.79978216e-06
1.664932,6.72826166e+00,4.93992109e-06,1.78276954e-06
1.665479,6.70370992e+00,4.84590680e-06,1.76986273e-06
1.666026,6.67943716e+00,4.83296105e-06,1.76741797e-06
1.666573,6.65543768e+00,4.75246341e-06,1.75245837e-06
1.667120,6.63170854e+00,4.71202171e-06,1.74726992e-06
1.667667,6.60824473e+00,4.65569373e-06,1.73708558e-06
1.668214,6.58504129e+00,4.60783121e-06,1.72888795e-06
1.668761,6.56209335e+00,4.56032591e-06,1.72011308e-06
1.669308,6.53939900e+00,4.50881546e-06,1.71420602e-06
1.669855,6.51695279e+00,4.49391929e-06,1.71244493e-06
1.670402,6.49474957e+00,4.43795232e-06,1.70179595e-06
1.670949,6.47278551e+00,4.42287196e-06,1.70231292e-06
1.671496,6.45105058e+00,4.39533441e-06,1.69537622e-06
1.672043,6.42953855e+00,4.34935353e-06,1.68572204e-06
1.672590,6.40825016e+00,4.32174403e-06,1.68697373e-06
1.673136,6.38718049e+00,4.32643106e-06,1.69069046e-06
1.673683,6.36632258e+00,4.29141230e-06,1.68314463e-06
1.674230,6.34567026e+00,4.28380021e-06,1.68408959e-06
1.674777,6.32521682e+00,4.25800138e-06,1.67840751e-06
1.675324,6.30495701e+00,4.24894244e-06,1.67962606e-06
1.675871,6.28488362e+00,4.22821095e-06,1.67684650e-06
1.676418,6.26499184e+00,4.21045223e-06,1.67468143e-06
1.676965,6.24527874e+00,4.20357330e-06,1.67637127e-06
1.677512,6.22574208e+00,4.20220760e-06,1.67905555e-06
1.678059,6.20637506e+00,4.20264396e-06,1.68301367e-06
1.678606,6.18716987e+00,4.18619678e-06,1.67959753e-06
1.679153,6.16812327e+00,4.18771540e-06,1.68192024e-06
1.679700,6.14922921e+00,4.18938359e-06,1.68611414e-06
1.680247,6.13048241e+00,4.19043748e-06,1.68511832e-06
1.680794,6.11188017e+00,4.20585016e-06,1.69225337e-06
1.681341,6.09341517e+00,4.20230614e-06,1.69597480e-06
1.681888,6.07508059e+00,4.20836980e-06,1.69550853e-06
1.682435,6.05687237e+00,4.22350249e-06,1.70166276e-06
1.682982,6.03878696e+00,4.23941243e-06,1.70632230e-06
1.683529,6.02081812e+00,4.24965796e-06,1.71303100e-06
1.684076,6.00295938e+00,4.26070459e-06,1.71374427e-06
1.684623,5.98520696e+00,4.27973470e-06,1.72100339e-06
1.685169,5.96755579e+00,4.29013863e-06,1.72554228e-06
1.685716,5.95000166e+00,4.30611698e-06,1.72988777e-06
1.686263,5.93254147e+00,4.32896741e-06,1.73638754e-06
1.686810,5.91517153e+00,4.35036819e-06,1.74356104e-06
1.687357,5.89788780e+00,4.36912740e-06,1.74928795e-06
1.687904,5.88068418e+00,4.37986555e-06,1.75558043e-06
1.688451,5.86355560e+00,4.40214054e-06,1.75828927e-06
1.688998,5.84649897e+00,4.43930033e-06,1.76840740e-06
1.689545,5.82951035e+00,4.46639438e-06,1.77577031e-06
1.690092,5.81258463e+00,4.48162222e-06,1.78261312e-06
1.690639,5.79571634e+00,4.49505733e-06,1.78635184e-06
1.691186,5.77890166e+00,4.51710146e-06,1.79207259e-06
1.691733,5.76213595e+00,4.53494404e-06,1.79861624e-06
1.692280,5.74541541e+00,4.56521126e-06,1.80355489e-06
1.692827,5.72873759e+00,4.60310927e-06,1.81321872e-06
1.693374,5.71209704e+00,4.62113426e-06,1.82115311e-06
1.693921,5.69548936e+00,4.66322001e-06,1.82486792e-06
1.694468,5.67891099e+00,4.70088520e-06,1.83674730e-06
1.695015,5.66235819e+00,4.73380998e-06,1.84192005e-06
1.695562,5.64582785e+00,4.76649209e-06,1.85166910e-06
1.696109,5.62931617e+00,4.79220554e-06,1.85709316e-06
1.696656,5.61281995e+00,4.81776334e-06,1.86414789e-06
1.697203,5.59633589e+00,4.84331223e-06,1.86997172e-06
1.697749,5.57986187e+00,4.88210128e-06,1.87749442e-06
1.698296,5.56339363e+00,4.91342780e-06,1.88656085e-06
1.698843,5.54692712e+00,4.95936291e-06,1.89092088e-06
1.699390,5.53045970e+00,5.00031458e-06,1.90219668e-06
1.699937,5.51398691e+00,5.02041735e-06,1.90739098e-06
1.700484,5.49750498e+00,5.04553289e-06,1.91211240e-06
1.701031,5.48101241e+00,5.08223069e-06,1.91841317e-06
1.701578,5.46450666e+00,5.12088906e-06,1.92852858e-06
1.702125,5.44798375e+00,5.13535387e-06,1.93237334e-06
1.702672,5.43144167e+00,5.18351662e-06,1.93813338e-06
1.703219,5.41487942e+00,5.23219954e-06,1.94959093e-06
1.703766,5.39829468e+00,5.26744006e-06,1.95920090e-06
1.704313,5.38168515e+00,5.31113409e-06,1.96409948e-06
1.704860,5.36504783e+00,5.35257815e-06,1.97448369e-06
1.705407,5.34837930e+00,5.37774256e-06,1.97774145e-06
1.705954,5.33167756e+00,5.40447478e-06,1.98342347e-06
1.706501,5.31494062e+00,5.43403769e-06,1.98774260e-06
1.707048,5.29816628e+00,5.47505217e-06,1.99495444e-06
1.707595,5.28135243e+00,5.50136761e-06,1.99978840e-06
1.708142,5.26449831e+00,5.53282068e-06,2.00528789e-06
1.708689,5.24760205e+00,5.56301819e-06,2.01160298e-06
1.709236,5.23066175e+00,5.60497862e-06,2.01547466e-06
1.709782,5.21367612e+00,5.64206279e-06,2.02369334e-06
1.710329,5.19664375e+00,5.66996521e-06,2.02764296e-06
1.710876,5.17956465e+00,5.69940220e-06,2.03321999e-06
1.711423,5.16243805e+00,5.73535810e-06,2.04032990e-06
1.711970,5.14526236e+00,5.76001971e-06,2.04361938e-06
1.712517,5.12803712e+00,5.78760864e-06,2.04774752e-06
1.713064,5.11076091e+00,5.81994291e-06,2.05261203e-06
1.713611,5.09343256e+00,5.85330417e-06,2.05533601e-06
1.714158,5.07605205e+00,5.88767816e-06,2.06201288e-06
1.714705,5.05861935e+00,5.91586724e-06,2.06643155e-06
1.715252,5.04113474e+00,5.94729829e-06,2.07167309e-06
1.715799,5.02359739e+00,5.98030748e-06,2.07597849e-06
1.716346,5.00600597e+00,6.00439816e-06,2.07830945e-06
1.716893,4.98836065e+00,6.03482858e-06,2.08118702e-06
1.717440,4.97066120e+00,6.07605790e-06,2.08732328e-06
1.717987,4.95290658e+00,6.10271935e-06,2.08951468e-06
1.718534,4.93509743e+00,6.13221474e-06,2.09284627e-06
1.719081,4.91723352e+00,6.17417328e-06,2.09846313e-06
1.719628,4.89931458e+00,6.20323438e-06,2.10035608e-06
1.720175,4.88133884e+00,6.26178629e-06,2.10506106e-06
1.720722,4.86330408e+00,6.30450598e-06,2.10693601e-06
1.721269,4.84521008e+00,6.34330919e-06,2.11186826e-06
1.721816,4.82705652e+00,6.36867887e-06,2.11307205e-06
1.722362,4.80884337e+00,6.39796959e-06,2.11479044e-06
1.722909,4.79057045e+00,6.42969479e-06,2.11598622e-06
1.723456,4.77223769e+00,6.46758212e-06,2.11836323e-06
1.724003,4.75384514e+00,6.50017121e-06,2.12055822e-06
1.724550,4.73539329e+00,6.52260378e-06,2.12205221e-06
1.725097,4.71688168e+00,6.56478069e-06,2.12324932e-06
1.725644,4.69830925e+00,6.58851177e-06,2.12319140e-06
1.726191,4.67967567e+00,6.61127324e-06,2.12209241e-06
1.726738,4.66098236e+00,6.63182927e-06,2.12182509e-06
1.727285,4.64223159e+00,6.65853231e-06,2.12641793e-06
1.727832,4.62342309e+00,6.69559571e-06,2.12649353e-06
1.728379,4.60455683e+00,6.72194867e-06,2.12471417e-06
1.728926,4.58563197e+00,6.78395867e-06,2.12726066e-06
1.729473,4.56664670e+00,6.81750316e-06,2.12574749e-06
1.730020,4.54760101e+00,6.84489377e-06,2.12507961e-06
1.730567,4.52849479e+00,6.86844092e-06,2.12254172e-06
1.731114,4.50932801e+00,6.89199412e-06,2.11974357e-06
1.731661,4.49010086e+00,6.92380928e-06,2.11751326e-06
1.732208,4.47081475e+00,6.94392575e-06,2.11741722e-06
1.732755,4.45146979e+00,6.98683482e-06,2.11668282e-06
1.733302,4.43206356e+00,7.01175603e-06,2.11143055e-06
1.733849,4.41259603e+00,7.03731135e-06,2.10647577e-06
1.734395,4.39306644e+00,7.09793212e-06,2.10761815e-06
1.734942,4.37347384e+00,7.11119569e-06,2.10181992e-06
1.735489,4.35381876e+00,7.14118509e-06,2.09902506e-06
1.736036,4.33410077e+00,7.15917221e-06,2.09312766e-06
1.736583,4.31431994e+00,7.17491333e-06,2.08722198e-06
1.737130,4.29447566e+00,7.19861705e-06,2.08097889e-06
1.737677,4.27456609e+00,7.22395399e-06,2.07322072e-06
1.738224,4.25459006e+00,7.24611519e-06,2.06588010e-06
1.738771,4.23454995e+00,7.23776246e-06,2.06000396e-06
1.739318,4.21444677e+00,7.28570771e-06,2.05814345e-06
1.739865,4.19427853e+00,7.30115406e-06,2.04909993e-06
1.740412,4.17404455e+00,7.31786723e-06,2.04020889e-06
1.740959,4.15374481e+00,7.33552082e-06,2.03250224e-06
1.741506,4.13337765e+00,7.37721720e-06,2.02525392e-06
1.742053,4.11294180e+00,7.38369564e-06,2.01503836e-06
1.742600,4.09243710e+00,7.40975069e-06,2.00734601e-06
1.743147,4.07186206e+00,7.42458212e-06,1.99732057e-06
1.743694,4.05121702e+00,7.41901745e-06,1.98597673e-06
1.744241,4.03050254e+00,7.43652061e-06,1.97744564e-06
1.744788,4.00971799e+00,7.44170528e-06,1.96590920e-06
1.745335,3.98886355e+00,7.44071860e-06,1.95431946e-06
1.745882,3.96793576e+00,7.49438530e-06,1.94265246e-06
1.746428,3.94693310e+00,7.48285154e-06,1.92850581e-06
1.746975,3.92585254e+00,7.58741110e-06,1.92546708e-06
1.747522,3.90468873e+00,7.58388346e-06,1.90981994e-06
1.748069,3.88344167e+00,7.58292058e-06,1.89717335e-06
1.748616,3.86210839e+00,7.62215076e-06,1.88387096e-06
1.749163,3.84068893e+00,7.57939413e-06,1.86761574e-06
1.749710,3.81918359e+00,7.63081817e-06,1.86045159e-06
1.750257,3.79758992e+00,7.61625692e-06,1.84417201e-06
1.750804,3.77590377e+00,7.66981347e-06,1.82975171e-06
1.751351,3.75412186e+00,7.64558761e-06,1.81135792e-06
1.751898,3.73224503e+00,7.64440553e-06,1.79968945e-06
1.752445,3.71027565e+00,7.58807260e-06,1.78353038e-06
1.752992,3.68821490e+00,7.60308047e-06,1.77037054e-06
1.753539,3.66606580e+00,7.52292925e-06,1.75424746e-06
1.754086,3.64382758e+00,7.59907062e-06,1.74401127e-06
1.754633,3.62149417e+00,7.59178523e-06,1.72475625e-06
1.755180,3.59906278e+00,7.60466481e-06,1.70959723e-06
1.755727,3.57653449e+00,7.53413502e-06,1.69155385e-06
1.756274,3.55391105e+00,7.53588116e-06,1.67820737e-06
1.756821,3.53119414e+00,7.47643330e-06,1.66059622e-06
1.757368,3.50838935e+00,7.43400831e-06,1.65385304e-06
1.757915,3.48549365e+00,7.49864603e-06,1.63986948e-06
1.758462,3.46250361e+00,7.43186897e-06,1.61933872e-06
1.759008,3.43942521e+00,7.34703285e-06,1.60589262e-06
1.759555,3.41626324e+00,7.30152320e-06,1.59144963e-06
1.760102,3.39301973e+00,7.25251736e-06,1.57524515e-06
1.760649,3.36969713e+00,7.19451882e-06,1.55937995e-06
1.761196,3.34630515e+00,7.03578017e-06,1.54424545e-06
1.761743,3.32284997e+00,7.04860946e-06,1.53668180e-06
1.762290,3.29933141e+00,6.97977750e-06,1.51963657e-06
1.762837,3.27575868e+00,6.82893116e-06,1.50549561e-06
1.763384,3.25214154e+00,6.77261005e-06,1.49801089e-06
1.763931,3.22848301e+00,6.72357798e-06,1.48499455e-06
1.764478,3.20479081e+00,6.57881630e-06,1.47106440e-06
1.765025,3.18107588e+00,6.49024445e-06,1.46358527e-06
1.765572,3.15734750e+00,6.37193208e-06,1.45208130e-06
1.766119,3.13361050e+00,6.34587840e-06,1.44317656e-06
1.766666,3.10987003e+00,6.21744409e-06,1.42974085e-06
1.767213,3.08613990e+00,6.05979555e-06,1.42200457e-06
1.767760,3.06243088e+00,5.98971504e-06,1.41553187e-06
1.768307,3.03874822e+00,5.90869146e-06,1.40520031e-06
1.768854,3.01510487e+00,5.71973611e-06,1.39578357e-06
1.769401,2.99150572e+00,5.78147611e-06,1.39461329e-06
1.769948,2.96795047e+00,5.65578823e-06,1.38127789e-06
1.770495,2.94445338e+00,5.49062628e-06,1.37626440e-06
1.771041,2.92103029e+00,5.36438112e-06,1.37328715e-06
1.771588,2.89769216e+00,5.26817139e-06,1.36771144e-06
1.772135,2.87444848e+00,5.15211534e-06,1.36069135e-06
1.772682,2.85131030e+00,5.03540198e-06,1.35504410e-06
1.773229,2.82828724e+00,4.94455357e-06,1.35006583e-06
1.773776,2.80539031e+00,4.80844698e-06,1.34357617e-06
1.774323,2.78263380e+00,4.68200233e-06,1.34032662e-06
1.774870,2.76002567e+00,4.63757414e-06,1.33715763e-06
1.775417,2.73757483e+00,4.48968977e-06,1.32880292e-06
1.775964,2.71529139e+00,4.43866242e-06,1.32812606e-06
1.776511,2.69318381e+00,4.31488601e-06,1.32102845e-06
1.777058,2.67126250e+00,4.23564514e-06,1.31836545e-06
1.777605,2.64953759e+00,4.12289949e-06,1.31276814e-06
1.778152,2.62801927e+00,4.04564466e-06,1.30982052e-06
1.778699,2.60671715e+00,3.94504031e-06,1.30449950e-06
1.779246,2.58563847e+00,3.89411685e-06,1.30129200e-06
1.779793,2.56478835e+00,3.81388268e-06,1.29456268e-06
1.780340,2.54417418e+00,3.73803623e-06,1.28990707e-06
1.780887,2.52380387e+00,3.66244452e-06,1.28526391e-06
1.781434,2.50368474e+00,3.59934022e-06,1.28120458e-06
1.781981,2.48381991e+00,3.56213005e-06,1.27692982e-06
1.782528,2.46421416e+00,3.47651620e-06,1.26898152e-06
1.783075,2.44487270e+00,3.44530492e-06,1.26686291e-06
1.783621,2.42579883e+00,3.37985775e-06,1.25985226e-06
1.784168,2.40699781e+00,3.33040722e-06,1.25564404e-06
1.784715,2.38847268e+00,3.29195949e-06,1.25108347e-06
1.785262,2.37022574e+00,3.24510728e-06,1.24542499e-06
1.785809,2.35226058e+00,3.19733118e-06,1.24023211e-06
1.786356,2.33458089e+00,3.15399338e-06,1.23528502e-06
1.786903,2.31718876e+00,3.11815781e-06,1.23023859e-06
1.787450,2.30008552e+00,3.07773605e-06,1.22409041e-06
1.787997,2.28327394e+00,3.03772841e-06,1.21870200e-06
1.788544,2.26675497e+00,3.01334328e-06,1.21455765e-06
1.789091,2.25052806e+00,2.97702487e-06,1.20776639e-06
1.789638,2.23459306e+00,2.94856470e-06,1.20250259e-06
1.790185,2.21895017e+00,2.91669717e-06,1.19644972e-06
1.790732,2.20360072e+00,2.89215582e-06,1.19198099e-06
1.791279,2.18854483e+00,2.87182141e-06,1.18777363e-06
1.791826,2.17377945e+00,2.84957593e-06,1.18264166e-06
1.792373,2.15930201e+00,2.82167296e-06,1.17540128e-06
1.792920,2.14511308e+00,2.80547211e-06,1.17142186e-06
1.793467,2.13121065e+00,2.79380582e-06,1.16865022e-06
1.794014,2.11759150e+00,2.77290690e-06,1.16225032e-06
1.794561,2.10425298e+00,2.74699656e-06,1.15559264e-06
1.795108,2.09119204e+00,2.71972659e-06,1.14765905e-06
1.795654,2.07840638e+00,2.69361622e-06,1.14014005e-06
1.796201,2.06589318e+00,2.66971007e-06,1.13304309e-06
1.796748,2.05365102e+00,2.65465087e-06,1.12623284e-06
1.797295,2.04167724e+00,2.63085513e-06,1.11989537e-06
1.797842,2.02996786e+00,2.61858311e-06,1.11396395e-06
1.798389,2.01852038e+00,2.60547577e-06,1.10840914e-06
1.798936,2.00733111e+00,2.59114045e-06,1.10327925e-06
1.799483,1.99639597e+00,2.58313604e-06,1.09857108e-06
1.800030,1.98571121e+00,2.57547339e-06,1.09425793e-06
1.800577,1.97527240e+00,2.56826774e-06,1.09038041e-06
1.801124,1.96507402e+00,2.55910258e-06,1.08694714e-06
1.801671,1.95511183e+00,2.56836780e-06,1.08392885e-06
1.802218,1.94538148e+00,2.56059269e-06,1.08125013e-06
1.802765,1.93587763e+00,2.56577032e-06,1.07901957e-06
1.803312,1.92659601e+00,2.57084311e-06,1.07714347e-06
1.803859,1.91753054e+00,2.56340116e-06,1.07562559e-06
1.804406,1.90867506e+00,2.57661218e-06,1.07463123e-06
1.804953,1.90002396e+00,2.57646484e-06,1.07393214e-06
1.805500,1.89157182e+00,2.59338134e-06,1.07369692e-06
1.806047,1.88331317e+00,2.59602910e-06,1.07369940e-06
1.806594,1.87524226e+00,2.61427281e-06,1.07417917e-06
1.807141,1.86735347e+00,2.62073773e-06,1.07487568e-06
1.807687,1.85964078e+00,2.63736676e-06,1.07602505e-06
1.808234,1.85209871e+00,2.65215856e-06,1.07746340e-06
1.808781,1.84472134e+00,2.66481220e-06,1.07919626e-06
1.809328,1.83750222e+00,2.67657688e-06,1.08125046e-06
1.809875,1.83043527e+00,2.69692010e-06,1.08374181e-06
1.810422,1.82351516e+00,2.71754549e-06,1.08654400e-06
1.810969,1.81673586e+00,2.73167157e-06,1.08951439e-06
1.811516,1.81009134e+00,2.75605896e-06,1.09297855e-06
1.812063,1.80357645e+00,2.77982248e-06,1.09675669e-06
1.812610,1.79718527e+00,2.79644566e-06,1.10063059e-06
1.813157,1.79091118e+00,2.81643872e-06,1.10487690e-06
1.813704,1.78474848e+00,2.84367499e-06,1.10961397e-06
1.814251,1.77869161e+00,2.86678325e-06,1.11451906e-06
1.814798,1.77273500e+00,2.89436819e-06,1.11987733e-06
1.815345,1.76687272e+00,2.91517178e-06,1.12521558e-06
1.815892,1.76109887e+00,2.94665792e-06,1.13124227e-06
1.816439,1.75540813e+00,2.97374280e-06,1.13737753e-06
1.816986,1.74979522e+00,3.00623349e-06,1.14402772e-06
1.817533,1.74425514e+00,3.03575331e-06,1.15088284e-06
1.818080,1.73878262e+00,3.06393232e-06,1.15789495e-06
1.818627,1.73337220e+00,3.09331385e-06,1.16523137e-06
1.819174,1.72801892e+00,3.12654140e-06,1.17307368e-06
1.819721,1.72271833e+00,3.16079979e-06,1.18131455e-06
1.820267,1.71746597e+00,3.19362005e-06,1.18970154e-06
1.820814,1.71225737e+00,3.22944617e-06,1.19846101e-06
1.821361,1.70708823e+00,3.26813829e-06,1.20757787e-06
1.821908,1.70195409e+00,3.30490124e-06,1.21673648e-06
1.822455,1.69685047e+00,3.34345463e-06,1.22627345e-06
1.823002,1.69177350e+00,3.38145613e-06,1.23627556e-06
1.823549,1.68671944e+00,3.42197574e-06,1.24634140e-06
1.824096,1.68168479e+00,3.46552031e-06,1.25705233e-06
1.824643,1.67666592e+00,3.50852011e-06,1.26745508e-06
1.825190,1.67165909e+00,3.55039093e-06,1.27825764e-06
1.825737,1.66666096e+00,3.59297472e-06,1.28921942e-06
1.826284,1.66166815e+00,3.63789886e-06,1.30030833e-06
1.826831,1.65667772e+00,3.68270346e-06,1.31190163e-06
1.827378,1.65168735e+00,3.72734987e-06,1.32367347e-06
1.827925,1.64669415e+00,3.77569178e-06,1.33500889e-06
1.828472,1.64169510e+00,3.82395650e-06,1.34682790e-06
1.829019,1.63668814e+00,3.87217974e-06,1.35908536e-06
1.829566,1.63167084e+00,3.92422044e-06,1.37066024e-06
1.830113,1.62664049e+00,3.96056712e-06,1.37794934e-06
1.830660,1.62159535e+00,3.99803312e-06,1.38571130e-06
1.831207,1.61653358e+00,4.03951527e-06,1.39396562e-06
1.831754,1.61145351e+00,4.07712616e-06,1.40141173e-06
1.832300,1.60635387e+00,4.11715315e-06,1.40994827e-06
1.832847,1.60123356e+00,4.15951203e-06,1.41819999e-06
1.833394,1.59609104e+00,4.20783913e-06,1.42712486e-06
1.833941,1.59092441e+00,4.24722072e-06,1.43378259e-06
1.834488,1.58573255e+00,4.28620172e-06,1.44075476e-06
1.835035,1.58051418e+00,4.33127009e-06,1.44816644e-06
1.835582,1.57526831e+00,4.36921237e-06,1.45475204e-06
1.836129,1.56999440e+00,4.41393909e-06,1.46260272e-06
1.836676,1.56469188e+00,4.45182054e-06,1.46986565e-06
1.837223,1.55935977e+00,4.49906299e-06,1.47625277e-06
1.837770,1.55399717e+00,4.53811975e-06,1.48205953e-06
1.838317,1.54860332e+00,4.58289874e-06,1.48806231e-06
1.838864,1.54317723e+00,4.62196670e-06,1.49271798e-06
1.839411,1.53771838e+00,4.66075469e-06,1.49746409e-06
1.839958,1.53222563e+00,4.70635800e-06,1.50155579e-06
1.840505,1.52669762e+00,4.74755848e-06,1.50475555e-06
1.841052,1.52113332e+00,4.79139055e-06,1.50809285e-06
1.841599,1.51553162e+00,4.83200351e-06,1.51070424e-06
1.842146,1.50989214e+00,4.86542090e-06,1.51292014e-06
1.842693,1.50421391e+00,4.91305714e-06,1.51484030e-06
1.843240,1.49849463e+00,4.96248724e-06,1.51534604e-06
1.843787,1.49273306e+00,4.99720392e-06,1.51538398e-06
1.844334,1.48692877e+00,5.03588656e-06,1.51615264e-06
1.844880,1.48108053e+00,5.07441725e-06,1.51488294e-06
1.845427,1.47518705e+00,5.10731412e-06,1.51241766e-06
1.845974,1.46924803e+00,5.13153036e-06,1.50973238e-06
1.846521,1.46326395e+00,5.15412517e-06,1.50750980e-06
1.847068,1.45723519e+00,5.17853517e-06,1.50440735e-06
1.847615,1.45116065e+00,5.21845566e-06,1.50006326e-06
1.848162,1.44503887e+00,5.24254175e-06,1.49385957e-06
1.848709,1.43886826e+00,5.28084251e-06,1.48755469e-06
1.849256,1.43264691e+00,5.30335897e-06,1.47931210e-06
1.849803,1.42637344e+00,5.33541288e-06,1.47135509e-06
1.850350,1.42004708e+00,5.35060804e-06,1.46287960e-06
1.850897,1.41366894e+00,5.35002235e-06,1.45442415e-06
1.851444,1.40723776e+00,5.39759117e-06,1.44519437e-06
1.851991,1.40075105e+00,5.40814053e-06,1.43250580e-06
1.852538,1.39420887e+00,5.41071888e-06,1.42051060e-06
1.853085,1.38761250e+00,5.40190554e-06,1.40816821e-06
1.853632,1.38095877e+00,5.47681488e-06,1.39647500e-06
1.854179,1.37424420e+00,5.46515963e-06,1.37954582e-06
1.854726,1.36746967e+00,5.46228942e-06,1.36530065e-06
1.855273,1.36063550e+00,5.45581463e-06,1.34938776e-06
1.855820,1.35374118e+00,5.45880495e-06,1.33190375e-06
1.856367,1.34678669e+00,5.43923848e-06,1.31306143e-06
1.856913,1.33977247e+00,5.43193431e-06,1.29472997e-06
1.857460,1.33269936e+00,5.40314407e-06,1.27489485e-06
1.858007,1.32556644e+00,5.42264815e-06,1.25564825e-06
1.858554,1.31837400e+00,5.37306352e-06,1.23449205e-06
1.859101,1.31112422e+00,5.36110278e-06,1.21679969e-06
1.859648,1.30381876e+00,5.31222530e-06,1.19462291e-06
1.860195,1.29645613e+00,5.34632637e-06,1.17355873e-06
1.860742,1.28903687e+00,5.25343331e-06,1.14724774e-06
1.861289,1.28157020e+00,5.13709245e-06,1.12770685e-06
1.861836,1.27406086e+00,5.12493731e-06,1.10709832e-06
1.862383,1.26651249e+00,5.01688068e-06,1.08149987e-06
1.862930,1.25893249e+00,4.93651319e-06,1.06077147e-06
1.863477,1.25132683e+00,4.85164762e-06,1.03731530e-06
1.864024,1.24370276e+00,4.74164571e-06,1.01418289e-06
1.864571,1.23606800e+00,4.64868022e-06,9.92298366e-07
1.865118,1.22842752e+00,4.58255912e-06,9.69242347e-07
1.865665,1.22078746e+00,4.46117824e-06,9.44728669e-07
1.866212,1.21315577e+00,4.36405870e-06,9.24557589e-07
1.866759,1.20554248e+00,4.20632179e-06,9.01811270e-07
1.867306,1.19795792e+00,4.10029335e-06,8.82855218e-07
1.867853,1.19041272e+00,3.93504007e-06,8.61130287e-07
1.868400,1.18291534e+00,3.86370913e-06,8.43321782e-07
1.868946,1.17547136e+00,3.74235667e-06,8.20376315e-07
1.869493,1.16809023e+00,3.59659427e-06,8.00247251e-07
1.870040,1.16077906e+00,3.51721854e-06,7.82130004e-07
1.870587,1.15354282e+00,3.40295961e-06,7.60468815e-07
1.871134,1.14638810e+00,3.29002085e-06,7.41509095e-07
1.871681,1.13932322e+00,3.14400571e-06,7.22407786e-07
1.872228,1.13235769e+00,3.00942659e-06,7.06006744e-07
1.872775,1.12549780e+00,2.91767115e-06,6.89748845e-07
1.873322,1.11874813e+00,2.80452231e-06,6.70950669e-07
1.873869,1.11211469e+00,2.68238518e-06,6.53542703e-07
1.874416,1.10560249e+00,2.58497973e-06,6.37513494e-07
1.874963,1.09921757e+00,2.44086328e-06,6.20003849e-07
1.875510,1.09296523e+00,2.34327226e-06,5.98434575e-07
1.876057,1.08684721e+00,2.24511865e-06,5.76272127e-07
1.876604,1.08086565e+00,2.13553575e-06,5.54692193e-07
1.877151,1.07502351e+00,2.02350989e-06,5.33696235e-07
1.877698,1.06932313e+00,1.92190845e-06,5.13577997e-07
1.878245,1.06376564e+00,1.82788625e-06,4.94216275e-07
1.878792,1.05835481e+00,1.68409289e-06,4.75396430e-07
1.879339,1.05309364e+00,1.59980524e-06,4.57884515e-07
1.879886,1.04798174e+00,1.50925904e-06,4.41213256e-07
1.880433,1.04301796e+00,1.43752777e-06,4.25691123e-07
1.880980,1.03820141e+00,1.34473518e-06,4.11070974e-07
1.881526,1.03353225e+00,1.25848396e-06,3.97685346e-07
1.882073,1.02900989e+00,1.17844634e-06,3.85473102e-07
1.882620,1.02463135e+00,1.12707393e-06,3.74734025e-07
1.883167,1.02039407e+00,1.04741987e-06,3.65123674e-07
1.883714,1.01629657e+00,9.87462729e-07,3.56907102e-07
1.884261,1.01233603e+00,9.30426944e-07,3.50087832e-07
1.884808,1.00850900e+00,8.83747411e-07,3.44665787e-07
1.885355,1.00481172e+00,8.39553189e-07,3.40623638e-07
1.885902,1.00124009e+00,8.02379623e-07,3.38051602e-07
1.886449,9.97790046e-01,7.70644119e-07,3.36707111e-07
1.886996,9.94457452e-01,7.46988243e-07,3.36586656e-07
1.887543,9.91236950e-01,7.30266493e-07,3.37606398e-07
1.888090,9.88123396e-01,7.20206183e-07,3.39799304e-07
1.888637,9.85111879e-01,7.15671286e-07,3.42882027e-07
1.889184,9.82197026e-01,7.16074520e-07,3.46873230e-07
1.889731,9.79373067e-01,7.20749699e-07,3.51508974e-07
1.890278,9.76634119e-01,7.31304914e-07,3.56886713e-07
1.890825,9.73974491e-01,7.48661709e-07,3.62669472e-07
1.891372,9.71388631e-01,7.70642081e-07,3.68957455e-07
1.891919,9.68870709e-01,7.90027060e-07,3.75396197e-07
1.892466,9.66414605e-01,8.13107032e-07,3.82188410e-07
1.893013,9.64014031e-01,8.32556187e-07,3.89012316e-07
1.893559,9.61662738e-01,8.61000662e-07,3.96021773e-07
1.894106,9.59354777e-01,8.88089178e-07,4.03120525e-07
1.894653,9.57083704e-01,9.05138159e-07,4.10010641e-07
1.895200,9.54843334e-01,9.40224507e-07,4.17280477e-07
1.895747,9.52627760e-01,9.61902183e-07,4.24251410e-07
1.896294,9.50430898e-01,9.88712263e-07,4.31378851e-07
1.896841,9.48247012e-01,1.01647238e-06,4.38518306e-07
1.897388,9.46070562e-01,1.04443912e-06,4.45758042e-07
1.897935,9.43896164e-01,1.07152397e-06,4.53101168e-07
1.898482,9.41718366e-01,1.09395230e-06,4.60395872e-07
1.899029,9.39531936e-01,1.12398137e-06,4.68207229e-07
1.899576,9.37331917e-01,1.14828970e-06,4.76069305e-07
1.900123,9.35113541e-01,1.17716661e-06,4.84434274e-07
1.900670,9.32872415e-01,1.20590765e-06,4.93221182e-07
1.901217,9.30604365e-01,1.23478021e-06,5.02464907e-07
1.901764,9.28305411e-01,1.26401608e-06,5.12157362e-07
1.902311,9.25971913e-01,1.29716712e-06,5.22636715e-07
1.902858,9.23600553e-01,1.32975010e-06,5.33653359e-07
1.903405,9.21188296e-01,1.36543380e-06,5.45447563e-07
1.903952,9.18732312e-01,1.40006712e-06,5.57658711e-07
1.904499,9.16230027e-01,1.43862122e-06,5.70757812e-07
1.905046,9.13679254e-01,1.47716077e-06,5.84450561e-07
1.905593,9.11078121e-01,1.51808108e-06,5.98922301e-07
1.906139,9.08424886e-01,1.55895625e-06,6.13673765e-07
1.906686,9.05717984e-01,1.60184756e-06,6.29135614e-07
1.907233,9.02956329e-01,1.64741710e-06,6.45416960e-07
1.907780,9.00139194e-01,1.69295931e-06,6.62075117e-07
1.908327,8.97265907e-01,1.73926588e-06,6.78849098e-07
1.908874,8.94336021e-01,1.78775106e-06,6.96297155e-07
1.909421,8.91349298e-01,1.83592198e-06,7.13651307e-07
1.909968,8.88305609e-01,1.88503163e-06,7.31327892e-07
1.910515,8.85205157e-01,1.93486008e-06,7.49245534e-07
1.911062,8.82048343e-01,1.98446707e-06,7.67080339e-07
1.911609,8.78835702e-01,2.03508072e-06,7.85003493e-07
1.912156,8.75567932e-01,2.08554304e-06,8.02840379e-07
1.912703,8.72246156e-01,2.13672987e-06,8.21049828e-07
1.913250,8.68871524e-01,2.18789350e-06,8.38433268e-07
1.913797,8.65445052e-01,2.23827064e-06,8.55744793e-07
1.914344,8.61968358e-01,2.28906724e-06,8.73363363e-07
1.914891,8.58443036e-01,2.33984540e-06,8.89955153e-07
1.915438,8.54870510e-01,2.38901869e-06,9.06395549e-07
1.915985,8.51252506e-01,2.43747589e-06,9.22386609e-07
1.916532,8.47590892e-01,2.48542758e-06,9.38017441e-07
1.917079,8.43887931e-01,2.53208288e-06,9.53428328e-07
1.917626,8.40145921e-01,2.57844513e-06,9.68001404e-07
1.918172,8.36366870e-01,2.62377749e-06,9.81923712e-07
1.918719,8.32552944e-01,2.66783076e-06,9.95426345e-07
1.919266,8.28706274e-01,2.71171365e-06,1.00802054e-06
1.919813,8.24829137e-01,2.75416250e-06,1.02034103e-06
1.920360,8.20923867e-01,2.79576674e-06,1.03166550e-06
1.920907,8.16992576e-01,2.83629360e-06,1.04229530e-06
1.921454,8.13037346e-01,2.87514845e-06,1.05207379e-06
1.922001,8.09060527e-01,2.91121299e-06,1.06133649e-06
1.922548,8.05064120e-01,2.94810568e-06,1.06813182e-06
1.923095,8.01050171e-01,2.97788521e-06,1.07388052e-06
1.923642,7.97021248e-01,3.00691842e-06,1.07918777e-06
1.924189,7.92979870e-01,3.03164181e-06,1.08341663e-06
1.924736,7.88928768e-01,3.05458267e-06,1.08695071e-06
1.925283,7.84870475e-01,3.07725911e-06,1.08961121e-06
1.925830,7.80807613e-01,3.09577577e-06,1.09142323e-06
1.926377,7.76742032e-01,3.12197073e-06,1.09231809e-06
1.926924,7.72675575e-01,3.13951846e-06,1.09224536e-06
1.927471,7.68610450e-01,3.16063065e-06,1.09195190e-06
1.928018,7.64548418e-01,3.17387384e-06,1.09007423e-06
1.928565,7.60490888e-01,3.19079942e-06,1.08727262e-06
1.929112,7.56438924e-01,3.20270369e-06,1.08338791e-06
1.929659,7.52394306e-01,3.20863628e-06,1.07897858e-06
1.930205,7.48359038e-01,3.21363096e-06,1.07375371e-06
1.930752,7.44335013e-01,3.21434228e-06,1.06751876e-06
1.931299,7.40323148e-01,3.22341040e-06,1.06037885e-06
1.931846,7.36324026e-01,3.22226321e-06,1.05204967e-06
1.932393,7.32339843e-01,3.20987226e-06,1.04330954e-06
1.932940,7.28373213e-01,3.19759711e-06,1.03419215e-06
1.933487,7.24425025e-01,3.20058100e-06,1.02422508e-06
1.934034,7.20495733e-01,3.18787825e-06,1.01275755e-06
1.934581,7.16587072e-01,3.16795440e-06,1.00082630e-06
1.935128,7.12699705e-01,3.16589784e-06,9.88520716e-07
1.935675,7.08834025e-01,3.14417006e-06,9.74926203e-07
1.936222,7.04990745e-01,3.12972526e-06,9.61138445e-07
1.936769,7.01170406e-01,3.10423271e-06,9.46254323e-07
1.937316,6.97374624e-01,3.07103484e-06,9.31105225e-07
1.937863,6.93604642e-01,3.04482163e-06,9.15600090e-07
1.938410,6.89861180e-01,3.01309157e-06,8.99309544e-07
1.938957,6.86145553e-01,2.97359301e-06,8.82610148e-07
1.939504,6.82458328e-01,2.94783217e-06,8.65785384e-07
1.940051,6.78799894e-01,2.90611039e-06,8.48059425e-07
1.940598,6.75172577e-01,2.84979975e-06,8.30465297e-07
1.941145,6.71576923e-01,2.83042997e-06,8.13351283e-07
1.941692,6.68012524e-01,2.78105436e-06,7.94698947e-07
1.942239,6.64481667e-01,2.71756593e-06,7.76322229e-07
1.942785,6.60987210e-01,2.65672572e-06,7.58296289e-07
1.943332,6.57530686e-01,2.60833568e-06,7.40172618e-07
1.943879,6.54113739e-01,2.54263728e-06,7.21436623e-07
1.944426,6.50737144e-01,2.50453745e-06,7.03589355e-07
1.944973,6.47401921e-01,2.43210451e-06,6.84571642e-07
1.945520,6.44111156e-01,2.36085410e-06,6.66848314e-07
1.946067,6.40868163e-01,2.28368696e-06,6.48936417e-07
1.946614,6.37672652e-01,2.26362796e-06,6.32051815e-07
1.947161,6.34524519e-01,2.18197181e-06,6.13137428e-07
1.947708,6.31425647e-01,2.13118683e-06,5.96938123e-07
1.948255,6.28377087e-01,2.05845432e-06,5.79350083e-07
1.948802,6.25382770e-01,1.96436524e-06,5.62445061e-07
1.949349,6.22445061e-01,1.91572561e-06,5.47187496e-07
1.949896,6.19564062e-01,1.85208119e-06,5.30542604e-07
1.950443,6.16740731e-01,1.78917557e-06,5.14664713e-07
1.950990,6.13976350e-01,1.72144907e-06,4.99131959e-07
1.951537,6.11272283e-01,1.65824661e-06,4.84270377e-07
1.952084,6.08629548e-01,1.59567905e-06,4.69641675e-07
1.952631,6.06048322e-01,1.54361484e-06,4.55442168e-07
1.953178,6.03529284e-01,1.47474775e-06,4.41005987e-07
1.953725,6.01073729e-01,1.41541483e-06,4.27834744e-07
1.954272,5.98681676e-01,1.36437015e-06,4.14741532e-07
1.954818,5.96353064e-01,1.30723676e-06,4.01556735e-07
1.955365,5.94087736e-01,1.25928393e-06,3.89373419e-07
1.955912,5.91885611e-01,1.20249596e-06,3.76857875e-07
1.956459,5.89745968e-01,1.16371957e-06,3.65588082e-07
1.957006,5.87666960e-01,1.12163315e-06,3.53783930e-07
1.957553,5.85646898e-01,1.08130857e-06,3.42522953e-07
1.958100,5.83684730e-01,1.03404467e-06,3.31361817e-07
1.958647,5.81779856e-01,9.91675642e-07,3.21197333e-07
1.959194,5.79930843e-01,9.55947003e-07,3.11285693e-07
1.959741,5.78136150e-01,9.16424351e-07,3.01220377e-07
1.960288,5.76393996e-01,8.85714937e-07,2.91995534e-07
1.960835,5.74701959e-01,8.54539101e-07,2.82613545e-07
1.961382,5.73057783e-01,8.23329459e-07,2.73496095e-07
1.961929,5.71459710e-01,7.90326544e-07,2.64736719e-07
1.962476,5.69906127e-01,7.61347664e-07,2.56730857e-07
1.963023,5.68394980e-01,7.35177862e-07,2.48824836e-07
1.963570,5.66923455e-01,7.13573684e-07,2.41150751e-07
1.964117,5.65488777e-01,6.88389624e-07,2.33109837e-07
1.964664,5.64088579e-01,6.66222657e-07,2.25930218e-07
1.965211,5.62720222e-01,6.45414363e-07,2.18903513e-07
1.965758,5.61381111e-01,6.24975636e-07,2.12003911e-07
1.966305,5.60068619e-01,6.06377146e-07,2.05563029e-07
1.966852,5.58779972e-01,5.88356323e-07,1.99120131e-07
1.967398,5.57512960e-01,5.69020156e-07,1.92796094e-07
1.967945,5.56265202e-01,5.55137286e-07,1.87645509e-07
1.968492,5.55033978e-01,5.38838422e-07,1.81737824e-07
1.969039,5.53816683e-01,5.24503963e-07,1.76421262e-07
1.969586,5.52610843e-01,5.09368797e-07,1.70933594e-07
1.970133,5.51414104e-01,4.96646925e-07,1.66225541e-07
1.970680,5.50224151e-01,4.83198728e-07,1.61309492e-07
1.971227,5.49038751e-01,4.71799468e-07,1.56993699e-07
1.971774,5.47855576e-01,4.59911374e-07,1.52602904e-07
1.972321,5.46672316e-01,4.48472099e-07,1.48437641e-07
1.972868,5.45486700e-01,4.37574338e-07,1.44331362e-07
1.973415,5.44296931e-01,4.27582520e-07,1.40490656e-07
1.973962,5.43101063e-01,4.20468582e-07,1.37736469e-07
1.974509,5.41896955e-01,4.11445112e-07,1.34122918e-07
1.975056,5.40682705e-01,4.03000414e-07,1.31097330e-07
1.975603,5.39456497e-01,3.94548139e-07,1.27973853e-07
1.976150,5.38216653e-01,3.86798592e-07,1.25300205e-07
1.976697,5.36961521e-01,3.79429175e-07,1.22651204e-07
1.977244,5.35689681e-01,3.72824655e-07,1.20265552e-07
1.977791,5.34399606e-01,3.67121869e-07,1.18331074e-07
1.978338,5.33089684e-01,3.60139382e-07,1.15967759e-07
1.978885,5.31758586e-01,3.54270089e-07,1.13948849e-07
1.979431,5.30405026e-01,3.49001206e-07,1.12231386e-07
1.979978,5.29027759e-01,3.43518258e-07,1.10503449e-07
1.980525,5.27625703e-01,3.38630825e-07,1.08977853e-07
1.981072,5.26197820e-01,3.33906536e-07,1.07656186e-07
1.981619,5.24743115e-01,3.30112470e-07,1.06343056e-07
1.982166,5.23260551e-01,3.26385182e-07,1.05280190e-07
1.982713,5.21749180e-01,3.22427943e-07,1.04061476e-07
1.983260,5.20208234e-01,3.18786739e-07,1.03150795e-07
1.983807,5.18636978e-01,3.15314654e-07,1.02233368e-07
1.984354,5.17034720e-01,3.11666384e-07,1.01415579e-07
1.984901,5.15400828e-01,3.08080735e-07,1.00581846e-07
1.985448,5.13734823e-01,3.05393735e-07,9.99208729e-08
1.985995,5.12036286e-01,3.02855594e-07,9.94406348e-08
1.986542,5.10304750e-01,2.99581986e-07,9.88426701e-08
1.987089,5.08539803e-01,2.96570692e-07,9.82240291e-08
1.987636,5.06741113e-01,2.93827285e-07,9.77153275e-08
1.988183,5.04908351e-01,2.90372361e-07,9.71842933e-08
1.988730,5.03041254e-01,2.87774492e-07,9.66722338e-08
1.989277,5.01139686e-01,2.85763945e-07,9.63327172e-08
1.989824,4.99203493e-01,2.83275189e-07,9.59848326e-08
1.990371,4.97232517e-01,2.81595805e-07,9.56160650e-08
1.990918,4.95226684e-01,2.79941948e-07,9.53687681e-08
1.991465,4.93186032e-01,2.77862300e-07,9.51194995e-08
1.992011,4.91110641e-01,2.75853118e-07,9.48856415e-08
1.992558,4.89000581e-01,2.73306546e-07,9.45899520e-08
1.993105,4.86855947e-01,2.70372368e-07,9.42577195e-08
1.993652,4.84676897e-01,2.68274616e-07,9.39749702e-08
1.994199,4.82463696e-01,2.67640432e-07,9.38743037e-08
1.994746,4.80216550e-01,2.65547596e-07,9.37583678e-08
1.995293,4.77935667e-01,2.63594726e-07,9.35114766e-08
1.995840,4.75621417e-01,2.62043061e-07,9.33868525e-08
1.996387,4.73274182e-01,2.60228148e-07,9.32679091e-08
1.996934,4.70894284e-01,2.57185299e-07,9.30359972e-08
1.997481,4.68482108e-01,2.56870244e-07,9.29169825e-08
1.998028,4.66038142e-01,2.55693095e-07,9.29620120e-08
1.998575,4.63562758e-01,2.53000056e-07,9.27959244e-08
1.999122,4.61056340e-01,2.52412602e-07,9.26928759e-08
1.999669,4.58519384e-01,2.50694395e-07,9.26830068e-08
2.000216,4.55952404e-01,2.49006923e-07,9.25958536e-08
2.000763,4.53355964e-01,2.47745166e-07,9.25778475e-08
2.001310,4.50730686e-01,2.47180625e-07,9.26303445e-08
2.001857,4.48077124e-01,2.45282874e-07,9.26634848e-08
2.002404,4.45395818e-01,2.43530524e-07,9.26139036e-08
2.002951,4.42687462e-01,2.42510446e-07,9.26766466e-08
2.003498,4.39952762e-01,2.41477190e-07,9.27965978e-08
2.004044,4.37192426e-01,2.40347674e-07,9.28980207e-08
2.004591,4.34407126e-01,2.38466685e-07,9.29837226e-08
2.005138,4.31597545e-01,2.37416991e-07,9.30715090e-08
2.005685,4.28764428e-01,2.36505515e-07,9.32583667e-08
2.006232,4.25908531e-01,2.35558849e-07,9.34439737e-08
2.006779,4.23030671e-01,2.35354849e-07,9.36914974e-08
2.007326,4.20131690e-01,2.34989798e-07,9.40169884e-08
2.007873,4.17212331e-01,2.33557814e-07,9.42599737e-08
2.008420,4.14273370e-01,2.33686666e-07,9.45266375e-08
2.008967,4.11315696e-01,2.33840045e-07,9.49649153e-08
2.009514,4.08340105e-01,2.32991411e-07,9.53353921e-08
2.010061,4.05347374e-01,2.32473435e-07,9.56616961e-08
2.010608,4.02338470e-01,2.33655549e-07,9.61426244e-08
2.011155,3.99314243e-01,2.34128974e-07,9.67893068e-08
2.011702,3.96275462e-01,2.34218166e-07,9.72339369e-08
2.012249,3.93223032e-01,2.34675533e-07,9.77902163e-08
2.012796,3.90157850e-01,2.35336642e-07,9.83842127e-08
2.013343,3.87080828e-01,2.36071465e-07,9.90118382e-08
2.013890,3.83992900e-01,2.36980563e-07,9.96767788e-08
2.014437,3.80894995e-01,2.37863584e-07,1.00377744e-07
2.014984,3.77788106e-01,2.39556203e-07,1.01122953e-07
2.015531,3.74673184e-01,2.41154691e-07,1.02013270e-07
2.016077,3.71551219e-01,2.43226630e-07,1.02821106e-07
2.016624,3.68423185e-01,2.45023525e-07,1.03806782e-07
2.017171,3.65289908e-01,2.45756392e-07,1.04606033e-07
2.017718,3.62152387e-01,2.48465662e-07,1.05471771e-07
2.018265,3.59011783e-01,2.51607501e-07,1.06680461e-07
2.018812,3.55869119e-01,2.54016381e-07,1.07798214e-07
2.019359,3.52725396e-01,2.56763566e-07,1.08815530e-07
2.019906,3.49581577e-01,2.59210278e-07,1.09988730e-07
2.020453,3.46438613e-01,2.62425703e-07,1.11053182e-07
2.021000,3.43297598e-01,2.65964993e-07,1.12378368e-07
2.021547,3.40159484e-01,2.68803360e-07,1.13622338e-07
2.022094,3.37025314e-01,2.72839428e-07,1.14816467e-07
2.022641,3.33896198e-01,2.77090408e-07,1.16350850e-07
2.023188,3.30773070e-01,2.80522279e-07,1.17653275e-07
2.023735,3.27656785e-01,2.83491530e-07,1.18955952e-07
2.024282,3.24548486e-01,2.88758773e-07,1.20271007e-07
2.024829,3.21449339e-01,2.94610684e-07,1.22200930e-07
2.025376,3.18360251e-01,2.98674083e-07,1.23604095e-07
2.025923,3.15282296e-01,3.03253830e-07,1.25092047e-07
2.026470,3.12216521e-01,3.08029335e-07,1.26678404e-07
2.027017,3.09164055e-01,3.13458418e-07,1.28237003e-07
2.027564,3.06126026e-01,3.19038053e-07,1.30017127e-07
2.028111,3.03103338e-01,3.23713496e-07,1.31549075e-07
2.028657,3.00097178e-01,3.29570094e-07,1.33110225e-07
2.029204,2.97108962e-01,3.36114617e-07,1.35081348e-07
2.029751,2.94139797e-01,3.41936011e-07,1.36833368e-07
2.030298,2.91190536e-01,3.47179409e-07,1.38370652e-07
2.030845,2.88262264e-01,3.52905051e-07,1.39958687e-07
2.031392,2.85356125e-01,3.58939837e-07,1.41728804e-07
2.031939,2.82473014e-01,3.64278315e-07,1.43291929e-07
2.032486,2.79613844e-01,3.69519843e-07,1.44785776e-07
2.033033,2.76779764e-01,3.75219231e-07,1.46361587e-07
2.033580,2.73971959e-01,3.81223135e-07,1.48057794e-07
2.034127,2.71191407e-01,3.86859202e-07,1.49603814e-07
2.034674,2.68439039e-01,3.92574853e-07,1.51073459e-07
2.035221,2.65716037e-01,3.98087368e-07,1.52592202e-07
2.035768,2.63023452e-01,4.04277474e-07,1.54195417e-07
2.036315,2.60362145e-01,4.09495701e-07,1.55510139e-07
2.036862,2.57733034e-01,4.14912980e-07,1.56893728e-07
2.037409,2.55136902e-01,4.19978895e-07,1.58152776e-07
2.037956,2.52574913e-01,4.24907639e-07,1.59369233e-07
2.038503,2.50048160e-01,4.31128945e-07,1.60892822e-07
2.039050,2.47557039e-01,4.35866581e-07,1.61944629e-07
2.039597,2.45102254e-01,4.40199256e-07,1.62818654e-07
2.040144,2.42684861e-01,4.45320893e-07,1.64089836e-07
2.040690,2.40305562e-01,4.50065364e-07,1.65102618e-07
2.041237,2.37965047e-01,4.54076871e-07,1.65936270e-07
2.041784,2.35664141e-01,4.58251346e-07,1.66859802e-07
2.042331,2.33403361e-01,4.62658699e-07,1.67673615e-07
2.042878,2.31183305e-01,4.65899018e-07,1.68261837e-07
2.043425,2.29004728e-01,4.69871664e-07,1.69059676e-07
2.043972,2.26867987e-01,4.73624077e-07,1.69637051e-07
2.044519,2.24773680e-01,4.76222992e-07,1.70010277e-07
2.045066,2.22722250e-01,4.81250614e-07,1.70733071e-07
2.045613,2.20713939e-01,4.83719052e-07,1.70937608e-07
2.046160,2.18749267e-01,4.86654246e-07,1.71369141e-07
2.046707,2.16828476e-01,4.89425075e-07,1.71599952e-07
2.047254,2.14951609e-01,4.91964721e-07,1.71693765e-07
2.047801,2.13118897e-01,4.93253781e-07,1.71670985e-07
2.048348,2.11330512e-01,4.95866913e-07,1.71781286e-07
2.048895,2.09586621e-01,4.97069176e-07,1.71623903e-07
2.049442,2.07887255e-01,4.99968829e-07,1.71686236e-07
2.049989,2.06232344e-01,5.00201866e-07,1.71310917e-07
2.050536,2.04622009e-01,5.01245341e-07,1.71120769e-07
2.051083,2.03055994e-01,5.02623630e-07,1.70771885e-07
2.051630,2.01534009e-01,5.02428195e-07,1.70161653e-07
2.052177,2.00055901e-01,5.02666004e-07,1.69683469e-07
2.052724,1.98621510e-01,5.02194713e-07,1.69090087e-07
2.053270,1.97230800e-01,5.01269170e-07,1.68502911e-07
2.053817,1.95883277e-01,5.01957651e-07,1.67614318e-07
2.054364,1.94578397e-01,5.00048617e-07,1.66486780e-07
2.054911,1.93316172e-01,4.96366448e-07,1.65297741e-07
2.055458,1.92096497e-01,4.93458545e-07,1.64065102e-07
2.056005,1.90918681e-01,4.92711042e-07,1.62810644e-07
2.056552,1.89781965e-01,4.90354512e-07,1.61504075e-07
2.057099,1.88685832e-01,4.87617553e-07,1.60161432e-07
2.057646,1.87629728e-01,4.84515788e-07,1.58781244e-07
2.058193,1.86613413e-01,4.79858101e-07,1.57341479e-07
2.058740,1.85636424e-01,4.77411714e-07,1.55895835e-07
2.059287,1.84697850e-01,4.74673060e-07,1.54424455e-07
2.059834,1.83796974e-01,4.70974752e-07,1.52917494e-07
2.060381,1.82933186e-01,4.67176030e-07,1.51387605e-07
2.060928,1.82105775e-01,4.63538721e-07,1.49840709e-07
2.061475,1.81314175e-01,4.58710896e-07,1.48255728e-07
2.062022,1.80557612e-01,4.55973068e-07,1.46685991e-07
2.062569,1.79835131e-01,4.52070974e-07,1.45087067e-07
2.063116,1.79146007e-01,4.47684840e-07,1.43475735e-07
2.063663,1.78489528e-01,4.43195806e-07,1.41853565e-07
2.064210,1.77865098e-01,4.37918407e-07,1.40211710e-07
2.064757,1.77271977e-01,4.34076646e-07,1.38586166e-07
2.065303,1.76709322e-01,4.29522016e-07,1.36944844e-07
2.065850,1.76176316e-01,4.25577185e-07,1.35312067e-07
2.066397,1.75671966e-01,4.21977091e-07,1.33690543e-07
2.066944,1.75195424e-01,4.17013023e-07,1.32053715e-07
2.067491,1.74745999e-01,4.12037888e-07,1.30425811e-07
2.068038,1.74322880e-01,4.07689989e-07,1.28815967e-07
2.068585,1.73925222e-01,4.03020400e-07,1.27211680e-07
2.069132,1.73552074e-01,3.99451807e-07,1.25638798e-07
2.069679,1.73202396e-01,3.95549234e-07,1.24076532e-07
2.070226,1.72875457e-01,3.90073008e-07,1.22504061e-07
2.070773,1.72570517e-01,3.86010285e-07,1.20975100e-07
2.071320,1.72286640e-01,3.81892699e-07,1.19464003e-07
2.071867,1.72023125e-01,3.76575317e-07,1.17950994e-07
2.072414,1.71779248e-01,3.72541541e-07,1.16485391e-07
2.072961,1.71554158e-01,3.68202931e-07,1.15034303e-07
2.073508,1.71347164e-01,3.63417194e-07,1.13599956e-07
2.074055,1.71157503e-01,3.59572882e-07,1.12208378e-07
2.074602,1.70984224e-01,3.56215762e-07,1.10853865e-07
2.075149,1.70826499e-01,3.52099130e-07,1.09509796e-07
2.075696,1.70683612e-01,3.48101170e-07,1.08201973e-07
2.076243,1.70554809e-01,3.44261217e-07,1.06925674e-07
2.076790,1.70439374e-01,3.40325984e-07,1.05677130e-07
2.077336,1.70336636e-01,3.36435516e-07,1.04461041e-07
2.077883,1.70245916e-01,3.32858226e-07,1.03277135e-07
2.078430,1.70166656e-01,3.28613268e-07,1.02112622e-07
2.078977,1.70098132e-01,3.26263956e-07,1.01010756e-07
2.079524,1.70039534e-01,3.23211565e-07,9.99231775e-08
2.080071,1.69990110e-01,3.20688163e-07,9.88848530e-08
2.080618,1.69949195e-01,3.17599275e-07,9.78565876e-08
2.081165,1.69916197e-01,3.14884309e-07,9.68763050e-08
2.081712,1.69890458e-01,3.12095874e-07,9.59239531e-08
2.082259,1.69871507e-01,3.08647844e-07,9.49964387e-08
2.082806,1.69858706e-01,3.07088779e-07,9.41239596e-08
2.083353,1.69851324e-01,3.04882247e-07,9.32718459e-08
2.083900,1.69848834e-01,3.02264467e-07,9.24520236e-08
2.084447,1.69850653e-01,3.00240389e-07,9.16714563e-08
2.084994,1.69856205e-01,2.98106212e-07,9.09202322e-08
2.085541,1.69864995e-01,2.96004783e-07,9.01999419e-08
2.086088,1.69876479e-01,2.94324415e-07,8.95163401e-08
2.086635,1.69890138e-01,2.92505215e-07,8.88604678e-08
2.087182,1.69905489e-01,2.90833794e-07,8.82366619e-08
2.087729,1.69922060e-01,2.89210793e-07,8.76421328e-08
2.088276,1.69939354e-01,2.87955668e-07,8.70795113e-08
2.088823,1.69956912e-01,2.86642970e-07,8.65441698e-08
2.089370,1.69974274e-01,2.85658834e-07,8.60373148e-08
2.089916,1.69990964e-01,2.85248513e-07,8.55545324e-08
2.090463,1.70006490e-01,2.84927652e-07,8.50952871e-08
2.091010,1.70020395e-01,2.84071407e-07,8.46620635e-08
2.091557,1.70032291e-01,2.83301400e-07,8.42483001e-08
2.092104,1.70041743e-01,2.82168973e-07,8.37174437e-08
2.092651,1.70048439e-01,2.80189131e-07,8.29776437e-08
2.093198,1.70052020e-01,2.79297260e-07,8.24232611e-08
2.093745,1.70052163e-01,2.77841164e-07,8.16387257e-08
2.094292,1.70048608e-01,2.77347603e-07,8.13043265e-08
2.094839,1.70041024e-01,2.75772004e-07,8.06446259e-08
2.095386,1.70029155e-01,2.74290865e-07,8.00327185e-08
2.095933,1.70012754e-01,2.73282081e-07,7.94930601e-08
2.096480,1.69991575e-01,2.72377223e-07,7.89691455e-08
2.097027,1.69965376e-01,2.71553404e-07,7.85037686e-08
2.097574,1.69933926e-01,2.70479940e-07,7.79831594e-08
2.098121,1.69897039e-01,2.69521038e-07,7.74989730e-08
2.098668,1.69854538e-01,2.68764552e-07,7.70892936e-08
2.099215,1.69806213e-01,2.68058804e-07,7.66573018e-08
2.099762,1.69751882e-01,2.67298931e-07,7.61832473e-08
2.100309,1.69691337e-01,2.66953698e-07,7.58212689e-08
2.100856,1.69624334e-01,2.66044908e-07,7.53118540e-08
2.101403,1.69550716e-01,2.65432744e-07,7.48493273e-08
2.101949,1.69470343e-01,2.65173439e-07,7.45399780e-08
2.102496,1.69383077e-01,2.64751429e-07,7.41569781e-08
2.103043,1.69288761e-01,2.64689328e-07,7.38541456e-08
2.103590,1.69187215e-01,2.64201134e-07,7.34306846e-08
2.104137,1.69078346e-01,2.63900501e-07,7.30689636e-08
2.104684,1.68962047e-01,2.64181388e-07,7.28650510e-08
2.105231,1.68838158e-01,2.64211699e-07,7.25243748e-08
2.105778,1.68706618e-01,2.59592996e-07,7.08183358e-08
2.106325,1.68567315e-01,2.64070753e-07,7.18992918e-08
2.106872,1.68420075e-01,2.63969129e-07,7.15728200e-08
2.107419,1.68264746e-01,2.64315421e-07,7.12652308e-08
2.107966,1.68101192e-01,2.64521133e-07,7.09132006e-08
2.108513,1.67929342e-01,2.64671433e-07,7.06898767e-08
2.109060,1.67749084e-01,2.64992335e-07,7.04086211e-08
2.109607,1.67560319e-01,2.65255395e-07,7.00831040e-08
2.110154,1.67362940e-01,2.65751443e-07,6.98537110e-08
2.110701,1.67156847e-01,2.65881197e-07,6.95048273e-08
2.111248,1.66941950e-01,2.66459033e-07,6.92631830e-08
2.111795,1.66718144e-01,2.66779334e-07,6.89380137e-08
2.112342,1.66485354e-01,2.67297796e-07,6.86713802e-08
2.112889,1.66243506e-01,2.67910210e-07,6.84242129e-08
2.113436,1.65992488e-01,2.68805329e-07,6.81544950e-08
2.113983,1.65732134e-01,2.70062386e-07,6.78680335e-08
2.114529,1.65462307e-01,2.70413128e-07,6.75462498e-08
2.115076,1.65182950e-01,2.70556558e-07,6.72089790e-08
2.115623,1.64893999e-01,2.71318893e-07,6.69453528e-08
2.116170,1.64595408e-01,2.71527595e-07,6.66361603e-08
2.116717,1.64287113e-01,2.72396623e-07,6.63899273e-08
2.117264,1.63969025e-01,2.72621010e-07,6.60109153e-08
2.117811,1.63641053e-01,2.73382179e-07,6.56760912e-08
2.118358,1.63303114e-01,2.74391383e-07,6.53436971e-08
2.118905,1.62955153e-01,2.75320252e-07,6.51669378e-08
2.119452,1.62597089e-01,2.75795091e-07,6.48132863e-08
2.119999,1.62228857e-01,2.76246226e-07,6.44376671e-08
2.120546,1.61850424e-01,2.76466053e-07,6.41028936e-08
2.121093,1.61461750e-01,2.77182442e-07,6.37807447e-08
2.121640,1.61062749e-01,2.78069566e-07,6.34367980e-08
2.122187,1.60653338e-01,2.78411645e-07,6.30601545e-08
2.122734,1.60233465e-01,2.78770051e-07,6.26507040e-08
2.123281,1.59803123e-01,2.78920581e-07,6.23025717e-08
2.123828,1.59362280e-01,2.79743298e-07,6.19687937e-08
2.124375,1.58910780e-01,2.81519998e-07,6.16016556e-08
2.124922,1.58448465e-01,2.83064521e-07,6.11944697e-08
2.125469,1.57975235e-01,2.84764250e-07,6.09815531e-08
2.126016,1.57490984e-01,2.85854083e-07,6.06265678e-08
2.126562,1.56995593e-01,2.86900457e-07,6.02187408e-08
2.127109,1.56489007e-01,2.86978747e-07,5.97598113e-08
2.127656,1.55971155e-01,2.88315968e-07,5.93985535e-08
2.128203,1.55441976e-01,2.88537268e-07,5.89182796e-08
2.128750,1.54901414e-01,2.90052410e-07,5.86457386e-08
2.129297,1.54349357e-01,2.90330153e-07,5.81492778e-08
2.129844,1.53785737e-01,2.90577647e-07,5.76468907e-08
2.130391,1.53210497e-01,2.90772104e-07,5.71491732e-08
2.130938,1.52623615e-01,2.90789637e-07,5.66710690e-08
2.131485,1.52025136e-01,2.90337890e-07,5.62491645e-08
2.132032,1.51414929e-01,2.93247862e-07,5.58916657e-08
2.132579,1.50792787e-01,2.94020802e-07,5.53877794e-08
2.133126,1.50158655e-01,2.94396500e-07,5.49725067e-08
2.133673,1.49512527e-01,2.94175061e-07,5.45003164e-08
2.134220,1.48854319e-01,2.95567673e-07,5.40759720e-08
2.134767,1.48183921e-01,2.95502165e-07,5.35335637e-08
2.135314,1.47501315e-01,2.95576374e-07,5.30871220e-08
2.135861,1.46806488e-01,2.95475985e-07,5.26161103e-08
2.136408,1.46099429e-01,2.95564123e-07,5.22052935e-08
2.136955,1.45380143e-01,2.95132463e-07,5.17423639e-08
2.137502,1.44648611e-01,2.95473642e-07,5.13273146e-08
2.138049,1.43904796e-01,2.95148348e-07,5.08495652e-08
2.138595,1.43148581e-01,2.96812307e-07,5.04627646e-08
2.139142,1.42379827e-01,2.96569248e-07,4.99644688e-08
2.139689,1.41598575e-01,2.95487309e-07,4.95441042e-08
2.140236,1.40804846e-01,2.95742496e-07,4.92173128e-08
2.140783,1.39998475e-01,2.97045194e-07,4.87927695e-08
2.141330,1.39179351e-01,2.96804226e-07,4.83436704e-08
2.141877,1.38347464e-01,2.97329567e-07,4.81771801e-08
2.142424,1.37502838e-01,2.95984135e-07,4.78140613e-08
2.142971,1.36645456e-01,2.96716425e-07,4.75641383e-08
2.143518,1.35775302e-01,2.95413500e-07,4.72164683e-08
2.144065,1.34892385e-01,2.95834501e-07,4.70446987e-08
2.144612,1.33996704e-01,2.94369195e-07,4.67635397e-08
2.145159,1.33088282e-01,2.94220577e-07,4.65937125e-08
2.145706,1.32167163e-01,2.92506307e-07,4.63802576e-08
2.146253,1.31233292e-01,2.93958350e-07,4.62963789e-08
2.146800,1.30286628e-01,2.91887906e-07,4.61139909e-08
2.147347,1.29327150e-01,2.93472749e-07,4.61475381e-08
2.147894,1.28354741e-01,2.93339470e-07,4.61269030e-08
2.148441,1.27369342e-01,2.93699526e-07,4.62200842e-08
2.148988,1.26371019e-01,2.91059696e-07,4.62386596e-08
2.149535,1.25359959e-01,2.89505930e-07,4.64320713e-08
2.150082,1.24336246e-01,2.88434646e-07,4.65852651e-08
2.150629,1.23299856e-01,2.88085683e-07,4.67669808e-08
2.151175,1.22250990e-01,2.83517149e-07,4.69556172e-08
2.151722,1.21189835e-01,2.84346801e-07,4.74147193e-08
2.152269,1.20116431e-01,2.81915066e-07,4.77317481e-08
2.152816,1.19031007e-01,2.78910793e-07,4.81222705e-08
2.153363,1.17933774e-01,2.76697036e-07,4.85591518e-08
2.153910,1.16824929e-01,2.73819908e-07,4.90193687e-08
2.154457,1.15704799e-01,2.69525908e-07,4.95455695e-08
2.155004,1.14573703e-01,2.67015001e-07,5.01459209e-08
2.155551,1.13432007e-01,2.62128834e-07,5.07377381e-08
2.156098,1.12280063e-01,2.59986160e-07,5.14351037e-08
2.156645,1.11118182e-01,2.55799893e-07,5.20942421e-08
2.157192,1.09946822e-01,2.51400421e-07,5.28522788e-08
2.157739,1.08766509e-01,2.46315219e-07,5.36104679e-08
2.158286,1.07578010e-01,2.38596722e-07,5.44026909e-08
2.158833,1.06381822e-01,2.38554465e-07,5.52981541e-08
2.159380,1.05178323e-01,2.32444849e-07,5.60641095e-08
2.159927,1.03968132e-01,2.28609087e-07,5.69540870e-08
2.160474,1.02752009e-01,2.20879237e-07,5.77698286e-08
2.161021,1.01530789e-01,2.16545946e-07,5.86974435e-08
2.161568,1.00304942e-01,2.14055487e-07,5.95271634e-08
2.162115,9.90749906e-02,2.08849554e-07,6.03300219e-08
