time_orbits,dist_km,u_p_norm,u_e_norm
0.000000,0.00000000e+00,0.00000000e+00,0.00000000e+00
0.001094,8.66462485e+02,1.16572659e-03,5.81216667e-04
0.002188,8.67069781e+02,1.15309917e-03,5.74625299e-04
0.003282,8.67829605e+02,1.14025537e-03,5.68108898e-04
0.004376,8.68725425e+02,1.12806734e-03,5.61961915e-04
0.005470,8.69742061e+02,1.11648649e-03,5.56300730e-04
0.006563,8.70865651e+02,1.10616997e-03,5.51092178e-04
0.007657,8.72083602e+02,1.09609927e-03,5.46635214e-04
0.008751,8.73384586e+02,1.08844542e-03,5.42698112e-04
0.009845,8.74758336e+02,1.08108399e-03,5.39514651e-04
0.010939,8.76195801e+02,1.07599707e-03,5.37272161e-04
0.012033,8.77688896e+02,1.07295487e-03,5.35753340e-04
0.013127,8.79230421e+02,1.07143802e-03,5.35187447e-04
0.014221,8.80814148e+02,1.07234013e-03,5.35586293e-04
0.015315,8.82434637e+02,1.07490115e-03,5.37103727e-04
0.016409,8.84087193e+02,1.08051663e-03,5.39652863e-04
0.017503,8.85767764e+02,1.08787899e-03,5.43266797e-04
0.018596,8.87473021e+02,1.09696194e-03,5.48047532e-04
0.019690,8.89200320e+02,1.10822391e-03,5.53838248e-04
0.020784,8.90947590e+02,1.12213590e-03,5.60812495e-04
0.021878,8.92713196e+02,1.13800168e-03,5.68759706e-04
0.022972,8.94495989e+02,1.15601701e-03,5.77675142e-04
0.024066,8.96295257e+02,1.17579473e-03,5.87466162e-04
0.025160,8.98110727e+02,1.19703870e-03,5.98108290e-04
0.026254,8.99942542e+02,1.21989997e-03,6.09426928e-04
0.027348,9.01791215e+02,1.24409021e-03,6.21329377e-04
0.028442,9.03657638e+02,1.26892434e-03,6.33768172e-04
0.029536,9.05543093e+02,1.29465056e-03,6.46588866e-04
0.030630,9.07449182e+02,1.32099953e-03,6.59734664e-04
0.031723,9.09377805e+02,1.34814671e-03,6.73307531e-04
0.032817,9.11331096e+02,1.37592439e-03,6.86953271e-04
0.033911,9.13311416e+02,1.40382180e-03,7.00816364e-04
0.035005,9.15321344e+02,1.43178168e-03,7.14680059e-04
0.036099,9.17363629e+02,1.45991389e-03,7.28452643e-04
0.037193,9.19441150e+02,1.48760088e-03,7.42135973e-04
0.038287,9.21556912e+02,1.51530645e-03,7.55712208e-04
0.039381,9.23714011e+02,1.54250055e-03,7.69179987e-04
0.040475,9.25915636e+02,1.56949481e-03,7.82402431e-04
0.041569,9.28164959e+02,1.59575175e-03,7.95423417e-04
0.042663,9.30465204e+02,1.62172113e-03,8.08103006e-04
0.043756,9.32819411e+02,1.64710480e-03,8.20420289e-04
0.044850,9.35230536e+02,1.67138036e-03,8.32440714e-04
0.045944,9.37701596e+02,1.69551814e-03,8.44025088e-04
0.047038,9.40235380e+02,1.71812830e-03,8.55245516e-04
0.048132,9.42834736e+02,1.74001019e-03,8.66010022e-04
0.049226,9.45502079e+02,1.76248214e-03,8.76240338e-04
0.050320,9.48239473e+02,1.78270548e-03,8.86014334e-04
0.051414,9.51048924e+02,1.80272471e-03,8.95253112e-04
0.052508,9.53932101e+02,1.82050432e-03,9.03983535e-04
0.053602,9.56890559e+02,1.83922596e-03,9.12136721e-04
0.054696,9.59925465e+02,1.85428320e-03,9.19758223e-04
0.055789,9.63038456e+02,1.86899808e-03,9.26850455e-04
0.056883,9.66230672e+02,1.88261146e-03,9.33384428e-04
0.057977,9.69502509e+02,1.89590751e-03,9.39317461e-04
0.059071,9.72853936e+02,1.90904156e-03,9.44643643e-04
0.060165,9.76284960e+02,1.91751602e-03,9.49359988e-04
0.061259,9.79795599e+02,1.92869812e-03,9.53523603e-04
0.062353,9.83385098e+02,1.93685880e-03,9.57070699e-04
0.063447,9.87052150e+02,1.94641246e-03,9.60021403e-04
0.064541,9.90795231e+02,1.95196598e-03,9.62316775e-04
0.065635,9.94613356e+02,1.95616152e-03,9.64034515e-04
0.066729,9.98504572e+02,1.95966547e-03,9.65128678e-04
0.067822,1.00246783e+03,1.95814596e-03,9.65640145e-04
0.068916,1.00650229e+03,1.95806805e-03,9.65675134e-04
0.070010,1.01060578e+03,1.96008588e-03,9.65197830e-04
0.071104,1.01477500e+03,1.96169133e-03,9.64142391e-04
0.072198,1.01900689e+03,1.95932337e-03,9.62459855e-04
0.073292,1.02329927e+03,1.95100619e-03,9.60170183e-04
0.074386,1.02765027e+03,1.94531003e-03,9.57489772e-04
0.075480,1.03205753e+03,1.93880357e-03,9.54351494e-04
0.076574,1.03651812e+03,1.93244045e-03,9.50751612e-04
0.077668,1.04102905e+03,1.92184048e-03,9.46605362e-04
0.078762,1.04558731e+03,1.91557444e-03,9.42158731e-04
0.079855,1.05018912e+03,1.90631074e-03,9.37203374e-04
0.080949,1.05483057e+03,1.89783518e-03,9.31847976e-04
0.082043,1.05950789e+03,1.88371071e-03,9.25942780e-04
0.083137,1.06421766e+03,1.87300486e-03,9.19766248e-04
0.084231,1.06895652e+03,1.85817700e-03,9.13158264e-04
0.085325,1.07372097e+03,1.84551987e-03,9.06268338e-04
0.086419,1.07850724e+03,1.82981749e-03,8.98965480e-04
0.087513,1.08331143e+03,1.81512076e-03,8.91373152e-04
0.088607,1.08813025e+03,1.79462045e-03,8.83372017e-04
0.089701,1.09296038e+03,1.78219175e-03,8.75317560e-04
0.090795,1.09779730e+03,1.76513162e-03,8.66846350e-04
0.091889,1.10263690e+03,1.74901121e-03,8.58129510e-04
0.092982,1.10747509e+03,1.72880070e-03,8.49054205e-04
0.094076,1.11230860e+03,1.70628962e-03,8.39737334e-04
0.095170,1.11713458e+03,1.68938924e-03,8.30407594e-04
0.096264,1.12194865e+03,1.66882236e-03,8.20735463e-04
0.097358,1.12674737e+03,1.64824436e-03,8.10921245e-04
0.098452,1.13152723e+03,1.62878732e-03,8.00960173e-04
0.099546,1.13628436e+03,1.60717497e-03,7.90779873e-04
0.100640,1.14101539e+03,1.58519609e-03,7.80455848e-04
0.101734,1.14571662e+03,1.56317990e-03,7.69987563e-04
0.102828,1.15038462e+03,1.54487876e-03,7.59497276e-04
0.103922,1.15501567e+03,1.51888061e-03,7.48696291e-04
0.105015,1.15960712e+03,1.49480928e-03,7.37881077e-04
0.106109,1.16415615e+03,1.47031917e-03,7.26990871e-04
0.107203,1.16865948e+03,1.45220289e-03,7.16162484e-04
0.108297,1.17311315e+03,1.42949677e-03,7.05126117e-04
0.109391,1.17751376e+03,1.40859673e-03,6.94056877e-04
0.110485,1.18185785e+03,1.38317390e-03,6.82810496e-04
0.111579,1.18614260e+03,1.36318609e-03,6.71654858e-04
0.112673,1.19036430e+03,1.33914719e-03,6.60334334e-04
0.113767,1.19452000e+03,1.31644545e-03,6.49018926e-04
0.114861,1.19860682e+03,1.29328248e-03,6.37670641e-04
0.115955,1.20262202e+03,1.26378781e-03,6.26351849e-04
0.117048,1.20656305e+03,1.23922608e-03,6.15032979e-04
0.118142,1.21042737e+03,1.21518429e-03,6.03727750e-04
0.119236,1.21421262e+03,1.19216269e-03,5.92454579e-04
0.120330,1.21791579e+03,1.17126568e-03,5.81203603e-04
0.121424,1.22153399e+03,1.14747039e-03,5.69911679e-04
0.122518,1.22506461e+03,1.12499911e-03,5.58650040e-04
0.123612,1.22850518e+03,1.10159823e-03,5.47401336e-04
0.124706,1.23185342e+03,1.07876761e-03,5.36189446e-04
0.125800,1.23510675e+03,1.05765888e-03,5.25033828e-04
0.126894,1.23826250e+03,1.03533079e-03,5.13869578e-04
0.127988,1.24131819e+03,1.01541161e-03,5.02786892e-04
0.129081,1.24427127e+03,9.92935288e-04,4.91686358e-04
0.130175,1.24711968e+03,9.69270282e-04,4.80621462e-04
0.131269,1.24986161e+03,9.47229720e-04,4.69645537e-04
0.132363,1.25249501e+03,9.24924072e-04,4.58717782e-04
0.133457,1.25501795e+03,9.02274640e-04,4.47852590e-04
0.134551,1.25742863e+03,8.80155793e-04,4.37067732e-04
0.135645,1.25972523e+03,8.59046696e-04,4.26359316e-04
0.136739,1.26190598e+03,8.36259223e-04,4.15708426e-04
0.137833,1.26396932e+03,8.15149405e-04,4.05158880e-04
0.138927,1.26591338e+03,7.95074310e-04,3.94697798e-04
0.140021,1.26773655e+03,7.73023047e-04,3.84297261e-04
0.141114,1.26943739e+03,7.52139228e-04,3.74001400e-04
0.142208,1.27101438e+03,7.30875293e-04,3.63780315e-04
0.143302,1.27246615e+03,7.10026487e-04,3.53666274e-04
0.144396,1.27379127e+03,6.90483370e-04,3.43663123e-04
0.145490,1.27498829e+03,6.70422028e-04,3.33750588e-04
0.146584,1.27605588e+03,6.50830865e-04,3.23942318e-04
0.147678,1.27699269e+03,6.32081114e-04,3.14248032e-04
0.148772,1.27779739e+03,6.12813075e-04,3.04636219e-04
0.149866,1.27846887e+03,5.92829024e-04,2.95133460e-04
0.150960,1.27900605e+03,5.74572975e-04,2.85761419e-04
0.152054,1.27940780e+03,5.56105280e-04,2.76503872e-04
0.153148,1.27967321e+03,5.36638454e-04,2.67345355e-04
0.154241,1.27980141e+03,5.18231304e-04,2.58319847e-04
0.155335,1.27979149e+03,4.99606209e-04,2.49413221e-04
0.156429,1.27964266e+03,4.82641585e-04,2.40656001e-04
0.157523,1.27935406e+03,4.65378796e-04,2.32018909e-04
0.158617,1.27892491e+03,4.48591769e-04,2.23507191e-04
0.159711,1.27835451e+03,4.30956602e-04,2.15113499e-04
0.160805,1.27764224e+03,4.14794617e-04,2.06871575e-04
0.161899,1.27678743e+03,3.98671114e-04,1.98764617e-04
0.162993,1.27578952e+03,3.83041189e-04,1.90799662e-04
0.164087,1.27464795e+03,3.67811873e-04,1.82980317e-04
0.165181,1.27336225e+03,3.52660969e-04,1.75302893e-04
0.166274,1.27193208e+03,3.37540648e-04,1.67769327e-04
0.167368,1.27035718e+03,3.22325542e-04,1.60372787e-04
0.168462,1.26863731e+03,3.07493595e-04,1.53139121e-04
0.169556,1.26677234e+03,2.93146556e-04,1.46068094e-04
0.170650,1.26476215e+03,2.79188424e-04,1.39162921e-04
0.171744,1.26260675e+03,2.65847245e-04,1.32429528e-04
0.172838,1.26030615e+03,2.52629283e-04,1.25864038e-04
0.173932,1.25786044e+03,2.39792086e-04,1.19479955e-04
0.175026,1.25526974e+03,2.27764729e-04,1.13293457e-04
0.176120,1.25253427e+03,2.15106659e-04,1.07283121e-04
0.177214,1.24965430e+03,2.04281661e-04,1.01509190e-04
0.178307,1.24663025e+03,1.92550900e-04,9.59239015e-05
0.179401,1.24346256e+03,1.82372474e-04,9.06026767e-05
0.180495,1.24015179e+03,1.71970963e-04,8.55162011e-05
0.181589,1.23669853e+03,1.62398491e-04,8.07128939e-05
0.182683,1.23310350e+03,1.52899143e-04,7.62034831e-05
0.183777,1.22936746e+03,1.44365648e-04,7.20271701e-05
0.184871,1.22549132e+03,1.36917060e-04,6.82141948e-05
0.185965,1.22147605e+03,1.29981266e-04,6.48050903e-05
0.187059,1.21732271e+03,1.24511490e-04,6.18297633e-05
0.188153,1.21303251e+03,1.19472391e-04,5.93220515e-05
0.189247,1.20860668e+03,1.16107476e-04,5.73279124e-05
0.190340,1.20404655e+03,1.13252831e-04,5.58771030e-05
0.191434,1.19935356e+03,1.11534591e-04,5.49850421e-05
0.192528,1.19452927e+03,1.10964417e-04,5.46621921e-05
0.193622,1.18957535e+03,1.11820559e-04,5.48854639e-05
0.194716,1.18449355e+03,1.13047648e-04,5.56443898e-05
0.195810,1.17928573e+03,1.15598139e-04,5.68897726e-05
0.196904,1.17395384e+03,1.19119747e-04,5.85795603e-05
0.197998,1.16849997e+03,1.23378116e-04,6.06468792e-05
0.199092,1.16292632e+03,1.28051826e-04,6.30714202e-05
0.200186,1.15723516e+03,1.33456525e-04,6.57726464e-05
0.201280,1.15142891e+03,1.39159904e-04,6.87128348e-05
0.202373,1.14551008e+03,1.45572599e-04,7.18697918e-05
0.203467,1.13948129e+03,1.52217205e-04,7.51932668e-05
0.204561,1.13334529e+03,1.59071077e-04,7.86425039e-05
0.205655,1.12710502e+03,1.65834372e-04,8.22132498e-05
0.206749,1.12076351e+03,1.72554346e-04,8.58841133e-05
0.207843,1.11432385e+03,1.79880095e-04,8.96394369e-05
0.208937,1.10778917e+03,1.87792949e-04,9.34537111e-05
0.210031,1.10116281e+03,1.95621541e-04,9.72960539e-05
0.211125,1.09444828e+03,2.02980491e-04,1.01159017e-04
0.212219,1.08764910e+03,2.10834069e-04,1.05062708e-04
0.213313,1.08076899e+03,2.18722577e-04,1.08985846e-04
0.214407,1.07381170e+03,2.26341902e-04,1.12904541e-04
0.215500,1.06678116e+03,2.34291048e-04,1.16841034e-04
0.216594,1.05968143e+03,2.42371842e-04,1.20787161e-04
0.217688,1.05251662e+03,2.50401809e-04,1.24727632e-04
0.218782,1.04529101e+03,2.58354250e-04,1.28656670e-04
0.219876,1.03800901e+03,2.66230615e-04,1.32572488e-04
0.220970,1.03067510e+03,2.73963137e-04,1.36464261e-04
0.222064,1.02329386e+03,2.81903945e-04,1.40361010e-04
0.223158,1.01587003e+03,2.89629988e-04,1.44227514e-04
0.224252,1.00840840e+03,2.97062601e-04,1.48056442e-04
0.225346,1.00091387e+03,3.04603368e-04,1.51877921e-04
0.226440,9.93391498e+02,3.12120432e-04,1.55675594e-04
0.227533,9.85846316e+02,3.19848829e-04,1.59462541e-04
0.228627,9.78283412e+02,3.27478765e-04,1.63222901e-04
0.229721,9.70707990e+02,3.34920468e-04,1.66954088e-04
0.230815,9.63125369e+02,3.42130065e-04,1.70654848e-04
0.231909,9.55540988e+02,3.49518642e-04,1.74355113e-04
0.233003,9.47960417e+02,3.57046922e-04,1.78044961e-04
0.234097,9.40389285e+02,3.64548039e-04,1.81713169e-04
0.235191,9.32833295e+02,3.71678225e-04,1.85344194e-04
0.236285,9.25298065e+02,3.79238318e-04,1.88957338e-04
0.237379,9.17789249e+02,3.85946391e-04,1.92561124e-04
0.238473,9.10312895e+02,3.92960999e-04,1.96126283e-04
0.239566,9.02874739e+02,4.00305136e-04,1.99690794e-04
0.240660,8.95480610e+02,4.07031299e-04,2.03262998e-04
0.241754,8.88136634e+02,4.13775465e-04,2.06826578e-04
0.242848,8.80848784e+02,4.20840603e-04,2.10368516e-04
0.243942,8.73622917e+02,4.28251412e-04,2.13939519e-04
0.245036,8.66464970e+02,4.35232642e-04,2.17478235e-04
0.246130,8.59380956e+02,4.41522491e-04,2.21039968e-04
0.247224,8.52376812e+02,4.49014975e-04,2.24593963e-04
0.248318,8.45458299e+02,4.56626279e-04,2.28152114e-04
0.249412,8.38630822e+02,4.64433500e-04,2.31697426e-04
0.250506,8.31899823e+02,4.71478761e-04,2.35259671e-04
0.251599,8.25270959e+02,4.78984057e-04,2.38824602e-04
0.252693,8.18749741e+02,4.85967189e-04,2.42413354e-04
0.253787,8.12341521e+02,4.94517694e-04,2.45971936e-04
0.254881,8.06050905e+02,5.01389123e-04,2.49573682e-04
0.255975,7.99883360e+02,5.07605524e-04,2.53214886e-04
0.257069,7.93844350e+02,5.14394393e-04,2.56834782e-04
0.258163,7.87939032e+02,5.21833788e-04,2.60488845e-04
0.259257,7.82171918e+02,5.29372627e-04,2.64132321e-04
0.260351,7.76547293e+02,5.37521176e-04,2.67765567e-04
0.261445,7.71069130e+02,5.44977395e-04,2.71420787e-04
0.262539,7.65741449e+02,5.52090376e-04,2.75083532e-04
0.263632,7.60567617e+02,5.62076992e-04,2.78630597e-04
0.264726,7.55550471e+02,5.67629308e-04,2.82278841e-04
0.265820,7.50693664e+02,5.76031888e-04,2.85852763e-04
0.266914,7.45999726e+02,5.83073419e-04,2.89398635e-04
0.268008,7.41471485e+02,5.90633095e-04,2.92927238e-04
0.269102,7.37111159e+02,5.98096587e-04,2.96392943e-04
0.270196,7.32920529e+02,6.05302262e-04,2.99775783e-04
0.271290,7.28900889e+02,6.13796365e-04,3.03063604e-04
0.272384,7.25053145e+02,6.20915818e-04,3.06273424e-04
0.273478,7.21378159e+02,6.27293308e-04,3.09405812e-04
0.274572,7.17876347e+02,6.35047283e-04,3.12386935e-04
0.275666,7.14547818e+02,6.38892585e-04,3.15310941e-04
0.276759,7.11393275e+02,6.44283049e-04,3.18101740e-04
0.277853,7.08412100e+02,6.51957067e-04,3.20661695e-04
0.278947,7.05602880e+02,6.58518818e-04,3.23057610e-04
0.280041,7.02964689e+02,6.59319845e-04,3.25397161e-04
0.281135,7.00496771e+02,6.64629498e-04,3.27452691e-04
0.282229,6.98197175e+02,6.70235472e-04,3.29283386e-04
0.283323,6.96063192e+02,6.75108044e-04,3.30866853e-04
0.284417,6.94092065e+02,6.78817189e-04,3.32223544e-04
0.285511,6.92281137e+02,6.80858212e-04,3.33374454e-04
0.286605,6.90627257e+02,6.82416696e-04,3.34229066e-04
0.287699,6.89127274e+02,6.83620784e-04,3.34801618e-04
0.288792,6.87778324e+02,6.81573101e-04,3.35182511e-04
0.289886,6.86577442e+02,6.81015701e-04,3.35285209e-04
0.290980,6.85520365e+02,6.82638571e-04,3.35017287e-04
0.292074,6.84602734e+02,6.79375384e-04,3.34486016e-04
0.293168,6.83820149e+02,6.81277548e-04,3.33560782e-04
0.294262,6.83166814e+02,6.81199059e-04,3.32273672e-04
0.295356,6.82637476e+02,6.78508708e-04,3.30690430e-04
0.296450,6.82227094e+02,6.73341478e-04,3.28805747e-04
0.297544,6.81931277e+02,6.67997571e-04,3.26613350e-04
0.298638,6.81745356e+02,6.61770242e-04,3.24137382e-04
0.299732,6.81664329e+02,6.54687385e-04,3.21319184e-04
0.300825,6.81683168e+02,6.50636922e-04,3.18170528e-04
0.301919,6.81795771e+02,6.43626429e-04,3.14706747e-04
0.303013,6.81996368e+02,6.37873582e-04,3.10939525e-04
0.304107,6.82279550e+02,6.25920945e-04,3.06883344e-04
0.305201,6.82640519e+02,6.17195612e-04,3.02572571e-04
0.306295,6.83074003e+02,6.07625054e-04,2.97967225e-04
0.307389,6.83574962e+02,5.95903307e-04,2.93112214e-04
0.308483,6.84137968e+02,5.87870086e-04,2.87990870e-04
0.309577,6.84757174e+02,5.76286435e-04,2.82603158e-04
0.310671,6.85427563e+02,5.63083922e-04,2.77007256e-04
0.311765,6.86143668e+02,5.53333050e-04,2.71202930e-04
0.312858,6.86899668e+02,5.41847564e-04,2.65152410e-04
0.313952,6.87690192e+02,5.28728359e-04,2.58906125e-04
0.315046,6.88510190e+02,5.16436559e-04,2.52507051e-04
0.316140,6.89354638e+02,5.01273506e-04,2.45921987e-04
0.317234,6.90218917e+02,4.88154032e-04,2.39231418e-04
0.318328,6.91098090e+02,4.74684449e-04,2.32417043e-04
0.319422,6.91987083e+02,4.61741698e-04,2.25484840e-04
0.320516,6.92881118e+02,4.45804435e-04,2.18444710e-04
0.321610,6.93776078e+02,4.29887949e-04,2.11339867e-04
0.322704,6.94667607e+02,4.16439696e-04,2.04203084e-04
0.323798,6.95551136e+02,4.02430268e-04,1.97035707e-04
0.324891,6.96422382e+02,3.88083748e-04,1.89841436e-04
0.325985,6.97277125e+02,3.72484261e-04,1.82613927e-04
0.327079,6.98111383e+02,3.57982598e-04,1.75427078e-04
0.328173,6.98921158e+02,3.43684212e-04,1.68277560e-04
0.329267,6.99702538e+02,3.28763983e-04,1.61155592e-04
0.330361,7.00451736e+02,3.15505836e-04,1.54148050e-04
0.331455,7.01165045e+02,3.00282010e-04,1.47170356e-04
0.332549,7.01839090e+02,2.86555433e-04,1.40342977e-04
0.333643,7.02470420e+02,2.72371956e-04,1.33621436e-04
0.334737,7.03055800e+02,2.58450814e-04,1.27048487e-04
0.335831,7.03592160e+02,2.45367101e-04,1.20666259e-04
0.336925,7.04076305e+02,2.32830868e-04,1.14479635e-04
0.338018,7.04505273e+02,2.19764768e-04,1.08471755e-04
0.339112,7.04876203e+02,2.08710238e-04,1.02757923e-04
0.340206,7.05186085e+02,1.97417343e-04,9.72769267e-05
0.341300,7.05432173e+02,1.87395328e-04,9.21090739e-05
0.342394,7.05611689e+02,1.77612359e-04,8.72427580e-05
0.343488,7.05721986e+02,1.68026766e-04,8.26994564e-05
0.344582,7.05760581e+02,1.59787019e-04,7.85484049e-05
0.345676,7.05725071e+02,1.52018500e-04,7.47858386e-05
0.346770,7.05613107e+02,1.45194309e-04,7.14621381e-05
0.347864,7.05422520e+02,1.38751820e-04,6.85716595e-05
0.348958,7.05151330e+02,1.33463792e-04,6.61640736e-05
0.350051,7.04797573e+02,1.29898522e-04,6.42545847e-05
0.351145,7.04359335e+02,1.26982558e-04,6.28313689e-05
0.352239,7.03834843e+02,1.25231941e-04,6.18955035e-05
0.353333,7.03222474e+02,1.24350174e-04,6.14334981e-05
0.354427,7.02520725e+02,1.24381231e-04,6.14183922e-05
0.355521,7.01728142e+02,1.25094417e-04,6.18359000e-05
0.356615,7.00843475e+02,1.26484049e-04,6.26366630e-05
0.357709,6.99865619e+02,1.28913442e-04,6.38104200e-05
0.358803,6.98793672e+02,1.32119825e-04,6.52832148e-05
0.359897,6.97626857e+02,1.35549069e-04,6.70475009e-05
0.360991,6.96364553e+02,1.39572517e-04,6.90639751e-05
0.362084,6.95006309e+02,1.44190670e-04,7.13155321e-05
0.363178,6.93551874e+02,1.49201287e-04,7.37601015e-05
0.364272,6.92001182e+02,1.54567423e-04,7.63870134e-05
0.365366,6.90354361e+02,1.60303479e-04,7.91883690e-05
0.366460,6.88611724e+02,1.66487864e-04,8.21575112e-05
0.367554,6.86773804e+02,1.72658438e-04,8.52608176e-05
0.368648,6.84841280e+02,1.79065360e-04,8.84973806e-05
0.369742,6.82815037e+02,1.86110171e-04,9.19121173e-05
0.370836,6.80696177e+02,1.93189131e-04,9.54214672e-05
0.371930,6.78486019e+02,2.00487072e-04,9.90646140e-05
0.373024,6.76186122e+02,2.08315810e-04,1.02868621e-04
0.374117,6.73798261e+02,2.15762102e-04,1.06774188e-04
0.375211,6.71324427e+02,2.23853765e-04,1.10813212e-04
0.376305,6.68766786e+02,2.32210822e-04,1.14982102e-04
0.377399,6.66127731e+02,2.40924260e-04,1.19292009e-04
0.378493,6.63409866e+02,2.49783058e-04,1.23728575e-04
0.379587,6.60616079e+02,2.59140432e-04,1.28337934e-04
0.380681,6.57749464e+02,2.68752961e-04,1.33069113e-04
0.381775,6.54813314e+02,2.78387862e-04,1.37932980e-04
0.382869,6.51811148e+02,2.88535934e-04,1.42949221e-04
0.383963,6.48746699e+02,2.98751546e-04,1.48082486e-04
0.385057,6.45623941e+02,3.09497071e-04,1.53389797e-04
0.386150,6.42446997e+02,3.20205022e-04,1.58811334e-04
0.387244,6.39220218e+02,3.31616032e-04,1.64442103e-04
0.388338,6.35948163e+02,3.43345663e-04,1.70198566e-04
0.389432,6.32635542e+02,3.55363611e-04,1.76148680e-04
0.390526,6.29287335e+02,3.67631909e-04,1.82245805e-04
0.391620,6.25908759e+02,3.79881696e-04,1.88523103e-04
0.392714,6.22505310e+02,3.92755909e-04,1.94988320e-04
0.393808,6.19082612e+02,4.06104707e-04,2.01625124e-04
0.394902,6.15646408e+02,4.19509135e-04,2.08483999e-04
0.395996,6.12202675e+02,4.33743099e-04,2.15468700e-04
0.397090,6.08757408e+02,4.48098349e-04,2.22708315e-04
0.398184,6.05316858e+02,4.62771065e-04,2.30114994e-04
0.399277,6.01887288e+02,4.78471992e-04,2.37774974e-04
0.400371,5.98475025e+02,4.94754524e-04,2.45646267e-04
0.401465,5.95086629e+02,5.10588547e-04,2.53779520e-04
0.402559,5.91728912e+02,5.27513301e-04,2.62068945e-04
0.403653,5.88408420e+02,5.44525871e-04,2.70706199e-04
0.404747,5.85132143e+02,5.61668642e-04,2.79568232e-04
0.405841,5.81906858e+02,5.81119158e-04,2.88601065e-04
0.406935,5.78738895e+02,6.00516183e-04,2.97910670e-04
0.408029,5.75634817e+02,6.19744561e-04,3.07439183e-04
0.409123,5.72601257e+02,6.38579856e-04,3.17252118e-04
0.410217,5.69645007e+02,6.58617587e-04,3.27321912e-04
0.411310,5.66772638e+02,6.80095224e-04,3.37621055e-04
0.412404,5.63990270e+02,7.01640543e-04,3.48147776e-04
0.413498,5.61303917e+02,7.24403745e-04,3.58884154e-04
0.414592,5.58719436e+02,7.46019076e-04,3.69900394e-04
0.415686,5.56242387e+02,7.70050276e-04,3.81037596e-04
0.416780,5.53877844e+02,7.91839121e-04,3.92403810e-04
0.417874,5.51630617e+02,8.18445342e-04,4.03949389e-04
0.418968,5.49505101e+02,8.40074829e-04,4.15592085e-04
0.420062,5.47506050e+02,8.63863192e-04,4.27377610e-04
0.421156,5.45636984e+02,8.91123897e-04,4.39273975e-04
0.422250,5.43899428e+02,9.22650018e-04,4.51057959e-04
0.423343,5.42294951e+02,9.47146116e-04,4.62837645e-04
0.424437,5.40826198e+02,9.72971596e-04,4.74617555e-04
0.425531,5.39494927e+02,9.97325913e-04,4.86287262e-04
0.426625,5.38302662e+02,1.02203057e-03,4.97853075e-04
0.427719,5.37249463e+02,1.04986239e-03,5.09227852e-04
0.428813,5.36334634e+02,1.07374329e-03,5.20269337e-04
0.429907,5.35555256e+02,1.10542158e-03,5.30830575e-04
0.431001,5.34908441e+02,1.13243289e-03,5.41048417e-04
0.432095,5.34391461e+02,1.16055959e-03,5.50831094e-04
0.433189,5.34000219e+02,1.17796137e-03,5.59808736e-04
0.434283,5.33733211e+02,1.18873188e-03,5.68212789e-04
0.435376,5.33589636e+02,1.20894625e-03,5.76374494e-04
0.436470,5.33564659e+02,1.22857262e-03,5.83688819e-04
0.437564,5.33654250e+02,1.24108949e-03,5.90197528e-04
0.438658,5.33854786e+02,1.25490657e-03,5.96058032e-04
0.439752,5.34161138e+02,1.26528685e-03,6.00976436e-04
0.440846,5.34567996e+02,1.27367387e-03,6.05028885e-04
0.441940,5.35069184e+02,1.28765696e-03,6.08245800e-04
0.443034,5.35656244e+02,1.29074397e-03,6.10073446e-04
0.444128,5.36324322e+02,1.29747473e-03,6.11162554e-04
0.445222,5.37067251e+02,1.28711870e-03,6.10822777e-04
0.446316,5.37879520e+02,1.28703749e-03,6.09705870e-04
0.447409,5.38754174e+02,1.28223541e-03,6.07452191e-04
0.448503,5.39682971e+02,1.27868540e-03,6.04028308e-04
0.449597,5.40657299e+02,1.26674853e-03,5.99190362e-04
0.450691,5.41670363e+02,1.25635666e-03,5.93342729e-04
0.451785,5.42714862e+02,1.23224334e-03,5.85994187e-04
0.452879,5.43784220e+02,1.21090613e-03,5.77639268e-04
0.453973,5.44870405e+02,1.19711066e-03,5.68272929e-04
0.455067,5.45964431e+02,1.17206231e-03,5.57457789e-04
0.456161,5.47058289e+02,1.14545570e-03,5.45452425e-04
0.457255,5.48143863e+02,1.12172331e-03,5.32428333e-04
0.458349,5.49211965e+02,1.09547533e-03,5.18186384e-04
0.459443,5.50253605e+02,1.05813484e-03,5.02631615e-04
0.460536,5.51261736e+02,1.02221439e-03,4.86143040e-04
0.461630,5.52228710e+02,9.86788495e-04,4.68704637e-04
0.462724,5.53146069e+02,9.47846243e-04,4.50248176e-04
0.463818,5.54005587e+02,9.07323353e-04,4.30937160e-04
0.464912,5.54799369e+02,8.65589692e-04,4.10814824e-04
0.466006,5.55519568e+02,8.19931191e-04,3.89978849e-04
0.467100,5.56158882e+02,7.78414709e-04,3.68679114e-04
0.468194,5.56709428e+02,7.30854413e-04,3.46765631e-04
0.469288,5.57164159e+02,6.85442992e-04,3.24594405e-04
0.470382,5.57515757e+02,6.38189975e-04,3.02157681e-04
0.471476,5.57757530e+02,5.87582156e-04,2.79633687e-04
0.472569,5.57883263e+02,5.43077289e-04,2.57356094e-04
0.473663,5.57885653e+02,4.95956588e-04,2.35275406e-04
0.474757,5.57758141e+02,4.51158404e-04,2.13676785e-04
0.475851,5.57493955e+02,4.08977593e-04,1.92741830e-04
0.476945,5.57086368e+02,3.66258693e-04,1.72558006e-04
0.478039,5.56529167e+02,3.26042521e-04,1.53359762e-04
0.479133,5.55815897e+02,2.87832790e-04,1.35253447e-04
0.480227,5.54940174e+02,2.53226577e-04,1.18438717e-04
0.481321,5.53895753e+02,2.20742523e-04,1.02971117e-04
0.482415,5.52676652e+02,1.91319994e-04,8.89398898e-05
0.483509,5.51276955e+02,1.64488149e-04,7.63988689e-05
0.484602,5.49691065e+02,1.40036646e-04,6.53444793e-05
0.485696,5.47913750e+02,1.19999380e-04,5.58619121e-05
0.486790,5.45940023e+02,1.02391628e-04,4.78680354e-05
0.487884,5.43765318e+02,8.83359513e-05,4.13787640e-05
0.488978,5.41385551e+02,7.69370175e-05,3.63384441e-05
0.490072,5.38797248e+02,6.84648546e-05,3.27020257e-05
0.491166,5.35997633e+02,6.26017467e-05,3.03730905e-05
0.492260,5.32984717e+02,5.95956962e-05,2.92252211e-05
0.493354,5.29757388e+02,5.85772406e-05,2.90962831e-05
0.494448,5.26315452e+02,5.96117443e-05,2.98289600e-05
0.495542,5.22659688e+02,6.25508947e-05,3.12810342e-05
0.496635,5.18791888e+02,6.64896451e-05,3.33517007e-05
0.497729,5.14714879e+02,7.18288732e-05,3.59745173e-05
0.498823,5.10432557e+02,7.83412720e-05,3.91021748e-05
0.499917,5.05949900e+02,8.59480992e-05,4.26968111e-05
0.501011,5.01272964e+02,9.42561429e-05,4.67259380e-05
0.502105,4.96408860e+02,1.03618188e-04,5.11970270e-05
0.503199,4.91365725e+02,1.13490037e-04,5.60436022e-05
0.504293,4.86152701e+02,1.24325307e-04,6.12805533e-05
0.505387,4.80779915e+02,1.35957198e-04,6.68881131e-05
0.506481,4.75258438e+02,1.48251560e-04,7.28573797e-05
0.507575,4.69600236e+02,1.61619450e-04,7.92447517e-05
0.508668,4.63818193e+02,1.75599351e-04,8.59936048e-05
0.509762,4.57926014e+02,1.90427804e-04,9.31580455e-05
0.510856,4.51938163e+02,2.06345292e-04,1.00779142e-04
0.511950,4.45869711e+02,2.23063281e-04,1.08770896e-04
0.513044,4.39736362e+02,2.40564842e-04,1.17235171e-04
0.514138,4.33554651e+02,2.59003598e-04,1.26193028e-04
0.515232,4.27341720e+02,2.78283764e-04,1.35554633e-04
0.516326,4.21115053e+02,2.98618729e-04,1.45290034e-04
0.517420,4.14892524e+02,3.19752988e-04,1.55525584e-04
0.518514,4.08692515e+02,3.41571380e-04,1.66178297e-04
0.519608,4.02533663e+02,3.64618789e-04,1.77134219e-04
0.520702,3.96434716e+02,3.87611420e-04,1.88485420e-04
0.521795,3.90414710e+02,4.11838650e-04,2.00121444e-04
0.522889,3.84492958e+02,4.35681347e-04,2.12115901e-04
0.523983,3.78688572e+02,4.60311972e-04,2.24424892e-04
0.525077,3.73020269e+02,4.86269656e-04,2.36887095e-04
0.526171,3.67506394e+02,5.12742526e-04,2.49537483e-04
0.527265,3.62164842e+02,5.38910162e-04,2.62354231e-04
0.528359,3.57012658e+02,5.66708723e-04,2.75187870e-04
0.529453,3.52065522e+02,5.92666091e-04,2.88062677e-04
0.530547,3.47338521e+02,6.22436037e-04,3.00738046e-04
0.531641,3.42844224e+02,6.50481215e-04,3.13154064e-04
0.532735,3.38596124e+02,6.73377693e-04,3.25486858e-04
0.533828,3.34606148e+02,7.00796328e-04,3.37284246e-04
0.534922,3.30882414e+02,7.30311696e-04,3.48314101e-04
0.536016,3.27431058e+02,7.54991558e-04,3.58648840e-04
0.537110,3.24257422e+02,7.79910841e-04,3.68025124e-04
0.538204,3.21365275e+02,7.96242749e-04,3.76559826e-04
0.539298,3.18758033e+02,8.11905131e-04,3.83992883e-04
0.540392,3.16437722e+02,8.22642984e-04,3.90353619e-04
0.541486,3.14403892e+02,8.36406965e-04,3.95229998e-04
0.542580,3.12653060e+02,8.45028884e-04,3.98653228e-04
0.543674,3.11181218e+02,8.48920167e-04,4.00613292e-04
0.544768,3.09983032e+02,8.47082615e-04,4.01054481e-04
0.545861,3.09052802e+02,8.46051166e-04,3.99893571e-04
0.546955,3.08380777e+02,8.49128592e-04,3.96793040e-04
0.548049,3.07954614e+02,8.40269836e-04,3.92025351e-04
0.549143,3.07764140e+02,8.26734750e-04,3.85732341e-04
0.550237,3.07798860e+02,8.09291008e-04,3.77936523e-04
0.551331,3.08047675e+02,7.86693318e-04,3.68737106e-04
0.552425,3.08499622e+02,7.62878386e-04,3.58215216e-04
0.553519,3.09143315e+02,7.35929920e-04,3.46490806e-04
0.554613,3.09966594e+02,7.10713155e-04,3.33603329e-04
0.555707,3.10956891e+02,6.80556670e-04,3.19733968e-04
0.556801,3.12102750e+02,6.46840840e-04,3.05070127e-04
0.557894,3.13392901e+02,6.13243756e-04,2.89712221e-04
0.558988,3.14815911e+02,5.78553109e-04,2.73800247e-04
0.560082,3.16360465e+02,5.47283509e-04,2.57476425e-04
0.561176,3.18015227e+02,5.09775119e-04,2.40823817e-04
0.562270,3.19769911e+02,4.75143769e-04,2.24048075e-04
0.563364,3.21614783e+02,4.38478640e-04,2.07244626e-04
0.564458,3.23540571e+02,4.03246420e-04,1.90553358e-04
0.565552,3.25538375e+02,3.68961478e-04,1.74084686e-04
0.566646,3.27600067e+02,3.32861184e-04,1.57889172e-04
0.567740,3.29717876e+02,3.01289204e-04,1.42180866e-04
0.568834,3.31884159e+02,2.67215583e-04,1.26869829e-04
0.569927,3.34092164e+02,2.37003024e-04,1.12216977e-04
0.571021,3.36335062e+02,2.08687401e-04,9.82280346e-05
0.572115,3.38606476e+02,1.78901484e-04,8.48530631e-05
0.573209,3.40900687e+02,1.52443647e-04,7.23458466e-05
0.574303,3.43212110e+02,1.28779606e-04,6.07825361e-05
0.575397,3.45535080e+02,1.07581995e-04,5.02621376e-05
0.576491,3.47864277e+02,8.80216557e-05,4.09548181e-05
0.577585,3.50194801e+02,7.08694488e-05,3.32223184e-05
0.578679,3.52521974e+02,5.86591089e-05,2.76961253e-05
0.579773,3.54841232e+02,5.17274579e-05,2.49954474e-05
0.580867,3.57148262e+02,5.14029527e-05,2.53519972e-05
0.581961,3.59438932e+02,5.60943784e-05,2.81418218e-05
0.583054,3.61709314e+02,6.43195724e-05,3.23636412e-05
0.584148,3.63955696e+02,7.39099931e-05,3.72338100e-05
0.585242,3.66174471e+02,8.42872003e-05,4.23617584e-05
0.586336,3.68362288e+02,9.52566481e-05,4.75678520e-05
0.587430,3.70516052e+02,1.05529576e-04,5.26777414e-05
0.588524,3.72632850e+02,1.15924926e-04,5.77151476e-05
0.589618,3.74710012e+02,1.25811988e-04,6.26274953e-05
0.590712,3.76745135e+02,1.36045455e-04,6.75067897e-05
0.591806,3.78736089e+02,1.45704267e-04,7.22599762e-05
0.592900,3.80680992e+02,1.55502842e-04,7.69900619e-05
0.593994,3.82578228e+02,1.65035950e-04,8.16543871e-05
0.595087,3.84426433e+02,1.74515292e-04,8.62887638e-05
0.596181,3.86224485e+02,1.83905835e-04,9.08909602e-05
0.597275,3.87971504e+02,1.93320302e-04,9.54817353e-05
0.598369,3.89666852e+02,2.02749820e-04,1.00051532e-04
0.599463,3.91310109e+02,2.12066492e-04,1.04600427e-04
0.600557,3.92901083e+02,2.21397366e-04,1.09140327e-04
0.601651,3.94439763e+02,2.30500391e-04,1.13618813e-04
0.602745,3.95926339e+02,2.39695952e-04,1.18098924e-04
0.603839,3.97361175e+02,2.48758544e-04,1.22527612e-04
0.604933,3.98744794e+02,2.57771128e-04,1.26922161e-04
0.606027,4.00077884e+02,2.66693310e-04,1.31275437e-04
0.607120,4.01361298e+02,2.75521651e-04,1.35577153e-04
0.608214,4.02596004e+02,2.84203953e-04,1.39809904e-04
0.609308,4.03783084e+02,2.92728760e-04,1.43970890e-04
0.610402,4.04923749e+02,3.01145789e-04,1.48061319e-04
0.611496,4.06019289e+02,3.09525320e-04,1.52127157e-04
0.612590,4.07071143e+02,3.17602913e-04,1.56071687e-04
0.613684,4.08080799e+02,3.25500086e-04,1.59934336e-04
0.614778,4.09049826e+02,3.33243513e-04,1.63727315e-04
0.615872,4.09979869e+02,3.40985714e-04,1.67455056e-04
0.616966,4.10872606e+02,3.48465145e-04,1.71075926e-04
0.618060,4.11729793e+02,3.55742711e-04,1.74627901e-04
0.619153,4.12553249e+02,3.62887364e-04,1.78074827e-04
0.620247,4.13344781e+02,3.69778736e-04,1.81412226e-04
0.621341,4.14106249e+02,3.76571579e-04,1.84707994e-04
0.622435,4.14839594e+02,3.83141129e-04,1.87899504e-04
0.623529,4.15546768e+02,3.89600431e-04,1.91055539e-04
0.624623,4.16229731e+02,3.95923283e-04,1.94047609e-04
0.625717,4.16890377e+02,4.01991938e-04,1.96955836e-04
0.626811,4.17530614e+02,4.07910539e-04,1.99827154e-04
0.627905,4.18152468e+02,4.13598277e-04,2.02606702e-04
0.628999,4.18757895e+02,4.19371960e-04,2.05239860e-04
0.630093,4.19348638e+02,4.24817639e-04,2.07816798e-04
0.631186,4.19926589e+02,4.29993515e-04,2.10304767e-04
0.632280,4.20493622e+02,4.35079029e-04,2.12706813e-04
0.633374,4.21051597e+02,4.39728110e-04,2.15061620e-04
0.634468,4.21602536e+02,4.44356894e-04,2.17309542e-04
0.635562,4.22148218e+02,4.49145778e-04,2.19451509e-04
0.636656,4.22690203e+02,4.53636422e-04,2.21517353e-04
0.637750,4.23230065e+02,4.58107071e-04,2.23473089e-04
0.638844,4.23769322e+02,4.62320409e-04,2.25354774e-04
0.639938,4.24309660e+02,4.65543579e-04,2.27199577e-04
0.641032,4.24852918e+02,4.69284915e-04,2.28953812e-04
0.642126,4.25400578e+02,4.73270082e-04,2.30587750e-04
0.643220,4.25953996e+02,4.74076893e-04,2.32162915e-04
0.644313,4.26515313e+02,4.77127082e-04,2.33707234e-04
0.645407,4.27086107e+02,4.79954829e-04,2.35155931e-04
0.646501,4.27667697e+02,4.83188604e-04,2.36529766e-04
0.647595,4.28261255e+02,4.85992756e-04,2.37811540e-04
0.648689,4.28867806e+02,4.88823943e-04,2.39019765e-04
0.649783,4.29488492e+02,4.90808598e-04,2.40154805e-04
0.650877,4.30124547e+02,4.93530401e-04,2.41213186e-04
0.651971,4.30776737e+02,4.96466966e-04,2.42184318e-04
0.653065,4.31445789e+02,4.97978361e-04,2.43082505e-04
0.654159,4.32132473e+02,4.99763597e-04,2.43900208e-04
0.655253,4.32837713e+02,5.01016301e-04,2.44652344e-04
0.656346,4.33562323e+02,5.02898488e-04,2.45323417e-04
0.657440,4.34306976e+02,5.03798462e-04,2.45931212e-04
0.658534,4.35072146e+02,5.06179233e-04,2.46448694e-04
0.659628,4.35857999e+02,5.06891533e-04,2.46889229e-04
0.660722,4.36664903e+02,5.08557711e-04,2.47254221e-04
0.661816,4.37493219e+02,5.08477204e-04,2.47547249e-04
0.662910,4.38343026e+02,5.10696782e-04,2.47748977e-04
0.664004,4.39214177e+02,5.11267206e-04,2.47869553e-04
0.665098,4.40106913e+02,5.10769237e-04,2.47918891e-04
0.666192,4.41021625e+02,5.10793665e-04,2.47921680e-04
0.667286,4.41959402e+02,5.07453461e-04,2.47875880e-04
0.668379,4.42920716e+02,5.07956187e-04,2.47789198e-04
0.669473,4.43905486e+02,5.07003505e-04,2.47619416e-04
0.670567,4.44914012e+02,5.03966483e-04,2.47389555e-04
0.671661,4.45946643e+02,5.04999424e-04,2.47145557e-04
0.672755,4.47002569e+02,5.06153098e-04,2.46797342e-04
0.673849,4.48080993e+02,5.04028169e-04,2.46350723e-04
0.674943,4.49181860e+02,5.03019632e-04,2.45862932e-04
0.676037,4.50304997e+02,5.01139645e-04,2.45322576e-04
0.677131,4.51450339e+02,5.00342321e-04,2.44743445e-04
0.678225,4.52617429e+02,4.98685913e-04,2.44098338e-04
0.679319,4.53805396e+02,4.99683168e-04,2.43392892e-04
0.680412,4.55013285e+02,4.97445772e-04,2.42595705e-04
0.681506,4.56240553e+02,4.96864060e-04,2.41759093e-04
0.682600,4.57486429e+02,4.95226347e-04,2.40853051e-04
0.683694,4.58750028e+02,4.92587815e-04,2.39867145e-04
0.684788,4.60030940e+02,4.89868375e-04,2.38836677e-04
0.685882,4.61328779e+02,4.87631571e-04,2.37775593e-04
0.686976,4.62642535e+02,4.86771262e-04,2.36654234e-04
0.688070,4.63970727e+02,4.85196060e-04,2.35471195e-04
0.689164,4.65312722e+02,4.81607053e-04,2.34223582e-04
0.690258,4.66668369e+02,4.77365365e-04,2.32941836e-04
0.691352,4.68037278e+02,4.74793984e-04,2.31636617e-04
0.692445,4.69418521e+02,4.73201986e-04,2.30302109e-04
0.693539,4.70810939e+02,4.69536026e-04,2.28883894e-04
0.694633,4.72213827e+02,4.68416543e-04,2.27471537e-04
0.695727,4.73626019e+02,4.64608038e-04,2.25969002e-04
0.696821,4.75046224e+02,4.63905632e-04,2.24446666e-04
0.697915,4.76473204e+02,4.59686584e-04,2.22836814e-04
0.699009,4.77906225e+02,4.55879022e-04,2.21205665e-04
0.700103,4.79344767e+02,4.50280481e-04,2.19523194e-04
0.701197,4.80788313e+02,4.47678043e-04,2.17861041e-04
0.702291,4.82235536e+02,4.46083580e-04,2.16158507e-04
0.703385,4.83685477e+02,4.38663228e-04,2.14345800e-04
0.704479,4.85138270e+02,4.35303036e-04,2.12596358e-04
0.705572,4.86592968e+02,4.30485757e-04,2.10795899e-04
0.706666,4.88048527e+02,4.29391485e-04,2.09015640e-04
0.707760,4.89503447e+02,4.25717781e-04,2.07149821e-04
0.708854,4.90956686e+02,4.20763487e-04,2.05242596e-04
0.709948,4.92407657e+02,4.17230968e-04,2.03338157e-04
0.711042,4.93855042e+02,4.14960753e-04,2.01416710e-04
0.712136,4.95297654e+02,4.09244699e-04,1.99413618e-04
0.713230,4.96735226e+02,4.05247811e-04,1.97447625e-04
0.714324,4.98166888e+02,3.99831815e-04,1.95428058e-04
0.715418,4.99591956e+02,3.96238212e-04,1.93426263e-04
0.716512,5.01009510e+02,3.91666817e-04,1.91398309e-04
0.717605,5.02418858e+02,3.85299205e-04,1.89331429e-04
0.718699,5.03819498e+02,3.83074662e-04,1.87311516e-04
0.719793,5.05209803e+02,3.79454152e-04,1.85236104e-04
0.720887,5.06588625e+02,3.76292742e-04,1.83149894e-04
0.721981,5.07954992e+02,3.71204242e-04,1.81017168e-04
0.723075,5.09308229e+02,3.65790256e-04,1.78880535e-04
0.724169,5.10647397e+02,3.62509173e-04,1.76748658e-04
0.725263,5.11971389e+02,3.57989055e-04,1.74591693e-04
0.726357,5.13279735e+02,3.50972066e-04,1.72403712e-04
0.727451,5.14572265e+02,3.45872564e-04,1.70252505e-04
0.728545,5.15848014e+02,3.42439723e-04,1.68105307e-04
0.729638,5.17105898e+02,3.38158010e-04,1.65937005e-04
0.730732,5.18344873e+02,3.34453374e-04,1.63761183e-04
0.731826,5.19563975e+02,3.29102180e-04,1.61554257e-04
0.732920,5.20762383e+02,3.25587683e-04,1.59365875e-04
0.734014,5.21939376e+02,3.20410333e-04,1.57155945e-04
0.735108,5.23094116e+02,3.15571091e-04,1.54946360e-04
0.736202,5.24225860e+02,3.10742978e-04,1.52735641e-04
0.737296,5.25333807e+02,3.08407778e-04,1.50553564e-04
0.738390,5.26416683e+02,3.03250442e-04,1.48316546e-04
0.739484,5.27473656e+02,2.99166528e-04,1.46096127e-04
0.740578,5.28503972e+02,2.93523500e-04,1.43854889e-04
0.741671,5.29507195e+02,2.88495194e-04,1.41634058e-04
0.742765,5.30482503e+02,2.85045718e-04,1.39428072e-04
0.743859,5.31428973e+02,2.79051558e-04,1.37184179e-04
0.744953,5.32346011e+02,2.75421567e-04,1.34982908e-04
0.746047,5.33232682e+02,2.70432505e-04,1.32759549e-04
0.747141,5.34088324e+02,2.65937195e-04,1.30553794e-04
0.748235,5.34912234e+02,2.62347379e-04,1.28358758e-04
0.749329,5.35703435e+02,2.58320691e-04,1.26153345e-04
0.750423,5.36461031e+02,2.53138822e-04,1.23932229e-04
0.751517,5.37184343e+02,2.49107458e-04,1.21734842e-04
0.752611,5.37872578e+02,2.43686956e-04,1.19519492e-04
0.753704,5.38525347e+02,2.37724198e-04,1.17317841e-04
0.754798,5.39142315e+02,2.32204511e-04,1.15140854e-04
0.755892,5.39722854e+02,2.29071254e-04,1.13000416e-04
0.756986,5.40266043e+02,2.25259607e-04,1.10858239e-04
0.758080,5.40771126e+02,2.20057037e-04,1.08698549e-04
0.759174,5.41237461e+02,2.15685251e-04,1.06557610e-04
0.760268,5.41664354e+02,2.11313930e-04,1.04430849e-04
0.761362,5.42051109e+02,2.06934269e-04,1.02310698e-04
0.762456,5.42397030e+02,2.03142051e-04,1.00208846e-04
0.763550,5.42701360e+02,1.99046615e-04,9.81081092e-05
0.764644,5.42963442e+02,1.93713693e-04,9.60006493e-05
0.765738,5.43182705e+02,1.90113047e-04,9.39334430e-05
0.766831,5.43358407e+02,1.85903288e-04,9.18677796e-05
0.767925,5.43489831e+02,1.82638014e-04,8.98289511e-05
0.769019,5.43576230e+02,1.78765249e-04,8.77823272e-05
0.770113,5.43616923e+02,1.73710717e-04,8.57317701e-05
0.771207,5.43611388e+02,1.69121471e-04,8.37036558e-05
0.772301,5.43559055e+02,1.65103808e-04,8.17006543e-05
0.773395,5.43459242e+02,1.61805344e-04,7.97214214e-05
0.774489,5.43311204e+02,1.57716667e-04,7.77395352e-05
0.775583,5.43114345e+02,1.53864603e-04,7.57783701e-05
0.776677,5.42868098e+02,1.49103975e-04,7.38119042e-05
0.777771,5.42571893e+02,1.45517182e-04,7.18823767e-05
0.778864,5.42225111e+02,1.41366586e-04,6.99551019e-05
0.779958,5.41827200e+02,1.37760243e-04,6.80570811e-05
0.781052,5.41377575e+02,1.33409854e-04,6.61545670e-05
0.782146,5.40875689e+02,1.29729726e-04,6.42836830e-05
0.783240,5.40320900e+02,1.25834592e-04,6.24203272e-05
0.784334,5.39712630e+02,1.22176349e-04,6.05801489e-05
0.785428,5.39050338e+02,1.18216931e-04,5.87482783e-05
0.786522,5.38333490e+02,1.14820965e-04,5.69473378e-05
0.787616,5.37561527e+02,1.11313236e-04,5.51596505e-05
0.788710,5.36733931e+02,1.07727718e-04,5.33847960e-05
0.789804,5.35850179e+02,1.03893614e-04,5.16220754e-05
0.790897,5.34909802e+02,1.00285405e-04,4.98824455e-05
0.791991,5.33912318e+02,9.67357296e-05,4.81628822e-05
0.793085,5.32857241e+02,9.33279926e-05,4.64617333e-05
0.794179,5.31744116e+02,8.93159176e-05,4.47634197e-05
0.795273,5.30572530e+02,8.54787252e-05,4.30918260e-05
0.796367,5.29342030e+02,8.27892852e-05,4.14725449e-05
0.797461,5.28052155e+02,7.97160018e-05,3.98662731e-05
0.798555,5.26702498e+02,7.61716360e-05,3.82612534e-05
0.799649,5.25292658e+02,7.29910625e-05,3.66931091e-05
0.800743,5.23822256e+02,6.99695586e-05,3.51581688e-05
0.801837,5.22290933e+02,6.68440845e-05,3.36465099e-05
0.802930,5.20698335e+02,6.39598311e-05,3.21759758e-05
0.804024,5.19044137e+02,6.09492870e-05,3.07305618e-05
0.805118,5.17328023e+02,5.79460586e-05,2.93287094e-05
0.806212,5.15549691e+02,5.50717934e-05,2.79677368e-05
0.807306,5.13708875e+02,5.24977329e-05,2.66646220e-05
0.808400,5.11805339e+02,4.99971104e-05,2.54176940e-05
0.809494,5.09838856e+02,4.75305225e-05,2.42455174e-05
0.810588,5.07809196e+02,4.48692297e-05,2.31368267e-05
0.811682,5.05716168e+02,4.32981436e-05,2.21485587e-05
0.812776,5.03559634e+02,4.14083211e-05,2.12408652e-05
0.813870,5.01339437e+02,3.94531635e-05,2.04418512e-05
0.814964,4.99055463e+02,3.84928644e-05,1.97950302e-05
0.816057,4.96707652e+02,3.74917708e-05,1.92857105e-05
0.817151,4.94295938e+02,3.69052057e-05,1.89443007e-05
0.818245,4.91820321e+02,3.67737997e-05,1.87834891e-05
0.819339,4.89280849e+02,3.67150669e-05,1.87899862e-05
0.820433,4.86677523e+02,3.73381073e-05,1.89850539e-05
0.821527,4.84010398e+02,3.82335387e-05,1.93552642e-05
0.822621,4.81279577e+02,3.98016753e-05,1.99019194e-05
0.823715,4.78485223e+02,4.11959567e-05,2.06099402e-05
0.824809,4.75627545e+02,4.32489239e-05,2.14625041e-05
0.825903,4.72706757e+02,4.52120508e-05,2.24540219e-05
0.826997,4.69723064e+02,4.75646472e-05,2.35644984e-05
0.828090,4.66676725e+02,5.01095745e-05,2.47826360e-05
0.829184,4.63568224e+02,5.27477545e-05,2.60820989e-05
0.830278,4.60398111e+02,5.56189285e-05,2.74791537e-05
0.831372,4.57166745e+02,5.87210306e-05,2.89467110e-05
0.832466,4.53874584e+02,6.17693123e-05,3.04614114e-05
0.833560,4.50522211e+02,6.49464002e-05,3.20322365e-05
0.834654,4.47110159e+02,6.84831850e-05,3.36766802e-05
0.835748,4.43638911e+02,7.18921884e-05,3.53518719e-05
0.836842,4.40109083e+02,7.54005898e-05,3.70586236e-05
0.837936,4.36521417e+02,7.89039635e-05,3.87886555e-05
0.839030,4.32876673e+02,8.27778732e-05,4.05733030e-05
0.840123,4.29175541e+02,8.67049151e-05,4.23838312e-05
0.841217,4.25418803e+02,9.04619537e-05,4.42015149e-05
0.842311,4.21607386e+02,9.40300183e-05,4.60208199e-05
0.843405,4.17742241e+02,9.81415638e-05,4.78837109e-05
0.844499,4.13824356e+02,1.01782232e-04,4.97350964e-05
0.845593,4.09854850e+02,1.05685145e-04,5.16058645e-05
0.846687,4.05834922e+02,1.09708106e-04,5.34862278e-05
0.847781,4.01765648e+02,1.13527488e-04,5.53648533e-05
0.848875,3.97648192e+02,1.17761494e-04,5.72677238e-05
0.849969,3.93483733e+02,1.21584594e-04,5.91487879e-05
0.851063,3.89273718e+02,1.25152807e-04,6.10236519e-05
0.852156,3.85019771e+02,1.28392538e-04,6.28804774e-05
0.853250,3.80723697e+02,1.32300299e-04,6.47608447e-05
0.854344,3.76386920e+02,1.37024698e-04,6.66628112e-05
0.855438,3.72010859e+02,1.40612322e-04,6.85155571e-05
0.856532,3.67597286e+02,1.44571013e-04,7.03735406e-05
0.857626,3.63147856e+02,1.48514200e-04,7.22198558e-05
0.858720,3.58664370e+02,1.52333710e-04,7.40494298e-05
0.859814,3.54148727e+02,1.56208505e-04,7.58654171e-05
0.860908,3.49602957e+02,1.59275580e-04,7.76492520e-05
0.862002,3.45029329e+02,1.63223353e-04,7.94329858e-05
0.863096,3.40429798e+02,1.67484228e-04,8.12011972e-05
0.864189,3.35806400e+02,1.71193184e-04,8.29362729e-05
0.865283,3.31161402e+02,1.74577257e-04,8.46424790e-05
0.866377,3.26497262e+02,1.77756600e-04,8.63220821e-05
0.867471,3.21816373e+02,1.81287211e-04,8.79782700e-05
0.868565,3.17121219e+02,1.84648218e-04,8.96031146e-05
0.869659,3.12414394e+02,1.87942523e-04,9.11946086e-05
0.870753,3.07698541e+02,1.91156509e-04,9.27523876e-05
0.871847,3.02976560e+02,1.93937078e-04,9.42709702e-05
0.872941,2.98251412e+02,1.96661611e-04,9.57515087e-05
0.874035,2.93525806e+02,2.00338140e-04,9.71939868e-05
0.875129,2.88802464e+02,2.03795814e-04,9.85884489e-05
0.876223,2.84084242e+02,2.06755121e-04,9.99298981e-05
0.877316,2.79374328e+02,2.09056658e-04,1.01218050e-04
0.878410,2.74676109e+02,2.11615240e-04,1.02454337e-04
0.879504,2.69992864e+02,2.14465005e-04,1.03630820e-04
0.880598,2.65327677e+02,2.16239071e-04,1.04746165e-04
0.881692,2.60683883e+02,2.18489261e-04,1.05797396e-04
0.882786,2.56064971e+02,2.20359980e-04,1.06781153e-04
0.883880,2.51474355e+02,2.22265535e-04,1.07689815e-04
0.884974,2.46915776e+02,2.24228620e-04,1.08523147e-04
0.886068,2.42392638e+02,2.25984369e-04,1.09272028e-04
0.887162,2.37908301e+02,2.27939632e-04,1.09933481e-04
0.888256,2.33466458e+02,2.29126921e-04,1.10499807e-04
0.889349,2.29070654e+02,2.30532674e-04,1.10966963e-04
0.890443,2.24724340e+02,2.31148933e-04,1.11333569e-04
0.891537,2.20431141e+02,2.30529560e-04,1.11607466e-04
0.892631,2.16195150e+02,2.31994417e-04,1.11760016e-04
0.893725,2.12020080e+02,2.32151009e-04,1.11794300e-04
0.894819,2.07909511e+02,2.32533769e-04,1.11701846e-04
0.895913,2.03866887e+02,2.31774203e-04,1.11489117e-04
0.897007,1.99895580e+02,2.31292791e-04,1.11146870e-04
0.898101,1.95999903e+02,2.30357279e-04,1.10657576e-04
0.899195,1.92183905e+02,2.29092784e-04,1.10023517e-04
0.900289,1.88450239e+02,2.28360855e-04,1.09239004e-04
0.901382,1.84801723e+02,2.27010133e-04,1.08302150e-04
0.902476,1.81241253e+02,2.24314244e-04,1.07225326e-04
0.903570,1.77771617e+02,2.22501290e-04,1.05976533e-04
0.904664,1.74396545e+02,2.18940681e-04,1.04570738e-04
0.905758,1.71118790e+02,2.16497283e-04,1.02996136e-04
0.906852,1.67940596e+02,2.12642343e-04,1.01259944e-04
0.907946,1.64864882e+02,2.09143482e-04,9.93381135e-05
0.909040,1.61893104e+02,2.06320510e-04,9.72691884e-05
0.910134,1.59026407e+02,2.01791550e-04,9.50164976e-05
0.911228,1.56267182e+02,1.96684210e-04,9.26084804e-05
0.912322,1.53616344e+02,1.91538850e-04,9.00403539e-05
0.913415,1.51074754e+02,1.87102038e-04,8.73288162e-05
0.914509,1.48643246e+02,1.81711476e-04,8.44471789e-05
0.915603,1.46322123e+02,1.75813765e-04,8.14287880e-05
0.916697,1.44111256e+02,1.68788444e-04,7.82821645e-05
0.917791,1.42011135e+02,1.61171205e-04,7.50065110e-05
0.918885,1.40022221e+02,1.53421449e-04,7.16361872e-05
0.919979,1.38143426e+02,1.47599311e-04,6.81939247e-05
0.921073,1.36373087e+02,1.40522061e-04,6.46590219e-05
0.922167,1.34709891e+02,1.31203972e-04,6.10453703e-05
0.923261,1.33153050e+02,1.24405580e-04,5.74325334e-05
0.924355,1.31699798e+02,1.17261931e-04,5.38093746e-05
0.925448,1.30347908e+02,1.09141015e-04,5.01778806e-05
0.926542,1.29094930e+02,1.01199304e-04,4.65907044e-05
0.927636,1.27937842e+02,9.37223088e-05,4.31010140e-05
0.928730,1.26873032e+02,8.67761183e-05,3.96780126e-05
0.929824,1.25897064e+02,7.92135872e-05,3.63737313e-05
0.930918,1.25006863e+02,7.17586744e-05,3.32484464e-05
0.932012,1.24198344e+02,6.51678758e-05,3.03325077e-05
0.933106,1.23467287e+02,5.93412043e-05,2.76467536e-05
0.934200,1.22809046e+02,5.36633819e-05,2.52211248e-05
0.935294,1.22218948e+02,4.92259092e-05,2.31019782e-05
0.936388,1.21692100e+02,4.43564211e-05,2.12910428e-05
0.937482,1.21223656e+02,4.00606715e-05,1.98088551e-05
0.938575,1.20808539e+02,3.74987898e-05,1.86469870e-05
0.939669,1.20441409e+02,3.54367617e-05,1.77639630e-05
0.940763,1.20116951e+02,3.36805682e-05,1.71266755e-05
0.941857,1.19829867e+02,3.16660730e-05,1.66865554e-05
0.942951,1.19574952e+02,3.02677684e-05,1.63940561e-05
0.944045,1.19346975e+02,3.00465885e-05,1.61877703e-05
0.945139,1.19140762e+02,2.96125392e-05,1.60205037e-05
0.946233,1.18951240e+02,2.91109464e-05,1.58508601e-05
0.947327,1.18773499e+02,2.86370170e-05,1.56529842e-05
0.948421,1.18602785e+02,2.79500052e-05,1.53976844e-05
0.949515,1.18434526e+02,2.72395002e-05,1.50646217e-05
0.950608,1.18264343e+02,2.65206614e-05,1.46365903e-05
0.951702,1.18088059e+02,2.53965845e-05,1.41002606e-05
0.952796,1.17901713e+02,2.43870039e-05,1.34615131e-05
0.953890,1.17701565e+02,2.28984501e-05,1.27081321e-05
0.954984,1.17484083e+02,2.12618422e-05,1.18532591e-05
0.956078,1.17245968e+02,1.96194316e-05,1.09337770e-05
0.957172,1.16984129e+02,1.79454414e-05,9.98989547e-06
0.958266,1.16695687e+02,1.65667172e-05,9.14819282e-06
0.959360,1.16377987e+02,1.59485113e-05,8.56404293e-06
0.960454,1.16028590e+02,1.62605377e-05,8.41879069e-06
0.961548,1.15645386e+02,1.81383770e-05,8.85371610e-06
0.962641,1.15227069e+02,2.00999087e-05,9.86420580e-06
0.963735,1.14771930e+02,2.30044683e-05,1.13146122e-05
0.964829,1.14278358e+02,2.65619036e-05,1.30346284e-05
0.965923,1.13744960e+02,3.05051283e-05,1.48965579e-05
0.967017,1.13170559e+02,3.45923852e-05,1.67770224e-05
0.968111,1.12554226e+02,3.85946111e-05,1.86459629e-05
0.969205,1.11895255e+02,4.26262220e-05,2.04798308e-05
0.970299,1.11193192e+02,4.62471899e-05,2.21922182e-05
0.971393,1.10447808e+02,4.97739682e-05,2.38252116e-05
0.972487,1.09659060e+02,5.30058083e-05,2.53372009e-05
0.973581,1.08827123e+02,5.60462602e-05,2.67544379e-05
0.974674,1.07952380e+02,5.87509400e-05,2.80592031e-05
0.975768,1.07035415e+02,6.12753557e-05,2.92612392e-05
0.976862,1.06076952e+02,6.38025283e-05,3.03885972e-05
0.977956,1.05077904e+02,6.59251952e-05,3.14113366e-05
0.979050,1.04039367e+02,6.79866233e-05,3.23391959e-05
0.980144,1.02962540e+02,6.95967701e-05,3.31622448e-05
0.981238,1.01848782e+02,7.12451750e-05,3.39259987e-05
0.982332,1.00699599e+02,7.26668013e-05,3.45979284e-05
0.983426,9.95165953e+01,7.37584011e-05,3.51819771e-05
0.984520,9.83014935e+01,7.49239792e-05,3.57051129e-05
0.985614,9.70561153e+01,7.58788204e-05,3.61552472e-05
0.986707,9.57823871e+01,7.67444038e-05,3.65377098e-05
0.987801,9.44822848e+01,7.73529690e-05,3.68555523e-05
0.988895,9.31579004e+01,7.77871794e-05,3.71091632e-05
0.989989,9.18114025e+01,7.81843896e-05,3.73138292e-05
0.991083,9.04450391e+01,7.81860275e-05,3.74490967e-05
0.992177,8.90610516e+01,7.83634964e-05,3.75473376e-05
0.993271,8.76617406e+01,7.82108822e-05,3.75936641e-05
0.994365,8.62495174e+01,7.83071318e-05,3.76063213e-05
0.995459,8.48267215e+01,7.75624301e-05,3.75531718e-05
0.996553,8.33957554e+01,7.77863316e-05,3.74949850e-05
0.997647,8.19590576e+01,7.72071257e-05,3.73813991e-05
0.998741,8.05191583e+01,7.66398077e-05,3.72346241e-05
0.999834,7.90785164e+01,7.62461022e-05,3.70633359e-05
1.000928,7.76396158e+01,7.51197279e-05,3.68459055e-05
1.002022,7.62049107e+01,7.48712389e-05,3.66210201e-05
1.003116,7.47767589e+01,7.42667663e-05,3.63610333e-05
1.004210,7.33576720e+01,7.31135801e-05,3.60663900e-05
1.005304,7.19502370e+01,7.25762954e-05,3.57611537e-05
1.006398,7.05569761e+01,7.17473431e-05,3.54255464e-05
1.007492,6.91803103e+01,7.06660094e-05,3.50608779e-05
1.008586,6.78226886e+01,6.98696191e-05,3.46825218e-05
1.009680,6.64865355e+01,6.87819409e-05,3.42752770e-05
1.010774,6.51742604e+01,6.79862713e-05,3.38533950e-05
1.011867,6.38883596e+01,6.68119000e-05,3.34010916e-05
1.012961,6.26312066e+01,6.59732112e-05,3.29397175e-05
1.014055,6.14049517e+01,6.49403710e-05,3.24529484e-05
1.015149,6.02119472e+01,6.40734221e-05,3.19442102e-05
1.016243,5.90541621e+01,6.29016389e-05,3.14240065e-05
1.017337,5.79335578e+01,6.20501669e-05,3.08831540e-05
1.018431,5.68521439e+01,6.11339895e-05,3.03265900e-05
1.019525,5.58117256e+01,6.01159176e-05,2.97607974e-05
1.020619,5.48140056e+01,5.91682704e-05,2.91791460e-05
1.021713,5.38607182e+01,5.81377935e-05,2.85936091e-05
1.022807,5.29532571e+01,5.72859238e-05,2.80072174e-05
1.023900,5.20928505e+01,5.62961549e-05,2.74255174e-05
1.024994,5.12804813e+01,5.54394141e-05,2.68619856e-05
1.026088,5.05168300e+01,5.46210412e-05,2.63041353e-05
1.027182,4.98026657e+01,5.39938575e-05,2.57772800e-05
1.028276,4.91383840e+01,5.33045059e-05,2.52828534e-05
1.029370,4.85237161e+01,5.11136903e-05,2.48127790e-05
1.030464,4.79563392e+01,5.07581707e-05,2.44408019e-05
1.031558,4.74357405e+01,5.06569864e-05,2.40998922e-05
1.032652,4.69615979e+01,5.04046666e-05,2.37804887e-05
1.033746,4.65334990e+01,5.02988108e-05,2.34862281e-05
1.034840,4.61506333e+01,5.00806731e-05,2.32090668e-05
1.035933,4.58121486e+01,5.02118786e-05,2.29468699e-05
1.037027,4.55170834e+01,5.06018024e-05,2.26877681e-05
1.038121,4.52640261e+01,4.95477426e-05,2.24117177e-05
1.039215,4.50519014e+01,4.94860391e-05,2.21373359e-05
1.040309,4.48792670e+01,4.91434900e-05,2.18450731e-05
1.041403,4.47445164e+01,4.88730519e-05,2.15273960e-05
1.042497,4.46461034e+01,4.81727649e-05,2.11803361e-05
1.043591,4.45823623e+01,4.73900997e-05,2.08005601e-05
1.044685,4.45516389e+01,4.63038441e-05,2.03850150e-05
1.045779,4.45522151e+01,4.56112788e-05,1.99351062e-05
1.046873,4.45822384e+01,4.44477167e-05,1.94442760e-05
1.047966,4.46398986e+01,4.34420341e-05,1.89186277e-05
1.049060,4.47235390e+01,4.16881043e-05,1.83541553e-05
1.050154,4.48315859e+01,4.03080528e-05,1.77658318e-05
1.051248,4.49623065e+01,3.85898282e-05,1.71444410e-05
1.052342,4.51140909e+01,3.69680298e-05,1.65034740e-05
1.053436,4.52853449e+01,3.50118073e-05,1.58398483e-05
1.054530,4.54745919e+01,3.33550633e-05,1.51685145e-05
1.055624,4.56802929e+01,3.16105963e-05,1.44897826e-05
1.056718,4.59009950e+01,2.99364948e-05,1.38144769e-05
1.057812,4.61353013e+01,2.80951679e-05,1.31424037e-05
1.058906,4.63819059e+01,2.62520541e-05,1.24878052e-05
1.060000,4.66395521e+01,2.44887381e-05,1.18593022e-05
1.061093,4.69070493e+01,2.29321711e-05,1.12689409e-05
1.062187,4.71832086e+01,2.16978239e-05,1.07243902e-05
1.063281,4.74669052e+01,2.02284862e-05,1.02288917e-05
1.064375,4.77570696e+01,2.14727479e-05,9.78635338e-06
1.065469,4.80525597e+01,2.06295102e-05,9.39605277e-06
1.066563,4.83523032e+01,2.00812522e-05,9.07812010e-06
1.067657,4.86552935e+01,1.97254656e-05,8.83939467e-06
1.068751,4.89605676e+01,1.95184866e-05,8.67720021e-06
1.069845,4.92672602e+01,1.94265170e-05,8.59834887e-06
1.070939,4.95745414e+01,1.94858861e-05,8.59546301e-06
1.072033,4.98816278e+01,1.98060145e-05,8.66366936e-06
1.073126,5.01878119e+01,2.02245416e-05,8.79381102e-06
1.074220,5.04924198e+01,2.06265385e-05,8.97664989e-06
1.075314,5.07948273e+01,2.12408403e-05,9.20322342e-06
1.076408,5.10944616e+01,2.18410516e-05,9.46198564e-06
1.077502,5.13907979e+01,2.24180292e-05,9.74183412e-06
1.078596,5.16833504e+01,2.31325074e-05,1.00412134e-05
1.079690,5.19716830e+01,2.38286723e-05,1.03490724e-05
1.080784,5.22554044e+01,2.44794627e-05,1.06580930e-05
1.081878,5.25341572e+01,2.51220369e-05,1.09665984e-05
1.082972,5.28076347e+01,2.58386754e-05,1.12741050e-05
1.084066,5.30755757e+01,2.63944506e-05,1.15714052e-05
1.085159,5.33377573e+01,2.70097983e-05,1.18609918e-05
1.086253,5.35939919e+01,2.76209670e-05,1.21428561e-05
1.087347,5.38441333e+01,2.82960283e-05,1.24191493e-05
1.088441,5.40880691e+01,2.88766548e-05,1.26866820e-05
1.089535,5.43257356e+01,2.95118095e-05,1.29508496e-05
1.090629,5.45571031e+01,3.01086737e-05,1.32100603e-05
1.091723,5.47821820e+01,3.06238397e-05,1.34678378e-05
1.092817,5.50010327e+01,3.11860467e-05,1.37289307e-05
1.093911,5.52137476e+01,3.17528157e-05,1.39928214e-05
1.095005,5.54204476e+01,3.23822163e-05,1.42648752e-05
1.096099,5.56212806e+01,3.30157112e-05,1.45446758e-05
1.097192,5.58164193e+01,3.36876471e-05,1.48383726e-05
1.098286,5.60060541e+01,3.44334323e-05,1.51481430e-05
1.099380,5.61904019e+01,3.51756894e-05,1.54719334e-05
1.100474,5.63696977e+01,3.59643157e-05,1.58151954e-05
1.101568,5.65441853e+01,3.68828381e-05,1.61783230e-05
1.102662,5.67140997e+01,3.78666872e-05,1.65546233e-05
1.103756,5.68796853e+01,3.88256882e-05,1.69580894e-05
1.104850,5.70412044e+01,3.99291477e-05,1.73760040e-05
1.105944,5.71989085e+01,4.10057079e-05,1.78132989e-05
1.107038,5.73530458e+01,4.21956854e-05,1.82716892e-05
1.108132,5.75038921e+01,4.33182396e-05,1.87479905e-05
1.109225,5.76517379e+01,4.45540926e-05,1.92395509e-05
1.110319,5.77968360e+01,4.57686850e-05,1.97454099e-05
1.111413,5.79394685e+01,4.71458851e-05,2.02675408e-05
1.112507,5.80800333e+01,4.70928266e-05,2.08080501e-05
1.113601,5.82191731e+01,4.83667165e-05,2.13658577e-05
1.114695,5.83572087e+01,4.98273626e-05,2.19339252e-05
1.115789,5.84943817e+01,5.10285980e-05,2.25237702e-05
1.116883,5.86309875e+01,5.24920309e-05,2.31125935e-05
1.117977,5.87672578e+01,5.40737820e-05,2.36993993e-05
1.119071,5.89034014e+01,5.53777827e-05,2.43069082e-05
1.120165,5.90396640e+01,5.69553113e-05,2.49139573e-05
1.121259,5.91762444e+01,5.83996937e-05,2.55221918e-05
1.122352,5.93133398e+01,6.00503153e-05,2.61170896e-05
1.123446,5.94510840e+01,6.13628045e-05,2.67372631e-05
1.124540,5.95896800e+01,6.29518213e-05,2.73341044e-05
1.125634,5.97292686e+01,6.43875938e-05,2.79372160e-05
1.126728,5.98699673e+01,6.60790005e-05,2.85260196e-05
1.127822,6.00118800e+01,6.75592680e-05,2.91042226e-05
1.128916,6.01550981e+01,6.90545800e-05,2.96817691e-05
1.130010,6.02997168e+01,7.06619810e-05,3.02379085e-05
1.131104,6.04457759e+01,7.20816613e-05,3.07906697e-05
1.132198,6.05933196e+01,7.35310544e-05,3.13224767e-05
1.133292,6.07424168e+01,7.52217395e-05,3.18406390e-05
1.134385,6.08929819e+01,7.65438783e-05,3.23365079e-05
1.135479,6.10450716e+01,7.72732534e-05,3.28245707e-05
1.136573,6.11986728e+01,7.93831375e-05,3.32925580e-05
1.137667,6.13535741e+01,8.11388248e-05,3.37198603e-05
1.138761,6.15096468e+01,8.23253138e-05,3.41311654e-05
1.139855,6.16668602e+01,8.36353928e-05,3.45115188e-05
1.140949,6.18250851e+01,8.44041064e-05,3.48820197e-05
1.142043,6.19844295e+01,8.48804449e-05,3.52324576e-05
1.143137,6.21450887e+01,8.54732510e-05,3.55641092e-05
1.144231,6.23069098e+01,8.75760092e-05,3.58517668e-05
1.145325,6.24695270e+01,8.82665477e-05,3.61251102e-05
1.146418,6.26328782e+01,8.86822847e-05,3.63642337e-05
1.147512,6.27969091e+01,9.01468058e-05,3.65756554e-05
1.148606,6.29613848e+01,9.06403633e-05,3.67633767e-05
1.149700,6.31262901e+01,9.13078444e-05,3.69171211e-05
1.150794,6.32914922e+01,9.12493409e-05,3.70593319e-05
1.151888,6.34570714e+01,9.23832162e-05,3.71668249e-05
1.152982,6.36227138e+01,9.34145094e-05,3.72506020e-05
1.154076,6.37881017e+01,9.40665696e-05,3.72897185e-05
1.155170,6.39530172e+01,9.40563411e-05,3.73095266e-05
1.156264,6.41173297e+01,9.43892085e-05,3.72972530e-05
1.157358,6.42808753e+01,9.38405834e-05,3.72620735e-05
1.158451,6.44437593e+01,9.37003835e-05,3.72067102e-05
1.159545,6.46058642e+01,9.42790138e-05,3.71227588e-05
1.160639,6.47668223e+01,9.41262824e-05,3.70080884e-05
1.161733,6.49263504e+01,9.47505710e-05,3.68602553e-05
1.162827,6.50842149e+01,9.50178735e-05,3.66906451e-05
1.163921,6.52403316e+01,9.41187027e-05,3.64992072e-05
1.165015,6.53945405e+01,9.42508606e-05,3.62789901e-05
1.166109,6.55466825e+01,9.24776447e-05,3.60402098e-05
1.167203,6.56970446e+01,9.21639904e-05,3.57978306e-05
1.168297,6.58455336e+01,9.09832191e-05,3.55301594e-05
1.169391,6.59921251e+01,9.10743218e-05,3.52473069e-05
1.170484,6.61366439e+01,9.00938418e-05,3.49467780e-05
1.171578,6.62790513e+01,8.89455559e-05,3.46281860e-05
1.172672,6.64196507e+01,8.79235089e-05,3.43155864e-05
1.173766,6.65582191e+01,8.72196269e-05,3.39696574e-05
1.174860,6.66945128e+01,8.68215831e-05,3.36083862e-05
1.175954,6.68285886e+01,8.52876431e-05,3.32410482e-05
1.177048,6.69603141e+01,8.46973811e-05,3.28559844e-05
1.178142,6.70894270e+01,8.33615815e-05,3.24498843e-05
1.179236,6.72160395e+01,8.28532492e-05,3.20432505e-05
1.180330,6.73400500e+01,8.00650784e-05,3.16201835e-05
1.181424,6.74618287e+01,7.92637619e-05,3.12095257e-05
1.182518,6.75812655e+01,7.90640519e-05,3.07820155e-05
1.183611,6.76979750e+01,7.77577332e-05,3.03360187e-05
1.184705,6.78118475e+01,7.61777245e-05,2.98749644e-05
1.185799,6.79228975e+01,7.45995018e-05,2.94142063e-05
1.186893,6.80311592e+01,7.28714676e-05,2.89540937e-05
1.187987,6.81366323e+01,7.22942525e-05,2.84831198e-05
1.189081,6.82392011e+01,7.11185671e-05,2.80105894e-05
1.190175,6.83388411e+01,6.90543035e-05,2.75288416e-05
1.191269,6.84355298e+01,6.83195319e-05,2.70489757e-05
1.192363,6.85290548e+01,6.69538788e-05,2.65541871e-05
1.193457,6.86193011e+01,6.56449194e-05,2.60599131e-05
1.194551,6.87063750e+01,6.36191237e-05,2.55643502e-05
1.195644,6.87902962e+01,6.19810430e-05,2.50693563e-05
1.196738,6.88710193e+01,6.11532642e-05,2.45768373e-05
1.197832,6.89483546e+01,6.02520147e-05,2.40794027e-05
1.198926,6.90221620e+01,5.84009629e-05,2.35738388e-05
1.200020,6.90925005e+01,5.68449069e-05,2.30742826e-05
1.201114,6.91593058e+01,5.57764846e-05,2.25755462e-05
1.202208,6.92224816e+01,5.44128750e-05,2.20765591e-05
1.203302,6.92819478e+01,5.26513106e-05,2.15736831e-05
1.204396,6.93376645e+01,5.16571813e-05,2.10782033e-05
1.205490,6.93896436e+01,4.97408613e-05,2.05801009e-05
1.206584,6.94378326e+01,4.93645053e-05,2.00946319e-05
1.207677,6.94819277e+01,4.77578830e-05,1.95935950e-05
1.208771,6.95217583e+01,4.70025551e-05,1.90992607e-05
1.209865,6.95572450e+01,4.48073236e-05,1.85972362e-05
1.210959,6.95884624e+01,4.38477770e-05,1.81129870e-05
1.212053,6.96152180e+01,4.28559639e-05,1.76260261e-05
1.213147,6.96373919e+01,4.12860973e-05,1.71387445e-05
1.214241,6.96549725e+01,3.98415641e-05,1.66545051e-05
1.215335,6.96679067e+01,3.96720987e-05,1.61859550e-05
1.216429,6.96758461e+01,3.81772948e-05,1.57002252e-05
1.217523,6.96787114e+01,3.70524498e-05,1.52250249e-05
1.218617,6.96763868e+01,3.62671662e-05,1.47559951e-05
1.219710,6.96687642e+01,3.48578559e-05,1.42849673e-05
1.220804,6.96557840e+01,3.35388106e-05,1.38208635e-05
1.221898,6.96373342e+01,3.26786985e-05,1.33650609e-05
1.222992,6.96133123e+01,3.13909313e-05,1.29101176e-05
1.224086,6.95836481e+01,3.03357293e-05,1.24630168e-05
1.225180,6.95482667e+01,2.90848908e-05,1.20198024e-05
1.226274,6.95071080e+01,2.78372617e-05,1.15820534e-05
1.227368,6.94600990e+01,2.73295936e-05,1.11607276e-05
1.228462,6.94070994e+01,2.58809565e-05,1.07309633e-05
1.229556,6.93480515e+01,2.53907619e-05,1.03233359e-05
1.230650,6.92828160e+01,2.41362669e-05,9.90907226e-06
1.231743,6.92113568e+01,2.36006802e-05,9.51433254e-06
1.232837,6.91335310e+01,2.24065057e-05,9.11344332e-06
1.233931,6.90492956e+01,2.11702479e-05,8.72296543e-06
1.235025,6.89586702e+01,2.03264502e-05,8.34855334e-06
1.236119,6.88615689e+01,1.93899680e-05,7.97870471e-06
1.237213,6.87579529e+01,1.85229565e-05,7.62001888e-06
1.238307,6.86477312e+01,1.77227599e-05,7.27163017e-06
1.239401,6.85308156e+01,1.67949568e-05,6.92913562e-06
1.240495,6.84071453e+01,1.61865818e-05,6.60195751e-06
1.241589,6.82766559e+01,1.52963672e-05,6.28123947e-06
1.242683,6.81393161e+01,1.42661892e-05,5.96908011e-06
1.243777,6.79950743e+01,1.40124351e-05,5.68133738e-06
1.244870,6.78438233e+01,1.32400267e-05,5.39439718e-06
1.245964,6.76855357e+01,1.25083297e-05,5.12251563e-06
1.247058,6.75202095e+01,1.16895357e-05,4.86427569e-06
1.248152,6.73478205e+01,1.12943312e-05,4.62983018e-06
1.249246,6.71682915e+01,1.07683465e-05,4.40356136e-06
1.250340,6.69815768e+01,1.02006474e-05,4.19722321e-06
1.251434,6.67876416e+01,9.87701327e-06,4.00798473e-06
1.252528,6.65864458e+01,9.49312141e-06,3.83863819e-06
1.253622,6.63779330e+01,9.15562539e-06,3.68874780e-06
1.254716,6.61620492e+01,8.93696095e-06,3.56286042e-06
1.255810,6.59387482e+01,8.66373136e-06,3.45834515e-06
1.256903,6.57080066e+01,8.57133072e-06,3.37528170e-06
1.257997,6.54698102e+01,8.54646383e-06,3.31726350e-06
1.259091,6.52241396e+01,8.49760197e-06,3.28108442e-06
1.260185,6.49710004e+01,8.50143301e-06,3.26813964e-06
1.261279,6.47104087e+01,8.57619338e-06,3.27648152e-06
1.262373,6.44423656e+01,8.62263632e-06,3.30511083e-06
1.263467,6.41668607e+01,9.00665173e-06,3.35259109e-06
1.264561,6.38838727e+01,9.18585530e-06,3.41588266e-06
1.265655,6.35934041e+01,9.57039076e-06,3.49413160e-06
1.266749,6.32954807e+01,9.95065510e-06,3.58677142e-06
1.267843,6.29901281e+01,1.03033878e-05,3.68794774e-06
1.268936,6.26773719e+01,1.06437190e-05,3.80158624e-06
1.270030,6.23572295e+01,1.12015817e-05,3.92540075e-06
1.271124,6.20297362e+01,1.16674168e-05,4.05470872e-06
1.272218,6.16949227e+01,1.20165960e-05,4.18810038e-06
1.273312,6.13528355e+01,1.25420781e-05,4.32963309e-06
1.274406,6.10035155e+01,1.31683520e-05,4.47857080e-06
1.275500,6.06470098e+01,1.34496301e-05,4.62328873e-06
1.276594,6.02833661e+01,1.40405234e-05,4.77767743e-06
1.277688,5.99126502e+01,1.44697246e-05,4.93208094e-06
1.278782,5.95349295e+01,1.51044200e-05,5.09270839e-06
1.279876,5.91502888e+01,1.57189633e-05,5.25484566e-06
1.280969,5.87587987e+01,1.61817072e-05,5.41492109e-06
1.282063,5.83605271e+01,1.66546905e-05,5.57360262e-06
1.283157,5.79555381e+01,1.73565169e-05,5.74048072e-06
1.284251,5.75439480e+01,1.79373023e-05,5.90703782e-06
1.285345,5.71258500e+01,1.84655975e-05,6.07170759e-06
1.286439,5.67013561e+01,1.90710589e-05,6.23970680e-06
1.287533,5.62705720e+01,1.97041949e-05,6.40559008e-06
1.288627,5.58335752e+01,2.02884216e-05,6.56978605e-06
1.289721,5.53904449e+01,2.11615900e-05,6.73754839e-06
1.290815,5.49412582e+01,2.17751898e-05,6.90083552e-06
1.291909,5.44861103e+01,2.24755340e-05,7.06385843e-06
1.293002,5.40250838e+01,2.31156067e-05,7.22460246e-06
1.294096,5.35583036e+01,2.37457236e-05,7.38462391e-06
1.295190,5.30858700e+01,2.44690110e-05,7.54245019e-06
1.296284,5.26078827e+01,2.51689033e-05,7.70084124e-06
1.297378,5.21244493e+01,2.58174625e-05,7.85463393e-06
1.298472,5.16356754e+01,2.64541175e-05,8.00601454e-06
1.299566,5.11416961e+01,2.70338636e-05,8.15558321e-06
1.300660,5.06426515e+01,2.76580457e-05,8.29981966e-06
1.301754,5.01386503e+01,2.83772588e-05,8.44507070e-06
1.302848,4.96298334e+01,2.89841612e-05,8.58568247e-06
1.303942,4.91163290e+01,2.97069888e-05,8.72228504e-06
1.305036,4.85982309e+01,3.04522592e-05,8.85519641e-06
1.306129,4.80756449e+01,3.12204744e-05,8.98284819e-06
1.307223,4.75486196e+01,3.21807796e-05,9.10713838e-06
1.308317,4.70171790e+01,3.29202694e-05,9.22528024e-06
1.309411,4.64814101e+01,3.35513929e-05,9.33731707e-06
1.310505,4.59414273e+01,3.43355514e-05,9.44825647e-06
1.311599,4.53972886e+01,3.51574947e-05,9.54891667e-06
1.312693,4.48489987e+01,3.59299222e-05,9.64456136e-06
1.313787,4.42966097e+01,3.67508965e-05,9.73632530e-06
1.314881,4.37401809e+01,3.73720716e-05,9.81945831e-06
1.315975,4.31797635e+01,3.81895323e-05,9.89876514e-06
1.317069,4.26154185e+01,3.86763356e-05,9.97108650e-06
1.318162,4.20472052e+01,3.95601466e-05,1.00373522e-05
1.319256,4.14750872e+01,4.03416601e-05,1.00991957e-05
1.320350,4.08991242e+01,4.08761886e-05,1.01529658e-05
1.321444,4.03191757e+01,4.27175555e-05,1.02045593e-05
1.322538,3.97346524e+01,4.27747746e-05,1.02545295e-05
1.323632,3.91454809e+01,4.43257161e-05,1.03028189e-05
1.324726,3.85514882e+01,4.51179528e-05,1.03483837e-05
1.325820,3.79525647e+01,4.56288818e-05,1.03939644e-05
1.326914,3.73487538e+01,4.60519666e-05,1.04416531e-05
1.328008,3.67400744e+01,4.64578441e-05,1.04928082e-05
1.329102,3.61265799e+01,4.63990413e-05,1.05484833e-05
1.330195,3.55085264e+01,4.62113737e-05,1.06097114e-05
1.331289,3.48861719e+01,4.67947533e-05,1.06777611e-05
1.332383,3.42594848e+01,4.64025289e-05,1.07574528e-05
1.333477,3.36287676e+01,4.60077783e-05,1.08474404e-05
1.334571,3.29941612e+01,4.68660847e-05,1.09525365e-05
1.335665,3.23557614e+01,4.58091954e-05,1.10750596e-05
1.336759,3.17138697e+01,4.58632656e-05,1.12163829e-05
1.337853,3.10688099e+01,4.43184453e-05,1.13755406e-05
1.338947,3.04213008e+01,4.32612559e-05,1.15467046e-05
1.340041,2.97722611e+01,4.20633596e-05,1.17257006e-05
1.341135,2.91222584e+01,3.99763907e-05,1.19219919e-05
1.342228,2.84723903e+01,3.86584381e-05,1.21185242e-05
1.343322,2.78235614e+01,3.58084876e-05,1.23200584e-05
1.344416,2.71772324e+01,3.39124114e-05,1.25050784e-05
1.345510,2.65347471e+01,3.14319125e-05,1.26783651e-05
1.346604,2.58974769e+01,2.99102634e-05,1.28318444e-05
1.347698,2.52664528e+01,2.81417081e-05,1.29776856e-05
1.348792,2.46430324e+01,2.64303720e-05,1.30973680e-05
1.349886,2.40287227e+01,2.48532594e-05,1.31818326e-05
1.350980,2.34249542e+01,2.33915633e-05,1.32346624e-05
1.352074,2.28330927e+01,2.24185925e-05,1.32520386e-05
1.353168,2.22545523e+01,2.16731224e-05,1.32308521e-05
1.354261,2.16905841e+01,2.11631218e-05,1.31724455e-05
1.355355,2.11423703e+01,2.09123799e-05,1.30760280e-05
1.356449,2.06111210e+01,2.06009707e-05,1.29433911e-05
1.357543,2.00978040e+01,2.05136852e-05,1.27782074e-05
1.358637,1.96033947e+01,2.01763579e-05,1.25825331e-05
1.359731,1.91287430e+01,2.02774402e-05,1.23540158e-05
1.360825,1.86747283e+01,2.00117381e-05,1.20993692e-05
1.361919,1.82420867e+01,1.97825672e-05,1.18187850e-05
1.363013,1.78314796e+01,1.97622626e-05,1.15164078e-05
1.364107,1.74434540e+01,1.92944254e-05,1.12029314e-05
1.365201,1.70784938e+01,1.91555226e-05,1.08723791e-05
1.366295,1.67369829e+01,1.87224583e-05,1.05418741e-05
1.367388,1.64192456e+01,1.86042168e-05,1.02050839e-05
1.368482,1.61255340e+01,1.81920206e-05,9.87545466e-06
1.369576,1.58559816e+01,1.78874770e-05,9.55356121e-06
1.370670,1.56106582e+01,1.76979494e-05,9.24877330e-06
1.371764,1.53895665e+01,1.75314095e-05,8.96159866e-06
1.372858,1.51925922e+01,1.71595117e-05,8.70633776e-06
1.373952,1.50194958e+01,1.72599188e-05,8.47879920e-06
1.375046,1.48700117e+01,1.71094057e-05,8.29057242e-06
1.376140,1.47437125e+01,1.72003102e-05,8.13961183e-06
1.377234,1.46400928e+01,1.71931652e-05,8.03284054e-06
1.378328,1.45585602e+01,1.72817785e-05,7.96252820e-06
1.379421,1.44984215e+01,1.75188962e-05,7.92928958e-06
1.380515,1.44588954e+01,1.77225019e-05,7.92617301e-06
1.381609,1.44391147e+01,1.80124744e-05,7.94497679e-06
1.382703,1.44381267e+01,1.82667318e-05,7.97876316e-06
1.383797,1.44548870e+01,1.85441320e-05,8.02116398e-06
1.384891,1.44882782e+01,1.87649170e-05,8.07116527e-06
1.385985,1.45371246e+01,1.90352186e-05,8.13393819e-06
1.387079,1.46002276e+01,1.93153398e-05,8.22188144e-06
1.388173,1.46763891e+01,1.96966914e-05,8.35381301e-06
1.389267,1.47644414e+01,2.02282523e-05,8.55249609e-06
1.390361,1.48632519e+01,2.11909048e-05,8.84026501e-06
1.391454,1.49717353e+01,2.24399306e-05,9.23065761e-06
1.392548,1.50888807e+01,2.38051866e-05,9.74803113e-06
1.393642,1.52137498e+01,2.54908572e-05,1.03817669e-05
1.394736,1.53454559e+01,2.74878538e-05,1.11401017e-05
1.395830,1.54831627e+01,2.97941047e-05,1.20149165e-05
1.396924,1.56260749e+01,3.24016053e-05,1.30053449e-05
1.398018,1.57734337e+01,3.52712408e-05,1.40997511e-05
1.399112,1.59244970e+01,3.84634485e-05,1.52629368e-05
1.400206,1.60785421e+01,4.17804682e-05,1.65052053e-05
1.401300,1.62348842e+01,4.53211481e-05,1.77973340e-05
1.402394,1.63928579e+01,4.89549433e-05,1.91454937e-05
1.403487,1.65518206e+01,5.27879152e-05,2.05068857e-05
1.404581,1.67111249e+01,5.66727258e-05,2.18845674e-05
1.405675,1.68701619e+01,6.06220631e-05,2.32700243e-05
1.406769,1.70283413e+01,6.46307496e-05,2.46570396e-05
1.407863,1.71850663e+01,6.87620064e-05,2.60131930e-05
1.408957,1.73397443e+01,7.27696265e-05,2.73516322e-05
1.410051,1.74918446e+01,7.67693039e-05,2.86557201e-05
1.411145,1.76407996e+01,8.08655067e-05,2.98930647e-05
1.412239,1.77860483e+01,8.48256214e-05,3.10802459e-05
1.413333,1.79270974e+01,8.85442954e-05,3.22115410e-05
1.414427,1.80634178e+01,9.24458235e-05,3.32383930e-05
1.415520,1.81944398e+01,9.63012997e-05,3.41967766e-05
1.416614,1.83195620e+01,9.96550337e-05,3.50423946e-05
1.417708,1.84382960e+01,1.02979568e-04,3.57711542e-05
1.418802,1.85501999e+01,1.05611469e-04,3.64028779e-05
1.419896,1.86548442e+01,1.08426583e-04,3.69018471e-05
1.420990,1.87518075e+01,1.10817423e-04,3.72695032e-05
1.422084,1.88408695e+01,1.12634073e-04,3.75213600e-05
1.423178,1.89217046e+01,1.14406481e-04,3.76283450e-05
1.424272,1.89940460e+01,1.14729261e-04,3.76063920e-05
1.425366,1.90577475e+01,1.15834259e-04,3.74362979e-05
1.426460,1.91125109e+01,1.16436952e-04,3.71169508e-05
1.427554,1.91585363e+01,1.15618533e-04,3.66921430e-05
1.428647,1.91958699e+01,1.14141736e-04,3.61279452e-05
1.429741,1.92248720e+01,1.12235349e-04,3.54630136e-05
1.430835,1.92458303e+01,1.09910970e-04,3.46855310e-05
1.431929,1.92592630e+01,1.07152148e-04,3.38209351e-05
1.433023,1.92657187e+01,1.04534693e-04,3.28697307e-05
1.434117,1.92657506e+01,1.00731158e-04,3.18410511e-05
1.435211,1.92598905e+01,9.71834136e-05,3.07340252e-05
1.436305,1.92487286e+01,9.29787699e-05,2.95665612e-05
1.437399,1.92329075e+01,8.84350849e-05,2.83446142e-05
1.438493,1.92129616e+01,8.36836283e-05,2.70680506e-05
1.439587,1.91897892e+01,7.44503920e-05,2.57613382e-05
1.440680,1.91652749e+01,7.00857730e-05,2.45412570e-05
1.441774,1.91402071e+01,6.39001504e-05,2.32884830e-05
1.442868,1.91151422e+01,6.08375631e-05,2.20353240e-05
1.443962,1.90900245e+01,5.67567814e-05,2.07266253e-05
1.445056,1.90648625e+01,5.27543539e-05,1.93860720e-05
1.446150,1.90405496e+01,4.43357364e-05,1.80815536e-05
1.447244,1.90176104e+01,4.09161812e-05,1.67925448e-05
1.448338,1.89957503e+01,3.74951417e-05,1.54864249e-05
1.449432,1.89746738e+01,3.43427676e-05,1.41697588e-05
1.450526,1.89540239e+01,3.11794364e-05,1.28458493e-05
1.451620,1.89334344e+01,2.80525872e-05,1.15265095e-05
1.452713,1.89125761e+01,2.47846006e-05,1.02210967e-05
1.453807,1.88911112e+01,2.15459318e-05,8.94145156e-06
1.454901,1.88687027e+01,1.85163606e-05,7.70495303e-06
1.455995,1.88450283e+01,1.59105606e-05,6.52944659e-06
1.457089,1.88197681e+01,1.28791167e-05,5.40189119e-06
1.458183,1.87926215e+01,1.05609378e-05,4.36326313e-06
1.459277,1.87632691e+01,8.37502173e-06,3.41625230e-06
1.460371,1.87313820e+01,6.45092220e-06,2.57437363e-06
1.461465,1.86966343e+01,4.65857516e-06,1.85550328e-06
1.462559,1.86587166e+01,3.26343865e-06,1.31079243e-06
1.463653,1.86173171e+01,2.45655958e-06,1.02442374e-06
1.464746,1.85721517e+01,2.28045957e-06,1.04909303e-06
1.465840,1.85229132e+01,2.71733163e-06,1.26263141e-06
1.466934,1.84693177e+01,3.28347442e-06,1.52986211e-06
1.468028,1.84111170e+01,3.90626586e-06,1.78643308e-06
1.469122,1.83480876e+01,4.48264982e-06,2.01359454e-06
1.470216,1.82800291e+01,4.95938150e-06,2.20870173e-06
1.471310,1.82067805e+01,5.35574154e-06,2.37940965e-06
1.472404,1.81282226e+01,5.39685152e-06,2.53162523e-06
1.473498,1.80442879e+01,5.72951875e-06,2.67076495e-06
1.474592,1.79549646e+01,6.10211601e-06,2.80613211e-06
1.475686,1.78602891e+01,6.43454006e-06,2.94095055e-06
1.476779,1.77603500e+01,6.78906784e-06,3.08364161e-06
1.477873,1.76552896e+01,7.17284313e-06,3.23913264e-06
1.478967,1.75452989e+01,7.55815541e-06,3.40825062e-06
1.480061,1.74306109e+01,8.01814585e-06,3.60353489e-06
1.481155,1.73115116e+01,8.48736103e-06,3.81802674e-06
1.482249,1.71883280e+01,9.01295631e-06,4.05772409e-06
1.483343,1.70614191e+01,9.60806341e-06,4.32881906e-06
1.484437,1.69311848e+01,1.02588830e-05,4.62634370e-06
1.485531,1.67980561e+01,1.09759230e-05,4.95544158e-06
1.486625,1.66624836e+01,1.17396064e-05,5.30879498e-06
1.487719,1.65249487e+01,1.25276866e-05,5.69771219e-06
1.488813,1.63859652e+01,1.34254481e-05,6.10494101e-06
1.489906,1.62460547e+01,1.43559301e-05,6.53122304e-06
1.491000,1.61057515e+01,1.53105371e-05,6.98434975e-06
1.492094,1.59655935e+01,1.63540539e-05,7.44662896e-06
1.493188,1.58261292e+01,1.73526505e-05,7.92818747e-06
1.494282,1.56879362e+01,1.83935684e-05,8.41953906e-06
1.495376,1.55515546e+01,1.94856391e-05,8.91240196e-06
1.496470,1.54175140e+01,2.06374412e-05,9.40944560e-06
1.497564,1.52863633e+01,2.16691759e-05,9.91316166e-06
1.498658,1.51586592e+01,2.28316156e-05,1.04150285e-05
1.499752,1.50349061e+01,2.38705637e-05,1.09207978e-05
1.500846,1.49156173e+01,2.51142153e-05,1.14145005e-05
1.501939,1.48012214e+01,2.60580768e-05,1.19115971e-05
1.503033,1.46921709e+01,2.72990466e-05,1.23876048e-05
1.504127,1.45888275e+01,2.82492485e-05,1.28581205e-05
1.505221,1.44915664e+01,2.92809622e-05,1.33142978e-05
1.506315,1.44007123e+01,3.03198229e-05,1.37508918e-05
1.507409,1.43165357e+01,3.11827432e-05,1.41709631e-05
1.508503,1.42393127e+01,3.22413393e-05,1.45692942e-05
1.509597,1.41692484e+01,3.32709989e-05,1.49438236e-05
1.510691,1.41064264e+01,3.39142271e-05,1.52841244e-05
1.511785,1.40509766e+01,3.48033302e-05,1.55944722e-05
1.512879,1.40029494e+01,3.52238435e-05,1.58781370e-05
1.513972,1.39624368e+01,3.57441044e-05,1.61264729e-05
1.515066,1.39294236e+01,3.68702702e-05,1.63297935e-05
1.516160,1.39037221e+01,3.71880955e-05,1.65018424e-05
1.517254,1.38852161e+01,3.77108075e-05,1.66214216e-05
1.518348,1.38736855e+01,3.79667010e-05,1.66959990e-05
1.519442,1.38689909e+01,3.80101436e-05,1.67341400e-05
1.520536,1.38709207e+01,3.76229891e-05,1.67285079e-05
1.521630,1.38793062e+01,3.80100841e-05,1.66733340e-05
1.522724,1.38938605e+01,3.78664316e-05,1.65796382e-05
1.523818,1.39143027e+01,3.75633431e-05,1.64417327e-05
1.524912,1.39403501e+01,3.69450248e-05,1.62612212e-05
1.526005,1.39717502e+01,3.66510936e-05,1.60446218e-05
1.527099,1.40081831e+01,3.57873860e-05,1.57880404e-05
1.528193,1.40493630e+01,3.53414573e-05,1.54952743e-05
1.529287,1.40950497e+01,3.43255458e-05,1.51724569e-05
1.530381,1.41450105e+01,3.32296158e-05,1.48235513e-05
1.531475,1.41989071e+01,3.29205414e-05,1.44450904e-05
1.532569,1.42564405e+01,3.14884820e-05,1.40409076e-05
1.533663,1.43174068e+01,3.07633930e-05,1.36205092e-05
1.534757,1.43814858e+01,2.98522383e-05,1.31768583e-05
1.535851,1.44483934e+01,2.85026317e-05,1.27138712e-05
1.536945,1.45178442e+01,2.77388059e-05,1.22379835e-05
1.538038,1.45895826e+01,2.61680255e-05,1.17487813e-05
1.539132,1.46634146e+01,2.50847033e-05,1.12544984e-05
1.540226,1.47390959e+01,2.39057637e-05,1.07556293e-05
1.541320,1.48163882e+01,2.27845182e-05,1.02503137e-05
1.542414,1.48950803e+01,2.15544533e-05,9.74526230e-06
1.543508,1.49750066e+01,2.03514393e-05,9.24341684e-06
1.544602,1.50559491e+01,1.93065909e-05,8.74220322e-06
1.545696,1.51377128e+01,1.80241466e-05,8.24500020e-06
1.546790,1.52201241e+01,1.70536321e-05,7.75741692e-06
1.547884,1.53029774e+01,1.57387823e-05,7.26989821e-06
1.548978,1.53861488e+01,1.48162576e-05,6.80065708e-06
1.550072,1.54694400e+01,1.38189739e-05,6.33783945e-06
1.551165,1.55526553e+01,1.28624656e-05,5.88743438e-06
1.552259,1.56356610e+01,1.20078495e-05,5.45096600e-06
1.553353,1.57182840e+01,1.08946286e-05,5.02316599e-06
1.554447,1.58004183e+01,1.00165736e-05,4.61660730e-06
1.555541,1.58819361e+01,9.03835556e-06,4.22164181e-06
1.556635,1.59627211e+01,8.18800923e-06,3.84640423e-06
1.557729,1.60426478e+01,7.59608681e-06,3.49594111e-06
1.558823,1.61215805e+01,6.77116749e-06,3.15693573e-06
1.559917,1.61994290e+01,6.04566650e-06,2.84045704e-06
1.561011,1.62760986e+01,5.40162603e-06,2.54634165e-06
1.562105,1.63514725e+01,4.86255647e-06,2.27772295e-06
1.563198,1.64254434e+01,4.39258301e-06,2.03523607e-06
1.564292,1.64979093e+01,3.94799693e-06,1.81834621e-06
1.565386,1.65687689e+01,3.64703419e-06,1.63699893e-06
1.566480,1.66379236e+01,3.33062800e-06,1.48896003e-06
1.567574,1.67052833e+01,3.21762487e-06,1.38248773e-06
1.568668,1.67707515e+01,3.13726079e-06,1.31803986e-06
1.569762,1.68342383e+01,3.17732734e-06,1.29381023e-06
1.570856,1.68956540e+01,3.30223560e-06,1.30686984e-06
1.571950,1.69549137e+01,3.45061461e-06,1.35330672e-06
1.573044,1.70119420e+01,3.65111111e-06,1.42284298e-06
1.574138,1.70666635e+01,3.89590120e-06,1.51137505e-06
1.575231,1.71190108e+01,4.10705096e-06,1.60973037e-06
1.576325,1.71689171e+01,4.41048963e-06,1.71990257e-06
1.577419,1.72163208e+01,4.69398022e-06,1.83544571e-06
1.578513,1.72611666e+01,4.96106870e-06,1.95167586e-06
1.579607,1.73034026e+01,5.22310638e-06,2.06976081e-06
1.580701,1.73429808e+01,5.49448112e-06,2.19021383e-06
1.581795,1.73798600e+01,5.77557195e-06,2.31046152e-06
1.582889,1.74140043e+01,6.07499807e-06,2.43246260e-06
1.583983,1.74453870e+01,6.37697703e-06,2.55346023e-06
1.585077,1.74739829e+01,6.66553092e-06,2.67325578e-06
1.586171,1.74997669e+01,6.90132727e-06,2.78927209e-06
1.587264,1.75227237e+01,7.05840361e-06,2.90885419e-06
1.588358,1.75428545e+01,7.38576190e-06,3.02906128e-06
1.589452,1.75601522e+01,7.67880344e-06,3.14606612e-06
1.590546,1.75746135e+01,7.94311847e-06,3.26095543e-06
1.591640,1.75862383e+01,8.28683501e-06,3.37795962e-06
1.592734,1.75950311e+01,8.59181273e-06,3.49459309e-06
1.593828,1.76010062e+01,8.87531232e-06,3.60707221e-06
1.594922,1.76041792e+01,9.15255955e-06,3.71727693e-06
1.596016,1.76045724e+01,9.43843157e-06,3.82823565e-06
1.597110,1.76022115e+01,9.72921156e-06,3.93759559e-06
1.598204,1.75971264e+01,9.99011469e-06,4.04404802e-06
1.599298,1.75893531e+01,1.02592618e-05,4.15081745e-06
1.600391,1.75789308e+01,1.05467127e-05,4.25417125e-06
1.601485,1.75658919e+01,1.08529312e-05,4.35531032e-06
1.602579,1.75502669e+01,1.11438074e-05,4.45522542e-06
1.603673,1.75320954e+01,1.14159011e-05,4.55062393e-06
1.604767,1.75114199e+01,1.16490291e-05,4.64452889e-06
1.605861,1.74882845e+01,1.19509722e-05,4.74009607e-06
1.606955,1.74627383e+01,1.21595108e-05,4.82631788e-06
1.608049,1.74348342e+01,1.24258479e-05,4.91518037e-06
1.609143,1.74046355e+01,1.26414374e-05,5.00320722e-06
1.610237,1.73722109e+01,1.28739059e-05,5.08498175e-06
1.611331,1.73376197e+01,1.31410043e-05,5.16629486e-06
1.612424,1.73009109e+01,1.33831101e-05,5.24376352e-06
1.613518,1.72621447e+01,1.36056767e-05,5.31954120e-06
1.614612,1.72213821e+01,1.38848929e-05,5.39271190e-06
1.615706,1.71786589e+01,1.41707043e-05,5.45898893e-06
1.616800,1.71340206e+01,1.43921528e-05,5.52419304e-06
1.617894,1.70875278e+01,1.45960637e-05,5.58836486e-06
1.618988,1.70392358e+01,1.48411185e-05,5.64539414e-06
1.620082,1.69891985e+01,1.50594539e-05,5.69992613e-06
1.621176,1.69374613e+01,1.53229238e-05,5.75259373e-06
1.622270,1.68840701e+01,1.55124704e-05,5.80260535e-06
1.623364,1.68290833e+01,1.56758985e-05,5.84449894e-06
1.624457,1.67725552e+01,1.59184828e-05,5.88926303e-06
1.625551,1.67145377e+01,1.61191946e-05,5.92709894e-06
1.626645,1.66550799e+01,1.63129572e-05,5.96087367e-06
1.627739,1.65942297e+01,1.65728364e-05,5.99336115e-06
1.628833,1.65320120e+01,1.68889011e-05,6.01669461e-06
1.629927,1.64684176e+01,1.70297829e-05,6.03938453e-06
1.631021,1.64034747e+01,1.73005319e-05,6.05373428e-06
1.632115,1.63371909e+01,1.75698745e-05,6.06766571e-06
1.633209,1.62695064e+01,1.81533321e-05,6.06971077e-06
1.634303,1.62003594e+01,1.83944623e-05,6.06857572e-06
1.635397,1.61297646e+01,1.84823627e-05,6.06077402e-06
1.636490,1.60577414e+01,1.86465442e-05,6.04671917e-06
1.637584,1.59843243e+01,1.86861051e-05,6.03251701e-06
1.638678,1.59095655e+01,1.88459419e-05,6.01104939e-06
1.639772,1.58334706e+01,1.88846426e-05,5.98659546e-06
1.640866,1.57560511e+01,1.91676540e-05,5.95361324e-06
1.641960,1.56772606e+01,1.94340167e-05,5.91719125e-06
1.643054,1.55970773e+01,1.94774485e-05,5.87576582e-06
1.644148,1.55155048e+01,1.95983784e-05,5.82694877e-06
1.645242,1.54324882e+01,1.99574569e-05,5.77192301e-06
1.646336,1.53479410e+01,2.01620194e-05,5.70976724e-06
1.647430,1.52618150e+01,2.02979736e-05,5.63999503e-06
1.648523,1.51740945e+01,2.07893466e-05,5.56594900e-06
1.649617,1.50845744e+01,2.08722999e-05,5.48092147e-06
1.650711,1.49932647e+01,2.08587210e-05,5.39229978e-06
1.651805,1.49001172e+01,2.11930836e-05,5.29598624e-06
1.652899,1.48050433e+01,2.13501158e-05,5.19278867e-06
1.653993,1.47079032e+01,2.15808191e-05,5.08107229e-06
1.655087,1.46086603e+01,2.13355266e-05,4.96408098e-06
1.656181,1.45073376e+01,2.12592287e-05,4.84327158e-06
1.657275,1.44038904e+01,2.15156565e-05,4.71754527e-06
1.658369,1.42981875e+01,2.17404339e-05,4.58331168e-06
1.659463,1.41901176e+01,2.15879715e-05,4.44351338e-06
1.660557,1.40797001e+01,2.12339678e-05,4.30070956e-06
1.661650,1.39669406e+01,2.12680809e-05,4.15412099e-06
1.662744,1.38511347e+01,2.42152249e-05,3.98740520e-06
1.663838,1.37316869e+01,2.36972814e-05,3.80363329e-06
1.664932,1.36086353e+01,2.37101220e-05,3.62008999e-06
1.666026,1.34819757e+01,2.33833575e-05,3.43801409e-06
1.667120,1.33517119e+01,2.29033900e-05,3.25768956e-06
1.668214,1.32178980e+01,2.24318296e-05,3.08253154e-06
1.669308,1.30806078e+01,2.16902996e-05,2.91440703e-06
1.670402,1.29399613e+01,2.12721657e-05,2.75612770e-06
1.671496,1.27960353e+01,2.11984632e-05,2.60919249e-06
1.672590,1.26488376e+01,1.97198373e-05,2.47341296e-06
1.673683,1.24986632e+01,1.94045284e-05,2.35736536e-06
1.674777,1.23455739e+01,1.89724228e-05,2.25892456e-06
1.675871,1.21896612e+01,1.84025125e-05,2.18163545e-06
1.676965,1.20311090e+01,1.70905761e-05,2.12663498e-06
1.678059,1.18703449e+01,1.62152740e-05,2.09388893e-06
1.679153,1.17075817e+01,1.50994961e-05,2.08240365e-06
1.680247,1.15430681e+01,1.43446691e-05,2.09039627e-06
1.681341,1.13771081e+01,1.35272982e-05,2.11487598e-06
1.682435,1.12099079e+01,1.25235759e-05,2.15454488e-06
1.683529,1.10418122e+01,1.17113531e-05,2.20339045e-06
1.684623,1.08724025e+01,1.30535983e-05,2.28508715e-06
1.685716,1.07014326e+01,1.16982440e-05,2.39490896e-06
1.686810,1.05294382e+01,1.00697848e-05,2.50388153e-06
1.687904,1.03569647e+01,9.11134528e-06,2.60839373e-06
1.688998,1.01843713e+01,7.80340237e-06,2.71058108e-06
1.690092,1.00121276e+01,6.82434250e-06,2.80461778e-06
1.691186,9.84057673e+00,5.95874790e-06,2.89379900e-06
1.692280,9.67003858e+00,5.14923411e-06,2.97662872e-06
1.693374,9.50088846e+00,4.56948439e-06,3.05012058e-06
1.694468,9.33341393e+00,3.98623192e-06,3.11669186e-06
1.695562,9.16793162e+00,3.56598992e-06,3.17430864e-06
1.696656,9.00472679e+00,3.36163778e-06,3.22407618e-06
1.697749,8.84404621e+00,3.32124068e-06,3.26621041e-06
1.698843,8.68611971e+00,3.38699319e-06,3.30143055e-06
1.699937,8.53114054e+00,3.46992036e-06,3.33052123e-06
1.701031,8.37925160e+00,3.71289462e-06,3.35457112e-06
1.702125,8.23063076e+00,3.82410258e-06,3.37280268e-06
1.703219,8.08542289e+00,4.22479501e-06,3.38451469e-06
1.704313,7.94381325e+00,4.48259580e-06,3.38970308e-06
1.705407,7.80592639e+00,4.61548305e-06,3.39058203e-06
1.706501,7.67184777e+00,4.78763381e-06,3.38746432e-06
1.707595,7.54166286e+00,4.96429491e-06,3.38037380e-06
1.708689,7.41546137e+00,5.11286375e-06,3.36907623e-06
1.709782,7.29331792e+00,5.31259755e-06,3.35358281e-06
1.710876,7.17530748e+00,5.50450455e-06,3.33398616e-06
1.711970,7.06149546e+00,5.59519994e-06,3.31127405e-06
1.713064,6.95192482e+00,5.67598835e-06,3.28553105e-06
1.714158,6.84663013e+00,5.81128334e-06,3.25627897e-06
1.715252,6.74565096e+00,5.91992402e-06,3.22385459e-06
1.716346,6.64900945e+00,5.94174980e-06,3.18959901e-06
1.717440,6.55671271e+00,6.01183427e-06,3.15243022e-06
1.718534,6.46876477e+00,6.07360812e-06,3.11298130e-06
1.719628,6.38516376e+00,6.10744458e-06,3.07170488e-06
1.720722,6.30589302e+00,6.09984985e-06,3.02937413e-06
1.721816,6.23092985e+00,6.09079944e-06,2.98576768e-06
1.722909,6.16024630e+00,6.07803928e-06,2.94151369e-06
1.724003,6.09380880e+00,6.07098893e-06,2.89684783e-06
1.725097,6.03157776e+00,6.04580355e-06,2.85294437e-06
1.726191,5.97350268e+00,6.01198542e-06,2.81057906e-06
1.727285,5.91953136e+00,6.01096760e-06,2.76955614e-06
1.728379,5.86960901e+00,5.99533470e-06,2.73212058e-06
1.729473,5.82367370e+00,5.98265037e-06,2.69921522e-06
1.730567,5.78165932e+00,5.97485284e-06,2.67189113e-06
1.731661,5.74349728e+00,5.98513592e-06,2.65136943e-06
1.732755,5.70912018e+00,6.00856412e-06,2.63892627e-06
1.733849,5.67845577e+00,6.04921160e-06,2.63567195e-06
1.734942,5.65143295e+00,6.10918705e-06,2.64230172e-06
1.736036,5.62798058e+00,6.18640007e-06,2.65928192e-06
1.737130,5.60799951e+00,6.54955470e-06,2.68587872e-06
1.738224,5.59137928e+00,6.70091292e-06,2.72173827e-06
1.739318,5.57803386e+00,6.87300620e-06,2.76801505e-06
1.740412,5.56787333e+00,7.06935308e-06,2.82278107e-06
1.741506,5.56080274e+00,7.28891020e-06,2.88573580e-06
1.742600,5.55672324e+00,7.52499939e-06,2.95630200e-06
1.743694,5.55553160e+00,7.77552919e-06,3.03282006e-06
1.744788,5.55712142e+00,8.04234092e-06,3.11417905e-06
1.745882,5.56137985e+00,8.32902492e-06,3.19855230e-06
1.746975,5.56818819e+00,8.62957411e-06,3.28805212e-06
1.748069,5.57742327e+00,8.92853950e-06,3.37896242e-06
1.749163,5.58895726e+00,9.23565830e-06,3.47145771e-06
1.750257,5.60266317e+00,9.55373660e-06,3.56345871e-06
1.751351,5.61840322e+00,9.88018426e-06,3.65470068e-06
1.752445,5.63604124e+00,1.01896658e-05,3.74591245e-06
1.753539,5.65544471e+00,1.05015690e-05,3.83637679e-06
1.754633,5.67647595e+00,1.08452284e-05,3.92220867e-06
1.755727,5.69898654e+00,1.11630397e-05,4.00637460e-06
1.756821,5.72283611e+00,1.14820132e-05,4.08801700e-06
1.757915,5.74788962e+00,1.18135039e-05,4.16423646e-06
1.759008,5.77400053e+00,1.21072769e-05,4.23808778e-06
1.760102,5.80103259e+00,1.24140237e-05,4.30601802e-06
1.761196,5.82884776e+00,1.26863095e-05,4.37084120e-06
1.762290,5.85731549e+00,1.29967417e-05,4.42824824e-06
1.763384,5.88630422e+00,1.32592483e-05,4.48237415e-06
1.764478,5.91568690e+00,1.35247064e-05,4.53029911e-06
1.765572,5.94534209e+00,1.37750890e-05,4.57247502e-06
1.766666,5.97514545e+00,1.40413545e-05,4.60771563e-06
1.767760,6.00498110e+00,1.42655803e-05,4.63757553e-06
1.768854,6.03473559e+00,1.44717640e-05,4.66181888e-06
1.769948,6.06428920e+00,1.47648593e-05,4.67700980e-06
1.771041,6.09352837e+00,1.49202991e-05,4.68774235e-06
1.772135,6.12236422e+00,1.51054004e-05,4.69109403e-06
1.773229,6.15070327e+00,1.52802908e-05,4.68794520e-06
1.774323,6.17845950e+00,1.53889817e-05,4.67920721e-06
1.775417,6.20555379e+00,1.55407046e-05,4.66324608e-06
1.776511,6.23190488e+00,1.56667916e-05,4.64050847e-06
1.777605,6.25744575e+00,1.57402151e-05,4.61175981e-06
1.778699,6.28212497e+00,1.57854247e-05,4.57713832e-06
1.779793,6.30589063e+00,1.58828127e-05,4.53579223e-06
1.780887,6.32868959e+00,1.58851599e-05,4.48879717e-06
1.781981,6.35048934e+00,1.59349123e-05,4.43561463e-06
1.783075,6.37125117e+00,1.59133529e-05,4.37706828e-06
1.784168,6.39095144e+00,1.58330278e-05,4.31314077e-06
1.785262,6.40957902e+00,1.57926443e-05,4.24391285e-06
1.786356,6.42713715e+00,1.56145264e-05,4.17028393e-06
1.787450,6.44365478e+00,1.54754817e-05,4.09274118e-06
1.788544,6.45917092e+00,1.52712433e-05,4.01198014e-06
1.789638,6.47372392e+00,1.50841658e-05,3.92766688e-06
1.790732,6.48736682e+00,1.47289087e-05,3.84091280e-06
1.791826,6.50018830e+00,1.45488200e-05,3.75251016e-06
1.792920,6.51224220e+00,1.41102581e-05,3.66163558e-06
1.794014,6.52362966e+00,1.38484977e-05,3.57008191e-06
1.795108,6.53442039e+00,1.35722242e-05,3.47660672e-06
1.796201,6.54469042e+00,1.32364601e-05,3.38186251e-06
1.797295,6.55455049e+00,1.28139992e-05,3.28743228e-06
1.798389,6.56410540e+00,1.23330449e-05,3.19277682e-06
1.799483,6.57346664e+00,1.19491946e-05,3.09883327e-06
1.800577,6.58273740e+00,1.15495434e-05,3.00538642e-06
1.801671,6.59199724e+00,1.11158098e-05,2.91149021e-06
1.802765,6.60134154e+00,1.07440886e-05,2.81861770e-06
1.803859,6.61086661e+00,1.04337621e-05,2.72691029e-06
1.804953,6.62062509e+00,1.00699616e-05,2.63429741e-06
1.806047,6.63068450e+00,9.64625335e-06,2.54221604e-06
1.807141,6.64111960e+00,9.22151729e-06,2.45098087e-06
1.808234,6.65199675e+00,8.74665219e-06,2.36038959e-06
1.809328,6.66338014e+00,8.43814455e-06,2.27129239e-06
1.810422,6.67531122e+00,7.92337479e-06,2.18187445e-06
1.811516,6.68784779e+00,7.55213507e-06,2.09413863e-06
1.812610,6.70104441e+00,7.15179706e-06,2.00798932e-06
1.813704,6.71491876e+00,6.76343607e-06,1.92146712e-06
1.814798,6.72949261e+00,6.35529124e-06,1.83573997e-06
1.815892,6.74477186e+00,6.06965247e-06,1.75052720e-06
1.816986,6.76075123e+00,5.68681232e-06,1.66495772e-06
1.818080,6.77743621e+00,5.35993643e-06,1.58049731e-06
1.819174,6.79480334e+00,5.03663159e-06,1.49551741e-06
1.820267,6.81283764e+00,4.65202902e-06,1.41074093e-06
1.821361,6.83152210e+00,4.30397981e-06,1.32644055e-06
1.822455,6.85081870e+00,4.04747873e-06,1.24293316e-06
1.823549,6.87068154e+00,3.71246407e-06,1.15899888e-06
1.824643,6.89107139e+00,3.39962759e-06,1.07584183e-06
1.825737,6.91193195e+00,3.11349104e-06,9.93454278e-07
1.826831,6.93320092e+00,2.80503822e-06,9.11618730e-07
1.827925,6.95482522e+00,2.53420582e-06,8.31973187e-07
1.829019,6.97673806e+00,2.18884855e-06,7.52975627e-07
1.830113,6.99887315e+00,1.98839686e-06,6.78536692e-07
1.831207,7.02115120e+00,1.74257253e-06,6.06834480e-07
1.832300,7.04361069e+00,1.34967956e-06,5.46822443e-07
1.833394,7.06625796e+00,1.36782098e-06,4.97660860e-07
1.834488,7.08895866e+00,1.40197812e-06,4.51814453e-07
1.835582,7.11158262e+00,1.44678017e-06,4.10567107e-07
1.836676,7.13400675e+00,1.51102110e-06,3.75268545e-07
1.837770,7.15610915e+00,1.57353625e-06,3.48226995e-07
1.838864,7.17776870e+00,1.62809874e-06,3.30832265e-07
1.839958,7.19886702e+00,1.67957544e-06,3.24071381e-07
1.841052,7.21928682e+00,1.74778255e-06,3.28536529e-07
1.842146,7.23891517e+00,1.82876418e-06,3.43842942e-07
1.843240,7.25764373e+00,1.86954695e-06,3.67122463e-07
1.844334,7.27536575e+00,1.96254165e-06,3.99164644e-07
1.845427,7.29198132e+00,2.02107576e-06,4.36215336e-07
1.846521,7.30739561e+00,2.11845930e-06,4.79594306e-07
1.847615,7.32152006e+00,2.18602261e-06,5.26383648e-07
1.848709,7.33426863e+00,2.25413142e-06,5.76894078e-07
1.849803,7.34555993e+00,2.33701971e-06,6.31638433e-07
1.850897,7.35531760e+00,2.45101618e-06,6.92154082e-07
1.851991,7.36347969e+00,1.81495997e-06,7.54142033e-07
1.853085,7.37003216e+00,1.99066713e-06,8.27803584e-07
1.854179,7.37492634e+00,2.14692949e-06,9.02917815e-07
1.855273,7.37810953e+00,2.31317534e-06,9.83069097e-07
1.856367,7.37953781e+00,2.47515352e-06,1.06682910e-06
1.857460,7.37917237e+00,2.65214179e-06,1.15499339e-06
1.858554,7.37697568e+00,2.88301651e-06,1.24758462e-06
1.859648,7.37290868e+00,3.09732758e-06,1.34334653e-06
1.860742,7.36694133e+00,3.30854888e-06,1.44130090e-06
1.861836,7.35905282e+00,3.51218159e-06,1.54339051e-06
1.862930,7.34922985e+00,3.74106073e-06,1.65026132e-06
1.864024,7.33746745e+00,3.96257731e-06,1.75933153e-06
1.865118,7.32376944e+00,4.16370188e-06,1.86952375e-06
1.866212,7.30814502e+00,4.41805295e-06,1.98374585e-06
1.867306,7.29060866e+00,4.66618876e-06,2.10145344e-06
1.868400,7.27118477e+00,4.91581284e-06,2.22065254e-06
1.869493,7.24990491e+00,5.16193622e-06,2.34265330e-06
1.870587,7.22680978e+00,5.41562014e-06,2.46445909e-06
1.871681,7.20194255e+00,5.69780404e-06,2.59029837e-06
1.872775,7.17535455e+00,5.99412197e-06,2.71724926e-06
1.873869,7.14710398e+00,6.26811801e-06,2.84617158e-06
1.874963,7.11726342e+00,6.56156517e-06,2.97763796e-06
1.876057,7.08590661e+00,6.91346521e-06,3.10744417e-06
1.877151,7.05310316e+00,7.19723396e-06,3.23917741e-06
1.878245,7.01893737e+00,7.54152502e-06,3.37103332e-06
1.879339,6.98348909e+00,7.95149682e-06,3.50621508e-06
1.880433,6.94693173e+00,0.00000000e+00,0.00000000e+00
1.881526,6.90980566e+00,8.67169660e-06,3.81388937e-06
1.882620,6.87181835e+00,8.99678768e-06,3.94812656e-06
1.883714,6.83299466e+00,9.40901088e-06,4.08589032e-06
1.884808,6.79345174e+00,9.72096749e-06,4.22073028e-06
1.885902,6.75332723e+00,1.00288263e-05,4.35494519e-06
1.886996,6.71276013e+00,1.03829797e-05,4.48977182e-06
1.888090,6.67189181e+00,1.06926384e-05,4.62240207e-06
1.889184,6.63086991e+00,1.10037973e-05,4.75405960e-06
1.890278,6.58984227e+00,1.13278747e-05,4.88372085e-06
1.891372,6.54894490e+00,1.17468054e-05,5.01371134e-06
1.892466,6.50830391e+00,1.21070943e-05,5.13919217e-06
1.893559,6.46805310e+00,1.24133231e-05,5.26157610e-06
1.894653,6.42832787e+00,1.27517457e-05,5.37946189e-06
1.895747,6.38921104e+00,1.33110876e-05,5.49538783e-06
1.896841,6.35077459e+00,1.36104484e-05,5.60478484e-06
1.897935,6.31315068e+00,1.38916672e-05,5.71096080e-06
1.899029,6.27646145e+00,1.42856654e-05,5.81155674e-06
1.900123,6.24077690e+00,1.45548594e-05,5.90510457e-06
1.901217,6.20620356e+00,1.47715375e-05,5.99463921e-06
1.902311,6.17286501e+00,1.49804421e-05,6.08014245e-06
1.903405,6.14086393e+00,1.52640256e-05,6.16130092e-06
1.904499,6.11026738e+00,1.55237360e-05,6.23532800e-06
1.905593,6.08114370e+00,1.56802518e-05,6.30465690e-06
1.906686,6.05357685e+00,1.57531068e-05,6.36698050e-06
1.907780,6.02765121e+00,1.59541418e-05,6.42836604e-06
1.908874,6.00342368e+00,1.61082875e-05,6.48309188e-06
1.909968,5.98092891e+00,1.61746500e-05,6.53124706e-06
1.911062,5.96021713e+00,1.62149803e-05,6.57632124e-06
1.912156,5.94133723e+00,1.62131677e-05,6.61720010e-06
1.913250,5.92431498e+00,1.64780090e-05,6.65600397e-06
1.914344,5.90909302e+00,1.65477576e-05,6.68678857e-06
1.915438,5.89559485e+00,1.66984723e-05,6.70818472e-06
1.916532,5.88377491e+00,1.66446331e-05,6.72488718e-06
1.917626,5.87361697e+00,1.67315350e-05,6.73943195e-06
1.918719,5.86507048e+00,1.65726952e-05,6.74765362e-06
1.919813,5.85809077e+00,1.66996895e-05,6.75366015e-06
1.920907,5.85255942e+00,1.68203790e-05,6.75218663e-06
1.922001,5.84832651e+00,1.68218501e-05,6.74181181e-06
1.923095,5.84518871e+00,1.73960696e-05,6.72092635e-06
1.924189,5.84285324e+00,1.73200804e-05,6.68187060e-06
1.925283,5.84122833e+00,1.70970215e-05,6.64030006e-06
1.926377,5.84024306e+00,1.71968306e-05,6.59723001e-06
1.927471,5.83956773e+00,1.80779219e-05,6.53661330e-06
1.928565,5.83881954e+00,1.80189726e-05,6.45291772e-06
1.929659,5.83777074e+00,1.82930003e-05,6.35877274e-06
1.930752,5.83624361e+00,1.78572606e-05,6.25525598e-06
1.931846,5.83417009e+00,1.77129563e-05,6.15166070e-06
1.932940,5.83147054e+00,1.72071957e-05,6.04701988e-06
1.934034,5.82801589e+00,1.73850697e-05,5.93753623e-06
1.935128,5.82365174e+00,1.75088480e-05,5.82452466e-06
1.936222,5.81815168e+00,1.73919685e-05,5.69929180e-06
1.937316,5.80797179e+00,3.97211788e-05,5.29403463e-06
1.938410,5.78997124e+00,3.73398886e-05,4.62558485e-06
1.939504,5.76513698e+00,3.21664828e-05,4.01310688e-06
1.940598,5.73509173e+00,2.51482865e-05,3.49631112e-06
1.941692,5.70162504e+00,2.18664767e-05,3.09948005e-06
1.942785,5.66597461e+00,1.72331466e-05,2.77464106e-06
1.943879,5.62920495e+00,1.48220205e-05,2.52140586e-06
1.944973,5.59189731e+00,1.31679781e-05,2.30863949e-06
1.946067,5.55448158e+00,1.13518138e-05,2.12935976e-06
1.947161,5.51724914e+00,1.06646808e-05,1.97629492e-06
1.948255,5.48033731e+00,9.82918268e-06,1.84037184e-06
1.949349,5.44389876e+00,8.86829437e-06,1.72296894e-06
1.950443,5.40802946e+00,8.31191433e-06,1.62047489e-06
1.951537,5.37276701e+00,7.73291264e-06,1.52943661e-06
1.952631,5.33813451e+00,7.28854685e-06,1.44875659e-06
1.953725,5.30413051e+00,6.78019562e-06,1.37612008e-06
1.954818,5.27074194e+00,6.40256765e-06,1.31050644e-06
1.955912,5.23793590e+00,6.01488008e-06,1.24978704e-06
1.957006,5.20566702e+00,5.74622436e-06,1.19292304e-06
1.958100,5.17387266e+00,5.44630493e-06,1.13749750e-06
1.959194,5.14248933e+00,5.13166285e-06,1.08344922e-06
1.960288,5.11144592e+00,4.84006827e-06,1.02966976e-06
1.961382,5.08066243e+00,4.58297792e-06,9.75696535e-07
1.962476,5.05005513e+00,4.27565462e-06,9.20454752e-07
1.963570,5.01953696e+00,4.01738271e-06,8.65572075e-07
1.964664,4.98901568e+00,3.75133232e-06,8.09756422e-07
1.965758,4.95839793e+00,3.49650804e-06,7.54535120e-07
1.966852,4.92758938e+00,3.25380185e-06,7.00946308e-07
1.967945,4.89649002e+00,2.91541319e-06,6.48870594e-07
1.969039,4.86498514e+00,2.61757696e-06,6.01779044e-07
1.970133,4.83296321e+00,2.33586968e-06,5.59531724e-07
1.971227,4.80031860e+00,2.07230643e-06,5.23645775e-07
1.972321,4.76695258e+00,1.85231032e-06,4.95789444e-07
1.973415,4.73277517e+00,1.64062627e-06,4.74861951e-07
1.974509,4.69770356e+00,1.45556912e-06,4.62480416e-07
1.975603,4.66166313e+00,1.30586650e-06,4.57119705e-07
1.976697,4.62459018e+00,1.18057465e-06,4.57762435e-07
1.977791,4.58642990e+00,1.07682892e-06,4.63155283e-07
1.978885,4.54713530e+00,9.97102218e-07,4.71970033e-07
1.979978,4.50666818e+00,9.45778100e-07,4.82902507e-07
1.981072,4.46499826e+00,9.02180588e-07,4.95092445e-07
1.982166,4.42210176e+00,8.57756267e-07,5.07601895e-07
1.983260,4.37796047e+00,8.29794574e-07,5.20268909e-07
1.984354,4.33256366e+00,8.12250702e-07,5.32099779e-07
1.985448,4.28590709e+00,7.98975821e-07,5.43574391e-07
1.986542,4.23799148e+00,7.82659445e-07,5.53703617e-07
1.987636,4.18882245e+00,7.69447661e-07,5.62853989e-07
1.988730,4.13841026e+00,7.57017091e-07,5.70588534e-07
1.989824,4.08676914e+00,7.44817948e-07,5.77558449e-07
1.990918,4.03391553e+00,7.27695608e-07,5.83869421e-07
1.992011,3.97986915e+00,7.16842442e-07,5.89292102e-07
1.993105,3.92465417e+00,7.04927247e-07,5.93279952e-07
1.994199,3.86829750e+00,6.91438210e-07,5.97641022e-07
1.995293,3.81082699e+00,6.82794297e-07,6.00450796e-07
1.996387,3.75227397e+00,6.73887340e-07,6.03398360e-07
1.997481,3.69267105e+00,6.63391703e-07,6.05812484e-07
1.998575,3.63205063e+00,6.58318349e-07,6.07485897e-07
1.999669,3.57044718e+00,6.52598666e-07,6.09739239e-07
2.000763,3.50789627e+00,6.53521207e-07,6.11863291e-07
2.001857,3.44443429e+00,6.58136058e-07,6.13965456e-07
2.002951,3.38009902e+00,6.66339044e-07,6.16614964e-07
2.004044,3.31492851e+00,6.81108254e-07,6.19590139e-07
2.005138,3.24896240e+00,6.99436460e-07,6.22775260e-07
2.006232,3.18223967e+00,7.18924185e-07,6.26873729e-07
2.007326,3.11479888e+00,7.39834627e-07,6.32113616e-07
2.008420,3.04667924e+00,7.64275521e-07,6.37965225e-07
2.009514,2.97791962e+00,7.92287310e-07,6.44903384e-07
2.010608,2.90855889e+00,8.15655925e-07,6.53606227e-07
2.011702,2.83863545e+00,8.46456253e-07,6.63154331e-07
2.012796,2.76818908e+00,8.74399627e-07,6.74470853e-07
2.013890,2.69725910e+00,9.03637036e-07,6.87494470e-07
2.014984,2.62588607e+00,9.28609723e-07,7.02456222e-07
2.016077,2.55411063e+00,9.57094842e-07,7.19403758e-07
2.017171,2.48197619e+00,9.82656046e-07,7.38009868e-07
2.018265,2.40952652e+00,1.00241693e-06,7.59672585e-07
2.019359,2.33680959e+00,1.02204789e-06,7.83454987e-07
2.020453,2.26387434e+00,1.03934588e-06,8.09893422e-07
2.021547,2.19077530e+00,1.04772552e-06,8.39213826e-07
2.022641,2.11757217e+00,1.05760805e-06,8.72164474e-07
2.023735,2.04433109e+00,1.06914745e-06,9.07998396e-07
2.024829,1.97112527e+00,1.07773957e-06,9.48713444e-07
2.025923,1.89803863e+00,1.08917261e-06,9.93331335e-07
2.027017,1.82516405e+00,1.12122826e-06,1.04295163e-06
2.028111,1.75261066e+00,1.15020798e-06,1.09722938e-06
2.029204,1.68049792e+00,1.23277526e-06,1.15841986e-06
2.030298,1.60896718e+00,1.30231672e-06,1.22418915e-06
2.031392,1.53816610e+00,1.41809499e-06,1.29673232e-06
2.032486,1.46826537e+00,1.54411177e-06,1.37458769e-06
2.033580,1.39945636e+00,1.72185088e-06,1.45868954e-06
2.034674,1.33195748e+00,1.90127209e-06,1.54699637e-06
2.035768,1.26601808e+00,2.17916977e-06,1.63925545e-06
2.036862,1.20194984e+00,2.52158131e-06,1.73246281e-06
2.037956,1.14011608e+00,2.87974160e-06,1.82527024e-06
2.039050,1.08092111e+00,3.22172242e-06,1.91327595e-06
2.040144,1.02480301e+00,3.57857903e-06,1.99663016e-06
2.041237,9.72241328e-01,3.91017974e-06,2.07059154e-06
2.042331,9.23746929e-01,4.22061306e-06,2.13252522e-06
2.043425,8.79850703e-01,4.50886205e-06,2.18001280e-06
2.044519,8.41086306e-01,4.76077277e-06,2.20933081e-06
2.045613,8.07962579e-01,4.96667237e-06,2.21831753e-06
2.046707,7.80925382e-01,5.12393353e-06,2.20486331e-06
2.047801,7.60312755e-01,5.22662271e-06,2.17019105e-06
2.048895,7.46238919e-01,3.67429190e-06,2.11495347e-06
2.049989,7.38311514e-01,3.63044337e-06,2.07079086e-06
2.051083,7.36411130e-01,3.56575558e-06,2.01504018e-06
2.052177,7.40351038e-01,3.48535892e-06,1.95079260e-06
2.053270,7.49817644e-01,3.39732473e-06,1.88179938e-06
2.054364,7.64397722e-01,3.28915652e-06,1.81273857e-06
2.055458,7.83630975e-01,3.07338403e-06,1.74558436e-06
2.056552,8.07052608e-01,2.88909544e-06,1.68459427e-06
2.057646,8.34195380e-01,2.74001790e-06,1.62981146e-06
2.058740,8.64606784e-01,2.62247839e-06,1.58124189e-06
2.059834,8.97858503e-01,2.52942077e-06,1.53938090e-06
2.060928,9.33535425e-01,4.23006144e-06,1.50354006e-06
2.062022,9.71118215e-01,4.07919707e-06,1.45309671e-06
2.063116,1.01016474e+00,3.94508115e-06,1.40950263e-06
2.064210,1.05031234e+00,3.82382750e-06,1.37155985e-06
2.065303,1.09125738e+00,3.70978532e-06,1.33851625e-06
2.066397,1.13274729e+00,3.60333101e-06,1.30951706e-06
2.067491,1.17457363e+00,3.50545671e-06,1.28372837e-06
2.068585,1.21656564e+00,3.41067503e-06,1.26089268e-06
2.069679,1.25858431e+00,3.31995571e-06,1.24064449e-06
2.070773,1.30051707e+00,3.23743106e-06,1.22253348e-06
2.071867,1.34227355e+00,3.15971064e-06,1.20649367e-06
2.072961,1.38378187e+00,3.08444012e-06,1.19246481e-06
2.074055,1.42498569e+00,3.01419367e-06,1.18025190e-06
2.075149,1.46584180e+00,2.94855252e-06,1.16992660e-06
2.076243,1.50631738e+00,2.88775239e-06,1.16141473e-06
2.077336,1.54638841e+00,2.83255873e-06,1.15473064e-06
2.078430,1.58603822e+00,2.78304032e-06,1.14988908e-06
2.079524,1.62525566e+00,2.73908595e-06,1.14682048e-06
2.080618,1.66403399e+00,2.70161765e-06,1.14562109e-06
2.081712,1.70237026e+00,2.66675813e-06,1.14622078e-06
2.082806,1.74026546e+00,2.63901009e-06,1.14869088e-06
2.083900,1.77772261e+00,2.61358405e-06,1.15311127e-06
2.084994,1.81474834e+00,2.59109109e-06,1.15925940e-06
2.086088,1.85135152e+00,2.57342746e-06,1.16724680e-06
2.087182,1.88754217e+00,2.55913520e-06,1.17714134e-06
2.088276,1.92333221e+00,2.54896981e-06,1.18872628e-06
2.089370,1.95873395e+00,2.54827106e-06,1.20216354e-06
2.090463,1.99375815e+00,2.56132446e-06,1.21727751e-06
2.091557,2.02841435e+00,2.56517744e-06,1.23404483e-06
2.092651,2.06271707e+00,2.56540269e-06,1.25234939e-06
2.093745,2.09668162e+00,2.58467157e-06,1.27215881e-06
2.094839,2.13032081e+00,2.59460012e-06,1.29301280e-06
2.095933,2.16365100e+00,2.60431163e-06,1.31554068e-06
2.097027,2.19668821e+00,2.63989825e-06,1.33945899e-06
2.098121,2.22943872e+00,2.70065799e-06,1.36451849e-06
2.099215,2.26190181e+00,2.76720195e-06,1.39001281e-06
2.100309,2.29407618e+00,2.83178632e-06,1.41610108e-06
2.101403,2.32596065e+00,2.89891429e-06,1.44271873e-06
2.102496,2.35755323e+00,2.97074241e-06,1.47010917e-06
2.103590,2.38885147e+00,3.04156430e-06,1.49712445e-06
2.104684,2.41985299e+00,3.11812296e-06,1.52542635e-06
2.105778,2.45055348e+00,3.20015164e-06,1.55331618e-06
2.106872,2.48094874e+00,3.27172248e-06,1.58132444e-06
2.107966,2.51103380e+00,3.36687428e-06,1.60896935e-06
2.109060,2.54080053e+00,3.44901419e-06,1.63650253e-06
2.110154,2.57024146e+00,3.53588975e-06,1.66396003e-06
2.111248,2.59934751e+00,3.62794143e-06,1.69104668e-06
2.112342,2.62810769e+00,3.72425597e-06,1.71788111e-06
2.113436,2.65650880e+00,3.82829069e-06,1.74386800e-06
2.114529,2.68453115e+00,3.94111018e-06,1.76824574e-06
2.115623,2.71215987e+00,4.03204536e-06,1.79258636e-06
2.116717,2.73938213e+00,4.12790812e-06,1.81608995e-06
2.117811,2.76618346e+00,4.21616245e-06,1.83815133e-06
2.118905,2.79254330e+00,4.34963465e-06,1.86026257e-06
2.119999,2.81843851e+00,4.44048871e-06,1.88020110e-06
2.121093,2.84385452e+00,4.53986059e-06,1.89939226e-06
2.122187,2.86877142e+00,4.62612448e-06,1.91684330e-06
2.123281,2.89317295e+00,4.72367317e-06,1.93382882e-06
2.124375,2.91703886e+00,4.84911860e-06,1.94837391e-06
2.125469,2.94032582e+00,5.04285659e-06,1.96245496e-06
2.126562,2.96342585e+00,3.04581315e-06,1.98688291e-06
2.127656,2.98677177e+00,3.09000729e-06,2.02518499e-06
2.128750,3.01036624e+00,3.16843090e-06,2.06427025e-06
2.129844,3.03421514e+00,3.17289835e-06,2.10223334e-06
2.130938,3.05834033e+00,3.19380248e-06,2.14142622e-06
2.132032,3.08275805e+00,3.27078505e-06,2.18087318e-06
2.133126,3.10745438e+00,3.34946403e-06,2.22017408e-06
2.134220,3.13242821e+00,3.38118598e-06,2.25891272e-06
2.135314,3.15768770e+00,3.42083355e-06,2.29806909e-06
2.136408,3.18324258e+00,3.45481560e-06,2.33778069e-06
2.137502,3.20910422e+00,3.48378177e-06,2.37751830e-06
2.138595,3.23528573e+00,3.52787756e-06,2.41731801e-06
2.139689,3.26179214e+00,3.55996287e-06,2.45779379e-06
2.140783,3.28863446e+00,3.54377259e-06,2.49698587e-06
2.141877,3.31580674e+00,3.72591039e-06,2.53789167e-06
2.142971,3.34328546e+00,3.75703288e-06,2.57712030e-06
2.144065,3.37106841e+00,3.84615571e-06,2.61647389e-06
2.145159,3.39915437e+00,3.86259013e-06,2.65546478e-06
2.146253,3.42755034e+00,3.91285093e-06,2.69427198e-06
2.147347,3.45624650e+00,4.08829759e-06,2.73323080e-06
2.148441,3.48518021e+00,4.28853329e-06,2.76952068e-06
2.149535,3.51430013e+00,4.40851250e-06,2.80435967e-06
2.150629,3.54358976e+00,4.40869106e-06,2.83733637e-06
2.151722,3.57303276e+00,4.67314406e-06,2.87092599e-06
2.152816,3.60257283e+00,4.69824106e-06,2.90132414e-06
2.153910,3.63221645e+00,4.68145657e-06,2.93172018e-06
2.155004,3.66198639e+00,4.67818780e-06,2.96297350e-06
2.156098,3.69189353e+00,4.70219840e-06,2.99425173e-06
2.157192,3.72193781e+00,4.76577716e-06,3.02575261e-06
2.158286,3.75211831e+00,4.85577961e-06,3.05765205e-06
2.159380,3.78238951e+00,5.09033912e-06,3.08708045e-06
2.160474,3.81269833e+00,5.19320037e-06,3.11473727e-06
2.161568,3.84302315e+00,5.16252686e-06,3.14044290e-06
2.162662,3.87334863e+00,5.39265528e-06,3.16605591e-06
2.163755,3.90360387e+00,5.60316827e-06,3.18874041e-06
2.164849,3.93373669e+00,5.68419348e-06,3.20935959e-06
2.165943,3.96373119e+00,5.78638753e-06,3.22875130e-06
2.167037,3.99356751e+00,5.79284481e-06,3.24706728e-06
2.168131,4.02324548e+00,5.85634301e-06,3.26563340e-06
2.169225,4.05275544e+00,5.86369011e-06,3.28345823e-06
2.170319,4.08210560e+00,6.00588054e-06,3.30178185e-06
2.171413,4.11124018e+00,6.09899296e-06,3.31667968e-06
2.172507,4.14013527e+00,6.13402560e-06,3.33123265e-06
2.173601,4.16878518e+00,6.13529734e-06,3.34499124e-06
2.174695,4.19719029e+00,6.18374221e-06,3.35885558e-06
2.175788,4.22536357e+00,6.02182958e-06,3.37226290e-06
2.176882,4.25330481e+00,6.28691998e-06,3.38672487e-06
2.177976,4.28096503e+00,6.40343695e-06,3.39838822e-06
2.179070,4.30831212e+00,6.48330595e-06,3.40885654e-06
2.180164,4.33530059e+00,6.72503549e-06,3.41689146e-06
2.181258,4.36186448e+00,6.73282556e-06,3.42159394e-06
2.182352,4.38797326e+00,6.90578947e-06,3.42586643e-06
2.183446,4.41359248e+00,6.98608894e-06,3.42821020e-06
2.184540,4.43869327e+00,7.02848671e-06,3.42884238e-06
2.185634,4.46323594e+00,7.18284745e-06,3.42797979e-06
2.186728,4.48717515e+00,7.56741800e-06,3.42549635e-06
2.187821,4.51038625e+00,7.65747419e-06,3.41624969e-06
2.188915,4.53282307e+00,7.70713995e-06,3.40568481e-06
2.190009,4.55443532e+00,7.84545692e-06,3.39246994e-06
2.191103,4.57518707e+00,7.82725715e-06,3.37767135e-06
2.192197,4.59504559e+00,7.97025386e-06,3.36097127e-06
2.193291,4.61396326e+00,8.18508806e-06,3.34252051e-06
2.194385,4.63187815e+00,8.24595610e-06,3.32057296e-06
2.195479,4.64875713e+00,8.32227030e-06,3.29714998e-06
2.196573,4.66455422e+00,8.54747352e-06,3.27165059e-06
2.197667,4.67916465e+00,8.69078392e-06,3.24076490e-06
2.198761,4.69252252e+00,8.87560095e-06,3.20751333e-06
2.199854,4.70454357e+00,9.12451747e-06,3.17008997e-06
2.200948,4.71514862e+00,9.13399447e-06,3.12862122e-06
2.202042,4.72428924e+00,9.23040459e-06,3.08484395e-06
2.203136,4.73190979e+00,9.24012499e-06,3.03808210e-06
2.204230,4.73795696e+00,9.38220156e-06,2.98883386e-06
2.205324,4.74238876e+00,9.33919388e-06,2.93715961e-06
2.206418,4.74515803e+00,1.00466573e-05,2.88436669e-06
2.207512,4.74602189e+00,1.01927753e-05,2.81845436e-06
2.208606,4.74490003e+00,1.01707108e-05,2.74987041e-06
2.209700,4.74174994e+00,1.03530110e-05,2.67904129e-06
2.210794,4.73648971e+00,1.03785526e-05,2.60371824e-06
2.211888,4.72904616e+00,1.04485076e-05,2.52472807e-06
2.212981,4.71936101e+00,1.06376036e-05,2.44327321e-06
2.214075,4.70736186e+00,1.06168454e-05,2.35744184e-06
2.215169,4.69300061e+00,1.05219068e-05,2.26881946e-06
2.216263,4.67627112e+00,1.03744793e-05,2.17950186e-06
2.217357,4.65709700e+00,1.08367788e-05,2.08687496e-06
2.218451,4.63536027e+00,1.06558380e-05,1.98803423e-06
2.219545,4.61103859e+00,1.07491045e-05,1.88835429e-06
2.220639,4.58413258e+00,1.02698500e-05,1.78754756e-06
2.221733,4.55463503e+00,1.08724762e-05,1.68718788e-06
2.222827,4.52230802e+00,1.12311716e-05,1.57599406e-06
2.223921,4.48694265e+00,1.21794203e-05,1.45796868e-06
2.225014,4.44818324e+00,1.28059351e-05,1.32444930e-06
2.226108,4.40582741e+00,1.22733931e-05,1.18351983e-06
2.227202,4.36005091e+00,1.11597006e-05,1.05255768e-06
2.228296,4.31107362e+00,1.12143227e-05,9.34845256e-07
2.229390,4.25885032e+00,1.07762872e-05,8.19148928e-07
2.230484,4.20357960e+00,9.47791067e-06,7.19950770e-07
2.231578,4.14557368e+00,8.94418643e-06,6.43320321e-07
2.232672,4.08498654e+00,8.68806476e-06,5.86740521e-07
2.233766,4.02173145e+00,9.06181695e-06,5.49818870e-07
2.234860,3.95571768e+00,8.66854892e-06,5.40536621e-07
2.235954,3.88710405e+00,7.81508713e-06,5.61996664e-07
2.237047,3.81608120e+00,7.00506782e-06,6.07303834e-07
2.238141,3.74272088e+00,7.44103983e-06,6.69490658e-07
2.239235,3.66704473e+00,6.51767393e-06,7.45894416e-07
2.240329,3.58925273e+00,6.36125099e-06,8.25935895e-07
2.241423,3.50938727e+00,5.72593159e-06,9.13000855e-07
2.242517,3.42762068e+00,4.92115678e-06,9.98929228e-07
2.243611,3.34412475e+00,4.73927189e-06,1.08186196e-06
2.244705,3.25899314e+00,4.36270409e-06,1.16411695e-06
2.245799,3.17228665e+00,4.02364914e-06,1.24659105e-06
2.246893,3.08412450e+00,3.60121124e-06,1.32532127e-06
2.247987,2.99459397e+00,3.06424588e-06,1.40289003e-06
2.249080,2.90382518e+00,2.51520294e-06,1.47568196e-06
2.250174,2.81198888e+00,1.74577977e-06,1.54273407e-06
2.251268,2.71926791e+00,1.33935147e-06,1.60259246e-06
2.252362,2.62579038e+00,7.95786135e-07,1.65784088e-06
2.253456,2.53168038e+00,5.58045012e-07,1.70771178e-06
2.254550,2.43702630e+00,2.97602710e-07,1.75368784e-06
2.255644,2.34189812e+00,2.45040160e-07,1.79700438e-06
2.256738,2.24638713e+00,5.09709687e-07,1.83574125e-06
2.257832,2.15056590e+00,6.99525619e-07,1.87084973e-06
2.258926,2.05448418e+00,9.90298792e-07,1.90341433e-06
2.260020,1.95824183e+00,1.46916610e-06,1.93088927e-06
2.261113,1.86195237e+00,1.64661226e-06,1.95296491e-06
2.262207,1.76565535e+00,1.84798425e-06,1.97275033e-06
2.263301,1.66941284e+00,2.16171579e-06,1.98862266e-06
2.264395,1.57330604e+00,2.47008655e-06,2.00016364e-06
2.265489,1.47739666e+00,2.55117754e-06,2.00826536e-06
2.266583,1.38172078e+00,2.78670840e-06,2.01338320e-06
2.267677,1.28633677e+00,2.97894534e-06,2.01501492e-06
2.268771,1.19128008e+00,3.07125408e-06,2.01384953e-06
2.269865,1.09656775e+00,3.12540982e-06,2.01085698e-06
2.270959,1.00222258e+00,3.23320436e-06,2.00563038e-06
2.272053,9.08280185e-01,3.40815277e-06,1.99728065e-06
2.273147,8.14785962e-01,3.50260151e-06,1.98621228e-06
2.274240,7.21773525e-01,3.68620464e-06,1.97248502e-06
2.275334,6.29290927e-01,3.77696788e-06,1.95571405e-06
2.276428,5.37389409e-01,3.95419987e-06,1.93637748e-06
2.277522,4.46149436e-01,4.19966757e-06,1.91426714e-06
2.278616,3.55684375e-01,4.49699725e-06,1.88862050e-06
2.279710,2.66157249e-01,4.74832558e-06,1.86027307e-06
2.280804,1.77794811e-01,4.76837808e-06,1.83291937e-06
2.281898,9.12524226e-02,4.54326008e-06,1.81411727e-06
