time_orbits,dist_km,u_p_norm,u_e_norm
0.000000,0.00000000e+00,0.00000000e+00,0.00000000e+00
0.000547,8.66220298e+02,1.21316738e-03,5.86953664e-04
0.001094,8.66457111e+02,1.20206168e-03,5.81001457e-04
0.001641,8.66733593e+02,1.19615612e-03,5.77460007e-04
0.002188,8.67047362e+02,1.19056951e-03,5.73934194e-04
0.002735,8.67396127e+02,1.18461533e-03,5.70383560e-04
0.003282,8.67777696e+02,1.17889884e-03,5.66931953e-04
0.003829,8.68189960e+02,1.17330368e-03,5.63531734e-04
0.004376,8.68630894e+02,1.16793309e-03,5.60287835e-04
0.004923,8.69098554e+02,1.16268822e-03,5.57151051e-04
0.005470,8.69591081e+02,1.15758713e-03,5.54116780e-04
0.006017,8.70106695e+02,1.15283187e-03,5.51212000e-04
0.006563,8.70643689e+02,1.14856115e-03,5.48383862e-04
0.007110,8.71200438e+02,1.14398865e-03,5.45801680e-04
0.007657,8.71775413e+02,1.13968895e-03,5.43385846e-04
0.008204,8.72367143e+02,1.13624835e-03,5.41017884e-04
0.008751,8.72974212e+02,1.13332428e-03,5.38889464e-04
0.009298,8.73595280e+02,1.13029272e-03,5.36887749e-04
0.009845,8.74229104e+02,1.12707623e-03,5.35126224e-04
0.010392,8.74874501e+02,1.12511915e-03,5.33606022e-04
0.010939,8.75530342e+02,1.12307434e-03,5.32280404e-04
0.011486,8.76195566e+02,1.12175965e-03,5.31072349e-04
0.012033,8.76869163e+02,1.12102697e-03,5.30133889e-04
0.012580,8.77550173e+02,1.12086384e-03,5.29377154e-04
0.013127,8.78237714e+02,1.12028977e-03,5.28912230e-04
0.013674,8.78930972e+02,1.12067780e-03,5.28644935e-04
0.014221,8.79629167e+02,1.12181756e-03,5.28625547e-04
0.014768,8.80331573e+02,1.12295747e-03,5.28893083e-04
0.015315,8.81037531e+02,1.12468432e-03,5.29424078e-04
0.015862,8.81746415e+02,1.12731221e-03,5.30211768e-04
0.016409,8.82457635e+02,1.13044554e-03,5.31218973e-04
0.016956,8.83170663e+02,1.13359434e-03,5.32508550e-04
0.017503,8.83885020e+02,1.13756507e-03,5.34041046e-04
0.018050,8.84600273e+02,1.14159124e-03,5.35905928e-04
0.018596,8.85316049e+02,1.14595871e-03,5.37989593e-04
0.019143,8.86032013e+02,1.15103990e-03,5.40345928e-04
0.019690,8.86747879e+02,1.15617053e-03,5.42908163e-04
0.020237,8.87463400e+02,1.16219102e-03,5.45862928e-04
0.020784,8.88178348e+02,1.16873604e-03,5.48966114e-04
0.021331,8.88892533e+02,1.17579221e-03,5.52295311e-04
0.021878,8.89605809e+02,1.18287613e-03,5.55953194e-04
0.022425,8.90318061e+02,1.19063093e-03,5.59920229e-04
0.022972,8.91029205e+02,1.19885933e-03,5.63863819e-04
0.023519,8.91739189e+02,1.20750825e-03,5.68132903e-04
0.024066,8.92447991e+02,1.21628521e-03,5.72604985e-04
0.024613,8.93155628e+02,1.22559280e-03,5.77198804e-04
0.025160,8.93862140e+02,1.23482951e-03,5.82151902e-04
0.025707,8.94567603e+02,1.24469278e-03,5.87087249e-04
0.026254,8.95272110e+02,1.25479532e-03,5.92332992e-04
0.026801,8.95975786e+02,1.26508805e-03,5.97605747e-04
0.027348,8.96678774e+02,1.27590654e-03,6.03056679e-04
0.027895,8.97381251e+02,1.28633168e-03,6.08602890e-04
0.028442,8.98083422e+02,1.29732542e-03,6.14276216e-04
0.028989,8.98785514e+02,1.30817525e-03,6.19964338e-04
0.029536,8.99487776e+02,1.31949817e-03,6.25841837e-04
0.030083,9.00190470e+02,1.33095842e-03,6.31719605e-04
0.030630,9.00893885e+02,1.34213076e-03,6.37697827e-04
0.031176,9.01598327e+02,1.35387607e-03,6.43759315e-04
0.031723,9.02304107e+02,1.36556362e-03,6.49946129e-04
0.032270,9.03011553e+02,1.37752163e-03,6.56092807e-04
0.032817,9.03721002e+02,1.38965805e-03,6.62239925e-04
0.033364,9.04432805e+02,1.40161252e-03,6.68503201e-04
0.033911,9.05147327e+02,1.41377757e-03,6.74720152e-04
0.034458,9.05864944e+02,1.42578100e-03,6.80974843e-04
0.035005,9.06586041e+02,1.43786218e-03,6.87176008e-04
0.035552,9.07311012e+02,1.45016198e-03,6.93356612e-04
0.036099,9.08040252e+02,1.46216262e-03,6.99520646e-04
0.036646,9.08774176e+02,1.47388646e-03,7.05622479e-04
0.037193,9.09513201e+02,1.48573301e-03,7.11755520e-04
0.037740,9.10257748e+02,1.49779109e-03,7.17846914e-04
0.038287,9.11008238e+02,1.50952254e-03,7.23869637e-04
0.038834,9.11765099e+02,1.52111236e-03,7.29883730e-04
0.039381,9.12528763e+02,1.53280166e-03,7.35861179e-04
0.039928,9.13299667e+02,1.54404595e-03,7.41799732e-04
0.040475,9.14078235e+02,1.55589433e-03,7.47597476e-04
0.041022,9.14864884e+02,1.56728932e-03,7.53389442e-04
0.041569,9.15660044e+02,1.57835264e-03,7.59123559e-04
0.042116,9.16464150e+02,1.58916274e-03,7.64792901e-04
0.042663,9.17277615e+02,1.60037769e-03,7.70301089e-04
0.043209,9.18100836e+02,1.61100147e-03,7.75764266e-04
0.043756,9.18934212e+02,1.62169170e-03,7.81113836e-04
0.044303,9.19778142e+02,1.63176556e-03,7.86402245e-04
0.044850,9.20633029e+02,1.64216453e-03,7.91636554e-04
0.045397,9.21499267e+02,1.65206549e-03,7.96757448e-04
0.045944,9.22377218e+02,1.66252989e-03,8.01726122e-04
0.046491,9.23267224e+02,1.67249204e-03,8.06631489e-04
0.047038,9.24169656e+02,1.68180672e-03,8.11463949e-04
0.047585,9.25084882e+02,1.69094689e-03,8.16156869e-04
0.048132,9.26013243e+02,1.69968360e-03,8.20736271e-04
0.048679,9.26955039e+02,1.70940296e-03,8.25183556e-04
0.049226,9.27910524e+02,1.71864754e-03,8.29498559e-04
0.049773,9.28879964e+02,1.72713726e-03,8.33711591e-04
0.050320,9.29863643e+02,1.73525238e-03,8.37814339e-04
0.050867,9.30861812e+02,1.74370220e-03,8.41773062e-04
0.051414,9.31874691e+02,1.75168962e-03,8.45610885e-04
0.051961,9.32902478e+02,1.75986429e-03,8.49306361e-04
0.052508,9.33945413e+02,1.76601671e-03,8.52920374e-04
0.053055,9.35003689e+02,1.77442673e-03,8.56348861e-04
0.053602,9.36077431e+02,1.78124077e-03,8.59670016e-04
0.054149,9.37166793e+02,1.78820070e-03,8.62845560e-04
0.054696,9.38271976e+02,1.79288044e-03,8.65912829e-04
0.055242,9.39393246e+02,1.79759218e-03,8.68857548e-04
0.055789,9.40530740e+02,1.80419662e-03,8.71648384e-04
0.056336,9.41684600e+02,1.80789308e-03,8.74322738e-04
0.056883,9.42854928e+02,1.81464096e-03,8.76857645e-04
0.057430,9.44041700e+02,1.82041966e-03,8.79252551e-04
0.057977,9.45244948e+02,1.82500356e-03,8.81496915e-04
0.058524,9.46464652e+02,1.83089686e-03,8.83601893e-04
0.059071,9.47700769e+02,1.83502850e-03,8.85549254e-04
0.059618,9.48953347e+02,1.83765780e-03,8.87350616e-04
0.060165,9.50222460e+02,1.84037748e-03,8.89025413e-04
0.060712,9.51508099e+02,1.84391144e-03,8.90567891e-04
0.061259,9.52810135e+02,1.84835406e-03,8.91973139e-04
0.061806,9.54128511e+02,1.84931150e-03,8.93204166e-04
0.062353,9.55463141e+02,1.85375773e-03,8.94353283e-04
0.062900,9.56813756e+02,1.85834880e-03,8.95359402e-04
0.063447,9.58180122e+02,1.86087190e-03,8.96168879e-04
0.063994,9.59562079e+02,1.86263443e-03,8.96837829e-04
0.064541,9.60959482e+02,1.86408364e-03,8.97365867e-04
0.065088,9.62372234e+02,1.86375989e-03,8.97736359e-04
0.065635,9.63800167e+02,1.86589799e-03,8.98012840e-04
0.066182,9.65242893e+02,1.86973836e-03,8.98167001e-04
0.066729,9.66700195e+02,1.86686930e-03,8.98063154e-04
0.067276,9.68172097e+02,1.86426752e-03,8.97863643e-04
0.067822,9.69658517e+02,1.86331317e-03,8.97586618e-04
0.068369,9.71159302e+02,1.86152656e-03,8.97169638e-04
0.068916,9.72674234e+02,1.86116312e-03,8.96656990e-04
0.069463,9.74202971e+02,1.86119794e-03,8.96012708e-04
0.070010,9.75745133e+02,1.86092578e-03,8.95237037e-04
0.070557,9.77300270e+02,1.86188146e-03,8.94344348e-04
0.071104,9.78867947e+02,1.86061300e-03,8.93284086e-04
0.071651,9.80447826e+02,1.85860786e-03,8.92073207e-04
0.072198,9.82039574e+02,1.85635253e-03,8.90742694e-04
0.072745,9.83642938e+02,1.85179265e-03,8.89251968e-04
0.073292,9.85257771e+02,1.84644121e-03,8.87646056e-04
0.073839,9.86883777e+02,1.84458061e-03,8.86013300e-04
0.074386,9.88520633e+02,1.83900996e-03,8.84177522e-04
0.074933,9.90168087e+02,1.83478955e-03,8.82282469e-04
0.075480,9.91825790e+02,1.83099549e-03,8.80292101e-04
0.076027,9.93493326e+02,1.82761142e-03,8.78199905e-04
0.076574,9.95170283e+02,1.82308693e-03,8.75974414e-04
0.077121,9.96856322e+02,1.81729594e-03,8.73616885e-04
0.077668,9.98551151e+02,1.81078311e-03,8.71147112e-04
0.078215,1.00025438e+03,1.80688127e-03,8.68646620e-04
0.078762,1.00196547e+03,1.80310560e-03,8.66055305e-04
0.079309,1.00368399e+03,1.79695450e-03,8.63300622e-04
0.079855,1.00540948e+03,1.79258207e-03,8.60498201e-04
0.080402,1.00714142e+03,1.78814375e-03,8.57593760e-04
0.080949,1.00887927e+03,1.78306697e-03,8.54577712e-04
0.081496,1.01062260e+03,1.77612570e-03,8.51416763e-04
0.082043,1.01237106e+03,1.76773153e-03,8.48145574e-04
0.082590,1.01412419e+03,1.76361920e-03,8.44901832e-04
0.083137,1.01588147e+03,1.75592090e-03,8.41470000e-04
0.083684,1.01764261e+03,1.74609468e-03,8.37924045e-04
0.084231,1.01940722e+03,1.74024546e-03,8.34413922e-04
0.084778,1.02117479e+03,1.73297161e-03,8.30780764e-04
0.085325,1.02294481e+03,1.72681466e-03,8.27103637e-04
0.085872,1.02471686e+03,1.71731676e-03,8.23261873e-04
0.086419,1.02649051e+03,1.71017714e-03,8.19413211e-04
0.086966,1.02826522e+03,1.70331614e-03,8.15493101e-04
0.087513,1.03004050e+03,1.69468976e-03,8.11469705e-04
0.088060,1.03181605e+03,1.68295317e-03,8.07310674e-04
0.088607,1.03359159e+03,1.67346672e-03,8.03165513e-04
0.089154,1.03536664e+03,1.66661201e-03,7.99027468e-04
0.089701,1.03714056e+03,1.66041142e-03,7.94823606e-04
0.090248,1.03891281e+03,1.65068534e-03,7.90471043e-04
0.090795,1.04068294e+03,1.64282853e-03,7.86112395e-04
0.091342,1.04245042e+03,1.63391789e-03,7.81662489e-04
0.091889,1.04421474e+03,1.62611994e-03,7.77183468e-04
0.092435,1.04597539e+03,1.61619581e-03,7.72593104e-04
0.092982,1.04773199e+03,1.60530740e-03,7.67939526e-04
0.093529,1.04948416e+03,1.59509505e-03,7.63267138e-04
0.094076,1.05123160e+03,1.58238862e-03,7.58499507e-04
0.094623,1.05297402e+03,1.57131766e-03,7.53745028e-04
0.095170,1.05471086e+03,1.56528207e-03,7.49072121e-04
0.095717,1.05644125e+03,1.56486827e-03,7.44268826e-04
0.096264,1.05816475e+03,1.54424140e-03,7.39269316e-04
0.096811,1.05988132e+03,1.53300922e-03,7.34346580e-04
0.097358,1.06159053e+03,1.52356758e-03,7.29435125e-04
0.097905,1.06329194e+03,1.51262613e-03,7.24446584e-04
0.098452,1.06498507e+03,1.50399486e-03,7.19482500e-04
0.098999,1.06666944e+03,1.49324023e-03,7.14435142e-04
0.099546,1.06834465e+03,1.48234143e-03,7.09349942e-04
0.100093,1.07001032e+03,1.47052971e-03,7.04219857e-04
0.100640,1.07166607e+03,1.46032898e-03,6.99107343e-04
0.101187,1.07331137e+03,1.45166860e-03,6.93995043e-04
0.101734,1.07494582e+03,1.43834975e-03,6.88755540e-04
0.102281,1.07656910e+03,1.42808379e-03,6.83572923e-04
0.102828,1.07818065e+03,1.42020840e-03,6.78408989e-04
0.103375,1.07978005e+03,1.40708376e-03,6.73104626e-04
0.103922,1.08136703e+03,1.39434093e-03,6.67800743e-04
0.104468,1.08294101e+03,1.39182536e-03,6.62511853e-04
0.105015,1.08450166e+03,1.37036720e-03,6.57135880e-04
0.105562,1.08604894e+03,1.35862018e-03,6.51834092e-04
0.106109,1.08758254e+03,1.34621569e-03,6.46505786e-04
0.106656,1.08910205e+03,1.33694737e-03,6.41234475e-04
0.107203,1.09060691e+03,1.32854338e-03,6.35958137e-04
0.107750,1.09209669e+03,1.31668036e-03,6.30592471e-04
0.108297,1.09357100e+03,1.30629114e-03,6.25243523e-04
0.108844,1.09502945e+03,1.29501930e-03,6.19872194e-04
0.109391,1.09647162e+03,1.28588102e-03,6.14525450e-04
0.109938,1.09789708e+03,1.27407166e-03,6.09112152e-04
0.110485,1.09930555e+03,1.26090484e-03,6.03670441e-04
0.111032,1.10069676e+03,1.24942317e-03,5.98273483e-04
0.111579,1.10207025e+03,1.24152881e-03,5.92931858e-04
0.112126,1.10342551e+03,1.23092563e-03,5.87522795e-04
0.112673,1.10476225e+03,1.21806418e-03,5.82067501e-04
0.113220,1.10608015e+03,1.20733053e-03,5.76660759e-04
0.113767,1.10737887e+03,1.19603703e-03,5.71240440e-04
0.114314,1.10865810e+03,1.18380224e-03,5.65803434e-04
0.114861,1.10991752e+03,1.17361258e-03,5.60414921e-04
0.115408,1.11115677e+03,1.16223933e-03,5.54994581e-04
0.115955,1.11237553e+03,1.15141280e-03,5.49602519e-04
0.116501,1.11357349e+03,1.13962889e-03,5.44191803e-04
0.117048,1.11475041e+03,1.12729214e-03,5.38779454e-04
0.117595,1.11590602e+03,1.11632253e-03,5.33401525e-04
0.118142,1.11704005e+03,1.10377874e-03,5.28006061e-04
0.118689,1.11815230e+03,1.09115242e-03,5.22622139e-04
0.119236,1.11924248e+03,1.08138253e-03,5.17299625e-04
0.119783,1.12031020e+03,1.07179518e-03,5.11983995e-04
0.120330,1.12135509e+03,1.06115892e-03,5.06646720e-04
0.120877,1.12237689e+03,1.04909973e-03,5.01305282e-04
0.121424,1.12337537e+03,1.03809011e-03,4.95992852e-04
0.121971,1.12435020e+03,1.02853073e-03,4.90716994e-04
0.122518,1.12530110e+03,1.01640893e-03,4.85401659e-04
0.123065,1.12622785e+03,1.00513608e-03,4.80124592e-04
0.123612,1.12713023e+03,9.93870768e-04,4.74859515e-04
0.124159,1.12800801e+03,9.82327227e-04,4.69602854e-04
0.124706,1.12886092e+03,9.71978634e-04,4.64387348e-04
0.125253,1.12968868e+03,9.62379786e-04,4.59197939e-04
0.125800,1.13049099e+03,9.51888116e-04,4.54002574e-04
0.126347,1.13126757e+03,9.42217523e-04,4.48827393e-04
0.126894,1.13201817e+03,9.30581067e-04,4.43642201e-04
0.127441,1.13274255e+03,9.21456898e-04,4.38518483e-04
0.127988,1.13344041e+03,9.11787368e-04,4.33393971e-04
0.128535,1.13411149e+03,9.01550018e-04,4.28273448e-04
0.129081,1.13475559e+03,8.90421277e-04,4.23161368e-04
0.129628,1.13537251e+03,8.79369189e-04,4.18068287e-04
0.130175,1.13596212e+03,8.67932474e-04,4.12997684e-04
0.130722,1.13652424e+03,8.56754168e-04,4.07948999e-04
0.131269,1.13705867e+03,8.47193635e-04,4.02953621e-04
0.131816,1.13756520e+03,8.36677963e-04,3.97957053e-04
0.132363,1.13804365e+03,8.26227218e-04,3.92987661e-04
0.132910,1.13849383e+03,8.15857564e-04,3.88045386e-04
0.133457,1.13891559e+03,8.04973072e-04,3.83114157e-04
0.134004,1.13930878e+03,7.94798966e-04,3.78219943e-04
0.134551,1.13967321e+03,7.84324997e-04,3.73349898e-04
0.135098,1.14000874e+03,7.74575037e-04,3.68507873e-04
0.135645,1.14031517e+03,7.64757025e-04,3.63689839e-04
0.136192,1.14059236e+03,7.53886389e-04,3.58884461e-04
0.136739,1.14084019e+03,7.43524531e-04,3.54115428e-04
0.137286,1.14105852e+03,7.33365807e-04,3.49373516e-04
0.137833,1.14124721e+03,7.24070486e-04,3.44669251e-04
0.138380,1.14140606e+03,7.15364146e-04,3.39998213e-04
0.138927,1.14153489e+03,7.05684761e-04,3.35336653e-04
0.139474,1.14163362e+03,6.94708993e-04,3.30687974e-04
0.140021,1.14170214e+03,6.85330529e-04,3.26090592e-04
0.140568,1.14174032e+03,6.75557450e-04,3.21516958e-04
0.141114,1.14174806e+03,6.66217434e-04,3.16974105e-04
0.141661,1.14172521e+03,6.56906362e-04,3.12457746e-04
0.142208,1.14167168e+03,6.46756969e-04,3.07956629e-04
0.142755,1.14158738e+03,6.36888838e-04,3.03494726e-04
0.143302,1.14147220e+03,6.27775936e-04,2.99070112e-04
0.143849,1.14132602e+03,6.18994598e-04,2.94678768e-04
0.144396,1.14114873e+03,6.10155700e-04,2.90316929e-04
0.144943,1.14094021e+03,6.00781398e-04,2.85977812e-04
0.145490,1.14070039e+03,5.92024721e-04,2.81675675e-04
0.146037,1.14042915e+03,5.83045808e-04,2.77397541e-04
0.146584,1.14012642e+03,5.74403029e-04,2.73159795e-04
0.147131,1.13979209e+03,5.66284090e-04,2.68959383e-04
0.147678,1.13942608e+03,5.57650290e-04,2.64777663e-04
0.148225,1.13902827e+03,5.49679749e-04,2.60631830e-04
0.148772,1.13859860e+03,5.40388861e-04,2.56497450e-04
0.149319,1.13813703e+03,5.30899630e-04,2.52395434e-04
0.149866,1.13764351e+03,5.22437917e-04,2.48345252e-04
0.150413,1.13711798e+03,5.14580799e-04,2.44330819e-04
0.150960,1.13656035e+03,5.06289996e-04,2.40342388e-04
0.151507,1.13597057e+03,4.98096165e-04,2.36388555e-04
0.152054,1.13534860e+03,4.89926931e-04,2.32469971e-04
0.152601,1.13469442e+03,4.80331123e-04,2.28559452e-04
0.153148,1.13400803e+03,4.72583078e-04,2.24713226e-04
0.153694,1.13328937e+03,4.64336034e-04,2.20888543e-04
0.154241,1.13253841e+03,4.56353785e-04,2.17105425e-04
0.154788,1.13175512e+03,4.48331743e-04,2.13352555e-04
0.155335,1.13093949e+03,4.39909803e-04,2.09630510e-04
0.155882,1.13009150e+03,4.32276097e-04,2.05954125e-04
0.156429,1.12921113e+03,4.25207693e-04,2.02319285e-04
0.156976,1.12829835e+03,4.17700156e-04,1.98713269e-04
0.157523,1.12735316e+03,4.10173886e-04,1.95138992e-04
0.158070,1.12637552e+03,4.03015608e-04,1.91602496e-04
0.158617,1.12536544e+03,3.95635277e-04,1.88096032e-04
0.159164,1.12432291e+03,3.88143983e-04,1.84624943e-04
0.159711,1.12324794e+03,3.80217931e-04,1.81180871e-04
0.160258,1.12214056e+03,3.73374961e-04,1.77789489e-04
0.160805,1.12100074e+03,3.66348767e-04,1.74428639e-04
0.161352,1.11982850e+03,3.59318808e-04,1.71102827e-04
0.161899,1.11862383e+03,3.52507901e-04,1.67819299e-04
0.162446,1.11738677e+03,3.45701306e-04,1.64570328e-04
0.162993,1.11611732e+03,3.39169294e-04,1.61359380e-04
0.163540,1.11481549e+03,3.32570262e-04,1.58184775e-04
0.164087,1.11348131e+03,3.26233657e-04,1.55050842e-04
0.164634,1.11211479e+03,3.20178515e-04,1.51958212e-04
0.165181,1.11071599e+03,3.13363572e-04,1.48888494e-04
0.165727,1.10928496e+03,3.06788013e-04,1.45861143e-04
0.166274,1.10782176e+03,3.00530680e-04,1.42874666e-04
0.166821,1.10632644e+03,2.94298410e-04,1.39924478e-04
0.167368,1.10479904e+03,2.87580946e-04,1.37002048e-04
0.167915,1.10323964e+03,2.81228886e-04,1.34128011e-04
0.168462,1.10164829e+03,2.75053896e-04,1.31294663e-04
0.169009,1.10002507e+03,2.68800420e-04,1.28498680e-04
0.169556,1.09837004e+03,2.63032744e-04,1.25750987e-04
0.170103,1.09668329e+03,2.57017930e-04,1.23037608e-04
0.170650,1.09496489e+03,2.51421524e-04,1.20371928e-04
0.171197,1.09321494e+03,2.45978304e-04,1.17747898e-04
0.171744,1.09143351e+03,2.40431134e-04,1.15161494e-04
0.172291,1.08962069e+03,2.34943710e-04,1.12616445e-04
0.172838,1.08777657e+03,2.29543986e-04,1.10114047e-04
0.173385,1.08590125e+03,2.24090298e-04,1.07652141e-04
0.173932,1.08399481e+03,2.19026741e-04,1.05240652e-04
0.174479,1.08205735e+03,2.14272022e-04,1.02877437e-04
0.175026,1.08008896e+03,2.09351104e-04,1.00553140e-04
0.175573,1.07808976e+03,2.04117472e-04,9.82665979e-05
0.176120,1.07605985e+03,1.98953209e-04,9.60279359e-05
0.176667,1.07399934e+03,1.94959052e-04,9.38549385e-05
0.177214,1.07190836e+03,1.90525484e-04,9.17188771e-05
0.177760,1.06978703e+03,1.86006953e-04,8.96280399e-05
0.178307,1.06763548e+03,1.81069517e-04,8.75739626e-05
0.178854,1.06545384e+03,1.77021647e-04,8.55901044e-05
0.179401,1.06324226e+03,1.73219907e-04,8.36594395e-05
0.179948,1.06100085e+03,1.69380031e-04,8.17788121e-05
0.180495,1.05872977e+03,1.65058865e-04,7.99372248e-05
0.181042,1.05642916e+03,1.61447257e-04,7.81658402e-05
0.181589,1.05409916e+03,1.57715045e-04,7.64439204e-05
0.182136,1.05173994e+03,1.53586233e-04,7.47705557e-05
0.182683,1.04935164e+03,1.50349213e-04,7.31756231e-05
0.183230,1.04693443e+03,1.47200227e-04,7.16352581e-05
0.183777,1.04448846e+03,1.43914092e-04,7.01536397e-05
0.184324,1.04201391e+03,1.41325245e-04,6.87412346e-05
0.184871,1.03951097e+03,1.38492552e-04,6.73876379e-05
0.185418,1.03697981e+03,1.35796009e-04,6.61009904e-05
0.185965,1.03442060e+03,1.33359417e-04,6.48906072e-05
0.186512,1.03183353e+03,1.31372302e-04,6.37451456e-05
0.187059,1.02921880e+03,1.29577385e-04,6.26700337e-05
0.187606,1.02657661e+03,1.27711149e-04,6.16613126e-05
0.188153,1.02390715e+03,1.25894823e-04,6.07269189e-05
0.188700,1.02121063e+03,1.24363144e-04,5.98708403e-05
0.189247,1.01848725e+03,1.22815203e-04,5.90832999e-05
0.189794,1.01573721e+03,1.21591434e-04,5.83792286e-05
0.190340,1.01296072e+03,1.20661042e-04,5.77484731e-05
0.190887,1.01015801e+03,1.19758645e-04,5.71957776e-05
0.191434,1.00732930e+03,1.19252554e-04,5.67181594e-05
0.191981,1.00447481e+03,1.18977956e-04,5.63229959e-05
0.192528,1.00159476e+03,1.18622251e-04,5.60034772e-05
0.193075,9.98689388e+02,1.18710133e-04,5.57548131e-05
0.193622,9.95758939e+02,1.19066152e-04,5.55852796e-05
0.194169,9.92803653e+02,1.19241415e-04,5.54864824e-05
0.194716,9.89823764e+02,1.19344165e-04,5.54624731e-05
0.195263,9.86819512e+02,1.19935178e-04,5.55086579e-05
0.195810,9.83791150e+02,1.20697700e-04,5.56244545e-05
0.196357,9.80738935e+02,1.21663467e-04,5.58062761e-05
0.196904,9.77663131e+02,1.22692334e-04,5.60532162e-05
0.197451,9.74564000e+02,1.23820459e-04,5.63617688e-05
0.197998,9.71441815e+02,1.25289239e-04,5.67283046e-05
0.198545,9.68296848e+02,1.26483779e-04,5.71556786e-05
0.199092,9.65129364e+02,1.27854695e-04,5.76364566e-05
0.199639,9.61939645e+02,1.29617313e-04,5.81689237e-05
0.200186,9.58727974e+02,1.31136027e-04,5.87483822e-05
0.200733,9.55494635e+02,1.32792273e-04,5.93748405e-05
0.201280,9.52239917e+02,1.34581252e-04,6.00436748e-05
0.201827,9.48964121e+02,1.36763852e-04,6.07582597e-05
0.202373,9.45667546e+02,1.38586985e-04,6.15075632e-05
0.202920,9.42350486e+02,1.40469225e-04,6.22954830e-05
0.203467,9.39013247e+02,1.42748557e-04,6.31149777e-05
0.204014,9.35656147e+02,1.44856232e-04,6.39628399e-05
0.204561,9.32279508e+02,1.47152988e-04,6.48401204e-05
0.205108,9.28883655e+02,1.49541440e-04,6.57487871e-05
0.205655,9.25468905e+02,1.51484620e-04,6.66747002e-05
0.206202,9.22035579e+02,1.53862841e-04,6.76290171e-05
0.206749,9.18584006e+02,1.56163586e-04,6.86033117e-05
0.207296,9.15114508e+02,1.58296188e-04,6.95978452e-05
0.207843,9.11627403e+02,1.60580884e-04,7.06133629e-05
0.208390,9.08123030e+02,1.63308219e-04,7.16455811e-05
0.208937,9.04601743e+02,1.65848121e-04,7.26875631e-05
0.209484,9.01063906e+02,1.68556762e-04,7.37416981e-05
0.210031,8.97509891e+02,1.71118698e-04,7.48017487e-05
0.210578,8.93940057e+02,1.73176829e-04,7.58666565e-05
0.211125,8.90354757e+02,1.75644278e-04,7.69480524e-05
0.211672,8.86754361e+02,1.78207189e-04,7.80376972e-05
0.212219,8.83139248e+02,1.80805048e-04,7.91346473e-05
0.212766,8.79509800e+02,1.83533980e-04,8.02411549e-05
0.213313,8.75866398e+02,1.85924574e-04,8.13440049e-05
0.213860,8.72209417e+02,1.88302614e-04,8.24517288e-05
0.214407,8.68539236e+02,1.90693283e-04,8.35598397e-05
0.214953,8.64856254e+02,1.93392523e-04,8.46772622e-05
0.215500,8.61160877e+02,1.95935601e-04,8.57916860e-05
0.216047,8.57453519e+02,1.98584951e-04,8.69070329e-05
0.216594,8.53734588e+02,2.01224991e-04,8.80302219e-05
0.217141,8.50004471e+02,2.03730682e-04,8.91474595e-05
0.217688,8.46263576e+02,2.06395249e-04,9.02640658e-05
0.218235,8.42512333e+02,2.09126123e-04,9.13815843e-05
0.218782,8.38751168e+02,2.11536240e-04,9.24861026e-05
0.219329,8.34980511e+02,2.14039136e-04,9.35893851e-05
0.219876,8.31200799e+02,2.16605474e-04,9.46932925e-05
0.220423,8.27412460e+02,2.18970628e-04,9.57860386e-05
0.220970,8.23615914e+02,2.21341459e-04,9.68768088e-05
0.221517,8.19811597e+02,2.23860468e-04,9.79636142e-05
0.222064,8.15999966e+02,2.26516165e-04,9.90519020e-05
0.222611,8.12181466e+02,2.28934966e-04,1.00126488e-04
0.223158,8.08356545e+02,2.31323168e-04,1.01193526e-04
0.223705,8.04525654e+02,2.33586034e-04,1.02249780e-04
0.224252,8.00689246e+02,2.35784001e-04,1.03296881e-04
0.224799,7.96847780e+02,2.38178683e-04,1.04343745e-04
0.225346,7.93001724e+02,2.40417146e-04,1.05377718e-04
0.225893,7.89151554e+02,2.42565407e-04,1.06400956e-04
0.226440,7.85297733e+02,2.44933411e-04,1.07423851e-04
0.226986,7.81440715e+02,2.47395339e-04,1.08441578e-04
0.227533,7.77580960e+02,2.49559838e-04,1.09440281e-04
0.228080,7.73718929e+02,2.51801815e-04,1.10432930e-04
0.228627,7.69855089e+02,2.54052769e-04,1.11416465e-04
0.229174,7.65989918e+02,2.56246644e-04,1.12389137e-04
0.229721,7.62123896e+02,2.58360773e-04,1.13348566e-04
0.230268,7.58257510e+02,2.60379122e-04,1.14296073e-04
0.230815,7.54391254e+02,2.62447660e-04,1.15234588e-04
0.231362,7.50525617e+02,2.64746542e-04,1.16170378e-04
0.231909,7.46661108e+02,2.66758922e-04,1.17087754e-04
0.232456,7.42798231e+02,2.68914267e-04,1.17997290e-04
0.233003,7.38937490e+02,2.71119148e-04,1.18899553e-04
0.233550,7.35079392e+02,2.73145697e-04,1.19782901e-04
0.234097,7.31224437e+02,2.75335431e-04,1.20661583e-04
0.234644,7.27373146e+02,2.77200261e-04,1.21519266e-04
0.235191,7.23526032e+02,2.79123855e-04,1.22364410e-04
0.235738,7.19683577e+02,2.81103938e-04,1.23197607e-04
0.236285,7.15846258e+02,2.83050742e-04,1.24018601e-04
0.236832,7.12014588e+02,2.84812262e-04,1.24825923e-04
0.237379,7.08189130e+02,2.86548978e-04,1.25625162e-04
0.237926,7.04370458e+02,2.88118118e-04,1.26404270e-04
0.238473,7.00559076e+02,2.89860136e-04,1.27167594e-04
0.239019,6.96755482e+02,2.91640471e-04,1.27926342e-04
0.239566,6.92960172e+02,2.93427093e-04,1.28664819e-04
0.240113,6.89173677e+02,2.95164140e-04,1.29402869e-04
0.240660,6.85396561e+02,2.96727610e-04,1.30115916e-04
0.241207,6.81629379e+02,2.98110464e-04,1.30818432e-04
0.241754,6.77872687e+02,2.99903728e-04,1.31511566e-04
0.242301,6.74126992e+02,3.01539563e-04,1.32185381e-04
0.242848,6.70392812e+02,3.03002221e-04,1.32845299e-04
0.243395,6.66670669e+02,3.04729075e-04,1.33496147e-04
0.243942,6.62961081e+02,3.06517294e-04,1.34137174e-04
0.244489,6.59264582e+02,3.07907850e-04,1.34755306e-04
0.245036,6.55581698e+02,3.09347074e-04,1.35359190e-04
0.245583,6.51912983e+02,3.10638406e-04,1.35954238e-04
0.246130,6.48259023e+02,3.11818913e-04,1.36534008e-04
0.246677,6.44620303e+02,3.13822164e-04,1.37096582e-04
0.247224,6.40997317e+02,3.14866220e-04,1.37647760e-04
0.247771,6.37390620e+02,3.16359896e-04,1.38184790e-04
0.248318,6.33800698e+02,3.17839694e-04,1.38704651e-04
0.248865,6.30228001e+02,3.19345260e-04,1.39205141e-04
0.249412,6.26673004e+02,3.20692028e-04,1.39700156e-04
0.249959,6.23136222e+02,3.21957041e-04,1.40177124e-04
0.250506,6.19618185e+02,3.23024483e-04,1.40643285e-04
0.251053,6.16119437e+02,3.24036343e-04,1.41091688e-04
0.251599,6.12640471e+02,3.25507198e-04,1.41528595e-04
0.252146,6.09181808e+02,3.26277977e-04,1.41952861e-04
0.252693,6.05743972e+02,3.27642661e-04,1.42363058e-04
0.253240,6.02327458e+02,3.28568031e-04,1.42757930e-04
0.253787,5.98932682e+02,3.30319150e-04,1.43129463e-04
0.254334,5.95560008e+02,3.31825908e-04,1.43497107e-04
0.254881,5.92209971e+02,3.32163389e-04,1.43853340e-04
0.255428,5.88883155e+02,3.32979170e-04,1.44195896e-04
0.255975,5.85580114e+02,3.33635303e-04,1.44531467e-04
0.256522,5.82301366e+02,3.34481569e-04,1.44841203e-04
0.257069,5.79047414e+02,3.34931840e-04,1.45147941e-04
0.257616,5.75818794e+02,3.35773497e-04,1.45444240e-04
0.258163,5.72615955e+02,3.36815327e-04,1.45720127e-04
0.258710,5.69439301e+02,3.37786455e-04,1.45982913e-04
0.259257,5.66289275e+02,3.38416605e-04,1.46238810e-04
0.259804,5.63166328e+02,3.39304908e-04,1.46480169e-04
0.260351,5.60070859e+02,3.40169456e-04,1.46705911e-04
0.260898,5.57003286e+02,3.40758684e-04,1.46924867e-04
0.261445,5.53964037e+02,3.41624440e-04,1.47133427e-04
0.261992,5.50953537e+02,3.42133591e-04,1.47330699e-04
0.262539,5.47972215e+02,3.42784293e-04,1.47518178e-04
0.263086,5.45020397e+02,3.44062193e-04,1.47682103e-04
0.263632,5.42098356e+02,3.44762502e-04,1.47832250e-04
0.264179,5.39206464e+02,3.45170477e-04,1.47987623e-04
0.264726,5.36345205e+02,3.45004405e-04,1.48137478e-04
0.265273,5.33515000e+02,3.45703081e-04,1.48267495e-04
0.265820,5.30716149e+02,3.46555457e-04,1.48388123e-04
0.266367,5.27948937e+02,3.47153471e-04,1.48492022e-04
0.266914,5.25213724e+02,3.47114615e-04,1.48602036e-04
0.267461,5.22510897e+02,3.47645980e-04,1.48701301e-04
0.268008,5.19840752e+02,3.48204138e-04,1.48783120e-04
0.268555,5.17203570e+02,3.48479953e-04,1.48856777e-04
0.269102,5.14599631e+02,3.49016951e-04,1.48925903e-04
0.269649,5.12029204e+02,3.49085018e-04,1.48977865e-04
0.270196,5.09492564e+02,3.49340744e-04,1.49030514e-04
0.270743,5.06989916e+02,3.50304989e-04,1.49067494e-04
0.271290,5.04521436e+02,3.50509752e-04,1.49095863e-04
0.271837,5.02087363e+02,3.50574613e-04,1.49120052e-04
0.272384,4.99687912e+02,3.50794044e-04,1.49131521e-04
0.272931,4.97323292e+02,3.50784380e-04,1.49142233e-04
0.273478,4.94993711e+02,3.50883475e-04,1.49141604e-04
0.274025,4.92699320e+02,3.51183475e-04,1.49128544e-04
0.274572,4.90440225e+02,3.51710974e-04,1.49110837e-04
0.275119,4.88216578e+02,3.51331513e-04,1.49087531e-04
0.275666,4.86028626e+02,3.50361990e-04,1.49064878e-04
0.276212,4.83876578e+02,3.50299643e-04,1.49034426e-04
0.276759,4.81760548e+02,3.50214627e-04,1.48991213e-04
0.277306,4.79680551e+02,3.51011319e-04,1.48930841e-04
0.277853,4.77636574e+02,3.51020192e-04,1.48864815e-04
0.278400,4.75628664e+02,3.50870791e-04,1.48792117e-04
0.278947,4.73656818e+02,3.51326018e-04,1.48705113e-04
0.279494,4.71721133e+02,3.49640889e-04,1.48626524e-04
0.280041,4.69821793e+02,3.48772064e-04,1.48542800e-04
0.280588,4.67958776e+02,3.49498416e-04,1.48434342e-04
0.281135,4.66132019e+02,3.48678284e-04,1.48321446e-04
0.281682,4.64341514e+02,3.48434146e-04,1.48198029e-04
0.282229,4.62587144e+02,3.48846490e-04,1.48057597e-04
0.282776,4.60868776e+02,3.48572123e-04,1.47907956e-04
0.283323,4.59186289e+02,3.48520583e-04,1.47741419e-04
0.283870,4.57539598e+02,3.47579669e-04,1.47576084e-04
0.284417,4.55928573e+02,3.47824607e-04,1.47380073e-04
0.284964,4.54353126e+02,3.46010403e-04,1.47195311e-04
0.285511,4.52813129e+02,3.46684483e-04,1.46980209e-04
0.286058,4.51308347e+02,3.45904726e-04,1.46748561e-04
0.286605,4.49838632e+02,3.45005053e-04,1.46511010e-04
0.287152,4.48403834e+02,3.44061397e-04,1.46258185e-04
0.287699,4.47003762e+02,3.43185007e-04,1.45978986e-04
0.288245,4.45638321e+02,3.40484120e-04,1.45708182e-04
0.288792,4.44307373e+02,3.40204663e-04,1.45413907e-04
0.289339,4.43010677e+02,3.38941241e-04,1.45114477e-04
0.289886,4.41747981e+02,3.38484274e-04,1.44783752e-04
0.290433,4.40518901e+02,3.38804959e-04,1.44430951e-04
0.290980,4.39323075e+02,3.37692147e-04,1.44051775e-04
0.291527,4.38160257e+02,3.35714450e-04,1.43658961e-04
0.292074,4.37030218e+02,3.34011369e-04,1.43247206e-04
0.292621,4.35932585e+02,3.34054726e-04,1.42807141e-04
0.293168,4.34866886e+02,3.33630723e-04,1.42338939e-04
0.293715,4.33832679e+02,3.32810956e-04,1.41839600e-04
0.294262,4.32829545e+02,3.31743656e-04,1.41317398e-04
0.294809,4.31857149e+02,3.29397592e-04,1.40778829e-04
0.295356,4.30915109e+02,3.28816440e-04,1.40207240e-04
0.295903,4.30003002e+02,3.26915898e-04,1.39617615e-04
0.296450,4.29120487e+02,3.24706616e-04,1.39000108e-04
0.296997,4.28267261e+02,3.21776612e-04,1.38363153e-04
0.297544,4.27442923e+02,3.20930625e-04,1.37697435e-04
0.298091,4.26647057e+02,3.18196971e-04,1.37015785e-04
0.298638,4.25879252e+02,3.17033753e-04,1.36298472e-04
0.299185,4.25139033e+02,3.14676700e-04,1.35543223e-04
0.299732,4.24425984e+02,3.12422337e-04,1.34774391e-04
0.300278,4.23739685e+02,3.10036785e-04,1.33974609e-04
0.300825,4.23079570e+02,3.09868495e-04,1.33137303e-04
0.301372,4.22445054e+02,3.07703463e-04,1.32269930e-04
0.301919,4.21835664e+02,3.05390468e-04,1.31371544e-04
0.302466,4.21250891e+02,3.03713583e-04,1.30445857e-04
0.303013,4.20690188e+02,3.02036260e-04,1.29492456e-04
0.303560,4.20153102e+02,2.98368584e-04,1.28497575e-04
0.304107,4.19639258e+02,2.94866199e-04,1.27481219e-04
0.304654,4.19148158e+02,2.93457939e-04,1.26448885e-04
0.305201,4.18679275e+02,2.90376440e-04,1.25377700e-04
0.305748,4.18232121e+02,2.87827986e-04,1.24273824e-04
0.306295,4.17806176e+02,2.85154775e-04,1.23144722e-04
0.306842,4.17400979e+02,2.81342453e-04,1.21981253e-04
0.307389,4.17016051e+02,2.78838519e-04,1.20801241e-04
0.307936,4.16650804e+02,2.77028870e-04,1.19592577e-04
0.308483,4.16304630e+02,2.74679730e-04,1.18346942e-04
0.309030,4.15976996e+02,2.71245023e-04,1.17068219e-04
0.309577,4.15667401e+02,2.68219008e-04,1.15764568e-04
0.310124,4.15375373e+02,2.64175636e-04,1.14437010e-04
0.310671,4.15100434e+02,2.61251872e-04,1.13089656e-04
0.311218,4.14841959e+02,2.59846070e-04,1.11726669e-04
0.311765,4.14599357e+02,2.56404545e-04,1.10325152e-04
0.312312,4.14372081e+02,2.53856093e-04,1.08896359e-04
0.312858,4.14159589e+02,2.50179082e-04,1.07442000e-04
0.313405,4.13961362e+02,2.47279600e-04,1.05971953e-04
0.313952,4.13776896e+02,2.43138042e-04,1.04470177e-04
0.314499,4.13605691e+02,2.40338994e-04,1.02968356e-04
0.315046,4.13447207e+02,2.36926584e-04,1.01435875e-04
0.315593,4.13300936e+02,2.33289009e-04,9.98871734e-05
0.316140,4.13166421e+02,2.28953910e-04,9.83159507e-05
0.316687,4.13043179e+02,2.25792371e-04,9.67478084e-05
0.317234,4.12930680e+02,2.22519864e-04,9.51636983e-05
0.317781,4.12828410e+02,2.18956409e-04,9.35651376e-05
0.318328,4.12735856e+02,2.15865050e-04,9.19630651e-05
0.318875,4.12652479e+02,2.12763593e-04,9.03501810e-05
0.319422,4.12577754e+02,2.09279504e-04,8.87236184e-05
0.319969,4.12511212e+02,2.05406688e-04,8.70899438e-05
0.320516,4.12452426e+02,2.01412484e-04,8.54520472e-05
0.321063,4.12400951e+02,1.97717485e-04,8.38183423e-05
0.321610,4.12356346e+02,1.93767607e-04,8.21829662e-05
0.322157,4.12318116e+02,1.91202878e-04,8.05714228e-05
0.322704,4.12285747e+02,1.87278491e-04,7.89404942e-05
0.323251,4.12258782e+02,1.84022127e-04,7.73289811e-05
0.323798,4.12236747e+02,1.80810201e-04,7.57266926e-05
0.324345,4.12219208e+02,1.77006746e-04,7.41244220e-05
0.324891,4.12205706e+02,1.74195735e-04,7.25558419e-05
0.325438,4.12195781e+02,1.70468003e-04,7.09849121e-05
0.325985,4.12189025e+02,1.67005938e-04,6.94379610e-05
0.326532,4.12185004e+02,1.64019947e-04,6.79226035e-05
0.327079,4.12183286e+02,1.60579590e-04,6.64226858e-05
0.327626,4.12183445e+02,1.57654433e-04,6.49598202e-05
0.328173,4.12185057e+02,1.54439937e-04,6.35210928e-05
0.328720,4.12187705e+02,1.51520460e-04,6.21232224e-05
0.329267,4.12190994e+02,1.48066958e-04,6.07496579e-05
0.329814,4.12194518e+02,1.45551243e-04,5.94370158e-05
0.330361,4.12197853e+02,1.42746457e-04,5.81601409e-05
0.330908,4.12200623e+02,1.39857642e-04,5.69214816e-05
0.331455,4.12202473e+02,1.36965596e-04,5.57369339e-05
0.332002,4.12203036e+02,1.34412790e-04,5.46130221e-05
0.332549,4.12201928e+02,1.32124438e-04,5.35475325e-05
0.333096,4.12198780e+02,1.29782488e-04,5.25386746e-05
0.333643,4.12193242e+02,1.27509871e-04,5.15908483e-05
0.334190,4.12184969e+02,1.25626204e-04,5.07122845e-05
0.334737,4.12173620e+02,1.23365342e-04,4.99012302e-05
0.335284,4.12158873e+02,1.21435043e-04,4.91625492e-05
0.335831,4.12140388e+02,1.20085443e-04,4.84999399e-05
0.336378,4.12117807e+02,1.18675458e-04,4.79120546e-05
0.336925,4.12090802e+02,1.17278435e-04,4.73965929e-05
0.337471,4.12059076e+02,1.16119484e-04,4.69541413e-05
0.338018,4.12022333e+02,1.14954875e-04,4.65968161e-05
0.338565,4.11980257e+02,1.14321943e-04,4.63101386e-05
0.339112,4.11932531e+02,1.13728074e-04,4.61001468e-05
0.339659,4.11878837e+02,1.13159513e-04,4.59665759e-05
0.340206,4.11818886e+02,1.12767274e-04,4.59075602e-05
0.340753,4.11752410e+02,1.12596907e-04,4.59178876e-05
0.341300,4.11679119e+02,1.12650727e-04,4.59915825e-05
0.341847,4.11598724e+02,1.12616971e-04,4.61398164e-05
0.342394,4.11510955e+02,1.12946599e-04,4.63456462e-05
0.342941,4.11415549e+02,1.13305985e-04,4.66151340e-05
0.343488,4.11312260e+02,1.13849599e-04,4.69473909e-05
0.344035,4.11200840e+02,1.14407853e-04,4.73263779e-05
0.344582,4.11081043e+02,1.15433704e-04,4.77539324e-05
0.345129,4.10952637e+02,1.16363152e-04,4.82317772e-05
0.345676,4.10815397e+02,1.17452564e-04,4.87557778e-05
0.346223,4.10669086e+02,1.18404286e-04,4.93100476e-05
0.346770,4.10513485e+02,1.19826460e-04,4.99210248e-05
0.347317,4.10348401e+02,1.21221651e-04,5.05679773e-05
0.347864,4.10173640e+02,1.22810788e-04,5.12439365e-05
0.348411,4.09989019e+02,1.24461419e-04,5.19550715e-05
0.348958,4.09794354e+02,1.26179166e-04,5.26867287e-05
0.349504,4.09589460e+02,1.27971611e-04,5.34350932e-05
0.350051,4.09374158e+02,1.29861086e-04,5.42134526e-05
0.350598,4.09148281e+02,1.31795638e-04,5.50197277e-05
0.351145,4.08911672e+02,1.33857571e-04,5.58513529e-05
0.351692,4.08664175e+02,1.35820129e-04,5.67031192e-05
0.352239,4.08405650e+02,1.38168096e-04,5.75717117e-05
0.352786,4.08135969e+02,1.40454698e-04,5.84728842e-05
0.353333,4.07855012e+02,1.42876971e-04,5.93930315e-05
0.353880,4.07562658e+02,1.45038568e-04,6.03089819e-05
0.354427,4.07258786e+02,1.47261815e-04,6.12548035e-05
0.354974,4.06943285e+02,1.49717780e-04,6.22385166e-05
0.355521,4.06616067e+02,1.52317346e-04,6.32365054e-05
0.356068,4.06277049e+02,1.54841015e-04,6.42523146e-05
0.356615,4.05926151e+02,1.57301979e-04,6.52824442e-05
0.357162,4.05563308e+02,1.60187270e-04,6.63553651e-05
0.357709,4.05188475e+02,1.63006133e-04,6.74549303e-05
0.358256,4.04801608e+02,1.65808278e-04,6.85607793e-05
0.358803,4.04402676e+02,1.68614788e-04,6.96861444e-05
0.359350,4.03991648e+02,1.71424894e-04,7.08379500e-05
0.359897,4.03568504e+02,1.74393595e-04,7.20242444e-05
0.360444,4.03133240e+02,1.77353238e-04,7.32265179e-05
0.360991,4.02685858e+02,1.80414005e-04,7.44658590e-05
0.361537,4.02226368e+02,1.83476987e-04,7.57264935e-05
0.362084,4.01754797e+02,1.86734959e-04,7.70274358e-05
0.362631,4.01271186e+02,1.89897788e-04,7.83419205e-05
0.363178,4.00775582e+02,1.93154239e-04,7.96905384e-05
0.363725,4.00268047e+02,1.96344830e-04,8.10545258e-05
0.364272,3.99748650e+02,1.99820552e-04,8.24749160e-05
0.364819,3.99217473e+02,2.03225532e-04,8.39152754e-05
0.365366,3.98674608e+02,2.06720257e-04,8.53897091e-05
0.365913,3.98120155e+02,2.10177094e-04,8.68823630e-05
0.366460,3.97554238e+02,2.13928358e-04,8.84490296e-05
0.367007,3.96976985e+02,2.17630952e-04,9.00191396e-05
0.367554,3.96388522e+02,2.21312486e-04,9.16175246e-05
0.368101,3.95788989e+02,2.25036783e-04,9.32477499e-05
0.368648,3.95178536e+02,2.28868403e-04,9.49165249e-05
0.369195,3.94557332e+02,2.32954195e-04,9.66564564e-05
0.369742,3.93925561e+02,2.36974261e-04,9.84057256e-05
0.370289,3.93283408e+02,2.40952805e-04,1.00178914e-04
0.370836,3.92631080e+02,2.44949029e-04,1.01989400e-04
0.371383,3.91968786e+02,2.49210487e-04,1.03842486e-04
0.371930,3.91296746e+02,2.53346567e-04,1.05726059e-04
0.372477,3.90615212e+02,2.57623956e-04,1.07675102e-04
0.373024,3.89924449e+02,2.61986053e-04,1.09652126e-04
0.373571,3.89224703e+02,2.66512788e-04,1.11641785e-04
0.374117,3.88516234e+02,2.71018590e-04,1.13693814e-04
0.374664,3.87799317e+02,2.75598928e-04,1.15760732e-04
0.375211,3.87074468e+02,2.75034513e-04,1.17893710e-04
0.375758,3.86341988e+02,2.85014189e-04,1.20065870e-04
0.376305,3.85601952e+02,2.89952040e-04,1.22274694e-04
0.376852,3.84854681e+02,2.94801188e-04,1.24525944e-04
0.377399,3.84100504e+02,2.99857102e-04,1.26803474e-04
0.377946,3.83339757e+02,3.04804787e-04,1.29124519e-04
0.378493,3.82572808e+02,3.09746452e-04,1.31487421e-04
0.379040,3.81800036e+02,3.14962000e-04,1.33923150e-04
0.379587,3.81021831e+02,3.20165974e-04,1.36386619e-04
0.380134,3.80238582e+02,3.25552153e-04,1.38894241e-04
0.380681,3.79450670e+02,3.31161137e-04,1.41433994e-04
0.381228,3.78658501e+02,3.36351546e-04,1.44010234e-04
0.381775,3.77862505e+02,3.41890622e-04,1.46645539e-04
0.382322,3.77063080e+02,3.48017368e-04,1.49317429e-04
0.382869,3.76260648e+02,3.53481053e-04,1.52051005e-04
0.383416,3.75455652e+02,3.59348475e-04,1.54771335e-04
0.383963,3.74648530e+02,3.65198827e-04,1.57603257e-04
0.384510,3.73839752e+02,3.71211436e-04,1.60475981e-04
0.385057,3.73029764e+02,3.77520937e-04,1.63372603e-04
0.385604,3.72219014e+02,3.83694073e-04,1.66309193e-04
0.386150,3.71407972e+02,3.89725280e-04,1.69280044e-04
0.386697,3.70597104e+02,3.96468628e-04,1.72333795e-04
0.387244,3.69786902e+02,4.02615596e-04,1.75454894e-04
0.387791,3.68977856e+02,4.09531688e-04,1.78582306e-04
0.388338,3.68170434e+02,4.16222436e-04,1.81776364e-04
0.388885,3.67365129e+02,4.23084707e-04,1.85039233e-04
0.389432,3.66562454e+02,4.29694753e-04,1.88328000e-04
0.389979,3.65762920e+02,4.36712410e-04,1.91671773e-04
0.390526,3.64967031e+02,4.43655148e-04,1.95052496e-04
0.391073,3.64175306e+02,4.50488196e-04,1.98480466e-04
0.391620,3.63388301e+02,4.57140132e-04,2.01987524e-04
0.392167,3.62606558e+02,4.64624901e-04,2.05549885e-04
0.392714,3.61830598e+02,4.71731610e-04,2.09142844e-04
0.393261,3.61060949e+02,4.79224217e-04,2.12795293e-04
0.393808,3.60298107e+02,4.87053346e-04,2.16489792e-04
0.394355,3.59542574e+02,4.94659679e-04,2.20236341e-04
0.394902,3.58794916e+02,5.01593032e-04,2.24073545e-04
0.395449,3.58055643e+02,5.10264394e-04,2.27896368e-04
0.395996,3.57325191e+02,5.18495825e-04,2.31782990e-04
0.396543,3.56604054e+02,5.26279116e-04,2.35726435e-04
0.397090,3.55892762e+02,5.34193778e-04,2.39747835e-04
0.397637,3.55191812e+02,5.42557334e-04,2.43776714e-04
0.398184,3.54501678e+02,5.50781751e-04,2.47855429e-04
0.398730,3.53822798e+02,5.60108165e-04,2.52012303e-04
0.399277,3.53155625e+02,5.68147824e-04,2.56197716e-04
0.399824,3.52500618e+02,5.77291295e-04,2.60429522e-04
0.400371,3.51858193e+02,5.86149908e-04,2.64700466e-04
0.400918,3.51228845e+02,5.93708382e-04,2.69002453e-04
0.401465,3.50613095e+02,6.02224795e-04,2.73395239e-04
0.402012,3.50011420e+02,6.10488147e-04,2.77790952e-04
0.402559,3.49424129e+02,6.21830582e-04,2.82181207e-04
0.403106,3.48851500e+02,6.30636070e-04,2.86657654e-04
0.403653,3.48294034e+02,6.37970912e-04,2.91188231e-04
0.404200,3.47752220e+02,6.46746793e-04,2.95709144e-04
0.404747,3.47226487e+02,6.54910895e-04,3.00304947e-04
0.405294,3.46717103e+02,6.66701306e-04,3.04902329e-04
0.405841,3.46224179e+02,6.77328381e-04,3.09470093e-04
0.406388,3.45747922e+02,6.86973059e-04,3.14058937e-04
0.406935,3.45288578e+02,6.96796017e-04,3.18684712e-04
0.407482,3.44846423e+02,7.05419653e-04,3.23270926e-04
0.408029,3.44421688e+02,7.15738430e-04,3.27896416e-04
0.408576,3.44014582e+02,7.24580949e-04,3.32527686e-04
0.409123,3.43625450e+02,7.31788873e-04,3.37119591e-04
0.409670,3.43254483e+02,7.43126365e-04,3.41756068e-04
0.410217,3.42901886e+02,7.49755401e-04,3.46354743e-04
0.410763,3.42567844e+02,7.60944490e-04,3.50965607e-04
0.411310,3.42252373e+02,7.70373911e-04,3.55540143e-04
0.411857,3.41955523e+02,7.80361021e-04,3.60089998e-04
0.412404,3.41677335e+02,7.89364582e-04,3.64574146e-04
0.412951,3.41417853e+02,7.98659519e-04,3.69030551e-04
0.413498,3.41176966e+02,8.10047490e-04,3.73452973e-04
0.414045,3.40954718e+02,8.15677433e-04,3.77753286e-04
0.414592,3.40751250e+02,8.24602904e-04,3.82116834e-04
0.415139,3.40566426e+02,8.35072783e-04,3.86381969e-04
0.415686,3.40399950e+02,8.46174002e-04,3.90547290e-04
0.416233,3.40251646e+02,8.53509377e-04,3.94596889e-04
0.416780,3.40121629e+02,8.58136372e-04,3.98576076e-04
0.417327,3.40009598e+02,8.73055864e-04,4.02597210e-04
0.417874,3.39915127e+02,8.79244442e-04,4.06373995e-04
0.418421,3.39838195e+02,8.85143661e-04,4.10039724e-04
0.418968,3.39778878e+02,8.88593797e-04,4.13615083e-04
0.419515,3.39736950e+02,8.99634924e-04,4.17192011e-04
0.420062,3.39712202e+02,9.01812219e-04,4.20521496e-04
0.420609,3.39704193e+02,9.16638598e-04,4.23930705e-04
0.421156,3.39712403e+02,9.19377554e-04,4.26976339e-04
0.421703,3.39736706e+02,9.25234439e-04,4.29951688e-04
0.422250,3.39776873e+02,9.29020555e-04,4.32749338e-04
0.422797,3.39832614e+02,9.35202502e-04,4.35489674e-04
0.423343,3.39903628e+02,9.38111457e-04,4.37997686e-04
0.423890,3.39989681e+02,9.41960211e-04,4.40397682e-04
0.424437,3.40090327e+02,9.48097812e-04,4.42681896e-04
0.424984,3.40205154e+02,9.50156651e-04,4.44712019e-04
0.425531,3.40333818e+02,9.53883131e-04,4.46624259e-04
0.426078,3.40476036e+02,9.53578514e-04,4.48301182e-04
0.426625,3.40631368e+02,9.59380273e-04,4.49908987e-04
0.427172,3.40799079e+02,9.64030032e-04,4.51292541e-04
0.427719,3.40978448e+02,9.68336848e-04,4.52429524e-04
0.428266,3.41168933e+02,9.68126384e-04,4.53285297e-04
0.428813,3.41370082e+02,9.69489988e-04,4.53983412e-04
0.429360,3.41581221e+02,9.72673980e-04,4.54498597e-04
0.429907,3.41801907e+02,9.68063899e-04,4.54639428e-04
0.430454,3.42031714e+02,9.69800310e-04,4.54730946e-04
0.431001,3.42269733e+02,9.74042582e-04,4.54608004e-04
0.431548,3.42515281e+02,9.69889679e-04,4.54101386e-04
0.432095,3.42767412e+02,9.78466804e-04,4.53578321e-04
0.432642,3.43025116e+02,9.74443998e-04,4.52524019e-04
0.433189,3.43288088e+02,9.67119020e-04,4.51211101e-04
0.433736,3.43556004e+02,9.62334316e-04,4.49750503e-04
0.434283,3.43828772e+02,9.49078073e-04,4.47952977e-04
0.434830,3.44106126e+02,9.46848691e-04,4.46199032e-04
0.435376,3.44387291e+02,9.43229065e-04,4.44163640e-04
0.435923,3.44671193e+02,9.46170244e-04,4.41960946e-04
0.436470,3.44956973e+02,9.36803336e-04,4.39236431e-04
0.437017,3.45244217e+02,9.29209727e-04,4.36344905e-04
0.437564,3.45532355e+02,9.22075590e-04,4.33244415e-04
0.438111,3.45820794e+02,9.13995987e-04,4.29888555e-04
0.438658,3.46108844e+02,9.07831932e-04,4.26359154e-04
0.439205,3.46395749e+02,9.00187291e-04,4.22522767e-04
0.439752,3.46680853e+02,8.90842896e-04,4.18437370e-04
0.440299,3.46963490e+02,8.82391595e-04,4.14145645e-04
0.440846,3.47243029e+02,8.71338527e-04,4.09559181e-04
0.441393,3.47518694e+02,8.65101370e-04,4.04833408e-04
0.441940,3.47789528e+02,8.57038020e-04,3.99821682e-04
0.442487,3.48054511e+02,8.51327454e-04,3.94596570e-04
0.443034,3.48313046e+02,8.33023204e-04,3.88884166e-04
0.443581,3.48564947e+02,8.17378866e-04,3.83079681e-04
0.444128,3.48809354e+02,8.13234750e-04,3.77289696e-04
0.444675,3.49045554e+02,7.93550035e-04,3.70961376e-04
0.445222,3.49273224e+02,7.79870108e-04,3.64603916e-04
0.445769,3.49491649e+02,7.68298877e-04,3.58078657e-04
0.446316,3.49700040e+02,7.55558388e-04,3.51336721e-04
0.446863,3.49897831e+02,7.38326205e-04,3.44333928e-04
0.447409,3.50084351e+02,7.27335240e-04,3.37289613e-04
0.447956,3.50258750e+02,7.13634905e-04,3.30000700e-04
0.448503,3.50420271e+02,6.99958684e-04,3.22543536e-04
0.449050,3.50568206e+02,6.84625519e-04,3.14886600e-04
0.449597,3.50701963e+02,6.67781046e-04,3.07070273e-04
0.450144,3.50821076e+02,6.49193131e-04,2.99107278e-04
0.450691,3.50924836e+02,6.37546729e-04,2.91159769e-04
0.451238,3.51012623e+02,6.16569344e-04,2.82895157e-04
0.451785,3.51084017e+02,5.99895509e-04,2.74647521e-04
0.452332,3.51138361e+02,5.84339814e-04,2.66338848e-04
0.452879,3.51175102e+02,5.64922383e-04,2.57868008e-04
0.453426,3.51193588e+02,5.51667038e-04,2.49467465e-04
0.453973,3.51193048e+02,5.35041092e-04,2.40925703e-04
0.454520,3.51172895e+02,5.17285266e-04,2.32330179e-04
0.455067,3.51132588e+02,4.99590440e-04,2.23710565e-04
0.455614,3.51071519e+02,4.83591115e-04,2.15124994e-04
0.456161,3.50989130e+02,4.64690973e-04,2.06475293e-04
0.456708,3.50884883e+02,4.48515875e-04,1.97923963e-04
0.457255,3.50758133e+02,4.32505758e-04,1.89406890e-04
0.457802,3.50608296e+02,4.15167046e-04,1.80911615e-04
0.458349,3.50434763e+02,4.00170832e-04,1.72542623e-04
0.458896,3.50236965e+02,3.82266323e-04,1.64192780e-04
0.459443,3.50014478e+02,3.64057132e-04,1.55945619e-04
0.459989,3.49766858e+02,3.47168829e-04,1.47859097e-04
0.460536,3.49493607e+02,3.30958992e-04,1.39922558e-04
0.461083,3.49194241e+02,3.14404258e-04,1.32139132e-04
0.461630,3.48868240e+02,2.99922779e-04,1.24567664e-04
0.462177,3.48515085e+02,2.84162030e-04,1.17152168e-04
0.462724,3.48134306e+02,2.69152834e-04,1.09956259e-04
0.463271,3.47725422e+02,2.54747797e-04,1.02991436e-04
0.463818,3.47287982e+02,2.39861482e-04,9.62393007e-05
0.464365,3.46821547e+02,2.26107845e-04,8.97486886e-05
0.464912,3.46325679e+02,2.12376701e-04,8.35085054e-05
0.465459,3.45799938e+02,1.99753219e-04,7.75534582e-05
0.466006,3.45243940e+02,1.85692338e-04,7.18175638e-05
0.466553,3.44657299e+02,1.74231596e-04,6.64191553e-05
0.467100,3.44039587e+02,1.62917595e-04,6.12917791e-05
0.467647,3.43390412e+02,1.51578058e-04,5.64296486e-05
0.468194,3.42709428e+02,1.40163887e-04,5.18306410e-05
0.468741,3.41996291e+02,1.30155827e-04,4.75414850e-05
0.469288,3.41250650e+02,1.20521502e-04,4.35223807e-05
0.469835,3.40472173e+02,1.11265024e-04,3.97716163e-05
0.470382,3.39660552e+02,1.02313464e-04,3.62826178e-05
0.470929,3.38815505e+02,9.37216414e-05,3.30511171e-05
0.471476,3.37936780e+02,8.52725146e-05,3.00652678e-05
0.472022,3.37024133e+02,7.81506129e-05,2.73492429e-05
0.472569,3.36077302e+02,7.20170851e-05,2.48845210e-05
0.473116,3.35096046e+02,6.59679443e-05,2.26416218e-05
0.473663,3.34080175e+02,5.95654319e-05,2.06031101e-05
0.474210,3.33029525e+02,5.44375373e-05,1.88088638e-05
0.474757,3.31943946e+02,4.94396528e-05,1.72247655e-05
0.475304,3.30823308e+02,4.54001909e-05,1.58672181e-05
0.475851,3.29667512e+02,4.15634024e-05,1.47176215e-05
0.476398,3.28476494e+02,3.80999823e-05,1.37780704e-05
0.476945,3.27250222e+02,3.52068596e-05,1.30538084e-05
0.477492,3.25988701e+02,3.26462485e-05,1.25370438e-05
0.478039,3.24691960e+02,3.12787824e-05,1.22378646e-05
0.478586,3.23360056e+02,3.00714648e-05,1.21311312e-05
0.479133,3.21993088e+02,2.94364355e-05,1.22116587e-05
0.479680,3.20591190e+02,2.95624428e-05,1.24670738e-05
0.480227,3.19154528e+02,3.01224593e-05,1.28797252e-05
0.480774,3.17683311e+02,3.11491591e-05,1.34342731e-05
0.481321,3.16177782e+02,3.26525976e-05,1.41174787e-05
0.481868,3.14638222e+02,3.44063148e-05,1.49169740e-05
0.482415,3.13064949e+02,3.63894142e-05,1.58143345e-05
0.482962,3.11458321e+02,3.88018723e-05,1.68107448e-05
0.483509,3.09818732e+02,4.13788634e-05,1.78932931e-05
0.484056,3.08146614e+02,4.40741052e-05,1.90522398e-05
0.484602,3.06442435e+02,4.69548774e-05,2.02958632e-05
0.485149,3.04706700e+02,4.99692894e-05,2.15954522e-05
0.485696,3.02939955e+02,5.31455419e-05,2.29575209e-05
0.486243,3.01142781e+02,5.64188531e-05,2.43806109e-05
0.486790,2.99315796e+02,5.97967091e-05,2.58582338e-05
0.487337,2.97459651e+02,6.31297039e-05,2.73754533e-05
0.487884,2.95575035e+02,6.66610902e-05,2.89425588e-05
0.488431,2.93662669e+02,7.02867099e-05,3.05514441e-05
0.488978,2.91723307e+02,7.39096360e-05,3.21915919e-05
0.489525,2.89757737e+02,7.76635499e-05,3.38663820e-05
0.490072,2.87766780e+02,8.14240381e-05,3.55658051e-05
0.490619,2.85751287e+02,8.53685493e-05,3.72981520e-05
0.491166,2.83712137e+02,8.92535203e-05,3.90442712e-05
0.491713,2.81650243e+02,9.32251834e-05,4.08091945e-05
0.492260,2.79566545e+02,9.73182934e-05,4.25936551e-05
0.492807,2.77462012e+02,1.01486838e-04,4.43957659e-05
0.493354,2.75337637e+02,1.05621501e-04,4.62009530e-05
0.493901,2.73194440e+02,1.09745690e-04,4.80084746e-05
0.494448,2.71033467e+02,1.14005218e-04,4.98287117e-05
0.494995,2.68855793e+02,1.18298008e-04,5.16520519e-05
0.495542,2.66662513e+02,1.22438178e-04,5.34585603e-05
0.496089,2.64454748e+02,1.26707208e-04,5.52732575e-05
0.496635,2.62233629e+02,1.30969024e-04,5.70807924e-05
0.497182,2.60000310e+02,1.35344932e-04,5.88924717e-05
0.497729,2.57755971e+02,1.39569855e-04,6.06824189e-05
0.498276,2.55501804e+02,1.43835603e-04,6.24675771e-05
0.498823,2.53239033e+02,1.48177561e-04,6.42507124e-05
0.499370,2.50968905e+02,1.52429726e-04,6.60163044e-05
0.499917,2.48692684e+02,1.56660227e-04,6.77679630e-05
0.500464,2.46411646e+02,1.60934596e-04,6.95107566e-05
0.501011,2.44127065e+02,1.65054505e-04,7.12201278e-05
0.501558,2.41840232e+02,1.69351581e-04,7.29375920e-05
0.502105,2.39552486e+02,1.73500465e-04,7.46356887e-05
0.502652,2.37265152e+02,1.77610855e-04,7.62997044e-05
0.503199,2.34979540e+02,1.81742415e-04,7.79514090e-05
0.503746,2.32696981e+02,1.85775293e-04,7.95830634e-05
0.504293,2.30418828e+02,1.89851654e-04,8.12029095e-05
0.504840,2.28146453e+02,1.93769079e-04,8.27995715e-05
0.505387,2.25881218e+02,1.97752928e-04,8.43704957e-05
0.505934,2.23624450e+02,2.01730038e-04,8.59140327e-05
0.506481,2.21377497e+02,2.05557722e-04,8.74500138e-05
0.507028,2.19141821e+02,2.08956328e-04,8.89864154e-05
0.507575,2.16918882e+02,2.12632205e-04,9.04844251e-05
0.508122,2.14710070e+02,2.16248025e-04,9.19646702e-05
0.508668,2.12516735e+02,2.20070237e-04,9.34183191e-05
0.509215,2.10340198e+02,2.23765579e-04,9.48562047e-05
0.509762,2.08181888e+02,2.26694569e-04,9.63028542e-05
0.510309,2.06043266e+02,2.30135701e-04,9.77334304e-05
0.510856,2.03925725e+02,2.33420063e-04,9.91463487e-05
0.511403,2.01830528e+02,2.37662206e-04,1.00524185e-04
0.511950,1.99758812e+02,2.41904134e-04,1.01884844e-04
0.512497,1.97711865e+02,2.44634655e-04,1.03266344e-04
0.513044,1.95691027e+02,2.48184763e-04,1.04620764e-04
0.513591,1.93697683e+02,2.50118242e-04,1.06006578e-04
0.514138,1.91733231e+02,2.53333992e-04,1.07368596e-04
0.514685,1.89798888e+02,2.56687675e-04,1.08725361e-04
0.515232,1.87895782e+02,2.60609723e-04,1.10065832e-04
0.515779,1.86024822e+02,2.66017022e-04,1.11363624e-04
0.516326,1.84186959e+02,2.69154794e-04,1.12686955e-04
0.516873,1.82383485e+02,2.70184237e-04,1.14044482e-04
0.517420,1.80615578e+02,2.74200227e-04,1.15364095e-04
0.517967,1.78884266e+02,2.76428982e-04,1.16702909e-04
0.518514,1.77190674e+02,2.78641450e-04,1.18047755e-04
0.519061,1.75535708e+02,2.83082411e-04,1.19356654e-04
0.519608,1.73920081e+02,2.87153348e-04,1.20647268e-04
0.520155,1.72344626e+02,2.89248657e-04,1.21949658e-04
0.520702,1.70810247e+02,2.91579196e-04,1.23244798e-04
0.521248,1.69317649e+02,2.95621169e-04,1.24498926e-04
0.521795,1.67867451e+02,2.98223876e-04,1.25742925e-04
0.522342,1.66460557e+02,2.97190790e-04,1.27029236e-04
0.522889,1.65097581e+02,3.03078411e-04,1.28213002e-04
0.523436,1.63778926e+02,3.04048234e-04,1.29407520e-04
0.523983,1.62505238e+02,3.05099376e-04,1.30578868e-04
0.524530,1.61276847e+02,3.09775641e-04,1.31658833e-04
0.525077,1.60094017e+02,3.10501727e-04,1.32723653e-04
0.525624,1.58957128e+02,3.12140296e-04,1.33730888e-04
0.526171,1.57866332e+02,3.15089989e-04,1.34652496e-04
0.526718,1.56821808e+02,3.14888946e-04,1.35540448e-04
0.527265,1.55823677e+02,3.17388887e-04,1.36324724e-04
0.527812,1.54871915e+02,3.18048193e-04,1.37037862e-04
0.528359,1.53966421e+02,3.20354661e-04,1.37632351e-04
0.528906,1.53107017e+02,3.20733525e-04,1.38137391e-04
0.529453,1.52293682e+02,3.18857289e-04,1.38575532e-04
0.530000,1.51526239e+02,3.20308667e-04,1.38871283e-04
0.530547,1.50804283e+02,3.20777094e-04,1.39042446e-04
0.531094,1.50127289e+02,3.22740500e-04,1.39049941e-04
0.531641,1.49494898e+02,3.18696241e-04,1.38988098e-04
0.532188,1.48907056e+02,3.13858572e-04,1.38841661e-04
0.532735,1.48363359e+02,3.14384560e-04,1.38521942e-04
0.533281,1.47863161e+02,3.12329847e-04,1.38064971e-04
0.533828,1.47405813e+02,3.11466542e-04,1.37445301e-04
0.534375,1.46990517e+02,3.10599499e-04,1.36654420e-04
0.534922,1.46616486e+02,3.08165694e-04,1.35711061e-04
0.535469,1.46282989e+02,3.04920535e-04,1.34614500e-04
0.536016,1.45989301e+02,3.01132859e-04,1.33374815e-04
0.536563,1.45734638e+02,2.97739901e-04,1.31975884e-04
0.537110,1.45518114e+02,2.94623669e-04,1.30415937e-04
0.537657,1.45338916e+02,2.88847362e-04,1.28718456e-04
0.538204,1.45196290e+02,2.83551396e-04,1.26884109e-04
0.538751,1.45089376e+02,2.78827305e-04,1.24906055e-04
0.539298,1.45017294e+02,2.73031267e-04,1.22786349e-04
0.539845,1.44979234e+02,2.66087258e-04,1.20543177e-04
0.540392,1.44974327e+02,2.60776158e-04,1.18172894e-04
0.540939,1.45001584e+02,2.55427815e-04,1.15665623e-04
0.541486,1.45060005e+02,2.49803955e-04,1.13038829e-04
0.542033,1.45148597e+02,2.43885387e-04,1.10286302e-04
0.542580,1.45266423e+02,2.36658831e-04,1.07425436e-04
0.543127,1.45412591e+02,2.29538012e-04,1.04468261e-04
0.543674,1.45586169e+02,2.22844549e-04,1.01421992e-04
0.544221,1.45786206e+02,2.15870663e-04,9.82851625e-05
0.544768,1.46011823e+02,2.07683938e-04,9.50710147e-05
0.545315,1.46262172e+02,1.99950280e-04,9.17950051e-05
0.545861,1.46536296e+02,1.94070068e-04,8.84702493e-05
0.546408,1.46833177e+02,1.87586114e-04,8.50786296e-05
0.546955,1.47151818e+02,1.81602243e-04,8.16467829e-05
0.547502,1.47491264e+02,1.74417693e-04,7.81586402e-05
0.548049,1.47850680e+02,1.66228037e-04,7.46355849e-05
0.548596,1.48229279e+02,1.58295287e-04,7.11015800e-05
0.549143,1.48626230e+02,1.51394942e-04,6.75784566e-05
0.549690,1.49040720e+02,1.43571190e-04,6.40407986e-05
0.550237,1.49471962e+02,1.36525777e-04,6.05270915e-05
0.550784,1.49919173e+02,1.29092195e-04,5.70265608e-05
0.551331,1.50381621e+02,1.21493764e-04,5.35529710e-05
0.551878,1.50858577e+02,1.14701992e-04,5.01374665e-05
0.552425,1.51349315e+02,1.07619287e-04,4.67629464e-05
0.552972,1.51853135e+02,1.00913047e-04,4.34582228e-05
0.553519,1.52369352e+02,9.43803190e-05,4.02285025e-05
0.554066,1.52897265e+02,8.87017647e-05,3.71074899e-05
0.554613,1.53436188e+02,8.27091810e-05,3.40721081e-05
0.555160,1.53985476e+02,7.71414420e-05,3.11643616e-05
0.555707,1.54544504e+02,7.17054203e-05,2.83952637e-05
0.556254,1.55112681e+02,6.63514054e-05,2.57901298e-05
0.556801,1.55689418e+02,6.20576760e-05,2.34050337e-05
0.557348,1.56274123e+02,5.81563149e-05,2.12595692e-05
0.557894,1.56866224e+02,5.48341476e-05,1.94004201e-05
0.558441,1.57465156e+02,5.21735093e-05,1.78904237e-05
0.558988,1.58070377e+02,4.98019067e-05,1.67693240e-05
0.559535,1.58681350e+02,4.86735043e-05,1.60849319e-05
0.560082,1.59297529e+02,4.79994041e-05,1.58446393e-05
0.560629,1.59918402e+02,4.79702936e-05,1.60243626e-05
0.561176,1.60543489e+02,4.86331248e-05,1.65775472e-05
0.561723,1.61172296e+02,4.97808687e-05,1.74164061e-05
0.562270,1.61804343e+02,5.15096805e-05,1.85018059e-05
0.562817,1.62439179e+02,5.36325355e-05,1.97346898e-05
0.563364,1.63076357e+02,5.60809548e-05,2.10817421e-05
0.563911,1.63715427e+02,5.85138962e-05,2.24832149e-05
0.564458,1.64355961e+02,6.15050424e-05,2.39494356e-05
0.565005,1.64997541e+02,6.43083122e-05,2.54073760e-05
0.565552,1.65639756e+02,6.74323132e-05,2.68867573e-05
0.566099,1.66282219e+02,7.06604491e-05,2.83636586e-05
0.566646,1.66924551e+02,7.38744526e-05,2.98224829e-05
0.567193,1.67566370e+02,7.68610390e-05,3.12414181e-05
0.567740,1.68207307e+02,8.00706652e-05,3.26596462e-05
0.568287,1.68847010e+02,8.33003533e-05,3.40614793e-05
0.568834,1.69485147e+02,8.67241797e-05,3.54670808e-05
0.569381,1.70121391e+02,8.97520780e-05,3.68181011e-05
0.569927,1.70755419e+02,9.29691450e-05,3.81742114e-05
0.570474,1.71386923e+02,9.60262052e-05,3.95071177e-05
0.571021,1.72015606e+02,9.91259757e-05,4.08300989e-05
0.571568,1.72641188e+02,1.02409832e-04,4.21620925e-05
0.572115,1.73263407e+02,1.05688221e-04,4.34958089e-05
0.572662,1.73882006e+02,1.08660812e-04,4.47931729e-05
0.573209,1.74496736e+02,1.11968360e-04,4.61226477e-05
0.573756,1.75107368e+02,1.15014194e-04,4.74274823e-05
0.574303,1.75713675e+02,1.18013563e-04,4.87307569e-05
0.574850,1.76315441e+02,1.20934390e-04,5.00218640e-05
0.575397,1.76912468e+02,1.24044833e-04,5.13394030e-05
0.575944,1.77504573e+02,1.27130998e-04,5.26608679e-05
0.576491,1.78091579e+02,1.30144816e-04,5.39789814e-05
0.577038,1.78673327e+02,1.33284784e-04,5.53221053e-05
0.577585,1.79249664e+02,1.36323898e-04,5.66564689e-05
0.578132,1.79820449e+02,1.39266505e-04,5.79810407e-05
0.578679,1.80385551e+02,1.42297427e-04,5.93210216e-05
0.579226,1.80944849e+02,1.45245814e-04,6.06547748e-05
0.579773,1.81498238e+02,1.48330058e-04,6.20152624e-05
0.580320,1.82045619e+02,1.51197270e-04,6.33434325e-05
0.580867,1.82586908e+02,1.54105757e-04,6.46918939e-05
0.581414,1.83122029e+02,1.57150605e-04,6.60473256e-05
0.581961,1.83650907e+02,1.60056406e-04,6.73910791e-05
0.582507,1.84173481e+02,1.62970208e-04,6.87417631e-05
0.583054,1.84689703e+02,1.65902894e-04,7.00917936e-05
0.583601,1.85199531e+02,1.68826644e-04,7.14463989e-05
0.584148,1.85702927e+02,1.71545659e-04,7.27415778e-05
0.584695,1.86199857e+02,1.74417441e-04,7.40757193e-05
0.585242,1.86690299e+02,1.77257528e-04,7.53895685e-05
0.585789,1.87174238e+02,1.80118880e-04,7.67188153e-05
0.586336,1.87651676e+02,1.82893920e-04,7.80426978e-05
0.586883,1.88122613e+02,1.85635569e-04,7.93250838e-05
0.587430,1.88587050e+02,1.88288352e-04,8.06046764e-05
0.587977,1.89045001e+02,1.90967890e-04,8.18809250e-05
0.588524,1.89496488e+02,1.93607675e-04,8.31494005e-05
0.589071,1.89941534e+02,1.96113904e-04,8.43716929e-05
0.589618,1.90380165e+02,1.98741533e-04,8.56162779e-05
0.590165,1.90812422e+02,2.01380160e-04,8.68651328e-05
0.590712,1.91238351e+02,2.03907023e-04,8.80892026e-05
0.591259,1.91657999e+02,2.06297535e-04,8.92613182e-05
0.591806,1.92071418e+02,2.08695373e-04,9.04450413e-05
0.592353,1.92478668e+02,2.11166334e-04,9.16279204e-05
0.592900,1.92879812e+02,2.13538420e-04,9.27855878e-05
0.593447,1.93274913e+02,2.15883773e-04,9.39185956e-05
0.593994,1.93664041e+02,2.18151513e-04,9.50390571e-05
0.594540,1.94047269e+02,2.20424502e-04,9.61486639e-05
0.595087,1.94424670e+02,2.22705884e-04,9.72359187e-05
0.595634,1.94796318e+02,2.24892357e-04,9.83051425e-05
0.596181,1.95162296e+02,2.27034725e-04,9.93600310e-05
0.596728,1.95522683e+02,2.29183262e-04,1.00385703e-04
0.597275,1.95877564e+02,2.31371609e-04,1.01430415e-04
0.597822,1.96227030e+02,2.33438492e-04,1.02431043e-04
0.598369,1.96571173e+02,2.35418028e-04,1.03420841e-04
0.598916,1.96910084e+02,2.37454117e-04,1.04381023e-04
0.599463,1.97243855e+02,2.39430350e-04,1.05345017e-04
0.600010,1.97572594e+02,2.41294797e-04,1.06293036e-04
0.600557,1.97896392e+02,2.43377739e-04,1.07206881e-04
0.601104,1.98215336e+02,2.45195778e-04,1.08091911e-04
0.601651,1.98529522e+02,2.46971236e-04,1.08966997e-04
0.602198,1.98839062e+02,2.48722012e-04,1.09856050e-04
0.602745,1.99144061e+02,2.50516355e-04,1.10684335e-04
0.603292,1.99444609e+02,2.52284723e-04,1.11509532e-04
0.603839,1.99740806e+02,2.53975983e-04,1.12323253e-04
0.604386,2.00032752e+02,2.55615485e-04,1.13104337e-04
0.604933,2.00320552e+02,2.57283946e-04,1.13898284e-04
0.605480,2.00604311e+02,2.58862224e-04,1.14646966e-04
0.606027,2.00884142e+02,2.60270856e-04,1.15400089e-04
0.606574,2.01160156e+02,2.61838446e-04,1.16120394e-04
0.607120,2.01432454e+02,2.63382344e-04,1.16836205e-04
0.607667,2.01701134e+02,2.64905946e-04,1.17521709e-04
0.608214,2.01966294e+02,2.66291454e-04,1.18192085e-04
0.608761,2.02228030e+02,2.67845585e-04,1.18839191e-04
0.609308,2.02486438e+02,2.69070001e-04,1.19473842e-04
0.609855,2.02741629e+02,2.70450408e-04,1.20109685e-04
0.610402,2.02993685e+02,2.71964938e-04,1.20685607e-04
0.610949,2.03242689e+02,2.73173114e-04,1.21267619e-04
0.611496,2.03488758e+02,2.74277587e-04,1.21867428e-04
0.612043,2.03732012e+02,2.75340120e-04,1.22409903e-04
0.612590,2.03972533e+02,2.76744444e-04,1.22936033e-04
0.613137,2.04210405e+02,2.77845314e-04,1.23454969e-04
0.613684,2.04445721e+02,2.78865950e-04,1.23939078e-04
0.614231,2.04678578e+02,2.79843002e-04,1.24427012e-04
0.614778,2.04909076e+02,2.80794000e-04,1.24887366e-04
0.615325,2.05137300e+02,2.81924101e-04,1.25340127e-04
0.615872,2.05363339e+02,2.82864930e-04,1.25787065e-04
0.616419,2.05587273e+02,2.83957839e-04,1.26192506e-04
0.616966,2.05809179e+02,2.84803718e-04,1.26600904e-04
0.617513,2.06029155e+02,2.85564438e-04,1.26989437e-04
0.618060,2.06247301e+02,2.86137059e-04,1.27354083e-04
0.618607,2.06463708e+02,2.86937371e-04,1.27703028e-04
0.619153,2.06678439e+02,2.87978406e-04,1.28042477e-04
0.619700,2.06891553e+02,2.88797466e-04,1.28357174e-04
0.620247,2.07103115e+02,2.89475161e-04,1.28648463e-04
0.620794,2.07313209e+02,2.90070837e-04,1.28956662e-04
0.621341,2.07521917e+02,2.90680732e-04,1.29223220e-04
0.621888,2.07729326e+02,2.91042359e-04,1.29495053e-04
0.622435,2.07935500e+02,2.91922280e-04,1.29723755e-04
0.622982,2.08140502e+02,2.92217202e-04,1.29963818e-04
0.623529,2.08344432e+02,2.92559200e-04,1.30199811e-04
0.624076,2.08547332e+02,2.93629093e-04,1.30384079e-04
0.624623,2.08749217e+02,2.94253487e-04,1.30565196e-04
0.625170,2.08950145e+02,2.94500144e-04,1.30728876e-04
0.625717,2.09150159e+02,2.95278581e-04,1.30872292e-04
0.626264,2.09349292e+02,2.95544960e-04,1.31002859e-04
0.626811,2.09547633e+02,2.95513705e-04,1.31151837e-04
0.627358,2.09745279e+02,2.95484371e-04,1.31269026e-04
0.627905,2.09942290e+02,2.95939630e-04,1.31366928e-04
0.628452,2.10138703e+02,2.96167348e-04,1.31452508e-04
0.628999,2.10334501e+02,2.97462745e-04,1.31497082e-04
0.629546,2.10529648e+02,2.97878072e-04,1.31542091e-04
0.630093,2.10724197e+02,2.97664592e-04,1.31583230e-04
0.630640,2.10918228e+02,2.97439354e-04,1.31602920e-04
0.631186,2.11111780e+02,2.97799101e-04,1.31608251e-04
0.631733,2.11304876e+02,2.97823510e-04,1.31598600e-04
0.632280,2.11497542e+02,2.98013356e-04,1.31582408e-04
0.632827,2.11689814e+02,2.97876713e-04,1.31550952e-04
0.633374,2.11881784e+02,2.96893125e-04,1.31516694e-04
0.633921,2.12073580e+02,2.95971317e-04,1.31468602e-04
0.634468,2.12265210e+02,2.97080885e-04,1.31402035e-04
0.635015,2.12456639e+02,2.96926635e-04,1.31328074e-04
0.635562,2.12647843e+02,2.97698125e-04,1.31225253e-04
0.636109,2.12838769e+02,2.98008520e-04,1.31116598e-04
0.636656,2.13029435e+02,2.97375834e-04,1.30990832e-04
0.637203,2.13219820e+02,2.98366273e-04,1.30852816e-04
0.637750,2.13409887e+02,2.97832302e-04,1.30690335e-04
0.638297,2.13599620e+02,2.98367622e-04,1.30519575e-04
0.638844,2.13789014e+02,2.97624580e-04,1.30338769e-04
0.639391,2.13978159e+02,2.96239020e-04,1.30146034e-04
0.639938,2.14167172e+02,2.94903829e-04,1.29952581e-04
0.640485,2.14356126e+02,2.94286192e-04,1.29750655e-04
0.641032,2.14545006e+02,2.94567638e-04,1.29546141e-04
0.641579,2.14733777e+02,2.94299525e-04,1.29319655e-04
0.642126,2.14922372e+02,2.94910437e-04,1.29069006e-04
0.642673,2.15110720e+02,2.94771816e-04,1.28821194e-04
0.643220,2.15298823e+02,2.93959379e-04,1.28546195e-04
0.643766,2.15486715e+02,2.93023057e-04,1.28273553e-04
0.644313,2.15674424e+02,2.92399781e-04,1.27990223e-04
0.644860,2.15861949e+02,2.91821958e-04,1.27691347e-04
0.645407,2.16049299e+02,2.90913971e-04,1.27383194e-04
0.645954,2.16236447e+02,2.90990287e-04,1.27074489e-04
0.646501,2.16423350e+02,2.90404627e-04,1.26746705e-04
0.647048,2.16610000e+02,2.89643322e-04,1.26407360e-04
0.647595,2.16796378e+02,2.89152367e-04,1.26053400e-04
0.648142,2.16982395e+02,2.89720590e-04,1.25701543e-04
0.648689,2.17168019e+02,2.88130425e-04,1.25322113e-04
0.649236,2.17353296e+02,2.86984443e-04,1.24937056e-04
0.649783,2.17538257e+02,2.85703364e-04,1.24550819e-04
0.650330,2.17722946e+02,2.84210621e-04,1.24157360e-04
0.650877,2.17907285e+02,2.85324184e-04,1.23765665e-04
0.651424,2.18091174e+02,2.84149035e-04,1.23348081e-04
0.651971,2.18274530e+02,2.84865844e-04,1.22928090e-04
0.652518,2.18457336e+02,2.82392944e-04,1.22483978e-04
0.653065,2.18639616e+02,2.82174312e-04,1.22039792e-04
0.653612,2.18821260e+02,2.82219455e-04,1.21589190e-04
0.654159,2.19002262e+02,2.80031691e-04,1.21119563e-04
0.654706,2.19182702e+02,2.78266327e-04,1.20652542e-04
0.655253,2.19362586e+02,2.77540971e-04,1.20181903e-04
0.655799,2.19541877e+02,2.76479604e-04,1.19704877e-04
0.656346,2.19720510e+02,2.76273048e-04,1.19219723e-04
0.656893,2.19898501e+02,2.73620941e-04,1.18717733e-04
0.657440,2.20075854e+02,2.73571551e-04,1.18229963e-04
0.657987,2.20252468e+02,2.72974913e-04,1.17725643e-04
0.658534,2.20428231e+02,2.73073249e-04,1.17210433e-04
0.659081,2.20603084e+02,2.71372609e-04,1.16676811e-04
0.659628,2.20777050e+02,2.69803407e-04,1.16143590e-04
0.660175,2.20950095e+02,2.69266072e-04,1.15612732e-04
0.660722,2.21122140e+02,2.68494789e-04,1.15065278e-04
0.661269,2.21293209e+02,2.65840627e-04,1.14506909e-04
0.661816,2.21463338e+02,2.64809688e-04,1.13955449e-04
0.662363,2.21632352e+02,2.66296178e-04,1.13406521e-04
0.662910,2.21800112e+02,2.64492314e-04,1.12822469e-04
0.663457,2.21966616e+02,2.63278289e-04,1.12241855e-04
0.664004,2.22131840e+02,2.61827005e-04,1.11650028e-04
0.664551,2.22295790e+02,2.59956724e-04,1.11057967e-04
0.665098,2.22458493e+02,2.58097910e-04,1.10460209e-04
0.665645,2.22619964e+02,2.56413473e-04,1.09868970e-04
0.666192,2.22780178e+02,2.55414620e-04,1.09279282e-04
0.666739,2.22939167e+02,2.52512222e-04,1.08668278e-04
0.667286,2.23096863e+02,2.53390228e-04,1.08084777e-04
0.667833,2.23253104e+02,2.52568870e-04,1.07479599e-04
0.668379,2.23407854e+02,2.50794067e-04,1.06859852e-04
0.668926,2.23561164e+02,2.48146463e-04,1.06232270e-04
0.669473,2.23713046e+02,2.47091569e-04,1.05616502e-04
0.670020,2.23863519e+02,2.44287340e-04,1.04988386e-04
0.670567,2.24012706e+02,2.41151460e-04,1.04367726e-04
0.671114,2.24160601e+02,2.40986898e-04,1.03771478e-04
0.671661,2.24307068e+02,2.40539220e-04,1.03161799e-04
0.672208,2.24451977e+02,2.40098647e-04,1.02539769e-04
0.672755,2.24595224e+02,2.39108369e-04,1.01902718e-04
0.673302,2.24736747e+02,2.37722885e-04,1.01263155e-04
0.673849,2.24876616e+02,2.34129445e-04,1.00607237e-04
0.674396,2.25014845e+02,2.33806323e-04,9.99841584e-05
0.674943,2.25151387e+02,2.31486200e-04,9.93355062e-05
0.675490,2.25286239e+02,2.30286372e-04,9.87037959e-05
0.676037,2.25419402e+02,2.27846683e-04,9.80582254e-05
0.676584,2.25550907e+02,2.26064805e-04,9.74243908e-05
0.677131,2.25680689e+02,2.25595409e-04,9.67937608e-05
0.677678,2.25808694e+02,2.23508328e-04,9.61514388e-05
0.678225,2.25934911e+02,2.22258966e-04,9.55126802e-05
0.678772,2.26059210e+02,2.22463445e-04,9.48769906e-05
0.679319,2.26181461e+02,2.21270802e-04,9.42231494e-05
0.679866,2.26301673e+02,2.18546809e-04,9.35564697e-05
0.680412,2.26419857e+02,2.17348556e-04,9.29098316e-05
0.680959,2.26535971e+02,2.15709964e-04,9.22546796e-05
0.681506,2.26649937e+02,2.15296428e-04,9.16087243e-05
0.682053,2.26761743e+02,2.12318894e-04,9.09426257e-05
0.682600,2.26871340e+02,2.12555207e-04,9.02963245e-05
0.683147,2.26978607e+02,2.11104658e-04,8.96337861e-05
0.683694,2.27083555e+02,2.08543073e-04,8.89604542e-05
0.684241,2.27186222e+02,2.06476318e-04,8.82956283e-05
0.684788,2.27286596e+02,2.05024582e-04,8.76409794e-05
0.685335,2.27384674e+02,2.02796695e-04,8.69812988e-05
0.685882,2.27480415e+02,2.02158727e-04,8.63349528e-05
0.686429,2.27573705e+02,2.01478607e-04,8.56819222e-05
0.686976,2.27664463e+02,2.00086124e-04,8.50166120e-05
0.687523,2.27752564e+02,2.00400847e-04,8.43684151e-05
0.688070,2.27837968e+02,1.97269314e-04,8.36877293e-05
0.688617,2.27920749e+02,1.95093449e-04,8.30208700e-05
0.689164,2.28000919e+02,1.93289553e-04,8.23622377e-05
0.689711,2.28078512e+02,1.90608538e-04,8.16999411e-05
0.690258,2.28153545e+02,1.89242029e-04,8.10527262e-05
0.690805,2.28225983e+02,1.87578942e-04,8.04004227e-05
0.691352,2.28295773e+02,1.86571716e-04,7.97556746e-05
0.691899,2.28362863e+02,1.85050582e-04,7.91086282e-05
0.692445,2.28427172e+02,1.84617256e-04,7.84667698e-05
0.692992,2.28488632e+02,1.82816067e-04,7.78126166e-05
0.693539,2.28547246e+02,1.80814200e-04,7.71560126e-05
0.694086,2.28603019e+02,1.78979414e-04,7.65099716e-05
0.694633,2.28655843e+02,1.79548938e-04,7.58808670e-05
0.695180,2.28705650e+02,1.76805162e-04,7.52181600e-05
0.695727,2.28752434e+02,1.75965733e-04,7.45774745e-05
0.696274,2.28796080e+02,1.75705640e-04,7.39394974e-05
0.696821,2.28836490e+02,1.74462081e-04,7.32857806e-05
0.697368,2.28873669e+02,1.71847056e-04,7.26246064e-05
0.697915,2.28907627e+02,1.70598326e-04,7.19810236e-05
0.698462,2.28938324e+02,1.69087452e-04,7.13375174e-05
0.699009,2.28965754e+02,1.67183019e-04,7.06939424e-05
0.699556,2.28989933e+02,1.65123750e-04,7.00503173e-05
0.700103,2.29010887e+02,1.62879790e-04,6.94100766e-05
0.700650,2.29028577e+02,1.62446315e-04,6.87909556e-05
0.701197,2.29042930e+02,1.60952672e-04,6.81599423e-05
0.701744,2.29053867e+02,1.60621606e-04,6.75372839e-05
0.702291,2.29061305e+02,1.59254346e-04,6.69058208e-05
0.702838,2.29065256e+02,1.56808785e-04,6.62663248e-05
0.703385,2.29065807e+02,1.53585160e-04,6.56260580e-05
0.703932,2.29063014e+02,1.51917962e-04,6.50127794e-05
0.704479,2.29056796e+02,1.51916932e-04,6.44116715e-05
0.705025,2.29047060e+02,1.50532903e-04,6.37983417e-05
0.705572,2.29033806e+02,1.48428144e-04,6.31813438e-05
0.706119,2.29016983e+02,1.48301774e-04,6.25853666e-05
0.706666,2.28996492e+02,1.47295314e-04,6.19800861e-05
0.707213,2.28972289e+02,1.45899898e-04,6.13694862e-05
0.707760,2.28944352e+02,1.44345082e-04,6.07591247e-05
0.708307,2.28912641e+02,1.43438411e-04,6.01611645e-05
0.708854,2.28877152e+02,1.40961064e-04,5.95447349e-05
0.709401,2.28837896e+02,1.39682123e-04,5.89483092e-05
0.709948,2.28794823e+02,1.38746919e-04,5.83572265e-05
0.710495,2.28747837e+02,1.38694472e-04,5.77771851e-05
0.711042,2.28696865e+02,1.37118034e-04,5.71756589e-05
0.711589,2.28641888e+02,1.35795334e-04,5.65818503e-05
0.712136,2.28582929e+02,1.33151935e-04,5.59781529e-05
0.712683,2.28520038e+02,1.31258317e-04,5.53942351e-05
0.713230,2.28453164e+02,1.31221852e-04,5.48281264e-05
0.713777,2.28382229e+02,1.29757322e-04,5.42438341e-05
0.714324,2.28307233e+02,1.27903393e-04,5.36631113e-05
0.714871,2.28228172e+02,1.26600682e-04,5.30919762e-05
0.715418,2.28144998e+02,1.25836322e-04,5.25285366e-05
0.715965,2.28057688e+02,1.24023797e-04,5.19579846e-05
0.716512,2.27966232e+02,1.22980630e-04,5.14000017e-05
0.717058,2.27870620e+02,1.21158421e-04,5.08357686e-05
0.717605,2.27770874e+02,1.19202565e-04,5.02741503e-05
0.718152,2.27666996e+02,1.17993654e-04,4.97260008e-05
0.718699,2.27558896e+02,1.18176895e-04,4.91905050e-05
0.719246,2.27446466e+02,1.17641604e-04,4.86490058e-05
0.719793,2.27329672e+02,1.15915787e-04,4.80931006e-05
0.720340,2.27208505e+02,1.14729255e-04,4.75482470e-05
0.720887,2.27082916e+02,1.14138408e-04,4.70147402e-05
0.721434,2.26952884e+02,1.12233163e-04,4.64654626e-05
0.721981,2.26818399e+02,1.11336232e-04,4.59330296e-05
0.722528,2.26679448e+02,1.09546911e-04,4.53963278e-05
0.723075,2.26536035e+02,1.08362066e-04,4.48706687e-05
0.723622,2.26388101e+02,1.08057316e-04,4.43534492e-05
0.724169,2.26235599e+02,1.06590175e-04,4.38258108e-05
0.724716,2.26078509e+02,1.05611319e-04,4.33086702e-05
0.725263,2.25916822e+02,1.04035256e-04,4.27898812e-05
0.725810,2.25750575e+02,1.01862641e-04,4.22686204e-05
0.726357,2.25579797e+02,1.00375704e-04,4.17620981e-05
0.726904,2.25404498e+02,9.87579479e-05,4.12579076e-05
0.727451,2.25224655e+02,9.81904078e-05,4.07699320e-05
0.727998,2.25040197e+02,9.77929058e-05,4.02822722e-05
0.728545,2.24851081e+02,9.65336216e-05,3.97888780e-05
0.729092,2.24657291e+02,9.54787297e-05,3.93011644e-05
0.729638,2.24458811e+02,9.42893948e-05,3.88161529e-05
0.730185,2.24255608e+02,9.37207119e-05,3.83429161e-05
0.730732,2.24047649e+02,9.24670084e-05,3.78570839e-05
0.731279,2.23834913e+02,9.14476119e-05,3.73821710e-05
0.731826,2.23617405e+02,8.96915514e-05,3.69032662e-05
0.732373,2.23395093e+02,8.95908987e-05,3.64444419e-05
0.732920,2.23167930e+02,8.83131069e-05,3.59759424e-05
0.733467,2.22935941e+02,8.63909573e-05,3.55050302e-05
0.734014,2.22699112e+02,8.60473397e-05,3.50559129e-05
0.734561,2.22457390e+02,8.52785630e-05,3.46059190e-05
0.735108,2.22210774e+02,8.36757487e-05,3.41491030e-05
0.735655,2.21959266e+02,8.27900340e-05,3.37068674e-05
0.736202,2.21702852e+02,8.15342162e-05,3.32598629e-05
0.736749,2.21441520e+02,8.05680474e-05,3.28227951e-05
0.737296,2.21175213e+02,8.06857344e-05,3.24017701e-05
0.737843,2.20903887e+02,7.94413782e-05,3.19638590e-05
0.738390,2.20627548e+02,7.80773417e-05,3.15298762e-05
0.738937,2.20346186e+02,7.73110975e-05,3.11081970e-05
0.739484,2.20059787e+02,7.62579664e-05,3.06874146e-05
0.740031,2.19768353e+02,7.49775735e-05,3.02675928e-05
0.740578,2.19471897e+02,7.36490618e-05,2.98515927e-05
0.741125,2.19170433e+02,7.21785843e-05,2.94390163e-05
0.741671,2.18863952e+02,7.17620579e-05,2.90443341e-05
0.742218,2.18552418e+02,7.10783772e-05,2.86490460e-05
0.742765,2.18235805e+02,7.03486390e-05,2.82549707e-05
0.743312,2.17914099e+02,6.91515726e-05,2.78587914e-05
0.743859,2.17587320e+02,6.75715387e-05,2.74629206e-05
0.744406,2.17255463e+02,6.71836546e-05,2.70873518e-05
0.744953,2.16918493e+02,6.65040340e-05,2.67095615e-05
0.745500,2.16576385e+02,6.58096187e-05,2.63370742e-05
0.746047,2.16229144e+02,6.43485523e-05,2.59568578e-05
0.746594,2.15876777e+02,6.37175072e-05,2.55956838e-05
0.747141,2.15519280e+02,6.26185181e-05,2.52302194e-05
0.747688,2.15156651e+02,6.17406234e-05,2.48712061e-05
0.748235,2.14788865e+02,6.13738120e-05,2.45237862e-05
0.748782,2.14415903e+02,6.04877104e-05,2.41724404e-05
0.749329,2.14037755e+02,5.97008108e-05,2.38253498e-05
0.749876,2.13654407e+02,5.89104651e-05,2.34835705e-05
0.750423,2.13265871e+02,5.74968104e-05,2.31358022e-05
0.750970,2.12872141e+02,5.71172663e-05,2.28079382e-05
0.751517,2.12473202e+02,5.61658110e-05,2.24761757e-05
0.752064,2.12069045e+02,5.56230623e-05,2.21546702e-05
0.752611,2.11659674e+02,5.40541332e-05,2.18197385e-05
0.753158,2.11245113e+02,5.31488814e-05,2.15036954e-05
0.753704,2.10825371e+02,5.20239999e-05,2.11873535e-05
0.754251,2.10400452e+02,5.13856184e-05,2.08840895e-05
0.754798,2.09970359e+02,5.03491808e-05,2.05776959e-05
0.755345,2.09535073e+02,5.02580169e-05,2.02907175e-05
0.755892,2.09094572e+02,4.95381798e-05,1.99975983e-05
0.756439,2.08648852e+02,4.88582434e-05,1.97101707e-05
0.756986,2.08197915e+02,4.82004163e-05,1.94287446e-05
0.757533,2.07741767e+02,4.73004768e-05,1.91459542e-05
0.758080,2.07280418e+02,4.62487227e-05,1.88646112e-05
0.758627,2.06813863e+02,4.58252899e-05,1.85989427e-05
0.759174,2.06342095e+02,4.48511757e-05,1.83279163e-05
0.759721,2.05865117e+02,4.44474947e-05,1.80721872e-05
0.760268,2.05382932e+02,4.35249903e-05,1.78117558e-05
0.760815,2.04895542e+02,4.32177333e-05,1.75679649e-05
0.761362,2.04402945e+02,4.22103396e-05,1.73113775e-05
0.761909,2.03905134e+02,4.19621698e-05,1.70762183e-05
0.762456,2.03402102e+02,4.11998463e-05,1.68357499e-05
0.763003,2.02893850e+02,4.07455525e-05,1.66068993e-05
0.763550,2.02380375e+02,3.99666529e-05,1.63740958e-05
0.764097,2.01861676e+02,3.93163735e-05,1.61502948e-05
0.764644,2.01337768e+02,3.82382267e-05,1.59246096e-05
0.765191,2.00808651e+02,3.80333315e-05,1.57191548e-05
0.765738,2.00274319e+02,3.74724606e-05,1.55128443e-05
0.766284,1.99734778e+02,3.69096261e-05,1.53119791e-05
0.766831,1.99190041e+02,3.62482351e-05,1.51139344e-05
0.767378,1.98640116e+02,3.59344971e-05,1.49288226e-05
0.767925,1.98085011e+02,3.54224955e-05,1.47444974e-05
0.768472,1.97524731e+02,3.46049398e-05,1.45567259e-05
0.769019,1.96959275e+02,3.43109392e-05,1.43874664e-05
0.769566,1.96388642e+02,3.35088966e-05,1.42099692e-05
0.770113,1.95812851e+02,3.29169172e-05,1.40446257e-05
0.770660,1.95231912e+02,3.23561351e-05,1.38855815e-05
0.771207,1.94645835e+02,3.17414800e-05,1.37314793e-05
0.771754,1.94054632e+02,3.12879512e-05,1.35862631e-05
0.772301,1.93458312e+02,3.08646724e-05,1.34472532e-05
0.772848,1.92856887e+02,3.04814569e-05,1.33150767e-05
0.773395,1.92250364e+02,3.01555585e-05,1.31904098e-05
0.773942,1.91638758e+02,2.97550712e-05,1.30676776e-05
0.774489,1.91022083e+02,2.91720722e-05,1.29469692e-05
0.775036,1.90400354e+02,2.86429998e-05,1.28337373e-05
0.775583,1.89773587e+02,2.85226442e-05,1.27344280e-05
0.776130,1.89141797e+02,2.78836779e-05,1.26286978e-05
0.776677,1.88504995e+02,2.74263610e-05,1.25351796e-05
0.777224,1.87863193e+02,2.72084276e-05,1.24530417e-05
0.777771,1.87216401e+02,2.68910932e-05,1.23728279e-05
0.778317,1.86564633e+02,2.63693287e-05,1.22959125e-05
0.778864,1.85907902e+02,2.60916005e-05,1.22293871e-05
0.779411,1.85246229e+02,2.57659223e-05,1.21657830e-05
0.779958,1.84579632e+02,2.57793007e-05,1.21175409e-05
0.780505,1.83908121e+02,2.53138372e-05,1.20625616e-05
0.781052,1.83231705e+02,2.49466147e-05,1.20199297e-05
0.781599,1.82550396e+02,2.46491572e-05,1.19823616e-05
0.782146,1.81864212e+02,2.45699284e-05,1.19572172e-05
0.782693,1.81173170e+02,2.43756813e-05,1.19369876e-05
0.783240,1.80477284e+02,2.39947777e-05,1.19137639e-05
0.783787,1.79776567e+02,2.39926141e-05,1.19068701e-05
0.784334,1.79071038e+02,2.37738336e-05,1.19000080e-05
0.784881,1.78360717e+02,2.35995422e-05,1.19025938e-05
0.785428,1.77645622e+02,2.33689454e-05,1.19081478e-05
0.785975,1.76925774e+02,2.33295247e-05,1.19246046e-05
0.786522,1.76201197e+02,2.33653252e-05,1.19458299e-05
0.787069,1.75471920e+02,2.33340763e-05,1.19728960e-05
0.787616,1.74737966e+02,2.32286630e-05,1.20039928e-05
0.788163,1.73999357e+02,2.30664839e-05,1.20388883e-05
0.788710,1.73256113e+02,2.30977554e-05,1.20855555e-05
0.789257,1.72508253e+02,2.30588105e-05,1.21328481e-05
0.789804,1.71755804e+02,2.32275605e-05,1.21881329e-05
0.790351,1.70998796e+02,2.31978667e-05,1.22479517e-05
0.790897,1.70237256e+02,2.32491871e-05,1.23139120e-05
0.791444,1.69471212e+02,2.33880267e-05,1.23855518e-05
0.791991,1.68700695e+02,2.34913034e-05,1.24609833e-05
0.792538,1.67925733e+02,2.35746056e-05,1.25437984e-05
0.793085,1.67146346e+02,2.34936466e-05,1.26281056e-05
0.793632,1.66362556e+02,2.35854277e-05,1.27182342e-05
0.794179,1.65574392e+02,2.36854082e-05,1.28149719e-05
0.794726,1.64781881e+02,2.36889868e-05,1.29160207e-05
0.795273,1.63985050e+02,2.39486062e-05,1.30227506e-05
0.795820,1.63183942e+02,2.44556131e-05,1.31363520e-05
0.796367,1.62378592e+02,2.45162480e-05,1.32503001e-05
0.796914,1.61569025e+02,2.47267643e-05,1.33695126e-05
0.797461,1.60755281e+02,2.51492376e-05,1.34936778e-05
0.798008,1.59937403e+02,2.54687078e-05,1.36209209e-05
0.798555,1.59115417e+02,2.54285981e-05,1.37512986e-05
0.799102,1.58289345e+02,2.57115119e-05,1.38876545e-05
0.799649,1.57459218e+02,2.59024623e-05,1.40272719e-05
0.800196,1.56625071e+02,2.63245750e-05,1.41712831e-05
0.800743,1.55786947e+02,2.66511054e-05,1.43184663e-05
0.801290,1.54944886e+02,2.70071588e-05,1.44692189e-05
0.801837,1.54098925e+02,2.72539809e-05,1.46232552e-05
0.802384,1.53249101e+02,2.75351898e-05,1.47808506e-05
0.802930,1.52395458e+02,2.80398559e-05,1.49417552e-05
0.803477,1.51538039e+02,2.83618433e-05,1.51061762e-05
0.804024,1.50676880e+02,2.87000826e-05,1.52730735e-05
0.804571,1.49812023e+02,2.89958703e-05,1.54432220e-05
0.805118,1.48943506e+02,2.92933381e-05,1.56166280e-05
0.805665,1.48071373e+02,2.97622898e-05,1.57931637e-05
0.806212,1.47195667e+02,3.01403219e-05,1.59729352e-05
0.806759,1.46316429e+02,3.05705026e-05,1.61553776e-05
0.807306,1.45433714e+02,3.11711911e-05,1.63391158e-05
0.807853,1.44547580e+02,3.15527371e-05,1.65247615e-05
0.808400,1.43658067e+02,3.19757232e-05,1.67155919e-05
0.808947,1.42765213e+02,3.22615001e-05,1.69058623e-05
0.809494,1.41869057e+02,3.25454504e-05,1.71007858e-05
0.810041,1.40969637e+02,3.29191199e-05,1.72986816e-05
0.810588,1.40066996e+02,3.32917333e-05,1.74987515e-05
0.811135,1.39161192e+02,3.39895725e-05,1.76989634e-05
0.811682,1.38252296e+02,3.45617690e-05,1.79001196e-05
0.812229,1.37340359e+02,3.49601241e-05,1.81075460e-05
0.812776,1.36425417e+02,3.52431915e-05,1.83129650e-05
0.813323,1.35507502e+02,3.55137022e-05,1.85255442e-05
0.813870,1.34586653e+02,3.59963426e-05,1.87370323e-05
0.814417,1.33662937e+02,3.66425292e-05,1.89479335e-05
0.814964,1.32736424e+02,3.72527300e-05,1.91641649e-05
0.815510,1.31807167e+02,3.77343671e-05,1.93810074e-05
0.816057,1.30875218e+02,3.81277452e-05,1.95986962e-05
0.816604,1.29940621e+02,3.85091670e-05,1.98203926e-05
0.817151,1.29003438e+02,3.91483139e-05,2.00382218e-05
0.817698,1.28063745e+02,3.97185816e-05,2.02595619e-05
0.818245,1.27121612e+02,4.01968035e-05,2.04802797e-05
0.818792,1.26177109e+02,4.07210380e-05,2.07026307e-05
0.819339,1.25230279e+02,4.10180380e-05,2.09335036e-05
0.819886,1.24281160e+02,4.15627848e-05,2.11604026e-05
0.820433,1.23329824e+02,4.21626474e-05,2.13868722e-05
0.820980,1.22376330e+02,4.25655012e-05,2.16192926e-05
0.821527,1.21420730e+02,4.31145894e-05,2.18500719e-05
0.822074,1.20463106e+02,4.37969252e-05,2.20778931e-05
0.822621,1.19503535e+02,4.43396151e-05,2.23108541e-05
0.823168,1.18542076e+02,4.46224034e-05,2.25408431e-05
0.823715,1.17578788e+02,4.51991171e-05,2.27742305e-05
0.824262,1.16613751e+02,4.58214937e-05,2.30054569e-05
0.824809,1.15647046e+02,4.64103572e-05,2.32408855e-05
0.825356,1.14678716e+02,4.65760231e-05,2.34771252e-05
0.825903,1.13708805e+02,4.71630982e-05,2.37148262e-05
0.826450,1.12737383e+02,4.76578147e-05,2.39506965e-05
0.826997,1.11764518e+02,4.81762841e-05,2.41894274e-05
0.827543,1.10790275e+02,4.86084372e-05,2.44272218e-05
0.828090,1.09814723e+02,4.91940471e-05,2.46663678e-05
0.828637,1.08837959e+02,4.99215040e-05,2.49009645e-05
0.829184,1.07860078e+02,5.04590621e-05,2.51381284e-05
0.829731,1.06881153e+02,5.09794666e-05,2.53777281e-05
0.830278,1.05901239e+02,5.13113423e-05,2.56180423e-05
0.830825,1.04920404e+02,5.19625393e-05,2.58566399e-05
0.831372,1.03938721e+02,5.23547744e-05,2.60970205e-05
0.831919,1.02956273e+02,5.30354778e-05,2.63317147e-05
0.832466,1.01973159e+02,5.35390422e-05,2.65700670e-05
0.833013,1.00989467e+02,5.41857379e-05,2.68054316e-05
0.833560,1.00005285e+02,5.46554989e-05,2.70438783e-05
0.834107,9.90206709e+01,5.50713990e-05,2.72858220e-05
0.834654,9.80356934e+01,5.56507444e-05,2.75237633e-05
0.835201,9.70504204e+01,5.60011862e-05,2.77647915e-05
0.835748,9.60649361e+01,5.66676568e-05,2.79977725e-05
0.836295,9.50793237e+01,5.70230355e-05,2.82381624e-05
0.836842,9.40936710e+01,5.77974974e-05,2.84714230e-05
0.837389,9.31080772e+01,5.82888529e-05,2.87094245e-05
0.837936,9.21226373e+01,5.89337196e-05,2.89399372e-05
0.838483,9.11374181e+01,5.91818121e-05,2.91815960e-05
0.839030,9.01524783e+01,5.97878225e-05,2.94144295e-05
0.839576,8.91678954e+01,6.02049755e-05,2.96541294e-05
0.840123,8.81837402e+01,6.06794691e-05,2.98866964e-05
0.840670,8.72001098e+01,6.12754570e-05,3.01197453e-05
0.841217,8.62170955e+01,6.17395224e-05,3.03537616e-05
0.841764,8.52347983e+01,6.24080715e-05,3.05824549e-05
0.842311,8.42533278e+01,6.29632846e-05,3.08125815e-05
0.842858,8.32727642e+01,6.34599452e-05,3.10476586e-05
0.843405,8.22931833e+01,6.38957792e-05,3.12738541e-05
0.843952,8.13146841e+01,6.44431975e-05,3.14996017e-05
0.844499,8.03373695e+01,6.50079521e-05,3.17265852e-05
0.845046,7.93613321e+01,6.54543258e-05,3.19511264e-05
0.845593,7.83866701e+01,6.61571501e-05,3.21768590e-05
0.846140,7.74134888e+01,6.65679920e-05,3.23917317e-05
0.846687,7.64418488e+01,6.69505341e-05,3.26230597e-05
0.847234,7.54717910e+01,6.72351142e-05,3.28439629e-05
0.847781,7.45034118e+01,6.79230649e-05,3.30629513e-05
0.848328,7.35367984e+01,6.81142766e-05,3.32858673e-05
0.848875,7.25720207e+01,6.86433455e-05,3.35072704e-05
0.849422,7.16091846e+01,6.92632444e-05,3.37244358e-05
0.849969,7.06484163e+01,6.99861053e-05,3.39378988e-05
0.850516,6.96898287e+01,7.03766255e-05,3.41501146e-05
0.851063,6.87335199e+01,7.09057216e-05,3.43608708e-05
0.851610,6.77796192e+01,7.17904849e-05,3.45675855e-05
0.852156,6.68282670e+01,7.24159333e-05,3.47686336e-05
0.852703,6.58795713e+01,7.28445136e-05,3.49723608e-05
0.853250,6.49336200e+01,7.32822405e-05,3.51746133e-05
0.853797,6.39904870e+01,7.35038153e-05,3.53784467e-05
0.854344,6.30502473e+01,7.39495596e-05,3.55797520e-05
0.854891,6.21130373e+01,7.49876687e-05,3.57699204e-05
0.855438,6.11789884e+01,7.52713916e-05,3.59608149e-05
0.855985,6.02481942e+01,7.58060862e-05,3.61511967e-05
0.856532,5.93207462e+01,7.60586667e-05,3.63397288e-05
0.857079,5.83967293e+01,7.64510884e-05,3.65265734e-05
0.857626,5.74762586e+01,7.71700710e-05,3.67088137e-05
0.858173,5.65594599e+01,7.76886142e-05,3.68867734e-05
0.858720,5.56464412e+01,7.81197013e-05,3.70645142e-05
0.859267,5.47373094e+01,7.86020501e-05,3.72359660e-05
0.859814,5.38321774e+01,7.91359773e-05,3.74080454e-05
0.860361,5.29311679e+01,7.97238544e-05,3.75695055e-05
0.860908,5.20344053e+01,8.01948336e-05,3.77300266e-05
0.861455,5.11420193e+01,8.09292541e-05,3.78864978e-05
0.862002,5.02541121e+01,8.09825491e-05,3.80439411e-05
0.862549,4.93707633e+01,8.12836402e-05,3.81951048e-05
0.863096,4.84920965e+01,8.20669386e-05,3.83446652e-05
0.863643,4.76182554e+01,8.26447934e-05,3.84820295e-05
0.864189,4.67493412e+01,8.26155070e-05,3.86223277e-05
0.864736,4.58854725e+01,8.34693300e-05,3.87495491e-05
0.865283,4.50267879e+01,8.37827806e-05,3.88802329e-05
0.865830,4.41734110e+01,8.43157794e-05,3.89972629e-05
0.866377,4.33254646e+01,8.45375578e-05,3.91156488e-05
0.866924,4.24830671e+01,8.50152312e-05,3.92287153e-05
0.867471,4.16463467e+01,8.52898235e-05,3.93303300e-05
0.868018,4.08154324e+01,8.56818914e-05,3.94292807e-05
0.868565,3.99904819e+01,8.64657407e-05,3.95198195e-05
0.869112,3.91716366e+01,8.65027386e-05,3.96051794e-05
0.869659,3.83590181e+01,8.67971376e-05,3.96798316e-05
0.870206,3.75527669e+01,8.70613692e-05,3.97490770e-05
0.870753,3.67530442e+01,8.76985983e-05,3.98110161e-05
0.871300,3.59600301e+01,8.81754947e-05,3.98564178e-05
0.871847,3.51738804e+01,8.82351503e-05,3.99001341e-05
0.872394,3.43947450e+01,8.84990323e-05,3.99303884e-05
0.872941,3.36227845e+01,8.85923682e-05,3.99530079e-05
0.873488,3.28581593e+01,8.87557275e-05,3.99724817e-05
0.874035,3.21010458e+01,8.89541955e-05,3.99696962e-05
0.874582,3.13516401e+01,8.92665929e-05,3.99598304e-05
0.875129,3.06101338e+01,8.92073757e-05,3.99391937e-05
0.875676,2.98767309e+01,8.95215582e-05,3.99016301e-05
0.876223,2.91516575e+01,8.96041121e-05,3.98469831e-05
0.876769,2.84351402e+01,8.96456450e-05,3.97786827e-05
0.877316,2.77274191e+01,8.96882488e-05,3.96920820e-05
0.877863,2.70287382e+01,8.94585664e-05,3.95883475e-05
0.878410,2.63393609e+01,8.95484949e-05,3.94736872e-05
0.878957,2.56595829e+01,8.95529371e-05,3.93269246e-05
0.879504,2.49896881e+01,8.89592164e-05,3.91768613e-05
0.880051,2.43299833e+01,8.89162234e-05,3.89865620e-05
0.880598,2.36808149e+01,8.85534339e-05,3.87845496e-05
0.881145,2.30425474e+01,8.83138257e-05,3.85540041e-05
0.881692,2.24155748e+01,8.78781029e-05,3.82942259e-05
0.882239,2.18003118e+01,8.73357553e-05,3.80078618e-05
0.882786,2.11972088e+01,8.68740340e-05,3.76926694e-05
0.883333,2.06067446e+01,8.60860115e-05,3.73518681e-05
0.883880,2.00294466e+01,8.56904260e-05,3.69596450e-05
0.884427,1.94658837e+01,8.47606543e-05,3.65428884e-05
0.884974,1.89166507e+01,8.39062798e-05,3.60988717e-05
0.885521,1.83823932e+01,8.29061297e-05,3.56061023e-05
0.886068,1.78638033e+01,8.18265391e-05,3.50828311e-05
0.886615,1.73616281e+01,8.07502289e-05,3.45120411e-05
0.887162,1.68766702e+01,7.95697450e-05,3.39078085e-05
0.887709,1.64097826e+01,7.82712883e-05,3.32571892e-05
0.888256,1.59618663e+01,7.68408940e-05,3.25750609e-05
0.888802,1.55338694e+01,7.53247553e-05,3.18574430e-05
0.889349,1.51267894e+01,7.38272942e-05,3.11066793e-05
0.889896,1.47416649e+01,7.22216408e-05,3.03306399e-05
0.890443,1.43795618e+01,7.05806731e-05,2.95367706e-05
0.890990,1.40415667e+01,6.89922384e-05,2.87343259e-05
0.891537,1.37287707e+01,6.74335394e-05,2.79358524e-05
0.892084,1.34422430e+01,6.58680695e-05,2.71733908e-05
0.892631,1.31830085e+01,6.44424748e-05,2.64582027e-05
0.893178,1.29520268e+01,6.32227962e-05,2.58157850e-05
0.893725,1.27501590e+01,6.21975811e-05,2.52867228e-05
0.894272,1.25781373e+01,6.15126083e-05,2.49033118e-05
0.894819,1.24365361e+01,6.12035052e-05,2.47039178e-05
0.895366,1.23257428e+01,6.13548598e-05,2.47228237e-05
0.895913,1.22459341e+01,6.20004528e-05,2.49857026e-05
0.896460,1.21970588e+01,6.31855723e-05,2.55045668e-05
0.897007,1.21788287e+01,6.48899745e-05,2.62714869e-05
0.897554,1.21907186e+01,6.70968751e-05,2.72649888e-05
0.898101,1.22319767e+01,6.97605658e-05,2.84612705e-05
0.898648,1.23016416e+01,7.28260672e-05,2.98321550e-05
0.899195,1.23985678e+01,7.62145563e-05,3.13340482e-05
0.899742,1.25214542e+01,7.98535972e-05,3.29383633e-05
0.900289,1.26688773e+01,8.37035408e-05,3.46266017e-05
0.900835,1.28393242e+01,8.76699400e-05,3.63546678e-05
0.901382,1.30312248e+01,9.17117101e-05,3.81087800e-05
0.901929,1.32429821e+01,9.57797426e-05,3.98608311e-05
0.902476,1.34729984e+01,9.98181975e-05,4.15903210e-05
0.903023,1.37197000e+01,1.03803242e-04,4.32962212e-05
0.903570,1.39815555e+01,1.07687070e-04,4.49501752e-05
0.904117,1.42570889e+01,1.11454602e-04,4.65278793e-05
0.904664,1.45448917e+01,1.15102887e-04,4.80550498e-05
0.905211,1.48436332e+01,1.18610400e-04,4.95273473e-05
0.905758,1.51520611e+01,1.21968023e-04,5.09020389e-05
0.906305,1.54690048e+01,1.25154917e-04,5.22125903e-05
0.906852,1.57933751e+01,1.28196468e-04,5.34270334e-05
0.907399,1.61241650e+01,1.31066411e-04,5.45986883e-05
0.907946,1.64604478e+01,1.33772877e-04,5.56770959e-05
0.908493,1.68013690e+01,1.36405310e-04,5.66907256e-05
0.909040,1.71461448e+01,1.38822516e-04,5.76251052e-05
0.909587,1.74940623e+01,1.41046010e-04,5.85007167e-05
0.910134,1.78444728e+01,1.43181756e-04,5.93051323e-05
0.910681,1.81967842e+01,1.45157146e-04,6.00422511e-05
0.911228,1.85504576e+01,1.47071502e-04,6.07208765e-05
0.911775,1.89050036e+01,1.48852782e-04,6.13445098e-05
0.912322,1.92599853e+01,1.50379723e-04,6.19172595e-05
0.912869,1.96150031e+01,1.52049765e-04,6.24234293e-05
0.913415,1.99696952e+01,1.53438549e-04,6.28991754e-05
0.913962,2.03237483e+01,1.54595504e-04,6.33120740e-05
0.914509,2.06768778e+01,1.55925632e-04,6.36972460e-05
0.915056,2.10288260e+01,1.56983138e-04,6.40201795e-05
0.915603,2.13793626e+01,1.58103402e-04,6.43006573e-05
0.916150,2.17282818e+01,1.59002202e-04,6.45324395e-05
0.916697,2.20754077e+01,1.59806924e-04,6.47316010e-05
0.917244,2.24205909e+01,1.60435609e-04,6.48883146e-05
0.917791,2.27637073e+01,1.60976235e-04,6.50170994e-05
0.918338,2.31046469e+01,1.61532356e-04,6.50967096e-05
0.918885,2.34433149e+01,1.61953479e-04,6.51479150e-05
0.919432,2.37796245e+01,1.62576784e-04,6.51657216e-05
0.919979,2.41135076e+01,1.62746146e-04,6.51491689e-05
0.920526,2.44449330e+01,1.62672097e-04,6.51090145e-05
0.921073,2.47738577e+01,1.63222080e-04,6.50142542e-05
0.921620,2.51002406e+01,1.63200175e-04,6.49026735e-05
0.922167,2.54240874e+01,1.62751799e-04,6.47501980e-05
0.922714,2.57454061e+01,1.62783035e-04,6.45810800e-05
0.923261,2.60642001e+01,1.62559978e-04,6.43808574e-05
0.923808,2.63804724e+01,1.62645004e-04,6.41471095e-05
0.924355,2.66942390e+01,1.62110192e-04,6.38775132e-05
0.924902,2.70055627e+01,1.61095025e-04,6.35893229e-05
0.925448,2.73144949e+01,1.60892049e-04,6.32773763e-05
0.925995,2.76210790e+01,1.60074318e-04,6.29370426e-05
0.926542,2.79253771e+01,1.59394695e-04,6.25683184e-05
0.927089,2.82274400e+01,1.58826213e-04,6.21711209e-05
0.927636,2.85273134e+01,1.58239313e-04,6.17459655e-05
0.928183,2.88250606e+01,1.57253036e-04,6.13110313e-05
0.928730,2.91207582e+01,1.56286249e-04,6.08365419e-05
0.929277,2.94145016e+01,1.54771127e-04,6.03501953e-05
0.929824,2.97063913e+01,1.53632892e-04,5.98372867e-05
0.930371,2.99965661e+01,1.51042781e-04,5.92963981e-05
0.930918,3.02851182e+01,1.51045364e-04,5.87646554e-05
0.931465,3.05720915e+01,1.49629902e-04,5.81912070e-05
0.932012,3.08575842e+01,1.48114368e-04,5.75924627e-05
0.932559,3.11417255e+01,1.45822684e-04,5.69815758e-05
0.933106,3.14246185e+01,1.44947216e-04,5.63658345e-05
0.933653,3.17063302e+01,1.43484995e-04,5.57198876e-05
0.934200,3.19869832e+01,1.41008461e-04,5.50540674e-05
0.934747,3.22667010e+01,1.39437441e-04,5.43822538e-05
0.935294,3.25455661e+01,1.37942819e-04,5.36958448e-05
0.935841,3.28236840e+01,1.35599720e-04,5.29829107e-05
0.936388,3.31011680e+01,1.33750844e-04,5.22657327e-05
0.936935,3.33781392e+01,1.31081100e-04,5.15324105e-05
0.937482,3.36547129e+01,1.29242395e-04,5.07963222e-05
0.938028,3.39309715e+01,1.27372137e-04,5.00506903e-05
0.938575,3.42069900e+01,1.25631442e-04,4.92945610e-05
0.939122,3.44828465e+01,1.23524350e-04,4.85230996e-05
0.939669,3.47586219e+01,1.21558943e-04,4.77476234e-05
0.940216,3.50344037e+01,1.19083917e-04,4.69546920e-05
0.940763,3.53102575e+01,1.17598941e-04,4.61648926e-05
0.941310,3.55862445e+01,1.15098502e-04,4.53584025e-05
0.941857,3.58624702e+01,1.12069141e-04,4.45456690e-05
0.942404,3.61390082e+01,1.10386692e-04,4.37426113e-05
0.942951,3.64159201e+01,1.07499789e-04,4.29224092e-05
0.943498,3.66932471e+01,1.06411032e-04,4.21268487e-05
0.944045,3.69710156e+01,1.03838537e-04,4.13029876e-05
0.944592,3.72492900e+01,1.01265963e-04,4.04861032e-05
0.945139,3.75280909e+01,9.99855384e-05,3.96725687e-05
0.945686,3.78074158e+01,9.80103648e-05,3.88542600e-05
0.946233,3.80872808e+01,9.59125270e-05,3.80289806e-05
0.946780,3.83677136e+01,9.33010824e-05,3.72049745e-05
0.947327,3.86487229e+01,9.18124293e-05,3.63977270e-05
0.947874,3.89303024e+01,8.95952884e-05,3.55832713e-05
0.948421,3.92124617e+01,8.72315841e-05,3.47690408e-05
0.948968,3.94952093e+01,8.48208576e-05,3.39627107e-05
0.949515,3.97785362e+01,8.30416624e-05,3.31711325e-05
0.950061,4.00624205e+01,8.09673449e-05,3.23801446e-05
0.950608,4.03468359e+01,7.92012773e-05,3.15986313e-05
0.951155,4.06317558e+01,7.68583578e-05,3.08142363e-05
0.951702,4.09171500e+01,7.50556160e-05,3.00467554e-05
0.952249,4.12029730e+01,7.33490866e-05,2.92892670e-05
0.952796,4.14891760e+01,7.15610806e-05,2.85366853e-05
0.953343,4.17757142e+01,6.94052518e-05,2.77873841e-05
0.953890,4.20625366e+01,6.76106830e-05,2.70479200e-05
0.954437,4.23495860e+01,6.54727065e-05,2.63145573e-05
0.954984,4.26368025e+01,6.37948434e-05,2.56006429e-05
0.955531,4.29241132e+01,6.25142055e-05,2.49031757e-05
0.956078,4.32114427e+01,6.05118626e-05,2.41945027e-05
0.956625,4.34987169e+01,5.88601872e-05,2.35052843e-05
0.957172,4.37858630e+01,5.65322159e-05,2.28121288e-05
0.957719,4.40727998e+01,5.53544893e-05,2.21533258e-05
0.958266,4.43594371e+01,5.35914759e-05,2.14897072e-05
0.958813,4.46456871e+01,5.19863929e-05,2.08404928e-05
0.959360,4.49314583e+01,5.06456081e-05,2.02071493e-05
0.959907,4.52166564e+01,4.87152881e-05,1.95655619e-05
0.960454,4.55011836e+01,4.77242211e-05,1.89584326e-05
0.961001,4.57849386e+01,4.59488710e-05,1.83374824e-05
0.961548,4.60678208e+01,4.45042166e-05,1.77378799e-05
0.962094,4.63497284e+01,4.30226105e-05,1.71455377e-05
0.962641,4.66305584e+01,4.15009983e-05,1.65610697e-05
0.963188,4.69102057e+01,3.98138886e-05,1.59812728e-05
0.963735,4.71885636e+01,3.87653840e-05,1.54293104e-05
0.964282,4.74655262e+01,3.75236006e-05,1.48816315e-05
0.964829,4.77409849e+01,3.59908765e-05,1.43314810e-05
0.965376,4.80148306e+01,3.47859061e-05,1.38000707e-05
0.965923,4.82869525e+01,3.33514972e-05,1.32729763e-05
0.966470,4.85572395e+01,3.25054653e-05,1.27669142e-05
0.967017,4.88255829e+01,3.12472304e-05,1.22611889e-05
0.967564,4.90918745e+01,3.01284794e-05,1.17705777e-05
0.968111,4.93560050e+01,2.87811463e-05,1.12810469e-05
0.968658,4.96178631e+01,2.74616160e-05,1.07990915e-05
0.969205,4.98773409e+01,2.63184601e-05,1.03345143e-05
0.969752,5.01343328e+01,2.52475701e-05,9.87999281e-06
0.970299,5.03887361e+01,2.43160308e-05,9.44597565e-06
0.970846,5.06404495e+01,2.33262783e-05,9.01662874e-06
0.971393,5.08893676e+01,2.21345455e-05,8.59072030e-06
0.971940,5.11353880e+01,2.13411320e-05,8.18913213e-06
0.972487,5.13784116e+01,2.03521521e-05,7.79250558e-06
0.973034,5.16183400e+01,1.94601533e-05,7.40772823e-06
0.973581,5.18550777e+01,1.85875960e-05,7.03969964e-06
0.974128,5.20885325e+01,1.77856652e-05,6.68652016e-06
0.974674,5.23186148e+01,1.70347321e-05,6.34088949e-06
0.975221,5.25452378e+01,1.63185273e-05,6.01832049e-06
0.975768,5.27683144e+01,1.55177782e-05,5.69727460e-06
0.976315,5.29877561e+01,1.46973479e-05,5.39003382e-06
0.976862,5.32034796e+01,1.40503125e-05,5.10166613e-06
0.977409,5.34154079e+01,1.34656785e-05,4.82885735e-06
0.977956,5.36234664e+01,1.29332703e-05,4.55979571e-06
0.978503,5.38275812e+01,1.23530745e-05,4.31740471e-06
0.979050,5.40276792e+01,1.17841940e-05,4.07890971e-06
0.979597,5.42236940e+01,1.13438833e-05,3.86871507e-06
0.980144,5.44155619e+01,1.08752608e-05,3.65679445e-06
0.980691,5.46032181e+01,1.04519611e-05,3.45786231e-06
0.981238,5.47866044e+01,1.01000324e-05,3.27308227e-06
0.981785,5.49656663e+01,9.69512947e-06,3.10592538e-06
0.982332,5.51403510e+01,9.38261321e-06,2.94433425e-06
0.982879,5.53106101e+01,9.02475653e-06,2.80345499e-06
0.983426,5.54763987e+01,8.77165209e-06,2.66449726e-06
0.983973,5.56376719e+01,8.53900559e-06,2.53182430e-06
0.984520,5.57943888e+01,8.25709334e-06,2.41963401e-06
0.985067,5.59465111e+01,8.15579066e-06,2.30251416e-06
0.985614,5.60940031e+01,7.92246291e-06,2.20514872e-06
0.986161,5.62368337e+01,7.81304828e-06,2.10605457e-06
0.986707,5.63749725e+01,7.57566632e-06,2.02458737e-06
0.987254,5.65083915e+01,7.48696454e-06,1.93978085e-06
0.987801,5.66370685e+01,7.33631583e-06,1.86475883e-06
0.988348,5.67609842e+01,7.24026002e-06,1.79116096e-06
0.988895,5.68801224e+01,7.05552903e-06,1.73032625e-06
0.989442,5.69944735e+01,6.95954832e-06,1.66630990e-06
0.989989,5.71040250e+01,6.94413971e-06,1.60294153e-06
0.990536,5.72087647e+01,6.84670007e-06,1.54698261e-06
0.991083,5.73086890e+01,6.65711322e-06,1.50227725e-06
0.991630,5.74037957e+01,6.59602124e-06,1.45249317e-06
0.992177,5.74940812e+01,6.48726782e-06,1.41155648e-06
0.992724,5.75795464e+01,6.42554960e-06,1.36904049e-06
0.993271,5.76601958e+01,6.37356346e-06,1.33034564e-06
0.993818,5.77360335e+01,6.33757201e-06,1.29357499e-06
0.994365,5.78070633e+01,6.25687601e-06,1.26857703e-06
0.994912,5.78732901e+01,6.17743312e-06,1.24589627e-06
0.995459,5.79347334e+01,6.05783697e-06,1.23195363e-06
0.996006,5.79914076e+01,6.09523663e-06,1.21858414e-06
0.996553,5.80433172e+01,6.07107648e-06,1.21135111e-06
0.997100,5.80904765e+01,6.06094527e-06,1.21158185e-06
0.997647,5.81329062e+01,6.02999808e-06,1.21962967e-06
0.998194,5.81706247e+01,6.03020088e-06,1.23388923e-06
0.998741,5.82036537e+01,6.00671302e-06,1.26075570e-06
0.999287,5.82320171e+01,6.01126360e-06,1.29151294e-06
0.999834,5.82557349e+01,6.04420978e-06,1.32770095e-06
1.000381,5.82748356e+01,6.05243515e-06,1.37960347e-06
1.000928,5.82893537e+01,6.06840879e-06,1.43412412e-06
1.001475,5.82993075e+01,6.18984878e-06,1.48110494e-06
1.002022,5.83047146e+01,6.27266626e-06,1.54868344e-06
1.002569,5.83055994e+01,6.40338661e-06,1.61093389e-06
1.003116,5.83019860e+01,6.51888112e-06,1.68619380e-06
1.003663,5.82939093e+01,6.60853011e-06,1.76737281e-06
1.004210,5.82814074e+01,6.69743512e-06,1.85025028e-06
1.004757,5.82645119e+01,6.83233713e-06,1.92860375e-06
1.005304,5.82432489e+01,6.95522583e-06,2.00966331e-06
1.005851,5.82176496e+01,7.09064738e-06,2.09749203e-06
1.006398,5.81877464e+01,7.26371397e-06,2.18324711e-06
1.006945,5.81535704e+01,7.41968322e-06,2.27266799e-06
1.007492,5.81151596e+01,7.57424153e-06,2.36915839e-06
1.008039,5.80725532e+01,7.75338616e-06,2.45942941e-06
1.008586,5.80257834e+01,7.91739348e-06,2.54682086e-06
1.009133,5.79748856e+01,8.10009536e-06,2.64201539e-06
1.009680,5.79198991e+01,8.25460396e-06,2.73415082e-06
1.010227,5.78608600e+01,8.47330253e-06,2.82266538e-06
1.010774,5.77977998e+01,8.63260903e-06,2.90842578e-06
1.011320,5.77307546e+01,8.76495454e-06,3.00052952e-06
1.011867,5.76597672e+01,8.96110555e-06,3.09175649e-06
1.012414,5.75848815e+01,9.12064561e-06,3.18114001e-06
1.012961,5.75061300e+01,9.35111853e-06,3.25504165e-06
1.013508,5.74235422e+01,9.52837512e-06,3.33757782e-06
1.014055,5.73371560e+01,9.70678030e-06,3.41734376e-06
1.014602,5.72470065e+01,9.78318380e-06,3.49147911e-06
1.015149,5.71531258e+01,1.00898314e-05,3.56755396e-06
1.015696,5.70555504e+01,1.02429125e-05,3.63690139e-06
1.016243,5.69543235e+01,1.04139642e-05,3.71007044e-06
1.016790,5.68494808e+01,1.05285494e-05,3.76836478e-06
1.017337,5.67410563e+01,1.06962748e-05,3.83446087e-06
1.017884,5.66290876e+01,1.08280779e-05,3.88847314e-06
1.018431,5.65136116e+01,1.09329214e-05,3.94605035e-06
1.018978,5.63946713e+01,1.10887561e-05,3.99964251e-06
1.019525,5.62723071e+01,1.11723832e-05,4.04604110e-06
1.020072,5.61465586e+01,1.12832033e-05,4.09124419e-06
1.020619,5.60174656e+01,1.13010809e-05,4.13096775e-06
1.021166,5.58850659e+01,1.14201638e-05,4.16702058e-06
1.021713,5.57494013e+01,1.14738966e-05,4.20255299e-06
1.022260,5.56105194e+01,1.15255326e-05,4.23531115e-06
1.022807,5.54684581e+01,1.15683068e-05,4.25369162e-06
1.023353,5.53232539e+01,1.16779286e-05,4.27900381e-06
1.023900,5.51749489e+01,1.16818519e-05,4.29447384e-06
1.024447,5.50235830e+01,1.17125332e-05,4.30707379e-06
1.024994,5.48691997e+01,1.17913804e-05,4.31587134e-06
1.025541,5.47118444e+01,1.17831962e-05,4.32284957e-06
1.026088,5.45515543e+01,1.16853723e-05,4.31824534e-06
1.026635,5.43883651e+01,1.18408054e-05,4.31852762e-06
1.027182,5.42223099e+01,1.17843772e-05,4.30586080e-06
1.027729,5.40534229e+01,1.17756492e-05,4.29696402e-06
1.028276,5.38817503e+01,1.17866639e-05,4.28267164e-06
1.028823,5.37073277e+01,1.16934509e-05,4.25716950e-06
1.029370,5.35301922e+01,1.16477911e-05,4.24120697e-06
1.029917,5.33503896e+01,1.15093048e-05,4.21473088e-06
1.030464,5.31679621e+01,1.14388817e-05,4.18554176e-06
1.031011,5.29829515e+01,1.13389351e-05,4.15169858e-06
1.031558,5.27953989e+01,1.12502658e-05,4.11464325e-06
1.032105,5.26053448e+01,1.11088279e-05,4.07367815e-06
1.032652,5.24128351e+01,1.09971418e-05,4.03651806e-06
1.033199,5.22179181e+01,1.07509579e-05,3.99218428e-06
1.033746,5.20206403e+01,1.07326760e-05,3.94895981e-06
1.034293,5.18210457e+01,1.05930986e-05,3.89785824e-06
1.034840,5.16191753e+01,1.04134072e-05,3.84546581e-06
1.035387,5.14150725e+01,1.02549598e-05,3.79119383e-06
1.035933,5.12087810e+01,1.01330084e-05,3.73369450e-06
1.036480,5.10003349e+01,9.85115275e-06,3.67024755e-06
1.037027,5.07897666e+01,1.00132105e-05,3.61666752e-06
1.037574,5.05771146e+01,9.79979889e-06,3.55437863e-06
1.038121,5.03624153e+01,9.48754065e-06,3.48730424e-06
1.038668,5.01457079e+01,9.33084155e-06,3.42312039e-06
1.039215,4.99270382e+01,9.11570656e-06,3.35856134e-06
1.039762,4.97064544e+01,8.88882269e-06,3.29260064e-06
1.040309,4.94839967e+01,8.70477313e-06,3.22156797e-06
1.040856,4.92597065e+01,8.56409151e-06,3.15523761e-06
1.041403,4.90336286e+01,8.30493564e-06,3.08572777e-06
1.041950,4.88058019e+01,8.01878082e-06,3.01443087e-06
1.042497,4.85762713e+01,7.80541590e-06,2.94894925e-06
1.043044,4.83450859e+01,7.57953821e-06,2.88088282e-06
1.043591,4.81122899e+01,7.29855133e-06,2.81208460e-06
1.044138,4.78779252e+01,7.05222243e-06,2.74424260e-06
1.044685,4.76420315e+01,6.75765450e-06,2.67526065e-06
1.045232,4.74046532e+01,6.57273222e-06,2.61530925e-06
1.045779,4.71658277e+01,6.36052378e-06,2.54876007e-06
1.046326,4.69255906e+01,6.18529049e-06,2.48957437e-06
1.046873,4.66839828e+01,5.88608838e-06,2.42857175e-06
1.047420,4.64410418e+01,5.80354168e-06,2.37281098e-06
1.047966,4.61967998e+01,5.56055083e-06,2.31456349e-06
1.048513,4.59512925e+01,5.21644277e-06,2.26607300e-06
1.049060,4.57045590e+01,5.00384656e-06,2.21640868e-06
1.049607,4.54566366e+01,4.68306986e-06,2.17254688e-06
1.050154,4.52075668e+01,4.53865320e-06,2.13313715e-06
1.050701,4.49573905e+01,4.30616139e-06,2.09685940e-06
1.051248,4.47061508e+01,4.00355558e-06,2.06646645e-06
1.051795,4.44538945e+01,3.69716211e-06,2.04117021e-06
1.052342,4.42006670e+01,3.48378475e-06,2.02003088e-06
1.052889,4.39465127e+01,3.20517685e-06,2.00503209e-06
1.053436,4.36914743e+01,2.94072033e-06,1.99327641e-06
1.053983,4.34355886e+01,2.74759203e-06,1.98680983e-06
1.054530,4.31788933e+01,2.59151910e-06,1.98690548e-06
1.055077,4.29214327e+01,2.35296872e-06,1.99511601e-06
1.055624,4.26632462e+01,2.24290174e-06,2.00519454e-06
1.056171,4.24043697e+01,2.07303911e-06,2.02240670e-06
1.056718,4.21448461e+01,1.92489091e-06,2.04552241e-06
1.057265,4.18847163e+01,1.84610957e-06,2.07207304e-06
1.057812,4.16240154e+01,1.87825546e-06,2.10332397e-06
1.058359,4.13627788e+01,1.89069312e-06,2.13965400e-06
1.058906,4.11010469e+01,1.89306796e-06,2.18087693e-06
1.059453,4.08388589e+01,2.00237750e-06,2.22577850e-06
1.060000,4.05762538e+01,2.11405540e-06,2.27433511e-06
1.060546,4.03132723e+01,2.25850310e-06,2.32632897e-06
1.061093,4.00499542e+01,2.41730806e-06,2.38148468e-06
1.061640,3.97863333e+01,2.65485672e-06,2.43913628e-06
1.062187,3.95224416e+01,2.83498289e-06,2.50017186e-06
1.062734,3.92583179e+01,3.08384075e-06,2.56336114e-06
1.063281,3.89939992e+01,3.33404471e-06,2.62839271e-06
1.063828,3.87295179e+01,3.55440807e-06,2.69583372e-06
1.064375,3.84649037e+01,3.83432858e-06,2.76475412e-06
1.064922,3.82001864e+01,4.03372206e-06,2.83664861e-06
1.065469,3.79353997e+01,4.36686087e-06,2.90867969e-06
1.066016,3.76705718e+01,4.60278902e-06,2.98291901e-06
1.066563,3.74057303e+01,4.93637753e-06,3.05787551e-06
1.067110,3.71409048e+01,5.21174750e-06,3.13415933e-06
1.067657,3.68761206e+01,5.38466162e-06,3.21252886e-06
1.068204,3.66114038e+01,5.74988325e-06,3.29074132e-06
1.068751,3.63467869e+01,6.00670680e-06,3.37003962e-06
1.069298,3.60823091e+01,6.17935704e-06,3.45016703e-06
1.069845,3.58179987e+01,6.52627941e-06,3.52958982e-06
1.070392,3.55538789e+01,6.79387324e-06,3.61018002e-06
1.070939,3.52899715e+01,6.98976059e-06,3.69196963e-06
1.071486,3.50262935e+01,7.39444497e-06,3.77338182e-06
1.072033,3.47628734e+01,7.63608631e-06,3.85568069e-06
1.072579,3.44997427e+01,7.86481546e-06,3.93802111e-06
1.073126,3.42369239e+01,8.17180892e-06,4.02018581e-06
1.073673,3.39744373e+01,8.40367552e-06,4.10316914e-06
1.074220,3.37123022e+01,8.70609098e-06,4.18603667e-06
1.074767,3.34505383e+01,8.94223348e-06,4.26953758e-06
1.075314,3.31891716e+01,9.24806885e-06,4.35245912e-06
1.075861,3.29282211e+01,9.49534007e-06,4.43581916e-06
1.076408,3.26677144e+01,9.75785174e-06,4.51873086e-06
1.076955,3.24076764e+01,9.98584790e-06,4.60150901e-06
1.077502,3.21481177e+01,1.02324651e-05,4.68480620e-06
1.078049,3.18890655e+01,1.05335847e-05,4.76720594e-06
1.078596,3.16305480e+01,1.07555203e-05,4.84929358e-06
1.079143,3.13725833e+01,1.10204217e-05,4.93108432e-06
1.079690,3.11152024e+01,1.12105694e-05,5.01239589e-06
1.080237,3.08584370e+01,1.14222366e-05,5.09271223e-06
1.080784,3.06023033e+01,1.16507025e-05,5.17291954e-06
1.081331,3.03468093e+01,1.18942892e-05,5.25346569e-06
1.081878,3.00919752e+01,1.20912799e-05,5.33383790e-06
1.082425,2.98378341e+01,1.22854286e-05,5.41310700e-06
1.082972,2.95844250e+01,1.24714210e-05,5.49090816e-06
1.083519,2.93317839e+01,1.26517750e-05,5.56735403e-06
1.084066,2.90799391e+01,1.27803476e-05,5.64322778e-06
1.084612,2.88288979e+01,1.30569891e-05,5.71855267e-06
1.085159,2.85786643e+01,1.32374746e-05,5.79474525e-06
1.085706,2.83292654e+01,1.34475385e-05,5.86975499e-06
1.086253,2.80807100e+01,1.36639300e-05,5.94477683e-06
1.086800,2.78330232e+01,1.38248835e-05,6.01911201e-06
1.087347,2.75862212e+01,1.41172539e-05,6.09217863e-06
1.087894,2.73403127e+01,1.42722611e-05,6.16585116e-06
1.088441,2.70953183e+01,1.44606727e-05,6.23867034e-06
1.088988,2.68512688e+01,1.45644840e-05,6.31063514e-06
1.089535,2.66081915e+01,1.47999843e-05,6.38066685e-06
1.090082,2.63661114e+01,1.48985029e-05,6.45037288e-06
1.090629,2.61250486e+01,1.51213141e-05,6.51857301e-06
1.091176,2.58850058e+01,1.52071868e-05,6.58791990e-06
1.091723,2.56460238e+01,1.52662490e-05,6.65560387e-06
1.092270,2.54081388e+01,1.53823575e-05,6.72133145e-06
1.092817,2.51713954e+01,1.54191339e-05,6.78542902e-06
1.093364,2.49358282e+01,1.55500350e-05,6.84722175e-06
1.093911,2.47014671e+01,1.55862851e-05,6.90839037e-06
1.094458,2.44683569e+01,1.57030574e-05,6.96666886e-06
1.095005,2.42365195e+01,1.58003670e-05,7.02404268e-06
1.095552,2.40059837e+01,1.58550516e-05,7.08041690e-06
1.096099,2.37767685e+01,1.59667165e-05,7.13549312e-06
1.096646,2.35489097e+01,1.60300202e-05,7.18933350e-06
1.097192,2.33224449e+01,1.60772930e-05,7.24084950e-06
1.097739,2.30974043e+01,1.61884137e-05,7.29076966e-06
1.098286,2.28738298e+01,1.62199589e-05,7.33848578e-06
1.098833,2.26517591e+01,1.62402795e-05,7.38451541e-06
1.099380,2.24312216e+01,1.63257769e-05,7.42825041e-06
1.099927,2.22122410e+01,1.63719763e-05,7.47118861e-06
1.100474,2.19948663e+01,1.64060677e-05,7.51153182e-06
1.101021,2.17791400e+01,1.64020280e-05,7.54939467e-06
1.101568,2.15651115e+01,1.65195457e-05,7.58405943e-06
1.102115,2.13528271e+01,1.65325819e-05,7.61573869e-06
1.102662,2.11422994e+01,1.65644397e-05,7.64643212e-06
1.103209,2.09335635e+01,1.66513009e-05,7.67529544e-06
1.103756,2.07266864e+01,1.66809210e-05,7.70033458e-06
1.104303,2.05217199e+01,1.67448586e-05,7.72124559e-06
1.104850,2.03186812e+01,1.67390561e-05,7.74082831e-06
1.105397,2.01175959e+01,1.68158512e-05,7.75889410e-06
1.105944,1.99185004e+01,1.68035089e-05,7.77456411e-06
1.106491,1.97214054e+01,1.68128056e-05,7.78884105e-06
1.107038,1.95263475e+01,1.69429965e-05,7.80097064e-06
1.107585,1.93333915e+01,1.69814616e-05,7.80880954e-06
1.108132,1.91425835e+01,1.70280213e-05,7.81305174e-06
1.108679,1.89539675e+01,1.71127030e-05,7.81403125e-06
1.109225,1.87675706e+01,1.70703814e-05,7.81265119e-06
1.109772,1.85834023e+01,1.70548260e-05,7.81037054e-06
1.110319,1.84014959e+01,1.71416764e-05,7.80552644e-06
1.110866,1.82219082e+01,1.72791360e-05,7.79626258e-06
1.111413,1.80446606e+01,1.71605703e-05,7.78485361e-06
1.111960,1.78697680e+01,1.72736733e-05,7.77186293e-06
1.112507,1.76972645e+01,1.72882374e-05,7.75578988e-06
1.113054,1.75271731e+01,1.73229897e-05,7.73753126e-06
1.113601,1.73595163e+01,1.73010113e-05,7.71727215e-06
1.114148,1.71943216e+01,1.73946904e-05,7.69404945e-06
1.114695,1.70315967e+01,1.72469903e-05,7.66976495e-06
1.115242,1.68713471e+01,1.73213342e-05,7.64408496e-06
1.115789,1.67136158e+01,1.74661837e-05,7.61455372e-06
1.116336,1.65584260e+01,1.73707099e-05,7.58278969e-06
1.116883,1.64057850e+01,1.74094365e-05,7.54935135e-06
1.117430,1.62557066e+01,1.73593289e-05,7.51435154e-06
1.117977,1.61081875e+01,1.72452950e-05,7.47860562e-06
1.118524,1.59632426e+01,1.74025802e-05,7.44023650e-06
1.119071,1.58208998e+01,1.73623487e-05,7.39955302e-06
1.119618,1.56811701e+01,1.73855095e-05,7.35653691e-06
1.120165,1.55440563e+01,1.73038659e-05,7.31263642e-06
1.120712,1.54095584e+01,1.72857085e-05,7.26740043e-06
1.121259,1.52776841e+01,1.72785547e-05,7.22062457e-06
1.121805,1.51484409e+01,1.72397217e-05,7.17225812e-06
1.122352,1.50218144e+01,1.70255270e-05,7.12436597e-06
1.122899,1.48978018e+01,1.71679792e-05,7.07407479e-06
1.123446,1.47764192e+01,1.71470180e-05,7.02206581e-06
1.123993,1.46576639e+01,1.70370952e-05,6.96952649e-06
1.124540,1.45415275e+01,1.69853979e-05,6.91604022e-06
1.125087,1.44280037e+01,1.69168351e-05,6.86190049e-06
1.125634,1.43170896e+01,1.69268491e-05,6.80619334e-06
1.126181,1.42087771e+01,1.68123339e-05,6.75046760e-06
1.126728,1.41030552e+01,1.67932681e-05,6.69363070e-06
1.127275,1.39999179e+01,1.67461078e-05,6.63605650e-06
1.127822,1.38993511e+01,1.66133673e-05,6.57872799e-06
1.128369,1.38013409e+01,1.66038069e-05,6.52028703e-06
1.128916,1.37058745e+01,1.65119619e-05,6.46183092e-06
1.129463,1.36129373e+01,1.64641401e-05,6.40288374e-06
1.130010,1.35225080e+01,1.63023261e-05,6.34470028e-06
1.130557,1.34345675e+01,1.63146742e-05,6.28553133e-06
1.131104,1.33490996e+01,1.61982157e-05,6.22676632e-06
1.131651,1.32660812e+01,1.61233997e-05,6.16808669e-06
1.132198,1.31854895e+01,1.60286627e-05,6.10967835e-06
1.132745,1.31073065e+01,1.60370769e-05,6.05044944e-06
1.133292,1.30315072e+01,1.58548376e-05,5.99288406e-06
1.133838,1.29580614e+01,1.58137098e-05,5.93503933e-06
1.134385,1.28869441e+01,1.57057176e-05,5.87793491e-06
1.134932,1.28181321e+01,1.56966502e-05,5.82037872e-06
1.135479,1.27516047e+01,1.56237130e-05,5.76332740e-06
1.136026,1.26873316e+01,1.55361096e-05,5.70682222e-06
1.136573,1.26252829e+01,1.55175026e-05,5.65049388e-06
1.137120,1.25654287e+01,1.54121385e-05,5.59511260e-06
1.137667,1.25077320e+01,1.52869719e-05,5.54098745e-06
1.138214,1.24521605e+01,1.52574004e-05,5.48695922e-06
1.138761,1.23986833e+01,1.51618674e-05,5.43397696e-06
1.139308,1.23472684e+01,1.51229090e-05,5.38137347e-06
1.139855,1.22978806e+01,1.49930883e-05,5.33025570e-06
1.140402,1.22504830e+01,1.49591212e-05,5.27938965e-06
1.140949,1.22050449e+01,1.49319094e-05,5.22899281e-06
1.141496,1.21615345e+01,1.48787235e-05,5.17940562e-06
1.142043,1.21199192e+01,1.48440421e-05,5.13038094e-06
1.142590,1.20801660e+01,1.48102997e-05,5.08196501e-06
1.143137,1.20422396e+01,1.47395862e-05,5.03473187e-06
1.143684,1.20060990e+01,1.46518275e-05,4.98871063e-06
1.144231,1.19717024e+01,1.45945216e-05,4.94380806e-06
1.144778,1.19390120e+01,1.45749375e-05,4.89930608e-06
1.145325,1.19079917e+01,1.45472106e-05,4.85550879e-06
1.145871,1.18786034e+01,1.44928842e-05,4.81301505e-06
1.146418,1.18508103e+01,1.44858454e-05,4.77091495e-06
1.146965,1.18245747e+01,1.44370332e-05,4.72998668e-06
1.147512,1.17998555e+01,1.43963597e-05,4.69011829e-06
1.148059,1.17766127e+01,1.43563649e-05,4.65119079e-06
1.148606,1.17548085e+01,1.43642460e-05,4.61275941e-06
1.149153,1.17344059e+01,1.43474290e-05,4.57540930e-06
1.149700,1.17153648e+01,1.42931942e-05,4.53931860e-06
1.150247,1.16976453e+01,1.43021498e-05,4.50382553e-06
1.150794,1.16812109e+01,1.43166023e-05,4.46908045e-06
1.151341,1.16660245e+01,1.43072340e-05,4.43537751e-06
1.151888,1.16520450e+01,1.42642564e-05,4.40314288e-06
1.152435,1.16392332e+01,1.43249046e-05,4.37127138e-06
1.152982,1.16275501e+01,1.43020125e-05,4.34080292e-06
1.153529,1.16169564e+01,1.43277855e-05,4.31119122e-06
1.154076,1.16074128e+01,1.43090905e-05,4.28286326e-06
1.154623,1.15988807e+01,1.43537408e-05,4.25537775e-06
1.155170,1.15913231e+01,1.43633415e-05,4.22904569e-06
1.155717,1.15847015e+01,1.43829855e-05,4.20394275e-06
1.156264,1.15789785e+01,1.44111160e-05,4.17992905e-06
1.156811,1.15741165e+01,1.44340359e-05,4.15720560e-06
1.157358,1.15700796e+01,1.44930430e-05,4.13561499e-06
1.157905,1.15668325e+01,1.45249101e-05,4.11535628e-06
1.158451,1.15643386e+01,1.45704264e-05,4.09632658e-06
1.158998,1.15625613e+01,1.46061737e-05,4.07871369e-06
1.159545,1.15614641e+01,1.46696153e-05,4.06234950e-06
1.160092,1.15610103e+01,1.47199622e-05,4.04741299e-06
1.160639,1.15611652e+01,1.48200002e-05,4.03398041e-06
1.161186,1.15618937e+01,1.48722612e-05,4.02144293e-06
1.161733,1.15631601e+01,1.49758888e-05,4.01095278e-06
1.162280,1.15649307e+01,1.50514568e-05,4.00138613e-06
1.162827,1.15671714e+01,1.51150969e-05,3.99308092e-06
1.163374,1.15698498e+01,1.52218898e-05,3.98689313e-06
1.163921,1.15729331e+01,1.53031196e-05,3.98146816e-06
1.164468,1.15763878e+01,1.53809131e-05,3.97730689e-06
1.165015,1.15801816e+01,1.54758710e-05,3.97487846e-06
1.165562,1.15842825e+01,1.55638182e-05,3.97367925e-06
1.166109,1.15886606e+01,1.56903723e-05,3.97460188e-06
1.166656,1.15932865e+01,1.57937855e-05,3.97589264e-06
1.167203,1.15981291e+01,1.58939705e-05,3.97823644e-06
1.167750,1.16031580e+01,1.60028814e-05,3.98193683e-06
1.168297,1.16083439e+01,1.61218606e-05,3.98732646e-06
1.168844,1.16136579e+01,1.62465515e-05,3.99291979e-06
1.169391,1.16190695e+01,1.63795673e-05,3.99973887e-06
1.169938,1.16245495e+01,1.65222585e-05,4.00774136e-06
1.170484,1.16300694e+01,1.66535450e-05,4.01611514e-06
1.171031,1.16356010e+01,1.67842186e-05,4.02516064e-06
1.171578,1.16411167e+01,1.69255745e-05,4.03543889e-06
1.172125,1.16465917e+01,1.70663057e-05,4.04729114e-06
1.172672,1.16519981e+01,1.72374861e-05,4.05702469e-06
1.173219,1.16573059e+01,1.73672757e-05,4.06796530e-06
1.173766,1.16624889e+01,1.75083405e-05,4.07961517e-06
1.174313,1.16675212e+01,1.76575343e-05,4.09103146e-06
1.174860,1.16723755e+01,1.78345168e-05,4.10312145e-06
1.175407,1.16770270e+01,1.79962935e-05,4.11659817e-06
1.175954,1.16814490e+01,1.81866630e-05,4.12756828e-06
1.176501,1.16856132e+01,1.83500664e-05,4.13904205e-06
1.177048,1.16894943e+01,1.85053282e-05,4.15028354e-06
1.177595,1.16930666e+01,1.86540459e-05,4.16063043e-06
1.178142,1.16963066e+01,1.88195931e-05,4.17260397e-06
1.178689,1.16991920e+01,1.89704528e-05,4.18329564e-06
1.179236,1.17016978e+01,1.91313095e-05,4.19184603e-06
1.179783,1.17037991e+01,1.93054028e-05,4.20217174e-06
1.180330,1.17054752e+01,1.94511993e-05,4.21208254e-06
1.180877,1.17067059e+01,1.96030472e-05,4.22063213e-06
1.181424,1.17074676e+01,1.97655280e-05,4.22694123e-06
1.181971,1.17077369e+01,1.99430195e-05,4.23497265e-06
1.182518,1.17074875e+01,2.01503414e-05,4.23873760e-06
1.183064,1.17066930e+01,2.03313578e-05,4.24441060e-06
1.183611,1.17053313e+01,2.05008745e-05,4.24753788e-06
1.184158,1.17033786e+01,2.06980595e-05,4.25060731e-06
1.184705,1.17008126e+01,2.08342958e-05,4.25199094e-06
1.185252,1.16976125e+01,2.09919659e-05,4.25228409e-06
1.185799,1.16937579e+01,2.11421100e-05,4.25178072e-06
1.186346,1.16892282e+01,2.12945301e-05,4.24934588e-06
1.186893,1.16840051e+01,2.14150332e-05,4.24674977e-06
1.187440,1.16780669e+01,2.16356574e-05,4.24249127e-06
1.187987,1.16713872e+01,2.18360382e-05,4.23639626e-06
1.188534,1.16639466e+01,2.19459903e-05,4.22958718e-06
1.189081,1.16557250e+01,2.21282119e-05,4.21991618e-06
1.189628,1.16467009e+01,2.22847056e-05,4.21096781e-06
1.190175,1.16368547e+01,2.24457573e-05,4.19910684e-06
1.190722,1.16261652e+01,2.25871840e-05,4.18545459e-06
1.191269,1.16146124e+01,2.27196643e-05,4.17009436e-06
1.191816,1.16021759e+01,2.28783205e-05,4.15386879e-06
1.192363,1.15888361e+01,2.30076884e-05,4.13596489e-06
1.192910,1.15745739e+01,2.31452278e-05,4.11590278e-06
1.193457,1.15593719e+01,2.32486713e-05,4.09513031e-06
1.194004,1.15432160e+01,2.33569032e-05,4.07369243e-06
1.194551,1.15260887e+01,2.35044207e-05,4.04927024e-06
1.195097,1.15079697e+01,2.36258463e-05,4.02309768e-06
1.195644,1.14888425e+01,2.37368463e-05,3.99670363e-06
1.196191,1.14686897e+01,2.38750139e-05,3.96711092e-06
1.196738,1.14474900e+01,2.40292778e-05,3.93657470e-06
1.197285,1.14252234e+01,2.41502105e-05,3.90399606e-06
1.197832,1.14018716e+01,2.42598490e-05,3.86939761e-06
1.198379,1.13774174e+01,2.43670325e-05,3.83415666e-06
1.198926,1.13518458e+01,2.44511344e-05,3.79721783e-06
1.199473,1.13251429e+01,2.45306377e-05,3.75874612e-06
1.200020,1.12972930e+01,2.46346480e-05,3.71861776e-06
1.200567,1.12682785e+01,2.47312889e-05,3.67688784e-06
1.201114,1.12380822e+01,2.48328071e-05,3.63367858e-06
1.201661,1.12066903e+01,2.48725180e-05,3.58964155e-06
1.202208,1.11740876e+01,2.49922588e-05,3.54364848e-06
1.202755,1.11402565e+01,2.50652052e-05,3.49687489e-06
1.203302,1.11051847e+01,2.51016656e-05,3.44911649e-06
1.203849,1.10688585e+01,2.51837223e-05,3.39972843e-06
1.204396,1.10312610e+01,2.52643505e-05,3.34962814e-06
1.204943,1.09923852e+01,2.51964305e-05,3.29996178e-06
1.205490,1.09522161e+01,2.54268716e-05,3.24832502e-06
1.206037,1.09107325e+01,2.54473573e-05,3.19607062e-06
1.206584,1.08679116e+01,2.56612726e-05,3.14221878e-06
1.207131,1.08237276e+01,2.57656677e-05,3.08936597e-06
1.207677,1.07781667e+01,2.57771457e-05,3.03546326e-06
1.208224,1.07312117e+01,2.58803759e-05,2.98158055e-06
1.208771,1.06828450e+01,2.59143478e-05,2.92856935e-06
1.209318,1.06330607e+01,2.58200191e-05,2.87653525e-06
1.209865,1.05818606e+01,2.56966634e-05,2.82590396e-06
1.210412,1.05292417e+01,2.56750358e-05,2.77678269e-06
1.210959,1.04751919e+01,2.57064959e-05,2.72946083e-06
1.211506,1.04196949e+01,2.57461594e-05,2.68439899e-06
1.212053,1.03627401e+01,2.56896629e-05,2.64221573e-06
1.212600,1.03043236e+01,2.56000887e-05,2.60320836e-06
1.213147,1.02444489e+01,2.54067233e-05,2.56799663e-06
1.213694,1.01831156e+01,2.53871413e-05,2.53706988e-06
1.214241,1.01203226e+01,2.52010559e-05,2.51066358e-06
1.214788,1.00560803e+01,2.49662424e-05,2.48930371e-06
1.215335,9.99036558e+00,2.53781348e-05,2.47376655e-06
1.215882,9.92313759e+00,2.54958023e-05,2.46421841e-06
1.216429,9.85440060e+00,2.50771544e-05,2.46119384e-06
1.216976,9.78417252e+00,2.48987394e-05,2.46518690e-06
1.217523,9.71245940e+00,2.47038122e-05,2.47625875e-06
1.218070,9.63926536e+00,2.45588815e-05,2.49490935e-06
1.218617,9.56459182e+00,2.43977434e-05,2.52124120e-06
1.219164,9.48846050e+00,2.38955362e-05,2.55469759e-06
1.219710,9.41089718e+00,2.36512444e-05,2.59527162e-06
1.220257,9.33191927e+00,2.32988735e-05,2.64270189e-06
1.220804,9.25155512e+00,2.28598496e-05,2.69668755e-06
1.221351,9.16982322e+00,2.26732710e-05,2.75709390e-06
1.221898,9.08674245e+00,2.22442575e-05,2.82346826e-06
1.222445,9.00235144e+00,2.17028725e-05,2.89519064e-06
1.222992,8.91669671e+00,2.11231303e-05,2.97104903e-06
1.223539,8.82981664e+00,2.07349020e-05,3.05091294e-06
1.224086,8.74175361e+00,2.00973446e-05,3.13432680e-06
1.224633,8.65256083e+00,1.95202415e-05,3.22043977e-06
1.225180,8.56229814e+00,1.87733064e-05,3.30834168e-06
1.225727,8.47102106e+00,1.82843546e-05,3.39759824e-06
1.226274,8.37879743e+00,1.73503576e-05,3.48763563e-06
1.226821,8.28569680e+00,1.68418510e-05,3.57737083e-06
1.227368,8.19176173e+00,1.63860531e-05,3.66791922e-06
1.227915,8.09704887e+00,1.56730601e-05,3.75901350e-06
1.228462,8.00164900e+00,1.46578377e-05,3.84860012e-06
1.229009,7.90564550e+00,1.40813399e-05,3.93536285e-06
1.229556,7.80908985e+00,1.36290161e-05,4.02130387e-06
1.230103,7.71204212e+00,1.29604714e-05,4.10651177e-06
1.230650,7.61459715e+00,1.20026279e-05,4.18888183e-06
1.231197,7.51685670e+00,1.12727140e-05,4.26670476e-06
1.231743,7.41888578e+00,1.09123983e-05,4.34144336e-06
1.232290,7.32074213e+00,1.03731573e-05,4.41461821e-06
1.232837,7.22251838e+00,9.61183410e-06,4.48441619e-06
1.233384,7.12431271e+00,9.06854437e-06,4.54899912e-06
1.233931,7.02621899e+00,8.51894632e-06,4.60877562e-06
1.234478,6.92833994e+00,8.04621939e-06,4.66321097e-06
1.235025,6.83075423e+00,7.81694312e-06,4.71274242e-06
1.235572,6.73352029e+00,7.62241227e-06,4.75942161e-06
1.236119,6.63671590e+00,7.42140819e-06,4.80216664e-06
1.236666,6.54043295e+00,7.30907730e-06,4.83970878e-06
1.237213,6.44474534e+00,7.26803581e-06,4.87247525e-06
1.237760,6.34971143e+00,7.28136418e-06,4.90195474e-06
1.238307,6.25539399e+00,7.33453036e-06,4.92782384e-06
1.238854,6.16185927e+00,7.42727204e-06,4.94966096e-06
1.239401,6.06917735e+00,7.59108408e-06,4.96720357e-06
1.239948,5.97741230e+00,7.70755559e-06,4.98062838e-06
1.240495,5.88662007e+00,7.86401121e-06,4.99046208e-06
1.241042,5.79685822e+00,8.03546385e-06,4.99667596e-06
1.241589,5.70818631e+00,8.24455354e-06,4.99896309e-06
1.242136,5.62066299e+00,8.43166119e-06,4.99730576e-06
1.242683,5.53434853e+00,8.68873356e-06,4.99141361e-06
1.243230,5.44929253e+00,8.75424627e-06,4.98250494e-06
1.243777,5.36553196e+00,8.86350411e-06,4.97105925e-06
1.244323,5.28311487e+00,9.08226503e-06,4.95578778e-06
1.244870,5.20209259e+00,9.22277698e-06,4.93734252e-06
1.245417,5.12251068e+00,9.35955800e-06,4.91557883e-06
1.245964,5.04441446e+00,9.49770844e-06,4.89043964e-06
1.246511,4.96785069e+00,9.65295905e-06,4.86184430e-06
1.247058,4.89286261e+00,9.73254030e-06,4.83036650e-06
1.247605,4.81948749e+00,9.79350478e-06,4.79623564e-06
1.248152,4.74775665e+00,9.77680707e-06,4.76047412e-06
1.248699,4.67770481e+00,9.88947680e-06,4.72088160e-06
1.249246,4.60936949e+00,9.90634208e-06,4.67938985e-06
1.249793,4.54278278e+00,9.92503695e-06,4.63547497e-06
1.250340,4.47797700e+00,9.94491623e-06,4.58908172e-06
1.250887,4.41498361e+00,9.94554990e-06,4.54052397e-06
1.251434,4.35383336e+00,9.95214910e-06,4.48928684e-06
1.251981,4.29455611e+00,9.94227559e-06,4.43625039e-06
1.252528,4.23717912e+00,9.90973360e-06,4.38123170e-06
1.253075,4.18172573e+00,9.83732301e-06,4.32521133e-06
1.253622,4.12822141e+00,9.84892962e-06,4.26588705e-06
1.254169,4.07668921e+00,9.74587878e-06,4.20685631e-06
1.254716,4.02714847e+00,9.70783246e-06,4.14524470e-06
1.255263,3.97961896e+00,9.62667147e-06,4.08303333e-06
1.255810,3.93411788e+00,9.56141778e-06,4.01945342e-06
1.256356,3.89066118e+00,9.48136297e-06,3.95494430e-06
1.256903,3.84926337e+00,9.41525152e-06,3.88924816e-06
1.257450,3.80993570e+00,9.30736602e-06,3.82404397e-06
1.257997,3.77268630e+00,9.22104815e-06,3.75774583e-06
1.258544,3.73752167e+00,9.11897901e-06,3.69178036e-06
1.259091,3.70444595e+00,9.02915863e-06,3.62549593e-06
1.259638,3.67346137e+00,8.93517699e-06,3.55947475e-06
1.260185,3.64456751e+00,8.84257370e-06,3.49371202e-06
1.260732,3.61776054e+00,8.73780120e-06,3.42906784e-06
1.261279,3.59303288e+00,8.63118893e-06,3.36550809e-06
1.261826,3.57037416e+00,8.52991911e-06,3.30297942e-06
1.262373,3.54977136e+00,8.43229875e-06,3.24186108e-06
1.262920,3.53120897e+00,8.34440621e-06,3.18175655e-06
1.263467,3.51466900e+00,8.26259865e-06,3.12342654e-06
1.264014,3.50012977e+00,8.16917267e-06,3.06747410e-06
1.264561,3.48756618e+00,8.08670498e-06,3.01350301e-06
1.265108,3.47695085e+00,8.01292560e-06,2.96154171e-06
1.265655,3.46825350e+00,7.93933987e-06,2.91237129e-06
1.266202,3.46144155e+00,7.88392290e-06,2.86527615e-06
1.266749,3.45647966e+00,7.82205797e-06,2.82166116e-06
1.267296,3.45332948e+00,7.77134555e-06,2.78094927e-06
1.267843,3.45195031e+00,7.72544818e-06,2.74372232e-06
1.268390,3.45229981e+00,7.69910770e-06,2.70953490e-06
1.268936,3.45433364e+00,7.67132472e-06,2.67952108e-06
1.269483,3.45800565e+00,7.66356376e-06,2.65306257e-06
1.270030,3.46326827e+00,7.65788589e-06,2.63104361e-06
1.270577,3.47007238e+00,7.66686639e-06,2.61338994e-06
1.271124,3.47836731e+00,7.68037492e-06,2.60044249e-06
1.271671,3.48810111e+00,7.70685650e-06,2.59223645e-06
1.272218,3.49922120e+00,7.74380641e-06,2.58889798e-06
1.272765,3.51167474e+00,7.79625675e-06,2.59066280e-06
1.273312,3.52540830e+00,7.85455782e-06,2.59719958e-06
1.273859,3.54036804e+00,7.92726344e-06,2.60891879e-06
1.274406,3.55650046e+00,8.01021647e-06,2.62562356e-06
1.274953,3.57375163e+00,8.10109302e-06,2.64652930e-06
1.275500,3.59206729e+00,8.19979499e-06,2.67173890e-06
1.276047,3.61139398e+00,8.31168248e-06,2.70177522e-06
1.276594,3.63167896e+00,8.43044302e-06,2.73560578e-06
1.277141,3.65286992e+00,8.55780417e-06,2.77312584e-06
1.277688,3.67491494e+00,8.69215148e-06,2.81355690e-06
1.278235,3.69776296e+00,8.83461654e-06,2.85774249e-06
1.278782,3.72136406e+00,8.98195658e-06,2.90450785e-06
1.279329,3.74566882e+00,9.13675702e-06,2.95320702e-06
1.279876,3.77062907e+00,9.29639011e-06,3.00538952e-06
1.280423,3.79619762e+00,9.46126134e-06,3.05813684e-06
1.280969,3.82232774e+00,9.62988698e-06,3.11254335e-06
1.281516,3.84897381e+00,9.80306350e-06,3.16819262e-06
1.282063,3.87609079e+00,9.98202027e-06,3.22391319e-06
1.282610,3.90363505e+00,1.01612550e-05,3.28205247e-06
1.283157,3.93156499e+00,1.03383986e-05,3.34079082e-06
1.283704,3.95984034e+00,1.05171424e-05,3.40023126e-06
1.284251,3.98842153e+00,1.07027851e-05,3.45912327e-06
1.284798,4.01726979e+00,1.08863179e-05,3.51836099e-06
1.285345,4.04634744e+00,1.10726035e-05,3.57674298e-06
1.285892,4.07561819e+00,1.12553968e-05,3.63622785e-06
1.286439,4.10504706e+00,1.14412208e-05,3.69440466e-06
1.286986,4.13459954e+00,1.16299123e-05,3.75197365e-06
1.287533,4.16424244e+00,1.18150940e-05,3.80973524e-06
1.288080,4.19394359e+00,1.20039432e-05,3.86585122e-06
1.288627,4.22367141e+00,1.21901860e-05,3.92107606e-06
1.289174,4.25339580e+00,1.23767893e-05,3.97668218e-06
1.289721,4.28308766e+00,1.25634552e-05,4.03055869e-06
1.290268,4.31271852e+00,1.27496657e-05,4.08330584e-06
1.290815,4.34226084e+00,1.29306862e-05,4.13456831e-06
1.291362,4.37168783e+00,1.31146694e-05,4.18446911e-06
1.291909,4.40097410e+00,1.32893315e-05,4.23435983e-06
1.292456,4.43009500e+00,1.34713270e-05,4.28158805e-06
1.293002,4.45902648e+00,1.36436240e-05,4.32814994e-06
1.293549,4.48774570e+00,1.38130456e-05,4.37272512e-06
1.294096,4.51623058e+00,1.39848833e-05,4.41670075e-06
1.294643,4.54445892e+00,1.41614421e-05,4.45726348e-06
1.295190,4.57240971e+00,1.43236688e-05,4.49884448e-06
1.295737,4.60006465e+00,1.44726602e-05,4.53939702e-06
1.296284,4.62740469e+00,1.46453000e-05,4.57592588e-06
1.296831,4.65441018e+00,1.48073929e-05,4.61183069e-06
1.297378,4.68106329e+00,1.49594172e-05,4.64645683e-06
1.297925,4.70734627e+00,1.51215281e-05,4.67813373e-06
1.298472,4.73324215e+00,1.52663088e-05,4.70964594e-06
1.299019,4.75873529e+00,1.54129322e-05,4.73896359e-06
1.299566,4.78381004e+00,1.55577738e-05,4.76607596e-06
1.300113,4.80845009e+00,1.57183294e-05,4.79100540e-06
1.300660,4.83263978e+00,1.58577712e-05,4.81495049e-06
1.301207,4.85636564e+00,1.59870200e-05,4.83781063e-06
1.301754,4.87961477e+00,1.61183174e-05,4.85833584e-06
1.302301,4.90237439e+00,1.62439618e-05,4.87697595e-06
1.302848,4.92463182e+00,1.63750031e-05,4.89378349e-06
1.303395,4.94637498e+00,1.64950970e-05,4.90938649e-06
1.303942,4.96759137e+00,1.66317920e-05,4.92178157e-06
1.304489,4.98826778e+00,1.67642363e-05,4.93291666e-06
1.305036,5.00839312e+00,1.68685369e-05,4.94287716e-06
1.305582,5.02795829e+00,1.69628866e-05,4.95078083e-06
1.306129,5.04695147e+00,1.71135581e-05,4.95545646e-06
1.306676,5.06536128e+00,1.72049862e-05,4.96035685e-06
1.307223,5.08317664e+00,1.73483221e-05,4.96096494e-06
1.307770,5.10038589e+00,1.74465636e-05,4.96086837e-06
1.308317,5.11698014e+00,1.75391108e-05,4.95838260e-06
1.308864,5.13295010e+00,1.76389755e-05,4.95342698e-06
1.309411,5.14828653e+00,1.77294841e-05,4.94698022e-06
1.309958,5.16298282e+00,1.77810655e-05,4.93914140e-06
1.310505,5.17703391e+00,1.78407620e-05,4.92958657e-06
1.311052,5.19043002e+00,1.79756034e-05,4.91607987e-06
1.311599,5.20316113e+00,1.80372234e-05,4.90214002e-06
1.312146,5.21521954e+00,1.81286241e-05,4.88528147e-06
1.312693,5.22659703e+00,1.81926739e-05,4.86630226e-06
1.313240,5.23728646e+00,1.82600457e-05,4.84535815e-06
1.313787,5.24728384e+00,1.82644971e-05,4.82336992e-06
1.314334,5.25658344e+00,1.83559220e-05,4.79758431e-06
1.314881,5.26517721e+00,1.84003017e-05,4.77068156e-06
1.315428,5.27306151e+00,1.84084912e-05,4.74207513e-06
1.315975,5.28023379e+00,1.84249063e-05,4.71110378e-06
1.316522,5.28668944e+00,1.84659712e-05,4.67789051e-06
1.317069,5.29242516e+00,1.84527037e-05,4.64305821e-06
1.317615,5.29743779e+00,1.84891488e-05,4.60629051e-06
1.318162,5.30172292e+00,1.84956138e-05,4.56725356e-06
1.318709,5.30527697e+00,1.85108126e-05,4.52629685e-06
1.319256,5.30810006e+00,1.84381191e-05,4.48362795e-06
1.319803,5.31019328e+00,1.84278483e-05,4.43889278e-06
1.320350,5.31155167e+00,1.84689955e-05,4.39191725e-06
1.320897,5.31217213e+00,1.84214514e-05,4.34360264e-06
1.321444,5.31205821e+00,1.83258263e-05,4.29324996e-06
1.321991,5.31121444e+00,1.82498828e-05,4.24141808e-06
1.322538,5.30964422e+00,1.81684658e-05,4.18755262e-06
1.323085,5.30734388e+00,1.82305947e-05,4.13255546e-06
1.323632,5.30431429e+00,1.80582908e-05,4.07557568e-06
1.324179,5.30056233e+00,1.79897613e-05,4.01661875e-06
1.324726,5.29609115e+00,1.78871805e-05,3.95684595e-06
1.325273,5.29090140e+00,1.78639364e-05,3.89472984e-06
1.325820,5.28499437e+00,1.77407602e-05,3.83095802e-06
1.326367,5.27838142e+00,1.75113410e-05,3.76614127e-06
1.326914,5.27107317e+00,1.73985887e-05,3.70059879e-06
1.327461,5.26307660e+00,1.72375093e-05,3.63385643e-06
1.328008,5.25440607e+00,1.69717884e-05,3.56637243e-06
1.328555,5.24507407e+00,1.68428482e-05,3.49832713e-06
1.329102,5.23509316e+00,1.65684199e-05,3.42929121e-06
1.329649,5.22447841e+00,1.63845783e-05,3.36014931e-06
1.330195,5.21324077e+00,1.61891367e-05,3.29010719e-06
1.330742,5.20140034e+00,1.58161626e-05,3.22007037e-06
1.331289,5.18897466e+00,1.56713522e-05,3.15045566e-06
1.331836,5.17597449e+00,1.54305132e-05,3.07998609e-06
1.332383,5.16242181e+00,1.50491013e-05,3.00905807e-06
1.332930,5.14833405e+00,1.48966510e-05,2.93915148e-06
1.333477,5.13372546e+00,1.45760965e-05,2.86831893e-06
1.334024,5.11860873e+00,1.44522504e-05,2.79809845e-06
1.334571,5.10299819e+00,1.40952527e-05,2.72675625e-06
1.335118,5.08691330e+00,1.38582473e-05,2.65584816e-06
1.335665,5.07037436e+00,1.34786661e-05,2.58512200e-06
1.336212,5.05339453e+00,1.33876385e-05,2.51536076e-06
1.336759,5.03598446e+00,1.30514189e-05,2.44397947e-06
1.337306,5.01816445e+00,1.27572073e-05,2.37363750e-06
1.337853,4.99995617e+00,1.23874395e-05,2.30323952e-06
1.338400,4.98137397e+00,1.22397680e-05,2.23429534e-06
1.338947,4.96243736e+00,1.17602308e-05,2.16435035e-06
1.339494,4.94317588e+00,1.13983998e-05,2.09648580e-06
1.340041,4.92360489e+00,1.12131978e-05,2.03006914e-06
1.340588,4.90373738e+00,1.08986360e-05,1.96311591e-06
1.341135,4.88359675e+00,1.04847605e-05,1.89640325e-06
1.341682,4.86320526e+00,1.01894780e-05,1.83178701e-06
1.342228,4.84257286e+00,1.00339775e-05,1.76776716e-06
1.342775,4.82171345e+00,9.64930752e-06,1.70306864e-06
1.343322,4.80065013e+00,9.29256256e-06,1.63949740e-06
1.343869,4.77940301e+00,8.96743425e-06,1.57760054e-06
1.344416,4.75799054e+00,8.64547066e-06,1.51666217e-06
1.344963,4.73642823e+00,8.37438359e-06,1.45648560e-06
1.345510,4.71473141e+00,8.05067426e-06,1.39708453e-06
1.346057,4.69291365e+00,7.81501356e-06,1.33874914e-06
1.346604,4.67098986e+00,7.46091219e-06,1.28088893e-06
1.347151,4.64896839e+00,7.35764675e-06,1.22432775e-06
1.347698,4.62685692e+00,7.01023926e-06,1.16678950e-06
1.348245,4.60467069e+00,6.74323661e-06,1.11088805e-06
1.348792,4.58241958e+00,6.50811728e-06,1.05580148e-06
1.349339,4.56011852e+00,6.12626271e-06,1.00084036e-06
1.349886,4.53778108e+00,5.91920296e-06,9.48392652e-07
1.350433,4.51541707e+00,5.61322923e-06,8.95743887e-07
1.350980,4.49303660e+00,5.39234471e-06,8.44803450e-07
1.351527,4.47064320e+00,5.22981443e-06,7.94738646e-07
1.352074,4.44824714e+00,4.85711577e-06,7.44295232e-07
1.352621,4.42585936e+00,4.67316699e-06,6.96556970e-07
1.353168,4.40348321e+00,4.46650764e-06,6.49524486e-07
1.353715,4.38112571e+00,4.20037787e-06,6.03455594e-07
1.354261,4.35879355e+00,3.99840453e-06,5.59346379e-07
1.354808,4.33649046e+00,3.79324719e-06,5.16696067e-07
1.355355,4.31422540e+00,3.47224744e-06,4.75550307e-07
1.355902,4.29200412e+00,3.33588705e-06,4.38081116e-07
1.356449,4.26982705e+00,3.13310981e-06,4.02705608e-07
1.356996,4.24769696e+00,2.94544103e-06,3.70813318e-07
1.357543,4.22561811e+00,2.70322866e-06,3.42806434e-07
1.358090,4.20359347e+00,2.54711469e-06,3.20272087e-07
1.358637,4.18162265e+00,2.38570115e-06,3.03334942e-07
1.359184,4.15970796e+00,2.16205431e-06,2.92878979e-07
1.359731,4.13785362e+00,1.95688192e-06,2.89525379e-07
1.360278,4.11605994e+00,1.82847480e-06,2.93060037e-07
1.360825,4.09432592e+00,1.65500736e-06,3.02937018e-07
1.361372,4.07265348e+00,1.46469200e-06,3.18376442e-07
1.361919,4.05104224e+00,1.35386399e-06,3.37690538e-07
1.362466,4.02949097e+00,1.18763301e-06,3.60976408e-07
1.363013,4.00800006e+00,1.04688315e-06,3.86461005e-07
1.363560,3.98656663e+00,9.81676398e-07,4.12932294e-07
1.364107,3.96518690e+00,8.70558098e-07,4.41428820e-07
1.364654,3.94386063e+00,7.61157967e-07,4.70642761e-07
1.365201,3.92258734e+00,7.16267305e-07,4.99335125e-07
1.365748,3.90136227e+00,6.92984315e-07,5.27652438e-07
1.366295,3.88018131e+00,6.84004942e-07,5.56408499e-07
1.366841,3.85904279e+00,6.99782296e-07,5.84385318e-07
1.367388,3.83794490e+00,7.49302778e-07,6.11492595e-07
1.367935,3.81688065e+00,7.55635624e-07,6.36754602e-07
1.368482,3.79587139e+00,8.65680116e-07,0.00000000e+00
1.369029,3.77491597e+00,9.36121724e-07,6.81983950e-07
1.369576,3.75398436e+00,1.02562424e-06,7.04046094e-07
1.370123,3.73307259e+00,1.09751190e-06,7.24488209e-07
1.370670,3.71217661e+00,1.18212643e-06,7.43513558e-07
1.371217,3.69129220e+00,1.25696754e-06,7.60506501e-07
1.371764,3.67041534e+00,1.35988668e-06,7.75829020e-07
1.372311,3.64954181e+00,1.42430094e-06,7.89126919e-07
1.372858,3.62866559e+00,1.46867863e-06,8.00473874e-07
1.373405,3.60778149e+00,1.55162877e-06,8.10308143e-07
1.373952,3.58688570e+00,1.63452290e-06,8.18031225e-07
1.374499,3.56597387e+00,1.69644575e-06,8.23775642e-07
1.375046,3.54504045e+00,1.72820228e-06,8.27709984e-07
1.375593,3.52407980e+00,1.78143107e-06,8.29929827e-07
1.376140,3.50308725e+00,1.83944278e-06,8.30446363e-07
1.376687,3.48205763e+00,1.85781006e-06,8.29451610e-07
1.377234,3.46098570e+00,1.90196528e-06,8.26977429e-07
1.377781,3.43986726e+00,1.94688874e-06,8.23117906e-07
1.378328,3.41869771e+00,1.96147654e-06,8.18259494e-07
1.378874,3.39747266e+00,1.99569563e-06,8.12283629e-07
1.379421,3.37618835e+00,2.01770798e-06,8.05533649e-07
1.379968,3.35484108e+00,2.02976244e-06,7.98273596e-07
1.380515,3.33342766e+00,2.05526519e-06,7.90520097e-07
1.381062,3.31194557e+00,2.07323274e-06,7.82527812e-07
1.381609,3.29039275e+00,2.09472611e-06,7.74615136e-07
1.382156,3.26876766e+00,2.10956803e-06,7.66919253e-07
1.382703,3.24706931e+00,2.12465124e-06,7.59687487e-07
1.383250,3.22529738e+00,2.14093785e-06,7.53167715e-07
1.383797,3.20345231e+00,2.15932602e-06,7.47473208e-07
1.384344,3.18153511e+00,2.17314490e-06,7.42878750e-07
1.384891,3.15954750e+00,2.19292670e-06,7.39611137e-07
1.385438,3.13749194e+00,2.21229510e-06,7.37710589e-07
1.385985,3.11537186e+00,2.23891319e-06,7.37551678e-07
1.386532,3.09319152e+00,2.26367158e-06,7.38978985e-07
1.387079,3.07095574e+00,2.29235446e-06,7.42262819e-07
1.387626,3.04867036e+00,2.32544915e-06,7.47613887e-07
1.388173,3.02634187e+00,2.36151053e-06,7.54718937e-07
1.388720,3.00397731e+00,2.40197382e-06,7.63949416e-07
1.389267,2.98158466e+00,2.44851383e-06,7.75332110e-07
1.389814,2.95917243e+00,2.49931162e-06,7.88424727e-07
1.390361,2.93675017e+00,2.55458622e-06,8.04417436e-07
1.390908,2.91432874e+00,2.61144243e-06,8.22143091e-07
1.391454,2.89191885e+00,2.67889373e-06,8.41447458e-07
1.392001,2.86953197e+00,2.74884346e-06,8.63487117e-07
1.392548,2.84718142e+00,2.81664578e-06,8.87802221e-07
1.393095,2.82487997e+00,2.90545543e-06,9.12874657e-07
1.393642,2.80264046e+00,2.99081694e-06,9.40910977e-07
1.394189,2.78047705e+00,3.08254666e-06,9.70365961e-07
1.394736,2.75840397e+00,3.18054693e-06,1.00160098e-06
1.395283,2.73643604e+00,3.28209519e-06,1.03469861e-06
1.395830,2.71458828e+00,3.39249447e-06,1.06923024e-06
1.396377,2.69287624e+00,3.50280840e-06,1.10592079e-06
1.396924,2.67131627e+00,3.61958752e-06,1.14432111e-06
1.397471,2.64992492e+00,3.74107900e-06,1.18429823e-06
1.398018,2.62871989e+00,3.85853162e-06,1.22660757e-06
1.398565,2.60771617e+00,4.02298104e-06,1.26819755e-06
1.399112,2.58692894e+00,4.15433847e-06,1.31396150e-06
1.399659,2.56637596e+00,4.29917024e-06,1.36009044e-06
1.400206,2.54607491e+00,4.43554536e-06,1.40836403e-06
1.400753,2.52604329e+00,4.59323402e-06,1.45787468e-06
1.401300,2.50629734e+00,4.75290833e-06,1.50880208e-06
1.401847,2.48685491e+00,4.89763184e-06,1.56228895e-06
1.402394,2.46773431e+00,5.05774638e-06,1.61681764e-06
1.402941,2.44895105e+00,5.24172820e-06,1.67188848e-06
1.403487,2.43051995e+00,5.41901258e-06,1.72979832e-06
1.404034,2.41245598e+00,5.60490733e-06,1.78847109e-06
1.404581,2.39477372e+00,5.78682978e-06,1.84882331e-06
1.405128,2.37748847e+00,5.96240812e-06,1.91058032e-06
1.405675,2.36061412e+00,6.16441484e-06,1.97377094e-06
1.406222,2.34416509e+00,6.33147482e-06,2.03939298e-06
1.406769,2.32815489e+00,6.54224990e-06,2.10475559e-06
1.407316,2.31259423e+00,6.74677379e-06,2.17201154e-06
1.407863,2.29749227e+00,6.97313903e-06,2.23905722e-06
1.408410,2.28285801e+00,7.16853504e-06,2.30764753e-06
1.408957,2.26870184e+00,7.36193696e-06,2.37712079e-06
1.409504,2.25503512e+00,7.52849029e-06,2.44811824e-06
1.410051,2.24186614e+00,7.75581571e-06,2.51767324e-06
1.410598,2.22919720e+00,8.00290817e-06,2.58677349e-06
1.411145,2.21703103e+00,8.20390010e-06,2.65591265e-06
1.411692,2.20537158e+00,8.40720198e-06,2.72387178e-06
1.412239,2.19422190e+00,8.60085620e-06,2.79188711e-06
1.412786,2.18358870e+00,8.71660858e-06,2.85993803e-06
1.413333,2.17347512e+00,8.94214547e-06,2.92459618e-06
1.413880,2.16387684e+00,9.15877402e-06,2.98717245e-06
1.414427,2.15478859e+00,9.36816033e-06,3.04626975e-06
1.414974,2.14621035e+00,9.46203887e-06,3.10605938e-06
1.415520,2.13813984e+00,9.67812426e-06,3.15989067e-06
1.416067,2.13056698e+00,9.87156749e-06,3.20974884e-06
1.416614,2.12348813e+00,9.93243656e-06,3.25741825e-06
1.417161,2.11691194e+00,9.86056071e-06,3.29998390e-06
1.417708,2.11082939e+00,1.02080338e-05,3.34107105e-06
1.418255,2.10522195e+00,1.02711324e-05,3.37467877e-06
1.418802,2.10008656e+00,1.02894979e-05,3.40471076e-06
1.419349,2.09541349e+00,1.04374376e-05,3.42773026e-06
1.419896,2.09119402e+00,1.03925437e-05,3.44670549e-06
1.420443,2.08742220e+00,1.04466927e-05,3.45940539e-06
1.420990,2.08408809e+00,1.04336465e-05,3.46634860e-06
1.421537,2.08118916e+00,1.03036895e-05,3.46855284e-06
1.422084,2.07871635e+00,1.03747725e-05,3.46394031e-06
1.422631,2.07665678e+00,1.02782672e-05,3.45363509e-06
1.423178,2.07500042e+00,1.02542581e-05,3.43653343e-06
1.423725,2.07373724e+00,1.01165167e-05,3.41318275e-06
1.424272,2.07286114e+00,9.97566915e-06,3.38371890e-06
1.424819,2.07235809e+00,9.95760265e-06,3.34785126e-06
1.425366,2.07221629e+00,9.73702363e-06,3.30547170e-06
1.425913,2.07242429e+00,9.67710407e-06,3.25692621e-06
1.426460,2.07297134e+00,9.40996787e-06,3.20213980e-06
1.427007,2.07385698e+00,9.10913846e-06,3.14192288e-06
1.427554,2.07507238e+00,8.98132104e-06,3.07754612e-06
1.428100,2.07660168e+00,8.79591786e-06,3.00623769e-06
1.428647,2.07843597e+00,8.49771882e-06,2.92886336e-06
1.429194,2.08056870e+00,8.23972606e-06,2.84756869e-06
1.429741,2.08299184e+00,7.95031157e-06,2.76140175e-06
1.430288,2.08569288e+00,7.76441196e-06,2.67094363e-06
1.430835,2.08866374e+00,7.36289839e-06,2.57442773e-06
1.431382,2.09189819e+00,7.12050077e-06,2.47582660e-06
1.431929,2.09538644e+00,6.77934388e-06,2.37231825e-06
1.432476,2.09912026e+00,6.49210706e-06,2.26649500e-06
1.433023,2.10308914e+00,6.18885835e-06,2.15683463e-06
1.433570,2.10728475e+00,5.84521970e-06,2.04419497e-06
1.434117,2.11169840e+00,5.54354488e-06,1.92967175e-06
1.434664,2.11631912e+00,5.24608650e-06,1.81331011e-06
1.435211,2.12113790e+00,4.89932675e-06,1.69436993e-06
1.435758,2.12614680e+00,4.57731927e-06,1.57477479e-06
1.436305,2.13133728e+00,4.24547510e-06,1.45431640e-06
1.436852,2.13670036e+00,3.93622841e-06,1.33380794e-06
1.437399,2.14222793e+00,3.59020724e-06,1.21275516e-06
1.437946,2.14791076e+00,3.31406570e-06,1.09408408e-06
1.438493,2.15374040e+00,2.95783915e-06,9.74161403e-07
1.439040,2.15970984e+00,2.65848013e-06,8.57979433e-07
1.439587,2.16580979e+00,2.37089922e-06,7.44276403e-07
1.440133,2.17203109e+00,2.08160533e-06,6.33385829e-07
1.440680,2.17836536e+00,1.79197024e-06,5.26045947e-07
1.441227,2.18480495e+00,1.50162311e-06,4.23022373e-07
1.441774,2.19134292e+00,1.21196840e-06,3.25548215e-07
1.442321,2.19797040e+00,9.95000905e-07,2.38103070e-07
1.442868,2.20467699e+00,7.77429926e-07,1.62307258e-07
1.443415,2.21145280e+00,5.87025119e-07,1.13183835e-07
1.443962,2.21828799e+00,4.36574199e-07,1.14708738e-07
1.444509,2.22517263e+00,3.72387605e-07,1.57270584e-07
1.445056,2.23209644e+00,4.06801571e-07,2.12519549e-07
1.445603,2.23904948e+00,5.20192371e-07,2.68957534e-07
1.446150,2.24602115e+00,6.45222317e-07,3.21731229e-07
1.446697,2.25299992e+00,7.70377761e-07,3.70862421e-07
1.447244,2.25997479e+00,9.20913870e-07,4.17086817e-07
1.447791,2.26693483e+00,1.04492228e-06,4.58762842e-07
1.448338,2.27386856e+00,1.16591039e-06,4.97035616e-07
1.448885,2.28076463e+00,1.28013300e-06,5.32067057e-07
1.449432,2.28761169e+00,1.38682076e-06,5.64318606e-07
1.449979,2.29439862e+00,1.49168634e-06,5.94474896e-07
1.450526,2.30111456e+00,1.59094117e-06,6.22703926e-07
1.451073,2.30774897e+00,1.68923408e-06,6.49870624e-07
1.451620,2.31429168e+00,1.78086862e-06,6.75929472e-07
1.452167,2.32073302e+00,1.88090507e-06,7.02309645e-07
1.452713,2.32706386e+00,1.96849058e-06,7.28034824e-07
1.453260,2.33327561e+00,2.06547307e-06,7.54905332e-07
1.453807,2.33936035e+00,2.15976645e-06,7.82474260e-07
1.454354,2.34531079e+00,2.25370081e-06,8.10959880e-07
1.454901,2.35112033e+00,2.35792975e-06,8.41793088e-07
1.455448,2.35678305e+00,2.45976834e-06,8.73661382e-07
1.455995,2.36229370e+00,2.56743224e-06,9.07817431e-07
1.456542,2.36764776e+00,2.68094215e-06,9.44528449e-07
1.457089,2.37284143e+00,2.79945587e-06,9.83974194e-07
1.457636,2.37787133e+00,2.92161755e-06,1.02426159e-06
1.458183,2.38273458e+00,3.05818768e-06,1.06961029e-06
1.458730,2.38742896e+00,3.19196404e-06,1.11615021e-06
1.459277,2.39195292e+00,3.33206982e-06,1.16575012e-06
1.459824,2.39630540e+00,3.47729727e-06,1.21789282e-06
1.460371,2.40048582e+00,3.62910817e-06,1.27277540e-06
1.460918,2.40449410e+00,3.78633711e-06,1.33089677e-06
1.461465,2.40833071e+00,3.94802876e-06,1.39183818e-06
1.462012,2.41199658e+00,4.11384828e-06,1.45491253e-06
1.462559,2.41549293e+00,4.28611276e-06,1.52037692e-06
1.463106,2.41882120e+00,4.46167577e-06,1.58736575e-06
1.463653,2.42198334e+00,4.64108084e-06,1.65784298e-06
1.464200,2.42498203e+00,4.81936562e-06,1.73045203e-06
1.464746,2.42781957e+00,5.01068121e-06,1.80077363e-06
1.465293,2.43049793e+00,5.20278511e-06,1.87461149e-06
1.465840,2.43301975e+00,5.39053162e-06,1.94751298e-06
1.466387,2.43538809e+00,5.58206278e-06,2.02297768e-06
1.466934,2.43760643e+00,5.77137121e-06,2.09833816e-06
1.467481,2.43967884e+00,5.95767557e-06,2.17523440e-06
1.468028,2.44160921e+00,6.15133799e-06,2.24982329e-06
1.468575,2.44340139e+00,6.33881650e-06,2.32556479e-06
1.469122,2.44505942e+00,6.52974916e-06,2.39957448e-06
1.469669,2.44658703e+00,6.71890779e-06,2.47225010e-06
1.470216,2.44798799e+00,6.90548747e-06,2.54419278e-06
1.470763,2.44926677e+00,7.08607023e-06,2.61730600e-06
1.471310,2.45042744e+00,7.27526847e-06,2.68663457e-06
1.471857,2.45147374e+00,7.45402816e-06,2.75564910e-06
1.472404,2.45241012e+00,7.62718300e-06,2.82352158e-06
1.472951,2.45324027e+00,7.81071253e-06,2.88791552e-06
1.473498,2.45396735e+00,7.98350232e-06,2.95096936e-06
1.474045,2.45459493e+00,8.15391182e-06,3.01274921e-06
1.474592,2.45512577e+00,8.33932611e-06,3.07342130e-06
1.475139,2.45556199e+00,8.51214895e-06,3.13063771e-06
1.475686,2.45590572e+00,8.67849684e-06,3.18458851e-06
1.476233,2.45615943e+00,8.83326270e-06,3.23689409e-06
1.476779,2.45632611e+00,8.98084119e-06,3.28740242e-06
1.477326,2.45641024e+00,9.10023989e-06,3.33719049e-06
1.477873,2.45641423e+00,9.26970109e-06,3.38081892e-06
1.478420,2.45633937e+00,9.39530928e-06,3.42433327e-06
1.478967,2.45618567e+00,9.57260217e-06,3.46120546e-06
1.479514,2.45595301e+00,9.68753996e-06,3.49912507e-06
1.480061,2.45564573e+00,9.77163675e-06,3.53423299e-06
1.480608,2.45526693e+00,9.89028139e-06,3.56505660e-06
1.481155,2.45481738e+00,1.00002168e-05,3.59277991e-06
1.481702,2.45429875e+00,1.00873871e-05,3.61851149e-06
1.482249,2.45371082e+00,1.02155939e-05,3.63918362e-06
1.482796,2.45305266e+00,1.02989263e-05,3.65812767e-06
1.483343,2.45232591e+00,1.03654118e-05,3.67447378e-06
1.483890,2.45153277e+00,1.04214977e-05,3.68797845e-06
1.484437,2.45067277e+00,1.05191239e-05,3.69680915e-06
1.484984,2.44974565e+00,1.05533487e-05,3.70357802e-06
1.485531,2.44875242e+00,1.06114513e-05,3.70735223e-06
1.486078,2.44769322e+00,1.06448120e-05,3.70771249e-06
1.486625,2.44656674e+00,1.07111133e-05,3.70406622e-06
1.487172,2.44537072e+00,1.07441418e-05,3.69739761e-06
1.487719,2.44410949e+00,1.06697427e-05,3.68994638e-06
1.488266,2.44278531e+00,1.07271468e-05,3.67797127e-06
1.488813,2.44139737e+00,1.06942855e-05,3.66393531e-06
1.489359,2.43994847e+00,1.06654083e-05,3.64698241e-06
1.489906,2.43843541e+00,1.07308126e-05,3.62585933e-06
1.490453,2.43685586e+00,1.06686446e-05,3.60288929e-06
1.491000,2.43521283e+00,1.06170142e-05,3.57736441e-06
1.491547,2.43350386e+00,1.06441847e-05,3.54826638e-06
1.492094,2.43172696e+00,1.05688030e-05,3.51719841e-06
1.492641,2.42988574e+00,1.04724580e-05,3.48372918e-06
1.493188,2.42798471e+00,1.03658002e-05,3.44851193e-06
1.493735,2.42603027e+00,1.02191964e-05,3.41174602e-06
1.494282,2.42402704e+00,1.01355402e-05,3.37321006e-06
1.494829,2.42197122e+00,1.01401481e-05,3.33177134e-06
1.495376,2.41986254e+00,9.97502922e-06,3.28872582e-06
1.495923,2.41770453e+00,9.89395016e-06,3.24393589e-06
1.496470,2.41549857e+00,9.75964954e-06,3.19740136e-06
1.497017,2.41324933e+00,9.60154979e-06,3.14944442e-06
1.497564,2.41096245e+00,9.43912213e-06,3.10066372e-06
1.498111,2.40864465e+00,9.25028022e-06,3.05100975e-06
1.498658,2.40629896e+00,9.15327226e-06,3.00045657e-06
1.499205,2.40392795e+00,8.96407895e-06,2.94861213e-06
1.499752,2.40153889e+00,8.76546255e-06,2.89634731e-06
1.500299,2.39913927e+00,8.56485223e-06,2.84363718e-06
1.500846,2.39672899e+00,8.51055721e-06,2.79035036e-06
1.501392,2.39430980e+00,8.26680946e-06,2.73574782e-06
1.501939,2.39189187e+00,8.03703860e-06,2.68131304e-06
1.502486,2.38947949e+00,7.90492964e-06,2.62674910e-06
1.503033,2.38707167e+00,7.77684289e-06,2.57153253e-06
1.503580,2.38467024e+00,7.58214450e-06,2.51550101e-06
1.504127,2.38228123e+00,7.36475912e-06,2.45946938e-06
1.504674,2.37990804e+00,7.21940210e-06,2.40361682e-06
1.505221,2.37755523e+00,6.97478788e-06,2.34748806e-06
1.505768,2.37522634e+00,6.84681603e-06,2.29177241e-06
1.506315,2.37292315e+00,6.63418721e-06,2.23566576e-06
1.506862,2.37064729e+00,6.50772155e-06,2.17990579e-06
1.507409,2.36840291e+00,6.24017784e-06,2.12370482e-06
1.507956,2.36619685e+00,6.05741329e-06,2.06873946e-06
1.508503,2.36403082e+00,5.89412606e-06,2.01390701e-06
1.509050,2.36190847e+00,5.66894700e-06,1.95914390e-06
1.509597,2.35983083e+00,5.56000274e-06,1.90541175e-06
1.510144,2.35779490e+00,5.41727918e-06,1.85110468e-06
1.510691,2.35580199e+00,5.21704287e-06,1.79677572e-06
1.511238,2.35385431e+00,5.05647390e-06,1.74326464e-06
1.511785,2.35195106e+00,4.91935998e-06,1.69012748e-06
1.512332,2.35009216e+00,4.74500197e-06,1.63707365e-06
1.512879,2.34828096e+00,4.53597969e-06,1.58446482e-06
1.513426,2.34651969e+00,4.38587015e-06,1.53296579e-06
1.513972,2.34480866e+00,4.21864553e-06,1.48177973e-06
1.514519,2.34314865e+00,4.06030604e-06,1.43131472e-06
1.515066,2.34153418e+00,4.02994282e-06,1.38197558e-06
1.515613,2.33996283e+00,3.80592494e-06,1.33107584e-06
1.516160,2.33843597e+00,3.69689882e-06,1.28215820e-06
1.516707,2.33695259e+00,3.52688624e-06,1.23315711e-06
1.517254,2.33551003e+00,3.45620556e-06,1.18558848e-06
1.517801,2.33410479e+00,3.30795425e-06,1.13760880e-06
1.518348,2.33273545e+00,3.19503074e-06,1.09070623e-06
1.518895,2.33140282e+00,3.00160615e-06,1.04368468e-06
1.519442,2.33010656e+00,2.91653148e-06,9.98657845e-07
1.519989,2.32884328e+00,2.79541318e-06,9.53779379e-07
1.520536,2.32761383e+00,2.61899324e-06,9.09053505e-07
1.521083,2.32641792e+00,2.52608031e-06,8.66232838e-07
1.521630,2.32525128e+00,2.44415157e-06,8.24059890e-07
1.522177,2.32411250e+00,2.28975833e-06,7.81624434e-07
1.522724,2.32299990e+00,2.21839292e-06,7.41146490e-07
1.523271,2.32191109e+00,2.08490793e-06,7.00508309e-07
1.523818,2.32084444e+00,2.00076384e-06,6.61445670e-07
1.524365,2.31979757e+00,1.88906808e-06,6.22741201e-07
1.524912,2.31876935e+00,1.78072899e-06,5.84998155e-07
1.525459,2.31775820e+00,1.68471156e-06,5.48333569e-07
1.526005,2.31676166e+00,1.60310126e-06,5.12712430e-07
1.526552,2.31577717e+00,1.51247060e-06,4.77754717e-07
1.527099,2.31480364e+00,1.40136595e-06,4.43399288e-07
1.527646,2.31383886e+00,1.34308498e-06,4.10853267e-07
1.528193,2.31288011e+00,1.24812737e-06,3.78537658e-07
1.528740,2.31192690e+00,1.14171016e-06,3.47135257e-07
1.529287,2.31097785e+00,1.07166029e-06,3.17442658e-07
1.529834,2.31003059e+00,9.97002919e-07,2.88655935e-07
1.530381,2.30908380e+00,9.06762579e-07,2.60733346e-07
1.530928,2.30813470e+00,8.75321177e-07,2.35051021e-07
1.531475,2.30717992e+00,8.05379167e-07,2.09851884e-07
1.532022,2.30621851e+00,7.19842249e-07,1.85937489e-07
1.532569,2.30524962e+00,6.56009465e-07,1.64137161e-07
1.533116,2.30427129e+00,6.04899895e-07,1.44601859e-07
1.533663,2.30328105e+00,5.63493815e-07,1.27514858e-07
1.534210,2.30227702e+00,5.06928331e-07,1.13305007e-07
1.534757,2.30125705e+00,4.79266983e-07,1.03148896e-07
1.535304,2.30021915e+00,4.32369826e-07,9.72496690e-08
1.535851,2.29916191e+00,4.05723988e-07,9.60720933e-08
1.536398,2.29808300e+00,3.88140583e-07,9.92445534e-08
1.536945,2.29697995e+00,3.75071146e-07,1.05833928e-07
1.537492,2.29585143e+00,3.63623678e-07,1.15279287e-07
1.538038,2.29469634e+00,3.67738934e-07,1.26080094e-07
1.538585,2.29351273e+00,3.74667296e-07,1.37722552e-07
1.539132,2.29229873e+00,3.89466958e-07,1.50141419e-07
1.539679,2.29105270e+00,4.08532569e-07,1.62543652e-07
1.540226,2.28977301e+00,4.32386523e-07,1.75057124e-07
1.540773,2.28845786e+00,4.52201579e-07,1.87236752e-07
1.541320,2.28710554e+00,4.79910776e-07,1.99457262e-07
1.541867,2.28571464e+00,5.11292483e-07,2.11201884e-07
1.542414,2.28428369e+00,5.40753063e-07,2.22749175e-07
1.542961,2.28281142e+00,5.74926038e-07,2.33958929e-07
1.543508,2.28129641e+00,6.01121532e-07,2.44560217e-07
1.544055,2.27973700e+00,6.26413502e-07,2.54900056e-07
1.544602,2.27813165e+00,6.52974132e-07,2.64889044e-07
1.545149,2.27647915e+00,6.87059310e-07,2.74747515e-07
1.545696,2.27477836e+00,7.15370988e-07,2.84070557e-07
1.546243,2.27302798e+00,7.41688664e-07,2.93062633e-07
1.546790,2.27122667e+00,7.65307235e-07,3.01774871e-07
1.547337,2.26937317e+00,7.94676479e-07,3.10288665e-07
1.547884,2.26746656e+00,8.29173014e-07,3.18879603e-07
1.548431,2.26550601e+00,8.56067852e-07,3.26953842e-07
1.548978,2.26349040e+00,8.76664526e-07,3.34652293e-07
1.549525,2.26141863e+00,9.02850264e-07,3.42295975e-07
1.550072,2.25928973e+00,9.29208978e-07,3.49890414e-07
1.550618,2.25710270e+00,9.50637447e-07,3.57097700e-07
1.551165,2.25485672e+00,9.79644853e-07,3.64509787e-07
1.551712,2.25255133e+00,1.00810274e-06,3.71939518e-07
1.552259,2.25018574e+00,1.02776776e-06,3.78697888e-07
1.552806,2.24775909e+00,1.05215838e-06,3.85715814e-07
1.553353,2.24527105e+00,1.08029420e-06,3.92901787e-07
1.553900,2.24272135e+00,1.10404323e-06,3.99865293e-07
1.554447,2.24010959e+00,1.12552686e-06,4.06672707e-07
1.554994,2.23743541e+00,1.14999668e-06,4.13628891e-07
1.555541,2.23469861e+00,1.17467021e-06,4.20661319e-07
1.556088,2.23189901e+00,1.19542698e-06,4.27367497e-07
1.556635,2.22903645e+00,1.22449513e-06,4.34571371e-07
1.557182,2.22611076e+00,1.24549613e-06,4.41260418e-07
1.557729,2.22312171e+00,1.26431144e-06,4.47986667e-07
1.558276,2.22006936e+00,1.28890606e-06,4.55026359e-07
1.558823,2.21695394e+00,1.31165219e-06,4.62063427e-07
1.559370,2.21377576e+00,1.33443812e-06,4.69143661e-07
1.559917,2.21053510e+00,1.35638913e-06,4.76143817e-07
1.560464,2.20723229e+00,1.38161221e-06,4.83401935e-07
1.561011,2.20386763e+00,1.40343586e-06,4.90337264e-07
1.561558,2.20044130e+00,1.42165724e-06,4.97142092e-07
1.562105,2.19695371e+00,1.44592655e-06,5.04365079e-07
1.562651,2.19340544e+00,1.46640650e-06,5.11407399e-07
1.563198,2.18979682e+00,1.49059533e-06,5.18399014e-07
1.563745,2.18612821e+00,1.51974375e-06,5.25837317e-07
1.564292,2.18240010e+00,1.54220956e-06,5.32810570e-07
1.564839,2.17861296e+00,1.56191050e-06,5.39701299e-07
1.565386,2.17476741e+00,1.58151165e-06,5.46605379e-07
1.565933,2.17086417e+00,1.60478894e-06,5.53739314e-07
1.566480,2.16690418e+00,1.62593026e-06,5.60989793e-07
1.567027,2.16288805e+00,1.64772292e-06,5.67468250e-07
1.567574,2.15881621e+00,1.67485304e-06,5.74701692e-07
1.568121,2.15468935e+00,1.69624821e-06,5.81342096e-07
1.568668,2.15050812e+00,1.71826983e-06,5.88209786e-07
1.569215,2.14627333e+00,1.74243822e-06,5.94972012e-07
1.569762,2.14198536e+00,1.76787123e-06,6.01355708e-07
1.570309,2.13764481e+00,1.79466743e-06,6.08401302e-07
1.570856,2.13325223e+00,1.81892724e-06,6.14440770e-07
1.571403,2.12880805e+00,1.84564760e-06,6.21136420e-07
1.571950,2.12431314e+00,1.86514946e-06,6.27358024e-07
1.572497,2.11976854e+00,1.88526898e-06,6.33654022e-07
1.573044,2.11517506e+00,1.90725975e-06,6.39565988e-07
1.573591,2.11053342e+00,1.92591858e-06,6.45434219e-07
1.574138,2.10584477e+00,1.94596203e-06,6.51591344e-07
1.574685,2.10111019e+00,1.96553208e-06,6.57221537e-07
1.575231,2.09633036e+00,1.98477028e-06,6.62602955e-07
1.575778,2.09150631e+00,2.00667394e-06,6.68641375e-07
1.576325,2.08663893e+00,2.03037183e-06,6.73853465e-07
1.576872,2.08172886e+00,2.04779442e-06,6.79025026e-07
1.577419,2.07677734e+00,2.06604163e-06,6.84503704e-07
1.577966,2.07178535e+00,2.08688004e-06,6.89318044e-07
1.578513,2.06675372e+00,2.10328426e-06,6.94213564e-07
1.579060,2.06168351e+00,2.12158225e-06,6.98971228e-07
1.579607,2.05657547e+00,2.14052319e-06,7.03340800e-07
1.580154,2.05143033e+00,2.16026220e-06,7.07864202e-07
1.580701,2.04624900e+00,2.17645540e-06,7.12058462e-07
1.581248,2.04103243e+00,2.19200242e-06,7.16108272e-07
1.581795,2.03578148e+00,2.21187443e-06,7.20108840e-07
1.582342,2.03049693e+00,2.22718412e-06,7.23825241e-07
1.582889,2.02518008e+00,2.24074197e-06,7.27785955e-07
1.583436,2.01983213e+00,2.25654336e-06,7.31110164e-07
1.583983,2.01445417e+00,2.27091209e-06,7.34779419e-07
1.584530,2.00904690e+00,2.29296157e-06,7.37739820e-07
1.585077,2.00361084e+00,2.30832696e-06,7.40983513e-07
1.585624,1.99814644e+00,2.33151133e-06,7.43605940e-07
1.586171,1.99265368e+00,2.34695651e-06,7.46006649e-07
1.586718,1.98713344e+00,2.36120248e-06,7.48724121e-07
1.587264,1.98158661e+00,2.37658626e-06,7.50876429e-07
1.587811,1.97601409e+00,2.39102217e-06,7.53320207e-07
1.588358,1.97041648e+00,2.40997023e-06,7.55094886e-07
1.588905,1.96479379e+00,2.42685984e-06,7.56670785e-07
1.589452,1.95914633e+00,2.44242357e-06,7.58226938e-07
1.589999,1.95347486e+00,2.45417343e-06,7.59662919e-07
1.590546,1.94777947e+00,2.47412506e-06,7.60474850e-07
1.591093,1.94206020e+00,2.48814663e-06,7.61548493e-07
1.591640,1.93631752e+00,2.50432068e-06,7.62256108e-07
1.592187,1.93055211e+00,2.51133208e-06,7.62888485e-07
1.592734,1.92476517e+00,2.51827998e-06,7.63364263e-07
1.593281,1.91895707e+00,2.53461891e-06,7.63356187e-07
1.593828,1.91312811e+00,2.54167572e-06,7.63411528e-07
1.594375,1.90727855e+00,2.55813150e-06,7.63061882e-07
1.594922,1.90140825e+00,2.56965174e-06,7.62568707e-07
1.595469,1.89551733e+00,2.57861181e-06,7.61714183e-07
1.596016,1.88960662e+00,2.58120733e-06,7.61098285e-07
1.596563,1.88367680e+00,2.59342497e-06,7.60010185e-07
1.597110,1.87772838e+00,2.59553033e-06,7.58903481e-07
1.597657,1.87176200e+00,2.60441426e-06,7.57440423e-07
1.598204,1.86577791e+00,2.60983423e-06,7.55856641e-07
1.598751,1.85977661e+00,2.61407596e-06,7.54085804e-07
1.599298,1.85375903e+00,2.61294074e-06,7.52241247e-07
1.599844,1.84772532e+00,2.62648706e-06,7.49962333e-07
1.600391,1.84167545e+00,2.62898415e-06,7.47735431e-07
1.600938,1.83560891e+00,2.64873684e-06,7.45007689e-07
1.601485,1.82952527e+00,2.64996319e-06,7.42362188e-07
1.602032,1.82342454e+00,2.66226372e-06,7.39300589e-07
1.602579,1.81730695e+00,2.65730760e-06,7.36243864e-07
1.603126,1.81117299e+00,2.66314360e-06,7.32799669e-07
1.603673,1.80502186e+00,2.67787609e-06,7.29213394e-07
1.604220,1.79885323e+00,2.67459157e-06,7.25409893e-07
1.604767,1.79266715e+00,2.68083112e-06,7.21368252e-07
1.605314,1.78646380e+00,2.67829646e-06,7.17369088e-07
1.605861,1.78024442e+00,2.66531222e-06,7.13104843e-07
1.606408,1.77400925e+00,2.67432295e-06,7.08588750e-07
1.606955,1.76775688e+00,2.68602382e-06,7.03732991e-07
1.607502,1.76148622e+00,2.68989532e-06,6.98808674e-07
1.608049,1.75519802e+00,2.67230200e-06,6.93790982e-07
1.608596,1.74889448e+00,2.64941937e-06,6.88692332e-07
1.609143,1.74257785e+00,2.62944471e-06,6.83503228e-07
1.609690,1.73624829e+00,2.63890900e-06,6.78082350e-07
1.610237,1.72990531e+00,2.63103133e-06,6.72575336e-07
1.610784,1.72354984e+00,2.61529519e-06,6.66918153e-07
1.611331,1.71718231e+00,2.61562768e-06,6.61175051e-07
1.611877,1.71080182e+00,2.62116453e-06,6.55143878e-07
1.612424,1.70440846e+00,2.60263550e-06,6.49056229e-07
1.612971,1.69800348e+00,2.58772902e-06,6.42817415e-07
1.613518,1.69158796e+00,2.57036957e-06,6.36544553e-07
1.614065,1.68516194e+00,2.57233957e-06,6.30061032e-07
1.614612,1.67872597e+00,2.54672453e-06,6.23595740e-07
1.615159,1.67227934e+00,2.56971678e-06,6.16861010e-07
1.615706,1.66582046e+00,2.55695884e-06,6.09966552e-07
1.616253,1.65935125e+00,2.51869591e-06,6.03024465e-07
1.616800,1.65287256e+00,2.52184505e-06,5.95975472e-07
1.617347,1.64638369e+00,2.50888063e-06,5.88804044e-07
1.617894,1.63988671e+00,2.46553730e-06,5.81642960e-07
1.618441,1.63338239e+00,2.47340876e-06,5.74380198e-07
1.618988,1.62686994e+00,2.45508372e-06,5.67006092e-07
1.619535,1.62035109e+00,2.41980765e-06,5.59586804e-07
1.620082,1.61382603e+00,2.42607235e-06,5.52118478e-07
1.620629,1.60729464e+00,2.39635667e-06,5.44554522e-07
1.621176,1.60075800e+00,2.38197061e-06,5.36956480e-07
1.621723,1.59421636e+00,2.36379157e-06,5.29281593e-07
1.622270,1.58767214e+00,2.31224850e-06,5.21632275e-07
1.622817,1.58112714e+00,2.30361957e-06,5.14006080e-07
1.623364,1.57458066e+00,2.29268488e-06,5.06301488e-07
1.623910,1.56803410e+00,2.25016323e-06,4.98609767e-07
1.624457,1.56149102e+00,2.20169345e-06,4.90960413e-07
1.625004,1.55495366e+00,2.17972861e-06,4.83416225e-07
1.625551,1.54842328e+00,2.14875663e-06,4.75871752e-07
1.626098,1.54190097e+00,2.12824452e-06,4.68333515e-07
1.626645,1.53538767e+00,2.09971881e-06,4.60802697e-07
1.627192,1.52888396e+00,2.08398281e-06,4.53278237e-07
1.627739,1.52239227e+00,2.02593750e-06,4.45787759e-07
1.628286,1.51591648e+00,1.98448252e-06,4.38417122e-07
1.628833,1.50945561e+00,2.00689470e-06,4.31132832e-07
1.629380,1.50300801e+00,1.97892621e-06,4.23682377e-07
1.629927,1.49657681e+00,1.91821368e-06,4.16274163e-07
1.630474,1.49016323e+00,1.92111273e-06,4.09044072e-07
1.631021,1.48376683e+00,1.88963102e-06,4.01735235e-07
1.631568,1.47738857e+00,1.86859088e-06,3.94499950e-07
1.632115,1.47103160e+00,1.79973954e-06,3.87273344e-07
1.632662,1.46469658e+00,1.82163867e-06,3.80292803e-07
1.633209,1.45838177e+00,1.79276161e-06,3.73153816e-07
1.633756,1.45209051e+00,1.72768439e-06,3.66081103e-07
1.634303,1.44582559e+00,1.70693237e-06,3.59232158e-07
1.634850,1.43958732e+00,1.68200658e-06,3.52427253e-07
1.635397,1.43337720e+00,1.64256448e-06,3.45676384e-07
1.635944,1.42719627e+00,1.62514855e-06,3.39064902e-07
1.636490,1.42104482e+00,1.59822648e-06,3.32486657e-07
1.637037,1.41492565e+00,1.53859591e-06,3.25958525e-07
1.637584,1.40884257e+00,1.49435431e-06,3.19639733e-07
1.638131,1.40279769e+00,1.46333712e-06,3.13469289e-07
1.638678,1.39679158e+00,1.44498141e-06,3.07410117e-07
1.639225,1.39082491e+00,1.41258448e-06,3.01389691e-07
1.639772,1.38490008e+00,1.36475902e-06,2.95462415e-07
1.640319,1.37901850e+00,1.34949896e-06,2.89727735e-07
1.640866,1.37317926e+00,1.33906839e-06,2.84071366e-07
1.641413,1.36738313e+00,1.29740992e-06,2.78398497e-07
1.641960,1.36163147e+00,1.27687840e-06,2.72922773e-07
1.642507,1.35592571e+00,1.23423841e-06,2.67477704e-07
1.643054,1.35026822e+00,1.19889197e-06,2.62197032e-07
1.643601,1.34465934e+00,1.18752908e-06,2.57093406e-07
1.644148,1.33909937e+00,1.15321733e-06,2.52012826e-07
1.644695,1.33358880e+00,1.13962446e-06,2.47094518e-07
1.645242,1.32812791e+00,1.10898349e-06,2.42232974e-07
1.645789,1.32271709e+00,1.09325981e-06,2.37532933e-07
1.646336,1.31735712e+00,1.05696830e-06,2.32877702e-07
1.646883,1.31204899e+00,1.03756619e-06,2.28412657e-07
1.647430,1.30679276e+00,1.01533060e-06,2.24055861e-07
1.647977,1.30158987e+00,9.75332295e-07,2.19768151e-07
1.648523,1.29644015e+00,9.78476395e-07,2.15717790e-07
1.649070,1.29134250e+00,9.54087452e-07,2.11691665e-07
1.649617,1.28629812e+00,9.20698871e-07,2.07803083e-07
1.650164,1.28130856e+00,8.90191721e-07,2.04062416e-07
1.650711,1.27637471e+00,8.69103393e-07,2.00443599e-07
1.651258,1.27149652e+00,8.52384650e-07,1.97001444e-07
1.651805,1.26667376e+00,8.34179977e-07,1.93650690e-07
1.652352,1.26190751e+00,8.00893796e-07,1.90389519e-07
1.652899,1.25719777e+00,7.95702602e-07,1.87384581e-07
1.653446,1.25254355e+00,7.77721468e-07,1.84424543e-07
1.653993,1.24794502e+00,7.57630010e-07,1.81637784e-07
1.654540,1.24340289e+00,7.31020922e-07,1.78967772e-07
1.655087,1.23891743e+00,7.17028572e-07,1.76476377e-07
1.655634,1.23448821e+00,7.00214617e-07,1.74121811e-07
1.656181,1.23011524e+00,6.82555278e-07,1.71881689e-07
1.656728,1.22579829e+00,6.68025003e-07,1.69836046e-07
1.657275,1.22153709e+00,6.52966678e-07,1.67869619e-07
1.657822,1.21733153e+00,6.37436124e-07,1.66086723e-07
1.658369,1.21318084e+00,6.29184990e-07,1.64452837e-07
1.658916,1.20908482e+00,6.09222336e-07,1.62929835e-07
1.659463,1.20504368e+00,5.96487656e-07,1.61564189e-07
1.660010,1.20105714e+00,5.81640907e-07,1.60343465e-07
1.660557,1.19712508e+00,5.68512864e-07,1.59237123e-07
1.661103,1.19324679e+00,5.60141548e-07,1.58299049e-07
1.661650,1.18942112e+00,5.50938988e-07,1.57508436e-07
1.662197,1.18564769e+00,5.37733667e-07,1.56839031e-07
1.662744,1.18192649e+00,5.25798889e-07,1.56288168e-07
1.663291,1.17825738e+00,5.15547898e-07,1.55834420e-07
1.663838,1.17464033e+00,5.04218633e-07,1.55508129e-07
1.664385,1.17107472e+00,4.97929957e-07,1.55295367e-07
1.664932,1.16755946e+00,4.90758480e-07,1.55203103e-07
1.665479,1.16409435e+00,4.81421018e-07,1.55214999e-07
1.666026,1.16067890e+00,4.76387535e-07,1.55306796e-07
1.666573,1.15731236e+00,4.70006494e-07,1.55509071e-07
1.667120,1.15399427e+00,4.64348209e-07,1.55795684e-07
1.667667,1.15072391e+00,4.59419926e-07,1.56168900e-07
1.668214,1.14750052e+00,4.54584663e-07,1.56640292e-07
1.668761,1.14432335e+00,4.51473034e-07,1.57169346e-07
1.669308,1.14119206e+00,4.48074729e-07,1.57778561e-07
1.669855,1.13810589e+00,4.44937996e-07,1.58430580e-07
1.670402,1.13506406e+00,4.44016843e-07,1.59168009e-07
1.670949,1.13206592e+00,4.41232499e-07,1.59949288e-07
1.671496,1.12911011e+00,4.39253307e-07,1.60771318e-07
1.672043,1.12619563e+00,4.39595014e-07,1.61703482e-07
1.672590,1.12332236e+00,4.40378752e-07,1.62655924e-07
1.673136,1.12048964e+00,4.39211716e-07,1.63585691e-07
1.673683,1.11769651e+00,4.41534487e-07,1.64586127e-07
1.674230,1.11494200e+00,4.40202805e-07,1.65601763e-07
1.674777,1.11222508e+00,4.43199002e-07,1.66669425e-07
1.675324,1.10954488e+00,4.43244277e-07,1.67750333e-07
1.675871,1.10690030e+00,4.44391283e-07,1.68852711e-07
1.676418,1.10429049e+00,4.47363164e-07,1.69991282e-07
1.676965,1.10171484e+00,4.50610833e-07,1.71138068e-07
1.677512,1.09917286e+00,4.54987255e-07,1.72283812e-07
1.678059,1.09666352e+00,4.54355465e-07,1.73389894e-07
1.678606,1.09418559e+00,4.58025289e-07,1.74552564e-07
1.679153,1.09173839e+00,4.62970153e-07,1.75716339e-07
1.679700,1.08932095e+00,4.64202404e-07,1.76836834e-07
1.680247,1.08693240e+00,4.71275338e-07,1.78006621e-07
1.680794,1.08457216e+00,4.75707483e-07,1.79141812e-07
1.681341,1.08223908e+00,4.75410946e-07,1.80239447e-07
1.681888,1.07993204e+00,4.82242082e-07,1.81384460e-07
1.682435,1.07765023e+00,4.86275081e-07,1.82509970e-07
1.682982,1.07539291e+00,4.92640294e-07,1.83635291e-07
1.683529,1.07315909e+00,4.94297353e-07,1.84682187e-07
1.684076,1.07094772e+00,5.01044852e-07,1.85791524e-07
1.684623,1.06875799e+00,5.05684641e-07,1.86857925e-07
1.685169,1.06658902e+00,5.09965720e-07,1.87908222e-07
1.685716,1.06443996e+00,5.15925828e-07,1.88960268e-07
1.686263,1.06231011e+00,5.21954005e-07,1.90001806e-07
1.686810,1.06019872e+00,5.26925578e-07,1.91013407e-07
1.687357,1.05810495e+00,5.31987661e-07,1.92021166e-07
1.687904,1.05602778e+00,5.34541673e-07,1.92968577e-07
1.688451,1.05396628e+00,5.42841507e-07,1.93973727e-07
1.688998,1.05191977e+00,5.48522652e-07,1.94951152e-07
1.689545,1.04988747e+00,5.54482708e-07,1.95917187e-07
1.690092,1.04786844e+00,5.57596134e-07,1.96836181e-07
1.690639,1.04586170e+00,5.62658395e-07,1.97777078e-07
1.691186,1.04386640e+00,5.68168302e-07,1.98726530e-07
1.691733,1.04188168e+00,5.72367883e-07,1.99642542e-07
1.692280,1.03990669e+00,5.79616313e-07,2.00615164e-07
1.692827,1.03794080e+00,5.86407775e-07,2.01570960e-07
1.693374,1.03598308e+00,5.89249259e-07,2.02451054e-07
1.693921,1.03403268e+00,5.99411774e-07,2.03453001e-07
1.694468,1.03208883e+00,6.04067554e-07,2.04367810e-07
1.695015,1.03015078e+00,6.11720419e-07,2.05357885e-07
1.695562,1.02821780e+00,6.16861257e-07,2.06294359e-07
1.696109,1.02628912e+00,6.23015289e-07,2.07270963e-07
1.696656,1.02436402e+00,6.28260580e-07,2.08237605e-07
1.697203,1.02244174e+00,6.33918244e-07,2.09234859e-07
1.697749,1.02052166e+00,6.41608793e-07,2.10288347e-07
1.698296,1.01860297e+00,6.46122800e-07,2.11244272e-07
1.698843,1.01668484e+00,6.56309245e-07,2.12357760e-07
1.699390,1.01476663e+00,6.61958906e-07,2.13399052e-07
1.699937,1.01284754e+00,6.67086390e-07,2.14427389e-07
1.700484,1.01092678e+00,6.73089789e-07,2.15513238e-07
1.701031,1.00900382e+00,6.80891723e-07,2.16704487e-07
1.701578,1.00707803e+00,6.86695812e-07,2.17800942e-07
1.702125,1.00514868e+00,6.91598099e-07,2.18933542e-07
1.702672,1.00321516e+00,7.01078713e-07,2.20191046e-07
1.703219,1.00127701e+00,7.08701115e-07,2.21480869e-07
1.703766,9.99333737e-01,7.14282358e-07,2.22681326e-07
1.704313,9.97384733e-01,7.23599691e-07,2.24032135e-07
1.704860,9.95429309e-01,7.29632614e-07,2.25243080e-07
1.705407,9.93466765e-01,7.36568219e-07,2.26570564e-07
1.705954,9.91496536e-01,7.42538823e-07,2.27876564e-07
1.706501,9.89518101e-01,7.49922723e-07,2.29261299e-07
1.707048,9.87530910e-01,7.57487145e-07,2.30626083e-07
1.707595,9.85534397e-01,7.63941854e-07,2.32035560e-07
1.708142,9.83528175e-01,7.71176956e-07,2.33515038e-07
1.708689,9.81511767e-01,7.77306144e-07,2.34892309e-07
1.709236,9.79484644e-01,7.87026179e-07,2.36444355e-07
1.709782,9.77446339e-01,7.93656643e-07,2.37903516e-07
1.710329,9.75396414e-01,8.00857341e-07,2.39431192e-07
1.710876,9.73334612e-01,8.07800927e-07,2.41027585e-07
1.711423,9.71260611e-01,8.14663160e-07,2.42537892e-07
1.711970,9.69173964e-01,8.21439016e-07,2.44081979e-07
1.712517,9.67074323e-01,8.28584955e-07,2.45685723e-07
1.713064,9.64961252e-01,8.35639557e-07,2.47183713e-07
1.713611,9.62834328e-01,8.44559630e-07,2.48848886e-07
1.714158,9.60693291e-01,8.51564320e-07,2.50457535e-07
1.714705,9.58537918e-01,8.58669558e-07,2.52107441e-07
1.715252,9.56368000e-01,8.65935332e-07,2.53747851e-07
1.715799,9.54183202e-01,8.73443264e-07,2.55321735e-07
1.716346,9.51983126e-01,8.80259813e-07,2.56889154e-07
1.716893,9.49767536e-01,8.88697063e-07,2.58595290e-07
1.717440,9.47536153e-01,8.96809516e-07,2.60162033e-07
1.717987,9.45288616e-01,9.04235729e-07,2.61757140e-07
1.718534,9.43024757e-01,9.12333326e-07,2.63440921e-07
1.719081,9.40744306e-01,9.20580756e-07,2.64973469e-07
1.719628,9.38446973e-01,9.29236681e-07,2.66631645e-07
1.720175,9.36132285e-01,9.40048306e-07,2.68059986e-07
1.720722,9.33799703e-01,9.50909292e-07,2.69682321e-07
1.721269,9.31448941e-01,9.58853681e-07,2.71162341e-07
1.721816,9.29079752e-01,9.66320374e-07,2.72656879e-07
1.722362,9.26691890e-01,9.74073078e-07,2.74090403e-07
1.722909,9.24285103e-01,9.82542835e-07,2.75554720e-07
1.723456,9.21859132e-01,9.91847360e-07,2.76981154e-07
1.724003,9.19413734e-01,9.99976840e-07,2.78389465e-07
1.724550,9.16948818e-01,1.00610624e-06,2.79750753e-07
1.725097,9.14464112e-01,1.01609076e-06,2.81040854e-07
1.725644,9.11959225e-01,1.02281725e-06,2.82274328e-07
1.726191,9.09433918e-01,1.02992151e-06,2.83492141e-07
1.726738,9.06888178e-01,1.03750664e-06,2.84830885e-07
1.727285,9.04322163e-01,1.04296346e-06,2.86057007e-07
1.727832,9.01735698e-01,1.05133109e-06,2.87135330e-07
1.728379,8.99128512e-01,1.06098287e-06,2.88351222e-07
1.728926,8.96500230e-01,1.07246931e-06,2.89358762e-07
1.729473,8.93850375e-01,1.08208884e-06,2.90399581e-07
1.730020,8.91178697e-01,1.08945890e-06,2.91337733e-07
1.730567,8.88484980e-01,1.09674708e-06,2.92228292e-07
1.731114,8.85768990e-01,1.10452055e-06,2.93072795e-07
1.731661,8.83030522e-01,1.11350385e-06,2.93925209e-07
1.732208,8.80269561e-01,1.12011353e-06,2.94754041e-07
1.732755,8.77485915e-01,1.12925541e-06,2.95409874e-07
1.733302,8.74679079e-01,1.13604493e-06,2.95936076e-07
1.733849,8.71848760e-01,1.14700788e-06,2.96650863e-07
1.734395,8.68994544e-01,1.15803722e-06,2.97104546e-07
1.734942,8.66116059e-01,1.16539498e-06,2.97606051e-07
1.735489,8.63213149e-01,1.17303668e-06,2.97967315e-07
1.736036,8.60285533e-01,1.18002586e-06,2.98269388e-07
1.736583,8.57332990e-01,1.18663365e-06,2.98510786e-07
1.737130,8.54355212e-01,1.19386171e-06,2.98645982e-07
1.737677,8.51351801e-01,1.20075014e-06,2.98701533e-07
1.738224,8.48322388e-01,1.20934501e-06,2.98754207e-07
1.738771,8.45267044e-01,1.21295949e-06,2.98827751e-07
1.739318,8.42185713e-01,1.22205756e-06,2.98704520e-07
1.739865,8.39077955e-01,1.22799268e-06,2.98505281e-07
1.740412,8.35943430e-01,1.23611397e-06,2.98266137e-07
1.740959,8.32781838e-01,1.24333996e-06,2.97973147e-07
1.741506,8.29592664e-01,1.25382860e-06,2.97535166e-07
1.742053,8.26375425e-01,1.26037054e-06,2.97082126e-07
1.742600,8.23129762e-01,1.26917086e-06,2.96507686e-07
1.743147,8.19855166e-01,1.27528181e-06,2.95821949e-07
1.743694,8.16551418e-01,1.28018284e-06,2.95129901e-07
1.744241,8.13218309e-01,1.28673328e-06,2.94313498e-07
1.744788,8.09855481e-01,1.29209814e-06,2.93421028e-07
1.745335,8.06462673e-01,1.29712429e-06,2.92462079e-07
1.745882,8.03039158e-01,1.30782774e-06,2.91335767e-07
1.746428,7.99584193e-01,1.31856170e-06,2.90314013e-07
1.746975,7.96096665e-01,1.33695104e-06,2.89014178e-07
1.747522,7.92575343e-01,1.34356468e-06,2.87655590e-07
1.748069,7.89019827e-01,1.34834511e-06,2.86212371e-07
1.748616,7.85429354e-01,1.35855572e-06,2.84635323e-07
1.749163,7.81803373e-01,1.36289281e-06,2.83092850e-07
1.749710,7.78141269e-01,1.37478706e-06,2.81367240e-07
1.750257,7.74442202e-01,1.37898024e-06,2.79581607e-07
1.750804,7.70700530e-01,1.38968293e-06,0.00000000e+00
1.751351,7.66915044e-01,1.39449475e-06,2.74700326e-07
1.751898,7.63089923e-01,1.39861414e-06,2.72657075e-07
1.752445,7.59225108e-01,1.39538918e-06,2.70578342e-07
1.752992,7.55320185e-01,1.40547818e-06,2.68431462e-07
1.753539,7.51374797e-01,1.40257269e-06,2.66259083e-07
1.754086,7.47388188e-01,1.41776326e-06,2.63975598e-07
1.754633,7.43358720e-01,1.42790389e-06,2.61653436e-07
1.755180,7.39285177e-01,1.43600584e-06,2.59258127e-07
1.755727,7.35167044e-01,1.43386764e-06,2.56846868e-07
1.756274,7.31003796e-01,1.44126179e-06,2.54397269e-07
1.756821,7.26794746e-01,1.44395047e-06,2.51949059e-07
1.757368,7.22539895e-01,1.44031048e-06,2.49468689e-07
1.757915,7.18238098e-01,1.45678670e-06,2.46980328e-07
1.758462,7.13887980e-01,1.45750060e-06,2.44502582e-07
1.759008,7.09489661e-01,1.44904188e-06,2.42044181e-07
1.759555,7.05043268e-01,1.44710995e-06,2.39637413e-07
1.760102,7.00548426e-01,1.44662346e-06,2.37289454e-07
1.760649,6.96004820e-01,1.44343874e-06,2.35008634e-07
1.761196,6.91413214e-01,1.42571110e-06,2.32797420e-07
1.761743,6.86773718e-01,1.43280973e-06,2.30703594e-07
1.762290,6.82085473e-01,1.42973221e-06,2.28710723e-07
1.762837,6.77349390e-01,1.40736029e-06,2.26817623e-07
1.763384,6.72566573e-01,1.40038505e-06,2.25079932e-07
1.763931,6.67736912e-01,1.39733783e-06,2.23501137e-07
1.764478,6.62860987e-01,1.37941534e-06,2.22056843e-07
1.765025,6.57940090e-01,1.36365154e-06,2.20796261e-07
1.765572,6.52975330e-01,1.34773348e-06,2.19708002e-07
1.766119,6.47966891e-01,1.34745632e-06,2.18847034e-07
1.766666,6.42915079e-01,1.32945643e-06,2.18169376e-07
1.767213,6.37822168e-01,1.29560387e-06,2.17682213e-07
1.767760,6.32690206e-01,1.28001010e-06,2.17413804e-07
1.768307,6.27519841e-01,1.27017422e-06,2.17368851e-07
1.768854,6.22313247e-01,1.23042609e-06,2.17476348e-07
1.769401,6.17071130e-01,1.24447996e-06,2.17878797e-07
1.769948,6.11792955e-01,1.22553989e-06,2.18510034e-07
1.770495,6.06481451e-01,1.18508982e-06,2.19339611e-07
1.771041,6.01140328e-01,1.14814984e-06,2.20324074e-07
1.771588,5.95772494e-01,1.12097491e-06,2.21469035e-07
1.772135,5.90380621e-01,1.08862188e-06,2.22765514e-07
1.772682,5.84967774e-01,1.05570785e-06,2.24183863e-07
1.773229,5.79536751e-01,1.02814103e-06,2.25732264e-07
1.773776,5.74090709e-01,9.90433863e-07,2.27359199e-07
1.774323,5.68633921e-01,9.46073744e-07,2.29021352e-07
1.774870,5.63169458e-01,9.26989179e-07,2.30755269e-07
1.775417,5.57700307e-01,8.86498678e-07,2.32502341e-07
1.775964,5.52229957e-01,8.60288249e-07,2.34298384e-07
1.776511,5.46761885e-01,8.20616480e-07,2.36074383e-07
1.777058,5.41300123e-01,7.87590097e-07,2.37819685e-07
1.777605,5.35848712e-01,7.49774413e-07,2.39481097e-07
1.778152,5.30411771e-01,7.17670398e-07,2.41063332e-07
1.778699,5.24993409e-01,6.82533436e-07,2.42528489e-07
1.779246,5.19597182e-01,6.59178952e-07,2.43914623e-07
1.779793,5.14226025e-01,6.33966852e-07,2.45224961e-07
1.780340,5.08883453e-01,6.06302250e-07,2.46437195e-07
1.780887,5.03573260e-01,5.80493995e-07,2.47505538e-07
1.781434,4.98299168e-01,5.56867458e-07,2.48421515e-07
1.781981,4.93063937e-01,5.41464030e-07,2.49258227e-07
1.782528,4.87870510e-01,5.20405097e-07,2.49948632e-07
1.783075,4.82722056e-01,5.05276686e-07,2.50526509e-07
1.783621,4.77621318e-01,4.89978830e-07,2.50965418e-07
1.784168,4.72571514e-01,4.75693033e-07,2.51251196e-07
1.784715,4.67575358e-01,4.65326661e-07,2.51398653e-07
1.785262,4.62635264e-01,4.55483920e-07,2.51423931e-07
1.785809,4.57754005e-01,4.46931788e-07,2.51302737e-07
1.786356,4.52934383e-01,4.40250053e-07,2.51019798e-07
1.786903,4.48178784e-01,4.34516462e-07,2.50604120e-07
1.787450,4.43489332e-01,4.30533335e-07,2.50059281e-07
1.787997,4.38868422e-01,4.28787338e-07,2.49361566e-07
1.788544,4.34318069e-01,4.25150570e-07,2.48553745e-07
1.789091,4.29839870e-01,4.23824562e-07,2.47637973e-07
1.789638,4.25435442e-01,4.22091359e-07,2.46629981e-07
1.790185,4.21106476e-01,4.23289370e-07,2.45496975e-07
1.790732,4.16854900e-01,4.25643750e-07,2.44228621e-07
1.791279,4.12682360e-01,4.26273009e-07,2.42852780e-07
1.791826,4.08589717e-01,4.22434173e-07,2.41445757e-07
1.792373,4.04577825e-01,4.24823806e-07,2.39945074e-07
1.792920,4.00648208e-01,4.29975848e-07,2.38324580e-07
1.793467,3.96801900e-01,4.27421799e-07,2.36664394e-07
1.794014,3.93039549e-01,4.29769698e-07,2.34926927e-07
1.794561,3.89361772e-01,4.28053537e-07,2.33169506e-07
1.795108,3.85769016e-01,4.29007111e-07,2.31361153e-07
1.795654,3.82261799e-01,4.29596637e-07,2.29515721e-07
1.796201,3.78840499e-01,4.29563465e-07,2.27639606e-07
1.796748,3.75505724e-01,4.35173666e-07,2.25673498e-07
1.797295,3.72257789e-01,4.31716432e-07,2.23730223e-07
1.797842,3.69096707e-01,4.34027137e-07,2.21740467e-07
1.798389,3.66022720e-01,4.35657650e-07,2.19727519e-07
1.798936,3.63035792e-01,4.34375521e-07,2.17720032e-07
1.799483,3.60135770e-01,4.35377789e-07,2.15695960e-07
1.800030,3.57322511e-01,4.35608017e-07,2.13669902e-07
1.800577,3.54595703e-01,4.34895129e-07,2.11658947e-07
1.801124,3.51954790e-01,4.31935512e-07,2.09683954e-07
1.801671,3.49399411e-01,4.36465894e-07,2.07657298e-07
1.802218,3.46929130e-01,4.33363299e-07,2.05693042e-07
1.802765,3.44543276e-01,4.34538901e-07,2.03714309e-07
1.803312,3.42241310e-01,4.35511243e-07,2.01740244e-07
1.803859,3.40022326e-01,4.30393360e-07,1.99843931e-07
1.804406,3.37885376e-01,4.32230315e-07,1.97920623e-07
1.804953,3.35829566e-01,4.29421216e-07,1.96054141e-07
1.805500,3.33853967e-01,4.31795841e-07,1.94150091e-07
1.806047,3.31957586e-01,4.28957005e-07,1.92302189e-07
1.806594,3.30139340e-01,4.30721190e-07,1.90417686e-07
1.807141,3.28398110e-01,4.28324486e-07,1.88574096e-07
1.807687,3.26732662e-01,4.28772774e-07,1.86706486e-07
1.808234,3.25141796e-01,4.28388060e-07,1.84832369e-07
1.808781,3.23624183e-01,4.26923383e-07,1.82961415e-07
1.809328,3.22178375e-01,4.24871343e-07,1.81092145e-07
1.809875,3.20802941e-01,4.24899680e-07,1.79174281e-07
1.810422,3.19496490e-01,4.24900033e-07,1.77217545e-07
1.810969,3.18257496e-01,4.22497195e-07,1.75264946e-07
1.811516,3.17084390e-01,4.22473298e-07,1.73237517e-07
1.812063,3.15975662e-01,4.22370884e-07,1.71155750e-07
1.812610,3.14929674e-01,4.19797491e-07,1.69081441e-07
1.813157,3.13944685e-01,4.17752577e-07,1.66959856e-07
1.813704,3.13019011e-01,4.17197330e-07,1.64759797e-07
1.814251,3.12150959e-01,4.15493867e-07,1.62551295e-07
1.814798,3.11338811e-01,4.14656276e-07,1.60287405e-07
1.815345,3.10580796e-01,4.11837307e-07,1.58067173e-07
1.815892,3.09875135e-01,4.11245353e-07,1.55789913e-07
1.816439,3.09220088e-01,4.09568900e-07,1.53559171e-07
1.816986,3.08613907e-01,4.08989793e-07,1.51348894e-07
1.817533,3.08054871e-01,4.07903135e-07,1.49225429e-07
1.818080,3.07541230e-01,4.06551999e-07,1.47231062e-07
1.818627,3.07071241e-01,4.05597931e-07,1.45381039e-07
1.819174,3.06643207e-01,4.05518440e-07,1.43698052e-07
1.819721,3.06255493e-01,4.05971007e-07,1.42234170e-07
1.820267,3.05906485e-01,4.06471563e-07,1.41040936e-07
1.820814,3.05594591e-01,4.07684344e-07,1.40143063e-07
1.821361,3.05318265e-01,4.09734688e-07,1.39574384e-07
1.821908,3.05075989e-01,4.12050869e-07,1.39354774e-07
1.822455,3.04866278e-01,4.15228370e-07,1.39506981e-07
1.823002,3.04687729e-01,4.19090087e-07,1.40056825e-07
1.823549,3.04538982e-01,4.23756819e-07,1.40985190e-07
1.824096,3.04418732e-01,4.29434432e-07,1.42348195e-07
1.824643,3.04325704e-01,4.35697289e-07,1.44040850e-07
1.825190,3.04258642e-01,4.42619648e-07,1.46130974e-07
1.825737,3.04216356e-01,4.50299147e-07,1.48576420e-07
1.826284,3.04197688e-01,4.58805678e-07,1.51359302e-07
1.826831,3.04201550e-01,4.67936944e-07,1.54529596e-07
1.827378,3.04226933e-01,4.77720246e-07,1.58016213e-07
1.827925,3.04272799e-01,4.88450798e-07,1.61681390e-07
1.828472,3.04338122e-01,4.99717290e-07,1.65684498e-07
1.829019,3.04422000e-01,5.11351239e-07,1.70018832e-07
1.829566,3.04523508e-01,5.24064516e-07,1.74408113e-07
1.830113,3.04641687e-01,5.36905620e-07,1.79031199e-07
1.830660,3.04775673e-01,5.50112850e-07,1.83895521e-07
1.831207,3.04924610e-01,5.64015999e-07,1.88825922e-07
1.831754,3.05087669e-01,5.78133451e-07,1.93988367e-07
1.832300,3.05264069e-01,5.92588890e-07,1.99210994e-07
1.832847,3.05453080e-01,6.07398969e-07,2.04667876e-07
1.833394,3.05653946e-01,6.23078902e-07,2.10042236e-07
1.833941,3.05865855e-01,6.38688060e-07,2.15501579e-07
1.834488,3.06088089e-01,6.54327218e-07,2.21103449e-07
1.835035,3.06319929e-01,6.70665514e-07,2.26647124e-07
1.835582,3.06560706e-01,6.86454227e-07,2.32372152e-07
1.836129,3.06809818e-01,7.02966054e-07,2.38058105e-07
1.836676,3.07066648e-01,7.19021837e-07,2.43736522e-07
1.837223,3.07330551e-01,7.36220519e-07,2.49383889e-07
1.837770,3.07600912e-01,7.52763872e-07,2.55104048e-07
1.838317,3.07877129e-01,7.70020127e-07,2.60696966e-07
1.838864,3.08158574e-01,7.86985095e-07,2.66299599e-07
1.839411,3.08444691e-01,8.03817113e-07,2.71886702e-07
1.839958,3.08734833e-01,8.21901183e-07,2.77273384e-07
1.840505,3.09028344e-01,8.39257072e-07,2.82738290e-07
1.841052,3.09324623e-01,8.57140413e-07,2.88053692e-07
1.841599,3.09623061e-01,8.74510644e-07,2.93330210e-07
1.842146,3.09923181e-01,8.90875293e-07,2.98593181e-07
1.842693,3.10224407e-01,9.09498118e-07,3.03597805e-07
1.843240,3.10526000e-01,9.28106303e-07,3.08526856e-07
1.843787,3.10827387e-01,9.45041559e-07,3.13469321e-07
1.844334,3.11128108e-01,9.61934743e-07,3.18237330e-07
1.844880,3.11427617e-01,9.79290450e-07,3.22818034e-07
1.845427,3.11725346e-01,9.96194381e-07,3.27282318e-07
1.845974,3.12020848e-01,1.01195440e-06,3.31677644e-07
1.846521,3.12313794e-01,1.02700580e-06,3.35939234e-07
1.847068,3.12603873e-01,1.04219763e-06,3.40067748e-07
1.847615,3.12890569e-01,1.05992712e-06,3.43906220e-07
1.848162,3.13173321e-01,1.07550844e-06,3.47675787e-07
1.848709,3.13451557e-01,1.09303646e-06,3.51150174e-07
1.849256,3.13724627e-01,1.10910358e-06,3.54456729e-07
1.849803,3.13991988e-01,1.12524071e-06,3.57652688e-07
1.850350,3.14253206e-01,1.13957714e-06,3.60661567e-07
1.850897,3.14508093e-01,1.15095932e-06,3.63544001e-07
1.851444,3.14756131e-01,1.16979483e-06,3.66010428e-07
1.851991,3.14996614e-01,1.18358169e-06,3.68369578e-07
1.852538,3.15229245e-01,1.19535492e-06,3.70542959e-07
1.853085,3.15453839e-01,1.20668511e-06,3.72522221e-07
1.853632,3.15669551e-01,1.22901852e-06,3.74064166e-07
1.854179,3.15875577e-01,1.23916952e-06,3.75535816e-07
1.854726,3.16071673e-01,1.25096558e-06,3.76686281e-07
1.855273,3.16257467e-01,1.26200367e-06,3.77581626e-07
1.855820,3.16432480e-01,1.27478922e-06,3.78185042e-07
1.856367,3.16596315e-01,1.28378998e-06,3.78596406e-07
1.856913,3.16748623e-01,1.29504504e-06,3.78689611e-07
1.857460,3.16889119e-01,1.30209654e-06,3.78599751e-07
1.858007,3.17017143e-01,1.31929112e-06,3.78087702e-07
1.858554,3.17132179e-01,1.32331402e-06,3.77492969e-07
1.859101,3.17234037e-01,1.33363314e-06,3.76473385e-07
1.859648,3.17322464e-01,1.33733439e-06,3.75266731e-07
1.860195,3.17396733e-01,1.35550269e-06,3.73599367e-07
1.860742,3.17456299e-01,1.35465629e-06,3.71757633e-07
1.861289,3.17502043e-01,1.34522502e-06,3.69705158e-07
1.861836,3.17534145e-01,1.35619444e-06,3.67344319e-07
1.862383,3.17552553e-01,1.35039835e-06,3.64805708e-07
1.862930,3.17557921e-01,1.34698943e-06,3.62019842e-07
1.863477,3.17550626e-01,1.34513443e-06,3.59004535e-07
1.864024,3.17531260e-01,1.33672351e-06,3.55815305e-07
1.864571,3.17500580e-01,1.33065002e-06,3.52430454e-07
1.865118,3.17458899e-01,1.32987855e-06,3.48827191e-07
1.865665,3.17406555e-01,1.32213152e-06,3.44999001e-07
1.866212,3.17344203e-01,1.31398381e-06,3.40996448e-07
1.866759,3.17273215e-01,1.29126677e-06,3.36904577e-07
1.867306,3.17195060e-01,1.27997928e-06,3.32718922e-07
1.867853,3.17111281e-01,1.25453876e-06,3.28480226e-07
1.868400,3.17023055e-01,1.24951534e-06,3.24168049e-07
1.868946,3.16930980e-01,1.23458177e-06,3.19707954e-07
1.869493,3.16836578e-01,1.20974371e-06,3.15201415e-07
1.870040,3.16740938e-01,1.20238162e-06,3.10643403e-07
1.870587,3.16644749e-01,1.18469368e-06,3.05997649e-07
1.871134,3.16549136e-01,1.16709784e-06,3.01275484e-07
1.871681,3.16455766e-01,1.13676987e-06,2.96579014e-07
1.872228,3.16366693e-01,1.10957226e-06,2.91954308e-07
1.872775,3.16283270e-01,1.09252377e-06,2.87406756e-07
1.873322,3.16206540e-01,1.07070385e-06,2.82834822e-07
1.873869,3.16138001e-01,1.04237026e-06,2.78321663e-07
1.874416,3.16079013e-01,1.02200227e-06,2.73877877e-07
1.874963,3.16031252e-01,9.84968676e-07,2.69507121e-07
1.875510,3.15996187e-01,9.67595730e-07,2.65314864e-07
1.876057,3.15974098e-01,9.55044473e-07,2.61058534e-07
1.876604,3.15965318e-01,9.34826813e-07,2.56739030e-07
1.877151,3.15970687e-01,9.09492824e-07,2.52461033e-07
1.877698,3.15990891e-01,8.90905235e-07,2.48187648e-07
1.878245,3.16026275e-01,8.71551430e-07,2.43904791e-07
1.878792,3.16078126e-01,8.28950022e-07,2.39619274e-07
1.879339,3.16147471e-01,8.13405724e-07,2.35490642e-07
1.879886,3.16234385e-01,7.91499551e-07,2.31274679e-07
1.880433,3.16338789e-01,7.77737138e-07,2.26992886e-07
1.880980,3.16460780e-01,7.49636819e-07,2.22573717e-07
1.881526,3.16600811e-01,7.24673165e-07,2.18115357e-07
1.882073,3.16759119e-01,6.99559075e-07,2.13593527e-07
1.882620,3.16935182e-01,6.91803925e-07,2.08978026e-07
1.883167,3.17128645e-01,6.60032451e-07,2.04062423e-07
1.883714,3.17339590e-01,6.38546892e-07,1.99117488e-07
1.884261,3.17567696e-01,6.15278559e-07,1.93991678e-07
1.884808,3.17812455e-01,5.96420061e-07,1.88722229e-07
1.885355,3.18073287e-01,5.72934284e-07,1.83230784e-07
1.885902,3.18349480e-01,5.55503912e-07,1.77574042e-07
1.886449,3.18640374e-01,5.28263710e-07,1.71669487e-07
1.886996,3.18945332e-01,5.08212549e-07,1.65673187e-07
1.887543,3.19263299e-01,4.91374666e-07,1.59518551e-07
1.888090,3.19593319e-01,4.66467674e-07,1.53096180e-07
1.888637,3.19934535e-01,4.44795794e-07,1.46590583e-07
1.889184,3.20285918e-01,4.23387010e-07,1.39945811e-07
1.889731,3.20646296e-01,4.04815207e-07,1.33231121e-07
1.890278,3.21014464e-01,3.83147517e-07,1.26361708e-07
1.890825,3.21389315e-01,3.60243272e-07,1.19435207e-07
1.891372,3.21769803e-01,3.35060040e-07,1.12437345e-07
1.891919,3.22154759e-01,3.15246043e-07,1.05535568e-07
1.892466,3.22542882e-01,2.93763717e-07,9.85965206e-08
1.893013,3.22932784e-01,2.76695518e-07,9.17815448e-08
1.893559,3.23323094e-01,2.54401549e-07,8.49284986e-08
1.894106,3.23712535e-01,2.33213543e-07,7.81919072e-08
1.894653,3.24099588e-01,2.20830078e-07,7.17461932e-08
1.895200,3.24482806e-01,1.96632954e-07,6.51626639e-08
1.895747,3.24860812e-01,1.81651183e-07,5.89786523e-08
1.896294,3.25232109e-01,1.63508166e-07,5.29030860e-08
1.896841,3.25595283e-01,1.45381310e-07,4.70512308e-08
1.897388,3.25948936e-01,1.27423328e-07,4.14501934e-08
1.897935,3.26291657e-01,1.10643562e-07,3.61504314e-08
1.898482,3.26621951e-01,9.91793244e-08,3.12603044e-08
1.899029,3.26938340e-01,8.32596604e-08,2.65758172e-08
1.899576,3.27239376e-01,7.22416851e-08,2.23840101e-08
1.900123,3.27523610e-01,5.99430434e-08,1.85733088e-08
1.900670,3.27789644e-01,4.91724318e-08,1.53353306e-08
1.901217,3.28036088e-01,4.06155556e-08,1.28423558e-08
1.901764,3.28261566e-01,3.55401311e-08,1.13116118e-08
1.902311,3.28464744e-01,3.32959069e-08,1.09248676e-08
1.902858,3.28644328e-01,3.43926334e-08,1.16773041e-08
1.903405,3.28799059e-01,4.00171817e-08,1.33075425e-08
1.903952,3.28927713e-01,4.59918828e-08,1.54921703e-08
1.904499,3.29029109e-01,5.49832193e-08,1.81505598e-08
1.905046,3.29102127e-01,6.42621413e-08,2.11701709e-08
1.905593,3.29145699e-01,7.46078891e-08,2.45960373e-08
1.906139,3.29158801e-01,8.39766022e-08,2.83321287e-08
1.906686,3.29140462e-01,9.47987918e-08,3.25210051e-08
1.907233,3.29089781e-01,1.07557065e-07,3.72234406e-08
1.907780,3.29005920e-01,1.20403588e-07,4.23146467e-08
1.908327,3.28888096e-01,1.32994222e-07,4.76954186e-08
1.908874,3.28735586e-01,1.47310120e-07,5.35301466e-08
1.909421,3.28547729e-01,1.61128685e-07,5.95357058e-08
1.909968,3.28323922e-01,1.75803399e-07,6.58282376e-08
1.910515,3.28063631e-01,1.91246812e-07,7.23649398e-08
1.911062,3.27766388e-01,2.06680828e-07,7.90108966e-08
1.911609,3.27431785e-01,2.22625488e-07,8.58036977e-08
1.912156,3.27059469e-01,2.38689396e-07,9.26739592e-08
1.912703,3.26649166e-01,2.56003987e-07,9.97980165e-08
1.913250,3.26200655e-01,2.72369554e-07,1.06722526e-07
1.913797,3.25713760e-01,2.88975145e-07,1.13718773e-07
1.914344,3.25188399e-01,3.06853837e-07,1.20950787e-07
1.914891,3.24624533e-01,3.23540516e-07,1.27891700e-07
1.915438,3.24022170e-01,3.40458282e-07,1.34896512e-07
1.915985,3.23381395e-01,3.57285665e-07,1.41855820e-07
1.916532,3.22702359e-01,3.74272628e-07,1.48805679e-07
1.917079,3.21985294e-01,3.91691319e-07,1.55828015e-07
1.917626,3.21230495e-01,4.08406232e-07,1.62651744e-07
1.918172,3.20438279e-01,4.24831841e-07,1.69367634e-07
1.918719,3.19609030e-01,4.41504795e-07,1.76082719e-07
1.919266,3.18743175e-01,4.57678588e-07,1.82606976e-07
1.919813,3.17841200e-01,4.74698945e-07,1.89204716e-07
1.920360,3.16903638e-01,4.90627219e-07,1.95556021e-07
1.920907,3.15931058e-01,5.06803471e-07,2.01836608e-07
1.921454,3.14924077e-01,5.22213124e-07,2.07939048e-07
1.922001,3.13880325e-01,5.38194626e-07,0.00000000e+00
1.922548,3.12800341e-01,5.51540077e-07,2.18875504e-07
1.923095,3.11687860e-01,5.67846928e-07,2.24672831e-07
1.923642,3.10543669e-01,5.82617139e-07,2.30229818e-07
1.924189,3.09368621e-01,5.97125187e-07,2.35677974e-07
1.924736,3.08163636e-01,6.11285878e-07,2.40976380e-07
1.925283,3.06929659e-01,6.24965288e-07,2.46071488e-07
1.925830,3.05667677e-01,6.38870766e-07,2.51077363e-07
1.926377,3.04378629e-01,6.51686462e-07,2.55698756e-07
1.926924,3.03063426e-01,6.67295483e-07,2.60417845e-07
1.927471,3.01723021e-01,6.80893828e-07,2.64798288e-07
1.928018,3.00358421e-01,6.92927901e-07,2.68990412e-07
1.928565,2.98970652e-01,7.04418686e-07,2.72903004e-07
1.929112,2.97560739e-01,7.15528497e-07,2.76659163e-07
1.929659,2.96129782e-01,7.27455517e-07,2.80310926e-07
1.930205,2.94678910e-01,7.38069666e-07,2.83708073e-07
1.930752,2.93209286e-01,7.48397250e-07,2.86921827e-07
1.931299,2.91722042e-01,7.56420094e-07,2.89768464e-07
1.931846,2.90218285e-01,7.65870581e-07,2.92530149e-07
1.932393,2.88699214e-01,7.76019107e-07,2.95176013e-07
1.932940,2.87166136e-01,7.83190937e-07,2.97522528e-07
1.933487,2.85620202e-01,7.91701076e-07,2.99570549e-07
1.934034,2.84062495e-01,7.98683970e-07,3.01452571e-07
1.934581,2.82494249e-01,8.05722889e-07,3.03147796e-07
1.935128,2.80916497e-01,8.14087017e-07,3.04531279e-07
1.935675,2.79330211e-01,8.20890536e-07,3.05749367e-07
1.936222,2.77736517e-01,8.24881617e-07,3.06650306e-07
1.936769,2.76136519e-01,8.30272136e-07,3.07395170e-07
1.937316,2.74531335e-01,8.35098721e-07,3.07920525e-07
1.937863,2.72922054e-01,8.38652030e-07,3.08169571e-07
1.938410,2.71309722e-01,8.41884450e-07,3.08206165e-07
1.938957,2.69695402e-01,8.44731410e-07,3.08029598e-07
1.939504,2.68080011e-01,8.47966249e-07,3.07586662e-07
1.940051,2.66464427e-01,8.49936741e-07,3.06943731e-07
1.940598,2.64849568e-01,8.54481607e-07,3.06117686e-07
1.941145,2.63236022e-01,8.58136567e-07,3.04956589e-07
1.941692,2.61624445e-01,8.57649719e-07,3.03603638e-07
1.942239,2.60015772e-01,8.58235932e-07,3.02057819e-07
1.942785,2.58410887e-01,8.57552677e-07,3.00276322e-07
1.943332,2.56810582e-01,8.55815809e-07,2.98263721e-07
1.943879,2.55215585e-01,8.55170466e-07,2.96074126e-07
1.944426,2.53626351e-01,8.55585821e-07,2.93649054e-07
1.944973,2.52043342e-01,8.53621671e-07,2.91036318e-07
1.945520,2.50467315e-01,8.49642383e-07,2.88213629e-07
1.946067,2.48898966e-01,8.47206199e-07,2.85214778e-07
1.946614,2.47338270e-01,8.50002555e-07,2.82012588e-07
1.947161,2.45785160e-01,8.47956197e-07,2.78605752e-07
1.947708,2.44239848e-01,8.46479578e-07,2.75011505e-07
1.948255,2.42702650e-01,8.38548749e-07,2.71233153e-07
1.948802,2.41174448e-01,8.29657772e-07,2.67303102e-07
1.949349,2.39655551e-01,8.28619695e-07,2.63263236e-07
1.949896,2.38145933e-01,8.21079916e-07,2.59049490e-07
1.950443,2.36645798e-01,8.15839077e-07,2.54719797e-07
1.950990,2.35155436e-01,8.06098887e-07,2.50241492e-07
1.951537,2.33675162e-01,7.99511271e-07,2.45674984e-07
1.952084,2.32205230e-01,7.89220775e-07,2.40993232e-07
1.952631,2.30745710e-01,7.83401250e-07,2.36257681e-07
1.953178,2.29296882e-01,7.69413678e-07,2.31382738e-07
1.953725,2.27859458e-01,7.55874513e-07,2.26474053e-07
1.954272,2.26433904e-01,7.43123932e-07,2.21540132e-07
1.954818,2.25020598e-01,7.30834836e-07,2.16544176e-07
1.955365,2.23619834e-01,7.18849356e-07,2.11540128e-07
1.955912,2.22232189e-01,7.00969046e-07,2.06465360e-07
1.956459,2.20858108e-01,6.89568263e-07,2.01455797e-07
1.957006,2.19497521e-01,6.78033611e-07,1.96436511e-07
1.957553,2.18150422e-01,6.65243214e-07,1.91426608e-07
1.958100,2.16817356e-01,6.44915957e-07,1.86370464e-07
1.958647,2.15499434e-01,6.22994737e-07,1.81360602e-07
1.959194,2.14197472e-01,6.05705459e-07,1.76437867e-07
1.959741,2.12912287e-01,5.83502534e-07,1.71514736e-07
1.960288,2.11644479e-01,5.69416307e-07,1.66705573e-07
1.960835,2.10394119e-01,5.54554165e-07,1.61943516e-07
1.961382,2.09161453e-01,5.37551347e-07,1.57217351e-07
1.961929,2.07947405e-01,5.12397888e-07,1.52491427e-07
1.962476,2.06753296e-01,4.89218671e-07,1.47855341e-07
1.963023,2.05580011e-01,4.70574059e-07,1.43311610e-07
1.963570,2.04427572e-01,4.59296934e-07,1.38910261e-07
1.964117,2.03295924e-01,4.42043854e-07,1.34494645e-07
1.964664,2.02185405e-01,4.25564574e-07,1.30164992e-07
1.965211,2.01096224e-01,4.09375888e-07,1.25916059e-07
1.965758,2.00028601e-01,3.92915874e-07,1.21716776e-07
1.966305,1.98982671e-01,3.77945822e-07,1.17620545e-07
1.966852,1.97958324e-01,3.64774511e-07,1.13600997e-07
1.967398,1.96955962e-01,3.44092011e-07,1.09539801e-07
1.967945,1.95975928e-01,3.31194132e-07,1.05664605e-07
1.968492,1.95018054e-01,3.17203518e-07,1.01817865e-07
1.969039,1.94082067e-01,3.06080661e-07,9.80918246e-08
1.969586,1.93167803e-01,2.90959713e-07,9.43642631e-08
1.970133,1.92275185e-01,2.78968212e-07,9.07548064e-08
1.970680,1.91404082e-01,2.64979580e-07,8.71632721e-08
1.971227,1.90554317e-01,2.54157448e-07,8.36781108e-08
1.971774,1.89725479e-01,2.43137681e-07,8.02561346e-08
1.972321,1.88917095e-01,2.32800013e-07,7.69297144e-08
1.972868,1.88128617e-01,2.23062159e-07,7.36615556e-08
1.973415,1.87359916e-01,2.09437371e-07,7.03526994e-08
1.973962,1.86610749e-01,2.00772479e-07,6.72289831e-08
1.974509,1.85880485e-01,1.91816714e-07,6.41208720e-08
1.975056,1.85168538e-01,1.83376801e-07,6.11140505e-08
1.975603,1.84474351e-01,1.74170852e-07,5.81400162e-08
1.976150,1.83797432e-01,1.65446686e-07,5.52530449e-08
1.976697,1.83137219e-01,1.57400348e-07,5.24268699e-08
1.977244,1.82493285e-01,1.48325807e-07,4.96260813e-08
1.977791,1.81865063e-01,1.41600025e-07,4.69712738e-08
1.978338,1.81251772e-01,1.34939301e-07,4.43689938e-08
1.978885,1.80652788e-01,1.27584370e-07,4.18166453e-08
1.979431,1.80067492e-01,1.21289090e-07,3.93580284e-08
1.979978,1.79495219e-01,1.14878889e-07,3.69668943e-08
1.980525,1.78935384e-01,1.08307055e-07,3.46389082e-08
1.981072,1.78387403e-01,1.02187774e-07,3.24057460e-08
1.981619,1.77850646e-01,9.69383627e-08,3.02349024e-08
1.982166,1.77324410e-01,9.19587951e-08,2.81780006e-08
1.982713,1.76808024e-01,8.66706831e-08,2.61721852e-08
1.983260,1.76300886e-01,8.17555914e-08,2.42605034e-08
1.983807,1.75802393e-01,7.68293935e-08,2.24276901e-08
1.984354,1.75311934e-01,7.23450042e-08,2.06901338e-08
1.984901,1.74828891e-01,6.80387399e-08,1.90330992e-08
1.985448,1.74352718e-01,6.36118718e-08,1.74461214e-08
1.985995,1.73882893e-01,5.96256320e-08,1.59534485e-08
1.986542,1.73418823e-01,5.60982582e-08,1.45573148e-08
1.987089,1.72959913e-01,5.26170005e-08,1.32422476e-08
1.987636,1.72505599e-01,4.94087613e-08,1.20152729e-08
1.988183,1.72055293e-01,4.65160811e-08,1.08844755e-08
1.988730,1.71608434e-01,4.35788726e-08,9.83730964e-09
1.989277,1.71164528e-01,4.06827894e-08,8.88051292e-09
1.989824,1.70723077e-01,3.81691079e-08,8.02524952e-09
1.990371,1.70283558e-01,3.60222303e-08,7.26869753e-09
1.990918,1.69845487e-01,3.37014360e-08,6.62083425e-09
1.991465,1.69408439e-01,3.12628423e-08,6.08649860e-09
1.992011,1.68971990e-01,2.92583949e-08,5.66901287e-09
1.992558,1.68535658e-01,2.89253338e-08,5.37203990e-09
1.993105,1.68098997e-01,2.58557795e-08,5.19072689e-09
1.993652,1.67661619e-01,2.42802802e-08,5.12758494e-09
1.994199,1.67223167e-01,2.24311911e-08,5.16980047e-09
1.994746,1.66783280e-01,2.13794561e-08,5.27357571e-09
1.995293,1.66341579e-01,2.00925894e-08,5.44848405e-09
1.995840,1.65897745e-01,1.86680936e-08,5.66971143e-09
1.996387,1.65451469e-01,1.75392695e-08,5.91786520e-09
1.996934,1.65002405e-01,1.70061322e-08,6.17967209e-09
1.997481,1.64550240e-01,1.58624013e-08,6.46710853e-09
1.998028,1.64094717e-01,1.47287836e-08,6.75400804e-09
1.998575,1.63635535e-01,1.48988144e-08,7.03343504e-09
1.999122,1.63172401e-01,1.41284925e-08,7.31810991e-09
1.999669,1.62705062e-01,1.36983204e-08,7.59367870e-09
2.000216,1.62233282e-01,1.33099408e-08,7.86236222e-09
2.000763,1.61756840e-01,1.27909315e-08,8.12118687e-09
2.001310,1.61275546e-01,1.20761719e-08,8.37121640e-09
2.001857,1.60789200e-01,1.24153114e-08,8.60781503e-09
2.002404,1.60297587e-01,1.22017075e-08,8.83467474e-09
2.002951,1.59800542e-01,1.16252986e-08,9.05049845e-09
2.003498,1.59297919e-01,1.14111052e-08,9.25528646e-09
2.004044,1.58789584e-01,1.11640019e-08,9.44837766e-09
2.004591,1.58275395e-01,1.15077802e-08,9.63091346e-09
2.005138,1.57755207e-01,1.12559692e-08,9.80124399e-09
2.005685,1.57228904e-01,1.11539922e-08,9.96205619e-09
2.006232,1.56696384e-01,1.10165712e-08,1.01121702e-08
2.006779,1.56157566e-01,1.05388221e-08,1.02509366e-08
2.007326,1.55612388e-01,1.03318008e-08,1.03805971e-08
2.007873,1.55060767e-01,1.07307031e-08,1.05031527e-08
2.008420,1.54502627e-01,1.02505088e-08,1.06126060e-08
2.008967,1.53937930e-01,9.89095371e-09,1.07144234e-08
2.009514,1.53366628e-01,1.01616876e-08,1.08108555e-08
2.010061,1.52788664e-01,1.00355040e-08,1.08977460e-08
2.010608,1.52204032e-01,9.13885637e-09,1.09724088e-08
2.011155,1.51612717e-01,9.39102197e-09,1.10469903e-08
2.011702,1.51014694e-01,9.13765752e-09,1.11125632e-08
2.012249,1.50409962e-01,8.82698933e-09,1.11713831e-08
2.012796,1.49798527e-01,8.55537614e-09,1.12254165e-08
2.013343,1.49180406e-01,8.21953563e-09,1.12737830e-08
2.013890,1.48555626e-01,7.89631232e-09,1.13179254e-08
2.014437,1.47924221e-01,7.63122780e-09,1.13584181e-08
2.014984,1.47286237e-01,6.97930329e-09,1.13921896e-08
2.015531,1.46641724e-01,6.74387973e-09,1.14267981e-08
2.016077,1.45990745e-01,6.20517746e-09,1.14562400e-08
2.016624,1.45333369e-01,5.94361710e-09,1.14864826e-08
2.017171,1.44669638e-01,5.78081118e-09,1.15172962e-08
2.017718,1.43999625e-01,5.14191291e-09,1.15434367e-08
2.018265,1.43323444e-01,4.90093173e-09,1.15708319e-08
2.018812,1.42641196e-01,4.68423737e-09,1.16004986e-08
2.019359,1.41952976e-01,4.53866423e-09,1.16302084e-08
2.019906,1.41258876e-01,4.20688356e-09,1.16639605e-08
2.020453,1.40558993e-01,4.34688921e-09,1.17004597e-08
2.021000,1.39853455e-01,4.69597990e-09,1.17406850e-08
2.021547,1.39142373e-01,4.54378441e-09,1.17854188e-08
2.022094,1.38425873e-01,5.31372060e-09,1.18345321e-08
2.022641,1.37704094e-01,5.66063796e-09,1.18894736e-08
2.023188,1.36977165e-01,6.13974327e-09,1.19516882e-08
2.023735,1.36245207e-01,6.32162315e-09,1.20209223e-08
2.024282,1.35508373e-01,7.68156950e-09,1.20961253e-08
2.024829,1.34766829e-01,8.26395587e-09,1.21796759e-08
2.025376,1.34020721e-01,8.88337733e-09,1.22712036e-08
2.025923,1.33270213e-01,9.84938124e-09,1.23718248e-08
2.026470,1.32515479e-01,1.07150846e-08,1.24815106e-08
2.027017,1.31756704e-01,1.19571757e-08,1.25997238e-08
2.027564,1.30994077e-01,1.27964981e-08,1.27263215e-08
2.028111,1.30227766e-01,1.34080483e-08,1.28617711e-08
2.028657,1.29457972e-01,1.50765810e-08,1.30102350e-08
2.029204,1.28684940e-01,1.64239829e-08,1.31653643e-08
2.029751,1.27908886e-01,1.73353987e-08,1.33278216e-08
2.030298,1.27129990e-01,1.79825279e-08,1.34991735e-08
2.030845,1.26348457e-01,1.93753160e-08,1.36841834e-08
2.031392,1.25564520e-01,2.04659658e-08,1.38764638e-08
2.031939,1.24778389e-01,2.13345925e-08,1.40769518e-08
2.032486,1.23990273e-01,2.23692199e-08,1.42881241e-08
2.033033,1.23200418e-01,2.37941943e-08,1.45104819e-08
2.033580,1.22409082e-01,2.50081198e-08,1.47394308e-08
2.034127,1.21616503e-01,2.59696629e-08,1.49754418e-08
2.034674,1.20822914e-01,2.72402540e-08,1.52223982e-08
2.035221,1.20028595e-01,2.88260783e-08,1.54794854e-08
2.035768,1.19233812e-01,2.97699629e-08,1.57389571e-08
2.036315,1.18438811e-01,3.10570856e-08,1.60098057e-08
2.036862,1.17643851e-01,3.21759567e-08,1.62870308e-08
2.037409,1.16849183e-01,3.32738655e-08,1.65721451e-08
2.037956,1.16055110e-01,3.50537782e-08,1.68715410e-08
2.038503,1.15261936e-01,3.61673840e-08,1.71699304e-08
2.039050,1.14469888e-01,3.68843720e-08,1.74725564e-08
2.039597,1.13679223e-01,3.85411601e-08,1.77943630e-08
2.040144,1.12890263e-01,3.99366798e-08,1.81192072e-08
2.040690,1.12103294e-01,4.10582741e-08,1.84477341e-08
2.041237,1.11318605e-01,4.25177421e-08,1.87878249e-08
2.041784,1.10536512e-01,4.39222593e-08,1.91337372e-08
2.042331,1.09757298e-01,4.49836918e-08,1.94820425e-08
2.042878,1.08981259e-01,4.65417341e-08,1.98456785e-08
2.043425,1.08208722e-01,4.78834042e-08,2.02123806e-08
2.043972,1.07439971e-01,4.89601369e-08,2.05821383e-08
2.044519,1.06675324e-01,5.07995758e-08,2.09713849e-08
2.045066,1.05915082e-01,5.18479834e-08,2.13538753e-08
2.045613,1.05159522e-01,5.35198476e-08,2.17550177e-08
2.046160,1.04408982e-01,5.49448536e-08,2.21592678e-08
2.046707,1.03663767e-01,5.63604880e-08,2.25676317e-08
2.047254,1.02924156e-01,5.76651544e-08,2.29822985e-08
2.047801,1.02190463e-01,5.92131355e-08,2.34107755e-08
2.048348,1.01463001e-01,6.06394775e-08,2.38391450e-08
2.048895,1.00742087e-01,6.23339897e-08,2.42831432e-08
2.049442,1.00028021e-01,6.37156341e-08,2.47217197e-08
2.049989,9.93210981e-02,6.53586382e-08,2.51756048e-08
