time_orbits,dist_km,u_p_norm,u_e_norm
0.000000,0.00000000e+00,0.00000000e+00,0.00000000e+00
0.001094,8.66459343e+02,1.18809731e-03,5.81091952e-04
0.002188,8.67056421e+02,1.17629428e-03,5.74207569e-04
0.003282,8.67798392e+02,1.16429515e-03,5.67390448e-04
0.004376,8.68668258e+02,1.15298475e-03,5.60934244e-04
0.005470,8.69650363e+02,1.14229209e-03,5.54954434e-04
0.006563,8.70730362e+02,1.13290201e-03,5.49416732e-04
0.007657,8.71895173e+02,1.12370084e-03,5.44618707e-04
0.008751,8.73132975e+02,1.11697632e-03,5.40327650e-04
0.009845,8.74433006e+02,1.11043192e-03,5.36775903e-04
0.010939,8.75785730e+02,1.10614255e-03,5.34148871e-04
0.012033,8.77182592e+02,1.10383782e-03,5.32228750e-04
0.013127,8.78615932e+02,1.10291546e-03,5.31242472e-04
0.014221,8.80079102e+02,1.10430656e-03,5.31200820e-04
0.015315,8.81566275e+02,1.10714123e-03,5.32255414e-04
0.016409,8.83072419e+02,1.11291609e-03,5.34318194e-04
0.017503,8.84593197e+02,1.12017383e-03,5.37420915e-04
0.018596,8.86125058e+02,1.12884849e-03,5.41663992e-04
0.019690,8.87665218e+02,1.13945310e-03,5.46890983e-04
0.020784,8.89211537e+02,1.15249929e-03,5.53272917e-04
0.021878,8.90762374e+02,1.16723795e-03,5.60599598e-04
0.022972,8.92316643e+02,1.18391293e-03,5.68865924e-04
0.024066,8.93873752e+02,1.20213038e-03,5.77979174e-04
0.025160,8.95433604e+02,1.22157800e-03,5.87914830e-04
0.026254,8.96996566e+02,1.24250812e-03,5.98500364e-04
0.027348,8.98563407e+02,1.26464281e-03,6.09643907e-04
0.028442,9.00135302e+02,1.28719965e-03,6.21298547e-04
0.029536,9.01713847e+02,1.31055776e-03,6.33312904e-04
0.030630,9.03300956e+02,1.33443310e-03,6.45630911e-04
0.031723,9.04898854e+02,1.35911122e-03,6.58354578e-04
0.032817,9.06509974e+02,1.38444308e-03,6.71134417e-04
0.033911,9.08136957e+02,1.40983750e-03,6.84112635e-04
0.035005,9.09782647e+02,1.43523432e-03,6.97076252e-04
0.036099,9.11450043e+02,1.46083587e-03,7.09936672e-04
0.037193,9.13142273e+02,1.48580791e-03,7.22695422e-04
0.038287,9.14862578e+02,1.51093507e-03,7.35339156e-04
0.039381,9.16614262e+02,1.53555625e-03,7.47866172e-04
0.040475,9.18400694e+02,1.55998880e-03,7.60142192e-04
0.041569,9.20225189e+02,1.58375723e-03,7.72211908e-04
0.042663,9.22091105e+02,1.60714157e-03,7.83936152e-04
0.043756,9.24001626e+02,1.62985722e-03,7.95297097e-04
0.044850,9.25959859e+02,1.65164749e-03,8.06366570e-04
0.045944,9.27968905e+02,1.67331926e-03,8.17002388e-04
0.047038,9.30031601e+02,1.69376402e-03,8.27283209e-04
0.048132,9.32150818e+02,1.71302852e-03,8.37101817e-04
0.049226,9.34329045e+02,1.73321289e-03,8.46402724e-04
0.050320,9.36568386e+02,1.75108009e-03,8.55254334e-04
0.051414,9.38870890e+02,1.76876556e-03,8.63581565e-04
0.052508,9.41238260e+02,1.78430481e-03,8.71415127e-04
0.053602,9.43672079e+02,1.80074887e-03,8.78682934e-04
0.054696,9.46173538e+02,1.81359362e-03,8.85436134e-04
0.055789,9.48744290e+02,1.82610692e-03,8.91674606e-04
0.056883,9.51385496e+02,1.83767595e-03,8.97376280e-04
0.057977,9.54097539e+02,1.84908728e-03,9.02497739e-04
0.059071,9.56880365e+02,1.86021579e-03,9.07025309e-04
0.060165,9.59734000e+02,1.86668663e-03,9.10965594e-04
0.061259,9.62658498e+02,1.87580294e-03,9.14368652e-04
0.062353,9.65653147e+02,1.88222955e-03,9.17188021e-04
0.063447,9.68716563e+02,1.89028339e-03,9.19431570e-04
0.064541,9.71847125e+02,1.89441949e-03,9.21043379e-04
0.065635,9.75043748e+02,1.89717490e-03,9.22094455e-04
0.066729,9.78304402e+02,1.89913666e-03,9.22538282e-04
0.067822,9.81627980e+02,1.89642395e-03,9.22435544e-04
0.068916,9.85013545e+02,1.89512340e-03,9.21869865e-04
0.070010,9.88458833e+02,1.89578791e-03,9.20804495e-04
0.071104,9.91960516e+02,1.89627292e-03,9.19189805e-04
0.072198,9.95515448e+02,1.89280665e-03,9.16971884e-04
0.073292,9.99121340e+02,1.88359980e-03,9.14179603e-04
0.074386,1.00277625e+03,1.87690921e-03,9.11006742e-04
0.075480,1.00647774e+03,1.86956124e-03,9.07401501e-04
0.076574,1.01022282e+03,1.86232731e-03,9.03352097e-04
0.077668,1.01400846e+03,1.85074158e-03,8.98778293e-04
0.078762,1.01783165e+03,1.84368810e-03,8.93926761e-04
0.079855,1.02168860e+03,1.83373867e-03,8.88593530e-04
0.080949,1.02557532e+03,1.82472920e-03,8.82883141e-04
0.082043,1.02948800e+03,1.80994114e-03,8.76645556e-04
0.083137,1.03342321e+03,1.79864358e-03,8.70153754e-04
0.084231,1.03737758e+03,1.78339165e-03,8.63262567e-04
0.085325,1.04134760e+03,1.77036080e-03,8.56106412e-04
0.086419,1.04532947e+03,1.75416009e-03,8.48556682e-04
0.087513,1.04931930e+03,1.73906285e-03,8.40740417e-04
0.088607,1.05331387e+03,1.71818735e-03,8.32545042e-04
0.089701,1.05730986e+03,1.70546522e-03,8.24306501e-04
0.090795,1.06130278e+03,1.68816958e-03,8.15680795e-04
0.091889,1.06528857e+03,1.67176511e-03,8.06826539e-04
0.092982,1.06926318e+03,1.65124152e-03,7.97640621e-04
0.094076,1.07322346e+03,1.62853709e-03,7.88242092e-04
0.095170,1.07716664e+03,1.61159647e-03,7.78847839e-04
0.096264,1.08108838e+03,1.59088499e-03,7.69133297e-04
0.097358,1.08498535e+03,1.57032454e-03,7.59302996e-04
0.098452,1.08885410e+03,1.55086761e-03,7.49343712e-04
0.099546,1.09269086e+03,1.52929413e-03,7.39189964e-04
0.100640,1.09649236e+03,1.50734891e-03,7.28913847e-04
0.101734,1.10025502e+03,1.48540937e-03,7.18515957e-04
0.102828,1.10397552e+03,1.46728383e-03,7.08114249e-04
0.103922,1.10765025e+03,1.44139939e-03,6.97432005e-04
0.105015,1.11127674e+03,1.41752355e-03,6.86756284e-04
0.106109,1.11485228e+03,1.39328647e-03,6.76028657e-04
0.107203,1.11837283e+03,1.37537375e-03,6.65303105e-04
0.108297,1.12183519e+03,1.35300903e-03,6.54469778e-04
0.109391,1.12523641e+03,1.33247594e-03,6.43622799e-04
0.110485,1.12857318e+03,1.30735855e-03,6.32623683e-04
0.111579,1.13184286e+03,1.28781847e-03,6.21733212e-04
0.112673,1.13504192e+03,1.26417545e-03,6.10702191e-04
0.113767,1.13816756e+03,1.24194179e-03,5.99697533e-04
0.114861,1.14121711e+03,1.21928310e-03,5.88682327e-04
0.115955,1.14418779e+03,1.19682642e-03,5.77668739e-04
0.117048,1.14707702e+03,1.17241864e-03,5.66631724e-04
0.118142,1.14988258e+03,1.14859097e-03,5.55633510e-04
0.119236,1.15260240e+03,1.12585400e-03,5.44691905e-04
0.120330,1.15523375e+03,1.10529453e-03,5.33794521e-04
0.121424,1.15777403e+03,1.08185396e-03,5.22883106e-04
0.122518,1.16022090e+03,1.05979155e-03,5.12024503e-04
0.123612,1.16257220e+03,1.03684171e-03,5.01203535e-04
0.124706,1.16482595e+03,1.01451681e-03,4.90442335e-04
0.125800,1.16697985e+03,9.93987486e-04,4.79759034e-04
0.126894,1.16903152e+03,9.72229262e-04,4.69089265e-04
0.127988,1.17097877e+03,9.52975817e-04,4.58522349e-04
0.129081,1.17281935e+03,9.31131763e-04,4.47959734e-04
0.130175,1.17455151e+03,9.08130326e-04,4.37455327e-04
0.131269,1.17617380e+03,8.86850405e-04,4.27061234e-04
0.132363,1.17768446e+03,8.65328618e-04,4.16735676e-04
0.133457,1.17908190e+03,8.43497689e-04,4.06493093e-04
0.134551,1.18036465e+03,8.22252427e-04,3.96350752e-04
0.135645,1.18153124e+03,8.02072604e-04,3.86303956e-04
0.136739,1.18258022e+03,7.80208382e-04,3.76333741e-04
0.137833,1.18351039e+03,7.60103675e-04,3.66483557e-04
0.138927,1.18432023e+03,7.41067364e-04,3.56739045e-04
0.140021,1.18500847e+03,7.20040263e-04,3.47072688e-04
0.141114,1.18557406e+03,7.00239768e-04,3.37528243e-04
0.142208,1.18601584e+03,6.80077239e-04,3.28075150e-04
0.143302,1.18633283e+03,6.60375251e-04,3.18745651e-04
0.144396,1.18652396e+03,6.42027897e-04,3.09542568e-04
0.145490,1.18658819e+03,6.23161769e-04,3.00444713e-04
0.146584,1.18652455e+03,6.04795519e-04,2.91465683e-04
0.147678,1.18633212e+03,5.87295770e-04,2.82614295e-04
0.148772,1.18600994e+03,5.69280047e-04,2.73858678e-04
0.149866,1.18555733e+03,5.50555534e-04,2.65225248e-04
0.150960,1.18497363e+03,5.33624369e-04,2.56735528e-04
0.152054,1.18425814e+03,5.16474146e-04,2.48371383e-04
0.153148,1.18341041e+03,4.98326076e-04,2.40117854e-04
0.154241,1.18242999e+03,4.81282750e-04,2.32008528e-04
0.155335,1.18131644e+03,4.64019353e-04,2.24027919e-04
0.156429,1.18006941e+03,4.48482858e-04,2.16206833e-04
0.157523,1.17868849e+03,4.32620129e-04,2.08513516e-04
0.158617,1.17717337e+03,4.17251090e-04,2.00953972e-04
0.159711,1.17552378e+03,4.01000804e-04,1.93519374e-04
0.160805,1.17373959e+03,3.86286379e-04,1.86244455e-04
0.161899,1.17182059e+03,3.71599885e-04,1.79110137e-04
0.162993,1.16976667e+03,3.57415129e-04,1.72123114e-04
0.164087,1.16757772e+03,3.43631183e-04,1.65285834e-04
0.165181,1.16525373e+03,3.29910340e-04,1.58593572e-04
0.166274,1.16279486e+03,3.16218706e-04,1.52048534e-04
0.167368,1.16020133e+03,3.02418837e-04,1.45643378e-04
0.168462,1.15747337e+03,2.89020522e-04,1.39402824e-04
0.169556,1.15461132e+03,2.76121252e-04,1.33325642e-04
0.170650,1.15161554e+03,2.63618432e-04,1.27413448e-04
0.171744,1.14848650e+03,2.51737951e-04,1.21670730e-04
0.172838,1.14522469e+03,2.39964047e-04,1.16092214e-04
0.173932,1.14183062e+03,2.28565195e-04,1.10689561e-04
0.175026,1.13830484e+03,2.17994053e-04,1.05475921e-04
0.176120,1.13464799e+03,2.06723664e-04,1.00427867e-04
0.177214,1.13086078e+03,1.97377519e-04,9.56014872e-05
0.178307,1.12694401e+03,1.87029236e-04,9.09451777e-05
0.179401,1.12289856e+03,1.78281390e-04,8.65281628e-05
0.180495,1.11872532e+03,1.69238999e-04,8.23140829e-05
0.181589,1.11442528e+03,1.61017585e-04,7.83428208e-05
0.182683,1.10999950e+03,1.52799286e-04,7.46138345e-05
0.183777,1.10544909e+03,1.45516624e-04,7.11532452e-05
0.184871,1.10077525e+03,1.39266354e-04,6.79758668e-05
0.185965,1.09597927e+03,1.33383407e-04,6.51015365e-05
0.187059,1.09106249e+03,1.28878814e-04,6.25434369e-05
0.188153,1.08602637e+03,1.24572399e-04,6.03105209e-05
0.189247,1.08087239e+03,1.20970484e-04,5.84322504e-05
0.190340,1.07560211e+03,1.18396474e-04,5.69242926e-05
0.191434,1.07021715e+03,1.16684853e-04,5.57880382e-05
0.192528,1.06471924e+03,1.15886116e-04,5.50378012e-05
0.193622,1.05911015e+03,1.16269429e-04,5.46555468e-05
0.194716,1.05339175e+03,1.16660489e-04,5.46413304e-05
0.195810,1.04756595e+03,1.18217788e-04,5.49780043e-05
0.196904,1.04163475e+03,1.20533375e-04,5.56435802e-05
0.197998,1.03560024e+03,1.23516554e-04,5.66073362e-05
0.199092,1.02946461e+03,1.26620127e-04,5.78541357e-05
0.200186,1.02323007e+03,1.30464075e-04,5.93407445e-05
0.201280,1.01689893e+03,1.34528648e-04,6.10408139e-05
0.202373,1.01047360e+03,1.39217062e-04,6.29357815e-05
0.203467,1.00395651e+03,1.44096254e-04,6.49918113e-05
0.204561,9.97350253e+02,1.49215837e-04,6.71768932e-05
0.205655,9.90657480e+02,1.54333852e-04,6.94819464e-05
0.206749,9.83880879e+02,1.59806293e-04,7.18875027e-05
0.207843,9.77023174e+02,1.65099875e-04,7.43789127e-05
0.208937,9.70087155e+02,1.71159616e-04,7.69355861e-05
0.210031,9.63075830e+02,1.77190934e-04,7.95302921e-05
0.211125,9.55992278e+02,1.82566143e-04,8.21545153e-05
0.212219,9.48839595e+02,1.88532592e-04,8.48191071e-05
0.213313,9.41621012e+02,1.94483906e-04,8.75046469e-05
0.214407,9.34339780e+02,2.00103368e-04,9.01919179e-05
0.215500,9.26999246e+02,2.06148672e-04,9.28938142e-05
0.216594,9.19602919e+02,2.12272551e-04,9.56008829e-05
0.217688,9.12154271e+02,2.18294456e-04,9.82999262e-05
0.218782,9.04656907e+02,2.24263566e-04,1.00983889e-04
0.219876,8.97114552e+02,2.30153461e-04,1.03649855e-04
0.220970,8.89530963e+02,2.35768658e-04,1.06288059e-04
0.222064,8.81909919e+02,2.41745113e-04,1.08917483e-04
0.223158,8.74255351e+02,2.47396417e-04,1.11509700e-04
0.224252,8.66571208e+02,2.52701700e-04,1.14059007e-04
0.225346,8.58861515e+02,2.58154254e-04,1.16585168e-04
0.226440,8.51130404e+02,2.63513703e-04,1.19074559e-04
0.227533,8.43381964e+02,2.69016559e-04,1.21534027e-04
0.228627,8.35620295e+02,2.74382930e-04,1.23951289e-04
0.229721,8.27849593e+02,2.79544944e-04,1.26322687e-04
0.230815,8.20074157e+02,2.84461244e-04,1.28646385e-04
0.231909,8.12298375e+02,2.89587989e-04,1.30939998e-04
0.233003,8.04526731e+02,2.94792020e-04,1.33194360e-04
0.234097,7.96763732e+02,2.99877357e-04,1.35399972e-04
0.235191,7.89013940e+02,3.04519235e-04,1.37545698e-04
0.236285,7.81281824e+02,3.09393616e-04,1.39644332e-04
0.237379,7.73571885e+02,3.13656665e-04,1.41698990e-04
0.238473,7.65889032e+02,3.17876088e-04,1.43690047e-04
0.239566,7.58237841e+02,3.22376232e-04,1.45641134e-04
0.240660,7.50622959e+02,3.26467304e-04,1.47553824e-04
0.241754,7.43049336e+02,3.30463824e-04,1.49417285e-04
0.242848,7.35521751e+02,3.34492257e-04,1.51223025e-04
0.243942,7.28044869e+02,3.38936217e-04,1.52999205e-04
0.245036,7.20623417e+02,3.42711051e-04,1.54709300e-04
0.246130,7.13262260e+02,3.45988854e-04,1.56385271e-04
0.247224,7.05966173e+02,3.50064533e-04,1.58008570e-04
0.248318,6.98739782e+02,3.54110455e-04,1.59586000e-04
0.249412,6.91587407e+02,3.58104439e-04,1.61109928e-04
0.250506,6.84513463e+02,3.61455822e-04,1.62595707e-04
0.251599,6.77522629e+02,3.65051140e-04,1.64036541e-04
0.252693,6.70619463e+02,3.68214653e-04,1.65443642e-04
0.253787,6.63808396e+02,3.72253929e-04,1.66790750e-04
0.254881,6.57093198e+02,3.75141305e-04,1.68116057e-04
0.255975,6.50478539e+02,3.77547972e-04,1.69418825e-04
0.257069,6.43969119e+02,3.79969090e-04,1.70672516e-04
0.258163,6.37569400e+02,3.83056283e-04,1.71905097e-04
0.259257,6.31283264e+02,3.85943728e-04,1.73098910e-04
0.260351,6.25114489e+02,3.89128724e-04,1.74256864e-04
0.261445,6.19066657e+02,3.91883834e-04,1.75397511e-04
0.262539,6.13143419e+02,3.94317855e-04,1.76515983e-04
0.263632,6.07347923e+02,3.98222105e-04,1.77560299e-04
0.264726,6.01683006e+02,3.99483293e-04,1.78635019e-04
0.265820,5.96152218e+02,4.02634019e-04,1.79661495e-04
0.266914,5.90758169e+02,4.04610422e-04,1.80665886e-04
0.268008,5.85503766e+02,4.07201465e-04,1.81655041e-04
0.269102,5.80391435e+02,4.09560853e-04,1.82613925e-04
0.270196,5.75423335e+02,4.11466158e-04,1.83538665e-04
0.271290,5.70601258e+02,4.14454174e-04,1.84425054e-04
0.272384,5.65926724e+02,4.16363616e-04,1.85285955e-04
0.273478,5.61401288e+02,4.17941550e-04,1.86125153e-04
0.274572,5.57026137e+02,4.20541252e-04,1.86911449e-04
0.275666,5.52802215e+02,4.20319705e-04,1.87689465e-04
0.276759,5.48730979e+02,4.21558294e-04,1.88429994e-04
0.277853,5.44812732e+02,4.24253022e-04,1.89086506e-04
0.278947,5.41047203e+02,4.26260925e-04,1.89691206e-04
0.280041,5.37434557e+02,4.24380008e-04,1.90296415e-04
0.281135,5.33975021e+02,4.25812249e-04,1.90796937e-04
0.282229,5.30667831e+02,4.27577756e-04,1.91220363e-04
0.283323,5.27511621e+02,4.28774187e-04,1.91551419e-04
0.284417,5.24505004e+02,4.29379615e-04,1.91800261e-04
0.285511,5.21646642e+02,4.29199185e-04,1.91976825e-04
0.286605,5.18934714e+02,4.28499060e-04,1.92031016e-04
0.287699,5.16367408e+02,4.27629134e-04,1.91970892e-04
0.288792,5.13943126e+02,4.24940311e-04,1.91843563e-04
0.289886,5.11659992e+02,4.23752831e-04,1.91599056e-04
0.290980,5.09514984e+02,4.23967418e-04,1.91181551e-04
0.292074,5.07505107e+02,4.20509842e-04,1.90641476e-04
0.293168,5.05627301e+02,4.21161086e-04,1.89919413e-04
0.294262,5.03877359e+02,4.20064471e-04,1.89014226e-04
0.295356,5.02251568e+02,4.17408090e-04,1.87962630e-04
0.296450,5.00746278e+02,4.13141966e-04,1.86755799e-04
0.297544,4.99358281e+02,4.09121634e-04,1.85392284e-04
0.298638,4.98083986e+02,4.04797441e-04,1.83877542e-04
0.299732,4.96919455e+02,3.99695804e-04,1.82170782e-04
0.300825,4.95860701e+02,3.97107732e-04,1.80284964e-04
0.301919,4.94902831e+02,3.92158640e-04,1.78210589e-04
0.303013,4.94041248e+02,3.88450120e-04,1.75962836e-04
0.304107,4.93271606e+02,3.79980370e-04,1.73528279e-04
0.305201,4.92589954e+02,3.74549350e-04,1.70949636e-04
0.306295,4.91991859e+02,3.68330667e-04,1.68183889e-04
0.307389,4.91473063e+02,3.60633613e-04,1.65258284e-04
0.308483,4.91028930e+02,3.55708348e-04,1.62167406e-04
0.309577,4.90654516e+02,3.47933088e-04,1.58895818e-04
0.310671,4.90345560e+02,3.39275024e-04,1.55488104e-04
0.311765,4.90097336e+02,3.33281695e-04,1.51945771e-04
0.312858,4.89904862e+02,3.25696080e-04,1.48232240e-04
0.313952,4.89763541e+02,3.16972657e-04,1.44385684e-04
0.315046,4.89669000e+02,3.09126573e-04,1.40438215e-04
0.316140,4.89616844e+02,2.99049006e-04,1.36360076e-04
0.317234,4.89602977e+02,2.90769802e-04,1.32215460e-04
0.318328,4.89623001e+02,2.82197156e-04,1.27984756e-04
0.319422,4.89672423e+02,2.73821151e-04,1.23674020e-04
0.320516,4.89747019e+02,2.63476946e-04,1.19292302e-04
0.321610,4.89843070e+02,2.53299680e-04,1.14875635e-04
0.322704,4.89956603e+02,2.44782373e-04,1.10448423e-04
0.323798,4.90083493e+02,2.36025233e-04,1.06013852e-04
0.324891,4.90219874e+02,2.27016336e-04,1.01579499e-04
0.325985,4.90361926e+02,2.17103221e-04,9.71484189e-05
0.327079,4.90506028e+02,2.08086427e-04,9.27793184e-05
0.328173,4.90648545e+02,1.99291953e-04,8.84771195e-05
0.329267,4.90785924e+02,1.90047968e-04,8.42475806e-05
0.330361,4.90914723e+02,1.82102017e-04,8.01580055e-05
0.331455,4.91031579e+02,1.73042584e-04,7.61678539e-05
0.332549,4.91133398e+02,1.65170606e-04,7.23687986e-05
0.333643,4.91217019e+02,1.57224750e-04,6.87471814e-05
0.334737,4.91279476e+02,1.49676325e-04,6.53488087e-05
0.335831,4.91317936e+02,1.43040722e-04,6.22148551e-05
0.336925,4.91329471e+02,1.36898928e-04,5.93632567e-05
0.338018,4.91311378e+02,1.30928786e-04,5.68112486e-05
0.339112,4.91261035e+02,1.26531459e-04,5.46168565e-05
0.340206,4.91175732e+02,1.22240755e-04,5.27763245e-05
0.341300,4.91053003e+02,1.19136734e-04,5.13182699e-05
0.342394,4.90890375e+02,1.16482435e-04,5.02457500e-05
0.343488,4.90685514e+02,1.14489207e-04,4.95602856e-05
0.344582,4.90436237e+02,1.13612627e-04,4.92497344e-05
0.345676,4.90140445e+02,1.13360958e-04,4.92981380e-05
0.346770,4.89796107e+02,1.13759845e-04,4.96786656e-05
0.347864,4.89401367e+02,1.14939585e-04,5.03698746e-05
0.348958,4.88954536e+02,1.16856335e-04,5.13272413e-05
0.350051,4.88453964e+02,1.19492565e-04,5.24958777e-05
0.351145,4.87898075e+02,1.22558691e-04,5.38778288e-05
0.352239,4.87285440e+02,1.26156017e-04,5.54289848e-05
0.353333,4.86614792e+02,1.30291909e-04,5.71478059e-05
0.354427,4.85884983e+02,1.34233352e-04,5.89623402e-05
0.355521,4.85094936e+02,1.38874673e-04,6.09328026e-05
0.356615,4.84243777e+02,1.43534257e-04,6.29964651e-05
0.357709,4.83330784e+02,1.49012400e-04,6.52016774e-05
0.358803,4.82355439e+02,1.54508478e-04,6.74777405e-05
0.359897,4.81317351e+02,1.60106130e-04,6.98642688e-05
0.360991,4.80216291e+02,1.65987091e-04,7.23540886e-05
0.362084,4.79052197e+02,1.72216001e-04,7.49605382e-05
0.363178,4.77825216e+02,1.78566590e-04,7.76645055e-05
0.364272,4.76535689e+02,1.85149530e-04,8.04826062e-05
0.365366,4.75184140e+02,1.91982435e-04,8.34248473e-05
0.366460,4.73771284e+02,1.99160280e-04,8.65035794e-05
0.367554,4.72298054e+02,2.06407771e-04,8.96887430e-05
0.368648,4.70765504e+02,2.13849225e-04,9.29979084e-05
0.369742,4.69174906e+02,2.21870213e-04,9.64895016e-05
0.370836,4.67527750e+02,2.29798969e-04,1.00074821e-04
0.371930,4.65825724e+02,2.38086270e-04,1.03807652e-04
0.373024,4.64070768e+02,2.46711673e-04,1.07723854e-04
0.374117,4.62265011e+02,2.55612231e-04,1.11755692e-04
0.375211,4.60410701e+02,2.64848721e-04,1.15942589e-04
0.376305,4.58510307e+02,2.74283482e-04,1.20284302e-04
0.377399,4.56566525e+02,2.84105453e-04,1.24795564e-04
0.378493,4.54582240e+02,2.93983898e-04,1.29461416e-04
0.379587,4.52560634e+02,3.04389704e-04,1.34338745e-04
0.380681,4.50505067e+02,3.15287512e-04,1.39366070e-04
0.381775,4.48419033e+02,3.26018013e-04,1.44558077e-04
0.382869,4.46306205e+02,3.37522720e-04,1.49942633e-04
0.383963,4.44170423e+02,3.49158081e-04,1.55476540e-04
0.385057,4.42015743e+02,3.61411450e-04,1.61228229e-04
0.386150,4.39846286e+02,3.73608666e-04,1.67123976e-04
0.387244,4.37666343e+02,3.86527028e-04,1.73285076e-04
0.388338,4.35480382e+02,4.00057238e-04,1.79602515e-04
0.389432,4.33292937e+02,4.13634617e-04,1.86157399e-04
0.390526,4.31108764e+02,4.27648520e-04,1.92895202e-04
0.391620,4.28932751e+02,4.41379458e-04,1.99854379e-04
0.392714,4.26770022e+02,4.56077021e-04,2.07045941e-04
0.393808,4.24625651e+02,4.71483923e-04,2.14446401e-04
0.394902,4.22504686e+02,4.86450057e-04,2.22106422e-04
0.395996,4.20412305e+02,5.03292167e-04,2.29916161e-04
0.397090,4.18353459e+02,5.19474875e-04,2.38014003e-04
0.398184,4.16333321e+02,5.36376490e-04,2.46290740e-04
0.399277,4.14356816e+02,5.54246372e-04,2.54844246e-04
0.400371,4.12428808e+02,5.72794578e-04,2.63608358e-04
0.401465,4.10554300e+02,5.89933952e-04,2.72623636e-04
0.402559,4.08738430e+02,6.09790889e-04,2.81780168e-04
0.403653,4.06985502e+02,6.27584660e-04,2.91247918e-04
0.404747,4.05300550e+02,6.45881892e-04,3.00893916e-04
0.405841,4.03687849e+02,6.68716740e-04,3.10659567e-04
0.406935,4.02150632e+02,6.89757754e-04,3.20590038e-04
0.408029,4.00692493e+02,7.10358475e-04,3.30617920e-04
0.409123,3.99316953e+02,7.28956917e-04,3.40778352e-04
0.410217,3.98027590e+02,7.49265691e-04,3.51055925e-04
0.411310,3.96827404e+02,7.71888440e-04,3.61394450e-04
0.412404,3.95718503e+02,7.93524209e-04,3.71720731e-04
0.413498,3.94702709e+02,8.16763567e-04,3.82018516e-04
0.414592,3.93781560e+02,8.35493861e-04,3.92266788e-04
0.415686,3.92956252e+02,8.59716400e-04,4.02381241e-04
0.416780,3.92226914e+02,8.76717474e-04,4.12284162e-04
0.417874,3.91593661e+02,9.01578702e-04,4.22065041e-04
0.418968,3.91056112e+02,9.16474661e-04,4.31446646e-04
0.420062,3.90614560e+02,9.34663136e-04,4.40600569e-04
0.421156,3.90267404e+02,9.57073739e-04,4.49429962e-04
0.422250,3.90012906e+02,9.72380751e-04,4.57695014e-04
0.423343,3.89849772e+02,9.87477324e-04,4.65547879e-04
0.424437,3.89776239e+02,1.00350739e-03,4.72929815e-04
0.425531,3.89789633e+02,1.01583303e-03,4.79661181e-04
0.426625,3.89887488e+02,1.02780025e-03,4.85799775e-04
0.427719,3.90065542e+02,1.04322054e-03,4.91239982e-04
0.428813,3.90318921e+02,1.05135566e-03,4.95763103e-04
0.429907,3.90643182e+02,1.05675829e-03,4.99407832e-04
0.431001,3.91033994e+02,1.06917968e-03,5.02381918e-04
0.432095,3.91484951e+02,1.08051071e-03,5.04373633e-04
0.433189,3.91988716e+02,1.07634641e-03,5.04993526e-04
0.434283,3.92541754e+02,1.06459547e-03,5.04660698e-04
0.435376,3.93141484e+02,1.06462069e-03,5.03772597e-04
0.436470,3.93780688e+02,1.06424106e-03,5.01678018e-04
0.437564,3.94453252e+02,1.05503984e-03,4.98424070e-04
0.438658,3.95153935e+02,1.04618464e-03,4.94195443e-04
0.439752,3.95876383e+02,1.03413130e-03,4.88804740e-04
0.440846,3.96614422e+02,1.01924789e-03,4.82330279e-04
0.441940,3.97361291e+02,1.00979368e-03,4.74859614e-04
0.443034,3.98108504e+02,9.89763872e-04,4.65977218e-04
0.444128,3.98850954e+02,9.73520235e-04,4.56276650e-04
0.445222,3.99582503e+02,9.42100456e-04,4.45251249e-04
0.446316,4.00297685e+02,9.20314537e-04,4.33461031e-04
0.447409,4.00990032e+02,8.93928330e-04,4.20657625e-04
0.448503,4.01652490e+02,8.68372582e-04,4.06898768e-04
0.449597,4.02277972e+02,8.36903655e-04,3.92111152e-04
0.450691,4.02860842e+02,8.06984324e-04,3.76612207e-04
0.451785,4.03395170e+02,7.67999973e-04,3.60175024e-04
0.452879,4.03875578e+02,7.31561496e-04,3.43163155e-04
0.453973,4.04295886e+02,7.00696795e-04,3.25653805e-04
0.455067,4.04649555e+02,6.62733698e-04,3.07483469e-04
0.456161,4.04930831e+02,6.24744480e-04,2.88905334e-04
0.457255,4.05134013e+02,5.89292073e-04,2.70106514e-04
0.458349,4.05252985e+02,5.53070321e-04,2.51090983e-04
0.459443,4.05281940e+02,5.11411193e-04,2.31910888e-04
0.460536,4.05216182e+02,4.72427815e-04,2.12893020e-04
0.461630,4.05050705e+02,4.35184052e-04,1.94137967e-04
0.462724,4.04780214e+02,3.97495164e-04,1.75732206e-04
0.463818,4.04399668e+02,3.60731602e-04,1.57873343e-04
0.464912,4.03904285e+02,3.25368678e-04,1.40698142e-04
0.466006,4.03289387e+02,2.90139718e-04,1.24335211e-04
0.467100,4.02550613e+02,2.59130625e-04,1.09003513e-04
0.468194,4.01683463e+02,2.27521476e-04,9.46659939e-05
0.469288,4.00683856e+02,1.99302548e-04,8.15286907e-05
0.470382,3.99547718e+02,1.72547788e-04,6.95769870e-05
0.471476,3.98271313e+02,1.46859657e-04,5.88391017e-05
0.472569,3.96851187e+02,1.25909942e-04,4.94101067e-05
0.473663,3.95283759e+02,1.05877016e-04,4.11537929e-05
0.474757,3.93565916e+02,8.87014327e-05,3.40917030e-05
0.475851,3.91694779e+02,7.42407040e-05,2.81733158e-05
0.476945,3.89667834e+02,6.12367897e-05,2.33230125e-05
0.478039,3.87483081e+02,5.07180006e-05,1.95447733e-05
0.479133,3.85138916e+02,4.21600246e-05,1.68175782e-05
0.480227,3.82634271e+02,3.65180574e-05,1.51474985e-05
0.481321,3.79968662e+02,3.34415468e-05,1.44782590e-05
0.482415,3.77142247e+02,3.27724190e-05,1.47043747e-05
0.483509,3.74155829e+02,3.48108621e-05,1.56703743e-05
0.484602,3.71010910e+02,3.82712360e-05,1.72258615e-05
0.485696,3.67709699e+02,4.33383143e-05,1.92440531e-05
0.486790,3.64255130e+02,4.91891969e-05,2.16546259e-05
0.487884,3.60650860e+02,5.54885516e-05,2.43899753e-05
0.488978,3.56901270e+02,6.24135373e-05,2.74210036e-05
0.490072,3.53011453e+02,6.98231498e-05,3.07069896e-05
0.491166,3.48987206e+02,7.77753800e-05,3.42257534e-05
0.492260,3.44835007e+02,8.62080315e-05,3.79434173e-05
0.493354,3.40561997e+02,9.50749866e-05,4.18488645e-05
0.494448,3.36175932e+02,1.04242357e-04,4.59028321e-05
0.495542,3.31685181e+02,1.13721285e-04,5.00881393e-05
0.496635,3.27098693e+02,1.23510385e-04,5.43966486e-05
0.497729,3.22425904e+02,1.33656909e-04,5.88205883e-05
0.498823,3.17676761e+02,1.44099026e-04,6.33505815e-05
0.499917,3.12861744e+02,1.54723285e-04,6.79731476e-05
0.501011,3.07991781e+02,1.65534784e-04,7.26745818e-05
0.502105,3.03078165e+02,1.76730024e-04,7.75000574e-05
0.503199,2.98132595e+02,1.87991477e-04,8.23648301e-05
0.504293,2.93167006e+02,1.99402678e-04,8.73152429e-05
0.505387,2.88193719e+02,2.10838229e-04,9.23234685e-05
0.506481,2.83225212e+02,2.22458712e-04,9.73737973e-05
0.507575,2.78274384e+02,2.33678674e-04,1.02526864e-04
0.508668,2.73354481e+02,2.45245874e-04,1.07686226e-04
0.509762,2.68478554e+02,2.56348323e-04,1.12909995e-04
0.510856,2.63660086e+02,2.67817798e-04,1.18205199e-04
0.511950,2.58912109e+02,2.80766042e-04,1.23456822e-04
0.513044,2.54247193e+02,2.91940809e-04,1.28797257e-04
0.514138,2.49678717e+02,3.02269166e-04,1.34235221e-04
0.515232,2.45219794e+02,3.14393806e-04,1.39666548e-04
0.516326,2.40881901e+02,3.28112102e-04,1.45051855e-04
0.517420,2.36676654e+02,3.38877097e-04,1.50554699e-04
0.518514,2.32615879e+02,3.49102787e-04,1.56092870e-04
0.519608,2.28710377e+02,3.63213193e-04,1.61532850e-04
0.520702,2.24969576e+02,3.73668621e-04,1.66984391e-04
0.521795,2.21402600e+02,3.86436861e-04,1.72305770e-04
0.522889,2.18018163e+02,3.97044695e-04,1.77587857e-04
0.523983,2.14823667e+02,4.05314014e-04,1.82734976e-04
0.525077,2.11825331e+02,4.17070836e-04,1.87574580e-04
0.526171,2.09028057e+02,4.27982209e-04,1.92122916e-04
0.527265,2.06435687e+02,4.36357978e-04,1.96332444e-04
0.528359,2.04050744e+02,4.45626429e-04,2.00052624e-04
0.529453,2.01874187e+02,4.49599035e-04,2.03296307e-04
0.530547,1.99906639e+02,4.57509207e-04,2.05895105e-04
0.531641,1.98146066e+02,4.60808240e-04,2.07798341e-04
0.532735,1.96591889e+02,4.59816243e-04,2.09171392e-04
0.533828,1.95241687e+02,4.61331694e-04,2.09720255e-04
0.534922,1.94090292e+02,4.62713617e-04,2.09356663e-04
0.536016,1.93131925e+02,4.58693892e-04,2.08169208e-04
0.537110,1.92360757e+02,4.55026060e-04,2.06097230e-04
0.538204,1.91770259e+02,4.44729853e-04,2.03228047e-04
0.539298,1.91354045e+02,4.34786014e-04,1.99530993e-04
0.540392,1.91105296e+02,4.21970685e-04,1.95075144e-04
0.541486,1.91016239e+02,4.11054490e-04,1.89798821e-04
0.542580,1.91078095e+02,3.96861207e-04,1.83762005e-04
0.543674,1.91282617e+02,3.81053158e-04,1.77061989e-04
0.544768,1.91621431e+02,3.62911540e-04,1.69746325e-04
0.545861,1.92086515e+02,3.46503329e-04,1.61910517e-04
0.546955,1.92668578e+02,3.32021995e-04,1.53550792e-04
0.548049,1.93358063e+02,3.12562720e-04,1.44739604e-04
0.549143,1.94146948e+02,2.92882807e-04,1.35639930e-04
0.550237,1.95027389e+02,2.72633439e-04,1.26312120e-04
0.551331,1.95991765e+02,2.51375960e-04,1.16832282e-04
0.552425,1.97032912e+02,2.31075340e-04,1.07307749e-04
0.553519,1.98143864e+02,2.10770966e-04,9.77995427e-05
0.554613,1.99317748e+02,1.92112110e-04,8.83974633e-05
0.555707,2.00547926e+02,1.72834083e-04,7.91381015e-05
0.556801,2.01828411e+02,1.53599443e-04,7.01055262e-05
0.557894,2.03153458e+02,1.35763777e-04,6.13995743e-05
0.558988,2.04517489e+02,1.18517767e-04,5.30663520e-05
0.560082,2.05915174e+02,1.03883729e-04,4.52530122e-05
0.561176,2.07341356e+02,8.85827122e-05,3.79455012e-05
0.562270,2.08791302e+02,7.58993512e-05,3.13957913e-05
0.563364,2.10260518e+02,6.48203935e-05,2.57648486e-05
0.564458,2.11744712e+02,5.64242935e-05,2.14161984e-05
0.565552,2.13239774e+02,5.12653373e-05,1.87719350e-05
0.566646,2.14741857e+02,4.93685748e-05,1.81264012e-05
0.567740,2.16247254e+02,5.09672010e-05,1.92916239e-05
0.568834,2.17752372e+02,5.50930547e-05,2.17108661e-05
0.569927,2.19253885e+02,6.06510944e-05,2.47564418e-05
0.571021,2.20748534e+02,6.69923182e-05,2.80762861e-05
0.572115,2.22233265e+02,7.44085390e-05,3.15148060e-05
0.573209,2.23705252e+02,8.16820464e-05,3.49106883e-05
0.574303,2.25161804e+02,8.87544738e-05,3.82285485e-05
0.575397,2.26600352e+02,9.58541535e-05,4.14630375e-05
0.576491,2.28018548e+02,1.02982462e-04,4.46493007e-05
0.577585,2.29414264e+02,1.10206325e-04,4.78009491e-05
0.578679,2.30785561e+02,1.17125634e-04,5.08850860e-05
0.579773,2.32130682e+02,1.24130231e-04,5.39559537e-05
0.580867,2.33448081e+02,1.30907123e-04,5.69896102e-05
0.581961,2.34736409e+02,1.37767175e-04,6.00353730e-05
0.583054,2.35994491e+02,1.44615458e-04,6.30871809e-05
0.584148,2.37221352e+02,1.51219188e-04,6.61092278e-05
0.585242,2.38416158e+02,1.57916774e-04,6.91455595e-05
0.586336,2.39578266e+02,1.64706647e-04,7.22147742e-05
0.587430,2.40707206e+02,1.71167908e-04,7.52300343e-05
0.588524,2.41802641e+02,1.77677251e-04,7.82567519e-05
0.589618,2.42864385e+02,1.83977565e-04,8.12382297e-05
0.590712,2.43892395e+02,1.90452529e-04,8.42562595e-05
0.591806,2.44886774e+02,1.96554638e-04,8.71895256e-05
0.592900,2.45847747e+02,2.02748245e-04,9.01315986e-05
0.593994,2.46775648e+02,2.08733686e-04,9.30121169e-05
0.595087,2.47670916e+02,2.14663416e-04,9.58559135e-05
0.596181,2.48534067e+02,2.20422877e-04,9.86459465e-05
0.597275,2.49365705e+02,2.26171412e-04,1.01396879e-04
0.598369,2.50166528e+02,2.31694046e-04,1.04085333e-04
0.599463,2.50937309e+02,2.37147397e-04,1.06716682e-04
0.600557,2.51678900e+02,2.42532565e-04,1.09297082e-04
0.601651,2.52392164e+02,2.47603094e-04,1.11781375e-04
0.602745,2.53078055e+02,2.52641935e-04,1.14231267e-04
0.603839,2.53737556e+02,2.57568862e-04,1.16604305e-04
0.604933,2.54371672e+02,2.62366456e-04,1.18917841e-04
0.606027,2.54981476e+02,2.66920179e-04,1.21164177e-04
0.607120,2.55568099e+02,2.71472394e-04,1.23344169e-04
0.608214,2.56132645e+02,2.75848621e-04,1.25444949e-04
0.609308,2.56676220e+02,2.80060618e-04,1.27470729e-04
0.610402,2.57199972e+02,2.84283095e-04,1.29425235e-04
0.611496,2.57705006e+02,2.88217708e-04,1.31353710e-04
0.612590,2.58192551e+02,2.92031741e-04,1.33165198e-04
0.613684,2.58663739e+02,2.95611950e-04,1.34908331e-04
0.614778,2.59119732e+02,2.99025834e-04,1.36594504e-04
0.615872,2.59561690e+02,3.02565158e-04,1.38229585e-04
0.616966,2.59990719e+02,3.05887643e-04,1.39774660e-04
0.618060,2.60407959e+02,3.08814608e-04,1.41260537e-04
0.619153,2.60814570e+02,3.11955424e-04,1.42670312e-04
0.620247,2.61211567e+02,3.14812462e-04,1.43993999e-04
0.621341,2.61600002e+02,3.17481465e-04,1.45287644e-04
0.622435,2.61980990e+02,3.20062908e-04,1.46500109e-04
0.623529,2.62355581e+02,3.22321432e-04,1.47689675e-04
0.624623,2.62724771e+02,3.25073623e-04,1.48753173e-04
0.625717,2.63089393e+02,3.27378170e-04,1.49755673e-04
0.626811,2.63450308e+02,3.29238659e-04,1.50733354e-04
0.627905,2.63808568e+02,3.31037046e-04,1.51637716e-04
0.628999,2.64165027e+02,3.33560236e-04,1.52439818e-04
0.630093,2.64520163e+02,3.35241004e-04,1.53201004e-04
0.631186,2.64874781e+02,3.36716322e-04,1.53892720e-04
0.632280,2.65229614e+02,3.38241002e-04,1.54524967e-04
0.633374,2.65585374e+02,3.38809089e-04,1.55117375e-04
0.634468,2.65943078e+02,3.40082627e-04,1.55639899e-04
0.635562,2.66303229e+02,3.41768569e-04,1.56090060e-04
0.636656,2.66666051e+02,3.42804214e-04,1.56480293e-04
0.637750,2.67031861e+02,3.44250599e-04,1.56790843e-04
0.638844,2.67400905e+02,3.45240468e-04,1.57045293e-04
0.639938,2.67773811e+02,3.44263591e-04,1.57263276e-04
0.641032,2.68151454e+02,3.44966127e-04,1.57436698e-04
0.642126,2.68534059e+02,3.46254705e-04,1.57524616e-04
0.643220,2.68921554e+02,3.46498861e-04,1.57563753e-04
0.644313,2.69314263e+02,3.46255298e-04,1.57559258e-04
0.645407,2.69712543e+02,3.45954816e-04,1.57487116e-04
0.646501,2.70116545e+02,3.46483005e-04,1.57370156e-04
0.647595,2.70526291e+02,3.46359964e-04,1.57182648e-04
0.648689,2.70941642e+02,3.46395715e-04,1.56944479e-04
0.649783,2.71362737e+02,3.45175598e-04,1.56652259e-04
0.650877,2.71789895e+02,3.45595105e-04,1.56324649e-04
0.651971,2.72222737e+02,3.46101804e-04,1.55932128e-04
0.653065,2.72661001e+02,3.44522728e-04,1.55477281e-04
0.654159,2.73104525e+02,3.43452673e-04,1.54973429e-04
0.655253,2.73553469e+02,3.41909421e-04,1.54433199e-04
0.656346,2.74007828e+02,3.41470943e-04,1.53849456e-04
0.657440,2.74467475e+02,3.39669876e-04,1.53223557e-04
0.658534,2.74932073e+02,3.39982935e-04,1.52547926e-04
0.659628,2.75401025e+02,3.37761229e-04,1.51810657e-04
0.660722,2.75874114e+02,3.37215141e-04,1.51039845e-04
0.661816,2.76351142e+02,3.34353623e-04,1.50220652e-04
0.662910,2.76831559e+02,3.34730320e-04,1.49357299e-04
0.664004,2.77314672e+02,3.32834930e-04,1.48436833e-04
0.665098,2.77800366e+02,3.29779562e-04,1.47479630e-04
0.666192,2.78288690e+02,3.27685822e-04,1.46514563e-04
0.667286,2.78779567e+02,3.25995573e-04,1.45516323e-04
0.668379,2.79272247e+02,3.24127992e-04,1.44474835e-04
0.669473,2.79766491e+02,3.20878733e-04,1.43392480e-04
0.670567,2.80262489e+02,3.15279263e-04,1.42287041e-04
0.671661,2.80760430e+02,3.15021267e-04,1.41212481e-04
0.672755,2.81259253e+02,3.14223936e-04,1.40065069e-04
0.673849,2.81758176e+02,3.09632635e-04,1.38858315e-04
0.674943,2.82257224e+02,3.07068632e-04,1.37658793e-04
0.676037,2.82756194e+02,3.03540949e-04,1.36440797e-04
0.677131,2.83255029e+02,3.01426832e-04,1.35222480e-04
0.678225,2.83753270e+02,2.98223874e-04,1.33972180e-04
0.679319,2.84250124e+02,2.97686780e-04,1.32698268e-04
0.680412,2.84744868e+02,2.93834337e-04,1.31378731e-04
0.681506,2.85237181e+02,2.91935043e-04,1.30058519e-04
0.682600,2.85726515e+02,2.89131524e-04,1.28710233e-04
0.683694,2.86212198e+02,2.85093932e-04,1.27322003e-04
0.684788,2.86694104e+02,2.81390647e-04,1.25935560e-04
0.685882,2.87172068e+02,2.78384986e-04,1.24552964e-04
0.686976,2.87645337e+02,2.76440185e-04,1.23143899e-04
0.688070,2.88112848e+02,2.73663241e-04,1.21709174e-04
0.689164,2.88574402e+02,2.69326888e-04,1.20260342e-04
0.690258,2.89030150e+02,2.64778570e-04,1.18817434e-04
0.691352,2.89479917e+02,2.61870687e-04,1.17379360e-04
0.692445,2.89923077e+02,2.59791230e-04,1.15939777e-04
0.693539,2.90358900e+02,2.55645693e-04,1.14460790e-04
0.694633,2.90787068e+02,2.54205446e-04,1.13012385e-04
0.695727,2.91206843e+02,2.50158311e-04,1.11518746e-04
0.696821,2.91617450e+02,2.48685854e-04,1.10028797e-04
0.697915,2.92018248e+02,2.44309114e-04,1.08506998e-04
0.699009,2.92408974e+02,2.40449103e-04,1.06995233e-04
0.700103,2.92789509e+02,2.35367053e-04,1.05474689e-04
0.701197,2.93159640e+02,2.33041785e-04,1.03987028e-04
0.702291,2.93518543e+02,2.31188037e-04,1.02485016e-04
0.703385,2.93865792e+02,2.24558906e-04,1.00936794e-04
0.704479,2.94201730e+02,2.22178428e-04,9.94584536e-05
0.705572,2.94525735e+02,2.18057086e-04,9.79555293e-05
0.706666,2.94837240e+02,2.16811114e-04,9.64792539e-05
0.707760,2.95135439e+02,2.13383656e-04,9.49664128e-05
0.708854,2.95419880e+02,2.09194431e-04,9.34499667e-05
0.709948,2.95690383e+02,2.06389887e-04,9.19570045e-05
0.711042,2.95946199e+02,2.04396456e-04,9.04647434e-05
0.712136,2.96186747e+02,1.99629060e-04,8.89411465e-05
0.713230,2.96412096e+02,1.96903126e-04,8.74664913e-05
0.714324,2.96621759e+02,1.92749888e-04,8.59678890e-05
0.715418,2.96815448e+02,1.90104281e-04,8.44982444e-05
0.716512,2.96992735e+02,1.86575756e-04,8.30279493e-05
0.717605,2.97153386e+02,1.81824608e-04,8.15517133e-05
0.718699,2.97297248e+02,1.80400544e-04,8.01200312e-05
0.719793,2.97423389e+02,1.77542498e-04,7.86645025e-05
0.720887,2.97531300e+02,1.75188253e-04,7.72223527e-05
0.721981,2.97620573e+02,1.71500485e-04,7.57684217e-05
0.723075,2.97690984e+02,1.67638146e-04,7.43309144e-05
0.724169,2.97742114e+02,1.65332081e-04,7.29087252e-05
0.725263,2.97773465e+02,1.62063312e-04,7.14889969e-05
0.726357,2.97784992e+02,1.57252528e-04,7.00704746e-05
0.727451,2.97776761e+02,1.54161138e-04,6.86905785e-05
0.728545,2.97748261e+02,1.51933903e-04,6.73204655e-05
0.729638,2.97699000e+02,1.49000230e-04,6.59528223e-05
0.730732,2.97628560e+02,1.46517371e-04,6.45950993e-05
0.731826,2.97536554e+02,1.42865760e-04,6.32357453e-05
0.732920,2.97422669e+02,1.40767728e-04,6.19033005e-05
0.734014,2.97286646e+02,1.37569979e-04,6.05735160e-05
0.735108,2.97128137e+02,1.34413214e-04,5.92557930e-05
0.736202,2.96946901e+02,1.31432114e-04,5.79529192e-05
0.737296,2.96742631e+02,1.30157234e-04,5.66822470e-05
0.738390,2.96514757e+02,1.26698776e-04,5.53892445e-05
0.739484,2.96263026e+02,1.24154271e-04,5.41248910e-05
0.740578,2.95987225e+02,1.20595674e-04,5.28627109e-05
0.741671,2.95687309e+02,1.17779346e-04,5.16298131e-05
0.742765,2.95362949e+02,1.15796099e-04,5.04157960e-05
0.743859,2.95013801e+02,1.12046437e-04,4.91916751e-05
0.744953,2.94639717e+02,1.10229486e-04,4.80099578e-05
0.746047,2.94240325e+02,1.07226248e-04,4.68249104e-05
0.747141,2.93815470e+02,1.04672368e-04,4.56662476e-05
0.748235,2.93364952e+02,1.02782142e-04,4.45273233e-05
0.749329,2.92888413e+02,1.00409337e-04,4.33935063e-05
0.750423,2.92385578e+02,9.73117330e-05,4.22641203e-05
0.751517,2.91856282e+02,9.51974435e-05,4.11658332e-05
0.752611,2.91300280e+02,9.21246307e-05,4.00669363e-05
0.753704,2.90717555e+02,8.89827535e-05,3.89916822e-05
0.754798,2.90108084e+02,8.62595462e-05,3.79418963e-05
0.755892,2.89471662e+02,8.48895919e-05,3.69251755e-05
0.756986,2.88807981e+02,8.28498593e-05,3.59173719e-05
0.758080,2.88116885e+02,7.99956507e-05,3.49088587e-05
0.759174,2.87398237e+02,7.77779747e-05,3.39274153e-05
0.760268,2.86651866e+02,7.56180440e-05,3.29664672e-05
0.761362,2.85877620e+02,7.34633425e-05,3.20199587e-05
0.762456,2.85075329e+02,7.16942854e-05,3.10980425e-05
0.763550,2.84244803e+02,6.96808313e-05,3.01873227e-05
0.764644,2.83385908e+02,6.69440429e-05,2.92837246e-05
0.765738,2.82498552e+02,6.54367836e-05,2.84211042e-05
0.766831,2.81582576e+02,6.33948090e-05,2.75682493e-05
0.767925,2.80637877e+02,6.18876979e-05,2.67460300e-05
0.769019,2.79664330e+02,6.00489500e-05,2.59299095e-05
0.770113,2.78661810e+02,5.76141429e-05,2.51222270e-05
0.771207,2.77630288e+02,5.55194990e-05,2.43440925e-05
0.772301,2.76569710e+02,5.38066866e-05,2.35952760e-05
0.773395,2.75479988e+02,5.23932763e-05,2.28746504e-05
0.774489,2.74361032e+02,5.05246545e-05,2.21617367e-05
0.775583,2.73212818e+02,4.89589468e-05,2.14791083e-05
0.776677,2.72035333e+02,4.68514315e-05,2.08039323e-05
0.777771,2.70828540e+02,4.54793289e-05,2.01705999e-05
0.778864,2.69592395e+02,4.37466329e-05,1.95525410e-05
0.779958,2.68326899e+02,4.25153296e-05,1.89703584e-05
0.781052,2.67032036e+02,4.07384394e-05,1.83980541e-05
0.782146,2.65707788e+02,3.94358426e-05,1.78679446e-05
0.783240,2.64354137e+02,3.79201351e-05,1.73583173e-05
0.784334,2.62971083e+02,3.67220874e-05,1.68857165e-05
0.785428,2.61558656e+02,3.53250869e-05,1.64395021e-05
0.786522,2.60116898e+02,3.43715752e-05,1.60368591e-05
0.787616,2.58645871e+02,3.32934934e-05,1.56642987e-05
0.788710,2.57145643e+02,3.22441089e-05,1.53266673e-05
0.789804,2.55616270e+02,3.13057307e-05,1.50222747e-05
0.790897,2.54057859e+02,3.04072675e-05,1.47609923e-05
0.791991,2.52470520e+02,2.96997330e-05,1.45404830e-05
0.793085,2.50854364e+02,2.89013467e-05,1.43614639e-05
0.794179,2.49209487e+02,2.81146429e-05,1.42197340e-05
0.795273,2.47536015e+02,2.75036582e-05,1.41265821e-05
0.796367,2.45834101e+02,2.74788572e-05,1.40893780e-05
0.797461,2.44103908e+02,2.74362770e-05,1.40904284e-05
0.798555,2.42345638e+02,2.70853145e-05,1.41262345e-05
0.799649,2.40559439e+02,2.70335567e-05,1.42133241e-05
0.800743,2.38745497e+02,2.73089824e-05,1.43455804e-05
0.801837,2.36904043e+02,2.75105195e-05,1.45170715e-05
0.802930,2.35035302e+02,2.79433008e-05,1.47317433e-05
0.804024,2.33139527e+02,2.83605207e-05,1.49831094e-05
0.805118,2.31216966e+02,2.87060060e-05,1.52732987e-05
0.806212,2.29267879e+02,2.94107377e-05,1.55997995e-05
0.807306,2.27292554e+02,3.03682733e-05,1.59610224e-05
0.808400,2.25291333e+02,3.12163418e-05,1.63530990e-05
0.809494,2.23264518e+02,3.18227757e-05,1.67755522e-05
0.810588,2.21212390e+02,3.26133396e-05,1.72285349e-05
0.811682,2.19135304e+02,3.39735668e-05,1.77055595e-05
0.812776,2.17033671e+02,3.49138943e-05,1.82084104e-05
0.813870,2.14907789e+02,3.58954653e-05,1.87374838e-05
0.814964,2.12758049e+02,3.73737849e-05,1.92847701e-05
0.816057,2.10584904e+02,3.85706117e-05,1.98527489e-05
0.817151,2.08388748e+02,3.98621225e-05,2.04380242e-05
0.818245,2.06170083e+02,4.11987311e-05,2.10364628e-05
0.819339,2.03929446e+02,4.24299227e-05,2.16573302e-05
0.820433,2.01667233e+02,4.39030541e-05,2.22878646e-05
0.821527,1.99383931e+02,4.53278802e-05,2.29374696e-05
0.822621,1.97080083e+02,4.69276262e-05,2.35916273e-05
0.823715,1.94756263e+02,4.81967145e-05,2.42555454e-05
0.824809,1.92413073e+02,4.98001953e-05,2.49292735e-05
0.825903,1.90051060e+02,5.11166376e-05,2.56179464e-05
0.826997,1.87670735e+02,5.25954043e-05,2.63115217e-05
0.828090,1.85272684e+02,5.40779431e-05,2.70123970e-05
0.829184,1.82857605e+02,5.56868345e-05,2.77110792e-05
0.830278,1.80426222e+02,5.71424155e-05,2.84249497e-05
0.831372,1.77979120e+02,5.87056706e-05,2.91404146e-05
0.832466,1.75517015e+02,6.02342221e-05,2.98508240e-05
0.833560,1.73040744e+02,6.17837222e-05,3.05656086e-05
0.834654,1.70551002e+02,6.33769573e-05,3.12915946e-05
0.835748,1.68048427e+02,6.48420605e-05,3.20116984e-05
0.836842,1.65533788e+02,6.64189519e-05,3.27318744e-05
0.837936,1.63007969e+02,6.79720887e-05,3.34479434e-05
0.839030,1.60471770e+02,6.95391954e-05,3.41727123e-05
0.840123,1.57925877e+02,7.10570015e-05,3.48946233e-05
0.841217,1.55371100e+02,7.25513245e-05,3.56099623e-05
0.842311,1.52808390e+02,7.40499015e-05,3.63168502e-05
0.843405,1.50238658e+02,7.56050036e-05,3.70282821e-05
0.844499,1.47662781e+02,7.70262122e-05,3.77286418e-05
0.845593,1.45081747e+02,7.85858216e-05,3.84269040e-05
0.846687,1.42496527e+02,8.01239744e-05,3.91200148e-05
0.847781,1.39907806e+02,8.14752689e-05,3.98050254e-05
0.848875,1.37316440e+02,8.28286811e-05,4.04915918e-05
0.849969,1.34723343e+02,8.42877186e-05,4.11643797e-05
0.851063,1.32129683e+02,8.55186496e-05,4.18282628e-05
0.852156,1.29536688e+02,8.70257479e-05,4.24776795e-05
0.853250,1.26945660e+02,8.83792021e-05,4.31225145e-05
0.854344,1.24357472e+02,8.96499011e-05,4.37647946e-05
0.855438,1.21773143e+02,9.09962955e-05,4.43855993e-05
0.856532,1.19193859e+02,9.21711060e-05,4.50008573e-05
0.857626,1.16620582e+02,9.34418122e-05,4.56067996e-05
0.858720,1.14054473e+02,9.46526542e-05,4.61992921e-05
0.859814,1.11496680e+02,9.58784061e-05,4.67798381e-05
0.860908,1.08948420e+02,9.69677401e-05,4.73426805e-05
0.862002,1.06411016e+02,9.81250172e-05,4.78935247e-05
0.863096,1.03885437e+02,9.93618063e-05,4.84345801e-05
0.864189,1.01372858e+02,1.00153738e-04,4.89565773e-05
0.865283,9.88744093e+01,1.01379002e-04,4.94647408e-05
0.866377,9.63913427e+01,1.02253836e-04,4.99555528e-05
0.867471,9.39247891e+01,1.03111855e-04,5.04320127e-05
0.868565,9.14759249e+01,1.04454419e-04,5.08922110e-05
0.869659,8.90460576e+01,1.04930017e-04,5.13311755e-05
0.870753,8.66362968e+01,1.06063283e-04,5.17554975e-05
0.871847,8.42481297e+01,1.06923176e-04,5.21512124e-05
0.872941,8.18828135e+01,1.07449063e-04,5.25285108e-05
0.874035,7.95414087e+01,1.08114392e-04,5.28890745e-05
0.875129,7.72250970e+01,1.08879044e-04,5.32274084e-05
0.876223,7.49351521e+01,1.09888568e-04,5.35399616e-05
0.877316,7.26729891e+01,1.10626845e-04,5.38235966e-05
0.878410,7.04398803e+01,1.11234929e-04,5.40831898e-05
0.879504,6.82371510e+01,1.11216851e-04,5.43103240e-05
0.880598,6.60657289e+01,1.11605450e-04,5.45216153e-05
0.881692,6.39268762e+01,1.12336106e-04,5.47009840e-05
0.882786,6.18219071e+01,1.12871847e-04,5.48498204e-05
0.883880,5.97520789e+01,1.13521153e-04,5.49641843e-05
0.884974,5.77187688e+01,1.13576923e-04,5.50414659e-05
0.886068,5.57230698e+01,1.13198809e-04,5.50884849e-05
0.887162,5.37661595e+01,1.14122133e-04,5.50981595e-05
0.888256,5.18495607e+01,1.13974197e-04,5.50570812e-05
0.889349,4.99744313e+01,1.13986763e-04,5.49807767e-05
0.890443,4.81419939e+01,1.13289657e-04,5.48603065e-05
0.891537,4.63534774e+01,1.13685360e-04,5.46917904e-05
0.892631,4.46103801e+01,1.13707589e-04,5.44677593e-05
0.893725,4.29140829e+01,1.13086144e-04,5.41833272e-05
0.894819,4.12658425e+01,1.12828394e-04,5.38439531e-05
0.895913,3.96669120e+01,1.11886338e-04,5.34475517e-05
0.897007,3.81185481e+01,1.11412098e-04,5.29874126e-05
0.898101,3.66223321e+01,1.11099016e-04,5.24387442e-05
0.899195,3.51795987e+01,1.09221982e-04,5.18297567e-05
0.900289,3.37915351e+01,1.07969770e-04,5.11459332e-05
0.901382,3.24594504e+01,1.06879183e-04,5.03797007e-05
0.902476,3.11846945e+01,1.05105327e-04,4.95264134e-05
0.903570,2.99686233e+01,1.03607005e-04,4.85822672e-05
0.904664,2.88126862e+01,1.01658882e-04,4.75276218e-05
0.905758,2.77181799e+01,9.93579472e-05,4.63818838e-05
0.906852,2.66863714e+01,9.70114043e-05,4.51204607e-05
0.907946,2.57185152e+01,9.44319991e-05,4.37517324e-05
0.909040,2.48156873e+01,9.13087950e-05,4.22739885e-05
0.910134,2.39788815e+01,8.81938665e-05,4.06731481e-05
0.911228,2.32089570e+01,8.47542867e-05,3.89496813e-05
0.912322,2.25065233e+01,8.11675452e-05,3.71122267e-05
0.913415,2.18719531e+01,7.71667739e-05,3.51678852e-05
0.914509,2.13053247e+01,7.30779872e-05,3.31157671e-05
0.915603,2.08063856e+01,6.88052088e-05,3.09647121e-05
0.916697,2.03745324e+01,6.43998624e-05,2.87420360e-05
0.917791,2.00088154e+01,6.00246256e-05,2.65021599e-05
0.918885,1.97079590e+01,5.58765213e-05,2.43646972e-05
0.919979,1.94704091e+01,5.24673451e-05,2.25757049e-05
0.921073,1.92944109e+01,5.04387956e-05,2.15031049e-05
0.922167,1.91780581e+01,5.03465676e-05,2.14593053e-05
0.923261,1.91193122e+01,5.22304118e-05,2.24244415e-05
0.924355,1.91159594e+01,5.57740409e-05,2.41646215e-05
0.925448,1.91655677e+01,6.05141596e-05,2.64344798e-05
0.926542,1.92654510e+01,6.60710280e-05,2.90525383e-05
0.927636,1.94126795e+01,7.21294921e-05,3.18677872e-05
0.928730,1.96041240e+01,7.85006585e-05,3.48006109e-05
0.929824,1.98365289e+01,8.49745494e-05,3.77630819e-05
0.930918,2.01065877e+01,9.14360585e-05,4.06878941e-05
0.932012,2.04109814e+01,9.77570684e-05,4.35253861e-05
0.933106,2.07464787e+01,1.03880822e-04,4.62525092e-05
0.934200,2.11099695e+01,1.09700754e-04,4.88332222e-05
0.935294,2.14985320e+01,1.15210928e-04,5.12267842e-05
0.936388,2.19094410e+01,1.20309480e-04,5.34316280e-05
0.937482,2.23402160e+01,1.24997857e-04,5.54352436e-05
0.938575,2.27886010e+01,1.29261123e-04,5.72136406e-05
0.939669,2.32525705e+01,1.33058337e-04,5.87728534e-05
0.940763,2.37303473e+01,1.36376536e-04,6.00876052e-05
0.941857,2.42203753e+01,1.39118706e-04,6.11965079e-05
0.942951,2.47213459e+01,1.41414932e-04,6.20514344e-05
0.944045,2.52321042e+01,1.43384345e-04,6.26836301e-05
0.945139,2.57516850e+01,1.44866040e-04,6.30772649e-05
0.946233,2.62792132e+01,1.45903461e-04,6.32532140e-05
0.947327,2.68139961e+01,1.46442821e-04,6.32142719e-05
0.948421,2.73554666e+01,1.46284543e-04,6.29654758e-05
0.949515,2.79032519e+01,1.45722050e-04,6.25149088e-05
0.950608,2.84570394e+01,1.44787875e-04,6.18715463e-05
0.951702,2.90166101e+01,1.43241359e-04,6.10479049e-05
0.952796,2.95817955e+01,1.41614077e-04,6.00652024e-05
0.953890,3.01524942e+01,1.39345093e-04,5.89250398e-05
0.954984,3.07287115e+01,1.36579727e-04,5.76471365e-05
0.956078,3.13103943e+01,1.33843338e-04,5.62374905e-05
0.957172,3.18975640e+01,1.29986482e-04,5.47186316e-05
0.958266,3.24903441e+01,1.26973892e-04,5.31145709e-05
0.959360,3.30887265e+01,1.23592898e-04,5.14364217e-05
0.960454,3.36927303e+01,1.20008266e-04,4.96900094e-05
0.961548,3.43022990e+01,1.15542981e-04,4.78795274e-05
0.962641,3.49174695e+01,1.11015245e-04,4.60486783e-05
0.963735,3.55383356e+01,1.06898561e-04,4.42178934e-05
0.964829,3.61647261e+01,1.02375740e-04,4.23755739e-05
0.965923,3.67965382e+01,9.80754506e-05,4.05557974e-05
0.967017,3.74334792e+01,9.46751058e-05,3.87779821e-05
0.968111,3.80751816e+01,9.03267404e-05,3.70247262e-05
0.969205,3.87214893e+01,8.55153012e-05,3.53252379e-05
0.970299,3.93721744e+01,8.19936739e-05,3.37219676e-05
0.971393,4.00267488e+01,7.78437593e-05,3.21687106e-05
0.972487,4.06847272e+01,7.46874786e-05,3.07163033e-05
0.973581,4.13455459e+01,7.13180499e-05,2.93420280e-05
0.974674,4.20085922e+01,6.83168785e-05,2.80586394e-05
0.975768,4.26731713e+01,6.55387192e-05,2.68624455e-05
0.976862,4.33386182e+01,6.24696485e-05,2.57452304e-05
0.977956,4.40042371e+01,5.98831574e-05,2.47161889e-05
0.979050,4.46692608e+01,5.76196920e-05,2.37734756e-05
0.980144,4.53328484e+01,5.58731581e-05,2.29161894e-05
0.981238,4.59941784e+01,5.36898084e-05,2.21139621e-05
0.982332,4.66524519e+01,5.18992480e-05,2.13871189e-05
0.983426,4.73068185e+01,5.04460558e-05,2.07299838e-05
0.984520,4.79564437e+01,4.88787505e-05,2.01219765e-05
0.985614,4.86004894e+01,4.75945031e-05,1.95655735e-05
0.986707,4.92381070e+01,4.63555674e-05,1.90591699e-05
0.987801,4.98684619e+01,4.52315421e-05,1.85976074e-05
0.988895,5.04907560e+01,4.42490936e-05,1.81842969e-05
0.989989,5.11041954e+01,4.32438647e-05,1.77966093e-05
0.991083,5.17080204e+01,4.26298029e-05,1.74700777e-05
0.992177,5.23014711e+01,4.18439823e-05,1.71606785e-05
0.993271,5.28838178e+01,4.12782072e-05,1.68869368e-05
0.994365,5.34543812e+01,4.05307740e-05,1.66341798e-05
0.995459,5.40124976e+01,4.04048438e-05,1.64404128e-05
0.996553,5.45575030e+01,3.96562709e-05,1.62258656e-05
0.997647,5.50887864e+01,3.93189513e-05,1.60577853e-05
0.998741,5.56057910e+01,3.90525741e-05,1.59125468e-05
0.999834,5.61079660e+01,3.86391577e-05,1.57748587e-05
1.000928,5.65947978e+01,3.86836261e-05,1.56807347e-05
1.002022,5.70657884e+01,3.84437001e-05,1.55719520e-05
1.003116,5.75204222e+01,3.84123770e-05,1.54777625e-05
1.004210,5.79582462e+01,3.84090563e-05,1.54078290e-05
1.005304,5.83788780e+01,3.80178162e-05,1.53181183e-05
1.006398,5.87819528e+01,3.78956004e-05,1.52485757e-05
1.007492,5.91671230e+01,3.79035313e-05,1.51860437e-05
1.008586,5.95340868e+01,3.76792043e-05,1.51100759e-05
1.009680,5.98825644e+01,3.76233849e-05,1.50421613e-05
1.010774,6.02123072e+01,3.74218514e-05,1.49548312e-05
1.011867,6.05230960e+01,3.73340314e-05,1.48768594e-05
1.012961,6.08147665e+01,3.71083754e-05,1.47744472e-05
1.014055,6.10871077e+01,3.69678053e-05,1.46681414e-05
1.015149,6.13399630e+01,3.69107493e-05,1.45405799e-05
1.016243,6.15731655e+01,3.67003981e-05,1.44138901e-05
1.017337,6.17866113e+01,3.63930850e-05,1.42533740e-05
1.018431,6.19802083e+01,3.59902106e-05,1.40794203e-05
1.019525,6.21539152e+01,3.56552115e-05,1.38964760e-05
1.020619,6.23077202e+01,3.51327930e-05,1.36896339e-05
1.021713,6.24416381e+01,3.47392564e-05,1.34729499e-05
1.022807,6.25557227e+01,3.41461225e-05,1.32290856e-05
1.023900,6.26500093e+01,3.37342747e-05,1.29778753e-05
1.024994,6.27245652e+01,3.32139416e-05,1.27106788e-05
1.026088,6.27794931e+01,3.23773328e-05,1.24089098e-05
1.027182,6.28148664e+01,3.19893418e-05,1.20985414e-05
1.028276,6.28307462e+01,3.14309773e-05,1.17846472e-05
1.029370,6.28272600e+01,3.06912559e-05,1.14400795e-05
1.030464,6.28045759e+01,2.97455296e-05,1.10854796e-05
1.031558,6.27629004e+01,2.88171206e-05,1.07189473e-05
1.032652,6.27024469e+01,2.79458152e-05,1.03472737e-05
1.033746,6.26234847e+01,2.70954808e-05,9.96863416e-06
1.034840,6.25262657e+01,2.60871372e-05,9.57354112e-06
1.035933,6.24110466e+01,2.51467019e-05,9.17682220e-06
1.037027,6.22780587e+01,2.46829571e-05,8.77573080e-06
1.038121,6.21274519e+01,2.34578464e-05,8.35627035e-06
1.039215,6.19594926e+01,2.24993557e-05,7.95057266e-06
1.040309,6.17745116e+01,2.14559839e-05,7.53745630e-06
1.041403,6.15728119e+01,2.05380676e-05,7.13197979e-06
1.042497,6.13547165e+01,1.94785992e-05,6.72489819e-06
1.043591,6.11205915e+01,1.84230727e-05,6.32129472e-06
1.044685,6.08707994e+01,1.72904613e-05,5.91675966e-06
1.045779,6.06056863e+01,1.65523115e-05,5.52733671e-06
1.046873,6.03255520e+01,1.56734485e-05,5.14372652e-06
1.047966,6.00307090e+01,1.49776689e-05,4.76656910e-06
1.049060,5.97214561e+01,1.40626688e-05,4.39721997e-06
1.050154,5.93981568e+01,1.32231734e-05,4.04194890e-06
1.051248,5.90611929e+01,1.23571846e-05,3.69708375e-06
1.052342,5.87109933e+01,1.15073859e-05,3.36713703e-06
1.053436,5.83480025e+01,1.06815643e-05,3.04809584e-06
1.054530,5.79726300e+01,9.99711204e-06,2.74476393e-06
1.055624,5.75852835e+01,9.43157027e-06,2.46286505e-06
1.056718,5.71863674e+01,8.82513949e-06,2.20312372e-06
1.057812,5.67763108e+01,8.36211088e-06,1.96354323e-06
1.058906,5.63555148e+01,7.89521576e-06,1.75613128e-06
1.060000,5.59244126e+01,7.55017930e-06,1.58649075e-06
1.061093,5.54834546e+01,7.25153440e-06,1.46358702e-06
1.062187,5.50330716e+01,7.15142037e-06,1.39555996e-06
1.063281,5.45736763e+01,7.17439882e-06,1.38062760e-06
1.064375,5.41056835e+01,7.28350783e-06,1.42333582e-06
1.065469,5.36294791e+01,7.54305796e-06,1.51247878e-06
1.066563,5.31454484e+01,7.90240041e-06,1.63912298e-06
1.067657,5.26539666e+01,8.20370210e-06,1.79495759e-06
1.068751,5.21554038e+01,8.68422177e-06,1.96894569e-06
1.069845,5.16501866e+01,9.13950366e-06,2.15583118e-06
1.070939,5.11386977e+01,9.59257623e-06,2.35304697e-06
1.072033,5.06212661e+01,1.02751066e-05,2.55738515e-06
1.073126,5.00982657e+01,1.08489783e-05,2.76648050e-06
1.074220,4.95700446e+01,1.15072127e-05,2.97873807e-06
1.075314,4.90369388e+01,1.21341641e-05,3.19441751e-06
1.076408,4.84992859e+01,1.27855141e-05,3.41186375e-06
1.077502,4.79574322e+01,1.34096007e-05,3.62970694e-06
1.078596,4.74116938e+01,1.41740780e-05,3.84902300e-06
1.079690,4.68623963e+01,1.48055886e-05,4.06836854e-06
1.080784,4.63099081e+01,1.54527821e-05,4.28624872e-06
1.081878,4.57545205e+01,1.61719452e-05,4.50461254e-06
1.082972,4.51965579e+01,1.67698434e-05,4.72211276e-06
1.084066,4.46364022e+01,1.73131946e-05,4.93629182e-06
1.085159,4.40743458e+01,1.81326595e-05,5.14926289e-06
1.086253,4.35106074e+01,1.89694323e-05,5.36139402e-06
1.087347,4.29453966e+01,1.99286846e-05,5.57234737e-06
1.088441,4.23788697e+01,2.06980144e-05,5.78242675e-06
1.089535,4.18112505e+01,2.15244618e-05,5.99018164e-06
1.090629,4.12427391e+01,2.23523775e-05,6.19540214e-06
1.091723,4.06735072e+01,2.27890993e-05,6.39924037e-06
1.092817,4.01038565e+01,2.32807955e-05,6.59893639e-06
1.093911,3.95340846e+01,2.38149448e-05,6.79416356e-06
1.095005,3.89644602e+01,2.45394761e-05,6.98549311e-06
1.096099,3.83951595e+01,2.52073781e-05,7.17449227e-06
1.097192,3.78263614e+01,2.57029579e-05,7.36089019e-06
1.098286,3.72582851e+01,2.61780537e-05,7.54374235e-06
1.099380,3.66912123e+01,2.66316883e-05,7.72223748e-06
1.100474,3.61253440e+01,2.68169545e-05,7.89863686e-06
1.101568,3.55610331e+01,2.69656757e-05,8.06888496e-06
1.102662,3.49986199e+01,2.74205670e-05,8.23384492e-06
1.103756,3.44383484e+01,2.71423896e-05,8.39548974e-06
1.104850,3.38807215e+01,2.75075334e-05,8.54788513e-06
1.105944,3.33259824e+01,2.74616766e-05,8.69793644e-06
1.107038,3.27743756e+01,2.76109174e-05,8.84483792e-06
1.108132,3.22264225e+01,2.70696212e-05,8.98108210e-06
1.109225,3.16827744e+01,2.69264105e-05,9.10580104e-06
1.110319,3.11438033e+01,2.65870587e-05,9.22562911e-06
1.111413,3.06101274e+01,2.64227338e-05,9.33133079e-06
1.112507,3.00821991e+01,2.60857664e-05,9.42909608e-06
1.113601,2.95605278e+01,2.57134406e-05,9.51631867e-06
1.114695,2.90456490e+01,2.56350310e-05,9.59168638e-06
1.115789,2.85379522e+01,2.50397899e-05,9.65831072e-06
1.116883,2.80381063e+01,2.48748644e-05,9.70904822e-06
1.117977,2.75465465e+01,2.47133580e-05,9.75042437e-06
1.119071,2.70637216e+01,2.42009766e-05,9.77857729e-06
1.120165,2.65902813e+01,2.40525861e-05,9.79033536e-06
1.121259,2.61266137e+01,2.37870739e-05,9.79168154e-06
1.122352,2.56732049e+01,2.35618839e-05,9.78040117e-06
1.123446,2.52303792e+01,2.33626074e-05,9.75664312e-06
1.124540,2.47986523e+01,2.31212020e-05,9.71925087e-06
1.125634,2.43783897e+01,2.29532346e-05,9.66940889e-06
1.126728,2.39699453e+01,2.27716719e-05,9.60797682e-06
1.127822,2.35736552e+01,2.25260400e-05,9.53487098e-06
1.128916,2.31898052e+01,2.23748270e-05,9.45055589e-06
1.130010,2.28186482e+01,2.21313556e-05,9.35735631e-06
1.131104,2.24603632e+01,2.19733693e-05,9.25478572e-06
1.132198,2.21151173e+01,2.17550821e-05,9.14518436e-06
1.133292,2.17830597e+01,2.15295392e-05,9.02735855e-06
1.134385,2.14642579e+01,2.13129721e-05,8.90445291e-06
1.135479,2.11588297e+01,2.11557484e-05,8.77268210e-06
1.136573,2.08668699e+01,2.09988092e-05,8.63533118e-06
1.137667,2.05883388e+01,2.06539379e-05,8.49657190e-06
1.138761,2.03231504e+01,2.04252603e-05,8.35483508e-06
1.139855,2.00712688e+01,2.01239000e-05,8.21126947e-06
1.140949,1.98325837e+01,1.99607801e-05,8.06541104e-06
1.142043,1.96070435e+01,1.97499198e-05,7.91704612e-06
1.143137,1.93945846e+01,1.95035353e-05,7.76727449e-06
1.144231,1.91950121e+01,1.91726546e-05,7.62174812e-06
1.145325,1.90080793e+01,1.89864568e-05,7.47627676e-06
1.146418,1.88335872e+01,1.87717813e-05,7.33348522e-06
1.147512,1.86713142e+01,1.84837617e-05,7.19416293e-06
1.148606,1.85209696e+01,1.82929863e-05,7.05820862e-06
1.149700,1.83822917e+01,1.80157504e-05,6.92710623e-06
1.150794,1.82549769e+01,1.79072031e-05,6.79896001e-06
1.151888,1.81387370e+01,1.76269482e-05,6.67724801e-06
1.152982,1.80332192e+01,1.74940435e-05,6.55995203e-06
1.154076,1.79380633e+01,1.72982129e-05,6.44980472e-06
1.155170,1.78529010e+01,1.71933722e-05,6.34475829e-06
1.156264,1.77773629e+01,1.70564636e-05,6.24650750e-06
1.157358,1.77110662e+01,1.69881335e-05,6.15408459e-06
1.158451,1.76536470e+01,1.68764362e-05,6.06788210e-06
1.159545,1.76047099e+01,1.67787341e-05,5.98832401e-06
1.160639,1.75638439e+01,1.67705513e-05,5.91480740e-06
1.161733,1.75306490e+01,1.67303702e-05,5.84750921e-06
1.162827,1.75047247e+01,1.66743059e-05,5.78540461e-06
1.163921,1.74856741e+01,1.67001743e-05,5.72913145e-06
1.165015,1.74730942e+01,1.66887164e-05,5.67883116e-06
1.166109,1.74665842e+01,1.67691997e-05,5.63412196e-06
1.167203,1.74657683e+01,1.67844919e-05,5.59432996e-06
1.168297,1.74702528e+01,1.68600249e-05,5.56054638e-06
1.169391,1.74796554e+01,1.69333394e-05,5.53200826e-06
1.170484,1.74935924e+01,1.70604373e-05,5.50875722e-06
1.171578,1.75116908e+01,1.71902809e-05,5.49127620e-06
1.172672,1.75335954e+01,1.73550878e-05,5.47902349e-06
1.173766,1.75589383e+01,1.74963364e-05,5.47285476e-06
1.174860,1.75873626e+01,1.76932172e-05,5.47258284e-06
1.175954,1.76185264e+01,1.79316832e-05,5.47849378e-06
1.177048,1.76520863e+01,1.81585450e-05,5.48987589e-06
1.178142,1.76877080e+01,1.84056553e-05,5.50802384e-06
1.179236,1.77250773e+01,1.86328513e-05,5.53133234e-06
1.180330,1.77638813e+01,1.89463182e-05,5.56288481e-06
1.181424,1.78038308e+01,1.92164252e-05,5.59828213e-06
1.182518,1.78446290e+01,1.95575598e-05,5.63943836e-06
1.183611,1.78859753e+01,1.99280431e-05,5.68638087e-06
1.184705,1.79275877e+01,2.02822204e-05,5.73823306e-06
1.185799,1.79691966e+01,2.06430865e-05,5.79404184e-06
1.186893,1.80105466e+01,2.10032338e-05,5.85337539e-06
1.187987,1.80513847e+01,2.14641475e-05,5.91575642e-06
1.189081,1.80914567e+01,2.18576914e-05,5.97983657e-06
1.190175,1.81305225e+01,2.23011564e-05,6.04760149e-06
1.191269,1.81683472e+01,2.26981622e-05,6.11357887e-06
1.192363,1.82047015e+01,2.31300750e-05,6.18153862e-06
1.193457,1.82393664e+01,2.35476919e-05,6.24864023e-06
1.194551,1.82721421e+01,2.39963917e-05,6.31679155e-06
1.195644,1.83028244e+01,2.44396141e-05,6.38328343e-06
1.196738,1.83312140e+01,2.49144490e-05,6.44588209e-06
1.197832,1.83571054e+01,2.53497331e-05,6.50530104e-06
1.198926,1.83803083e+01,2.58074613e-05,6.56432319e-06
1.200020,1.84006471e+01,2.62553132e-05,6.61891703e-06
1.201114,1.84179423e+01,2.66990331e-05,6.66844241e-06
1.202208,1.84320214e+01,2.71508490e-05,6.71425982e-06
1.203302,1.84427125e+01,2.75936744e-05,6.75650949e-06
1.204396,1.84498514e+01,2.80454382e-05,6.79108918e-06
1.205490,1.84532765e+01,2.86161710e-05,6.82388086e-06
1.206584,1.84527958e+01,2.90918066e-05,6.84394275e-06
1.207677,1.84482057e+01,2.96303755e-05,6.86140879e-06
1.208771,1.84393215e+01,3.00871817e-05,6.86771023e-06
1.209865,1.84259866e+01,3.04733683e-05,6.87078768e-06
1.210959,1.84080635e+01,3.08950557e-05,6.86250424e-06
1.212053,1.83853909e+01,3.12947579e-05,6.84658196e-06
1.213147,1.83578216e+01,3.16540050e-05,6.82394386e-06
1.214241,1.83252081e+01,3.21205352e-05,6.79300228e-06
1.215335,1.82873872e+01,3.27814076e-05,6.74929678e-06
1.216429,1.82440859e+01,3.32966659e-05,6.69766150e-06
1.217523,1.81951160e+01,3.37568474e-05,6.63353588e-06
1.218617,1.81402959e+01,3.41554215e-05,6.55716224e-06
1.219710,1.80794662e+01,3.45471421e-05,6.47333015e-06
1.220804,1.80124638e+01,3.48595980e-05,6.37840888e-06
1.221898,1.79391277e+01,3.52410496e-05,6.27178936e-06
1.222992,1.78592948e+01,3.55291559e-05,6.15574476e-06
1.224086,1.77728094e+01,3.58548359e-05,6.02883987e-06
1.225180,1.76795166e+01,3.61030783e-05,5.89231522e-06
1.226274,1.75792661e+01,3.64023768e-05,5.74650990e-06
1.227368,1.74718685e+01,3.68880322e-05,5.58746360e-06
1.228462,1.73571058e+01,3.70681737e-05,5.42137103e-06
1.229556,1.72348271e+01,3.74346319e-05,5.24387176e-06
1.230650,1.71048478e+01,3.74680631e-05,5.06137338e-06
1.231743,1.69670744e+01,3.77620427e-05,4.87251909e-06
1.232837,1.68212848e+01,3.78562007e-05,4.68046810e-06
1.233931,1.66673947e+01,3.76716383e-05,4.48852418e-06
1.235025,1.65054382e+01,3.75449034e-05,4.30093194e-06
1.236119,1.63353101e+01,3.74147199e-05,4.11964294e-06
1.237213,1.61570178e+01,3.71448379e-05,3.95077578e-06
1.238307,1.59704766e+01,3.71369033e-05,3.79809546e-06
1.239401,1.57756418e+01,3.65426143e-05,3.66877362e-06
1.240495,1.55725821e+01,3.61546562e-05,3.57007941e-06
1.241589,1.53613906e+01,3.52581823e-05,3.50822013e-06
1.242683,1.51423491e+01,3.37924492e-05,3.48704324e-06
1.243777,1.49157098e+01,3.40161387e-05,3.51019687e-06
1.244870,1.46815288e+01,3.24090557e-05,3.57873559e-06
1.245964,1.44403000e+01,3.06669927e-05,3.68718605e-06
1.247058,1.41927135e+01,2.85141108e-05,3.82591581e-06
1.248152,1.39394027e+01,2.76494189e-05,3.99101488e-06
1.249246,1.36807490e+01,2.56372983e-05,4.18085200e-06
1.250340,1.34174014e+01,2.37927673e-05,4.38419377e-06
1.251434,1.31500958e+01,2.15656221e-05,4.59303804e-06
1.252528,1.28796499e+01,1.98017120e-05,4.79950856e-06
1.253622,1.26067526e+01,1.77495284e-05,5.00487717e-06
1.254716,1.23321639e+01,1.63789370e-05,5.20191936e-06
1.255810,1.20566037e+01,1.45877735e-05,5.38979155e-06
1.256903,1.17809248e+01,1.26406648e-05,5.56078161e-06
1.257997,1.15060095e+01,1.14335205e-05,5.71187385e-06
1.259091,1.12326055e+01,1.02372175e-05,5.84598545e-06
1.260185,1.09615506e+01,9.28731755e-06,5.95695247e-06
1.261279,1.06936656e+01,8.85625436e-06,6.04499012e-06
1.262373,1.04295678e+01,8.67006506e-06,6.11639499e-06
1.263467,1.01698675e+01,8.77132769e-06,6.16811868e-06
1.264561,9.91516109e+00,8.91454407e-06,6.20223171e-06
1.265655,9.66595382e+00,9.22821295e-06,6.21965030e-06
1.266749,9.42278096e+00,9.64894223e-06,6.21855371e-06
1.267843,9.18609872e+00,9.91963675e-06,6.20303689e-06
1.268936,8.95629790e+00,1.02719409e-05,6.17331673e-06
1.270030,8.73377227e+00,1.06986177e-05,6.12850345e-06
1.271124,8.51889716e+00,1.09302651e-05,6.07059884e-06
1.272218,8.31194853e+00,1.10704625e-05,6.00333342e-06
1.273312,8.11319316e+00,1.12715554e-05,5.92480554e-06
1.274406,7.92289081e+00,1.15209494e-05,5.83551949e-06
1.275500,7.74127526e+00,1.14276401e-05,5.73992394e-06
1.276594,7.56850833e+00,1.15337541e-05,5.63588492e-06
1.277688,7.40477028e+00,1.14940376e-05,5.52602242e-06
1.278782,7.25020275e+00,1.15341339e-05,5.40927419e-06
1.279876,7.10493637e+00,1.15101698e-05,5.28802715e-06
1.280969,6.96907152e+00,1.13695279e-05,5.16431572e-06
1.282063,6.84265587e+00,1.11901214e-05,5.03965219e-06
1.283157,6.72570866e+00,1.11338981e-05,4.91239524e-06
1.284251,6.61825565e+00,1.10088142e-05,4.78531493e-06
1.285345,6.52027465e+00,1.08501663e-05,4.66003120e-06
1.286439,6.43171067e+00,1.07204341e-05,4.53633883e-06
1.287533,6.35247683e+00,1.05664665e-05,4.41680455e-06
1.288627,6.28245164e+00,1.04011349e-05,4.30186008e-06
1.289721,6.22148380e+00,1.02829012e-05,4.19106712e-06
1.290815,6.16939411e+00,1.01437368e-05,4.08678691e-06
1.291909,6.12596512e+00,1.00292416e-05,3.98919955e-06
1.293002,6.09095207e+00,9.92247860e-06,3.89945507e-06
1.294096,6.06408163e+00,9.84062929e-06,3.81854864e-06
1.295190,6.04505269e+00,9.78690852e-06,3.74828832e-06
1.296284,6.03354668e+00,9.76493224e-06,3.69051162e-06
1.297378,6.02922248e+00,9.77688892e-06,3.64841823e-06
1.298472,6.03172216e+00,9.83045017e-06,3.62476278e-06
1.299566,6.04067823e+00,9.93149225e-06,3.62244643e-06
1.300660,6.05571441e+00,1.00847200e-05,3.64377540e-06
1.301754,6.07645191e+00,1.02970828e-05,3.69086018e-06
1.302848,6.10251321e+00,1.05643658e-05,3.76372184e-06
1.303942,6.13352148e+00,1.08895460e-05,3.86190156e-06
1.305036,6.16910203e+00,1.12692610e-05,3.98446729e-06
1.306129,6.20888787e+00,1.17016696e-05,4.12831294e-06
1.307223,6.25251611e+00,1.21852882e-05,4.29281466e-06
1.308317,6.29962952e+00,1.27032915e-05,4.47441501e-06
1.309411,6.34987952e+00,1.32597253e-05,4.66950260e-06
1.310505,6.40292881e+00,1.38411911e-05,4.87953536e-06
1.311599,6.45844740e+00,1.44643104e-05,5.09588089e-06
1.312693,6.51611078e+00,1.51084463e-05,5.31995019e-06
1.313787,6.57560659e+00,1.57605095e-05,5.55169034e-06
1.314881,6.63663451e+00,1.64445823e-05,5.78371372e-06
1.315975,6.69890300e+00,1.71230757e-05,6.02017009e-06
1.317069,6.76213304e+00,1.78138803e-05,6.25560997e-06
1.318162,6.82605427e+00,1.85210009e-05,6.48933548e-06
1.319256,6.89040546e+00,1.92159323e-05,6.72235806e-06
1.320350,6.95493926e+00,1.99382538e-05,6.94741692e-06
1.321444,7.01941183e+00,2.06244142e-05,7.17213245e-06
1.322538,7.08360005e+00,2.13138137e-05,7.38846765e-06
1.323632,7.14727918e+00,2.20225584e-05,7.59969502e-06
1.324726,7.21023684e+00,2.27210964e-05,7.80098668e-06
1.325820,7.27226351e+00,2.34145560e-05,7.99144679e-06
1.326914,7.33316605e+00,2.40665215e-05,8.17474273e-06
1.328008,7.39276307e+00,2.46822889e-05,8.34887790e-06
1.329102,7.45088454e+00,2.53034846e-05,8.51036085e-06
1.330195,7.50736536e+00,2.59271170e-05,8.65891189e-06
1.331289,7.56205180e+00,2.65125938e-05,8.79795221e-06
1.332383,7.61479260e+00,2.70235249e-05,8.92402420e-06
1.333477,7.66544708e+00,2.75882977e-05,9.03431135e-06
1.334571,7.71386299e+00,2.81406535e-05,9.13036564e-06
1.335665,7.75990326e+00,2.86069615e-05,9.21073864e-06
1.336759,7.80343073e+00,2.91482402e-05,9.27307802e-06
1.337853,7.84431155e+00,2.95487743e-05,9.32022514e-06
1.338947,7.88242508e+00,2.99345395e-05,9.35068074e-06
1.340041,7.91768230e+00,3.03246401e-05,9.36312013e-06
1.341135,7.94998275e+00,3.05073566e-05,9.35896811e-06
1.342228,7.97925854e+00,3.08753685e-05,9.33599269e-06
1.343322,8.00541957e+00,3.09224023e-05,9.29651592e-06
1.344416,8.02843821e+00,3.09788019e-05,9.24172722e-06
1.345510,8.04828792e+00,3.09915315e-05,9.16890221e-06
1.346604,8.06494529e+00,3.09422088e-05,9.08085692e-06
1.347698,8.07836178e+00,3.10264284e-05,8.97191959e-06
1.348792,8.08851674e+00,3.08906621e-05,8.84665016e-06
1.349886,8.09546412e+00,3.05125644e-05,8.70944758e-06
1.350980,8.09927616e+00,3.01086999e-05,8.55759012e-06
1.352074,8.09999800e+00,2.95683828e-05,8.39187393e-06
1.353168,8.09773427e+00,2.92315607e-05,8.21484544e-06
1.354261,8.09257659e+00,2.85965913e-05,8.02706764e-06
1.355355,8.08465220e+00,2.76558465e-05,7.82925155e-06
1.356449,8.07412902e+00,2.71879736e-05,7.62502796e-06
1.357543,8.06111226e+00,2.62787792e-05,7.40977843e-06
1.358637,8.04576332e+00,2.56661659e-05,7.18989383e-06
1.359731,8.02823100e+00,2.44876693e-05,6.96113090e-06
1.360825,8.00870689e+00,2.37257261e-05,6.72965351e-06
1.361919,7.98735274e+00,2.27975939e-05,6.49394417e-06
1.363013,7.96432624e+00,2.16664451e-05,6.25098188e-06
1.364107,7.93975005e+00,2.10257169e-05,6.00498251e-06
1.365201,7.91374590e+00,1.98055964e-05,5.75257984e-06
1.366295,7.88642660e+00,1.90680467e-05,5.49546859e-06
1.367388,7.85789355e+00,1.78467349e-05,5.23180097e-06
1.368482,7.82825460e+00,1.70971137e-05,4.96646166e-06
1.369576,7.79757175e+00,1.60919828e-05,4.69600938e-06
1.370670,7.76593889e+00,1.50562931e-05,4.42045766e-06
1.371764,7.73344610e+00,1.39679443e-05,4.14398556e-06
1.372858,7.70017119e+00,1.33022873e-05,3.86911741e-06
1.373952,7.66612433e+00,1.20464504e-05,3.58355219e-06
1.375046,7.63139874e+00,1.12402728e-05,3.30465600e-06
1.376140,7.59598683e+00,1.02173791e-05,3.02029610e-06
1.377234,7.55988365e+00,9.48681769e-06,2.73843354e-06
1.378328,7.52308105e+00,8.68004260e-06,2.45890284e-06
1.379421,7.48555613e+00,7.75494950e-06,2.17800274e-06
1.380515,7.44727892e+00,6.97779413e-06,1.90420626e-06
1.381609,7.40822289e+00,6.11378254e-06,1.63598600e-06
1.382703,7.36836760e+00,5.32265441e-06,1.37948272e-06
1.383797,7.32767957e+00,4.50845070e-06,1.13670064e-06
1.384891,7.28612159e+00,3.84329145e-06,9.16752430e-07
1.385985,7.24363475e+00,3.13765573e-06,7.24215885e-07
1.387079,7.20017090e+00,2.54712917e-06,5.77223828e-07
1.388173,7.15567024e+00,2.01389296e-06,4.93674650e-07
1.389267,7.11006104e+00,1.57533705e-06,4.84852557e-07
1.390361,7.06326475e+00,1.25265113e-06,5.34681591e-07
1.391454,7.01521409e+00,1.13691441e-06,6.11330977e-07
1.392548,6.96583276e+00,1.20963680e-06,6.94963483e-07
1.393642,6.91504701e+00,1.36436437e-06,7.70612565e-07
1.394736,6.86277492e+00,1.55954120e-06,8.35267728e-07
1.395830,6.80893703e+00,1.75787612e-06,8.87109694e-07
1.396924,6.75345770e+00,1.95299471e-06,9.27093706e-07
1.398018,6.69627049e+00,2.14538194e-06,9.56298028e-07
1.399112,6.63731540e+00,2.28111985e-06,9.76741892e-07
1.400206,6.57654349e+00,2.42671118e-06,9.91514201e-07
1.401300,6.51392209e+00,2.54101362e-06,1.00324179e-06
1.402394,6.44943420e+00,2.66989994e-06,1.01517263e-06
1.403487,6.38308148e+00,2.78095764e-06,1.02961288e-06
1.404581,6.31488335e+00,2.89677305e-06,1.04931611e-06
1.405675,6.24488201e+00,3.02853506e-06,1.07641905e-06
1.406769,6.17314100e+00,3.18384872e-06,1.11282405e-06
1.407863,6.09974437e+00,3.35369057e-06,1.15883977e-06
1.408957,6.02479665e+00,3.54786971e-06,1.21640033e-06
1.410051,5.94842670e+00,3.76941443e-06,1.28572351e-06
1.411145,5.87077962e+00,4.02435079e-06,1.36592836e-06
1.412239,5.79201830e+00,4.31318870e-06,1.45884627e-06
1.413333,5.71232788e+00,4.62898804e-06,1.56499237e-06
1.414427,5.63190515e+00,4.99438934e-06,1.68136788e-06
1.415520,5.55095490e+00,5.42456737e-06,1.81254869e-06
1.416614,5.46968829e+00,5.85794573e-06,1.95515231e-06
1.417708,5.38833741e+00,6.33662088e-06,2.10811373e-06
1.418802,5.30714594e+00,6.82257054e-06,2.27542191e-06
1.419896,5.22636129e+00,7.37926148e-06,2.45208925e-06
1.420990,5.14623263e+00,7.95969220e-06,2.63829327e-06
1.422084,5.06702956e+00,8.55691198e-06,2.83516459e-06
1.423178,4.98900143e+00,9.21364437e-06,3.04026353e-06
1.424272,4.91239472e+00,9.79849539e-06,3.25437072e-06
1.425366,4.83745434e+00,1.05214204e-05,3.47192357e-06
1.426460,4.76438862e+00,1.12818898e-05,3.69345483e-06
1.427554,4.69344036e+00,1.19968608e-05,3.92014727e-06
1.428647,4.62480219e+00,1.26403257e-05,4.14550761e-06
1.429741,4.55868567e+00,1.33386703e-05,4.37181072e-06
1.430835,4.49525718e+00,1.40095473e-05,4.59365096e-06
1.431929,4.43468391e+00,1.47023293e-05,4.80768192e-06
1.433023,4.37710216e+00,1.54146184e-05,5.01053561e-06
1.434117,4.32262667e+00,1.59800257e-05,5.20128108e-06
1.435211,4.27134006e+00,1.65363203e-05,5.37335488e-06
1.436305,4.22331862e+00,1.69812025e-05,5.52581032e-06
1.437399,4.17862544e+00,1.73111658e-05,5.65568036e-06
1.438493,4.13729028e+00,1.75277975e-05,5.75715817e-06
1.439587,4.09935625e+00,1.78381484e-05,5.83143280e-06
1.440680,4.06480637e+00,1.78623685e-05,5.87285983e-06
1.441774,4.03368762e+00,1.73833241e-05,5.88825333e-06
1.442868,4.00605258e+00,1.74789006e-05,5.87079371e-06
1.443962,3.98180961e+00,1.72197149e-05,5.81452419e-06
1.445056,3.96089098e+00,1.68528479e-05,5.72170243e-06
1.446150,3.94326311e+00,1.63119990e-05,5.59726056e-06
1.447244,3.92882957e+00,1.56800583e-05,5.43514212e-06
1.448338,3.91751553e+00,1.50079455e-05,5.24022795e-06
1.449432,3.90922513e+00,1.43071455e-05,5.01385276e-06
1.450526,3.90383821e+00,1.34993370e-05,4.75726736e-06
1.451620,3.90122936e+00,1.26602691e-05,4.47208389e-06
1.452713,3.90127606e+00,1.16995371e-05,4.16277163e-06
1.453807,3.90384596e+00,1.06688654e-05,3.83190981e-06
1.454901,3.90879866e+00,9.65278130e-06,3.48333867e-06
1.455995,3.91599619e+00,8.71022616e-06,3.12303839e-06
1.457089,3.92530076e+00,7.57174341e-06,2.75095774e-06
1.458183,3.93657864e+00,6.60104770e-06,2.37644805e-06
1.459277,3.94968956e+00,5.64641012e-06,2.00275883e-06
1.460371,3.96448517e+00,4.72719976e-06,1.63423860e-06
1.461465,3.98081878e+00,3.78243293e-06,1.27538032e-06
1.462559,3.99855584e+00,2.91032383e-06,9.34735839e-07
1.463653,4.01755749e+00,2.08777552e-06,6.20180891e-07
1.464746,4.03769505e+00,1.39349553e-06,3.53683985e-07
1.465840,4.05882319e+00,8.41304041e-07,2.19418172e-07
1.466934,4.08079758e+00,6.81036033e-07,3.27064417e-07
1.468028,4.10348110e+00,9.94135834e-07,5.06650276e-07
1.469122,4.12673045e+00,1.41768531e-06,6.76837459e-07
1.470216,4.15039519e+00,1.80659049e-06,8.25212379e-07
1.471310,4.17432413e+00,2.17951550e-06,9.53485886e-07
1.472404,4.19836807e+00,2.51435609e-06,1.06420015e-06
1.473498,4.22238114e+00,2.80169746e-06,1.16146356e-06
1.474592,4.24622433e+00,3.09231851e-06,1.25216002e-06
1.475686,4.26976964e+00,3.36087651e-06,1.33979206e-06
1.476779,4.29290136e+00,3.63873832e-06,1.43020459e-06
1.477873,4.31551920e+00,3.92688266e-06,1.52700787e-06
1.478967,4.33753738e+00,4.22810297e-06,1.63173252e-06
1.480061,4.35888476e+00,4.56339407e-06,1.75048634e-06
1.481155,4.37950683e+00,4.91086029e-06,1.87952643e-06
1.482249,4.39936249e+00,5.28594535e-06,2.02125909e-06
1.483343,4.41842259e+00,5.69183530e-06,2.17759470e-06
1.484437,4.43667022e+00,6.11844379e-06,2.34477177e-06
1.485531,4.45409817e+00,6.56677915e-06,2.52379282e-06
1.486625,4.47070849e+00,7.02639138e-06,2.70922728e-06
1.487719,4.48651071e+00,7.49753881e-06,2.90490903e-06
1.488813,4.50152321e+00,7.98261744e-06,3.10196752e-06
1.489906,4.51576855e+00,8.47163738e-06,3.29888735e-06
1.491000,4.52927173e+00,8.95838994e-06,3.49943284e-06
1.492094,4.54206134e+00,9.45196195e-06,3.69479962e-06
1.493188,4.55416921e+00,9.92755841e-06,3.88908231e-06
1.494282,4.56563487e+00,1.03895262e-05,4.07824542e-06
1.495376,4.57649429e+00,1.08528317e-05,4.25861911e-06
1.496470,4.58678195e+00,1.13059068e-05,4.43181109e-06
1.497564,4.59653509e+00,1.17261989e-05,4.59806049e-06
1.498658,4.60579400e+00,1.21449559e-05,4.75454828e-06
1.499752,4.61459196e+00,1.25400963e-05,4.90361112e-06
1.500846,4.62296290e+00,1.29495526e-05,5.03903252e-06
1.501939,4.63093136e+00,1.32788085e-05,5.16797901e-06
1.503033,4.63852802e+00,1.36469088e-05,5.28065387e-06
1.504127,4.64577065e+00,1.39439872e-05,5.38433378e-06
1.505221,4.65268358e+00,1.42233944e-05,5.47584556e-06
1.506315,4.65928494e+00,1.45082559e-05,5.55397825e-06
1.507409,4.66558420e+00,1.47395189e-05,5.62076617e-06
1.508503,4.67159945e+00,1.49679683e-05,5.67458177e-06
1.509597,4.67734287e+00,1.51710083e-05,5.71601757e-06
1.510691,4.68280529e+00,1.53186277e-05,5.74359333e-06
1.511785,4.68799009e+00,1.54700281e-05,5.75789015e-06
1.512879,4.69289892e+00,1.54867018e-05,5.76219281e-06
1.513972,4.69755376e+00,1.55315986e-05,5.75421394e-06
1.515066,4.70195650e+00,1.57273930e-05,5.73150413e-06
1.516160,4.70606129e+00,1.57468087e-05,5.69985875e-06
1.517254,4.70984893e+00,1.58015034e-05,5.65301697e-06
1.518348,4.71328138e+00,1.57508167e-05,5.59390013e-06
1.519442,4.71636507e+00,1.56242064e-05,5.52662104e-06
1.520536,4.71909731e+00,1.53338781e-05,5.44961730e-06
1.521630,4.72150033e+00,1.53473707e-05,5.36230654e-06
1.522724,4.72355355e+00,1.51928816e-05,5.26744392e-06
1.523818,4.72524504e+00,1.49707319e-05,5.16372498e-06
1.524912,4.72657495e+00,1.46277754e-05,5.05267150e-06
1.526005,4.72757065e+00,1.43912644e-05,4.93624144e-06
1.527099,4.72823730e+00,1.39681985e-05,4.81426635e-06
1.528193,4.72859346e+00,1.37468707e-05,4.68738900e-06
1.529287,4.72867876e+00,1.32738561e-05,4.55852680e-06
1.530381,4.72854154e+00,1.27787649e-05,4.42755930e-06
1.531475,4.72818376e+00,1.26716360e-05,4.29255705e-06
1.532569,4.72762032e+00,1.20258963e-05,4.15616266e-06
1.533663,4.72691856e+00,1.17402276e-05,4.02032966e-06
1.534757,4.72608233e+00,1.14013548e-05,3.88266012e-06
1.535851,4.72512326e+00,1.08683100e-05,3.74376765e-06
1.536945,4.72405009e+00,1.06379636e-05,3.60427717e-06
1.538038,4.72287931e+00,9.99481312e-06,3.46507115e-06
1.539132,4.72165956e+00,9.62686760e-06,3.32798800e-06
1.540226,4.72040341e+00,9.19880497e-06,3.19187780e-06
1.541320,4.71912025e+00,8.83129889e-06,3.05658629e-06
1.542414,4.71782503e+00,8.39136945e-06,2.92305381e-06
1.543508,4.71655258e+00,7.96783374e-06,2.79249905e-06
1.544602,4.71530186e+00,7.65582072e-06,2.66321313e-06
1.545696,4.71407394e+00,7.20014991e-06,2.53560061e-06
1.546790,4.71287845e+00,6.91518185e-06,2.41099848e-06
1.547884,4.71169847e+00,6.45246811e-06,2.28667577e-06
1.548978,4.71055728e+00,6.17845087e-06,2.16740848e-06
1.550072,4.70943004e+00,5.87605759e-06,2.04890314e-06
1.551165,4.70828538e+00,5.58009620e-06,1.93209860e-06
1.552259,4.70712348e+00,5.32771340e-06,1.81891908e-06
1.553353,4.70591699e+00,4.93361476e-06,1.70624144e-06
1.554447,4.70467326e+00,4.64544912e-06,1.59840087e-06
1.555541,4.70338289e+00,4.30772244e-06,1.49259503e-06
1.556635,4.70203896e+00,4.01604512e-06,1.39028476e-06
1.557729,4.70056633e+00,3.85525559e-06,0.00000000e+00
1.558823,4.69882362e+00,3.52417665e-06,1.18667761e-06
1.559917,4.69699073e+00,3.25315091e-06,1.09401854e-06
1.561011,4.69506347e+00,3.00222591e-06,1.00490412e-06
1.562105,4.69301962e+00,2.79345086e-06,9.19154690e-07
1.563198,4.69084047e+00,2.60319026e-06,8.36856642e-07
1.564292,4.68851003e+00,2.36750949e-06,7.57019290e-07
1.565386,4.68601017e+00,2.19967865e-06,6.81630117e-07
1.566480,4.68332232e+00,1.95488134e-06,6.08494678e-07
1.567574,4.68043280e+00,1.80982731e-06,5.40133970e-07
1.568668,4.67732060e+00,1.65443079e-06,4.75517207e-07
1.569762,4.67396548e+00,1.59109182e-06,4.15091046e-07
1.570856,4.67034345e+00,1.38443425e-06,3.58276056e-07
1.571950,4.66644417e+00,1.22393180e-06,3.06690134e-07
1.573044,4.66225530e+00,1.10365830e-06,2.61766504e-07
1.574138,4.65776035e+00,9.76384557e-07,2.24119271e-07
1.575231,4.65294708e+00,9.03258621e-07,1.96551500e-07
1.576325,4.64780115e+00,8.13414321e-07,1.80156396e-07
1.577419,4.64230977e+00,7.43712959e-07,1.76605276e-07
1.578513,4.63646150e+00,7.16387433e-07,1.84266618e-07
1.579607,4.63024278e+00,7.05917006e-07,2.00319786e-07
1.580701,4.62363924e+00,7.07596921e-07,2.21957377e-07
1.581795,4.61663828e+00,7.31234926e-07,2.46465958e-07
1.582889,4.60922835e+00,7.72352536e-07,2.72670626e-07
1.583983,4.60140128e+00,8.28712662e-07,2.99061987e-07
1.585077,4.59314745e+00,8.85080079e-07,3.25110871e-07
1.586171,4.58445496e+00,9.31081263e-07,3.50148382e-07
1.587264,4.57531246e+00,1.00235268e-06,3.75218754e-07
1.588358,4.56571271e+00,1.07437088e-06,3.99489037e-07
1.589452,4.55564640e+00,1.13937583e-06,4.22619673e-07
1.590546,4.54510503e+00,1.19530828e-06,4.44759017e-07
1.591640,4.53408016e+00,1.27297596e-06,4.66641419e-07
1.592734,4.52256609e+00,1.34636499e-06,4.87877927e-07
1.593828,4.51055827e+00,1.41031882e-06,5.08006640e-07
1.594922,4.49805109e+00,1.46991381e-06,5.27405564e-07
1.596016,4.48503950e+00,1.53699573e-06,5.46591061e-07
1.597110,4.47152096e+00,1.60151357e-06,5.65232600e-07
1.598204,4.45749354e+00,1.65909532e-06,5.83240124e-07
1.599298,4.44295599e+00,1.72058698e-06,6.01137389e-07
1.600391,4.42790784e+00,1.78193416e-06,6.18440769e-07
1.601485,4.41234749e+00,1.84489040e-06,6.35386322e-07
1.602579,4.39627394e+00,1.90614249e-06,6.52139837e-07
1.603673,4.37968795e+00,1.96308223e-06,6.68248027e-07
1.604767,4.36259013e+00,2.01768433e-06,6.84201181e-07
1.605861,4.34498257e+00,2.08307161e-06,7.00437166e-07
1.606955,4.32686865e+00,2.13053858e-06,7.15373907e-07
1.608049,4.30825048e+00,2.19058022e-06,7.30788924e-07
1.609143,4.28913446e+00,2.24449225e-06,7.46138878e-07
1.610237,4.26952765e+00,2.29561845e-06,7.60612055e-07
1.611331,4.24943561e+00,2.35259496e-06,7.75095968e-07
1.612424,4.22886313e+00,2.40734999e-06,7.89115918e-07
1.613518,4.20781684e+00,2.45882052e-06,8.02942193e-07
1.614612,4.18630392e+00,2.51834265e-06,8.16448838e-07
1.615706,4.16432859e+00,2.57489341e-06,8.28986429e-07
1.616800,4.14189663e+00,2.62403025e-06,8.41440697e-07
1.617894,4.11901590e+00,2.67405580e-06,8.53824077e-07
1.618988,4.09569435e+00,2.72519739e-06,8.65115980e-07
1.620082,4.07193948e+00,2.77280866e-06,8.76058327e-07
1.621176,4.04775798e+00,2.82865639e-06,8.86786034e-07
1.622270,4.02315711e+00,2.87602144e-06,8.97155390e-07
1.623364,3.99814624e+00,2.91512476e-06,9.06220242e-07
1.624457,3.97273410e+00,2.96803721e-06,9.15787018e-07
1.625551,3.94693093e+00,3.01119727e-06,9.24254320e-07
1.626645,3.92074559e+00,3.05593680e-06,9.32097889e-07
1.627739,3.89418634e+00,3.11049271e-06,9.39743018e-07
1.628833,3.86726049e+00,3.16469689e-06,9.45932330e-07
1.629927,3.83996963e+00,3.20428473e-06,9.52209484e-07
1.631021,3.81232083e+00,3.25483310e-06,9.57135180e-07
1.632115,3.78431811e+00,3.31066172e-06,9.62079895e-07
1.633209,3.75595832e+00,3.40023047e-06,9.65322452e-07
1.634303,3.72723787e+00,3.44719498e-06,9.68251522e-07
1.635397,3.69816259e+00,3.47617149e-06,9.70200215e-07
1.636490,3.66873799e+00,3.51159588e-06,9.71185223e-07
1.637584,3.63897226e+00,3.53468041e-06,9.72132380e-07
1.638678,3.60887681e+00,3.56889376e-06,9.71883715e-07
1.639772,3.57845563e+00,3.59325681e-06,9.71243042e-07
1.640866,3.54771411e+00,3.63952843e-06,9.69277228e-07
1.641960,3.51664961e+00,3.68830460e-06,9.66950084e-07
1.643054,3.48526359e+00,3.71032111e-06,9.63955126e-07
1.644148,3.45356031e+00,3.74077071e-06,9.59895453e-07
1.645242,3.42153570e+00,3.79950571e-06,9.55062246e-07
1.646336,3.38918173e+00,3.84074103e-06,9.49419546e-07
1.647430,3.35649513e+00,3.86969239e-06,9.42820506e-07
1.648523,3.32347653e+00,3.94094784e-06,9.35653761e-07
1.649617,3.29010297e+00,3.96801345e-06,9.27615079e-07
1.650711,3.25637899e+00,3.97945885e-06,9.19007544e-07
1.651805,3.22230077e+00,4.03532828e-06,9.09649694e-07
1.652899,3.18785928e+00,4.06527021e-06,8.99679311e-07
1.653993,3.15303844e+00,4.10636345e-06,8.89167918e-07
1.655087,3.11783561e+00,4.08615466e-06,8.78250728e-07
1.656181,3.08225456e+00,4.08756986e-06,8.67161277e-07
1.657275,3.04628993e+00,4.13236079e-06,8.55909903e-07
1.658369,3.00992535e+00,4.17046656e-06,8.44405083e-07
1.659463,2.97314671e+00,4.16124001e-06,8.32999924e-07
1.660557,2.93595757e+00,4.12641973e-06,8.21866794e-07
1.661650,2.89835820e+00,4.13687676e-06,8.11202249e-07
1.662744,2.86034648e+00,4.07541919e-06,8.01226759e-07
1.663838,2.82194153e+00,4.00819812e-06,7.92066789e-07
1.664932,2.78315634e+00,4.00647762e-06,7.83903058e-07
1.666026,2.74399899e+00,3.95742783e-06,7.76801962e-07
1.667120,2.70448046e+00,3.88773922e-06,7.70925962e-07
1.668214,2.66461841e+00,3.81944139e-06,7.66450272e-07
1.669308,2.62443380e+00,3.70876359e-06,7.63346814e-07
1.670402,2.58395676e+00,3.64115142e-06,7.61713201e-07
1.671496,2.54321073e+00,3.62136367e-06,7.61735889e-07
1.672590,2.50220922e+00,3.40917428e-06,7.63211465e-07
1.673683,2.46101245e+00,3.34696326e-06,7.65878146e-07
1.674777,2.41964545e+00,3.27251703e-06,7.70091601e-07
1.675871,2.37813731e+00,3.18167286e-06,7.75741795e-07
1.676965,2.33653170e+00,2.99093708e-06,7.82336961e-07
1.678059,2.29491190e+00,2.86183239e-06,7.89117851e-07
1.679153,2.25332664e+00,2.69993676e-06,7.96593053e-07
1.680247,2.21183463e+00,2.58074713e-06,8.04267436e-07
1.681341,2.17050566e+00,2.46446395e-06,8.11792274e-07
1.682435,2.12939096e+00,2.32809182e-06,8.19330173e-07
1.683529,2.08856556e+00,2.21779475e-06,8.26105166e-07
1.684623,2.04808697e+00,2.09306134e-06,8.32476325e-07
1.685716,2.00802426e+00,1.98571547e-06,8.37911521e-07
1.686810,1.96845734e+00,1.87890033e-06,8.41885880e-07
1.687904,1.92946305e+00,1.81784236e-06,8.44606739e-07
1.688998,1.89109301e+00,1.75342334e-06,8.46263783e-07
1.690092,1.85341585e+00,1.70678293e-06,8.46527133e-07
1.691186,1.81647832e+00,1.67183502e-06,8.45909325e-07
1.692280,1.78032684e+00,1.64595853e-06,8.44207414e-07
1.693374,1.74501694e+00,1.62096028e-06,8.41131627e-07
1.694468,1.71059113e+00,1.61384715e-06,8.36857295e-07
1.695562,1.67709692e+00,1.61024161e-06,8.31290134e-07
1.696656,1.64457617e+00,1.60521903e-06,8.24654325e-07
1.697749,1.61306503e+00,1.61321040e-06,8.16864472e-07
1.698843,1.58259664e+00,1.60928929e-06,8.08221958e-07
1.699937,1.55319872e+00,1.59320013e-06,7.98816361e-07
1.701031,1.52489001e+00,1.60264498e-06,7.88649255e-07
1.702125,1.49769485e+00,1.58344853e-06,7.77938990e-07
1.703219,1.47163141e+00,1.60326434e-06,7.66187424e-07
1.704313,1.44672380e+00,1.60094337e-06,7.53836425e-07
1.705407,1.42298361e+00,1.58078438e-06,7.41296788e-07
1.706501,1.40041517e+00,1.57015383e-06,7.28459640e-07
1.707595,1.37902290e+00,1.55751327e-06,7.15462257e-07
1.708689,1.35881013e+00,1.54371721e-06,7.02281314e-07
1.709782,1.33977653e+00,1.53743909e-06,6.88978533e-07
1.710876,1.32192020e+00,1.53433182e-06,6.75605666e-07
1.711970,1.30523681e+00,1.51595311e-06,6.62503102e-07
1.713064,1.28971595e+00,1.49819077e-06,6.49662303e-07
1.714158,1.27534452e+00,1.49238851e-06,6.36973872e-07
1.715252,1.26210956e+00,1.48393502e-06,6.24599956e-07
1.716346,1.24999332e+00,1.46512227e-06,6.12823412e-07
1.717440,1.23897419e+00,1.45617038e-06,6.01407832e-07
1.718534,1.22902889e+00,1.44963894e-06,5.90495123e-07
1.719628,1.22013218e+00,1.44040066e-06,5.80164509e-07
1.720722,1.21225505e+00,1.43053688e-06,5.70471370e-07
1.721816,1.20536663e+00,1.42224139e-06,5.61362167e-07
1.722909,1.19943406e+00,1.41625819e-06,5.52888439e-07
1.724003,1.19442298e+00,1.41329571e-06,5.45043765e-07
1.725097,1.19029757e+00,1.40946789e-06,5.37917398e-07
1.726191,1.18701930e+00,1.40615555e-06,5.31588244e-07
1.727285,1.18454952e+00,1.41191781e-06,5.25959268e-07
1.728379,1.18284921e+00,1.41611032e-06,5.21298543e-07
1.729473,1.18187774e+00,1.42222485e-06,5.17646153e-07
1.730567,1.18159382e+00,1.42986601e-06,5.15130792e-07
1.731661,1.18195589e+00,1.44243210e-06,5.13883692e-07
1.732755,1.18292321e+00,1.45723390e-06,5.14022704e-07
1.733849,1.18445433e+00,1.47597698e-06,5.15669661e-07
1.734942,1.18650860e+00,1.49764363e-06,5.18864465e-07
1.736036,1.18904616e+00,1.52154645e-06,5.23636166e-07
1.737130,1.19202759e+00,1.54851666e-06,5.29965257e-07
1.738224,1.19541400e+00,1.57976919e-06,5.37822497e-07
1.739318,1.19916847e+00,1.61479889e-06,5.47318567e-07
1.740412,1.20325500e+00,1.65207769e-06,5.58015586e-07
1.741506,1.20763835e+00,1.69320961e-06,5.69946505e-07
1.742600,1.21228436e+00,1.73694282e-06,5.83038745e-07
1.743694,1.21716000e+00,1.78193197e-06,5.97001392e-07
1.744788,1.22223374e+00,1.82907931e-06,6.11657659e-07
1.745882,1.22747487e+00,1.87846055e-06,6.26687730e-07
1.746975,1.23285335e+00,1.93467267e-06,6.42644328e-07
1.748069,1.23833980e+00,1.98725268e-06,6.58740651e-07
1.749163,1.24390623e+00,2.04231044e-06,6.75105250e-07
1.750257,1.24952610e+00,2.09848251e-06,6.91307805e-07
1.751351,1.25517288e+00,2.15576957e-06,7.07385678e-07
1.752445,1.26082171e+00,2.21014761e-06,7.23563010e-07
1.753539,1.26644964e+00,2.26737919e-06,7.39681421e-07
1.754633,1.27203364e+00,2.32904116e-06,7.54913816e-07
1.755727,1.27754992e+00,2.38622414e-06,7.70026036e-07
1.756821,1.28297708e+00,2.44698531e-06,7.84849176e-07
1.757915,1.28829471e+00,2.50830930e-06,7.98666462e-07
1.759008,1.29348147e+00,2.56352557e-06,8.12314168e-07
1.760102,1.29851886e+00,2.61942489e-06,8.24952807e-07
1.761196,1.30338871e+00,2.67249955e-06,8.37310656e-07
1.762290,1.30807378e+00,2.73098857e-06,8.48313355e-07
1.763384,1.31255723e+00,2.78462591e-06,8.59037107e-07
1.764478,1.31682292e+00,2.83789020e-06,8.68745459e-07
1.765572,1.32085556e+00,2.88982554e-06,8.77544994e-07
1.766666,1.32463938e+00,2.94353506e-06,8.85172754e-07
1.767760,1.32816033e+00,2.99112020e-06,8.92010868e-07
1.768854,1.33140447e+00,3.03958673e-06,8.98010507e-07
1.769948,1.33435496e+00,3.10479513e-06,9.02231548e-07
1.771041,1.33699561e+00,3.14768628e-06,9.05859957e-07
1.772135,1.33927736e+00,3.18975846e-06,0.00000000e+00
1.773229,1.34111247e+00,3.22297107e-06,9.03794270e-07
1.774323,1.34260252e+00,3.25946856e-06,9.03798034e-07
1.775417,1.34373612e+00,3.30507888e-06,9.02358860e-07
1.776511,1.34449994e+00,3.34543424e-06,8.99532446e-07
1.777605,1.34488357e+00,3.37726049e-06,8.95525604e-07
1.778699,1.34487880e+00,3.40475290e-06,8.90284763e-07
1.779793,1.34447656e+00,3.44308326e-06,8.83533118e-07
1.780887,1.34366658e+00,3.46731539e-06,8.75563396e-07
1.781981,1.34244059e+00,3.50152031e-06,8.66015670e-07
1.783075,1.34078769e+00,3.53132622e-06,8.55167243e-07
1.784168,1.33869740e+00,3.54613137e-06,8.42813568e-07
1.785262,1.33615994e+00,3.57959440e-06,8.28872764e-07
1.786356,1.33316795e+00,3.57108351e-06,8.13534170e-07
1.787450,1.32972159e+00,3.57313475e-06,7.96910944e-07
1.788544,1.32582229e+00,3.56194367e-06,7.79145273e-07
1.789638,1.32147035e+00,3.55211144e-06,7.60068237e-07
1.790732,1.31667069e+00,3.49596488e-06,7.40034009e-07
1.791826,1.31143815e+00,3.48932458e-06,7.19184728e-07
1.792920,1.30577718e+00,3.40476370e-06,6.97299406e-07
1.794014,1.29970773e+00,3.37589539e-06,6.74918887e-07
1.795108,1.29323913e+00,3.33609938e-06,6.51559014e-07
1.796201,1.28638514e+00,3.27358575e-06,6.27536606e-07
1.797295,1.27917381e+00,3.18099922e-06,6.03467440e-07
1.798389,1.27163177e+00,3.06523820e-06,5.79143082e-07
1.799483,1.26379111e+00,2.97423205e-06,5.54936142e-07
1.800577,1.25568476e+00,2.87489276e-06,5.30918775e-07
1.801671,1.24733805e+00,2.76372248e-06,5.06726796e-07
1.802765,1.23878355e+00,2.67121379e-06,4.82893469e-07
1.803859,1.23005823e+00,2.59074307e-06,4.59575474e-07
1.804953,1.22118410e+00,2.49823564e-06,4.36093358e-07
1.806047,1.21219064e+00,2.37598735e-06,4.12989911e-07
1.807141,1.20311345e+00,2.25100446e-06,3.90475919e-07
1.808234,1.19398698e+00,2.10577571e-06,3.68562789e-07
1.809328,1.18484718e+00,2.02108708e-06,3.47522383e-07
1.810422,1.17572192e+00,1.85972861e-06,3.26891151e-07
1.811516,1.16664744e+00,1.75494374e-06,3.07311958e-07
1.812610,1.15765925e+00,1.64102831e-06,2.88863212e-07
1.813704,1.14877797e+00,1.53308331e-06,2.70684931e-07
1.814798,1.14002655e+00,1.42139995e-06,2.53346819e-07
1.815892,1.13142206e+00,1.35539708e-06,2.36523436e-07
1.816986,1.12297731e+00,1.25524712e-06,2.20092483e-07
1.818080,1.11471028e+00,1.17602928e-06,2.04414095e-07
1.819174,1.10662736e+00,1.09939316e-06,1.88869327e-07
1.820267,1.09873867e+00,1.00341524e-06,1.73858655e-07
1.821361,1.09105410e+00,9.21158731e-07,1.59281409e-07
1.822455,1.08357533e+00,8.70010427e-07,1.44943189e-07
1.823549,1.07630104e+00,7.92828258e-07,1.30609725e-07
1.824643,1.06923304e+00,7.23097974e-07,1.16532843e-07
1.825737,1.06236660e+00,6.62113196e-07,1.02387358e-07
1.826831,1.05569456e+00,5.93173106e-07,8.81326525e-08
1.827925,1.04921392e+00,5.34460362e-07,7.41335740e-08
1.829019,1.04291653e+00,4.51867773e-07,5.99084602e-08
1.830113,1.03679481e+00,4.12666692e-07,4.61586132e-08
1.831207,1.03083601e+00,3.57168188e-07,3.25694801e-08
1.832300,1.02502827e+00,2.94764135e-07,2.01186018e-08
1.833394,1.01936070e+00,2.37542461e-07,1.29848765e-08
1.834488,1.01381862e+00,1.86280399e-07,1.83500176e-08
1.835582,1.00838660e+00,1.35580080e-07,2.98458590e-08
1.836676,1.00305059e+00,8.78205377e-08,4.23839653e-08
1.837770,9.97795104e-01,6.07958993e-08,5.47559843e-08
1.838864,9.92603205e-01,6.46548373e-08,6.65863175e-08
1.839958,9.87457023e-01,8.74264449e-08,7.77050760e-08
1.841052,9.82337433e-01,1.20245701e-07,8.80877885e-08
1.842146,9.77225626e-01,1.58729331e-07,9.75504287e-08
1.843240,9.72102977e-01,1.83163146e-07,1.05798798e-07
1.844334,9.66950275e-01,2.19496051e-07,1.13150909e-07
1.845427,9.61749258e-01,2.44996519e-07,1.19289859e-07
1.846521,9.56481791e-01,2.76217029e-07,1.24542796e-07
1.847615,9.51130798e-01,2.98829177e-07,1.28856452e-07
1.848709,9.45679099e-01,3.18647589e-07,1.32606335e-07
1.849803,9.40110198e-01,3.39212463e-07,1.36195766e-07
1.850897,9.34409165e-01,3.64249956e-07,1.40119511e-07
1.851991,9.28562537e-01,3.82870939e-07,1.44646484e-07
1.853085,9.22558186e-01,4.08507410e-07,1.50598320e-07
1.854179,9.16385595e-01,4.33097223e-07,1.58058999e-07
1.855273,9.10035965e-01,4.61775561e-07,1.67583936e-07
1.856367,9.03502593e-01,4.93901950e-07,1.79187165e-07
1.857460,8.96780695e-01,5.30943684e-07,1.92941776e-07
1.858554,8.89867144e-01,5.75702505e-07,2.08760620e-07
1.859648,8.82760481e-01,6.22679723e-07,2.26356442e-07
1.860742,8.75460923e-01,6.73388477e-07,2.45398095e-07
1.861836,8.67971086e-01,7.26167275e-07,2.65959616e-07
1.862930,8.60295406e-01,7.83617254e-07,2.87954812e-07
1.864024,8.52440199e-01,8.43285074e-07,3.10840034e-07
1.865118,8.44413482e-01,9.04027067e-07,3.34293398e-07
1.866212,8.36224268e-01,9.70163309e-07,3.58524262e-07
1.867306,8.27883588e-01,1.03635388e-06,3.83333791e-07
1.868400,8.19404484e-01,1.10441112e-06,4.08271437e-07
1.869493,8.10800442e-01,1.17255577e-06,4.33354325e-07
1.870587,8.02086218e-01,1.24337194e-06,4.58026761e-07
1.871681,7.93276992e-01,1.31441388e-06,4.82706399e-07
1.872775,7.84390259e-01,1.38701649e-06,5.06868869e-07
1.873869,7.75443498e-01,1.45681295e-06,5.30487425e-07
1.874963,7.66455801e-01,1.52589502e-06,5.53460052e-07
1.876057,7.57446642e-01,1.60312870e-06,5.75170256e-07
1.877151,7.48432724e-01,1.67075237e-06,5.95890104e-07
1.878245,7.39423734e-01,1.74384501e-06,0.00000000e+00
1.879339,7.30419221e-01,1.80607796e-06,6.30562366e-07
1.880433,7.21461886e-01,1.87121679e-06,6.46636287e-07
1.881526,7.12569140e-01,1.93033814e-06,6.61199670e-07
1.882620,7.03759872e-01,1.99436327e-06,6.73554378e-07
1.883714,6.95048908e-01,2.05095232e-06,6.84088859e-07
1.884808,6.86452571e-01,2.10423255e-06,6.92156888e-07
1.885902,6.77985295e-01,2.15441801e-06,6.97755319e-07
1.886996,6.69660990e-01,2.19502170e-06,7.00854503e-07
1.888090,6.61491386e-01,2.23450304e-06,7.01113492e-07
1.889184,6.53488299e-01,2.26526445e-06,6.98536807e-07
1.890278,6.45661235e-01,2.29613853e-06,6.92942562e-07
1.891372,6.38020012e-01,2.30001173e-06,6.84384025e-07
1.892466,6.30578985e-01,2.30627945e-06,6.72817104e-07
1.893559,6.23347155e-01,2.30267610e-06,6.58144440e-07
1.894653,6.16272535e-01,2.30473981e-06,6.36367637e-07
1.895747,6.09399604e-01,2.27393011e-06,6.15564733e-07
1.896841,6.02760168e-01,2.21546869e-06,5.91897893e-07
1.897935,5.96378218e-01,2.12254642e-06,5.65955878e-07
1.899029,5.90276572e-01,2.05933316e-06,5.37935108e-07
1.900123,5.84472625e-01,1.97704493e-06,5.07878614e-07
1.901217,5.78991925e-01,1.86057481e-06,4.76241490e-07
1.902311,5.73861287e-01,1.73983437e-06,4.43384045e-07
1.903405,5.69110474e-01,1.60027216e-06,4.09777809e-07
1.904499,5.64767043e-01,1.48262918e-06,3.75864552e-07
1.905593,5.60854626e-01,1.33665901e-06,3.41814942e-07
1.906686,5.57393112e-01,1.23440027e-06,3.08317565e-07
1.907780,5.54396234e-01,1.08087007e-06,2.75300272e-07
1.908874,5.51878158e-01,9.66845747e-07,2.43848496e-07
1.909968,5.49840423e-01,8.73353227e-07,2.14084509e-07
1.911062,5.48277626e-01,7.73129922e-07,1.86179193e-07
1.912156,5.47180215e-01,6.84893052e-07,1.60567902e-07
1.913250,5.46535658e-01,5.92298560e-07,1.37486643e-07
1.914344,5.46325445e-01,5.00732787e-07,1.16739440e-07
1.915438,5.46527759e-01,4.39737911e-07,9.83109270e-08
1.916532,5.47114184e-01,3.73096186e-07,8.13802918e-08
1.917626,5.48055508e-01,3.01478060e-07,6.57650603e-08
1.918719,5.49319054e-01,2.45130945e-07,5.12308925e-08
1.919813,5.50868555e-01,1.90667069e-07,3.80139930e-08
1.920907,5.52666745e-01,1.45032359e-07,2.76528053e-08
1.922001,5.54674840e-01,1.03260658e-07,2.33631580e-08
1.923095,5.56853737e-01,7.69643866e-08,2.71343897e-08
1.924189,5.59164639e-01,7.10230193e-08,3.52781287e-08
1.925283,5.61569557e-01,8.78694311e-08,4.42242731e-08
1.926377,5.64031189e-01,1.09922743e-07,5.24991390e-08
1.927471,5.66513267e-01,1.38720991e-07,5.97489045e-08
1.928565,5.68981272e-01,1.59690367e-07,6.59848408e-08
1.929659,5.71402555e-01,1.83539962e-07,7.18698513e-08
1.930752,5.73746858e-01,2.07854005e-07,7.84101405e-08
1.931846,5.75986330e-01,2.32058703e-07,8.68305316e-08
1.932940,5.78095559e-01,2.67167068e-07,9.87206554e-08
1.934034,5.80051624e-01,3.04820271e-07,1.14222307e-07
1.935128,5.81833854e-01,3.50075153e-07,1.33215318e-07
1.936222,5.83423731e-01,4.00373848e-07,1.54689138e-07
1.937316,5.84804947e-01,4.55217892e-07,1.77932132e-07
1.938410,5.85963388e-01,5.11136268e-07,2.01793785e-07
1.939504,5.86886977e-01,5.68127691e-07,2.25893626e-07
1.940598,5.87565538e-01,6.27850926e-07,2.50292271e-07
1.941692,5.87990719e-01,6.85128409e-07,2.73805822e-07
1.942785,5.88156140e-01,7.42656530e-07,2.97348149e-07
1.943879,5.88057564e-01,7.98430024e-07,3.20025880e-07
1.944973,5.87692125e-01,8.52824165e-07,3.41753760e-07
1.946067,5.87058739e-01,9.06496703e-07,3.62859557e-07
1.947161,5.86157505e-01,9.59687765e-07,3.82402424e-07
1.948255,5.84990314e-01,9.80246858e-07,4.00724432e-07
1.949349,5.83562423e-01,1.05496198e-06,4.18226282e-07
1.950443,5.81878122e-01,1.09713526e-06,4.34172077e-07
1.951537,5.79940920e-01,1.13964386e-06,4.48814450e-07
1.952631,5.77756171e-01,1.17633287e-06,4.61881223e-07
1.953725,5.75331342e-01,1.21263214e-06,4.73870598e-07
1.954818,5.72675161e-01,1.24490298e-06,4.84315255e-07
1.955912,5.69796785e-01,1.27440728e-06,4.93449439e-07
1.957006,5.66706105e-01,1.29646741e-06,5.00887383e-07
1.958100,5.63413772e-01,1.31763783e-06,5.07228376e-07
1.959194,5.59931343e-01,1.33550773e-06,5.12239188e-07
1.960288,5.56270818e-01,1.35172217e-06,5.15963751e-07
1.961382,5.52444160e-01,1.36097227e-06,5.18316903e-07
1.962476,5.48463983e-01,1.37407768e-06,5.19707625e-07
1.963570,5.44342916e-01,1.37784584e-06,5.19554182e-07
1.964664,5.40093214e-01,1.38304616e-06,5.18405631e-07
1.965758,5.35727022e-01,1.38497972e-06,5.16056807e-07
1.966852,5.31256176e-01,1.38119162e-06,5.12531413e-07
1.967945,5.26692250e-01,1.38375769e-06,5.08088629e-07
1.969039,5.22045903e-01,1.37569416e-06,5.02455023e-07
1.970133,5.17328194e-01,1.36854530e-06,4.95924067e-07
1.971227,5.12549724e-01,1.36147502e-06,4.88461221e-07
1.972321,5.07720206e-01,1.34365819e-06,4.80002576e-07
1.973415,5.02849992e-01,1.33320249e-06,4.70905916e-07
1.974509,4.97947642e-01,1.32228208e-06,4.60845511e-07
1.975603,4.93019822e-01,1.30350719e-06,4.50026711e-07
1.976697,4.88074777e-01,1.28268224e-06,4.38551700e-07
1.977791,4.83120510e-01,1.26378556e-06,4.26448242e-07
1.978885,4.78162917e-01,1.23900201e-06,4.13776857e-07
1.979978,4.73207883e-01,1.21704174e-06,4.00612024e-07
1.981072,4.68261174e-01,1.18835573e-06,3.86987760e-07
1.982166,4.63327585e-01,1.17156804e-06,3.72996516e-07
1.983260,4.58409088e-01,1.14412986e-06,3.58615519e-07
1.984354,4.53509868e-01,1.11285872e-06,3.43978507e-07
1.985448,4.48634379e-01,1.07788770e-06,3.29166359e-07
1.986542,4.43788115e-01,1.04900788e-06,3.14297028e-07
1.987636,4.38973464e-01,1.01740269e-06,2.99369396e-07
1.988730,4.34191436e-01,9.86512530e-07,2.84481933e-07
1.989824,4.29444516e-01,9.51256953e-07,2.69672097e-07
1.990918,4.24734039e-01,9.22768669e-07,2.54996327e-07
1.992011,4.20063328e-01,8.80556091e-07,2.40531528e-07
1.993105,4.15435780e-01,8.49107762e-07,2.26437357e-07
1.994199,4.10852095e-01,8.06209930e-07,2.12573303e-07
1.995293,4.06316933e-01,7.71882845e-07,1.99221540e-07
1.996387,4.01835063e-01,7.27267843e-07,1.86286464e-07
1.997481,3.97409425e-01,6.96091826e-07,1.73882258e-07
1.998575,3.93043202e-01,6.67280932e-07,1.62051711e-07
1.999669,3.88736512e-01,6.40502180e-07,1.50692419e-07
2.000763,3.84491644e-01,5.96932766e-07,1.39826929e-07
2.001857,3.80313445e-01,5.63048923e-07,1.29694878e-07
2.002951,3.76203223e-01,5.29823786e-07,1.20159345e-07
2.004044,3.72164681e-01,4.92567851e-07,1.11244372e-07
2.005138,3.68200684e-01,4.71102800e-07,1.03022721e-07
2.006232,3.64311588e-01,4.43284583e-07,9.53684043e-08
2.007326,3.60500566e-01,4.08545336e-07,8.82822158e-08
2.008420,3.56769557e-01,3.89394707e-07,8.18433445e-08
2.009514,3.53119322e-01,3.69489163e-07,7.59735357e-08
2.010608,3.49549024e-01,3.41882008e-07,7.05781856e-08
2.011702,3.46059519e-01,3.27965530e-07,6.57680879e-08
2.012796,3.42649367e-01,3.10850799e-07,6.14157898e-08
2.013890,3.39317543e-01,2.93902109e-07,5.75103117e-08
2.014984,3.36062997e-01,2.76436663e-07,5.40148929e-08
2.016077,3.32884798e-01,2.58751980e-07,5.08915813e-08
2.017171,3.29781430e-01,2.54001866e-07,4.81694178e-08
2.018265,3.26749754e-01,2.32907986e-07,4.56349720e-08
2.019359,3.23788966e-01,2.21590226e-07,4.34136536e-08
2.020453,3.20895958e-01,2.13083234e-07,4.13853727e-08
2.021547,3.18067852e-01,2.05305060e-07,3.95263099e-08
2.022641,3.15301667e-01,1.92472370e-07,3.77479868e-08
2.023735,3.12594207e-01,1.88695205e-07,3.60920755e-08
2.024829,3.09941987e-01,1.74925005e-07,3.44289267e-08
2.025923,3.07342314e-01,1.66733672e-07,3.28289320e-08
2.027017,3.04792071e-01,1.56212440e-07,3.12314393e-08
2.028111,3.02288643e-01,1.51084318e-07,2.96773690e-08
2.029204,2.99829315e-01,1.36031538e-07,2.80690123e-08
2.030298,2.97412297e-01,1.31831594e-07,2.65408817e-08
2.031392,2.95034342e-01,1.22272620e-07,2.49686765e-08
2.032486,2.92692632e-01,1.16924707e-07,2.34311168e-08
2.033580,2.90384479e-01,1.07379092e-07,2.18965797e-08
2.034674,2.88107657e-01,1.01234748e-07,2.04344052e-08
2.035768,2.85860077e-01,9.34937910e-08,1.90531213e-08
2.036862,2.83639620e-01,8.73045271e-08,1.77959317e-08
2.037956,2.81444043e-01,7.93784633e-08,1.66841388e-08
2.039050,2.79271778e-01,7.70048994e-08,1.58294720e-08
2.040144,2.77120547e-01,6.99194319e-08,1.51924472e-08
2.041237,2.74988941e-01,6.56708207e-08,1.48791085e-08
2.042331,2.72875569e-01,6.23904966e-08,1.48948427e-08
2.043425,2.70779034e-01,5.89146819e-08,1.52209720e-08
2.044519,2.68698136e-01,5.69159695e-08,1.58413019e-08
2.045613,2.66631727e-01,5.68727177e-08,1.67038310e-08
2.046707,2.64578844e-01,5.63517282e-08,1.77551705e-08
2.047801,2.62538626e-01,5.73297210e-08,1.89564069e-08
2.048895,2.60510420e-01,5.91150111e-08,2.02544313e-08
2.049989,2.58493713e-01,6.09233912e-08,2.16057230e-08
2.051083,2.56488226e-01,6.31456891e-08,2.29808839e-08
2.052177,2.54493620e-01,6.58843914e-08,2.43644064e-08
2.053270,2.52509969e-01,6.91215350e-08,2.57278332e-08
2.054364,2.50537333e-01,7.26970591e-08,2.70494949e-08
2.055458,2.48575938e-01,7.59684346e-08,2.83166012e-08
2.056552,2.46626161e-01,7.90813940e-08,2.95210160e-08
2.057646,2.44688158e-01,8.21638375e-08,3.06580836e-08
2.058740,2.42762771e-01,8.55942309e-08,3.17173101e-08
2.059834,2.40850718e-01,8.83531669e-08,3.26966842e-08
2.060928,2.38952903e-01,9.11185180e-08,3.35944783e-08
2.062022,2.37070502e-01,9.38836587e-08,3.44096922e-08
2.063116,2.35204612e-01,9.64948383e-08,3.51441543e-08
2.064210,2.33356711e-01,9.90233006e-08,3.58007922e-08
2.065303,2.31528521e-01,1.01428591e-07,3.63868609e-08
2.066397,2.29721623e-01,1.03838984e-07,3.69092624e-08
2.067491,2.27937698e-01,1.05904393e-07,3.73764625e-08
2.068585,2.26178860e-01,1.07889413e-07,3.78065594e-08
2.069679,2.24447058e-01,1.10010988e-07,3.82119318e-08
2.070773,2.22744440e-01,1.12011836e-07,3.86097026e-08
2.071867,2.21073402e-01,1.13872356e-07,3.90209566e-08
2.072961,2.19436596e-01,1.16040724e-07,3.94654756e-08
2.074055,2.17836733e-01,1.18138092e-07,3.99643359e-08
2.075149,2.16276353e-01,1.20622609e-07,4.05370740e-08
2.076243,2.14758146e-01,1.23204021e-07,4.12064184e-08
2.077336,2.13285003e-01,1.25886624e-07,4.19955041e-08
2.078430,2.11859988e-01,1.28619216e-07,4.29281165e-08
2.079524,2.10486042e-01,1.32769437e-07,4.39864357e-08
2.080618,2.09165587e-01,1.36905287e-07,4.52078654e-08
2.081712,2.07901360e-01,1.41347233e-07,4.65852321e-08
2.082806,2.06696271e-01,1.46364110e-07,4.81306327e-08
2.083900,2.05552648e-01,1.51076093e-07,4.98521610e-08
2.084994,2.04472925e-01,1.56468811e-07,5.17142570e-08
2.086088,2.03459447e-01,1.62272213e-07,5.37269966e-08
2.087182,2.02514336e-01,1.68108900e-07,5.58889076e-08
2.088276,2.01639602e-01,1.74537838e-07,5.81665118e-08
2.089370,2.00836924e-01,1.81351306e-07,6.05665873e-08
2.090463,2.00107580e-01,1.89365697e-07,6.30620011e-08
2.091557,1.99452445e-01,1.96271836e-07,6.56427401e-08
2.092651,1.98872298e-01,2.03156643e-07,6.82786649e-08
2.093745,1.98367549e-01,2.11266753e-07,7.09565539e-08
2.094839,1.97938472e-01,2.19236741e-07,7.36376303e-08
2.095933,1.97584969e-01,2.26753098e-07,7.63513825e-08
2.097027,1.97306802e-01,2.34457680e-07,7.90690377e-08
2.098121,1.97103467e-01,2.41467580e-07,8.17796808e-08
2.099215,1.96974438e-01,2.49033866e-07,8.44458870e-08
2.100309,1.96918689e-01,2.56871040e-07,8.70651132e-08
2.101403,1.96934421e-01,2.64211695e-07,8.96193803e-08
2.102496,1.97020122e-01,2.70792901e-07,9.21266312e-08
2.103590,1.97174129e-01,2.78737040e-07,9.45113766e-08
2.104684,1.97394585e-01,2.84502800e-07,9.68640488e-08
2.105778,1.97679576e-01,2.91253102e-07,9.90867075e-08
2.106872,1.98026754e-01,2.97349709e-07,1.01197683e-07
2.107966,1.98433345e-01,3.04470589e-07,1.03162624e-07
2.109060,1.98896743e-01,3.10360747e-07,1.05003312e-07
2.110154,1.99414304e-01,3.16064411e-07,1.06712585e-07
2.111248,1.99983141e-01,3.21242140e-07,1.08273600e-07
2.112342,2.00600299e-01,3.25545896e-07,1.09690190e-07
2.113436,2.01263042e-01,3.30719326e-07,1.10946407e-07
2.114529,2.01967680e-01,3.37073590e-07,1.11990335e-07
2.115623,2.02710765e-01,3.40226424e-07,1.12889856e-07
2.116717,2.03489742e-01,3.42936432e-07,1.13636835e-07
2.117811,2.04301544e-01,3.47152203e-07,1.14192018e-07
2.118905,2.05143058e-01,3.47705549e-07,1.14618443e-07
2.119999,2.06011662e-01,3.50111717e-07,1.14856928e-07
2.121093,2.06904717e-01,3.50627126e-07,1.14949883e-07
2.122187,2.07819496e-01,3.52866133e-07,1.14869607e-07
2.123281,2.08753161e-01,3.51263585e-07,1.14646532e-07
2.124375,2.09703506e-01,3.55256376e-07,1.14262268e-07
2.125469,2.10667181e-01,3.53679218e-07,1.13738042e-07
2.126562,2.11641823e-01,3.54623400e-07,1.13050606e-07
2.127656,2.12624943e-01,3.53376591e-07,1.12225665e-07
2.128750,2.13614668e-01,3.49639554e-07,1.11294063e-07
2.129844,2.14608958e-01,3.48889062e-07,1.10214553e-07
2.130938,2.15605499e-01,3.45229315e-07,1.09013459e-07
2.132032,2.16603216e-01,3.43830941e-07,1.07734405e-07
2.133126,2.17599830e-01,3.39284478e-07,1.06323741e-07
2.134220,2.18594063e-01,3.36345259e-07,1.04833278e-07
2.135314,2.19584219e-01,3.31030279e-07,1.03237495e-07
2.136408,2.20569359e-01,3.24816282e-07,1.01580267e-07
2.137502,2.21548908e-01,3.19069129e-07,9.98682725e-08
2.138595,2.22521865e-01,3.16335126e-07,9.80931114e-08
2.139689,2.23486492e-01,3.08821058e-07,9.62212156e-08
2.140783,2.24442033e-01,3.07851701e-07,9.43155297e-08
2.141877,2.25386844e-01,2.99797444e-07,9.23175412e-08
2.142971,2.26320551e-01,2.93828683e-07,9.02998530e-08
2.144065,2.27242495e-01,2.86869987e-07,8.82391355e-08
2.145159,2.28152050e-01,2.80582337e-07,8.61478450e-08
2.146253,2.29048512e-01,2.75961197e-07,8.40289288e-08
2.147347,2.29930764e-01,2.70171894e-07,8.18576413e-08
2.148441,2.30797604e-01,2.65154647e-07,7.96461166e-08
2.149535,2.31648229e-01,2.56409992e-07,7.73996729e-08
2.150629,2.32482205e-01,2.52459094e-07,7.51613931e-08
2.151722,2.33298835e-01,2.44666502e-07,7.28842791e-08
2.152816,2.34097566e-01,2.37228679e-07,7.06001721e-08
2.153910,2.34877866e-01,2.31247500e-07,6.83174625e-08
2.155004,2.35639302e-01,2.24271766e-07,6.60279032e-08
2.156098,2.36381580e-01,2.17482069e-07,6.37425202e-08
2.157192,2.37104215e-01,2.10035746e-07,6.14492844e-08
2.158286,2.37807136e-01,1.99579714e-07,5.91551404e-08
2.159380,2.38490299e-01,1.94741975e-07,5.69068716e-08
2.160474,2.39153247e-01,1.86041252e-07,5.46484754e-08
2.161568,2.39796129e-01,1.81355402e-07,5.24541304e-08
2.162662,2.40418190e-01,1.76424855e-07,5.02468268e-08
2.163755,2.41018635e-01,1.70283143e-07,4.80379772e-08
2.164849,2.41596901e-01,1.62457831e-07,4.58338519e-08
2.165943,2.42152524e-01,1.57413875e-07,4.36708116e-08
2.167037,2.42685301e-01,1.50850857e-07,4.15357936e-08
2.168131,2.43194930e-01,1.43535219e-07,3.94109040e-08
2.169225,2.43681475e-01,1.35965956e-07,3.73318397e-08
2.170319,2.44144709e-01,1.29735212e-07,3.52870353e-08
2.171413,2.44584306e-01,1.25061035e-07,3.33009189e-08
2.172507,2.44999922e-01,1.17853166e-07,3.13268865e-08
2.173601,2.45391526e-01,1.12698021e-07,2.94218891e-08
2.174695,2.45758761e-01,1.06476608e-07,2.75457978e-08
2.175788,2.46101296e-01,1.02748871e-07,2.57474759e-08
2.176882,2.46418752e-01,9.48279658e-08,2.39458426e-08
2.177976,2.46711101e-01,9.05107991e-08,2.22518171e-08
2.179070,2.46978069e-01,8.42475658e-08,2.05994653e-08
2.180164,2.47219352e-01,8.16521983e-08,1.90580791e-08
2.181258,2.47434233e-01,7.82935340e-08,1.75853770e-08
2.182352,2.47622430e-01,7.23771956e-08,1.61751917e-08
2.183446,2.47784009e-01,6.89478472e-08,1.49062059e-08
2.184540,2.47918524e-01,6.53396762e-08,1.37575496e-08
2.185634,2.48025601e-01,6.17818249e-08,1.27458419e-08
2.186728,2.48104884e-01,5.97468286e-08,1.19094435e-08
2.187821,2.48155859e-01,5.75049313e-08,1.12633883e-08
2.188915,2.48178290e-01,5.54523282e-08,1.08173271e-08
2.190009,2.48171885e-01,5.36954579e-08,1.05934422e-08
2.191103,2.48136340e-01,5.24615250e-08,1.05821142e-08
2.192197,2.48071413e-01,5.17803764e-08,1.07718461e-08
2.193291,2.47976831e-01,5.17597071e-08,1.11414138e-08
2.194385,2.47852274e-01,5.21764909e-08,1.16450490e-08
2.195479,2.47697392e-01,5.30909794e-08,1.22818451e-08
2.196573,2.47512018e-01,5.44402917e-08,1.29985180e-08
2.197667,2.47295796e-01,5.59039015e-08,1.37798364e-08
2.198761,2.47048466e-01,5.80390889e-08,1.46195984e-08
2.199854,2.46769700e-01,6.02074144e-08,1.54736434e-08
2.200948,2.46459187e-01,6.23950488e-08,1.63603929e-08
2.202042,2.46116687e-01,6.49859134e-08,1.72624651e-08
2.203136,2.45741937e-01,6.80743237e-08,1.81945498e-08
2.204230,2.45334719e-01,7.03950512e-08,1.90895725e-08
2.205324,2.44894780e-01,7.37082189e-08,2.00268519e-08
2.206418,2.44421938e-01,7.70698453e-08,2.09318969e-08
2.207512,2.43915747e-01,8.03901753e-08,2.18480303e-08
2.208606,2.43375977e-01,8.35228537e-08,2.27572157e-08
2.209700,2.42802436e-01,8.71717471e-08,2.36706736e-08
2.210794,2.42194907e-01,9.09827393e-08,2.45890612e-08
2.211888,2.41553193e-01,9.43240934e-08,2.54863973e-08
2.212981,2.40877113e-01,9.80759340e-08,2.63848887e-08
2.214075,2.40166475e-01,1.01679009e-07,2.72820121e-08
2.215169,2.39421131e-01,1.05244561e-07,2.81747314e-08
2.216263,2.38640971e-01,1.09149030e-07,2.90741771e-08
2.217357,2.37825803e-01,1.13214167e-07,2.99500171e-08
2.218451,2.36975416e-01,1.16899479e-07,3.08292195e-08
2.219545,2.36089690e-01,1.20700233e-07,3.16965332e-08
2.220639,2.35168534e-01,1.24744189e-07,3.25822696e-08
2.221733,2.34211828e-01,1.30322274e-07,3.34611329e-08
2.222827,2.33219106e-01,1.34653723e-07,3.42950615e-08
2.223921,2.32189899e-01,1.40500079e-07,3.51198785e-08
2.225014,2.31123519e-01,1.46235440e-07,3.59330661e-08
2.226108,2.30019462e-01,1.50131210e-07,3.67237423e-08
2.227202,2.28877624e-01,1.54694682e-07,3.75232337e-08
2.228296,2.27697929e-01,1.57720002e-07,3.82462203e-08
2.229390,2.26480044e-01,1.64255225e-07,3.90152246e-08
2.230484,2.25223662e-01,1.68101867e-07,3.97492159e-08
2.231578,2.23928802e-01,1.71497453e-07,4.04319901e-08
2.232672,2.22595367e-01,1.76728734e-07,4.11040461e-08
2.233766,2.21222236e-01,1.87561866e-07,4.17727559e-08
2.234860,2.19807852e-01,1.92947681e-07,4.23471033e-08
2.235954,2.18351691e-01,1.97337672e-07,4.28926373e-08
2.237047,2.16853462e-01,2.03169552e-07,4.34274339e-08
2.238141,2.15311948e-01,2.13036284e-07,4.38793558e-08
2.239235,2.13725548e-01,2.17786398e-07,4.42776538e-08
2.240329,2.12093674e-01,2.21457914e-07,4.45933734e-08
2.241423,2.10415113e-01,2.31921908e-07,4.49301748e-08
2.242517,2.08688437e-01,2.36808156e-07,4.51757573e-08
2.243611,2.06912782e-01,2.44445022e-07,4.53539995e-08
2.244705,2.05086396e-01,2.52007716e-07,4.54623998e-08
2.245799,2.03207426e-01,2.58133262e-07,4.55084195e-08
2.246893,2.01273981e-01,2.71017701e-07,4.55160271e-08
2.247987,1.99283080e-01,2.77390338e-07,4.54283211e-08
2.249080,1.97233214e-01,2.81553590e-07,4.52846948e-08
2.250174,1.95123350e-01,2.87634522e-07,4.51262117e-08
2.251268,1.92952125e-01,2.92791225e-07,4.49118070e-08
2.252362,1.90718021e-01,2.97729994e-07,4.46816698e-08
2.253456,1.88419669e-01,3.02906317e-07,4.44322347e-08
2.254550,1.86054609e-01,3.15655686e-07,4.41956971e-08
2.255644,1.83619021e-01,3.22913813e-07,4.39730804e-08
2.256738,1.81110367e-01,3.28073968e-07,4.38013872e-08
2.257832,1.78526353e-01,3.34546298e-07,4.37291506e-08
2.258926,1.75864497e-01,3.38528203e-07,4.38070195e-08
2.260020,1.73122972e-01,3.43086873e-07,4.40744773e-08
2.261113,1.70299672e-01,3.48994238e-07,4.45768674e-08
2.262207,1.67391711e-01,3.53695680e-07,4.53876414e-08
2.263301,1.64396535e-01,3.58691305e-07,4.65489392e-08
2.264395,1.61311541e-01,3.62205150e-07,4.81163794e-08
2.265489,1.58133783e-01,3.67831423e-07,5.01636641e-08
2.266583,1.54859984e-01,3.72985597e-07,5.27135092e-08
2.267677,1.51487294e-01,3.75959250e-07,5.58144641e-08
2.268771,1.48011513e-01,3.85697817e-07,5.95205768e-08
2.269865,1.44427171e-01,3.94121176e-07,6.39109165e-08
2.270959,1.40729625e-01,3.98143782e-07,6.89792669e-08
2.272053,1.36915740e-01,3.94092223e-07,7.46821674e-08
2.273147,1.32984879e-01,3.93217511e-07,8.09277499e-08
2.274240,1.28935112e-01,3.87975383e-07,8.77783036e-08
2.275334,1.24765424e-01,3.80806684e-07,9.51789393e-08
2.276428,1.20477414e-01,3.62044025e-07,1.03030007e-07
2.277522,1.16074986e-01,3.48220627e-07,1.11215501e-07
2.278616,1.11565312e-01,3.12207068e-07,1.19597389e-07
2.279710,1.06960051e-01,2.75628501e-07,1.27965104e-07
2.280804,1.02275213e-01,2.26137568e-07,1.36079175e-07
