time_orbits,dist,err_x,err_y,err_z,err_vx,err_vy,err_vz,P_trace,u_p_norm
0.000000,0.00000000e+00,0.00000000e+00,0.00000000e+00,0.00000000e+00,0.00000000e+00,0.00000000e+00,0.00000000e+00,0.00000000e+00,0.00000000e+00
0.001641,8.66733591e+02,2.83139910e-01,-1.24157099e-01,-1.91407736e-01,1.54448318e-02,-3.87920406e-03,-5.01222271e-03,8.27974648e+00,1.19556509e-03
0.003282,8.67778016e+02,6.62543691e-01,-1.99186612e-01,-2.62458445e-01,1.52205942e-02,-4.34793545e-03,-5.04474765e-03,8.28616473e+00,1.17839381e-03
0.004923,8.69099599e+02,7.87440842e-01,-5.04699280e-01,-6.30440866e-01,1.50160394e-02,-5.01259691e-03,-5.29852615e-03,8.30389543e+00,1.16213401e-03
0.006563,8.70646111e+02,9.67995117e-01,-1.04767671e+00,-1.06693359e+00,1.56578945e-02,-6.34821048e-03,-5.42630752e-03,8.30460271e+00,1.14697641e-03
0.008204,8.72371803e+02,1.08290292e+00,-1.52045846e+00,-1.49895017e+00,1.57540607e-02,-7.46334220e-03,-5.68557249e-03,8.28458086e+00,1.13506482e-03
0.009845,8.74236831e+02,1.50517336e+00,-1.63155971e+00,-1.57526406e+00,1.57739289e-02,-8.22083806e-03,-5.72673492e-03,8.25378320e+00,1.12694727e-03
0.011486,8.76206629e+02,1.73886582e+00,-1.94949905e+00,-1.84351025e+00,1.55548676e-02,-9.17917455e-03,-5.88239258e-03,8.22088478e+00,1.12159019e-03
0.013127,8.78252284e+02,2.18868597e+00,-2.02829782e+00,-1.83939770e+00,1.53042408e-02,-9.87816358e-03,-5.71534024e-03,8.18604977e+00,1.12049198e-03
0.014768,8.80349373e+02,2.18398825e+00,-2.43782059e+00,-2.18513461e+00,1.40402365e-02,-1.05003096e-02,-5.75362024e-03,8.15227443e+00,1.12411261e-03
0.016409,8.82478427e+02,2.30487209e+00,-2.86788419e+00,-2.49511023e+00,1.34398834e-02,-1.14834390e-02,-5.86826809e-03,8.11789591e+00,1.12959508e-03
0.018050,8.84624647e+02,2.48202857e+00,-3.32906047e+00,-2.73406483e+00,1.30168482e-02,-1.27141274e-02,-5.63599594e-03,8.08260282e+00,1.14027739e-03
0.019690,8.86776504e+02,2.48323761e+00,-3.81981282e+00,-2.88588801e+00,1.17175884e-02,-1.35886131e-02,-4.56873056e-03,8.04553382e+00,1.15613484e-03
0.021331,8.88925970e+02,2.63079196e+00,-4.05330487e+00,-3.00205662e+00,1.03730080e-02,-1.36766867e-02,-4.64016205e-03,8.00579809e+00,1.17459684e-03
0.022972,8.91068563e+02,2.53491980e+00,-4.59002163e+00,-3.36685696e+00,9.11088078e-03,-1.43433875e-02,-4.81704304e-03,7.96937123e+00,1.19742753e-03
0.024613,8.93202604e+02,2.65849845e+00,-4.74694918e+00,-3.39466166e+00,7.57549865e-03,-1.40576421e-02,-4.50885017e-03,7.93139517e+00,1.22347693e-03
0.026254,8.95328995e+02,2.31475089e+00,-5.29404126e+00,-3.74935055e+00,5.65912116e-03,-1.41544703e-02,-4.29347233e-03,7.88917373e+00,1.25107044e-03
0.027895,8.97451377e+02,2.26504511e+00,-5.64692900e+00,-3.90677885e+00,4.37528575e-03,-1.43057765e-02,-4.11996236e-03,7.84469582e+00,1.28261716e-03
0.029536,8.99574907e+02,2.85382308e+00,-5.65254363e+00,-3.56663851e+00,4.33415967e-03,-1.47713012e-02,-3.31817856e-03,7.79595094e+00,1.31520759e-03
0.031176,9.01705783e+02,2.88439490e+00,-5.95138884e+00,-3.67043673e+00,3.24544399e-03,-1.48310450e-02,-3.42935045e-03,7.74183857e+00,1.35131077e-03
0.032817,9.03851291e+02,3.52081331e+00,-5.76815418e+00,-3.37179344e+00,2.84627540e-03,-1.42835161e-02,-3.44092581e-03,7.68734553e+00,1.38906314e-03
0.034458,9.06019568e+02,3.59611191e+00,-6.04267729e+00,-3.31274665e+00,1.94037421e-03,-1.44673713e-02,-2.65302200e-03,7.62778925e+00,1.42508790e-03
0.036099,9.08220491e+02,3.77957772e+00,-6.16181071e+00,-3.25152743e+00,1.06537987e-03,-1.40583105e-02,-2.61483557e-03,7.56137741e+00,1.46126751e-03
0.037740,9.10464808e+02,4.05114213e+00,-6.29789885e+00,-3.16524694e+00,5.15467379e-04,-1.39662185e-02,-2.53211036e-03,7.49162428e+00,1.49819719e-03
0.039381,9.12763366e+02,4.18443057e+00,-6.49949421e+00,-3.14222373e+00,-2.01648984e-04,-1.38115788e-02,-2.44848796e-03,7.41606141e+00,1.53373635e-03
0.041022,9.15127394e+02,3.59861958e+00,-6.90624924e+00,-3.36005871e+00,-2.16294002e-03,-1.29885233e-02,-1.80888418e-03,7.33555181e+00,1.56830273e-03
0.042663,9.17569162e+02,3.42880108e+00,-7.22557292e+00,-3.34774174e+00,-3.12833814e-03,-1.28658303e-02,-1.11978334e-03,7.24822331e+00,1.59894657e-03
0.044303,9.20100966e+02,3.05400610e+00,-7.52383081e+00,-3.47868283e+00,-4.44912225e-03,-1.21989342e-02,-9.72891272e-04,7.15665477e+00,1.63043351e-03
0.045944,9.22734591e+02,3.06403366e+00,-7.65944141e+00,-3.52708901e+00,-5.13067367e-03,-1.14641834e-02,-1.49690468e-03,7.06013064e+00,1.65853408e-03
0.047585,9.25481035e+02,3.79934352e+00,-7.62565471e+00,-3.14034730e+00,-4.73883839e-03,-1.14183063e-02,-1.10571123e-03,6.96129319e+00,1.68960407e-03
0.049226,9.28348184e+02,3.66385525e+00,-7.82357913e+00,-3.28073556e+00,-5.45310602e-03,-1.07986934e-02,-1.71973789e-03,6.85794497e+00,1.71658694e-03
0.050867,9.31344450e+02,3.52244129e+00,-8.04171891e+00,-3.32714806e+00,-6.08520151e-03,-1.04026623e-02,-1.60391572e-03,6.75150445e+00,1.74005035e-03
0.052508,9.34477766e+02,3.54002723e+00,-8.13536904e+00,-3.27792306e+00,-6.59485205e-03,-9.56306671e-03,-1.38483685e-03,6.64144187e+00,1.76256387e-03
0.054149,9.37754366e+02,3.42930773e+00,-8.34578644e+00,-3.22547121e+00,-7.06674270e-03,-9.32625459e-03,-8.13299128e-04,6.52856017e+00,1.78277724e-03
0.055789,9.41179408e+02,3.03201148e+00,-8.57108676e+00,-3.25772505e+00,-7.86992640e-03,-8.75036472e-03,-2.77230905e-04,6.41194224e+00,1.79899022e-03
0.057430,9.44757404e+02,3.04826867e+00,-8.63524559e+00,-3.26292831e+00,-8.16981662e-03,-7.78685521e-03,-6.32941876e-04,6.29539950e+00,1.81347223e-03
0.059071,9.48491067e+02,2.78536460e+00,-8.81989287e+00,-3.30698351e+00,-8.66698402e-03,-7.35198051e-03,-5.22838491e-04,6.17905758e+00,1.82665572e-03
0.060712,9.52381592e+02,3.20976958e+00,-8.88005171e+00,-3.10120139e+00,-8.36891054e-03,-6.82094317e-03,-3.13420826e-04,6.06278728e+00,1.83723820e-03
0.062353,9.56428081e+02,3.33022121e+00,-8.96673483e+00,-3.10805294e+00,-8.35162063e-03,-6.21916237e-03,-8.12497081e-04,5.94954301e+00,1.84698437e-03
0.063994,9.60628345e+02,2.72808632e+00,-8.99742922e+00,-3.20139030e+00,-9.13168745e-03,-4.85923386e-03,-3.91647229e-04,5.83853243e+00,1.85228231e-03
0.065635,9.64980516e+02,2.28865921e+00,-9.11318419e+00,-3.25307370e+00,-9.58558853e-03,-4.34929285e-03,-1.07098032e-04,5.72792495e+00,1.85287167e-03
0.067276,9.69481742e+02,2.60617182e+00,-9.28508150e+00,-3.11687701e+00,-9.17909819e-03,-4.51246952e-03,1.25405468e-05,5.61828705e+00,1.85365341e-03
0.068916,9.74126125e+02,2.79728941e+00,-9.40204311e+00,-3.08193842e+00,-8.93825313e-03,-4.15194220e-03,-3.15640568e-04,5.51152606e+00,1.85414881e-03
0.070557,9.78906146e+02,2.30747366e+00,-9.44121016e+00,-3.21133734e+00,-9.38188053e-03,-3.26615688e-03,-4.58995414e-04,5.40905568e+00,1.84987214e-03
0.072198,9.83814615e+02,2.41923953e+00,-9.56500176e+00,-3.16032308e+00,-9.13023989e-03,-3.05083529e-03,-4.03053390e-04,5.31144320e+00,1.84324554e-03
0.073839,9.88842856e+02,2.87502359e+00,-9.65005231e+00,-3.11133502e+00,-8.48085076e-03,-2.38338656e-03,-8.31956085e-04,5.21749575e+00,1.83616684e-03
0.075480,9.93980387e+02,2.83396558e+00,-9.71855129e+00,-3.05304018e+00,-8.33039193e-03,-1.91111480e-03,-3.70386780e-04,5.12955624e+00,1.82670669e-03
0.077121,9.99216886e+02,2.80095846e+00,-9.73960876e+00,-3.09827061e+00,-8.11424853e-03,-1.20070225e-03,-6.67479097e-04,5.04576121e+00,1.81365417e-03
0.078762,1.00454218e+03,1.91897863e+00,-9.65149728e+00,-3.27432895e+00,-8.81194496e-03,-4.99284998e-04,-6.48517390e-04,4.96489810e+00,1.79782922e-03
0.080402,1.00994600e+03,1.87521365e+00,-9.64332694e+00,-3.23263371e+00,-8.53993524e-03,2.25751295e-04,-3.16562429e-04,4.88832037e+00,1.78236498e-03
0.082043,1.01541678e+03,1.05968073e+00,-9.46047015e+00,-3.26006211e+00,-9.03580823e-03,1.16610072e-03,3.74117305e-04,4.81581769e+00,1.76136801e-03
0.083684,1.02094410e+03,5.94394772e-01,-9.34033326e+00,-3.21895019e+00,-9.12329242e-03,1.91012883e-03,9.58021977e-04,4.74732870e+00,1.73953348e-03
0.085325,1.02651619e+03,1.75113370e+00,-9.79863240e+00,-3.06881226e+00,-7.67107956e-03,1.10709768e-03,5.64924277e-04,4.68418151e+00,1.72385163e-03
0.086966,1.03211759e+03,1.62428474e+00,-9.81217055e+00,-3.05503717e+00,-7.47480884e-03,1.43709411e-03,6.90266382e-04,4.62568560e+00,1.70163908e-03
0.088607,1.03773483e+03,1.31153624e+00,-9.67464030e+00,-3.10299499e+00,-7.39508401e-03,2.28977211e-03,5.40438147e-04,4.57195886e+00,1.67794305e-03
0.090248,1.04335535e+03,9.72133713e-01,-9.59107461e+00,-3.07407847e+00,-7.38652301e-03,2.60240352e-03,9.10942712e-04,4.52222076e+00,1.65165213e-03
0.091889,1.04896683e+03,8.24918124e-01,-9.57623793e+00,-3.02708129e+00,-7.16125246e-03,2.82184664e-03,1.19742882e-03,4.47550090e+00,1.62468565e-03
0.093529,1.05455654e+03,4.72933608e-01,-9.48118932e+00,-3.10036375e+00,-7.23009230e-03,3.13072351e-03,7.70863183e-04,4.43231821e+00,1.59713409e-03
0.095170,1.06011183e+03,4.14144693e-02,-9.24432665e+00,-3.10821538e+00,-7.21021685e-03,3.99241474e-03,8.95225050e-04,4.39322641e+00,1.56807590e-03
0.096811,1.06562053e+03,-5.00331428e-02,-9.23230978e+00,-3.10286859e+00,-6.95000093e-03,4.10362654e-03,8.60150051e-04,4.35847822e+00,1.54012352e-03
0.098452,1.07106975e+03,3.85156649e-01,-9.50353534e+00,-3.06949405e+00,-6.12218158e-03,3.80788648e-03,7.68429744e-04,4.32699864e+00,1.51260666e-03
0.100093,1.07644608e+03,2.73345838e-01,-9.52292303e+00,-3.03047066e+00,-5.91797422e-03,3.71392103e-03,9.86746221e-04,4.29905576e+00,1.48163197e-03
0.101734,1.08173702e+03,1.82766798e-01,-9.59052400e+00,-3.07661113e+00,-5.81853449e-03,3.43462849e-03,6.45420754e-04,4.27411604e+00,1.45133115e-03
0.103375,1.08693024e+03,-3.37833973e-01,-9.15720222e+00,-3.08583436e+00,-5.80414588e-03,4.80594387e-03,7.50342712e-04,4.25242290e+00,1.42062488e-03
0.105015,1.09201461e+03,-5.75319583e-01,-8.96032215e+00,-3.10677443e+00,-5.59602482e-03,5.39160947e-03,6.65163954e-04,4.23426157e+00,1.38787674e-03
0.106656,1.09697940e+03,-8.50846001e-01,-8.73241351e+00,-3.15161390e+00,-5.46261342e-03,5.92935795e-03,4.56921791e-04,4.21896282e+00,1.35510114e-03
0.108297,1.10181383e+03,-4.96767373e-01,-8.85624455e+00,-3.13936886e+00,-4.46371020e-03,6.18277034e-03,5.22845690e-04,4.20678611e+00,1.32425434e-03
0.109938,1.10650642e+03,-6.23336282e-01,-8.75249430e+00,-3.06840111e+00,-4.25289829e-03,6.18461226e-03,9.69028966e-04,4.19764713e+00,1.29281072e-03
0.111579,1.11104667e+03,-8.28746802e-01,-8.67255643e+00,-3.04799012e+00,-4.27434356e-03,5.87188710e-03,1.04274037e-03,4.18966797e+00,1.25834084e-03
0.113220,1.11542339e+03,-1.00853758e+00,-8.51397402e+00,-3.01051890e+00,-4.11653363e-03,6.08672855e-03,1.22043726e-03,4.18329415e+00,1.22629275e-03
0.114861,1.11962805e+03,-1.43863694e+00,-8.09714317e+00,-3.01061495e+00,-4.20651779e-03,6.79755302e-03,1.12702255e-03,4.17928500e+00,1.19217214e-03
0.116501,1.12365229e+03,-1.43780307e+00,-8.06238683e+00,-2.95303205e+00,-3.81252945e-03,6.75452212e-03,1.38999013e-03,4.17775317e+00,1.15963374e-03
0.118142,1.12748682e+03,-9.28601592e-01,-8.39732098e+00,-3.05222226e+00,-2.76495562e-03,6.50568985e-03,7.81427029e-04,4.17887080e+00,1.12972990e-03
0.119783,1.13112209e+03,-1.15196465e+00,-8.20019929e+00,-2.96189866e+00,-2.77769557e-03,6.42480633e-03,1.28475987e-03,4.18204650e+00,1.09577552e-03
0.121424,1.13455002e+03,-9.27115000e-01,-8.43802532e+00,-2.88973119e+00,-2.21589562e-03,5.77046353e-03,1.69145953e-03,4.18595994e+00,1.06298853e-03
0.123065,1.13776221e+03,-9.57049416e-01,-8.46506745e+00,-2.89979850e+00,-2.15565302e-03,5.41295235e-03,1.48105095e-03,4.19174032e+00,1.03209877e-03
0.124706,1.14075057e+03,-8.60849705e-01,-8.44934010e+00,-2.94283631e+00,-1.66633042e-03,5.67736408e-03,1.10680712e-03,4.19948642e+00,1.00105083e-03
0.126347,1.14350780e+03,-8.36736350e-01,-8.44158513e+00,-2.98917240e+00,-1.40986717e-03,5.59582919e-03,8.08420412e-04,4.20889041e+00,9.68705222e-04
0.127988,1.14602731e+03,-9.92689048e-01,-8.11436456e+00,-2.95519999e+00,-1.17059308e-03,6.32135646e-03,9.62430237e-04,4.21962435e+00,9.36692079e-04
0.129628,1.14830313e+03,-1.40180122e+00,-7.58992645e+00,-2.89131280e+00,-1.49956308e-03,6.92635124e-03,1.15929586e-03,4.23197327e+00,9.04282104e-04
0.131269,1.15033003e+03,-1.69134485e+00,-7.30879920e+00,-2.82500531e+00,-1.81996272e-03,6.84264747e-03,1.37295252e-03,4.24459345e+00,8.71790737e-04
0.132910,1.15210279e+03,-1.68638709e+00,-7.26051745e+00,-2.92861795e+00,-1.57383937e-03,6.90145285e-03,7.05917868e-04,4.25794495e+00,8.41189495e-04
0.134551,1.15361604e+03,-1.80321273e+00,-7.13866406e+00,-2.87673335e+00,-1.58459530e-03,6.70197796e-03,9.95211763e-04,4.27302984e+00,8.10571209e-04
0.136192,1.15486488e+03,-2.01846192e+00,-6.86959097e+00,-2.82461739e+00,-1.73551271e-03,6.82607057e-03,1.11812302e-03,4.28921645e+00,7.80148581e-04
0.137833,1.15584492e+03,-1.84693376e+00,-6.84286155e+00,-2.77072712e+00,-8.33969094e-04,7.19671139e-03,1.47106042e-03,4.30662553e+00,7.50851142e-04
0.139474,1.15655184e+03,-2.01813378e+00,-6.56716764e+00,-2.73502745e+00,-9.46668014e-04,7.40430546e-03,1.41152475e-03,4.32561711e+00,7.22186212e-04
0.141114,1.15698174e+03,-2.00229614e+00,-6.44400255e+00,-2.65218777e+00,-5.77112488e-04,7.47292286e-03,1.76591019e-03,4.34560803e+00,6.93747988e-04
0.142755,1.15713107e+03,-1.84386022e+00,-6.52976605e+00,-2.67986535e+00,-4.73274447e-05,7.16906128e-03,1.57541947e-03,4.36647326e+00,6.65891276e-04
0.144396,1.15699635e+03,-1.80623403e+00,-6.55509322e+00,-2.74157544e+00,7.29621408e-05,6.78430035e-03,1.13538423e-03,4.38768098e+00,6.38186817e-04
0.146037,1.15657436e+03,-2.02704168e+00,-6.30302767e+00,-2.73802070e+00,-4.19212002e-04,6.66277416e-03,9.25174311e-04,4.40918272e+00,6.10837666e-04
0.147678,1.15586245e+03,-2.07316324e+00,-6.15943748e+00,-2.75449788e+00,-3.32195266e-04,6.76202925e-03,7.38385921e-04,4.43098597e+00,5.83976993e-04
0.149319,1.15485836e+03,-2.14002060e+00,-6.03523119e+00,-2.74851377e+00,-3.50783767e-04,6.63743970e-03,7.37173071e-04,4.45354585e+00,5.57612744e-04
0.150960,1.15356016e+03,-2.09960433e+00,-6.02878386e+00,-2.83749008e+00,-1.12256630e-04,6.50211144e-03,2.76225303e-04,4.47661534e+00,5.32209285e-04
0.152601,1.15196593e+03,-1.97350682e+00,-6.04616688e+00,-2.82896363e+00,4.66854581e-04,6.44821332e-03,5.33693161e-04,4.50063658e+00,5.07883820e-04
0.154241,1.15007405e+03,-2.01842354e+00,-6.09466937e+00,-2.77923304e+00,2.28692858e-04,5.62968036e-03,8.80913946e-04,4.52518634e+00,4.83205177e-04
0.155882,1.14788324e+03,-2.12009434e+00,-5.85108491e+00,-2.66778249e+00,1.76085722e-04,5.89669125e-03,1.40643266e-03,4.54964912e+00,4.59120028e-04
0.157523,1.14539278e+03,-2.03530054e+00,-5.86764596e+00,-2.67317543e+00,5.63088063e-04,5.75309052e-03,1.35479275e-03,4.57477023e+00,4.35592826e-04
0.159164,1.14260226e+03,-2.04995298e+00,-5.55759868e+00,-2.62362470e+00,8.83637461e-04,6.55380503e-03,1.45104349e-03,4.60036882e+00,4.12998333e-04
0.160805,1.13951161e+03,-2.11445668e+00,-5.36206966e+00,-2.70230240e+00,7.08695455e-04,6.73556179e-03,8.23006977e-04,4.62634114e+00,3.91417984e-04
0.162446,1.13612096e+03,-2.16670628e+00,-5.10222561e+00,-2.61345052e+00,7.35091815e-04,7.04098206e-03,1.26351498e-03,4.65232096e+00,3.69715825e-04
0.164087,1.13243095e+03,-2.29038915e+00,-4.69796679e+00,-2.54610591e+00,5.92663382e-04,7.73168277e-03,1.37017322e-03,4.67817091e+00,3.48146678e-04
0.165727,1.12844262e+03,-2.34924244e+00,-4.60506647e+00,-2.57677267e+00,3.65088815e-04,7.31795598e-03,1.09567817e-03,4.70415754e+00,3.27921411e-04
0.167368,1.12415698e+03,-2.34752303e+00,-4.42855852e+00,-2.52323650e+00,5.70228767e-04,7.47113061e-03,1.34101877e-03,4.73007225e+00,3.08371458e-04
0.169009,1.11957521e+03,-2.34517981e+00,-4.49709455e+00,-2.53102143e+00,4.90665234e-04,6.59208189e-03,1.32016107e-03,4.75612163e+00,2.89219139e-04
0.170650,1.11469867e+03,-2.42422701e+00,-4.56279536e+00,-2.50702504e+00,3.84781180e-05,5.59762190e-03,1.40736087e-03,4.78188908e+00,2.70639643e-04
0.172291,1.10952882e+03,-2.43763913e+00,-4.47695719e+00,-2.53694709e+00,1.18961267e-04,5.61562466e-03,1.13548020e-03,4.80750434e+00,2.53039780e-04
0.173932,1.10406774e+03,-2.36818511e+00,-4.39625722e+00,-2.56698476e+00,5.95239384e-04,5.82918256e-03,9.57867514e-04,4.83350793e+00,2.36633915e-04
0.175573,1.09831785e+03,-2.35509954e+00,-4.41668337e+00,-2.59915495e+00,6.20364427e-04,5.37300995e-03,7.67466726e-04,4.85974287e+00,2.20751654e-04
0.177214,1.09228176e+03,-2.34957483e+00,-4.43357154e+00,-2.59172924e+00,6.03237460e-04,4.92069132e-03,9.03521300e-04,4.88579732e+00,2.05941701e-04
0.178854,1.08596230e+03,-2.35276854e+00,-4.38531041e+00,-2.57323940e+00,6.23720547e-04,4.77770267e-03,9.84014982e-04,4.91163302e+00,1.91280115e-04
0.180495,1.07936269e+03,-2.31828839e+00,-4.46323600e+00,-2.56223300e+00,7.47109808e-04,4.23302037e-03,1.10302460e-03,4.93729703e+00,1.77776905e-04
0.182136,1.07248639e+03,-2.23485373e+00,-4.38182590e+00,-2.57201253e+00,1.22234263e-03,4.51336099e-03,1.01983206e-03,4.96304903e+00,1.65791924e-04
0.183777,1.06533736e+03,-2.23191365e+00,-4.24275539e+00,-2.56292552e+00,1.22535664e-03,4.76623314e-03,9.68546137e-04,4.98872541e+00,1.54637622e-04
0.185418,1.05791997e+03,-2.20347475e+00,-4.17470491e+00,-2.55809291e+00,1.31469128e-03,4.72955320e-03,9.71694600e-04,5.01405818e+00,1.44789093e-04
0.187059,1.05023878e+03,-2.29877508e+00,-4.01505184e+00,-2.55856514e+00,7.50873122e-04,4.81686710e-03,8.33785217e-04,5.03902273e+00,1.36285465e-04
0.188700,1.04229870e+03,-2.32693885e+00,-3.95266177e+00,-2.57778406e+00,5.77329437e-04,4.64316777e-03,6.84628280e-04,5.06353511e+00,1.28991277e-04
0.190340,1.03410485e+03,-2.36364773e+00,-3.92544520e+00,-2.48939011e+00,3.74018690e-04,4.33802946e-03,1.22303631e-03,5.08778535e+00,1.23180541e-04
0.191981,1.02566261e+03,-2.45268104e+00,-3.75719487e+00,-2.47663721e+00,-1.20158002e-05,4.64077252e-03,1.10137625e-03,5.11182949e+00,1.18964473e-04
0.193622,1.01697783e+03,-2.36572550e+00,-3.76351514e+00,-2.53743550e+00,5.39358542e-04,4.41505217e-03,7.81213434e-04,5.13569983e+00,1.17435652e-04
0.195263,1.00805668e+03,-2.38512872e+00,-3.67526654e+00,-2.49600898e+00,4.96240194e-04,4.43370362e-03,1.01395009e-03,5.15940706e+00,1.16739325e-04
0.196904,9.98905578e+02,-2.39212041e+00,-3.52256447e+00,-2.44274030e+00,5.35759914e-04,4.76439235e-03,1.24498291e-03,5.18303139e+00,1.17682787e-04
0.198545,9.89531385e+02,-2.49031982e+00,-3.34520445e+00,-2.38035992e+00,5.28869958e-05,5.04580057e-03,1.47881611e-03,5.20627439e+00,1.20251026e-04
0.200186,9.79941325e+02,-2.67490766e+00,-3.16047462e+00,-2.31381814e+00,-8.71521067e-04,5.19724587e-03,1.67084239e-03,5.22908337e+00,1.24266843e-04
0.201827,9.70142930e+02,-2.67088273e+00,-3.12932306e+00,-2.30646779e+00,-6.23451688e-04,4.91957506e-03,1.62693906e-03,5.25173973e+00,1.28857635e-04
0.203467,9.60143965e+02,-2.69070932e+00,-3.08310832e+00,-2.34634490e+00,-5.26252842e-04,4.66495440e-03,1.24885135e-03,5.27429210e+00,1.34372284e-04
0.205108,9.49952314e+02,-2.67288261e+00,-3.02309418e+00,-2.34846490e+00,-1.92329626e-04,4.55904666e-03,1.17693653e-03,5.29664670e+00,1.40673868e-04
0.206749,9.39576283e+02,-2.72836567e+00,-2.92661303e+00,-2.42866757e+00,-3.83203666e-04,4.46413870e-03,5.51267828e-04,5.31881115e+00,1.47529634e-04
0.208390,9.29024425e+02,-2.69929488e+00,-3.11004669e+00,-2.42454894e+00,-1.47550972e-04,3.37641774e-03,8.15320596e-04,5.34076894e+00,1.54326872e-04
0.210031,9.18305327e+02,-2.69029037e+00,-3.09951982e+00,-2.45468252e+00,3.72095446e-06,3.16377405e-03,6.51720879e-04,5.36283843e+00,1.61402680e-04
0.211672,9.07428291e+02,-2.72816086e+00,-2.93892341e+00,-2.45053994e+00,-9.90696293e-05,3.58078880e-03,6.16825602e-04,5.38466900e+00,1.69179653e-04
0.213313,8.96403181e+02,-2.76175803e+00,-2.94277326e+00,-2.52744779e+00,-2.18285111e-04,3.16222703e-03,1.40424905e-04,5.40630307e+00,1.77016291e-04
0.214953,8.85239880e+02,-2.84657038e+00,-2.91089602e+00,-2.52812553e+00,-6.27680530e-04,3.06442012e-03,2.33760808e-04,5.42774034e+00,1.84807936e-04
0.216594,8.73948564e+02,-2.83735594e+00,-2.86423770e+00,-2.49745452e+00,-4.04386157e-04,3.11069370e-03,5.39814678e-04,5.44931778e+00,1.92272737e-04
0.218235,8.62540070e+02,-2.86820461e+00,-2.89856022e+00,-2.50380448e+00,-5.01396020e-04,2.70886544e-03,5.99409012e-04,5.47097515e+00,2.00125839e-04
0.219876,8.51025333e+02,-2.93379802e+00,-2.82442996e+00,-2.46010253e+00,-7.76522406e-04,2.86741283e-03,8.98471473e-04,5.49266014e+00,2.07713639e-04
0.221517,8.39415681e+02,-3.01765838e+00,-2.75736818e+00,-2.48356143e+00,-1.08228537e-03,2.81270314e-03,6.38215357e-04,5.51422092e+00,2.15766481e-04
0.223158,8.27722789e+02,-3.12503164e+00,-2.59957081e+00,-2.48965755e+00,-1.48328027e-03,3.11778872e-03,4.59686029e-04,5.53539214e+00,2.23432039e-04
0.224799,8.15958564e+02,-3.17682749e+00,-2.54035509e+00,-2.45716594e+00,-1.50483950e-03,3.18310699e-03,7.74446864e-04,5.55637191e+00,2.30818603e-04
0.226440,8.04135441e+02,-3.14588358e+00,-2.41133801e+00,-2.47596849e+00,-9.41287182e-04,3.36837977e-03,5.29150475e-04,5.57796394e+00,2.37711653e-04
0.228080,7.92266196e+02,-3.19021152e+00,-2.53108210e+00,-2.48728172e+00,-1.04276798e-03,2.69626966e-03,7.28271378e-04,5.59938568e+00,2.44809164e-04
0.229721,7.80363412e+02,-3.25897566e+00,-2.62654650e+00,-2.58371091e+00,-1.26537931e-03,2.01195871e-03,2.43725991e-04,5.62082183e+00,2.51765946e-04
0.231362,7.68439599e+02,-3.32614672e+00,-2.47412975e+00,-2.57252011e+00,-1.46206651e-03,2.37364103e-03,2.26153511e-04,5.64245812e+00,2.58291682e-04
0.233003,7.56508007e+02,-3.41679320e+00,-2.35113313e+00,-2.58005507e+00,-1.70114775e-03,2.52465468e-03,1.74616224e-04,5.66260905e+00,2.65310322e-04
0.234644,7.44582419e+02,-3.60611069e+00,-2.34272306e+00,-2.51883189e+00,-2.58443778e-03,2.34656341e-03,7.64153171e-04,5.68308202e+00,2.71943661e-04
0.236285,7.32676493e+02,-3.63566453e+00,-2.40651584e+00,-2.61255661e+00,-2.26457571e-03,2.00676609e-03,3.18244865e-04,5.70428301e+00,2.77641932e-04
0.237926,7.20803877e+02,-3.77738048e+00,-2.36754609e+00,-2.53384099e+00,-2.74527532e-03,2.02357453e-03,9.19598833e-04,5.72531841e+00,2.83777750e-04
0.239566,7.08978766e+02,-3.79733900e+00,-2.23206568e+00,-2.52400261e+00,-2.30686459e-03,2.29824060e-03,7.91129412e-04,5.74592144e+00,2.89259742e-04
0.241207,6.97215754e+02,-3.87332793e+00,-2.03578752e+00,-2.46800858e+00,-2.31741568e-03,2.65318249e-03,8.79680615e-04,5.76523264e+00,2.94830898e-04
0.242848,6.85529680e+02,-3.93211461e+00,-2.06385624e+00,-2.50520883e+00,-2.15538987e-03,2.38816295e-03,7.60010582e-04,5.78375071e+00,2.99821876e-04
0.244489,6.73935151e+02,-3.91730527e+00,-1.94547395e+00,-2.55556706e+00,-1.61520759e-03,2.45601161e-03,2.69582067e-04,5.80187788e+00,3.04067182e-04
0.246130,6.62446836e+02,-4.11174973e+00,-1.76676509e+00,-2.51877846e+00,-2.65900459e-03,2.52007328e-03,2.37726131e-04,5.81738314e+00,3.09359187e-04
0.247771,6.51079315e+02,-4.27002948e+00,-1.93539792e+00,-2.58588894e+00,-3.03584716e-03,1.95118135e-03,3.50258682e-04,5.82998216e+00,3.14026660e-04
0.249412,6.39846702e+02,-4.40993423e+00,-2.21138380e+00,-2.74991420e+00,-3.13718915e-03,1.23550654e-03,4.29686987e-05,5.84279218e+00,3.18159880e-04
0.251053,6.28762862e+02,-4.49411533e+00,-2.21479236e+00,-2.79636644e+00,-3.00246560e-03,1.16766706e-03,-4.44158352e-05,5.85447514e+00,3.22079437e-04
0.252693,6.17842247e+02,-4.59910602e+00,-2.11847683e+00,-2.75312985e+00,-3.11028266e-03,1.26289841e-03,1.98585159e-04,5.86402445e+00,3.25684610e-04
0.254334,6.07099498e+02,-4.62583693e+00,-1.90275676e+00,-2.65073355e+00,-2.76738691e-03,1.62237645e-03,5.75863665e-04,5.87064937e+00,3.28529437e-04
0.255975,5.96549532e+02,-4.71216250e+00,-1.80924393e+00,-2.68080245e+00,-2.81298693e-03,1.64698015e-03,2.35647447e-04,5.87374818e+00,3.31638644e-04
0.257616,5.86206535e+02,-4.82438521e+00,-1.74378591e+00,-2.66835000e+00,-2.99885698e-03,1.63559048e-03,3.21058462e-04,5.87242943e+00,3.34475385e-04
0.259257,5.76083930e+02,-4.91883365e+00,-1.52746826e+00,-2.57872447e+00,-3.18641383e-03,1.82020008e-03,4.94156908e-04,5.86364450e+00,3.37453829e-04
0.260898,5.66195299e+02,-5.00205889e+00,-1.43280593e+00,-2.52343396e+00,-3.10357221e-03,1.84125249e-03,8.12075484e-04,5.85258834e+00,3.39303843e-04
0.262539,5.56554027e+02,-5.07015647e+00,-1.36273921e+00,-2.50434393e+00,-2.86742977e-03,1.83968955e-03,8.66939765e-04,5.83909851e+00,3.41180867e-04
0.264179,5.47172805e+02,-5.17933211e+00,-1.30824071e+00,-2.44509450e+00,-2.98453471e-03,1.75920742e-03,1.18919253e-03,5.82185530e+00,3.42762807e-04
0.265820,5.38063476e+02,-5.36899660e+00,-1.48339994e+00,-2.55430530e+00,-3.12099509e-03,1.42413181e-03,1.01711493e-03,5.79765060e+00,3.44873131e-04
0.267461,5.29236485e+02,-5.37603859e+00,-1.22636293e+00,-2.49458057e+00,-2.88621545e-03,1.68760526e-03,6.72835585e-04,5.76710935e+00,3.45870990e-04
0.269102,5.20702291e+02,-5.56713362e+00,-1.22831926e+00,-2.51459386e+00,-3.36491407e-03,1.57858922e-03,6.54650735e-04,5.72556441e+00,3.47208214e-04
0.270743,5.12470734e+02,-5.45772555e+00,-7.40396468e-01,-2.26503397e+00,-2.92512812e-03,2.03067994e-03,8.57375193e-04,5.67970172e+00,3.47271229e-04
0.272384,5.04551447e+02,-5.42672808e+00,-5.12522003e-01,-2.17745477e+00,-2.38646573e-03,2.16710917e-03,8.31362791e-04,5.62844780e+00,3.47631648e-04
0.274025,4.96952625e+02,-5.50374913e+00,-3.27099896e-01,-2.11882929e+00,-2.60977628e-03,2.26724605e-03,7.83402888e-04,5.57187437e+00,3.47946482e-04
0.275666,4.89680980e+02,-5.70433699e+00,-5.24571394e-01,-2.24102838e+00,-2.43977419e-03,1.84357839e-03,8.65790894e-04,5.51472646e+00,3.47956802e-04
0.277306,4.82741787e+02,-5.66343866e+00,-1.94198255e-01,-2.02949549e+00,-2.48572448e-03,2.04977100e-03,1.26616240e-03,5.45619509e+00,3.47510716e-04
0.278947,4.76139560e+02,-5.81965932e+00,-1.73388525e-01,-2.09008200e+00,-2.63905212e-03,2.04164249e-03,8.94762599e-04,5.38467786e+00,3.47407051e-04
0.280588,4.69876932e+02,-6.06952373e+00,-2.42333233e-01,-2.15278318e+00,-3.07135226e-03,1.87422022e-03,9.60353745e-04,5.31020761e+00,3.47690417e-04
0.282229,4.63954661e+02,-6.44980477e+00,-5.28595067e-01,-2.41826698e+00,-3.38961633e-03,1.53762395e-03,5.04970289e-04,5.24175212e+00,3.46870558e-04
0.283870,4.58372153e+02,-6.34862275e+00,-1.82806127e-01,-2.22693572e+00,-3.11057881e-03,1.76978519e-03,6.14657219e-04,5.16654628e+00,3.46411627e-04
0.285511,4.53128404e+02,-6.45104310e+00,-6.13729619e-02,-2.18629618e+00,-3.24056418e-03,1.79188429e-03,6.50388379e-04,5.08548975e+00,3.44359976e-04
0.287152,4.48221339e+02,-6.92294933e+00,-2.86024981e-01,-2.39834067e+00,-4.07757566e-03,1.59726171e-03,5.72761893e-04,5.00798100e+00,3.43439650e-04
0.288792,4.43646053e+02,-7.14381243e+00,-3.16730306e-01,-2.42164835e+00,-4.13271176e-03,1.36322347e-03,7.12663123e-04,4.93296027e+00,3.42137894e-04
0.290433,4.39397120e+02,-6.64205994e+00,3.14978055e-01,-2.02841822e+00,-3.03139991e-03,1.78359242e-03,6.16595908e-04,4.85468313e+00,3.36977583e-04
0.292074,4.35469632e+02,-6.78135839e+00,3.90942840e-01,-2.03070096e+00,-3.18258177e-03,1.84250510e-03,5.69604792e-04,4.78082358e+00,3.35167790e-04
0.293715,4.31855668e+02,-6.64882282e+00,6.02591992e-01,-1.86822270e+00,-2.54218920e-03,1.63734969e-03,7.53709210e-04,4.70286838e+00,3.31072488e-04
0.295356,4.28547131e+02,-7.18141822e+00,4.00520889e-01,-2.12989539e+00,-3.30418696e-03,1.53701513e-03,4.06257524e-04,4.63397172e+00,3.27817854e-04
0.296997,4.25533150e+02,-7.67416491e+00,2.70058335e-01,-2.29245136e+00,-4.09826430e-03,1.45684912e-03,5.14233107e-04,4.56711540e+00,3.24903631e-04
0.298638,4.22801361e+02,-7.63983264e+00,4.51717150e-01,-2.18706588e+00,-3.82609908e-03,1.47989648e-03,5.71047077e-04,4.50600991e+00,3.20744067e-04
0.300278,4.20339814e+02,-7.80312269e+00,5.76412780e-01,-2.19590640e+00,-4.11086554e-03,1.79567358e-03,3.46466393e-04,4.44341645e+00,3.14495953e-04
0.301919,4.18136219e+02,-7.81442862e+00,7.15791412e-01,-2.08418188e+00,-3.92742928e-03,1.65696628e-03,6.57152976e-04,4.38215054e+00,3.08644910e-04
0.303560,4.16177428e+02,-7.76656550e+00,8.66901417e-01,-1.96332866e+00,-3.60588409e-03,1.53338162e-03,7.84430660e-04,4.32978345e+00,3.02092226e-04
0.305201,4.14449800e+02,-8.26910761e+00,7.80839034e-01,-2.07652615e+00,-4.29549052e-03,1.39090495e-03,1.00810905e-03,4.28018764e+00,2.95657835e-04
0.306842,4.12938675e+02,-7.73245570e+00,1.17726773e+00,-1.78736244e+00,-3.25908497e-03,1.69603478e-03,7.05039026e-04,4.23323018e+00,2.86913139e-04
0.308483,4.11630476e+02,-7.55198490e+00,1.32421768e+00,-1.60147630e+00,-2.73220567e-03,1.35134681e-03,1.01379833e-03,4.19130466e+00,2.77753564e-04
0.310124,4.10511154e+02,-7.74115065e+00,1.41051532e+00,-1.63237153e+00,-2.96211760e-03,1.62867360e-03,7.94642206e-04,4.15522443e+00,2.69625855e-04
0.311765,4.09565534e+02,-7.71112302e+00,1.50181669e+00,-1.56595920e+00,-2.62629269e-03,1.35588595e-03,7.23908504e-04,4.11948122e+00,2.60383373e-04
0.313405,4.08778550e+02,-7.70185419e+00,1.62482141e+00,-1.45362210e+00,-2.59693896e-03,1.42161049e-03,1.04939056e-03,4.09174565e+00,2.50622484e-04
0.315046,4.08135292e+02,-7.89015502e+00,1.68928033e+00,-1.46608050e+00,-2.75031588e-03,1.45779568e-03,1.00919143e-03,4.06530427e+00,2.40421015e-04
0.316687,4.07621046e+02,-7.65528638e+00,1.82209180e+00,-1.32188295e+00,-2.17286113e-03,1.24443548e-03,9.50834281e-04,4.04354818e+00,2.29690653e-04
0.318328,4.07221516e+02,-7.29078487e+00,2.08405423e+00,-1.06640795e+00,-1.80742513e-03,1.82864731e-03,1.33758580e-03,4.02286362e+00,2.18691594e-04
0.319969,4.06922704e+02,-7.61894168e+00,2.08203434e+00,-1.10844316e+00,-2.07711521e-03,1.46983044e-03,1.35656278e-03,4.00588788e+00,2.08579670e-04
0.321610,4.06710237e+02,-7.71897608e+00,2.17172761e+00,-1.07832396e+00,-2.09336304e-03,1.55602534e-03,1.30163062e-03,3.99843094e+00,1.98051148e-04
0.323251,4.06569980e+02,-7.82097812e+00,2.21571106e+00,-1.13260359e+00,-1.92735328e-03,1.31915421e-03,7.26566811e-04,3.99411979e+00,1.87326207e-04
0.324891,4.06488456e+02,-7.15709334e+00,2.41751250e+00,-8.46632735e-01,-9.11269497e-04,1.51674508e-03,9.47116148e-04,3.98971131e+00,1.75747165e-04
0.326532,4.06453462e+02,-7.17497558e+00,2.51555173e+00,-7.60970617e-01,-9.32648881e-04,1.60119503e-03,1.26803056e-03,3.98754958e+00,1.65482931e-04
0.328173,4.06452521e+02,-7.11627825e+00,2.57660853e+00,-6.97964381e-01,-6.69027635e-04,1.37794593e-03,1.19313980e-03,3.99041123e+00,1.56259038e-04
0.329814,4.06473393e+02,-6.91826488e+00,2.64833425e+00,-6.04342425e-01,-2.27099845e-04,1.19797295e-03,1.11842097e-03,3.99661451e+00,1.46748074e-04
0.331455,4.06504625e+02,-6.61870931e+00,2.75289342e+00,-4.13077977e-01,2.22080782e-04,1.26485101e-03,1.59238816e-03,4.00388802e+00,1.38139788e-04
0.333096,4.06535358e+02,-6.52354368e+00,2.87015112e+00,-3.81767909e-01,4.55942114e-04,1.56192507e-03,1.22011004e-03,4.01465975e+00,1.30831713e-04
0.334737,4.06554865e+02,-6.20888438e+00,2.94124426e+00,-2.20225322e-01,9.99873005e-04,1.42543467e-03,1.50744137e-03,4.02728506e+00,1.24598215e-04
0.336378,4.06553033e+02,-6.15065281e+00,2.91838745e+00,-2.10345721e-01,1.24557314e-03,6.97086027e-04,1.12013245e-03,4.04557366e+00,1.19752177e-04
0.338018,4.06520012e+02,-6.17042887e+00,3.02611876e+00,-1.34108909e-01,1.22124766e-03,1.09241075e-03,1.41791747e-03,4.06503506e+00,1.16650518e-04
0.339659,4.06446481e+02,-5.90983554e+00,3.09389924e+00,-8.92062612e-02,1.75724539e-03,1.19623726e-03,1.00353373e-03,4.08536235e+00,1.14741795e-04
0.341300,4.06323694e+02,-6.53194172e+00,3.20041301e+00,-1.80881506e-01,7.37287770e-04,1.29229131e-03,1.07947029e-03,4.10766975e+00,1.14264683e-04
0.342941,4.06143067e+02,-6.51610495e+00,3.29601907e+00,-1.42614394e-01,8.66676565e-04,1.46264783e-03,1.08680074e-03,4.13106630e+00,1.15655984e-04
0.344582,4.05896785e+02,-6.42172206e+00,3.39039712e+00,-1.22729612e-02,1.09275082e-03,1.64326477e-03,1.61593710e-03,4.15515667e+00,1.18554072e-04
0.346223,4.05577761e+02,-6.63025940e+00,3.47608313e+00,-7.97031776e-03,7.94984660e-04,1.56030978e-03,1.56495455e-03,4.18194319e+00,1.22146748e-04
0.347864,4.05179270e+02,-6.72621469e+00,3.58667554e+00,-4.21006613e-02,7.85230669e-04,1.79677629e-03,1.04967468e-03,4.21079153e+00,1.26666122e-04
0.349504,4.04695155e+02,-7.01724461e+00,3.74272349e+00,-4.97196147e-02,3.88227429e-04,2.13787981e-03,1.10249472e-03,4.23940833e+00,1.32175763e-04
0.351145,4.04119848e+02,-6.93212715e+00,3.80714238e+00,2.23095215e-02,7.29057078e-04,2.04439082e-03,1.26500953e-03,4.26856182e+00,1.38913169e-04
0.352786,4.03448662e+02,-6.71854035e+00,3.85551368e+00,8.81767536e-02,1.34105655e-03,1.99462206e-03,1.23901234e-03,4.29866450e+00,1.45731898e-04
0.354427,4.02677739e+02,-6.92553381e+00,4.02562652e+00,7.87437234e-02,1.08348030e-03,2.41385751e-03,1.04924337e-03,4.32869863e+00,1.53594882e-04
0.356068,4.01803703e+02,-6.95199731e+00,4.14217223e+00,1.55316703e-01,1.16323886e-03,2.52587110e-03,1.42095716e-03,4.35906464e+00,1.61691111e-04
0.357709,4.00823978e+02,-6.93954513e+00,4.21754370e+00,2.71497390e-01,1.29738962e-03,2.45323696e-03,1.95471765e-03,4.39028878e+00,1.70009717e-04
0.359350,3.99736869e+02,-6.81060426e+00,4.37028360e+00,3.49717091e-01,1.88053813e-03,3.04397038e-03,1.98511415e-03,4.42041533e+00,1.79759580e-04
0.360991,3.98541485e+02,-6.62064682e+00,4.39287990e+00,4.23150103e-01,2.39093312e-03,2.63642159e-03,1.93965816e-03,4.45098784e+00,1.89208227e-04
0.362631,3.97237978e+02,-6.43227356e+00,4.51309692e+00,4.80492465e-01,3.08424441e-03,3.01530294e-03,1.86243744e-03,4.48212440e+00,1.98952123e-04
0.364272,3.95827478e+02,-6.43549522e+00,4.61822917e+00,5.15524710e-01,3.09408751e-03,2.95630616e-03,1.79798567e-03,4.51293352e+00,2.09359003e-04
0.365913,3.94311894e+02,-6.50434982e+00,4.73211047e+00,5.29499920e-01,2.84384575e-03,2.90372952e-03,1.51357060e-03,4.54354478e+00,2.20655611e-04
0.367554,3.92693927e+02,-6.38237004e+00,4.83981670e+00,6.19761357e-01,3.28001326e-03,3.08539956e-03,1.77927756e-03,4.57413842e+00,2.32479399e-04
0.369195,3.90977391e+02,-6.34526009e+00,4.97331220e+00,7.05771720e-01,3.41244561e-03,3.26204261e-03,2.02523470e-03,4.60447041e+00,2.45073961e-04
0.370836,3.89166930e+02,-6.39255378e+00,5.18836309e+00,7.14927687e-01,3.44023020e-03,3.82618376e-03,1.66457360e-03,4.63461509e+00,2.58384510e-04
0.372477,3.87268675e+02,-5.95757357e+00,5.12919261e+00,8.10722393e-01,4.45274439e-03,3.17997822e-03,1.84442886e-03,4.66500101e+00,2.71890690e-04
0.374117,3.85289791e+02,-5.72685596e+00,5.17643274e+00,9.14267383e-01,4.93923293e-03,3.06238025e-03,2.13105336e-03,4.69465441e+00,2.85530577e-04
0.375758,3.83237832e+02,-5.64817527e+00,5.33250488e+00,9.34589563e-01,5.14832360e-03,3.41373848e-03,1.79200011e-03,4.72446973e+00,3.00233873e-04
0.377399,3.81121396e+02,-5.60653129e+00,5.46090091e+00,9.60825403e-01,5.02220276e-03,3.46884027e-03,1.51504245e-03,4.75457478e+00,3.16448804e-04
0.379040,3.78949546e+02,-5.37718083e+00,5.50485503e+00,1.02729941e+00,5.40768512e-03,3.29175050e-03,1.59692080e-03,4.78479148e+00,3.33167033e-04
0.380681,3.76732604e+02,-5.33905419e+00,5.67978997e+00,1.07605123e+00,5.44087706e-03,3.63427258e-03,1.56713278e-03,4.81463308e+00,3.49720830e-04
0.382322,3.74481896e+02,-5.07697139e+00,5.74887233e+00,1.08789153e+00,5.99450746e-03,3.65472172e-03,1.25175123e-03,4.84515313e+00,3.67942133e-04
0.383963,3.72209138e+02,-5.11465550e+00,5.98214538e+00,1.17571463e+00,5.83722904e-03,4.08128443e-03,1.58808349e-03,4.87518883e+00,3.87175988e-04
0.385604,3.69926439e+02,-4.91232958e+00,6.00803551e+00,1.26767222e+00,5.75516722e-03,3.74921164e-03,1.82547282e-03,4.90398804e+00,4.06284417e-04
0.387244,3.67646831e+02,-4.74380802e+00,6.15630444e+00,1.27871771e+00,6.15930071e-03,4.03758438e-03,1.45619594e-03,4.93339004e+00,4.27810631e-04
0.388885,3.65383469e+02,-4.59685449e+00,6.26024860e+00,1.34687908e+00,6.10158033e-03,3.99886852e-03,1.56589178e-03,4.96253825e+00,4.48788000e-04
0.390526,3.63150375e+02,-4.50956800e+00,6.54622956e+00,1.40399635e+00,6.62238895e-03,4.75975942e-03,1.51831785e-03,4.98979057e+00,4.71079076e-04
0.392167,3.60961347e+02,-4.54467562e+00,6.72889910e+00,1.48385537e+00,5.88136728e-03,4.68234172e-03,1.65641596e-03,5.01634745e+00,4.94562030e-04
0.393808,3.58829875e+02,-4.40904986e+00,6.91700375e+00,1.60926804e+00,6.13037752e-03,5.00553227e-03,2.13060930e-03,5.03939811e+00,5.17888020e-04
0.395449,3.56769697e+02,-4.41188340e+00,7.22099582e+00,1.63418782e+00,6.09605528e-03,5.51604740e-03,1.72052650e-03,5.06127702e+00,5.43648474e-04
0.397090,3.54794048e+02,-4.16399816e+00,7.32337337e+00,1.67968546e+00,6.30614059e-03,5.56097370e-03,1.62278593e-03,5.07999481e+00,5.68710646e-04
0.398730,3.52916212e+02,-4.20709836e+00,7.63288753e+00,1.73136010e+00,5.91540176e-03,5.90023963e-03,1.42664464e-03,5.09358987e+00,5.95866263e-04
0.400371,3.51148142e+02,-4.13953342e+00,7.91307147e+00,1.79904908e+00,5.96534739e-03,6.30485344e-03,1.48934213e-03,5.10331138e+00,6.22367057e-04
0.402012,3.49501451e+02,-3.86791153e+00,8.01575090e+00,1.85760878e+00,6.15380033e-03,6.34037494e-03,1.54297004e-03,5.10376042e+00,6.49576944e-04
0.403653,3.47987403e+02,-3.63928820e+00,8.14606943e+00,1.90836569e+00,6.27023377e-03,6.43127282e-03,1.47197851e-03,5.09706614e+00,6.77350510e-04
0.405294,3.46616023e+02,-3.63108739e+00,8.41079796e+00,1.94663192e+00,5.67975812e-03,6.55008050e-03,1.22031945e-03,5.08338846e+00,7.06496730e-04
0.406935,3.45395068e+02,-3.55181848e+00,8.71353954e+00,2.06039852e+00,5.70925006e-03,6.92038085e-03,1.60463650e-03,5.06002874e+00,7.34737169e-04
0.408576,3.44331826e+02,-2.70853308e+00,8.06359997e+00,1.95678029e+00,5.78003347e-03,5.61419784e-03,1.10145818e-03,5.02450505e+00,7.58500632e-04
0.410217,3.43435468e+02,-2.32065444e+00,7.94349332e+00,1.89588013e+00,5.72311139e-03,5.31165656e-03,5.54601781e-04,4.97976698e+00,7.84658308e-04
0.411857,3.42711291e+02,-2.52947834e+00,8.60085334e+00,2.03185349e+00,5.53580924e-03,6.26872044e-03,7.87250556e-04,4.92405257e+00,8.14927304e-04
0.413498,3.42159345e+02,-2.29590278e+00,8.59973439e+00,2.07704290e+00,5.14148421e-03,6.01653264e-03,9.64561340e-04,4.85782872e+00,8.41028971e-04
0.415139,3.41779546e+02,-1.84487338e+00,8.51034365e+00,2.05558571e+00,5.75590024e-03,6.03818788e-03,7.86819489e-04,4.77787492e+00,8.64727519e-04
0.416780,3.41571012e+02,-1.67733795e+00,8.59739622e+00,2.12247197e+00,5.25177513e-03,5.89499312e-03,1.05749648e-03,4.68805130e+00,8.88909710e-04
0.418421,3.41530045e+02,-1.57446521e+00,8.88721359e+00,2.12268093e+00,5.11608436e-03,6.29052944e-03,6.02167108e-04,4.59503420e+00,9.11453599e-04
0.420062,3.41650545e+02,-1.66358322e+00,9.45124316e+00,2.28371270e+00,4.71241962e-03,6.96141288e-03,1.02165821e-03,4.49343696e+00,9.30616430e-04
0.421703,3.41923498e+02,-1.39575376e+00,9.40789302e+00,2.26990601e+00,4.46910691e-03,6.77643812e-03,8.51415901e-04,4.39070883e+00,9.48734371e-04
0.423343,3.42338981e+02,-1.21708753e+00,9.53379999e+00,2.26485308e+00,4.18959909e-03,6.87574159e-03,6.40407762e-04,4.27968729e+00,9.61409267e-04
0.424984,3.42886525e+02,-1.18885695e+00,9.73452291e+00,2.30904924e+00,3.16600441e-03,6.85623681e-03,5.81539194e-04,4.16776343e+00,9.71380243e-04
0.426625,3.43553406e+02,-5.82538234e-01,8.98801730e+00,2.09983444e+00,3.39772096e-03,5.87351920e-03,-1.10899739e-05,4.05877089e+00,9.77605745e-04
0.428266,3.44328202e+02,-2.82757169e-01,8.68635332e+00,2.09216793e+00,2.99803197e-03,5.30607621e-03,3.95797874e-04,3.94214636e+00,9.75735873e-04
0.429907,3.45199052e+02,2.33679890e-01,7.66097510e+00,1.80562849e+00,2.36996922e-03,3.74746817e-03,-4.21547636e-04,3.83525740e+00,9.72320640e-04
0.431548,3.46152923e+02,2.53330930e-01,7.80220423e+00,1.79277844e+00,1.62070566e-03,3.82335947e-03,-6.46482743e-04,3.73199679e+00,9.66508124e-04
0.433189,3.47172573e+02,4.84136462e-01,7.55394606e+00,1.68761827e+00,1.55818297e-03,3.52675679e-03,-9.11404540e-04,3.63457554e+00,9.58764278e-04
0.434830,3.48239422e+02,6.51147573e-01,7.14365227e+00,1.66095288e+00,8.15077314e-04,2.70627404e-03,-3.77130076e-04,3.53981312e+00,9.45636364e-04
0.436470,3.49336166e+02,9.51251124e-01,6.38972331e+00,1.46192853e+00,5.25184506e-04,1.74335537e-03,-7.65058527e-04,3.45103538e+00,9.21356529e-04
0.438111,3.50446834e+02,1.11142173e+00,5.85626085e+00,1.29918713e+00,-5.64578024e-05,9.43939387e-04,-1.11855119e-03,3.36984204e+00,8.99453915e-04
0.439752,3.51552650e+02,1.09238042e+00,5.91014661e+00,1.32034968e+00,-6.85019016e-04,9.21919535e-04,-8.86302769e-04,3.29509905e+00,8.73437948e-04
0.441393,3.52633010e+02,9.76866295e-01,6.67598719e+00,1.45612005e+00,-7.71414139e-04,2.07577558e-03,-7.79817264e-04,3.22915045e+00,8.47254669e-04
0.443034,3.53664455e+02,1.04511651e+00,6.59484977e+00,1.43068997e+00,-8.52945165e-04,1.97406342e-03,-6.95095634e-04,3.17095957e+00,8.18305721e-04
0.444675,3.54624634e+02,9.44926305e-01,7.19887894e+00,1.51968619e+00,-1.29519771e-03,2.78851177e-03,-7.39118067e-04,3.11521106e+00,7.80745080e-04
0.446316,3.55491811e+02,9.77047441e-01,7.10045262e+00,1.49110587e+00,-1.57830136e-03,2.56156461e-03,-6.68209434e-04,3.07092966e+00,7.43937095e-04
0.447956,3.56245436e+02,9.54045766e-01,7.12378330e+00,1.50901321e+00,-2.10952908e-03,2.47156673e-03,-4.23314631e-04,3.03006071e+00,6.98475201e-04
0.449597,3.56867213e+02,1.13185775e+00,6.22359265e+00,1.25720017e+00,-1.91340259e-03,1.37443825e-03,-9.24011949e-04,2.99595003e+00,6.49938469e-04
0.451238,3.57340220e+02,1.14749101e+00,5.97573083e+00,1.17424691e+00,-2.24151364e-03,9.79381538e-04,-1.03103904e-03,2.96472177e+00,6.00085769e-04
0.452879,3.57647104e+02,1.08436965e+00,6.36072897e+00,1.22579229e+00,-2.52298095e-03,1.47655122e-03,-9.79804897e-04,2.94385581e+00,5.52232299e-04
0.454520,3.57769538e+02,1.04949185e+00,6.05788571e+00,1.24911855e+00,-3.06720109e-03,7.67248791e-04,-2.15049925e-04,2.92782273e+00,5.00711239e-04
0.456161,3.57691306e+02,1.07876003e+00,5.47364215e+00,1.04339106e+00,-3.09993571e-03,-1.80349022e-05,-9.38266937e-04,2.91820418e+00,4.47897502e-04
0.457802,3.57397892e+02,1.02608895e+00,5.33102263e+00,9.22843399e-01,-3.49449648e-03,-2.47695147e-04,-1.55173273e-03,2.91105647e+00,3.95048845e-04
0.459443,3.56875028e+02,9.98775873e-01,5.21856980e+00,8.97203416e-01,-3.51202829e-03,-4.38206089e-04,-1.31396527e-03,2.91212928e+00,3.46846429e-04
0.461083,3.56108358e+02,9.98944623e-01,4.68668530e+00,8.26213966e-01,-3.44966886e-03,-1.30040005e-03,-9.20131813e-04,2.91474099e+00,2.98456719e-04
0.462724,3.55085122e+02,9.60104615e-01,4.53281557e+00,7.85627478e-01,-3.49253398e-03,-1.55278658e-03,-8.70923304e-04,2.92298615e+00,2.53695513e-04
0.464365,3.53793006e+02,9.04318011e-01,4.49661989e+00,7.68488357e-01,-3.56103144e-03,-1.61796555e-03,-8.84215541e-04,2.93608868e+00,2.13457876e-04
0.466006,3.52220145e+02,8.52493841e-01,4.68896930e+00,8.01923247e-01,-3.54778547e-03,-1.25080177e-03,-7.79005199e-04,2.95170858e+00,1.76792193e-04
0.467647,3.50355514e+02,7.85024568e-01,4.90173910e+00,8.22600797e-01,-3.61277823e-03,-9.00965236e-04,-7.82971007e-04,2.97115129e+00,1.44916958e-04
0.469288,3.48189132e+02,8.37360473e-01,4.57629598e+00,7.25537107e-01,-2.70787900e-03,-1.29635599e-03,-9.18999194e-04,2.99136657e+00,1.16100562e-04
0.470929,3.45712912e+02,7.82883419e-01,4.56713154e+00,7.51145575e-01,-2.80875398e-03,-1.50283438e-03,-5.98608537e-04,3.01126929e+00,9.14715178e-05
0.472569,3.42920151e+02,8.00345520e-01,4.39696054e+00,7.13491801e-01,-2.24701817e-03,-1.83377611e-03,-6.26321647e-04,3.03456562e+00,7.15508761e-05
0.474210,3.39805664e+02,7.60300027e-01,4.64644317e+00,7.19615256e-01,-2.16332380e-03,-1.30929463e-03,-7.76906487e-04,3.05905900e+00,5.60625634e-05
0.475851,3.36366174e+02,7.30137612e-01,4.47793814e+00,6.67134503e-01,-1.95500216e-03,-1.97553392e-03,-9.15832208e-04,3.08302627e+00,4.40200343e-05
0.477492,3.32600851e+02,7.26811874e-01,4.37018182e+00,6.55927343e-01,-1.54670658e-03,-2.36064184e-03,-7.41106130e-04,3.10582600e+00,3.62138669e-05
0.479133,3.28511430e+02,6.88238811e-01,4.24210235e+00,6.31627509e-01,-1.49776942e-03,-3.07282684e-03,-7.43482543e-04,3.12702410e+00,3.30319831e-05
0.480774,3.24102386e+02,6.90043950e-01,4.04966284e+00,5.76051695e-01,-1.07656631e-03,-3.84110795e-03,-9.81087380e-04,3.14715380e+00,3.46520867e-05
0.482415,3.19381168e+02,7.43844959e-01,3.86227405e+00,5.40444493e-01,-2.72517491e-04,-4.34250649e-03,-9.84301243e-04,3.16464931e+00,3.98621318e-05
0.484056,3.14358031e+02,8.15630339e-01,3.76704493e+00,5.01142815e-01,5.29464058e-04,-4.20215186e-03,-1.03936331e-03,3.17899762e+00,4.73408737e-05
0.485696,3.09045985e+02,8.33175201e-01,3.72090488e+00,4.67022299e-01,7.47747880e-04,-4.02794817e-03,-1.11569368e-03,3.19120990e+00,5.64362907e-05
0.487337,3.03460907e+02,9.16206017e-01,3.64632306e+00,4.58399322e-01,1.49784615e-03,-3.76979806e-03,-9.42235385e-04,3.20155067e+00,6.62936888e-05
0.488978,2.97621151e+02,9.98603797e-01,3.55600545e+00,4.71840880e-01,2.03601098e-03,-3.77211158e-03,-6.61864738e-04,3.20885470e+00,7.72447341e-05
0.490619,2.91547647e+02,1.03764206e+00,3.50197084e+00,4.26707955e-01,2.15796090e-03,-3.74778642e-03,-9.29064088e-04,3.21469771e+00,8.84847392e-05
0.492260,2.85263886e+02,1.12847240e+00,3.42284774e+00,4.33790616e-01,2.65633297e-03,-4.05526861e-03,-7.74519199e-04,3.21879752e+00,1.00563188e-04
0.493901,2.78795593e+02,1.19473162e+00,3.32393436e+00,3.64452623e-01,2.87598892e-03,-4.15792560e-03,-1.18314359e-03,3.22140297e+00,1.12799504e-04
0.495542,2.72170360e+02,1.31485355e+00,3.20875012e+00,3.10705993e-01,3.55835416e-03,-3.78842160e-03,-1.28821417e-03,3.22319694e+00,1.25179927e-04
0.497182,2.65417296e+02,1.39401134e+00,3.15406682e+00,3.55255601e-01,3.63594184e-03,-4.18113672e-03,-8.08004829e-04,3.22468189e+00,1.37762730e-04
0.498823,2.58567347e+02,1.46755151e+00,3.07802941e+00,3.32221879e-01,3.77634792e-03,-3.59805693e-03,-7.34562690e-04,3.22722829e+00,1.49978469e-04
0.500464,2.51652519e+02,1.60108508e+00,2.95808209e+00,2.59943035e-01,4.40867447e-03,-2.92103096e-03,-9.75772682e-04,3.22950273e+00,1.62351434e-04
0.502105,2.44705613e+02,1.78762713e+00,2.77374594e+00,2.05776784e-01,5.25422609e-03,-3.27768024e-03,-1.14804411e-03,3.23136771e+00,1.74593867e-04
0.503746,2.37760907e+02,1.90041856e+00,2.74781608e+00,2.03032689e-01,5.16699541e-03,-3.33442567e-03,-1.05695121e-03,3.23448744e+00,1.86353890e-04
0.505387,2.30853655e+02,2.05997848e+00,2.61858135e+00,2.04130123e-01,5.61932634e-03,-3.38951690e-03,-7.76585836e-04,3.24084064e+00,1.97565252e-04
0.507028,2.24019495e+02,2.20492277e+00,2.58384769e+00,1.74580881e-01,5.79165046e-03,-3.10202764e-03,-8.22737093e-04,3.24557768e+00,2.08238655e-04
0.508668,2.17294152e+02,2.35422435e+00,2.56639812e+00,1.36926068e-01,5.94694339e-03,-2.73272950e-03,-9.82109938e-04,3.25077401e+00,2.18563646e-04
0.510309,2.10712887e+02,2.50589801e+00,2.47491522e+00,1.20399937e-01,5.98714371e-03,-2.88167033e-03,-9.09082751e-04,3.24618652e+00,2.28602025e-04
0.511950,2.04311018e+02,2.69858057e+00,2.60796157e+00,1.05097116e-01,6.20471971e-03,-2.20459649e-03,-9.90717120e-04,3.24544498e+00,2.38146489e-04
0.513591,1.98121864e+02,2.89078042e+00,2.54164319e+00,6.05319396e-02,6.58262613e-03,-1.93975675e-03,-1.05363356e-03,3.22688482e+00,2.47919118e-04
0.515232,1.92177676e+02,3.06855707e+00,2.47271797e+00,6.94914008e-02,6.67690314e-03,-2.00466140e-03,-7.06866890e-04,3.19589258e+00,2.56403420e-04
0.516873,1.86510023e+02,3.33216017e+00,2.59244292e+00,6.32610428e-02,7.16204727e-03,-1.51962348e-03,-7.12562450e-04,3.14991219e+00,2.64791464e-04
0.518514,1.81147165e+02,3.63149046e+00,2.77331223e+00,3.00853340e-02,7.67025692e-03,-9.69257571e-04,-9.79561753e-04,3.08501002e+00,2.74590279e-04
0.520155,1.76113618e+02,3.91233640e+00,2.88504723e+00,5.51548695e-02,7.90103316e-03,-8.11156331e-04,-6.75094726e-04,3.00064147e+00,2.83745354e-04
0.521795,1.71431479e+02,3.99541113e+00,2.58094825e+00,-6.82700966e-02,7.57437075e-03,-9.29709144e-04,-1.21101289e-03,2.90050509e+00,2.90230818e-04
0.523436,1.67121027e+02,4.22084823e+00,2.51263026e+00,-8.78624013e-02,7.76835807e-03,-8.42411035e-04,-1.03542252e-03,2.76840681e+00,2.94985169e-04
0.525077,1.63198532e+02,4.32093681e+00,2.24480980e+00,-1.57765938e-01,7.56919401e-03,-9.29935309e-04,-1.13373850e-03,2.64100069e+00,3.00075478e-04
0.526718,1.59675191e+02,4.67346384e+00,2.37346633e+00,-1.69190503e-01,8.06487044e-03,-6.71047556e-04,-1.04579745e-03,2.50040309e+00,3.04976001e-04
0.528359,1.56556183e+02,4.66717552e+00,1.97814590e+00,-2.34113633e-01,7.57484734e-03,-8.64047730e-04,-1.01641129e-03,2.36537460e+00,3.07524257e-04
0.530000,1.53844337e+02,4.47143953e+00,1.43970421e+00,-3.22638069e-01,6.37457344e-03,-1.01454750e-03,-1.05857113e-03,2.21093439e+00,3.01858438e-04
0.531641,1.51540214e+02,4.61937548e+00,1.30697806e+00,-3.49974940e-01,6.39231694e-03,-1.02514439e-03,-9.17411577e-04,2.09134655e+00,3.00979055e-04
0.533281,1.49636145e+02,4.30243688e+00,7.27152780e-01,-4.14674610e-01,5.17320397e-03,-1.23529320e-03,-8.02622697e-04,1.97100160e+00,2.94747399e-04
0.534922,1.48121741e+02,4.27936625e+00,5.03448531e-01,-4.52056876e-01,4.72293278e-03,-1.20283076e-03,-7.47491624e-04,1.86546626e+00,2.88569600e-04
0.536563,1.46981724e+02,4.09753718e+00,1.56417734e-01,-5.14573647e-01,4.02654929e-03,-1.24831956e-03,-9.11147353e-04,1.77163354e+00,2.78598286e-04
0.538204,1.46197844e+02,4.17974906e+00,5.46703664e-02,-5.20630970e-01,3.96267070e-03,-1.19680584e-03,-6.58475256e-04,1.69155999e+00,2.67470353e-04
0.539845,1.45748136e+02,3.73040889e+00,-4.00727179e-01,-5.67485779e-01,2.67745329e-03,-1.24801635e-03,-7.39091253e-04,1.62399903e+00,2.53995638e-04
0.541486,1.45610025e+02,3.82608705e+00,-4.65311652e-01,-5.60846452e-01,2.74583461e-03,-1.23843980e-03,-4.56961532e-04,1.56647024e+00,2.38278885e-04
0.543127,1.45759001e+02,3.41204908e+00,-7.74552546e-01,-5.63365866e-01,1.52022008e-03,-1.02939493e-03,-2.64863792e-04,1.52132395e+00,2.20757274e-04
0.544768,1.46170206e+02,3.39982494e+00,-8.26300671e-01,-6.06310292e-01,1.26876733e-03,-7.45144732e-04,-4.87690066e-04,1.48698251e+00,2.02139971e-04
0.546408,1.46818124e+02,3.33674527e+00,-9.32248305e-01,-6.26758806e-01,1.07960281e-03,-7.71482502e-04,-4.88479090e-04,1.45967923e+00,1.83705900e-04
0.548049,1.47677666e+02,3.40461565e+00,-9.52653498e-01,-6.55503795e-01,1.09478070e-03,-5.98699359e-04,-5.60668251e-04,1.43930812e+00,1.63420367e-04
0.549690,1.48724776e+02,3.42465620e+00,-1.04087794e+00,-6.18587405e-01,1.18217496e-03,-8.28639943e-04,-6.97534951e-05,1.42718880e+00,1.44963424e-04
0.551331,1.49936211e+02,3.10227702e+00,-1.21613006e+00,-6.41732804e-01,4.89133876e-04,-8.72973147e-04,-3.06755183e-04,1.41884898e+00,1.24041083e-04
0.552972,1.51291032e+02,3.12510460e+00,-1.25024072e+00,-6.34918274e-01,4.64272341e-04,-7.76883534e-04,-1.36114105e-04,1.41800111e+00,1.05495777e-04
0.554613,1.52769021e+02,2.91110090e+00,-1.32997771e+00,-6.36430021e-01,-3.55796275e-05,-5.88928749e-04,-1.56011040e-04,1.42201365e+00,8.72216885e-05
0.556254,1.54351574e+02,2.97056962e+00,-1.39139352e+00,-6.57423909e-01,9.60123617e-05,-8.85972757e-04,-2.30810607e-04,1.42876524e+00,7.17860571e-05
0.557894,1.56021252e+02,2.85070489e+00,-1.42219787e+00,-6.65244884e-01,-2.36160801e-04,-5.63076469e-04,-2.76766264e-04,1.44014437e+00,5.87829780e-05
0.559535,1.57762002e+02,2.78198697e+00,-1.48133739e+00,-6.49244359e-01,-3.90085377e-04,-6.35738925e-04,-9.64133399e-05,1.45482737e+00,5.05932551e-05
0.561176,1.59558793e+02,2.57611050e+00,-1.52667013e+00,-6.40119995e-01,-8.15034077e-04,-4.83455835e-04,-7.50909112e-05,1.47315054e+00,4.73109301e-05
0.562817,1.61398033e+02,2.20956800e+00,-1.56781305e+00,-6.01603652e-01,-1.50489080e-03,-2.30271947e-04,3.25067452e-05,1.49307362e+00,4.95136368e-05
0.564458,1.63267052e+02,2.58961676e+00,-1.61603439e+00,-6.77571549e-01,-7.84026533e-04,-7.28615370e-04,-2.52238287e-04,1.51532855e+00,5.57890208e-05
0.566099,1.65153649e+02,2.34653070e+00,-1.63863698e+00,-6.49375379e-01,-1.27721959e-03,-4.94468421e-04,-1.11903562e-04,1.54013167e+00,6.35904298e-05
0.567740,1.67046690e+02,2.61636137e+00,-1.66149992e+00,-6.52350223e-01,-7.09704769e-04,-5.09254670e-04,1.82721364e-04,1.56704867e+00,7.21117519e-05
0.569381,1.68935922e+02,2.63968332e+00,-1.71223111e+00,-7.03972886e-01,-8.18755555e-04,-6.94685243e-04,-2.14622363e-04,1.59484725e+00,8.13073402e-05
0.571021,1.70811986e+02,2.82256864e+00,-1.79968152e+00,-7.26866202e-01,-5.85661127e-04,-1.14327702e-03,-1.66883186e-04,1.62357166e+00,9.03468327e-05
0.572662,1.72666551e+02,2.82918097e+00,-1.85183045e+00,-7.52243071e-01,-6.83568836e-04,-1.22015890e-03,-2.86794014e-04,1.65293990e+00,9.93602541e-05
0.574303,1.74492274e+02,3.15628768e+00,-1.94496083e+00,-8.12845115e-01,-1.45118952e-04,-1.48243964e-03,-3.85609003e-04,1.68339309e+00,1.08274034e-04
0.575944,1.76282555e+02,3.16464827e+00,-1.99006940e+00,-8.49760367e-01,-2.53211579e-04,-1.38997362e-03,-5.47033716e-04,1.71396406e+00,1.17433403e-04
0.577585,1.78031756e+02,3.27215022e+00,-2.08641379e+00,-8.71880271e-01,-2.11795780e-04,-1.68498422e-03,-4.60905956e-04,1.74522351e+00,1.26273929e-04
0.579226,1.79735204e+02,3.13374905e+00,-2.10943519e+00,-8.50400425e-01,-5.69386029e-04,-1.54768290e-03,-2.76959204e-04,1.77680199e+00,1.34653580e-04
0.580867,1.81389285e+02,3.13155404e+00,-2.18496384e+00,-8.40751450e-01,-6.74708230e-04,-1.70924139e-03,-1.02894804e-04,1.80823756e+00,1.43002765e-04
0.582507,1.82991146e+02,3.21265056e+00,-2.29179296e+00,-9.03226074e-01,-7.42315637e-04,-2.00151348e-03,-4.31358833e-04,1.83993383e+00,1.51793161e-04
0.584148,1.84538476e+02,3.07060277e+00,-2.32160051e+00,-8.81339616e-01,-1.06255043e-03,-1.87571382e-03,-2.61863741e-04,1.87160756e+00,1.60038247e-04
0.585789,1.86029939e+02,2.98649142e+00,-2.37291215e+00,-8.39825688e-01,-1.29842612e-03,-1.94419066e-03,1.28412395e-04,1.90330334e+00,1.67640436e-04
0.587430,1.87464942e+02,2.87593833e+00,-2.39544336e+00,-8.48688364e-01,-1.53216110e-03,-1.76020390e-03,-3.40920384e-05,1.93492911e+00,1.75546564e-04
0.589071,1.88843352e+02,3.10645957e+00,-2.51827357e+00,-8.83932826e-01,-9.45960401e-04,-1.83691494e-03,5.37549765e-05,1.96659292e+00,1.83645865e-04
0.590712,1.90165135e+02,3.17717550e+00,-2.65452349e+00,-9.26818674e-01,-1.08886323e-03,-2.24705232e-03,-8.68658929e-05,1.99784898e+00,1.91460489e-04
0.592353,1.91430786e+02,3.12312760e+00,-2.73430277e+00,-9.57106495e-01,-1.36737115e-03,-2.37861406e-03,-3.01132275e-04,2.02945716e+00,1.98445313e-04
0.593994,1.92641494e+02,3.10744910e+00,-2.78037429e+00,-9.29321071e-01,-1.21444618e-03,-2.19004045e-03,6.29303693e-05,2.06083522e+00,2.05455518e-04
0.595634,1.93798689e+02,3.14724713e+00,-2.90916341e+00,-9.83003403e-01,-1.36473023e-03,-2.46611689e-03,-2.23959164e-04,2.09198500e+00,2.12044738e-04
0.597275,1.94904101e+02,3.15805070e+00,-3.00834401e+00,-9.74969507e-01,-1.34278129e-03,-2.58173295e-03,2.70121006e-05,2.12321001e+00,2.18710838e-04
0.598916,1.95959674e+02,3.21943928e+00,-3.09726736e+00,-1.03675554e+00,-1.12111719e-03,-2.46669353e-03,-3.14292465e-04,2.15413180e+00,2.24879275e-04
0.600557,1.96967520e+02,3.16270837e+00,-3.22039407e+00,-1.06599252e+00,-1.56419993e-03,-2.82667700e-03,-4.01066029e-04,2.18511629e+00,2.30799342e-04
0.602198,1.97929999e+02,3.13778001e+00,-3.29742509e+00,-1.06221467e+00,-1.57475181e-03,-2.78901575e-03,-2.49597109e-04,2.21604952e+00,2.36299415e-04
0.603839,1.98849666e+02,3.24363731e+00,-3.44505189e+00,-1.09243297e+00,-1.29932096e-03,-2.94457620e-03,-2.16948924e-04,2.24677750e+00,2.41324668e-04
0.605480,1.99729024e+02,3.46151516e+00,-3.69308190e+00,-1.17153087e+00,-9.84320536e-04,-3.38985528e-03,-4.09124854e-04,2.27744311e+00,2.46648125e-04
0.607120,2.00570322e+02,3.40334560e+00,-3.77973182e+00,-1.16844353e+00,-1.11432342e-03,-3.39273502e-03,-2.87005258e-04,2.30806684e+00,2.51636480e-04
0.608761,2.01376100e+02,3.57486873e+00,-4.04514042e+00,-1.21606850e+00,-1.02360205e-03,-3.94878896e-03,-2.38166518e-04,2.33827491e+00,2.56353309e-04
0.610402,2.02148668e+02,3.38879586e+00,-4.01488164e+00,-1.19889606e+00,-1.19210404e-03,-3.48309289e-03,-2.95635283e-04,2.36849120e+00,2.60390206e-04
0.612043,2.02891023e+02,3.31378843e+00,-4.11773155e+00,-1.18497463e+00,-1.45931650e-03,-3.61787355e-03,-1.00208614e-04,2.39845408e+00,2.63891075e-04
0.613684,2.03606186e+02,3.16974292e+00,-4.09118781e+00,-1.15221294e+00,-1.43796647e-03,-3.17487874e-03,-2.61513303e-05,2.42840212e+00,2.67201295e-04
0.615325,2.04297208e+02,3.12924290e+00,-4.18207110e+00,-1.19789815e+00,-1.47694094e-03,-3.14769688e-03,-3.47303684e-04,2.45778335e+00,2.69743445e-04
0.616966,2.04967164e+02,2.84011205e+00,-4.10931540e+00,-1.13369117e+00,-2.07348870e-03,-2.90496612e-03,-1.28492901e-04,2.48689539e+00,2.71363463e-04
0.618607,2.05619399e+02,3.02094055e+00,-4.31430992e+00,-1.17050927e+00,-1.36920967e-03,-3.04850093e-03,-5.06741817e-05,2.51561481e+00,2.73933133e-04
0.620247,2.06255993e+02,3.17568279e+00,-4.67881459e+00,-1.24485306e+00,-1.56287741e-03,-3.92812704e-03,-1.21662869e-04,2.54413486e+00,2.78086392e-04
0.621888,2.06878254e+02,3.31168381e+00,-4.91880954e+00,-1.32524092e+00,-1.17801452e-03,-4.15385813e-03,-3.98084311e-04,2.57214794e+00,2.80859557e-04
0.623529,2.07487677e+02,3.18679069e+00,-4.96625940e+00,-1.31486791e+00,-1.39595749e-03,-4.05619715e-03,-3.45808914e-04,2.59997633e+00,2.82696591e-04
0.625170,2.08086386e+02,2.99987800e+00,-4.93762329e+00,-1.25878505e+00,-1.59453694e-03,-3.77563244e-03,-7.99792902e-05,2.62739245e+00,2.83508344e-04
0.626811,2.08676882e+02,3.05757777e+00,-5.11329069e+00,-1.27699364e+00,-1.27857878e-03,-3.88724603e-03,-7.03258806e-06,2.65441400e+00,2.84897451e-04
0.628452,2.09260886e+02,2.76776600e+00,-4.97066948e+00,-1.20595374e+00,-1.68213485e-03,-3.39053815e-03,9.69432867e-05,2.68082661e+00,2.85490856e-04
0.630093,2.09840696e+02,2.76856486e+00,-5.18744265e+00,-1.27557988e+00,-1.91700858e-03,-3.78452012e-03,-2.25965114e-04,2.70597554e+00,2.85027718e-04
0.631733,2.10418263e+02,2.61462570e+00,-5.16682575e+00,-1.24282956e+00,-1.97761598e-03,-3.51443905e-03,-1.75590237e-04,2.73135544e+00,2.85982501e-04
0.633374,2.10995121e+02,2.27729513e+00,-4.91862697e+00,-1.14162468e+00,-2.21019500e-03,-2.81250904e-03,7.28657420e-05,2.75553147e+00,2.85533082e-04
0.635015,2.11573516e+02,2.31478272e+00,-5.09012264e+00,-1.14138286e+00,-1.89542555e-03,-3.00940472e-03,2.64487176e-04,2.77992528e+00,2.85019210e-04
0.636656,2.12154905e+02,1.88815612e+00,-4.70792470e+00,-9.78604694e-01,-2.32387306e-03,-2.17003903e-03,6.83080385e-04,2.80357165e+00,2.83599155e-04
0.638297,2.12741124e+02,1.81379843e+00,-4.77727178e+00,-1.01325000e+00,-2.42291062e-03,-2.18408810e-03,2.79343337e-04,2.82570723e+00,2.82974881e-04
0.639938,2.13333125e+02,1.89370776e+00,-5.06014009e+00,-1.04456749e+00,-2.26726642e-03,-2.66576982e-03,3.98520694e-04,2.84742965e+00,2.83568419e-04
0.641579,2.13930857e+02,1.73309491e+00,-5.01625985e+00,-1.06363966e+00,-2.47132406e-03,-2.45283827e-03,-4.37424426e-05,2.86908391e+00,2.82907017e-04
0.643220,2.14534740e+02,1.78978388e+00,-5.24398054e+00,-1.07841045e+00,-2.16564494e-03,-2.74714487e-03,1.41476955e-04,2.88954370e+00,2.82348930e-04
0.644860,2.15144817e+02,1.77526151e+00,-5.32273148e+00,-1.05848903e+00,-1.81852943e-03,-2.70833923e-03,2.53720092e-04,2.91036309e+00,2.80864335e-04
0.646501,2.15760848e+02,1.66662045e+00,-5.34474624e+00,-1.05930896e+00,-1.98144583e-03,-2.63923793e-03,1.28419186e-04,2.92924374e+00,2.80515450e-04
0.648142,2.16382586e+02,1.58962075e+00,-5.44498140e+00,-1.05149905e+00,-2.13881436e-03,-2.77417869e-03,2.19758710e-04,2.94779289e+00,2.79634271e-04
0.649783,2.17009985e+02,1.41698330e+00,-5.26341530e+00,-9.70653662e-01,-1.98062262e-03,-2.28213477e-03,4.58935327e-04,2.96663043e+00,2.77197147e-04
0.651424,2.17643298e+02,1.41746774e+00,-5.46248601e+00,-1.02300107e+00,-1.97773506e-03,-2.54902512e-03,1.76574468e-04,2.98473144e+00,2.75426708e-04
0.653065,2.18282353e+02,1.18119883e+00,-5.11587340e+00,-9.21323971e-01,-1.84303532e-03,-1.78426863e-03,3.25979808e-04,3.00258981e+00,2.71862376e-04
0.654706,2.18927597e+02,9.91750340e-01,-4.88982298e+00,-8.68776371e-01,-1.87179224e-03,-1.30523196e-03,2.51630811e-04,3.01957330e+00,2.69257246e-04
0.656346,2.19578972e+02,9.96304720e-01,-5.15959291e+00,-9.02137686e-01,-2.10023354e-03,-1.83801726e-03,2.52392763e-04,3.03644973e+00,2.67466848e-04
0.657987,2.20235494e+02,8.49445018e-01,-4.96890278e+00,-8.42971816e-01,-1.96486849e-03,-1.38965860e-03,3.17819499e-04,3.05248999e+00,2.65275918e-04
0.659628,2.20896609e+02,7.41115752e-01,-4.94064148e+00,-8.30610803e-01,-2.09907246e-03,-1.30946263e-03,2.38294493e-04,3.06848475e+00,2.62681298e-04
0.661269,2.21561816e+02,7.23201340e-01,-5.00081161e+00,-7.90814270e-01,-1.75900828e-03,-1.33382947e-03,5.90165063e-04,3.08375204e+00,2.60179199e-04
0.662910,2.22230136e+02,6.59162370e-01,-5.03747774e+00,-8.40971915e-01,-1.76719317e-03,-1.31783437e-03,5.50452895e-05,3.09908249e+00,2.57172688e-04
0.664551,2.22900235e+02,7.48217334e-01,-5.49493012e+00,-8.88014764e-01,-1.74604603e-03,-2.05980933e-03,2.51841932e-04,3.11522142e+00,2.56756946e-04
0.666192,2.23570016e+02,6.23226058e-01,-5.40900659e+00,-8.77731637e-01,-1.85372280e-03,-1.87396923e-03,8.63758532e-05,3.12959169e+00,2.52886020e-04
0.667833,2.24238590e+02,5.53508251e-01,-5.45030832e+00,-8.21692128e-01,-1.91527049e-03,-1.92359936e-03,5.43387079e-04,3.14549205e+00,2.50043307e-04
0.669473,2.24904763e+02,5.36098328e-01,-5.49442812e+00,-8.16851997e-01,-1.58404392e-03,-1.82960595e-03,4.82799525e-04,3.16079478e+00,2.47636284e-04
0.671114,2.25567421e+02,3.80784984e-01,-5.15989046e+00,-7.41981741e-01,-1.47772048e-03,-1.19859269e-03,4.80952288e-04,3.17569017e+00,2.43213641e-04
0.672755,2.26226157e+02,2.93781698e-01,-5.14330637e+00,-6.89384037e-01,-1.62412097e-03,-1.21513228e-03,7.04163082e-04,3.19129193e+00,2.39428078e-04
0.674396,2.26879996e+02,3.76051166e-01,-5.64669462e+00,-7.98663580e-01,-1.43993440e-03,-1.94561250e-03,2.36830197e-04,3.20476337e+00,2.36886383e-04
0.676037,2.27526950e+02,2.01455451e-01,-5.45918493e+00,-7.66218656e-01,-1.96587689e-03,-1.68218569e-03,1.07415232e-04,3.22115348e+00,2.33884591e-04
0.677678,2.28165637e+02,1.94092909e-01,-5.51040162e+00,-7.24513953e-01,-1.51133494e-03,-1.61755395e-03,4.29084604e-04,3.23494452e+00,2.31123906e-04
0.679319,2.28794621e+02,1.38846866e-01,-5.51885489e+00,-7.38045449e-01,-1.45278760e-03,-1.57719215e-03,2.01503377e-04,3.25140631e+00,2.26689615e-04
0.680959,2.29412871e+02,3.24171395e-02,-5.29467211e+00,-6.95275229e-01,-1.38994693e-03,-1.15031446e-03,1.55807746e-04,3.26656205e+00,2.22782753e-04
0.682600,2.30019606e+02,-1.46991639e-01,-4.85265908e+00,-5.95506977e-01,-1.63852749e-03,-4.68889624e-04,3.83244316e-04,3.28245197e+00,2.18693764e-04
0.684241,2.30614198e+02,-1.15304443e-01,-5.30839794e+00,-6.32809931e-01,-1.59873273e-03,-1.19345105e-03,4.99334929e-04,3.29890028e+00,2.14861140e-04
0.685882,2.31194989e+02,-1.21479323e-01,-5.67079262e+00,-6.52823048e-01,-1.62892835e-03,-1.76251740e-03,5.81577969e-04,3.31493578e+00,2.12406219e-04
0.687523,2.31759873e+02,-2.30233899e-01,-5.34494888e+00,-6.10864263e-01,-1.57173268e-03,-1.14933200e-03,4.20327755e-04,3.33230837e+00,2.08878361e-04
0.689164,2.32307645e+02,-2.93328515e-01,-5.05762997e+00,-5.69286088e-01,-1.26721486e-03,-5.61527403e-04,3.54753733e-04,3.34988492e+00,2.04733924e-04
0.690805,2.32837643e+02,-3.43501384e-01,-4.50319526e+00,-4.79485761e-01,-6.30098516e-04,4.41634371e-04,4.03268209e-04,3.36801198e+00,2.00034111e-04
0.692445,2.33349624e+02,-4.84441286e-01,-4.23047714e+00,-4.09364843e-01,-1.21709543e-03,7.53625466e-04,5.70721320e-04,3.38568962e+00,1.94865568e-04
0.694086,2.33843233e+02,-5.01696164e-01,-4.41560555e+00,-4.05830691e-01,-1.18563357e-03,4.31490571e-04,7.01670680e-04,3.40292246e+00,1.91528945e-04
0.695727,2.34316997e+02,-4.93162816e-01,-4.66582762e+00,-4.39607780e-01,-9.69630943e-04,4.09734880e-05,5.28000261e-04,3.42149590e+00,1.88646505e-04
0.697368,2.34769239e+02,-5.60343882e-01,-4.33409965e+00,-3.94765360e-01,-9.42452210e-04,5.38177002e-04,4.38652346e-04,3.44137954e+00,1.83680439e-04
0.699009,2.35199253e+02,-6.05542529e-01,-3.94512193e+00,-3.07879023e-01,-7.47386968e-04,1.17811629e-03,6.05894553e-04,3.46072775e+00,1.80297740e-04
0.700650,2.35606312e+02,-6.46817368e-01,-3.65881374e+00,-2.84720862e-01,-6.44944606e-04,1.57045893e-03,4.42075585e-04,3.47991529e+00,1.75696165e-04
0.702291,2.35989846e+02,-7.03957683e-01,-3.37926356e+00,-2.62898469e-01,-7.08078616e-04,1.92961661e-03,2.81156441e-04,3.49920304e+00,1.71807980e-04
0.703932,2.36348972e+02,-6.83028814e-01,-3.25423117e+00,-2.09333748e-01,-2.42304382e-04,2.08205910e-03,5.59483825e-04,3.52028910e+00,1.67482689e-04
0.705572,2.36682816e+02,-7.28690637e-01,-3.38495427e+00,-2.04225809e-01,-5.00335985e-04,1.72458776e-03,6.08315411e-04,3.54115503e+00,1.64110787e-04
0.707213,2.36989998e+02,-7.70944890e-01,-3.15049347e+00,-1.97048264e-01,-5.36773209e-04,2.02376305e-03,3.39974052e-04,3.56165557e+00,1.60764815e-04
0.708854,2.37269281e+02,-7.70739778e-01,-3.12066222e+00,-1.79666056e-01,-3.42142809e-04,2.02499603e-03,4.27937202e-04,3.58411613e+00,1.57335304e-04
0.710495,2.37519621e+02,-8.03236274e-01,-3.11636311e+00,-1.48325284e-01,-4.59247760e-04,1.92565314e-03,5.88816915e-04,3.60648174e+00,1.53628157e-04
0.712136,2.37740011e+02,-8.01890111e-01,-3.33782737e+00,-1.81426001e-01,-2.82831506e-04,1.51746786e-03,4.10813712e-04,3.62852756e+00,1.50874711e-04
0.713777,2.37928922e+02,-8.46760437e-01,-3.60387629e+00,-2.10657342e-01,-4.92223809e-04,9.65142466e-04,3.62455387e-04,3.65120856e+00,1.47502553e-04
0.715418,2.38084913e+02,-8.92740047e-01,-3.55323905e+00,-1.81627513e-01,-6.61122335e-04,9.76783168e-04,5.09056969e-04,3.67441784e+00,1.44614908e-04
0.717058,2.38206740e+02,-8.82309035e-01,-3.66265464e+00,-1.74646876e-01,-3.59318449e-04,8.01708463e-04,5.76310333e-04,3.69882539e+00,1.41557840e-04
0.718699,2.38293280e+02,-9.15981697e-01,-3.88743247e+00,-1.80674414e-01,-4.09276699e-04,3.66697236e-04,5.52032956e-04,3.72241402e+00,1.38516631e-04
0.720340,2.38343344e+02,-9.08782138e-01,-3.77783951e+00,-1.72721576e-01,-1.55029015e-04,5.59830129e-04,4.18444059e-04,3.74709520e+00,1.35115409e-04
0.721981,2.38355891e+02,-9.61056701e-01,-4.08047601e+00,-2.16794218e-01,-3.53784781e-04,1.91451023e-05,1.62660539e-04,3.77212601e+00,1.32394810e-04
0.723622,2.38329700e+02,-9.43448853e-01,-4.15458151e+00,-1.87626578e-01,4.20766283e-06,-5.85205906e-05,4.31231148e-04,3.79750188e+00,1.29298730e-04
0.725263,2.38263830e+02,-1.00544614e+00,-4.32809671e+00,-1.65489874e-01,-3.16213409e-04,-3.73161688e-04,6.35514257e-04,3.82294842e+00,1.26330846e-04
0.726904,2.38157320e+02,-1.03310255e+00,-4.50753453e+00,-1.85669855e-01,-3.02720395e-04,-6.17781775e-04,4.88388801e-04,3.84862799e+00,1.23432784e-04
0.728545,2.38009180e+02,-1.07173507e+00,-4.42880168e+00,-1.77843717e-01,-4.75501796e-04,-4.51210054e-04,3.77039708e-04,3.87381323e+00,1.20001480e-04
0.730185,2.37818783e+02,-1.05572867e+00,-4.29727191e+00,-1.92308850e-01,-1.96464533e-04,-1.49164661e-04,1.21361940e-04,3.89994816e+00,1.16562435e-04
0.731826,2.37585638e+02,-1.13611967e+00,-4.50195107e+00,-1.97367163e-01,-6.10377398e-04,-5.41746377e-04,1.80078220e-04,3.92661772e+00,1.13409912e-04
0.733467,2.37308977e+02,-1.12722778e+00,-4.54422494e+00,-1.71325999e-01,-2.86188822e-04,-5.48302220e-04,3.80520876e-04,3.95316552e+00,1.10602164e-04
0.735108,2.36988156e+02,-1.11439248e+00,-4.40041285e+00,-1.73100178e-01,-1.10699128e-04,-2.29096210e-04,2.09735592e-04,3.98105211e+00,1.07119941e-04
0.736749,2.36622878e+02,-1.11741381e+00,-4.12162622e+00,-1.16892642e-01,-1.72311302e-04,3.14785728e-04,4.86772141e-04,4.00766851e+00,1.03650472e-04
0.738390,2.36212946e+02,-1.11656381e+00,-3.99897134e+00,-9.05292216e-02,-1.26245280e-04,5.35996644e-04,4.77608309e-04,4.03518182e+00,1.00425624e-04
0.740031,2.35758106e+02,-1.15417772e+00,-3.92004826e+00,-8.21000096e-02,-3.72936873e-04,6.36700992e-04,3.73487912e-04,4.06271031e+00,9.73455052e-05
0.741671,2.35257941e+02,-1.15341472e+00,-4.03226606e+00,-9.20332561e-02,-7.96831679e-05,4.53280088e-04,2.59851880e-04,4.09025680e+00,9.44338101e-05
0.743312,2.34711851e+02,-1.21706763e+00,-4.14080648e+00,-8.30989933e-02,-3.74474499e-04,2.56696374e-04,3.17323718e-04,4.11860365e+00,9.18145775e-05
0.744953,2.34119270e+02,-1.18274717e+00,-4.05831245e+00,-1.05396497e-02,1.15343619e-05,4.30161641e-04,8.00594552e-04,4.14728733e+00,8.92012899e-05
0.746594,2.33479811e+02,-1.17032346e+00,-3.88316477e+00,-3.33079226e-02,6.20324159e-05,7.97462578e-04,3.83018937e-04,4.17625636e+00,8.59983603e-05
0.748235,2.32793270e+02,-1.18672859e+00,-4.09900754e+00,-5.46865124e-02,2.42400236e-04,3.84809739e-04,2.31705476e-04,4.20567216e+00,8.39873770e-05
0.749876,2.32059108e+02,-1.23193147e+00,-4.01439722e+00,-3.56530406e-02,-1.60864168e-04,5.14152511e-04,2.50059330e-04,4.23405793e+00,8.08704676e-05
0.751517,2.31277040e+02,-1.32297693e+00,-4.18867901e+00,-2.62459065e-02,-5.85353559e-04,9.69019167e-05,3.23737683e-04,4.26142720e+00,7.83276834e-05
0.753158,2.30446594e+02,-1.33796591e+00,-4.22389055e+00,-4.74785365e-02,-4.50388519e-04,5.39822198e-05,9.44785968e-05,4.29030012e+00,7.57252900e-05
0.754798,2.29567479e+02,-1.28352014e+00,-4.26017567e+00,-5.18831723e-02,2.33633761e-04,-4.75432109e-06,2.72773996e-05,4.32080586e+00,7.35318927e-05
0.756439,2.28639354e+02,-1.35909087e+00,-4.23891012e+00,-4.43150578e-03,-3.80320455e-04,6.05719280e-05,3.69460924e-04,4.35063098e+00,7.13440508e-05
0.758080,2.27662069e+02,-1.26163829e+00,-3.84193527e+00,2.62264734e-02,1.43424336e-04,1.01095361e-03,4.27168872e-04,4.37910981e+00,6.80067704e-05
0.759721,2.26635959e+02,-1.30780021e+00,-4.07379133e+00,-2.28137238e-02,1.61933120e-04,4.94247448e-04,-1.72088920e-05,4.40860565e+00,6.57517571e-05
0.761362,2.25560730e+02,-1.34434546e+00,-4.16487278e+00,-5.74501701e-03,7.28376125e-05,3.59837777e-04,1.05216735e-04,4.43839424e+00,6.39232757e-05
0.763003,2.24436083e+02,-1.38614093e+00,-4.16072123e+00,2.01448077e-02,-1.68857629e-04,3.98420457e-04,2.78180915e-04,4.46727038e+00,6.15329100e-05
0.764644,2.23261857e+02,-1.42044457e+00,-4.22328629e+00,3.05712001e-02,-2.34863870e-04,2.84416064e-04,3.11676055e-04,4.49724568e+00,5.95970344e-05
0.766284,2.22037856e+02,-1.47031172e+00,-4.44388895e+00,-6.45242313e-03,-2.13795649e-04,-2.24651723e-04,-1.81786477e-05,4.52730052e+00,5.77389880e-05
0.767925,2.20763845e+02,-1.40484288e+00,-4.28062562e+00,2.33015384e-02,2.76644807e-04,3.38010830e-04,1.63917057e-04,4.55701593e+00,5.57471771e-05
0.769566,2.19439962e+02,-1.43897836e+00,-4.18805530e+00,8.00852260e-02,-2.91882852e-05,6.62756334e-04,5.19968232e-04,4.58543950e+00,5.36082210e-05
0.771207,2.18066377e+02,-1.45451768e+00,-4.39842366e+00,6.61786559e-02,2.61370915e-04,1.50859289e-04,3.03160873e-04,4.61537414e+00,5.18859273e-05
0.772848,2.16643062e+02,-1.49551976e+00,-4.33992587e+00,9.06900597e-02,-4.29259652e-05,4.22801645e-04,4.27192703e-04,4.64388606e+00,4.96582257e-05
0.774489,2.15170151e+02,-1.48013842e+00,-4.14983639e+00,8.96769467e-02,-4.83724710e-05,9.93843398e-04,2.97687609e-04,4.67327447e+00,4.79336476e-05
0.776130,2.13647889e+02,-1.50081132e+00,-4.30096248e+00,1.11385505e-01,1.55126243e-04,5.39220106e-04,4.14543812e-04,4.70242963e+00,4.61802557e-05
0.777771,2.12076372e+02,-1.49420508e+00,-4.19094522e+00,1.28487203e-01,2.14421088e-04,9.79014911e-04,4.27821899e-04,4.73125423e+00,4.45917292e-05
0.779411,2.10455815e+02,-1.50375031e+00,-4.25524930e+00,1.10886200e-01,3.01466089e-04,7.80647791e-04,1.66784924e-04,4.76091538e+00,4.33965976e-05
0.781052,2.08786392e+02,-1.52762368e+00,-4.34450858e+00,9.86613500e-02,3.18418276e-04,5.97716730e-04,-2.43654603e-05,4.78978156e+00,4.19398425e-05
0.782693,2.07068211e+02,-1.57174017e+00,-4.42473519e+00,1.82830951e-01,1.24225379e-04,4.01388889e-04,6.64086026e-04,4.81781399e+00,4.04363520e-05
0.784334,2.05301493e+02,-1.59431238e+00,-4.47087062e+00,1.57718658e-01,1.03577072e-04,4.34204435e-04,3.55454213e-04,4.84564282e+00,3.91775205e-05
0.785975,2.03486440e+02,-1.69264541e+00,-4.74514287e+00,1.74501839e-01,-2.50881415e-04,-3.99907389e-04,4.12181212e-04,4.87366462e+00,3.79988308e-05
0.787616,2.01623107e+02,-1.67794800e+00,-4.68318789e+00,1.55887296e-01,-7.84690749e-05,-2.10160892e-05,1.39178471e-04,4.90149161e+00,3.69007868e-05
0.789257,1.99711868e+02,-1.71360532e+00,-4.74381217e+00,2.15585511e-01,-1.72705121e-04,-2.90193238e-05,5.79228028e-04,4.92835734e+00,3.60658339e-05
0.790897,1.97753115e+02,-1.68346535e+00,-4.71372577e+00,2.02457713e-01,1.78729008e-04,1.03538550e-04,3.34054335e-04,4.95510707e+00,3.48133910e-05
0.792538,1.95747403e+02,-1.75241015e+00,-4.70234582e+00,2.24093471e-01,-2.99301570e-04,4.60864543e-04,4.64530329e-04,4.98145944e+00,3.41330783e-05
0.794179,1.93695215e+02,-1.81088524e+00,-4.85312305e+00,2.35195239e-01,-3.89851490e-04,9.68386381e-05,4.44076139e-04,5.00646861e+00,3.32769363e-05
0.795820,1.91596951e+02,-1.78891076e+00,-4.78230175e+00,2.65077301e-01,-1.60271780e-04,4.68908151e-04,5.87957205e-04,5.03170959e+00,3.28080739e-05
0.797461,1.89453228e+02,-1.80493207e+00,-4.72958548e+00,2.58057941e-01,-2.18202709e-04,7.15169196e-04,3.78112477e-04,5.05701655e+00,3.22414013e-05
0.799102,1.87264788e+02,-1.79956289e+00,-4.73965588e+00,2.83734328e-01,-2.62036034e-05,6.96019223e-04,4.94100909e-04,5.08134361e+00,3.18822046e-05
0.800743,1.85032240e+02,-1.79711746e+00,-4.76561716e+00,2.90966290e-01,1.20934702e-04,5.76519199e-04,4.32037965e-04,5.10515179e+00,3.16063395e-05
0.802384,1.82756183e+02,-1.83053014e+00,-4.86036121e+00,3.28281173e-01,7.68445421e-06,1.48451143e-04,6.14695996e-04,5.12830599e+00,3.14681625e-05
0.804024,1.80437206e+02,-1.91584154e+00,-4.89258768e+00,3.44799502e-01,-4.12319317e-04,4.42944283e-04,6.37955283e-04,5.15033824e+00,3.10585163e-05
0.805665,1.78076042e+02,-1.91185138e+00,-4.91068571e+00,3.72080400e-01,-2.21178482e-04,2.90137222e-04,7.02006494e-04,5.17069506e+00,3.13960061e-05
0.807306,1.75673476e+02,-1.93502457e+00,-4.95752637e+00,3.68982796e-01,-2.14051308e-04,2.39114822e-04,5.30785283e-04,5.19039944e+00,3.14862060e-05
0.808947,1.73230285e+02,-1.96328296e+00,-5.00812623e+00,3.78990961e-01,-2.38778248e-04,3.08126549e-04,4.61449318e-04,5.20811532e+00,3.19301722e-05
0.810588,1.70747376e+02,-1.98765061e+00,-5.12794186e+00,3.68015683e-01,-1.81812144e-04,-9.01570337e-05,2.58537152e-04,5.22716004e+00,3.20535278e-05
0.812229,1.68225591e+02,-2.07744814e+00,-5.23375615e+00,4.12222907e-01,-6.59864165e-04,-2.83924363e-04,5.13174407e-04,5.24477688e+00,3.24366535e-05
0.813870,1.65665731e+02,-2.05442062e+00,-5.16322773e+00,4.48216223e-01,-3.69322835e-04,1.13580211e-04,7.00954897e-04,5.26361367e+00,3.29568851e-05
0.815510,1.63068897e+02,-2.08497300e+00,-5.23450122e+00,4.58376030e-01,-4.41256255e-04,-1.97146586e-04,6.01919602e-04,5.27708203e+00,3.36981695e-05
0.817151,1.60436128e+02,-2.08057910e+00,-5.23961679e+00,4.48071245e-01,-2.96509436e-04,-1.86812819e-04,3.27659395e-04,5.29081235e+00,3.44305307e-05
0.818792,1.57768526e+02,-2.12847137e+00,-5.24274558e+00,4.81154943e-01,-4.59595836e-04,2.58881784e-04,4.80887432e-04,5.30517725e+00,3.50426413e-05
0.820433,1.55067369e+02,-2.13913067e+00,-5.25182870e+00,5.02259679e-01,-3.41684259e-04,3.74360631e-04,4.96767054e-04,5.31666806e+00,3.62595397e-05
0.822074,1.52333975e+02,-2.20182861e+00,-5.39601222e+00,5.18060022e-01,-5.83426294e-04,-2.05838576e-04,3.92479157e-04,5.32147855e+00,3.70786016e-05
0.823715,1.49569404e+02,-2.15502679e+00,-5.32790319e+00,5.55314608e-01,-2.16690387e-04,-5.92185682e-05,6.22568423e-04,5.32872513e+00,3.79876795e-05
0.825356,1.46775053e+02,-2.20832347e+00,-5.38717649e+00,5.73051646e-01,-4.12284504e-04,-3.31976077e-05,5.52775972e-04,5.33501104e+00,3.90669784e-05
0.826997,1.43952293e+02,-2.22424333e+00,-5.40557018e+00,6.20732227e-01,-4.87139288e-04,-2.50508246e-04,8.21194857e-04,5.33966879e+00,4.00767883e-05
0.828637,1.41102423e+02,-2.24959501e+00,-5.48405945e+00,6.40682265e-01,-4.82054115e-04,-5.40996283e-04,7.86654392e-04,5.34253465e+00,4.10058330e-05
0.830278,1.38226847e+02,-2.26732699e+00,-5.48335648e+00,6.63639426e-01,-4.10888432e-04,-1.36788513e-04,7.43446377e-04,5.33909664e+00,4.23538774e-05
0.831919,1.35327247e+02,-2.37208046e+00,-5.62531200e+00,6.82406567e-01,-7.07840031e-04,1.10170892e-05,6.09025795e-04,5.33909188e+00,4.37546646e-05
0.833560,1.32405276e+02,-2.39255955e+00,-5.62276026e+00,7.22106914e-01,-7.03071729e-04,2.16775622e-04,7.49969474e-04,5.33354005e+00,4.48895716e-05
0.835201,1.29462571e+02,-2.43970188e+00,-5.70285751e+00,7.74464559e-01,-7.07242972e-04,2.28416062e-04,9.06689033e-04,5.32152841e+00,4.64648075e-05
0.836842,1.26500914e+02,-2.45761362e+00,-5.73285792e+00,7.92732392e-01,-6.83659705e-04,1.46426680e-04,7.95312608e-04,5.30844271e+00,4.75596817e-05
0.838483,1.23521963e+02,-2.41450483e+00,-5.66722211e+00,8.18040638e-01,-4.34276455e-04,-1.05925515e-05,8.49057801e-04,5.30452211e+00,4.87257987e-05
0.840123,1.20527463e+02,-2.46326055e+00,-5.72373506e+00,8.37040997e-01,-5.69830096e-04,6.17837563e-05,7.22985832e-04,5.28026038e+00,4.99669336e-05
0.841764,1.17519281e+02,-2.47692799e+00,-5.70342347e+00,9.03215566e-01,-6.80011258e-04,4.68710763e-05,1.10253699e-03,5.26011467e+00,5.13635148e-05
0.843405,1.14499352e+02,-2.47844413e+00,-5.71069814e+00,9.13946305e-01,-4.75673845e-04,2.62971890e-04,9.07250054e-04,5.23039682e+00,5.27093833e-05
0.845046,1.11469809e+02,-2.44726566e+00,-5.63200893e+00,9.44964495e-01,-3.71235551e-04,3.60275696e-04,9.81905501e-04,5.19434282e+00,5.44823282e-05
0.846687,1.08432789e+02,-2.51202908e+00,-5.71493911e+00,9.52492366e-01,-6.13320618e-04,2.60038215e-04,6.64124014e-04,5.17061504e+00,5.55715741e-05
0.848328,1.05390222e+02,-2.41546615e+00,-5.52997047e+00,9.97646485e-01,-2.07972722e-04,5.45882819e-04,9.79739823e-04,5.12259499e+00,5.68293626e-05
0.849969,1.02344362e+02,-2.43684513e+00,-5.52461871e+00,1.04181086e+00,-2.38769775e-04,8.04316253e-04,1.04822103e-03,5.08506836e+00,5.86493418e-05
0.851610,9.92976034e+01,-2.41834224e+00,-5.48717178e+00,1.04081817e+00,-2.94261239e-04,4.63365752e-04,8.16618585e-04,5.04019766e+00,5.97019036e-05
0.853250,9.62520938e+01,-2.41915626e+00,-5.46719382e+00,1.07760420e+00,-2.65103611e-04,5.78987750e-04,8.74851407e-04,4.99116893e+00,6.08365188e-05
0.854891,9.32100509e+01,-2.41139132e+00,-5.45143871e+00,1.12956018e+00,-2.75880334e-04,3.84263734e-04,1.07771105e-03,4.92031985e+00,6.22760939e-05
0.856532,9.01737039e+01,-2.37482855e+00,-5.34867095e+00,1.16015666e+00,-1.73057197e-04,6.99812153e-04,1.13006002e-03,4.84771930e+00,6.31122142e-05
0.858173,8.71454304e+01,-2.32837276e+00,-5.24197350e+00,1.17827166e+00,-9.38699463e-05,7.21927921e-04,1.07013194e-03,4.77965679e+00,6.45539833e-05
0.859814,8.41278798e+01,-2.31389833e+00,-5.20392535e+00,1.20589928e+00,-7.23502906e-06,8.78864529e-04,1.00824143e-03,4.70164548e+00,6.62128628e-05
0.861455,8.11237496e+01,-2.26415507e+00,-5.08561644e+00,1.23072407e+00,1.29448492e-04,1.16007304e-03,9.98232120e-04,4.59810660e+00,6.75124292e-05
0.863096,7.81357061e+01,-2.13080522e+00,-4.82340713e+00,1.23876398e+00,4.57713237e-04,1.47503349e-03,1.07307107e-03,4.48325501e+00,6.87487915e-05
0.864736,7.51666568e+01,-2.08786372e+00,-4.72273592e+00,1.25360145e+00,5.77864886e-04,1.71531564e-03,9.37214719e-04,4.39816262e+00,7.02268880e-05
0.866377,7.22195556e+01,-1.98505846e+00,-4.48956636e+00,1.27568867e+00,6.14871397e-04,1.75109714e-03,1.16122921e-03,4.28320925e+00,7.17269147e-05
0.868018,6.92971769e+01,-1.90645360e+00,-4.33872233e+00,1.28584213e+00,6.57823561e-04,1.62657138e-03,1.12222525e-03,4.15005823e+00,7.23705821e-05
0.869659,6.64020963e+01,-1.87143357e+00,-4.26792131e+00,1.32023476e+00,5.97222400e-04,1.52595840e-03,1.15525389e-03,3.99676855e+00,7.32575849e-05
0.871300,6.35371445e+01,-1.75484412e+00,-4.05670888e+00,1.32446535e+00,8.13099991e-04,1.63519960e-03,1.16717041e-03,3.85161771e+00,7.43652686e-05
0.872941,6.07053678e+01,-1.64648401e+00,-3.87057540e+00,1.31506862e+00,9.40472433e-04,1.53321356e-03,1.04248924e-03,3.68560315e+00,7.50934897e-05
0.874582,5.79098298e+01,-1.56482164e+00,-3.71487969e+00,1.32410036e+00,1.06330686e-03,1.74889482e-03,9.79214243e-04,3.52198012e+00,7.63950346e-05
0.876223,5.51539072e+01,-1.38516368e+00,-3.37745694e+00,1.29360016e+00,1.17543639e-03,1.56030624e-03,1.09415554e-03,3.33346553e+00,7.71709080e-05
0.877863,5.24408438e+01,-1.26424167e+00,-3.13717346e+00,1.29439199e+00,1.26975401e-03,1.74201931e-03,1.18920969e-03,3.12498657e+00,7.74372177e-05
0.879504,4.97740620e+01,-1.15660147e+00,-2.99821314e+00,1.28341658e+00,1.24030299e-03,1.08848852e-03,1.14630869e-03,2.93262276e+00,7.78551608e-05
0.881145,4.71569255e+01,-1.07517780e+00,-2.85452787e+00,1.30144182e+00,1.25413455e-03,1.20632178e-03,1.18938599e-03,2.70048221e+00,7.80010710e-05
0.882786,4.45931764e+01,-9.28792025e-01,-2.60268615e+00,1.27157115e+00,1.13007746e-03,6.47717232e-04,1.32133076e-03,2.47364123e+00,7.81095820e-05
0.884427,4.20868518e+01,-7.34347093e-01,-2.25742658e+00,1.19988783e+00,1.12220443e-03,1.83199256e-04,1.39249691e-03,2.23922783e+00,7.77779192e-05
0.886068,3.96424538e+01,-5.90488918e-01,-2.00040887e+00,1.15827809e+00,1.11871701e-03,2.24978288e-05,1.44242101e-03,2.01593061e+00,7.73922384e-05
0.887709,3.72652073e+01,-4.91738683e-01,-1.85549277e+00,1.14513224e+00,1.04276998e-03,-2.67831572e-04,1.45212305e-03,1.78139171e+00,7.70063249e-05
0.889349,3.49611907e+01,-3.10293255e-01,-1.51276614e+00,1.04766105e+00,1.29912571e-03,4.75601944e-05,1.22941397e-03,1.54755126e+00,7.71768056e-05
0.890990,3.27381427e+01,-1.17988269e-01,-1.14185920e+00,9.17926310e-01,1.52360530e-03,1.62191229e-04,1.00275538e-03,1.33990671e+00,7.69914236e-05
0.892631,3.06052129e+01,1.77658374e-02,-9.02808222e-01,8.34811443e-01,1.64123337e-03,1.90622280e-04,8.42948329e-04,1.14173384e+00,7.61450209e-05
0.894272,2.85728753e+01,1.54017375e-01,-6.34709907e-01,7.29827372e-01,1.83010932e-03,5.49286562e-04,5.51449884e-04,9.56073653e-01,7.53152707e-05
0.895913,2.66537832e+01,2.33450241e-01,-5.21987790e-01,7.02650789e-01,1.83452975e-03,5.02327669e-04,5.28118539e-04,7.93138862e-01,7.37126619e-05
0.897554,2.48628525e+01,3.36077991e-01,-3.55356908e-01,6.22248500e-01,1.91838792e-03,4.32213499e-04,3.48325102e-04,6.53252472e-01,7.13900266e-05
0.899195,2.32176685e+01,4.12448696e-01,-2.37580581e-01,5.79214860e-01,1.87352834e-03,2.75823332e-04,4.06602356e-04,5.37392726e-01,6.87746867e-05
0.900835,2.17388542e+01,4.81819168e-01,-1.41530707e-01,5.39500385e-01,1.84205889e-03,6.86566230e-05,4.76611589e-04,4.43045662e-01,6.61535490e-05
0.902476,2.04500255e+01,5.47527251e-01,-2.72416525e-02,4.74650327e-01,1.86576986e-03,1.79289633e-04,2.75789736e-04,3.67155593e-01,6.35688883e-05
0.904117,1.93768765e+01,6.05923268e-01,4.49821974e-02,4.28389861e-01,1.88723508e-03,1.35933946e-04,1.42724492e-04,3.09533977e-01,6.20552349e-05
0.905758,1.85450661e+01,6.54120055e-01,1.08759782e-01,3.85011952e-01,1.85466018e-03,2.26408558e-04,-6.91003938e-05,2.68002989e-01,6.23242807e-05
0.907399,1.79768089e+01,6.94276462e-01,1.64505690e-01,3.39689732e-01,1.77879576e-03,3.10332859e-04,-3.14718016e-04,2.40301182e-01,6.57800130e-05
0.909040,1.76864803e+01,7.09400147e-01,2.28683481e-01,2.63876509e-01,1.50121727e-03,4.08214117e-04,-7.40238491e-04,2.23555231e-01,7.32615483e-05
0.910681,1.76765830e+01,7.42279657e-01,2.45145293e-01,2.35553613e-01,1.41337958e-03,2.95453040e-04,-8.80973049e-04,2.17204026e-01,8.44239250e-05
0.912322,1.79358858e+01,8.78606776e-01,1.87250791e-01,3.45526826e-01,1.99425861e-03,1.10651652e-04,-4.64617549e-04,2.19169015e-01,9.87212780e-05
0.913962,1.84405763e+01,9.58752293e-01,1.84615194e-01,3.60507440e-01,2.10142512e-03,-5.28659715e-05,-4.15980565e-04,2.28013915e-01,1.13324226e-04
0.915603,1.91586237e+01,1.11075242e+00,1.61731577e-01,4.18644210e-01,2.61841698e-03,-1.52284552e-04,-3.45303612e-04,2.42967965e-01,1.27609431e-04
0.917244,2.00545730e+01,1.05882359e+00,2.00261754e-01,3.12430189e-01,1.98461644e-03,-4.00766739e-04,-5.30280722e-04,2.62536510e-01,1.40000559e-04
0.918885,2.10942055e+01,9.83536873e-01,2.13826421e-01,2.07006356e-01,1.39263332e-03,-7.16869083e-04,-6.61923353e-04,2.85539748e-01,1.48327182e-04
0.920526,2.22475390e+01,1.09642912e+00,1.95406197e-01,2.47842557e-01,1.68329540e-03,-7.81547788e-04,-5.03416475e-04,3.11399944e-01,1.56762546e-04
0.922167,2.34886695e+01,1.04168631e+00,1.88694547e-01,1.62755699e-01,1.31069645e-03,-9.86640347e-04,-6.69212653e-04,3.38967634e-01,1.63060422e-04
0.923808,2.47967672e+01,9.26996071e-01,1.69684844e-01,7.41707895e-02,7.51269420e-04,-1.22642741e-03,-6.96910010e-04,3.67737046e-01,1.66767918e-04
0.925448,2.61561020e+01,7.01037650e-01,1.50472825e-01,-4.58101309e-02,-1.33027572e-04,-1.37384012e-03,-6.90499310e-04,3.97103260e-01,1.67946554e-04
0.927089,2.75552120e+01,5.85701956e-01,1.19561362e-01,-1.00953247e-01,-5.26977534e-04,-1.46196037e-03,-6.30346981e-04,4.26931043e-01,1.69286060e-04
0.928730,2.89855230e+01,2.63677380e-01,7.38233702e-02,-2.31487115e-01,-1.51258563e-03,-1.62404209e-03,-6.72575462e-04,4.56801573e-01,1.67701744e-04
0.930371,3.04416706e+01,2.73909723e-01,4.33309768e-02,-2.17600730e-01,-1.38014711e-03,-1.55591336e-03,-5.46044689e-04,4.86571407e-01,1.67674525e-04
0.932012,3.19190979e+01,2.95928510e-01,1.11752551e-02,-1.90760904e-01,-1.24023955e-03,-1.53155465e-03,-3.28418404e-04,5.15943953e-01,1.67662027e-04
0.933653,3.34139803e+01,4.61577151e-01,-1.59558978e-02,-1.53295208e-01,-6.80634137e-04,-1.51104442e-03,-3.83909947e-04,5.45021868e-01,1.68102319e-04
0.935294,3.49232900e+01,6.55972770e-02,-6.12333317e-02,-2.53772124e-01,-1.78203473e-03,-1.52794226e-03,-3.39875973e-04,5.74126762e-01,1.66183538e-04
0.936935,3.64462186e+01,2.93199271e-01,-9.04998902e-02,-1.91588512e-01,-1.03717360e-03,-1.53418219e-03,-2.74086761e-04,6.02146417e-01,1.62433761e-04
0.938575,3.79819233e+01,4.71960502e-01,-1.17880406e-01,-1.48630472e-01,-5.32696752e-04,-1.55079196e-03,-2.07902268e-04,6.30716959e-01,1.61522240e-04
0.940216,3.95292761e+01,6.32848917e-01,-1.44480199e-01,-1.20129327e-01,-9.93454759e-05,-1.52199789e-03,-1.89843536e-04,6.57908465e-01,1.57815064e-04
0.941857,4.10880327e+01,6.55051598e-01,-1.84174491e-01,-1.27307237e-01,-4.94524313e-05,-1.57846248e-03,-2.49867531e-04,6.84967345e-01,1.53603855e-04
0.943498,4.26582925e+01,3.42401346e-01,-1.93812111e-01,-1.72427582e-01,-8.63940268e-04,-1.31528117e-03,-1.41465202e-04,7.12704942e-01,1.47824473e-04
0.945139,4.42408808e+01,2.89906194e-01,-2.34657845e-01,-1.72290873e-01,-9.47143926e-04,-1.41794753e-03,-5.62628936e-05,7.39116105e-01,1.42371140e-04
0.946780,4.58363675e+01,2.61192320e-01,-2.48673322e-01,-1.67792457e-01,-9.90730641e-04,-1.26436077e-03,1.17436670e-05,7.65484227e-01,1.36058859e-04
0.948421,4.74450100e+01,4.11171172e-01,-2.76888213e-01,-1.57949315e-01,-6.29636948e-04,-1.23134898e-03,-7.02552050e-05,7.90784336e-01,1.30065629e-04
0.950061,4.90666602e+01,-5.21870121e-03,-2.54225647e-01,-1.98299068e-01,-1.58482250e-03,-7.92701784e-04,-3.56861104e-05,8.17387729e-01,1.22856919e-04
0.951702,5.07015215e+01,-1.48938871e-01,-2.65625056e-01,-1.92182314e-01,-1.81357209e-03,-7.32802308e-04,1.27128724e-04,8.43825270e-01,1.15424843e-04
0.953343,5.23493495e+01,1.14396778e-01,-3.28977280e-01,-1.74138420e-01,-1.13801701e-03,-1.04463667e-03,2.90370014e-05,8.70573510e-01,1.09619729e-04
0.954984,5.40090364e+01,2.49230818e-01,-3.60153779e-01,-1.58979878e-01,-8.11457744e-04,-1.03935683e-03,4.10906618e-05,8.97179015e-01,1.03634400e-04
0.956625,5.56792051e+01,5.63433707e-02,-3.41519124e-01,-1.61497396e-01,-1.20087636e-03,-7.53348882e-04,1.10694487e-04,9.24576077e-01,9.69693207e-05
0.958266,5.73584677e+01,3.55636384e-01,-4.17046633e-01,-1.30486097e-01,-5.26565787e-04,-1.05922125e-03,1.97224319e-04,9.51991497e-01,9.09072220e-05
0.959907,5.90448830e+01,6.85377184e-01,-4.97066817e-01,-1.27085501e-01,1.13709139e-04,-1.28412791e-03,3.21178848e-05,9.79123581e-01,8.49478353e-05
0.961548,6.07361415e+01,4.10870138e-01,-4.68928681e-01,-1.45998016e-01,-5.20423936e-04,-1.01854158e-03,-1.55858286e-05,1.00673950e+00,7.85389078e-05
0.963188,6.24299513e+01,3.81269163e-01,-5.05857393e-01,-1.46111731e-01,-6.15051548e-04,-1.15919891e-03,-1.04361567e-07,1.03515592e+00,7.24929928e-05
0.964829,6.41238317e+01,7.55426542e-01,-6.06354638e-01,-1.41207246e-01,1.14859145e-04,-1.35586568e-03,-6.62572248e-05,1.06348705e+00,6.68622160e-05
0.966470,6.58148683e+01,6.09748186e-01,-5.98132345e-01,-1.44586584e-01,-2.45951193e-04,-1.19748355e-03,-4.69529096e-05,1.09279467e+00,6.17385943e-05
0.968111,6.74999962e+01,9.05465901e-01,-7.28112794e-01,-1.28712209e-01,2.54884459e-04,-1.66441827e-03,4.80428305e-05,1.12188299e+00,5.68091648e-05
0.969752,6.91759624e+01,7.47195322e-01,-6.96333265e-01,-1.42422540e-01,-1.44055254e-04,-1.29627446e-03,-6.65334072e-05,1.15196188e+00,5.21954371e-05
0.971393,7.08396471e+01,6.12917913e-01,-6.73854801e-01,-1.21275950e-01,-4.65305190e-04,-1.03270668e-03,1.44221028e-04,1.18161286e+00,4.78702715e-05
0.973034,7.24879086e+01,3.87687050e-01,-6.27028973e-01,-1.24596013e-01,-9.57662373e-04,-7.67928782e-04,1.12660450e-04,1.21190801e+00,4.42385903e-05
0.974674,7.41176254e+01,5.13163310e-01,-7.01993591e-01,-1.29680111e-01,-7.33414079e-04,-9.63822301e-04,4.30862769e-05,1.24256408e+00,4.08565473e-05
0.976315,7.57254988e+01,8.14420610e-01,-8.49567959e-01,-1.34738639e-01,-2.33629271e-04,-1.37082754e-03,2.97498880e-05,1.27327344e+00,3.80047792e-05
0.977956,7.73081467e+01,8.50563745e-01,-8.94454154e-01,-1.45946107e-01,-3.08487000e-04,-1.33852572e-03,-7.86013894e-05,1.30300271e+00,3.56906913e-05
0.979597,7.88624286e+01,8.99439398e-01,-9.55953529e-01,-1.47283036e-01,-3.07050725e-04,-1.44398278e-03,-5.76179583e-05,1.33416832e+00,3.34268974e-05
0.981238,8.03853957e+01,6.29062227e-01,-8.69582594e-01,-1.55808890e-01,-8.93843962e-04,-1.01172222e-03,-1.38589958e-04,1.36549972e+00,3.15792896e-05
0.982879,8.18743562e+01,6.36419127e-01,-9.23409502e-01,-1.32780009e-01,-9.59432288e-04,-1.13808973e-03,1.00971933e-04,1.39607759e+00,2.99333118e-05
0.984520,8.33266805e+01,7.52884559e-01,-9.99670878e-01,-1.67670067e-01,-7.49281965e-04,-1.18148767e-03,-1.95785414e-04,1.42791285e+00,2.91745068e-05
0.986161,8.47398676e+01,7.39490238e-01,-1.05387244e+00,-1.49767621e-01,-8.92726140e-04,-1.32660960e-03,-7.73283444e-06,1.45841463e+00,2.81620562e-05
0.987801,8.61115747e+01,6.20681696e-01,-1.02939219e+00,-1.39252434e-01,-1.15663572e-03,-1.10907293e-03,9.01834625e-05,1.49022091e+00,2.77794777e-05
0.989442,8.74397286e+01,6.10796761e-01,-1.05081214e+00,-1.59987699e-01,-1.19918496e-03,-9.77900216e-04,-9.77064498e-05,1.52172860e+00,2.75848698e-05
0.991083,8.87225204e+01,4.11462569e-01,-9.55717224e-01,-1.25277419e-01,-1.51421232e-03,-5.31381372e-04,1.66005874e-04,1.55330455e+00,2.75248552e-05
0.992724,8.99584053e+01,1.22725993e-01,-7.85808669e-01,-1.15467347e-01,-2.00946451e-03,2.20758414e-04,1.47021155e-04,1.58455497e+00,2.78325978e-05
0.994365,9.11459685e+01,-7.26161230e-02,-6.79569119e-01,-1.04396324e-01,-2.30635368e-03,6.58419300e-04,1.62724945e-04,1.61553569e+00,2.80818144e-05
0.996006,9.22839876e+01,-2.82746331e-01,-5.44424026e-01,-8.30089657e-02,-2.55181666e-03,1.19699729e-03,2.86301545e-04,1.64678935e+00,2.86056673e-05
0.997647,9.33713778e+01,-1.09248062e-01,-6.98685382e-01,-9.67936900e-02,-2.15375932e-03,6.70623930e-04,2.07482113e-04,1.67723240e+00,2.94055198e-05
0.999287,9.44068936e+01,-1.72714307e-01,-6.74084598e-01,-1.05915796e-01,-2.19753081e-03,7.86863037e-04,7.03425891e-05,1.70825999e+00,3.04264348e-05
1.000928,9.53894107e+01,-1.14148534e-01,-7.28502852e-01,-1.22653494e-01,-1.92089947e-03,7.15221090e-04,-2.63836979e-05,1.73868304e+00,3.13866190e-05
1.002569,9.63179621e+01,-1.67224532e-01,-6.95772031e-01,-1.07881419e-01,-1.89269497e-03,8.78572982e-04,1.02757183e-04,1.76919673e+00,3.25879618e-05
1.004210,9.71917833e+01,-1.96908816e-01,-7.06886930e-01,-8.16715280e-02,-1.88435367e-03,7.51576382e-04,3.38461967e-04,1.79981558e+00,3.38453906e-05
1.005851,9.80101618e+01,-2.66328933e-01,-6.50594149e-01,-9.36242009e-02,-1.92982874e-03,1.07047045e-03,1.73514854e-04,1.82953473e+00,3.51149036e-05
1.007492,9.87725054e+01,-1.59826094e-01,-7.78264271e-01,-9.79091618e-02,-1.66234010e-03,6.03967913e-04,2.03688707e-04,1.85955668e+00,3.63945731e-05
1.009133,9.94781725e+01,-2.03357194e-01,-7.75220720e-01,-1.14273274e-01,-1.74469782e-03,6.17496435e-04,2.69649546e-05,1.88923729e+00,3.76600519e-05
1.010774,1.00126763e+02,-2.26927105e-01,-7.29987077e-01,-1.17159175e-01,-1.58080895e-03,9.93862114e-04,-5.18876999e-05,1.91808664e+00,3.87592657e-05
1.012414,1.00718152e+02,-3.25386959e-01,-6.46572556e-01,-9.07202663e-02,-1.73105434e-03,1.33376353e-03,1.46617804e-04,1.94619186e+00,3.98083926e-05
1.014055,1.01252346e+02,-4.18563320e-01,-5.73116915e-01,-6.29107692e-02,-1.81611964e-03,1.47419252e-03,3.09061637e-04,1.97500497e+00,4.07306861e-05
1.015696,1.01729570e+02,-5.20303453e-01,-4.46729325e-01,-7.16124082e-02,-1.82296015e-03,1.93029781e-03,1.30435741e-04,2.00338717e+00,4.16242138e-05
1.017337,1.02149997e+02,-5.09849482e-01,-4.55938938e-01,-5.38217230e-02,-1.59014494e-03,1.82363426e-03,2.97662400e-04,2.03161959e+00,4.23564602e-05
1.018978,1.02513706e+02,-5.37319326e-01,-4.21924747e-01,-5.24782792e-02,-1.51250914e-03,1.84972172e-03,2.38314019e-04,2.05977075e+00,4.30705954e-05
1.020619,1.02820838e+02,-6.66526012e-01,-2.50635158e-01,-2.51472239e-02,-1.65066568e-03,2.42761929e-03,3.75923087e-04,2.08683848e+00,4.32816350e-05
1.022260,1.03072003e+02,-6.73742358e-01,-2.58298625e-01,-3.27242694e-02,-1.54849568e-03,2.25371809e-03,3.04971838e-04,2.11354482e+00,4.32358941e-05
1.023900,1.03267577e+02,-6.90052216e-01,-2.35118384e-01,-2.85824729e-02,-1.44693701e-03,2.22220525e-03,3.01553564e-04,2.14034550e+00,4.33308796e-05
1.025541,1.03407908e+02,-6.53664806e-01,-2.58519669e-01,-6.39423313e-02,-1.15064146e-03,2.09598066e-03,1.36016051e-05,2.16705945e+00,4.31982158e-05
1.027182,1.03493468e+02,-7.55109379e-01,-1.22242247e-01,-2.55121383e-02,-1.35398954e-03,2.46071845e-03,2.80415901e-04,2.19373256e+00,4.29391846e-05
1.028823,1.03525125e+02,-7.50936143e-01,-6.70662631e-02,-1.41910701e-02,-1.09885132e-03,2.71752220e-03,3.69096119e-04,2.21903150e+00,4.22861505e-05
1.030464,1.03503781e+02,-7.96397586e-01,6.04400116e-02,-1.69987390e-02,-9.26506006e-04,3.08838608e-03,2.43117278e-04,2.24468733e+00,4.13660131e-05
1.032105,1.03430439e+02,-7.93419100e-01,4.04070274e-02,-1.23293649e-02,-9.20486086e-04,2.74055909e-03,3.13424426e-04,2.27000101e+00,4.06825323e-05
1.033746,1.03305825e+02,-8.02990388e-01,1.30786471e-01,-3.91430003e-03,-7.05363796e-04,2.96591115e-03,3.28558344e-04,2.29512221e+00,3.96487561e-05
1.035387,1.03131197e+02,-8.98863321e-01,3.12091097e-01,2.18719248e-02,-9.43130635e-04,3.50667411e-03,4.29264076e-04,2.31960179e+00,3.83136903e-05
1.037027,1.02907918e+02,-9.04251395e-01,3.68826780e-01,3.02427944e-02,-8.04690198e-04,3.56622285e-03,4.49692020e-04,2.34420945e+00,3.68476397e-05
1.038668,1.02637180e+02,-9.37412719e-01,4.97440434e-01,4.57014467e-02,-6.54862412e-04,3.79436651e-03,4.52043531e-04,2.36943177e+00,3.53968845e-05
1.040309,1.02320366e+02,-9.31787484e-01,5.08358485e-01,2.36942891e-02,-5.48037353e-04,3.50258176e-03,2.19982935e-04,2.39342611e+00,3.37684902e-05
1.041950,1.01958445e+02,-9.02295469e-01,4.70333671e-01,1.43568666e-02,-4.40477186e-04,3.09452904e-03,1.64861541e-04,2.41761553e+00,3.24746337e-05
1.043591,1.01552418e+02,-8.61991708e-01,4.46821547e-01,2.84382349e-02,-1.83700450e-04,2.76726217e-03,3.23447963e-04,2.44133867e+00,3.08053847e-05
1.045232,1.01103425e+02,-8.78925714e-01,5.79721127e-01,4.66176062e-02,-6.21077446e-05,3.09380658e-03,3.91024182e-04,2.46555336e+00,2.90196786e-05
1.046873,1.00613027e+02,-8.80031443e-01,6.57167130e-01,6.92902470e-02,2.86806264e-05,3.24214537e-03,5.38859488e-04,2.48955774e+00,2.71730336e-05
1.048513,1.00082683e+02,-8.94570699e-01,8.01405024e-01,6.80765811e-02,1.49836392e-04,3.55410677e-03,3.87863953e-04,2.51284184e+00,2.54920047e-05
1.050154,9.95140176e+01,-8.86458615e-01,7.85030901e-01,5.87028530e-02,2.95105456e-05,3.28901255e-03,2.87684748e-04,2.53661359e+00,2.38411578e-05
1.051795,9.89084030e+01,-8.66188858e-01,8.05262954e-01,7.13952013e-02,1.30885724e-04,3.24618365e-03,4.01373192e-04,2.55911951e+00,2.19223039e-05
1.053436,9.82672000e+01,-8.47385140e-01,8.18831398e-01,8.57973079e-02,2.42339561e-04,2.98999157e-03,4.82975113e-04,2.58327671e+00,2.02832539e-05
1.055077,9.75917455e+01,-8.06352355e-01,8.44522886e-01,7.35272691e-02,5.05503547e-04,3.01695496e-03,3.03798387e-04,2.60697222e+00,1.85336816e-05
1.056718,9.68835086e+01,-7.83492095e-01,7.34333096e-01,7.36645499e-02,3.73534074e-04,2.20928777e-03,3.60116233e-04,2.62864394e+00,1.69187349e-05
1.058359,9.61435953e+01,-7.47095103e-01,7.50145342e-01,6.59105000e-02,5.68445151e-04,2.16061624e-03,2.48463740e-04,2.65204706e+00,1.55134661e-05
1.060000,9.53732925e+01,-7.38130316e-01,7.21236125e-01,8.98204845e-02,4.72250128e-04,1.85649172e-03,4.59299772e-04,2.67613690e+00,1.38388946e-05
1.061640,9.45741185e+01,-7.13131966e-01,8.24286192e-01,6.74654319e-02,7.01703185e-04,2.09515080e-03,1.30581609e-04,2.69874215e+00,1.23522933e-05
1.063281,9.37477573e+01,-6.90057369e-01,8.30715784e-01,9.68909740e-02,7.46812272e-04,1.97343650e-03,4.34094769e-04,2.72258029e+00,1.07804485e-05
1.064922,9.28959026e+01,-6.73477944e-01,8.45969437e-01,8.84188377e-02,7.29565333e-04,1.90429951e-03,3.10221114e-04,2.74539348e+00,9.40811040e-06
1.066563,9.20201318e+01,-6.56388898e-01,8.96041101e-01,7.76197973e-02,7.86476850e-04,1.88189454e-03,1.49595469e-04,2.77001257e+00,8.00268528e-06
1.068204,9.11219952e+01,-6.32706382e-01,8.47614231e-01,7.79813868e-02,7.76542995e-04,1.54662435e-03,1.87695935e-04,2.79504426e+00,7.13364587e-06
1.069845,9.02027613e+01,-5.99418466e-01,6.26410004e-01,4.08310184e-02,6.58041468e-04,6.94257307e-04,3.92093635e-05,2.81861251e+00,6.35243831e-06
1.071486,8.92636663e+01,-5.68425182e-01,6.69841878e-01,5.80679304e-02,8.30915374e-04,8.58862725e-04,1.56747601e-04,2.84316436e+00,5.19343718e-06
1.073126,8.83064132e+01,-5.63497166e-01,6.67070670e-01,5.75256056e-02,7.07676481e-04,8.15321425e-04,1.40043024e-04,2.86815131e+00,4.88649646e-06
1.074767,8.73325327e+01,-5.55236285e-01,7.62259213e-01,7.14021057e-02,7.12652159e-04,1.10145018e-03,1.55239831e-04,2.89408235e+00,4.55385121e-06
1.076408,8.63437682e+01,-5.52078817e-01,6.99688687e-01,6.66476019e-02,5.74439449e-04,8.41797234e-04,1.70204957e-04,2.91916413e+00,4.82544974e-06
1.078049,8.53416592e+01,-5.36900340e-01,7.13305907e-01,5.90495086e-02,6.01688517e-04,8.39216516e-04,8.21972318e-05,2.94489360e+00,5.06848223e-06
1.079690,8.43278723e+01,-5.11875291e-01,7.47177549e-01,7.72701966e-02,7.19650580e-04,9.04517184e-04,2.25729008e-04,2.97133691e+00,5.61811923e-06
1.081331,8.33041254e+01,-4.73775120e-01,8.65195054e-01,8.49628029e-02,9.51842116e-04,1.25619298e-03,1.58526018e-04,2.99813296e+00,6.25794863e-06
1.082972,8.22722230e+01,-4.76031078e-01,7.07002098e-01,5.63090496e-02,7.35253099e-04,8.03282747e-04,5.43358610e-05,3.02256887e+00,7.22728483e-06
1.084612,8.12336516e+01,-4.78518236e-01,7.08664851e-01,6.63119049e-02,5.73504323e-04,7.34786341e-04,1.63561834e-04,3.04982266e+00,8.15020346e-06
1.086253,8.01899680e+01,-4.41947280e-01,6.72186007e-01,4.13505930e-02,8.03691015e-04,7.86154078e-04,1.76330015e-05,3.07391971e+00,9.19870424e-06
1.087894,7.91426702e+01,-4.25581659e-01,6.70725332e-01,6.41977684e-02,8.34583695e-04,8.06465942e-04,2.27953288e-04,3.10111643e+00,1.04714488e-05
1.089535,7.80933850e+01,-3.80626104e-01,8.50136346e-01,9.00465991e-02,1.04705397e-03,1.28734466e-03,2.55315558e-04,3.12727036e+00,1.07349450e-05
1.091176,7.70443869e+01,-3.59887244e-01,1.00902121e+00,1.27941587e-01,9.76480503e-04,1.62374095e-03,3.84415391e-04,3.15600640e+00,1.16327159e-05
1.092817,7.59975741e+01,-3.32902211e-01,9.12662250e-01,8.35810808e-02,1.13335156e-03,1.26612926e-03,7.52782284e-05,3.18140496e+00,1.26028203e-05
1.094458,7.49544769e+01,-3.51482871e-01,8.57227341e-01,9.49435750e-02,8.18828425e-04,1.04108631e-03,2.51580301e-04,3.20924378e+00,1.37801843e-05
1.096099,7.39163435e+01,-3.67557562e-01,7.07467684e-01,6.98272225e-02,6.90720044e-04,5.89358369e-04,1.98265776e-04,3.23682528e+00,1.49450405e-05
1.097739,7.28843225e+01,-3.34889617e-01,7.12096559e-01,6.63448462e-02,8.53135217e-04,5.48254409e-04,1.30112700e-04,3.26556400e+00,1.59271219e-05
1.099380,7.18597652e+01,-3.92763411e-01,4.79394216e-01,2.92299075e-02,4.74785469e-04,4.07744017e-06,9.56196090e-05,3.29404048e+00,1.73979278e-05
1.101021,7.08435816e+01,-4.37174677e-01,3.81557833e-01,7.86200342e-03,1.46761841e-04,-7.75149919e-05,9.45898820e-06,3.31945307e+00,1.84122056e-05
1.102662,6.98369149e+01,-4.38439069e-01,3.33471705e-01,-1.42238799e-02,2.27562258e-04,-1.25230599e-05,-8.71125321e-05,3.33822414e+00,1.96815454e-05
1.104303,6.88411047e+01,-4.80237080e-01,2.12335834e-01,-1.54492032e-02,4.30208377e-05,-2.72760130e-04,7.84813836e-05,3.36479055e+00,2.05710439e-05
1.105944,6.78575511e+01,-4.88015003e-01,2.11060648e-01,-3.35967419e-02,-1.63872234e-05,-2.09660803e-04,-7.26689901e-05,3.38964385e+00,2.16665875e-05
1.107585,6.68875780e+01,-5.30857240e-01,6.69964642e-02,-6.14322696e-02,-9.19876378e-05,-5.34991588e-04,-1.34345772e-04,3.41765572e+00,2.22582910e-05
1.109225,6.59323920e+01,-5.89650542e-01,-3.44694673e-02,-7.89776809e-02,-3.16337739e-04,-5.87483630e-04,-1.01487295e-04,3.43887685e+00,2.36798494e-05
1.110866,6.49927784e+01,-6.75500364e-01,-1.93597966e-01,-1.23905304e-01,-5.80139071e-04,-7.64062021e-04,-2.49870920e-04,3.46366355e+00,2.50100053e-05
1.112507,6.40696311e+01,-6.68945413e-01,-1.50365393e-01,-1.23480814e-01,-5.23115080e-04,-5.97181806e-04,-2.80229694e-04,3.48755904e+00,2.57765406e-05
1.114148,6.31643002e+01,-8.04989179e-01,-3.84866872e-01,-1.73683689e-01,-8.94572620e-04,-8.84970679e-04,-3.07515862e-04,3.50648987e+00,2.63613137e-05
1.115789,6.22777081e+01,-8.29057757e-01,-3.83942137e-01,-1.71926543e-01,-8.82113684e-04,-7.03882797e-04,-2.12448457e-04,3.51643267e+00,2.77724028e-05
1.117430,6.14108860e+01,-8.29584574e-01,-3.33979185e-01,-1.67817363e-01,-8.67915535e-04,-5.30312112e-04,-2.19287337e-04,3.53637478e+00,2.80896976e-05
1.119071,6.05652601e+01,-9.80157820e-01,-5.49422571e-01,-2.27415956e-01,-1.17102110e-03,-7.39370054e-04,-3.32625618e-04,3.54912307e+00,2.90081758e-05
1.120712,5.97414269e+01,-1.10247994e+00,-6.71476111e-01,-2.54901708e-01,-1.46662908e-03,-7.94094738e-04,-2.89113358e-04,3.55538217e+00,2.99182759e-05
1.122352,5.89400836e+01,-8.85017643e-01,-3.20793177e-01,-1.70535835e-01,-7.88868676e-04,-2.79004153e-04,-1.26660446e-04,3.57506878e+00,3.02155701e-05
1.123993,5.81627999e+01,-8.40037801e-01,-2.12339503e-01,-1.52629944e-01,-6.83664913e-04,-8.50325737e-05,-1.31187340e-04,3.57577902e+00,3.06576425e-05
1.125634,5.74108592e+01,-8.09103303e-01,-1.50070213e-01,-1.46124553e-01,-4.74313030e-04,9.67874094e-05,-1.36085359e-04,3.57719960e+00,3.14255073e-05
1.127275,5.66854689e+01,-6.99489632e-01,-2.35750748e-02,-1.01264331e-01,-5.70592188e-05,1.47666215e-04,3.83535635e-05,3.57965046e+00,3.05837485e-05
1.128916,5.59881884e+01,-5.49102844e-01,1.90877606e-01,-5.23882083e-02,2.01839675e-04,4.93887524e-04,7.92463674e-05,3.58935171e+00,3.08094392e-05
1.130557,5.53198755e+01,-6.44619919e-01,8.64497244e-02,-8.71027606e-02,7.80477584e-05,3.52977100e-04,-6.72042293e-07,3.56891405e+00,3.15987092e-05
1.132198,5.46810313e+01,-4.76732808e-01,2.62381205e-01,-4.11404114e-02,4.79306712e-04,4.80817474e-04,4.09629480e-05,3.57426845e+00,3.09612158e-05
1.133838,5.40727287e+01,-2.25853274e-01,4.88195020e-01,4.44288130e-02,1.11731058e-03,6.05912027e-04,2.86625471e-04,3.56050774e+00,3.12074738e-05
1.135479,5.34958559e+01,-1.84231084e-01,5.46639435e-01,5.18525235e-02,1.10333304e-03,7.44942360e-04,2.13222210e-04,3.53879128e+00,3.16881725e-05
1.137120,5.29510179e+01,-1.08047600e-01,5.75808756e-01,8.59495167e-02,1.35843891e-03,6.25867614e-04,4.23025957e-04,3.54143509e+00,3.13008745e-05
1.138761,5.24385358e+01,-2.54692230e-01,4.58576902e-01,4.50202705e-02,9.95115306e-04,5.86407140e-04,3.20871385e-04,3.51799235e+00,3.20302472e-05
1.140402,5.19576833e+01,-3.30823568e-01,3.89052267e-01,3.92418627e-03,8.75916642e-04,5.01763617e-04,9.72247592e-05,3.51113308e+00,3.34806021e-05
1.142043,5.15076768e+01,-2.49473048e-01,4.38617180e-01,3.20859634e-02,1.05640813e-03,4.82331380e-04,2.19309734e-04,3.49798758e+00,3.30530157e-05
1.143684,5.10884492e+01,-2.55004135e-01,4.23722390e-01,1.85882445e-02,1.05022493e-03,3.93522228e-04,1.24058076e-04,3.47496171e+00,3.32078140e-05
1.145325,5.06995576e+01,-2.26324314e-01,4.42371675e-01,2.42903186e-02,1.08607887e-03,4.15693889e-04,1.35801178e-04,3.46137943e+00,3.38054071e-05
1.146965,5.03403481e+01,-5.24101177e-01,2.75990285e-01,-3.57395753e-02,4.75168823e-04,3.77651182e-04,1.11638839e-04,3.43952719e+00,3.48521050e-05
1.148606,5.00094599e+01,-6.32122007e-01,2.15708156e-01,-5.86110009e-02,3.11318915e-04,2.86557064e-04,8.70725004e-05,3.42929853e+00,3.52620138e-05
1.150247,4.97057772e+01,-7.65148450e-01,1.56057278e-01,-7.73447794e-02,7.49628438e-05,2.41981611e-04,1.31703393e-04,3.41363461e+00,3.46352633e-05
1.151888,4.94282154e+01,-8.61079143e-01,1.44770580e-01,-1.10590937e-01,-9.44491090e-05,4.18687440e-04,-3.43312384e-05,3.39640576e+00,3.63392646e-05
1.153529,4.91752288e+01,-9.96392974e-01,1.05773812e-01,-1.35409141e-01,-3.06122253e-04,4.17647653e-04,-3.57724644e-05,3.37124923e+00,3.55861736e-05
1.155170,4.89459647e+01,-7.42680889e-01,2.29413212e-01,-6.36797385e-02,1.87566446e-04,4.18915718e-04,2.05932376e-04,3.35509512e+00,3.56097948e-05
1.156811,4.87399016e+01,-3.87219884e-01,3.67995359e-01,-8.66029112e-03,8.37018970e-04,3.54229141e-04,1.31449610e-04,3.33879616e+00,3.43052461e-05
1.158451,4.85569421e+01,-6.28172295e-01,2.77654907e-01,-4.23169388e-02,4.55638483e-04,2.65343022e-04,1.97309621e-04,3.33035510e+00,3.40682830e-05
1.160092,4.83960139e+01,-3.27118168e-01,3.85895659e-01,9.24630584e-03,9.04959145e-04,2.60196559e-04,1.81655662e-04,3.30512719e+00,3.31252661e-05
1.161733,4.82565521e+01,-2.78734954e-02,4.50119140e-01,6.09563817e-02,1.42980733e-03,2.73691299e-05,2.24331957e-04,3.29821829e+00,3.20249903e-05
1.163374,4.81380274e+01,1.74796063e-01,4.74620278e-01,9.70937317e-02,1.75494222e-03,-1.93269830e-04,2.74089812e-04,3.29039003e+00,3.15294621e-05
1.165015,4.80395913e+01,1.49517282e-01,4.73521128e-01,8.45689099e-02,1.65255140e-03,-5.41674643e-05,2.13567769e-04,3.27660359e+00,3.07598663e-05
1.166656,4.79599260e+01,5.92759432e-03,4.19549922e-01,6.53965117e-02,1.40955179e-03,-1.95114486e-04,2.51981812e-04,3.27435070e+00,3.15148118e-05
1.168297,4.78972315e+01,1.89182665e-01,4.46557276e-01,9.42001887e-02,1.63913123e-03,-2.10511729e-04,2.54936403e-04,3.26465990e+00,3.09448622e-05
1.169938,4.78506838e+01,4.60710810e-01,4.60098441e-01,1.35089034e-01,1.98863754e-03,-4.14864975e-04,2.62685781e-04,3.26577261e+00,2.84051730e-05
1.171578,4.78197201e+01,3.83531223e-01,4.42250342e-01,1.25633793e-01,1.94295864e-03,-3.12165546e-04,3.12292988e-04,3.24364209e+00,2.86232224e-05
1.173219,4.78027813e+01,1.26451848e-01,3.98728529e-01,7.58438033e-02,1.51843872e-03,-3.26934748e-04,1.92303204e-04,3.24511286e+00,2.83691305e-05
1.174860,4.77983199e+01,-7.33181310e-02,3.98611334e-01,4.02526878e-02,1.17506208e-03,-6.73338277e-05,1.22682690e-04,3.24996043e+00,2.83274811e-05
1.176501,4.78046554e+01,2.29003343e-01,3.95574151e-01,8.29544873e-02,1.63516003e-03,-2.87487004e-04,1.56560212e-04,3.24747179e+00,2.76872905e-05
1.178142,4.78206069e+01,-1.12821894e-01,3.83750243e-01,3.49919212e-02,1.10029609e-03,-1.62781445e-04,1.30318582e-04,3.24701374e+00,2.71792106e-05
1.179783,4.78447282e+01,-4.51442694e-01,3.96777820e-01,-1.58008937e-02,5.99428378e-04,6.09205340e-05,4.55114767e-05,3.25390373e+00,2.72057785e-05
1.181424,4.78751890e+01,-6.83812941e-01,4.14324617e-01,-4.24229146e-02,2.59923557e-04,1.99964523e-04,6.79041037e-05,3.25822130e+00,2.74162552e-05
1.183064,4.79102713e+01,-1.19845112e+00,4.78693676e-01,-1.12267013e-01,-5.32683378e-04,6.49866175e-04,-5.25886497e-06,3.26766862e+00,2.71970612e-05
1.184705,4.79482792e+01,-1.25461620e+00,5.02990653e-01,-1.19320054e-01,-5.59500269e-04,6.58148292e-04,-2.81899328e-05,3.27796722e+00,2.70352975e-05
1.186346,4.79879318e+01,-1.19644307e+00,5.18947753e-01,-1.07264416e-01,-4.52249191e-04,6.05176347e-04,1.22692582e-06,3.28428073e+00,2.55038746e-05
1.187987,4.80286154e+01,-7.97716591e-01,4.70118159e-01,-5.72634485e-02,1.72952351e-04,2.27393160e-04,2.83981324e-05,3.30262998e+00,2.40986957e-05
1.189628,4.80698666e+01,-1.06715578e+00,5.35243994e-01,-7.83271158e-02,-2.40860090e-04,4.81572146e-04,1.00906734e-04,3.30768342e+00,2.31254099e-05
1.191269,4.81107631e+01,-8.32616813e-01,5.06815250e-01,-5.32940131e-02,1.59286820e-04,2.80425423e-04,7.12148374e-05,3.32613660e+00,2.21720404e-05
1.192910,4.81506567e+01,-9.18178821e-01,5.38874369e-01,-5.46573123e-02,4.74070256e-05,3.58508202e-04,1.20888373e-04,3.34341045e+00,2.09624545e-05
1.194551,4.81887995e+01,-1.18978007e+00,6.14379365e-01,-8.92563065e-02,-3.38681448e-04,5.53362355e-04,4.22481259e-05,3.35663858e+00,2.00895802e-05
1.196191,4.82242224e+01,-9.30247854e-01,5.68611635e-01,-5.32425823e-02,8.94526108e-05,3.33592570e-04,1.19223243e-04,3.37399259e+00,1.89503501e-05
1.197832,4.82563264e+01,-1.10700796e+00,6.43900217e-01,-7.01107856e-02,-1.45449541e-04,5.89527774e-04,9.73203218e-05,3.38715954e+00,1.85049249e-05
1.199473,4.82842241e+01,-1.16650202e+00,6.80223939e-01,-7.94082007e-02,-2.08844349e-04,6.25640173e-04,4.28385408e-05,3.40933636e+00,1.76566939e-05
1.201114,4.83072304e+01,-1.12816740e+00,6.83831819e-01,-7.52209628e-02,-8.27661104e-05,5.20380827e-04,4.76436159e-05,3.42508184e+00,1.64524010e-05
1.202755,4.83248655e+01,-9.99077028e-01,6.49875734e-01,-6.20411435e-02,1.49006188e-04,2.72339846e-04,3.49321983e-05,3.44293522e+00,1.51976250e-05
1.204396,4.83367000e+01,-1.18307067e+00,7.44557003e-01,-7.03501451e-02,-1.22469794e-04,5.76895447e-04,1.00672087e-04,3.46213389e+00,1.44276863e-05
1.206037,4.83420459e+01,-1.35490785e+00,8.26377128e-01,-8.52434704e-02,-3.97026056e-04,7.25832353e-04,6.55993678e-05,3.48658560e+00,1.36478997e-05
1.207677,4.83401646e+01,-1.40646402e+00,8.84878947e-01,-1.03711461e-01,-3.98312955e-04,9.03001285e-04,-8.50145061e-05,3.51041849e+00,1.32459349e-05
1.209318,4.83303819e+01,-1.49246374e+00,9.49858672e-01,-9.85035109e-02,-3.70444697e-04,9.71633854e-04,2.79598138e-05,3.52339747e+00,1.21511373e-05
1.210959,4.83122986e+01,-1.32715429e+00,8.83285557e-01,-8.27494489e-02,-7.81322780e-05,5.81739621e-04,1.06128528e-05,3.55042623e+00,1.12800853e-05
1.212600,4.82856948e+01,-1.21799917e+00,8.68455453e-01,-7.13899946e-02,1.75229540e-04,5.42609152e-04,1.71350471e-05,3.57111969e+00,9.93548669e-06
1.214241,4.82503851e+01,-1.25706050e+00,9.20014195e-01,-6.69507424e-02,2.53844992e-04,6.39892780e-04,9.94411072e-05,3.58703191e+00,9.27383476e-06
1.215882,4.82059373e+01,-1.28047395e+00,9.42127427e-01,-5.13187710e-02,2.02292625e-04,5.48975913e-04,2.30986380e-04,3.61219551e+00,8.85375804e-06
1.217523,4.81519829e+01,-1.45070132e+00,1.04011001e+00,-7.28766954e-02,-1.06285086e-04,6.70655201e-04,1.05885973e-04,3.63730291e+00,8.00041917e-06
1.219164,4.80881981e+01,-1.21634677e+00,9.51231053e-01,-5.02785063e-02,4.04832289e-04,4.12326505e-04,1.41287763e-04,3.65648846e+00,7.35988023e-06
1.220804,4.80144520e+01,-1.24567976e+00,9.91590695e-01,-4.81553481e-02,3.82536308e-04,4.63226847e-04,1.45031277e-04,3.68640610e+00,6.59891974e-06
1.222445,4.79305604e+01,-1.46319337e+00,1.13832386e+00,-6.20248642e-02,-8.55134292e-06,7.53132029e-04,1.25207636e-04,3.70402922e+00,6.36465863e-06
1.224086,4.78360893e+01,-1.47958638e+00,1.19168327e+00,-6.57198534e-02,2.81899435e-05,9.08214078e-04,3.98212730e-05,3.72977522e+00,6.25606049e-06
1.225727,4.77307456e+01,-1.45053611e+00,1.20583125e+00,-5.41854717e-02,2.73562368e-04,7.77935516e-04,1.28355116e-04,3.74934527e+00,5.99188251e-06
1.227368,4.76143761e+01,-1.36329658e+00,1.16804855e+00,-4.68257797e-02,4.75364577e-04,5.03344788e-04,1.20787687e-04,3.77410524e+00,5.84154653e-06
1.229009,4.74870043e+01,-1.12600070e+00,1.03089886e+00,-3.64175407e-02,9.85851797e-04,2.11644117e-06,6.41335113e-05,3.80255098e+00,5.52919521e-06
1.230650,4.73488388e+01,-1.21818884e+00,1.12353815e+00,-3.68756973e-02,8.29935209e-04,2.33630122e-04,7.52906384e-05,3.82513348e+00,5.82904595e-06
1.232290,4.71997742e+01,-1.06946120e+00,1.02599856e+00,-1.86650919e-02,1.06073191e-03,-1.80444726e-04,1.68320037e-04,3.85057887e+00,5.89502528e-06
1.233931,4.70399014e+01,-9.58039875e-01,9.83999035e-01,-1.11178924e-02,1.34035760e-03,-2.79703930e-04,1.63915542e-04,3.86867907e+00,6.33385568e-06
1.235572,4.68692464e+01,-1.17449216e+00,1.16986283e+00,-1.92464464e-02,8.43694595e-04,2.04958548e-04,1.65727153e-04,3.89480546e+00,6.82056890e-06
1.237213,4.66875000e+01,-1.23560336e+00,1.23385350e+00,-2.16946928e-02,7.02510936e-04,2.64786802e-04,1.38172531e-04,3.91930349e+00,7.41442650e-06
1.238854,4.64944638e+01,-1.37949164e+00,1.37932003e+00,-2.02432335e-02,4.79317246e-04,5.49702560e-04,1.64626066e-04,3.93864825e+00,8.17802672e-06
1.240495,4.62900941e+01,-1.41821200e+00,1.44214920e+00,-2.58900406e-02,4.03914248e-04,6.62471025e-04,8.55011302e-05,3.96375780e+00,8.58698786e-06
1.242136,4.60743359e+01,-1.46092676e+00,1.52062047e+00,-2.44967249e-02,3.47204244e-04,8.43078664e-04,8.91608759e-05,3.98931195e+00,9.18148650e-06
1.243777,4.58471713e+01,-1.42004184e+00,1.52460219e+00,-4.46856432e-03,5.34895620e-04,7.23116972e-04,2.21955619e-04,4.01160366e+00,9.84951743e-06
1.245417,4.56087653e+01,-1.34650037e+00,1.48908609e+00,-1.13243442e-02,7.39880037e-04,4.52735027e-04,1.03622893e-04,4.03262847e+00,1.02584816e-05
1.247058,4.53594560e+01,-1.33598741e+00,1.51607029e+00,5.00129872e-03,7.85522832e-04,4.40187611e-04,2.40742377e-04,4.06001032e+00,1.07583402e-05
1.248699,4.50994875e+01,-1.22836041e+00,1.45103418e+00,-3.31287641e-04,1.00827139e-03,1.72491206e-04,1.06350769e-04,4.07985986e+00,1.13827489e-05
1.250340,4.48291620e+01,-1.25959999e+00,1.51889750e+00,6.94305916e-03,9.03124421e-04,3.31278799e-04,1.51753036e-04,4.10589950e+00,1.19121771e-05
1.251981,4.45487164e+01,-1.40742867e+00,1.71461803e+00,2.16607265e-02,5.09441792e-04,9.50906597e-04,2.77729539e-04,4.12843239e+00,1.28595317e-05
1.253622,4.42580439e+01,-1.38851023e+00,1.70771704e+00,1.67145110e-02,4.71305080e-04,7.18170423e-04,1.77391622e-04,4.14998539e+00,1.34622962e-05
1.255263,4.39573620e+01,-1.36929641e+00,1.74653510e+00,1.96606206e-02,7.01585745e-04,6.79112482e-04,1.44011721e-04,4.16988518e+00,1.41844084e-05
1.256903,4.36470315e+01,-1.44872951e+00,1.88626691e+00,2.96713659e-02,4.92299430e-04,1.08798555e-03,2.03251926e-04,4.19172391e+00,1.48972651e-05
1.258544,4.33273001e+01,-1.35146650e+00,1.81777693e+00,3.48923532e-02,7.68586882e-04,6.66758819e-04,1.91719492e-04,4.21638961e+00,1.54629762e-05
1.260185,4.29986209e+01,-1.36265429e+00,1.86707310e+00,4.17878017e-02,6.83311026e-04,7.02466448e-04,2.06510616e-04,4.24151097e+00,1.63012454e-05
1.261826,4.26613835e+01,-1.35637394e+00,1.93255939e+00,3.74652452e-02,7.44477145e-04,8.90891367e-04,1.20218529e-04,4.26481735e+00,1.69553831e-05
1.263467,4.23159770e+01,-1.50383390e+00,2.15206951e+00,5.41962104e-02,3.33895347e-04,1.42282044e-03,2.35424960e-04,4.28722934e+00,1.80142347e-05
1.265108,4.19624439e+01,-1.44391010e+00,2.14653517e+00,5.21370269e-02,6.01359244e-04,1.20999067e-03,1.62622559e-04,4.31139928e+00,1.87906758e-05
1.266749,4.16012037e+01,-1.53776407e+00,2.32772965e+00,6.27389339e-02,3.77355400e-04,1.64196977e-03,2.08153498e-04,4.33656652e+00,1.94511403e-05
1.268390,4.12327022e+01,-1.50491871e+00,2.37115214e+00,6.77307155e-02,5.65133542e-04,1.65174201e-03,1.91907245e-04,4.36478792e+00,2.02229991e-05
1.270030,4.08574335e+01,-1.51741363e+00,2.43899029e+00,7.54073219e-02,4.34915583e-04,1.69309359e-03,1.93273526e-04,4.38643619e+00,2.09403797e-05
1.271671,4.04759292e+01,-1.41553929e+00,2.39426399e+00,8.55405951e-02,8.29617073e-04,1.37914934e-03,2.31015477e-04,4.40897242e+00,2.17998751e-05
1.273312,4.00889524e+01,-1.30861253e+00,2.31214364e+00,8.98579675e-02,1.07031764e-03,9.61624997e-04,2.25319490e-04,4.43545579e+00,2.21076423e-05
1.274953,3.96975967e+01,-1.29260639e+00,2.36249774e+00,9.43513857e-02,1.07938152e-03,9.91562889e-04,1.80446663e-04,4.46036090e+00,2.29659626e-05
1.276594,3.93025723e+01,-1.24872603e+00,2.38647095e+00,1.08726923e-01,1.25934333e-03,8.77386524e-04,2.44441096e-04,4.48138580e+00,2.33928147e-05
1.278235,3.89047584e+01,-1.15498199e+00,2.32824112e+00,1.15597814e-01,1.48086281e-03,5.83010967e-04,2.63567357e-04,4.51008432e+00,2.41572687e-05
1.279876,3.85051139e+01,-1.10193645e+00,2.35101128e+00,1.12256973e-01,1.66432494e-03,5.12573896e-04,1.67364651e-04,4.52658914e+00,2.47796787e-05
1.281516,3.81047354e+01,-1.08321096e+00,2.37417063e+00,1.15994042e-01,1.51435786e-03,4.81231390e-04,1.44688257e-04,4.54960304e+00,2.50610786e-05
1.283157,3.77045420e+01,-1.07691012e+00,2.47706097e+00,1.36356555e-01,1.58330110e-03,6.45719178e-04,2.51887994e-04,4.57004754e+00,2.64067611e-05
1.284798,3.73051310e+01,-8.85677499e-01,2.22600698e+00,1.32193365e-01,1.91535801e-03,-1.04383631e-04,2.10156535e-04,4.59579150e+00,2.66379692e-05
1.286439,3.69078348e+01,-1.01999026e+00,2.59456832e+00,1.55367015e-01,1.66198711e-03,7.75222256e-04,2.55035623e-04,4.60946799e+00,2.79183919e-05
1.288080,3.65130149e+01,-1.00528354e+00,2.70135034e+00,1.52663003e-01,1.89346942e-03,6.21299383e-04,1.08877328e-04,4.60678192e+00,2.90122229e-05
1.289721,3.61212320e+01,-1.10671420e+00,3.07562743e+00,1.94504779e-01,1.88059807e-03,1.29001489e-03,3.24876691e-04,4.61129923e+00,3.03757219e-05
1.291362,3.57327302e+01,-1.02263609e+00,3.02622779e+00,1.94815487e-01,1.92934744e-03,1.01793984e-03,2.64547035e-04,4.63368088e+00,3.15298250e-05
1.293002,3.53482534e+01,-8.91981320e-01,2.86383634e+00,2.00256160e-01,1.98740958e-03,6.05127037e-04,3.00106219e-04,4.66091791e+00,3.20649436e-05
1.294643,3.49692315e+01,-7.41614240e-01,2.67452800e+00,1.89540046e-01,2.19361946e-03,1.47764091e-04,2.02056428e-04,4.67825070e+00,3.20450685e-05
1.296284,3.45973319e+01,-6.30251610e-01,2.53095451e+00,1.88295757e-01,2.22219957e-03,-1.91409035e-04,1.82560308e-04,4.69549909e+00,3.23996281e-05
1.297925,3.42340074e+01,-4.56871977e-01,2.15772086e+00,1.66918996e-01,2.11826660e-03,-9.28917619e-04,7.28644473e-05,4.70136317e+00,3.22726117e-05
1.299566,3.38812263e+01,-2.89316953e-01,1.79895052e+00,1.52675809e-01,2.15038248e-03,-1.59198661e-03,5.42575202e-05,4.70792147e+00,3.21449535e-05
1.301207,3.35408241e+01,-3.29102329e-01,2.07222159e+00,1.78738029e-01,2.09882860e-03,-1.08342471e-03,1.32783287e-04,4.71705264e+00,3.35603021e-05
1.302848,3.32133614e+01,-3.03771895e-01,2.19433840e+00,1.86315922e-01,2.16702491e-03,-8.25717535e-04,9.39802719e-05,4.72988220e+00,3.41724198e-05
1.304489,3.28992691e+01,-2.60588166e-01,2.19638891e+00,1.92647366e-01,2.04498550e-03,-7.97549842e-04,1.04613157e-04,4.73458892e+00,3.57066842e-05
1.306129,3.25988795e+01,-2.17697145e-01,2.26937442e+00,2.03940332e-01,2.11058937e-03,-6.99026914e-04,1.16223763e-04,4.72949079e+00,3.70915268e-05
1.307770,3.23124977e+01,-1.61443470e-01,2.33688005e+00,2.22001449e-01,2.23558511e-03,-5.42604755e-04,1.88777421e-04,4.71638882e+00,3.85824551e-05
1.309411,3.20400936e+01,-1.60386891e-01,2.70958928e+00,2.51942711e-01,2.40899425e-03,2.32876349e-05,1.92641142e-04,4.70908649e+00,4.10799149e-05
1.311052,3.17810414e+01,-1.45339384e-01,3.09422160e+00,2.90123382e-01,2.59297293e-03,5.97475972e-04,2.44616283e-04,4.70425363e+00,4.23262077e-05
1.312693,3.15349096e+01,-4.56624677e-02,2.78803000e+00,2.71861141e-01,2.33339801e-03,1.37853945e-04,2.05059400e-04,4.68968841e+00,4.39880164e-05
1.314334,3.13019756e+01,-8.26058463e-03,3.12919851e+00,3.01087612e-01,2.49092072e-03,6.44389750e-04,1.92427645e-04,4.66374357e+00,4.57007291e-05
1.315975,3.10819620e+01,7.77018172e-02,3.17025513e+00,3.18281951e-01,2.64823265e-03,5.86557856e-04,2.46826289e-04,4.61703893e+00,4.59748892e-05
1.317615,3.08748349e+01,1.59949441e-01,3.32415423e+00,3.40872961e-01,2.83351972e-03,7.93922118e-04,2.83920556e-04,4.59086602e+00,4.81898990e-05
1.319256,3.06799242e+01,2.29622820e-01,3.90760795e+00,4.09245668e-01,3.17182587e-03,1.50846434e-03,4.23180690e-04,4.54730566e+00,5.05343342e-05
1.320897,3.04956658e+01,3.24823073e-01,3.95270323e+00,4.11852831e-01,3.19323152e-03,1.54846326e-03,3.26258975e-04,4.51685474e+00,5.36271303e-05
1.322538,3.03210628e+01,4.23208988e-01,3.80921503e+00,4.13896951e-01,3.14809930e-03,1.37707102e-03,3.90769277e-04,4.45793326e+00,5.28650843e-05
1.324179,3.01565076e+01,5.32815295e-01,3.89786783e+00,4.28340589e-01,3.30017535e-03,1.44373476e-03,3.77672641e-04,4.40576341e+00,5.51152725e-05
1.325820,3.00011730e+01,6.42228842e-01,3.99945252e+00,4.46178936e-01,3.40729115e-03,1.57708776e-03,3.93296963e-04,4.35037948e+00,5.56052544e-05
1.327461,2.98544752e+01,6.92229550e-01,3.58163050e+00,4.15837042e-01,3.04297874e-03,1.10999678e-03,3.74499046e-04,4.28005866e+00,5.45578758e-05
1.329102,2.97170474e+01,7.45413550e-01,3.31934308e+00,3.83849184e-01,2.82271904e-03,8.28012150e-04,2.24708157e-04,4.22729607e+00,5.56793653e-05
1.330742,2.95890180e+01,8.65043733e-01,3.57584920e+00,4.31186799e-01,2.98419117e-03,1.14660333e-03,3.86983504e-04,4.15771029e+00,5.55856766e-05
1.332383,2.94698117e+01,8.80978967e-01,3.14536435e+00,3.80023104e-01,2.69027385e-03,6.98526352e-04,2.30416524e-04,4.07912234e+00,5.29916297e-05
1.334024,2.93600667e+01,8.81077682e-01,2.79575852e+00,3.49425276e-01,2.32024333e-03,3.33546725e-04,2.12329130e-04,3.99207039e+00,5.38034662e-05
1.335665,2.92598702e+01,9.08934002e-01,2.62755761e+00,3.26680375e-01,2.13482628e-03,2.23746807e-04,1.10179644e-04,3.92230706e+00,5.16443420e-05
1.337306,2.91694505e+01,1.01472404e+00,2.74043412e+00,3.49134733e-01,2.31969660e-03,3.89765262e-04,1.65402988e-04,3.85310676e+00,5.16161085e-05
1.338947,2.90877746e+01,1.15727399e+00,2.99350202e+00,3.81684546e-01,2.53494680e-03,7.02010145e-04,1.81071109e-04,3.77915979e+00,5.27580811e-05
1.340588,2.90128932e+01,1.27889965e+00,3.12283416e+00,4.08848177e-01,2.68568434e-03,8.44178815e-04,2.63651900e-04,3.70177617e+00,5.30879911e-05
1.342228,2.89430011e+01,1.40932526e+00,3.26382366e+00,4.33501088e-01,2.83956491e-03,1.02546993e-03,2.93754916e-04,3.64080543e+00,5.38517684e-05
1.343869,2.88764402e+01,1.35495231e+00,2.89587667e+00,3.93733392e-01,2.45026914e-03,6.56868860e-04,2.37115232e-04,3.57210299e+00,5.23936050e-05
1.345510,2.88129568e+01,1.44362726e+00,2.93109915e+00,3.97562479e-01,2.48826895e-03,7.47499912e-04,1.82180986e-04,3.50013136e+00,5.04607862e-05
1.347151,2.87523573e+01,1.18889091e+00,2.18545609e+00,3.06771686e-01,1.57780579e-03,-1.66260899e-05,8.44705406e-05,3.44629965e+00,4.68644685e-05
1.348792,2.86956203e+01,1.17009566e+00,2.02869652e+00,2.98409345e-01,1.38014142e-03,-1.25999188e-04,1.55097796e-04,3.38851079e+00,4.39699513e-05
1.350433,2.86427330e+01,1.25502072e+00,2.10224472e+00,2.95347192e-01,1.44146780e-03,-1.67075167e-05,5.46137352e-06,3.32279012e+00,4.31082457e-05
1.352074,2.85920297e+01,1.41765642e+00,2.31230929e+00,3.29736292e-01,1.71511986e-03,2.17576906e-04,6.97225000e-05,3.28518432e+00,4.39580228e-05
1.353715,2.85415187e+01,1.28720884e+00,1.94721485e+00,2.78299093e-01,1.32689024e-03,-1.51182505e-04,-3.22348529e-05,3.22232385e+00,4.14034911e-05
1.355355,2.84907378e+01,1.34750295e+00,1.97674216e+00,2.88431259e-01,1.30859734e-03,-7.08324241e-05,1.75761927e-05,3.18810145e+00,3.91799306e-05
1.356996,2.84385657e+01,1.33109497e+00,1.86552495e+00,2.75718287e-01,1.16759761e-03,-1.67661404e-04,1.65181331e-05,3.16020212e+00,3.71293187e-05
1.358637,2.83839546e+01,1.40862418e+00,1.92025204e+00,2.82066746e-01,1.21057868e-03,-6.06225178e-05,-8.64001584e-06,3.11456906e+00,3.52014443e-05
1.360278,2.83255038e+01,1.57701490e+00,2.11185717e+00,3.15904631e-01,1.45914207e-03,2.03075925e-04,7.47278666e-05,3.09888075e+00,3.35530452e-05
1.361919,2.82614746e+01,1.89302300e+00,2.51031271e+00,3.78632243e-01,2.00434990e-03,6.96969932e-04,1.66388267e-04,3.07427753e+00,3.27238072e-05
1.363560,2.81897064e+01,2.15217529e+00,2.78432223e+00,4.17310548e-01,2.44118983e-03,1.01157921e-03,1.67130500e-04,3.04308346e+00,3.17179595e-05
1.365201,2.81084436e+01,2.03075608e+00,2.53610479e+00,3.92508311e-01,1.96138627e-03,6.71579529e-04,1.94851746e-04,3.03489990e+00,2.88176867e-05
1.366841,2.80172324e+01,1.94840519e+00,2.34576815e+00,3.60701349e-01,1.64564045e-03,4.02585487e-04,9.39680966e-05,3.02019236e+00,2.51177292e-05
1.368482,2.79157287e+01,2.07759581e+00,2.44894368e+00,3.72699931e-01,1.76774506e-03,5.64382063e-04,5.71408230e-05,3.00814187e+00,2.23880426e-05
1.370123,2.78029241e+01,2.02313077e+00,2.29867682e+00,3.69117908e-01,1.53924595e-03,2.84737457e-04,1.88462731e-04,2.99624538e+00,2.00461162e-05
1.371764,2.76780179e+01,1.98227578e+00,2.17941444e+00,3.31732197e-01,1.33010351e-03,6.44443017e-05,-6.36652486e-05,2.99142195e+00,1.69094506e-05
1.373405,2.75406287e+01,1.93875942e+00,2.07696500e+00,3.29111726e-01,1.06054646e-03,-9.65633185e-05,2.40444456e-05,2.98757798e+00,1.33364681e-05
1.375046,2.73902749e+01,2.14109873e+00,2.25645231e+00,3.62062976e-01,1.38441651e-03,1.82666768e-04,1.00388817e-04,2.99042495e+00,1.13104938e-05
1.376687,2.72258552e+01,2.23189084e+00,2.28907453e+00,3.72963894e-01,1.49881961e-03,1.79162134e-04,1.31791202e-04,2.99319159e+00,9.50428020e-06
1.378328,2.70463987e+01,2.12847577e+00,2.12845898e+00,3.36874516e-01,1.03350029e-03,-1.51113257e-04,-5.70201876e-05,2.99763629e+00,6.60237462e-06
1.379968,2.68514552e+01,1.92434179e+00,1.86213802e+00,3.00776846e-01,3.82394151e-04,-7.01369482e-04,-1.10445203e-04,3.00987438e+00,4.22920487e-06
1.381609,2.66405988e+01,1.86020172e+00,1.75624458e+00,2.82286803e-01,9.13637147e-05,-9.10026943e-04,-1.71809426e-04,3.02206678e+00,2.42888678e-06
1.383250,2.64132823e+01,1.68750502e+00,1.54093537e+00,2.46185144e-01,-4.48558690e-04,-1.35695461e-03,-2.74065117e-04,3.03471202e+00,1.50424124e-06
1.384891,2.61689645e+01,1.72256851e+00,1.53089200e+00,2.52667755e-01,-3.72170832e-04,-1.38392594e-03,-2.03513310e-04,3.05067404e+00,1.78940565e-06
1.386532,2.59070062e+01,1.71497732e+00,1.49213946e+00,2.47966155e-01,-4.41141294e-04,-1.40774382e-03,-1.95206995e-04,3.06432441e+00,2.66169586e-06
1.388173,2.56268771e+01,1.69640581e+00,1.44269578e+00,2.42554742e-01,-6.10776041e-04,-1.53141966e-03,-1.97566298e-04,3.07645815e+00,3.39418794e-06
1.389814,2.53281583e+01,1.69851218e+00,1.41042532e+00,2.36471712e-01,-6.29113000e-04,-1.56807880e-03,-2.24880000e-04,3.09548650e+00,4.02921022e-06
1.391454,2.50106514e+01,1.62562638e+00,1.30945692e+00,2.18392506e-01,-8.81406487e-04,-1.80855788e-03,-2.88803471e-04,3.11517363e+00,4.75164102e-06
1.393095,2.46744108e+01,1.66521709e+00,1.31870590e+00,2.14865798e-01,-8.13529372e-04,-1.73317901e-03,-3.32473961e-04,3.12991565e+00,5.36586473e-06
1.394736,2.43196560e+01,1.68256666e+00,1.29126590e+00,2.17352093e-01,-6.39013517e-04,-1.70398269e-03,-2.59584958e-04,3.13379366e+00,6.17769981e-06
1.396377,2.39468348e+01,1.75778307e+00,1.32021403e+00,2.25143588e-01,-2.32545071e-04,-1.39814126e-03,-1.90772009e-04,3.14218672e+00,7.05008875e-06
1.398018,2.35564951e+01,1.80234364e+00,1.30948036e+00,2.28636071e-01,-3.68564654e-05,-1.38639194e-03,-1.51974512e-04,3.15355015e+00,7.96811997e-06
1.399659,2.31495313e+01,1.79575409e+00,1.26819772e+00,2.20129736e-01,-2.19764960e-04,-1.55374453e-03,-2.03358706e-04,3.16268285e+00,8.96541960e-06
1.401300,2.27272786e+01,1.82205743e+00,1.24317478e+00,2.19952237e-01,-3.15586193e-05,-1.51598080e-03,-1.76982417e-04,3.16645735e+00,1.00397055e-05
1.402941,2.22912037e+01,1.86091067e+00,1.22234990e+00,2.15634805e-01,3.16982285e-04,-1.38637967e-03,-1.75097057e-04,3.17238951e+00,1.14224730e-05
1.404581,2.18427241e+01,1.86339650e+00,1.17852651e+00,2.20777165e-01,1.23897438e-04,-1.59281007e-03,-1.05571047e-04,3.17676563e+00,1.28428136e-05
1.406222,2.13838674e+01,1.87897631e+00,1.13300518e+00,2.10416203e-01,6.34696657e-05,-1.79492519e-03,-1.93885119e-04,3.18163336e+00,1.42418803e-05
1.407863,2.09170757e+01,1.91709663e+00,1.09915667e+00,2.06318178e-01,4.55205222e-04,-1.67567576e-03,-1.76771974e-04,3.18267206e+00,1.58457015e-05
1.409504,2.04447652e+01,1.92139352e+00,1.04262604e+00,2.07988907e-01,5.40268792e-05,-2.07981624e-03,-1.69093463e-04,3.18408023e+00,1.74871682e-05
1.411145,1.99699236e+01,1.87492280e+00,9.54424498e-01,1.92496299e-01,-3.23775907e-04,-2.38367940e-03,-2.58854614e-04,3.18613514e+00,1.91977083e-05
1.412786,1.94957706e+01,1.94301348e+00,9.23444067e-01,1.96635255e-01,1.99213612e-04,-2.24809267e-03,-1.71130152e-04,3.18879466e+00,2.17152825e-05
1.414427,1.90248178e+01,1.94219491e+00,8.49615897e-01,1.89172958e-01,8.38585056e-05,-2.46364410e-03,-2.02701905e-04,3.18839449e+00,2.37713964e-05
1.416067,1.85602141e+01,2.16334801e+00,8.91518593e-01,2.04971275e-01,1.05514079e-03,-2.17944071e-03,-1.20849369e-04,3.18736796e+00,2.67510741e-05
1.417708,1.81040769e+01,2.10464877e+00,7.84176524e-01,1.85067942e-01,7.51011218e-04,-2.39649803e-03,-2.13341201e-04,3.19496356e+00,2.94631706e-05
1.419349,1.76592128e+01,2.28382635e+00,7.73865405e-01,1.97434281e-01,1.25063181e-03,-2.47869361e-03,-1.52653029e-04,3.17959070e+00,3.37203786e-05
1.420990,1.72275748e+01,2.19134570e+00,6.45035847e-01,1.82447203e-01,9.72591768e-04,-2.61920212e-03,-1.61790116e-04,3.16283162e+00,3.67988746e-05
1.422631,1.68122923e+01,2.32113840e+00,5.95667052e-01,1.79777023e-01,1.35183172e-03,-2.74611381e-03,-1.96453455e-04,3.14325712e+00,3.87927337e-05
1.424272,1.64161979e+01,2.18755035e+00,4.55006218e-01,1.56314616e-01,1.07117105e-03,-2.79950072e-03,-2.41870837e-04,3.11168320e+00,4.17694467e-05
1.425913,1.60424807e+01,1.89298450e+00,2.75655390e-01,1.27985295e-01,4.99835617e-04,-2.76295562e-03,-2.27275229e-04,3.05792441e+00,4.16116594e-05
1.427554,1.56957113e+01,2.26278930e+00,2.77526272e-01,1.49279683e-01,1.21600256e-03,-3.02313640e-03,-2.01956168e-04,2.99686984e+00,4.67990139e-05
1.429194,1.53763300e+01,2.00042130e+00,1.21033946e-01,1.22344635e-01,8.16332462e-04,-2.91791492e-03,-1.94586124e-04,2.91193157e+00,4.91392511e-05
1.430835,1.50860594e+01,1.76322568e+00,-4.71686991e-03,9.46031970e-02,4.91127157e-04,-2.72647007e-03,-2.30340417e-04,2.79663093e+00,4.82628747e-05
1.432476,1.48274105e+01,1.67479690e+00,-9.51726475e-02,8.04796472e-02,3.81864302e-04,-2.63041173e-03,-2.41890130e-04,2.66765644e+00,5.21717571e-05
1.434117,1.46005668e+01,1.52686982e+00,-1.77042547e-01,6.45189531e-02,1.95989606e-04,-2.39934631e-03,-2.30040273e-04,2.50770968e+00,5.52140471e-05
1.435758,1.44062522e+01,1.54483978e+00,-2.51838198e-01,6.10217625e-02,3.28935366e-04,-2.42399701e-03,-2.02520901e-04,2.37525509e+00,5.19865471e-05
1.437399,1.42455093e+01,1.68937165e+00,-3.33867526e-01,6.31748863e-02,6.17438618e-04,-2.59955194e-03,-1.87741096e-04,2.22864822e+00,5.15578379e-05
1.439040,1.41156418e+01,2.10039501e+00,-4.64311095e-01,7.26866681e-02,1.25530509e-03,-3.22412722e-03,-2.17280710e-04,2.09549936e+00,5.74091175e-05
1.440680,1.40114729e+01,1.52726696e+00,-4.78558590e-01,3.86758418e-02,5.07301824e-04,-2.38907710e-03,-1.98450065e-04,1.92518826e+00,5.24790296e-05
1.442321,1.39340935e+01,1.18863140e+00,-4.79259514e-01,1.83905121e-02,9.60000828e-05,-1.81781973e-03,-1.83816633e-04,1.81799234e+00,4.80701221e-05
1.443962,1.38838233e+01,1.49190082e+00,-6.13633464e-01,2.14514617e-02,5.72934292e-04,-2.27157766e-03,-2.05699183e-04,1.71144503e+00,4.89073317e-05
1.445603,1.38562676e+01,1.29042885e+00,-6.27858995e-01,1.20090262e-02,3.31260070e-04,-1.95921904e-03,-1.64517881e-04,1.61473464e+00,4.63254320e-05
1.447244,1.38489110e+01,1.28003237e+00,-6.84896342e-01,6.14344642e-03,3.96349739e-04,-1.91542619e-03,-1.61425203e-04,1.52891623e+00,3.98656107e-05
1.448885,1.38602700e+01,1.35111192e+00,-7.80367248e-01,1.05131315e-03,5.00815956e-04,-2.07233220e-03,-1.68033323e-04,1.46465325e+00,3.89841889e-05
1.450526,1.38865888e+01,1.27979597e+00,-8.14399882e-01,-6.79910896e-03,4.09835179e-04,-1.94291140e-03,-1.68295933e-04,1.41419745e+00,3.56110297e-05
1.452167,1.39255770e+01,8.80117467e-01,-6.77407218e-01,-1.69135352e-02,-9.74481558e-05,-1.22081812e-03,-1.35541357e-04,1.35837239e+00,2.79350121e-05
1.453807,1.39770541e+01,6.85726558e-01,-6.02469321e-01,-1.53889174e-02,-3.03403173e-04,-7.52365710e-04,-5.70020925e-05,1.32286466e+00,2.19810870e-05
1.455448,1.40397809e+01,5.43551121e-01,-5.50002578e-01,-2.36990742e-02,-4.57210940e-04,-4.73507724e-04,-8.97253410e-05,1.28990052e+00,1.71955459e-05
1.457089,1.41119370e+01,3.25950986e-01,-4.33929788e-01,-1.98778919e-02,-7.20258524e-04,-3.71122577e-05,-1.55514520e-05,1.27382759e+00,1.26428438e-05
1.458730,1.41918198e+01,2.46269422e-01,-3.83360034e-01,-2.58416484e-02,-7.72878969e-04,2.12078730e-04,-5.68534897e-05,1.26886597e+00,8.97701939e-06
1.460371,1.42775979e+01,1.56460226e-01,-3.30903449e-01,-2.36017773e-02,-8.50301079e-04,3.57819209e-04,-2.50789304e-05,1.26489958e+00,5.00074304e-06
1.462012,1.43674277e+01,3.32887049e-01,-4.79816640e-01,-2.42539674e-02,-5.64086267e-04,-2.85882892e-05,-8.31053698e-06,1.26937002e+00,3.18762806e-06
1.463653,1.44589884e+01,4.59961476e-01,-6.06951888e-01,-3.49852426e-02,-3.62473777e-04,-3.32947764e-04,-8.17997427e-05,1.27606385e+00,1.63866709e-06
1.465293,1.45504372e+01,3.11720042e-01,-5.01550345e-01,-3.35523723e-02,-5.95537730e-04,-1.95025712e-05,-6.25992471e-05,1.29070226e+00,2.62098197e-06
1.466934,1.46403628e+01,2.04569741e-01,-4.07492954e-01,-2.84302855e-02,-7.18259503e-04,3.13314237e-04,-1.50582188e-05,1.30391946e+00,4.41702472e-06
1.468575,1.47274953e+01,-8.85199090e-02,-1.08529031e-01,-1.53510928e-02,-1.09113034e-03,1.14498212e-03,5.08706432e-05,1.32422890e+00,6.00911977e-06
1.470216,1.48107591e+01,7.57716547e-03,-2.19907336e-01,-2.16852276e-02,-9.11893279e-04,7.62470121e-04,1.19071338e-05,1.34446463e+00,7.18747515e-06
1.471857,1.48890856e+01,1.23438394e-02,-2.18008380e-01,-2.18975346e-02,-8.18944944e-04,7.78112995e-04,1.33804727e-05,1.36961268e+00,8.19403800e-06
1.473498,1.49615924e+01,1.04202069e-01,-3.43990549e-01,-2.97777641e-02,-6.67543242e-04,3.81157251e-04,-1.93057943e-05,1.39450030e+00,9.26680453e-06
1.475139,1.50276071e+01,1.65386387e-01,-4.30603928e-01,-3.46286147e-02,-5.34244340e-04,1.64913789e-04,-2.74453397e-05,1.42046984e+00,1.05478391e-05
1.476779,1.50866415e+01,2.24892498e-01,-5.37590104e-01,-4.02240975e-02,-4.69930677e-04,-1.28009714e-04,-3.46270727e-05,1.44810419e+00,1.18454558e-05
1.478420,1.51384729e+01,1.43777388e-01,-4.42377497e-01,-3.70067482e-02,-5.79998027e-04,1.54253372e-04,-3.02218098e-05,1.47510052e+00,1.29220134e-05
1.480061,1.51832789e+01,2.02924917e-01,-5.58304319e-01,-4.43750539e-02,-5.03947695e-04,-1.61493485e-04,-5.09740429e-05,1.50334151e+00,1.45766103e-05
1.481702,1.52210903e+01,2.47495024e-01,-6.70916249e-01,-5.50032210e-02,-5.06050416e-04,-4.25049378e-04,-9.17725462e-05,1.53176404e+00,1.66689478e-05
1.483343,1.52519554e+01,3.07043614e-01,-8.02808303e-01,-6.03058682e-02,-4.33160893e-04,-6.92272978e-04,-7.81990741e-05,1.55740001e+00,1.86227047e-05
1.484984,1.52761926e+01,2.74471321e-01,-7.79584796e-01,-5.88625899e-02,-4.66362241e-04,-5.38669486e-04,-5.32135962e-05,1.58422641e+00,2.04404101e-05
1.486625,1.52945063e+01,1.82037166e-01,-6.68728277e-01,-5.65850916e-02,-6.84787775e-04,-2.02984077e-04,-6.88265075e-05,1.61172267e+00,2.20791042e-05
1.488266,1.53079732e+01,2.46794395e-01,-8.40139801e-01,-5.98879279e-02,-5.88525529e-04,-6.35627897e-04,-7.39889021e-06,1.64006269e+00,2.35826685e-05
1.489906,1.53173839e+01,2.19983812e-01,-8.36659145e-01,-6.97009887e-02,-6.43284830e-04,-5.42934172e-04,-8.88958917e-05,1.66656731e+00,2.56160679e-05
1.491547,1.53234475e+01,2.39628313e-01,-9.63409262e-01,-8.06100771e-02,-7.06553243e-04,-8.34572215e-04,-1.10105979e-04,1.69609772e+00,2.75799989e-05
1.493188,1.53266992e+01,2.14908012e-01,-9.79500181e-01,-7.32386297e-02,-7.52610590e-04,-8.11048573e-04,-1.24747142e-05,1.72600420e+00,2.98857816e-05
1.494829,1.53278373e+01,1.65692157e-01,-9.13895828e-01,-7.91392500e-02,-7.64137247e-04,-5.64113853e-04,-9.27529946e-05,1.75307818e+00,3.18885905e-05
1.496470,1.53278084e+01,9.96410877e-02,-8.03179788e-01,-6.78644120e-02,-8.23968578e-04,-2.35067592e-04,-2.74423847e-05,1.78129734e+00,3.30483345e-05
1.498111,1.53277624e+01,9.48606521e-02,-8.76788559e-01,-7.37168179e-02,-8.51431697e-04,-3.82194229e-04,-3.62869025e-05,1.80998280e+00,3.45090063e-05
1.499752,1.53286254e+01,1.86268811e-01,-1.34620204e+00,-1.17940485e-01,-9.95969610e-04,-1.39138829e-03,-1.83440113e-04,1.83934262e+00,3.64008976e-05
1.501392,1.53300439e+01,1.51952177e-01,-1.38224648e+00,-1.18968603e-01,-1.06976491e-03,-1.35420882e-03,-1.44537753e-04,1.86663304e+00,4.02895995e-05
1.503033,1.53318802e+01,4.84012071e-02,-1.07749446e+00,-9.79246237e-02,-1.01394176e-03,-6.90112765e-04,-1.07909827e-04,1.89269492e+00,3.83356005e-05
1.504674,1.53365992e+01,-2.06999716e-02,-8.31649581e-01,-7.69813552e-02,-8.75426817e-04,-1.75070929e-04,-4.35878676e-05,1.91822154e+00,3.85116777e-05
1.506315,1.53457565e+01,-4.15255524e-02,-9.08243931e-01,-8.41848806e-02,-9.68556452e-04,-3.05842044e-04,-5.75384945e-05,1.94108138e+00,4.07189021e-05
1.507956,1.53598007e+01,-6.94357935e-02,-8.64194106e-01,-7.70779998e-02,-9.05336669e-04,-2.57512110e-04,-1.47423641e-05,1.96396510e+00,3.86526620e-05
1.509597,1.53799379e+01,-1.13825138e-01,-5.88852703e-01,-5.53721221e-02,-6.94350737e-04,2.53995077e-04,1.64626207e-05,1.98339366e+00,4.03199876e-05
1.511238,1.54064978e+01,-1.28147381e-01,-7.11467881e-01,-6.38304834e-02,-7.85518565e-04,2.90880466e-05,1.97159357e-05,2.00359839e+00,4.17946614e-05
1.512879,1.54400176e+01,-1.46576010e-01,-3.23363165e-01,-3.22681330e-02,-4.04854261e-04,6.28559790e-04,5.73491732e-05,2.01877362e+00,3.78048157e-05
1.514519,1.54825251e+01,-1.65612244e-01,-4.78214078e-01,-4.49426068e-02,-5.76189916e-04,3.56583954e-04,3.91313264e-05,2.02880870e+00,4.02201513e-05
1.516160,1.55331905e+01,-1.66052711e-01,-2.53556346e-01,-2.71521680e-02,-3.30018846e-04,7.07274134e-04,4.45981893e-05,2.04052132e+00,4.07908542e-05
1.517801,1.55924931e+01,-1.64356487e-01,-1.36848290e-01,-1.70238941e-02,-2.00252513e-04,8.27426964e-04,6.34012846e-05,2.04626778e+00,3.85107786e-05
1.519442,1.56615065e+01,-1.43378106e-01,8.51010446e-02,5.75982019e-03,4.67916529e-05,1.12445881e-03,1.20140833e-04,2.05157849e+00,3.77840549e-05
1.521083,1.57407044e+01,-1.23733467e-01,1.85613025e-01,1.44801616e-02,2.03486894e-04,1.20358880e-03,1.20158410e-04,2.05736980e+00,3.66167603e-05
1.522724,1.58300996e+01,-1.91173707e-01,-2.49404923e-01,-2.28712043e-02,-2.26448004e-04,5.04008511e-04,7.13484648e-05,2.05989545e+00,3.90996174e-05
1.524365,1.59275928e+01,-1.71856054e-01,-1.14778544e-01,-1.21558366e-02,-6.34747074e-05,6.92300122e-04,7.43229308e-05,2.05972091e+00,3.93281130e-05
1.526005,1.60322769e+01,-2.44124260e-01,-4.34297720e-01,-3.89931686e-02,-3.68718693e-04,1.93814648e-04,5.41757017e-05,2.05562779e+00,4.03115662e-05
1.527646,1.61425247e+01,-3.01751531e-01,-6.24113732e-01,-5.89270873e-02,-5.46303116e-04,-9.74131392e-05,3.09858432e-06,2.05271247e+00,4.05113456e-05
1.529287,1.62565548e+01,-4.38088861e-01,-1.03615781e+00,-9.63318405e-02,-1.04273700e-03,-6.61858463e-04,-4.14991006e-05,2.05289716e+00,4.21190653e-05
1.530928,1.63722040e+01,-5.85338573e-01,-1.42123450e+00,-1.34255555e-01,-1.49913401e-03,-1.20563060e-03,-1.11346767e-04,2.05277822e+00,4.17778102e-05
1.532569,1.64879933e+01,-5.19564299e-01,-1.11224436e+00,-1.02261500e-01,-1.13007254e-03,-7.39974881e-04,-3.87102762e-05,2.05183920e+00,4.03173738e-05
1.534210,1.66038590e+01,-4.57527075e-01,-8.65188865e-01,-8.39291012e-02,-8.01148341e-04,-3.76038135e-04,-5.10645317e-05,2.05026083e+00,3.88534716e-05
1.535851,1.67203347e+01,-3.77841835e-01,-6.09600415e-01,-5.49842322e-02,-4.57493465e-04,-2.23783998e-05,2.87808791e-05,2.04665357e+00,3.65681972e-05
1.537492,1.68384507e+01,-3.62790292e-01,-5.38230206e-01,-4.75771529e-02,-3.78546969e-04,2.67793000e-05,3.73519760e-05,2.04762983e+00,3.25263545e-05
1.539132,1.69586781e+01,-2.51782108e-01,-2.64364970e-01,-2.37574655e-02,9.85235831e-06,4.13103999e-04,5.54460730e-05,2.04669241e+00,3.29955419e-05
1.540773,1.70806151e+01,-1.66162960e-01,-6.25346549e-02,-6.83489777e-03,2.38880449e-04,6.52668574e-04,5.88928594e-05,2.05125346e+00,2.93614287e-05
1.542414,1.72049052e+01,-1.21048530e-01,2.56515046e-02,1.07763183e-03,3.77464996e-04,7.31716984e-04,6.38488426e-05,2.05434377e+00,2.84147268e-05
1.544055,1.73311621e+01,-2.10764520e-02,2.05031836e-01,1.89832085e-02,6.60584206e-04,9.29079859e-04,9.13258805e-05,2.06326289e+00,2.71253404e-05
1.545696,1.74592367e+01,5.17957411e-02,3.19696391e-01,3.43807132e-02,8.42806046e-04,1.01276157e-03,1.41524022e-04,2.06764636e+00,2.48885283e-05
1.547337,1.75892389e+01,-8.79601562e-02,6.29476607e-02,9.44498814e-03,4.41302186e-04,6.14807765e-04,9.43353072e-05,2.07559694e+00,2.46922295e-05
1.548978,1.77198746e+01,-1.67369167e-01,-7.38023739e-02,-4.25380702e-03,2.41185572e-04,4.28470524e-04,6.20674148e-05,2.08558624e+00,2.59349794e-05
1.550618,1.78496752e+01,3.72581134e-02,2.45767677e-01,2.31843997e-02,7.54971813e-04,8.18735445e-04,7.38803526e-05,2.09754380e+00,2.28693867e-05
1.552259,1.79791230e+01,-5.40771267e-02,9.66505328e-02,1.13109500e-02,4.97799678e-04,5.67941707e-04,6.54836417e-05,2.10516561e+00,2.18520205e-05
1.553900,1.81076848e+01,-1.20984045e-02,1.50428489e-01,1.71040023e-02,5.97093146e-04,6.22375360e-04,7.85338806e-05,2.11851479e+00,2.16111164e-05
1.555541,1.82347081e+01,2.25011831e-01,4.87809972e-01,4.65802174e-02,1.11477042e-03,1.08752140e-03,9.75309522e-05,2.13457587e+00,1.95130988e-05
1.557182,1.83606141e+01,2.11283643e-01,4.54695912e-01,3.83823454e-02,1.01643127e-03,9.82343121e-04,3.96645996e-05,2.14839852e+00,1.77899108e-05
1.558823,1.84852182e+01,1.68505238e-01,3.76694191e-01,3.10665065e-02,8.97600306e-04,8.20207556e-04,2.52668263e-05,2.16631989e+00,1.74198376e-05
1.560464,1.86078758e+01,4.58967309e-01,7.43780966e-01,6.91896714e-02,1.50850432e-03,1.31920350e-03,1.20372141e-04,2.18234016e+00,1.62597415e-05
1.562105,1.87287539e+01,5.25318136e-01,8.03346465e-01,7.32621328e-02,1.59121784e-03,1.32648289e-03,1.04787415e-04,2.20244808e+00,1.47489563e-05
1.563745,1.88478696e+01,6.80073629e-01,9.72120532e-01,8.69937563e-02,1.85326997e-03,1.50786444e-03,1.04851979e-04,2.22221365e+00,1.36283823e-05
1.565386,1.89651701e+01,7.50382561e-01,1.03861577e+00,9.40801489e-02,1.87167240e-03,1.53636024e-03,1.23605204e-04,2.24388016e+00,1.22625346e-05
1.567027,1.90804841e+01,7.34946947e-01,9.84327183e-01,8.88899888e-02,1.78822392e-03,1.35295243e-03,1.11387284e-04,2.26495024e+00,1.22653867e-05
1.568668,1.91931610e+01,6.86601681e-01,9.05523130e-01,8.01393626e-02,1.58300981e-03,1.17000024e-03,8.12967162e-05,2.29182970e+00,1.18208637e-05
1.570309,1.93026755e+01,6.35592160e-01,8.21960227e-01,7.11473409e-02,1.40948856e-03,9.55467187e-04,5.25502087e-05,2.31212839e+00,1.13818300e-05
1.571950,1.94084217e+01,3.95523404e-01,5.42903508e-01,4.61788398e-02,8.04893723e-04,4.89367827e-04,9.85699837e-06,2.33787203e+00,1.14465949e-05
1.573591,1.95095401e+01,2.93022154e-01,4.15445526e-01,3.96261117e-02,5.54665003e-04,2.44081128e-04,3.66639453e-05,2.36307445e+00,1.14538018e-05
1.575231,1.96054393e+01,2.64296441e-01,3.68302197e-01,3.61676632e-02,4.80161757e-04,1.30244921e-04,2.97766649e-05,2.39126719e+00,1.10194957e-05
1.576872,1.96956886e+01,-3.78265474e-02,4.71103670e-02,9.53399159e-03,-1.66005770e-04,-3.52396937e-04,5.70267413e-07,2.41071333e+00,1.12445297e-05
1.578513,1.97795785e+01,-3.27920883e-02,5.12434969e-02,5.37928895e-03,-1.52964945e-04,-3.15696463e-04,-4.78770333e-05,2.43644408e+00,1.06296445e-05
1.580154,1.98568394e+01,-2.06453258e-01,-1.18728726e-01,-9.78774961e-03,-5.35992393e-04,-5.44016349e-04,-7.24587336e-05,2.46215469e+00,1.01121120e-05
1.581795,1.99272411e+01,-3.52435266e-01,-2.61627799e-01,-1.87465650e-02,-8.06921511e-04,-7.38970103e-04,-5.79500781e-05,2.48391710e+00,9.51546143e-06
1.583436,1.99906183e+01,-3.07666255e-01,-2.13776276e-01,-1.31105404e-02,-6.59636082e-04,-5.94232305e-04,-3.30032691e-05,2.51270029e+00,8.94583708e-06
1.585077,2.00468905e+01,-4.66791157e-01,-3.69913736e-01,-2.71518706e-02,-9.31803604e-04,-8.41717869e-04,-6.76244143e-05,2.54061478e+00,8.65296043e-06
1.586718,2.00958764e+01,-3.77457882e-01,-2.78079995e-01,-1.44966848e-02,-6.94201696e-04,-6.14133828e-04,-4.85831545e-06,2.56561117e+00,7.81158624e-06
1.588358,2.01376835e+01,-3.67281582e-01,-2.62125047e-01,-1.86593714e-02,-6.34443402e-04,-5.23808822e-04,-4.91748964e-05,2.59386607e+00,7.11557764e-06
1.589999,2.01723948e+01,-3.97800364e-01,-2.91201143e-01,-1.72150697e-02,-6.48697024e-04,-5.60805326e-04,-1.91866067e-05,2.62205073e+00,6.61237018e-06
1.591640,2.01999992e+01,-3.01239165e-01,-2.04126161e-01,-1.48596256e-02,-3.55521355e-04,-3.49633438e-04,-4.62615021e-05,2.64874388e+00,6.01297966e-06
1.593281,2.02206027e+01,-9.78905074e-02,-2.45362003e-02,6.52668327e-03,1.77357749e-04,4.80145268e-05,5.75001859e-05,2.67597631e+00,5.17910408e-06
1.594922,2.02344924e+01,-1.09829598e-01,-2.77677415e-02,2.18796889e-03,1.48958293e-04,9.58065760e-05,1.51238959e-05,2.69710267e+00,4.42902424e-06
1.596563,2.02418941e+01,2.31615081e-01,2.64450863e-01,2.33567376e-02,9.97381154e-04,7.31282069e-04,5.16406935e-05,2.72239812e+00,3.62485831e-06
1.598204,2.02431829e+01,2.18551260e-01,2.48030820e-01,2.39724696e-02,8.97492353e-04,6.30558145e-04,7.20041465e-05,2.74690362e+00,3.02935271e-06
1.599844,2.02384262e+01,2.23985708e-01,2.41375013e-01,1.99419335e-02,8.74997031e-04,5.41415410e-04,2.71798579e-05,2.77467520e+00,2.89661146e-06
1.601485,2.02275523e+01,1.58668806e-01,1.98166878e-01,1.71523739e-02,6.29133313e-04,4.97285821e-04,2.59528796e-05,2.80272324e+00,2.66376530e-06
1.603126,2.02105094e+01,3.82059212e-01,3.69765375e-01,3.25070699e-02,1.23237689e-03,8.53742962e-04,7.79686172e-05,2.82261813e+00,2.20694179e-06
1.604767,2.01874629e+01,3.84826531e-01,3.60274517e-01,2.67049238e-02,1.21911501e-03,7.69670929e-04,2.46392218e-05,2.84810199e+00,1.85663641e-06
1.606408,2.01584793e+01,3.54142150e-01,3.39478709e-01,2.63684613e-02,1.03742997e-03,7.05754978e-04,2.96765768e-05,2.87217684e+00,1.68012849e-06
1.608049,2.01235274e+01,4.16990330e-01,3.81314496e-01,2.84119794e-02,1.14220122e-03,7.42951476e-04,3.33818579e-05,2.90032376e+00,1.44211821e-06
1.609690,2.00826860e+01,4.49707046e-01,4.04186004e-01,3.34015998e-02,1.15139289e-03,7.57807304e-04,7.34433307e-05,2.92772338e+00,1.14151843e-06
1.611331,2.00360733e+01,4.81711909e-01,4.24430622e-01,3.23977828e-02,1.15936491e-03,7.56710166e-04,4.83881251e-05,2.95297432e+00,9.56289266e-07
1.612971,1.99837386e+01,4.96166681e-01,4.21781982e-01,3.60211405e-02,1.18497785e-03,6.87945198e-04,8.51053747e-05,2.97544663e+00,1.07188393e-06
1.614612,1.99256703e+01,3.06359146e-01,2.77878182e-01,2.23019381e-02,5.32885162e-04,2.66951853e-04,2.00303272e-05,3.00040405e+00,1.02812618e-06
1.616253,1.98617876e+01,3.12612276e-01,2.76445417e-01,2.30707708e-02,5.25259908e-04,2.36160775e-04,2.71937124e-05,3.02713620e+00,1.18961249e-06
1.617894,1.97920586e+01,2.73772528e-01,2.45992212e-01,2.04491778e-02,3.39209927e-04,1.22567282e-04,8.76899520e-06,3.05517245e+00,1.22423916e-06
1.619535,1.97165132e+01,2.31759746e-01,2.06129077e-01,2.10172586e-02,2.62409308e-04,9.10162923e-06,3.11421043e-05,3.08111500e+00,1.47895103e-06
1.621176,1.96350802e+01,1.28793413e-01,1.42327158e-01,1.13451211e-02,-6.37266616e-05,-8.08481011e-05,-2.67944629e-05,3.09895644e+00,1.78067974e-06
1.622817,1.95477055e+01,2.34113697e-01,2.11028999e-01,1.42635732e-02,3.07773851e-04,1.27365457e-04,-2.40544310e-05,3.12545318e+00,1.82337174e-06
1.624457,1.94546077e+01,2.82684769e-01,2.38465687e-01,1.90831847e-02,4.85077047e-04,2.02574078e-04,1.03969963e-05,3.14970122e+00,1.92418520e-06
1.626098,1.93560051e+01,1.85482153e-01,1.79947442e-01,1.13343281e-02,1.01968252e-04,5.63846695e-05,-3.31229265e-05,3.17652122e+00,2.00975271e-06
1.627739,1.92519424e+01,7.22136893e-02,9.22000796e-02,8.24496923e-03,-1.37031217e-04,-1.76344082e-04,-2.53489864e-05,3.19544304e+00,2.34947222e-06
1.629380,1.91423082e+01,1.32627378e-02,5.60565166e-02,7.55241813e-03,-3.00063825e-04,-2.25323156e-04,-1.83243609e-05,3.21957095e+00,2.58355804e-06
1.631021,1.90271437e+01,6.01294132e-02,8.43443251e-02,1.03524184e-02,-1.05957509e-04,-1.30591813e-04,8.07610970e-07,3.24440324e+00,2.56667739e-06
1.632662,1.89067067e+01,1.99232909e-03,5.11364012e-02,7.96006661e-03,-2.51248721e-04,-1.65010214e-04,-2.55358853e-06,3.26491084e+00,2.75430184e-06
1.634303,1.87809990e+01,-1.55149158e-01,-4.93101193e-02,3.86077714e-03,-6.71564352e-04,-3.98944640e-04,7.11749691e-06,3.28388199e+00,3.13435684e-06
1.635944,1.86499154e+01,-6.17472872e-02,8.25536326e-03,7.76115879e-03,-2.68993038e-04,-1.77886961e-04,1.90967862e-05,3.30530419e+00,3.22575464e-06
1.637584,1.85137220e+01,-1.92301964e-01,-6.65697311e-02,2.25378299e-03,-6.20324892e-04,-3.16421833e-04,-6.74103771e-06,3.32529963e+00,3.32138061e-06
1.639225,1.83725249e+01,-1.23280754e-01,-3.12831937e-02,-1.27705708e-03,-2.88800717e-04,-2.03139272e-04,-5.51531203e-05,3.35232902e+00,3.57071298e-06
1.640866,1.82264325e+01,-2.19939679e-01,-7.90872302e-02,-1.82136283e-04,-4.71095843e-04,-2.06517900e-04,-1.01224664e-05,3.36597084e+00,3.74582593e-06
1.642507,1.80756515e+01,-1.51210786e-01,-3.97197025e-02,1.69808981e-03,-1.75447985e-04,-7.39969217e-05,-1.65083296e-06,3.38614127e+00,3.72440161e-06
1.644148,1.79205118e+01,-1.30391445e-01,-2.22133567e-02,4.53766893e-04,-3.54450661e-05,5.14371127e-05,-1.54222834e-05,3.40891284e+00,3.74964071e-06
1.645789,1.77612582e+01,-2.05299604e-01,-6.50646485e-02,-6.19504951e-03,-2.33715743e-04,-6.31582737e-05,-6.65451941e-05,3.42718877e+00,4.00850938e-06
1.647430,1.75979753e+01,-1.91673226e-01,-5.54729410e-02,7.07584431e-03,-1.60079039e-04,-2.43091183e-05,6.23951844e-05,3.44355707e+00,4.12313207e-06
1.649070,1.74308208e+01,-1.44002879e-01,-2.83950443e-02,3.00389404e-03,5.79897211e-05,8.37006243e-05,1.32181838e-05,3.46437574e+00,4.22992839e-06
1.650711,1.72600528e+01,-1.64130932e-01,-3.57270334e-02,-1.67603997e-03,1.33045177e-06,7.03981366e-05,-2.97859243e-05,3.48914777e+00,4.31412808e-06
1.652352,1.70859459e+01,-1.44624824e-01,-2.38448565e-02,4.07812418e-03,6.79107695e-05,1.02759736e-04,2.17732465e-05,3.50920290e+00,4.42724867e-06
1.653993,1.69087205e+01,-1.78062678e-01,-3.75056203e-02,6.82992873e-03,-5.35118449e-05,7.18655596e-05,5.20533271e-05,3.53207406e+00,4.62703116e-06
1.655634,1.67285158e+01,-1.96144576e-01,-4.49080095e-02,-3.02513682e-03,6.77422700e-05,1.42324312e-04,-4.17258289e-05,3.54327241e+00,4.64152120e-06
1.657275,1.65455416e+01,-3.13781246e-01,-1.00070447e-01,-1.76570198e-03,-1.57677731e-04,6.98466324e-05,-9.17972495e-06,3.55222756e+00,4.99967712e-06
1.658916,1.63597214e+01,-2.27885026e-01,-5.83018789e-02,9.86174894e-04,1.63390727e-04,1.67728442e-04,3.87785164e-06,3.57585533e+00,5.01090549e-06
1.660557,1.61714518e+01,-2.55776570e-01,-6.39878778e-02,-1.78128094e-03,5.52577954e-05,1.72733591e-04,-2.26567630e-05,3.59835645e+00,5.04031084e-06
1.662197,1.59810717e+01,-2.82334797e-01,-8.04281818e-02,1.14175998e-03,5.90380762e-06,8.39131585e-05,1.04205130e-05,3.62226529e+00,5.16677190e-06
1.663838,1.57887527e+01,-3.44097543e-01,-1.00559864e-01,-3.42145984e-03,-1.89497523e-04,6.57325564e-05,-3.15910271e-05,3.64498442e+00,5.24392642e-06
1.665479,1.55945999e+01,-4.23233302e-01,-1.32716605e-01,-1.65323324e-03,-3.62632995e-04,1.27152665e-06,-8.99859111e-06,3.66043342e+00,5.53315460e-06
1.667120,1.53985470e+01,-5.79609580e-01,-1.92816670e-01,-6.86823576e-03,-8.03586582e-04,-1.16384346e-04,-4.28454059e-05,3.68551360e+00,5.84003449e-06
1.668761,1.52004200e+01,-8.01784115e-01,-2.74812651e-01,-2.15164376e-04,-1.32677239e-03,-2.23436289e-04,4.18307599e-05,3.70356871e+00,6.25807937e-06
1.670402,1.49999360e+01,-8.16121330e-01,-2.70176748e-01,-3.32618402e-03,-1.11260302e-03,-1.09359679e-04,7.46518760e-06,3.71640726e+00,6.54353084e-06
1.672043,1.47971642e+01,-9.19848942e-01,-3.01861096e-01,-4.98367809e-03,-1.26915833e-03,-1.32674637e-04,-8.32578544e-06,3.73934012e+00,6.67229367e-06
1.673683,1.45923611e+01,-8.70065242e-01,-2.71685090e-01,-4.15633883e-03,-1.02145472e-03,-3.09304096e-05,-7.72862743e-06,3.76301210e+00,6.40251339e-06
1.675324,1.43859772e+01,-9.37343736e-01,-2.84233346e-01,-1.99750459e-03,-1.11384912e-03,-1.29636681e-05,1.49167984e-05,3.78956483e+00,6.55188195e-06
1.676965,1.41780761e+01,-9.79348930e-01,-2.86513277e-01,-3.08847614e-03,-1.11273808e-03,2.41330284e-05,-1.81645728e-08,3.81234863e+00,6.63623821e-06
1.678606,1.39688860e+01,-9.09139824e-01,-2.49736753e-01,-7.54877232e-04,-7.33046153e-04,1.56199622e-04,1.12075440e-05,3.82603299e+00,6.65333104e-06
1.680247,1.37587448e+01,-1.12792673e+00,-3.10113291e-01,-9.79296752e-04,-1.24184107e-03,7.13118242e-05,1.58376910e-05,3.84948705e+00,7.00349672e-06
1.681888,1.35475591e+01,-1.09392163e+00,-2.87382105e-01,-2.54578997e-04,-1.03476426e-03,1.12787315e-04,1.74083656e-05,3.87264260e+00,7.08405192e-06
1.683529,1.33356493e+01,-1.18177225e+00,-2.94694032e-01,-2.09753774e-04,-1.18808846e-03,1.62325645e-04,1.30454044e-05,3.89842576e+00,7.27925264e-06
1.685169,1.31232024e+01,-1.02680501e+00,-2.31489197e-01,2.07444745e-03,-6.94390856e-04,2.93689751e-04,1.98306014e-05,3.92550555e+00,6.94594194e-06
1.686810,1.29108092e+01,-9.60370757e-01,-1.96098134e-01,3.81271099e-03,-4.59593507e-04,3.73128383e-04,2.95544613e-05,3.94944513e+00,6.79293161e-06
1.688451,1.26990172e+01,-8.64330567e-01,-1.59285286e-01,5.11462876e-03,-1.47066138e-04,4.08643927e-04,3.09519071e-05,3.96947851e+00,6.90309913e-06
1.690092,1.24883572e+01,-8.46986293e-01,-1.44541560e-01,3.60580132e-03,-9.43751019e-05,4.01744422e-04,3.41913900e-06,3.99442262e+00,6.69659760e-06
1.691733,1.22794316e+01,-6.99702917e-01,-9.29643001e-02,7.19889849e-03,2.33640700e-04,4.73670211e-04,3.31867942e-05,4.01777378e+00,6.66141964e-06
1.693374,1.20726625e+01,-8.27748383e-01,-1.07059903e-01,6.94936934e-03,-4.95272341e-05,4.83681582e-04,2.28277723e-05,4.03526917e+00,6.76006137e-06
1.695015,1.18680108e+01,-1.16821604e+00,-1.64711052e-01,8.01563863e-03,-7.77280868e-04,4.40608420e-04,2.07115632e-05,4.05744599e+00,7.23058817e-06
1.696656,1.16648792e+01,-1.32750274e+00,-1.71747277e-01,9.70200181e-03,-1.08521939e-03,4.90533982e-04,3.09985833e-05,4.07176910e+00,7.44335268e-06
1.698296,1.14630336e+01,-1.03774463e+00,-1.04820707e-01,7.78989330e-03,-3.87882557e-04,4.81325872e-04,5.74366570e-06,4.09038252e+00,7.25895893e-06
1.699937,1.12633701e+01,-9.62671150e-01,-7.63547782e-02,9.10668643e-03,-1.82789952e-04,5.01398096e-04,1.27179601e-05,4.09953651e+00,6.73660849e-06
1.701578,1.10667393e+01,-9.26797947e-01,-5.05008229e-02,1.31713059e-02,-1.11498394e-04,5.47565653e-04,4.73544041e-05,4.11771956e+00,7.16960792e-06
1.703219,1.08730949e+01,-8.25409480e-01,-2.04087284e-02,1.24172420e-02,9.87580066e-05,5.53043187e-04,3.45622625e-05,4.12630764e+00,6.87005954e-06
1.704860,1.06829333e+01,-6.02963497e-01,1.22522085e-02,6.82196396e-03,5.59228739e-04,4.68151875e-04,-1.38911879e-05,4.14124573e+00,6.91176515e-06
1.706501,1.04968485e+01,-4.83288704e-01,3.38811722e-02,9.77977269e-03,7.55709240e-04,4.32957645e-04,1.85299343e-05,4.14017334e+00,6.55564926e-06
1.708142,1.03157903e+01,-5.25994435e-01,4.32931839e-02,9.72215046e-03,6.34047151e-04,4.56286099e-04,1.01953780e-05,4.14936027e+00,6.42683526e-06
1.709782,1.01400992e+01,-1.48052909e-01,6.45166361e-02,3.42098741e-03,1.28892201e-03,2.55214765e-04,-2.32262778e-05,4.16080394e+00,6.36006246e-06
1.711423,9.97045041e+00,1.19857110e-01,7.18138510e-02,1.19300679e-03,1.68851532e-03,9.80064511e-05,-2.45900861e-05,4.15875135e+00,6.24671119e-06
1.713064,9.80764732e+00,1.21043981e-01,6.50252327e-02,-3.26588340e-04,1.62646267e-03,1.71699705e-05,-3.78312363e-05,4.16703500e+00,6.18366390e-06
1.714705,9.65187439e+00,1.52284263e-01,6.44325440e-02,1.53338414e-03,1.62030742e-03,-9.25804651e-06,-1.59275680e-05,4.14252120e+00,6.07603369e-06
1.716346,9.50321440e+00,-2.18099744e-02,7.14982642e-02,2.57883930e-03,1.28329271e-03,7.75026963e-05,-2.66073255e-05,4.14688873e+00,6.16173135e-06
1.717987,9.36122305e+00,-4.42031445e-01,1.07390037e-01,7.14204969e-03,5.77066591e-04,3.82553058e-04,-2.76536540e-05,4.14731810e+00,6.67117212e-06
1.719628,9.22500290e+00,-6.42844660e-01,1.37490265e-01,1.36048529e-02,2.78773296e-04,5.19338808e-04,8.47079644e-06,4.11025087e+00,6.79405550e-06
1.721269,9.09411077e+00,-7.41683445e-01,1.65704403e-01,1.44198323e-02,1.20157556e-04,6.01473350e-04,-3.48507331e-06,4.09947805e+00,6.90300427e-06
1.722909,8.96817527e+00,-7.96702119e-01,1.88871439e-01,1.56826628e-02,5.92591302e-05,6.16893673e-04,-3.58277834e-06,4.08232879e+00,7.25054766e-06
1.724550,8.84703307e+00,-3.58229442e-01,1.36273347e-01,8.69455074e-03,6.62913890e-04,2.61551903e-04,-1.09650086e-05,4.06670436e+00,6.52322744e-06
1.726191,8.73170779e+00,-3.70834891e-01,1.48417271e-01,9.47137379e-03,6.18761075e-04,2.69004216e-04,-6.56753388e-06,4.02425714e+00,5.87637542e-06
1.727832,8.62258336e+00,-5.75263464e-01,2.00754777e-01,1.33195137e-02,3.32345477e-04,4.29131864e-04,-6.53744348e-06,4.01200300e+00,6.77082708e-06
1.729473,8.51900027e+00,-6.06951348e-01,2.26940611e-01,1.58079946e-02,3.24293626e-04,4.83478463e-04,6.29275354e-06,3.96815609e+00,6.62804589e-06
1.731114,8.42080416e+00,-6.68375543e-01,2.59939769e-01,1.82219470e-02,2.40324240e-04,5.42308430e-04,1.22600101e-05,3.93950554e+00,7.06058992e-06
1.732755,8.32761919e+00,-7.50370400e-01,3.04245084e-01,2.21924273e-02,1.24571094e-04,6.44542783e-04,2.57082362e-05,3.90612077e+00,7.20408124e-06
1.734395,8.23938129e+00,-5.43705356e-01,2.56702510e-01,1.69349824e-02,3.64407404e-04,4.12516533e-04,7.96970108e-06,3.88239252e+00,6.76429818e-06
1.736036,8.15659876e+00,-3.12080769e-01,1.89278916e-01,1.11960884e-02,6.07862491e-04,1.46252348e-04,-3.67478798e-06,3.85170454e+00,5.47767847e-06
1.737677,8.07963504e+00,-8.38937353e-01,4.09142548e-01,2.55311824e-02,-4.30285154e-06,8.33259430e-04,2.11391737e-05,3.81686597e+00,7.13324649e-06
1.739318,8.00719192e+00,-6.01149205e-01,3.33521966e-01,1.80317589e-02,2.59055636e-04,5.25344934e-04,-4.71884688e-06,3.78939017e+00,6.99434652e-06
1.740959,7.93939248e+00,-5.17163017e-01,3.13083636e-01,1.51844567e-02,3.42717544e-04,4.02786131e-04,-1.43086396e-05,3.74658786e+00,6.17900894e-06
1.742600,7.87641694e+00,-4.97429782e-01,3.20385839e-01,1.60405183e-02,3.63866699e-04,3.73009455e-04,-5.26348830e-06,3.69994207e+00,6.32940428e-06
1.744241,7.81800489e+00,-6.07862951e-01,3.95347334e-01,1.97157668e-02,2.30811801e-04,5.46528164e-04,3.74155296e-06,3.67672288e+00,6.11475501e-06
1.745882,7.76393764e+00,-7.47452688e-01,4.95885549e-01,2.46463002e-02,8.12940580e-05,7.85123094e-04,1.16585430e-05,3.64017582e+00,6.43794025e-06
1.747522,7.71383666e+00,-6.83925989e-01,4.84755221e-01,2.27918247e-02,1.30635542e-04,7.03918666e-04,6.70987837e-06,3.61163702e+00,5.82599304e-06
1.749163,7.66762575e+00,-5.53926565e-01,4.26514906e-01,1.88109005e-02,2.50430857e-04,4.94083853e-04,-4.36281873e-06,3.58779310e+00,6.22113367e-06
1.750804,7.62495681e+00,-3.82541831e-01,3.34781272e-01,1.48109879e-02,4.07915220e-04,2.32019817e-04,8.15402447e-07,3.56031125e+00,5.90612934e-06
1.752445,7.58569480e+00,-7.58834953e-01,6.14702872e-01,2.92928655e-02,5.75113839e-05,8.79626246e-04,3.27350482e-05,3.52587999e+00,6.73863508e-06
1.754086,7.54891382e+00,-1.06685632e+00,8.71180755e-01,3.74985580e-02,-2.19448182e-04,1.41506156e-03,1.75690094e-05,3.48920371e+00,7.39703906e-06
1.755727,7.51385219e+00,-8.71163153e-01,7.63613735e-01,3.20947538e-02,-3.35184542e-05,1.10774856e-03,1.35622595e-05,3.45496647e+00,6.39459403e-06
1.757368,7.48082958e+00,-5.33106638e-01,5.20210081e-01,2.16892666e-02,2.55515032e-04,4.90666732e-04,8.43695957e-06,3.43421501e+00,5.14981722e-06
1.759008,7.45032230e+00,-9.90100440e-01,9.38978947e-01,4.00030223e-02,-1.44175133e-04,1.38778342e-03,3.88497700e-05,3.41363427e+00,6.19125861e-06
1.760649,7.42137803e+00,-8.43853480e-01,8.52346734e-01,3.31269027e-02,2.24210398e-05,1.12379197e-03,9.28632768e-06,3.38913123e+00,6.37657166e-06
1.762290,7.39371622e+00,-9.85762191e-01,1.03115545e+00,3.82751550e-02,-7.16974806e-05,1.46554697e-03,5.52601425e-06,3.36201595e+00,6.58066225e-06
1.763931,7.36688936e+00,-1.29848557e+00,1.39015795e+00,5.26256931e-02,-3.09407360e-04,2.12989903e-03,3.56034524e-05,3.31904526e+00,6.65275016e-06
1.765572,7.34021664e+00,-1.03182737e+00,1.17472592e+00,4.28442439e-02,-6.63579707e-05,1.58773096e-03,2.26405661e-05,3.29429793e+00,5.39661609e-06
1.767213,7.31403880e+00,-8.26892390e-01,1.00444908e+00,3.54113589e-02,1.25196532e-04,1.16676394e-03,1.03735647e-05,3.26746256e+00,5.11319637e-06
1.768854,7.28860385e+00,-6.24413154e-01,8.17240311e-01,2.81849840e-02,3.07214697e-04,7.27351936e-04,3.87213830e-06,3.26910711e+00,4.38923078e-06
1.770495,7.26427128e+00,-4.10329443e-01,5.90202425e-01,1.61093093e-02,4.61793524e-04,2.02404031e-04,-4.04120996e-05,3.22799081e+00,3.28652969e-06
1.772135,7.24135496e+00,-6.86642915e-01,9.66858429e-01,3.11270598e-02,2.37531675e-04,9.31337475e-04,1.52100731e-06,3.22636751e+00,3.71913601e-06
1.773776,7.21921398e+00,-6.63402987e-01,9.84115571e-01,2.99236114e-02,2.72996349e-04,9.34474504e-04,-6.81006536e-06,3.21281336e+00,3.60524238e-06
1.775417,7.19750159e+00,-7.35956775e-01,1.12887083e+00,3.46013784e-02,2.12109396e-04,1.16808395e-03,5.03124870e-06,3.20957631e+00,3.37267704e-06
1.777058,7.17598198e+00,-4.07029103e-01,6.98110867e-01,2.29000489e-02,4.80593317e-04,2.39597348e-04,9.99577980e-06,3.20973825e+00,2.64774927e-06
1.778699,7.15492587e+00,-6.08671121e-01,1.03694843e+00,2.90521695e-02,3.04984144e-04,8.85220685e-04,-1.49395025e-05,3.21108813e+00,2.43361364e-06
1.780340,7.13397121e+00,-4.36632388e-01,8.07421851e-01,2.27383750e-02,4.45739508e-04,3.68114655e-04,-9.82755580e-06,3.20319779e+00,2.26775652e-06
1.781981,7.11300026e+00,-3.34264715e-01,6.70178920e-01,1.79685224e-02,5.13169679e-04,5.96586086e-05,-1.89103384e-05,3.21094015e+00,1.59438329e-06
1.783621,7.09217494e+00,-2.31136270e-01,5.14700107e-01,1.47889602e-02,5.63814206e-04,-2.75187177e-04,-8.57706246e-06,3.21061231e+00,8.94886305e-07
1.785262,7.07154467e+00,-2.10448756e-01,5.01741217e-01,1.40996865e-02,5.60943459e-04,-2.97027759e-04,-9.07365808e-06,3.21914059e+00,7.26781275e-07
1.786903,7.05084192e+00,-5.20201012e-01,1.13175136e+00,2.81645192e-02,3.18725002e-04,9.49980281e-04,-1.04035279e-05,3.22963129e+00,1.43325062e-06
1.788544,7.02925818e+00,-4.85257553e-01,1.11439971e+00,3.05088547e-02,3.62702987e-04,8.33644528e-04,2.33046545e-05,3.24347358e+00,1.55831712e-06
1.790185,7.00649758e+00,-3.57658736e-01,8.91328971e-01,1.90725117e-02,4.59741596e-04,3.06125775e-04,-3.63746283e-05,3.25128224e+00,7.26360734e-07
1.791826,6.98273633e+00,-2.41400795e-01,6.65302395e-01,1.58976711e-02,5.36156403e-04,-2.28655688e-04,-1.28239463e-05,3.26081249e+00,5.03785383e-07
1.793467,6.95799041e+00,-2.44823899e-01,7.14027926e-01,1.47195671e-02,5.40924871e-04,-1.27558632e-04,-3.20906518e-05,3.27896563e+00,5.37155772e-07
1.795108,6.93208958e+00,-2.28423957e-01,7.03333979e-01,1.32046149e-02,5.12015387e-04,-1.61251885e-04,-3.76316661e-05,3.29219744e+00,6.00566784e-07
1.796748,6.90489615e+00,-2.46623480e-01,7.94874911e-01,1.56551843e-02,4.93430795e-04,3.17614233e-05,-2.66044839e-05,3.30713951e+00,6.97096823e-07
1.798389,6.87613471e+00,-1.72669829e-01,6.28773729e-01,1.44251779e-02,5.42884681e-04,-3.72417133e-04,-2.72523684e-06,3.33201114e+00,7.83674794e-07
1.800030,6.84571443e+00,-1.45952277e-01,5.85352075e-01,1.18445297e-02,5.47685293e-04,-4.73142780e-04,-1.90642035e-05,3.34590146e+00,1.01607869e-06
1.801671,6.81362946e+00,-1.20689775e-01,5.32441667e-01,9.37568955e-03,5.30021454e-04,-6.07419356e-04,-3.15793368e-05,3.36171730e+00,1.11094722e-06
1.803312,6.77968020e+00,-1.66757613e-01,7.17450607e-01,1.19716672e-02,4.52867908e-04,-1.49516502e-04,-3.12226240e-05,3.39001881e+00,1.20619445e-06
1.804953,6.74362918e+00,-1.63915121e-01,7.49086255e-01,1.40555343e-02,4.29291424e-04,-7.46645523e-05,-1.11794291e-05,3.41410491e+00,1.33494920e-06
1.806594,6.70533721e+00,-1.17214373e-01,6.33287631e-01,9.35020399e-03,4.87059041e-04,-3.76376490e-04,-3.64756151e-05,3.43191268e+00,1.48956856e-06
1.808234,6.66475358e+00,-9.73512711e-02,5.92503542e-01,1.00651857e-02,4.72179900e-04,-4.73801693e-04,-1.86546990e-05,3.45569633e+00,1.62212919e-06
1.809875,6.62180720e+00,-1.04837427e-01,6.79093613e-01,1.29753576e-02,4.56007380e-04,-2.37728045e-04,1.43914993e-06,3.47981800e+00,1.80892538e-06
1.811516,6.57633151e+00,-7.04221490e-02,5.56628180e-01,8.75820495e-03,4.60079666e-04,-6.22988356e-04,-1.89092838e-05,3.50090420e+00,1.94308252e-06
1.813157,6.52836464e+00,-6.04997923e-02,5.65975401e-01,7.99155113e-03,4.61799388e-04,-5.62680759e-04,-2.61539002e-05,3.52211331e+00,2.07906611e-06
1.814798,6.47794184e+00,-5.87543679e-02,6.13930513e-01,6.84371282e-03,4.42926171e-04,-3.95361110e-04,-3.70694020e-05,3.54190340e+00,2.29008147e-06
1.816439,6.42496799e+00,-4.51442123e-02,5.81063845e-01,7.72484607e-03,4.22619909e-04,-5.05358602e-04,-2.13126139e-05,3.56280884e+00,2.49303166e-06
1.818080,6.36942289e+00,-4.76942086e-02,6.88152010e-01,1.10984640e-02,4.19914413e-04,-1.24084030e-04,3.08985933e-06,3.58305366e+00,2.78158207e-06
1.819721,6.31121582e+00,-5.02665409e-02,8.47911726e-01,1.17201729e-02,4.51668453e-04,4.41899316e-04,-3.43762184e-06,3.60027665e+00,3.00845815e-06
1.821361,6.25013174e+00,-4.32225168e-02,9.58891437e-01,1.27772481e-02,5.03721290e-04,7.13501792e-04,9.02226402e-08,3.61532021e+00,3.59756536e-06
1.823002,6.18588778e+00,-3.33056009e-02,1.04148748e+00,1.20086071e-02,5.39021264e-04,8.33978545e-04,-1.43776237e-05,3.62098058e+00,3.83248024e-06
1.824643,6.11841126e+00,-1.74871407e-02,1.16084159e+00,1.47770619e-02,6.29436200e-04,1.11726229e-03,4.49604674e-06,3.63218820e+00,4.41281766e-06
1.826284,6.04750106e+00,7.24998220e-03,1.13946712e+00,1.42207937e-02,6.88870332e-04,8.63670754e-04,1.84346572e-06,3.64872662e+00,4.59363952e-06
1.827925,5.97337183e+00,2.65099377e-02,1.23883756e+00,1.30091320e-02,7.46678504e-04,1.14698401e-03,-1.36190692e-05,3.66878531e+00,4.98180011e-06
1.829566,5.89603942e+00,4.97908072e-02,1.10758015e+00,1.23163638e-02,7.27661515e-04,4.45616424e-04,-8.43653994e-06,3.68983226e+00,5.07597355e-06
1.831207,5.81602022e+00,7.07150933e-02,1.08518275e+00,1.16805344e-02,7.34364602e-04,2.74349594e-04,-1.01001467e-05,3.70945188e+00,5.16441583e-06
1.832847,5.73368775e+00,9.59161243e-02,1.08287505e+00,9.60933651e-03,7.84015815e-04,1.21152626e-04,-2.72798472e-05,3.71553665e+00,5.74948599e-06
1.834488,5.64914829e+00,1.18918579e-01,1.06399267e+00,1.06160408e-02,8.03619362e-04,-4.39816335e-06,-8.79533905e-06,3.73631411e+00,5.83717658e-06
1.836129,5.56278725e+00,1.51814006e-01,1.15170622e+00,1.18476857e-02,8.88235139e-04,2.77511541e-04,1.54807874e-06,3.75783112e+00,6.29472697e-06
1.837770,5.47440550e+00,1.93134068e-01,1.26182665e+00,1.24389046e-02,1.05931895e-03,5.68175846e-04,3.68435923e-06,3.77674609e+00,7.05254314e-06
1.839411,5.38366462e+00,2.58203579e-01,1.50712157e+00,1.34295863e-02,1.35125271e-03,1.23767722e-03,-1.75904058e-08,3.78680391e+00,8.09822512e-06
1.841052,5.29002921e+00,2.91709865e-01,1.47249649e+00,1.10831050e-02,1.37653684e-03,9.35607869e-04,-1.46215685e-05,3.80913570e+00,8.62141801e-06
1.842693,5.19380991e+00,3.39714846e-01,1.52379842e+00,1.15823286e-02,1.48859114e-03,9.65342628e-04,-9.79247583e-06,3.81282400e+00,8.34428331e-06
1.844334,5.09547384e+00,3.90220889e-01,1.56074157e+00,1.17972774e-02,1.59705334e-03,9.18133649e-04,-5.19812765e-06,3.83848405e+00,9.28728675e-06
1.845974,4.99472344e+00,4.80529194e-01,1.74154018e+00,1.16162036e-02,1.90679928e-03,1.22048173e-03,-1.40599873e-05,3.86586781e+00,1.06388246e-05
1.847615,4.89104054e+00,5.17338651e-01,1.68606704e+00,1.10012986e-02,1.90416272e-03,9.63513441e-04,-1.23014555e-05,3.89247970e+00,1.06666933e-05
1.849256,4.78494867e+00,6.26571659e-01,1.86950447e+00,8.65356000e-03,2.24605337e-03,1.19603436e-03,-3.90261860e-05,3.90914083e+00,1.06223654e-05
1.850897,4.67651984e+00,7.45050275e-01,2.02418251e+00,9.35438927e-03,2.58385363e-03,1.24410297e-03,-3.21799212e-05,3.90068874e+00,1.20481888e-05
1.852538,4.56539343e+00,7.02024398e-01,1.72035425e+00,7.58611257e-03,2.21579030e-03,6.63298585e-04,-2.28578644e-05,3.92143638e+00,1.15515789e-05
1.854179,4.45263342e+00,7.70111488e-01,1.72841369e+00,6.25889374e-03,2.33591906e-03,5.96607598e-04,-2.81811912e-05,3.93856685e+00,1.12270061e-05
1.855820,4.33886348e+00,8.47205725e-01,1.74139094e+00,6.20580858e-03,2.49155193e-03,5.41577137e-04,-1.95949810e-05,3.93595823e+00,1.10326477e-05
1.857460,4.22450761e+00,8.57024359e-01,1.60735796e+00,2.99539374e-03,2.40043238e-03,3.45878654e-04,-3.77310374e-05,3.92416733e+00,1.01061742e-05
1.859101,4.11018853e+00,8.73757648e-01,1.49659347e+00,2.38232009e-03,2.33599971e-03,1.82170448e-04,-3.07509049e-05,3.89179774e+00,1.11808569e-05
1.860742,3.99622541e+00,9.34170782e-01,1.46678004e+00,2.09117886e-03,2.44339021e-03,1.20216213e-04,-2.46561799e-05,3.85140844e+00,9.80093341e-06
1.862383,3.88321977e+00,1.21281216e+00,1.76987781e+00,-1.18227692e-04,3.21245942e-03,2.70732438e-04,-4.50172931e-05,3.78037790e+00,1.20367488e-05
1.864024,3.76964129e+00,1.35585983e+00,1.81437430e+00,-2.50284288e-03,3.55777855e-03,2.40608537e-04,-5.75468206e-05,3.64348459e+00,1.33074531e-05
1.865665,3.65502389e+00,9.92170718e-01,1.19194621e+00,-2.10667186e-03,2.36208839e-03,-9.55709851e-05,-3.04266486e-05,3.46586570e+00,1.11204161e-05
1.867306,3.54163658e+00,1.48974939e+00,1.66513086e+00,-5.46296415e-03,3.75861667e-03,2.22456025e-05,-5.76678879e-05,3.30175003e+00,1.21080605e-05
1.868946,3.42901580e+00,1.15215381e+00,1.14925793e+00,-5.47353140e-03,2.76812933e-03,-1.52555212e-04,-4.36841584e-05,3.01499618e+00,9.60817896e-06
1.870587,3.31843288e+00,1.14960762e+00,1.03417079e+00,-7.13150926e-03,2.73962336e-03,-2.10051028e-04,-4.94571688e-05,2.75367338e+00,9.68741900e-06
1.872228,3.21069401e+00,1.08543320e+00,8.73892886e-01,-8.57463167e-03,2.56183327e-03,-2.40993858e-04,-5.51291342e-05,2.43621431e+00,7.47624205e-06
1.873869,3.10700148e+00,8.61312017e-01,5.99584235e-01,-7.58409695e-03,1.97621138e-03,-2.78859243e-04,-4.21752708e-05,2.16079682e+00,6.86039350e-06
1.875510,3.00873784e+00,7.40458713e-01,4.42839842e-01,-7.06309103e-03,1.69973623e-03,-2.65994594e-04,-3.42290475e-05,1.86609315e+00,3.90799667e-06
1.877151,2.91807692e+00,4.68955242e-01,2.18974597e-01,-4.58282611e-03,9.69765946e-04,-2.14897214e-04,-1.62626360e-05,1.63173173e+00,3.05280916e-06
1.878792,2.83626844e+00,1.35602790e-01,5.83798003e-03,-1.86798265e-03,8.93996673e-05,-9.85614402e-05,-1.91706241e-06,1.43476505e+00,3.09795468e-06
1.880433,2.76504107e+00,-4.89483471e-02,-8.55970062e-02,-1.85360344e-04,-4.02845536e-04,-1.99838953e-06,5.13508941e-06,1.26579755e+00,4.43525111e-06
1.882073,2.70528432e+00,-1.26063898e-01,-1.09435152e-01,8.49180931e-04,-6.07095589e-04,4.83539095e-05,1.04959982e-05,1.16606985e+00,3.65719088e-06
1.883714,2.65634040e+00,-2.58726676e-01,-1.39183724e-01,2.76466970e-03,-9.58372345e-04,1.76138357e-04,1.93714347e-05,1.08128114e+00,3.76751663e-06
1.885355,2.61767181e+00,-3.23970574e-01,-1.35074505e-01,3.33086444e-03,-1.11294889e-03,2.76876616e-04,1.73697219e-05,1.01366055e+00,4.24557338e-06
1.886996,2.58857540e+00,-4.60371923e-01,-1.36196556e-01,5.99758518e-03,-1.43406567e-03,4.67415177e-04,2.98767501e-05,9.79630491e-01,3.87368291e-06
1.888637,2.56803891e+00,-4.54747876e-01,-1.05953719e-01,6.33742612e-03,-1.35800999e-03,5.16643949e-04,2.87445741e-05,9.44945633e-01,4.17688048e-06
1.890278,2.55481744e+00,-3.53657360e-01,-7.10953375e-02,5.39669059e-03,-1.05036727e-03,4.46951183e-04,2.67308698e-05,9.43086273e-01,3.02885275e-06
1.891919,2.54734374e+00,-2.54920945e-01,-4.95064500e-02,3.41161170e-03,-7.63052998e-04,3.53299855e-04,1.43890420e-05,9.38912363e-01,2.78647999e-06
1.893559,2.54443155e+00,-3.80300739e-01,-2.68679213e-02,6.99484951e-03,-1.00413918e-03,5.78690742e-04,3.27238865e-05,9.33166372e-01,2.88291068e-06
1.895200,2.54510343e+00,-2.22453345e-01,-2.22934845e-02,3.29844730e-03,-5.75426797e-04,3.63004236e-04,1.24098989e-05,9.40466738e-01,2.63115935e-06
1.896841,2.54836579e+00,-5.35799023e-02,-3.64907964e-02,-9.49385876e-04,-1.72013619e-04,1.04913504e-04,-6.64889384e-06,9.52222624e-01,2.34342443e-06
1.898482,2.55331458e+00,9.30723222e-02,-6.48726237e-02,-3.34108894e-03,1.44696398e-04,-1.54751817e-04,-7.70066893e-06,9.63429595e-01,2.26083106e-06
1.900123,2.55922670e+00,1.10589683e-01,-7.51225168e-02,-3.77131648e-03,1.47508824e-04,-1.94886731e-04,-6.21772979e-06,9.80486504e-01,2.42318056e-06
1.901764,2.56548799e+00,1.77357972e-01,-1.02259043e-01,-5.77802342e-03,2.52908652e-04,-3.34080080e-04,-1.05862343e-05,9.95267262e-01,2.53314903e-06
1.903405,2.57162148e+00,1.58170516e-01,-1.04890041e-01,-5.91556222e-03,1.80570839e-04,-3.05960642e-04,-1.16086449e-05,1.01008235e+00,2.67830010e-06
1.905046,2.57731553e+00,8.40745676e-02,-8.21434991e-02,-4.56761103e-03,1.32285420e-05,-1.50998028e-04,-9.30770105e-06,1.02950785e+00,2.98708146e-06
1.906686,2.58241437e+00,-6.51999330e-02,-1.39578014e-02,9.70987952e-04,-2.74638406e-04,2.10869012e-04,1.36389037e-05,1.04932417e+00,3.26847793e-06
1.908327,2.58702833e+00,2.69036104e-03,-4.87505393e-02,-1.87194253e-03,-1.24522336e-04,2.17918203e-05,2.80993341e-07,1.07255545e+00,3.51842959e-06
1.909968,2.59114648e+00,2.93131182e-02,-6.72399569e-02,-3.30157905e-03,-9.09060318e-05,-5.02587893e-05,-6.25932348e-06,1.09738872e+00,4.67420996e-06
1.911609,2.59453182e+00,1.16767998e-02,-5.92245946e-02,-2.06815946e-03,-1.24537746e-04,-8.62717939e-06,2.85065719e-06,1.12106921e+00,5.00810500e-06
1.913250,2.59739411e+00,-8.43602102e-02,1.06452363e-02,1.72331647e-03,-2.70196708e-04,2.93977720e-04,1.32617459e-05,1.14727748e+00,5.68032281e-06
1.914891,2.60028717e+00,-1.89875533e-01,1.04319025e-01,6.86694022e-03,-3.69424481e-04,6.44360940e-04,2.79776607e-05,1.17284233e+00,5.56433600e-06
1.916532,2.60397239e+00,7.00090055e-02,-1.26707522e-01,-5.37013478e-03,-4.27225971e-05,-2.90707968e-04,-9.77458435e-06,1.19983920e+00,6.72019622e-06
1.918172,2.60771002e+00,1.49107920e-01,-2.18453836e-01,-8.90025913e-03,-4.15341791e-06,-5.79984222e-04,-1.24378264e-05,1.22904480e+00,8.88141003e-06
1.919813,2.61098530e+00,-8.24965982e-03,-5.87159025e-02,-1.80541569e-03,-1.37970696e-04,1.21929424e-05,1.66454503e-06,1.25737208e+00,7.70512309e-06
1.921454,2.61499388e+00,-1.44900202e-02,-5.48153274e-02,-1.37366262e-03,-1.44878292e-04,4.25294114e-05,4.39589336e-06,1.28650832e+00,9.04844613e-06
1.923095,2.62000481e+00,1.38088702e-01,-2.77638902e-01,-1.07766367e-02,-1.51590236e-04,-6.82076544e-04,-1.47607183e-05,1.31442326e+00,9.20236280e-06
1.924736,2.62571334e+00,1.44655520e-01,-3.18268550e-01,-1.15966977e-02,-2.09548754e-04,-7.48558659e-04,-1.05362046e-05,1.34493612e+00,1.04633903e-05
1.926377,2.63156923e+00,1.65165409e-01,-3.97296233e-01,-1.48503570e-02,-3.14210753e-04,-9.17772333e-04,-2.00252831e-05,1.37375237e+00,1.16859727e-05
1.928018,2.63718143e+00,2.02306317e-01,-5.25586866e-01,-1.82649531e-02,-4.47175588e-04,-1.20946824e-03,-1.48381422e-05,1.40134399e+00,1.20341387e-05
1.929659,2.64273846e+00,1.23329931e-01,-4.17608778e-01,-1.43055624e-02,-4.36191356e-04,-8.48423825e-04,-1.32478829e-05,1.42617614e+00,1.19997978e-05
1.931299,2.64910357e+00,5.52217818e-02,-2.97050998e-01,-9.34417709e-03,-3.62293440e-04,-5.13815214e-04,-3.61575245e-06,1.45000312e+00,1.01498800e-05
1.932940,2.65758131e+00,4.34888192e-02,-3.16165675e-01,-9.81102021e-03,-4.10933332e-04,-5.34581662e-04,-4.50514578e-06,1.47030526e+00,9.84773957e-06
1.934581,2.66833303e+00,-8.51990317e-03,-1.76014384e-01,-3.68653536e-03,-2.77322723e-04,-1.57679181e-04,1.15147951e-05,1.48898339e+00,1.15115159e-05
1.936222,2.68149779e+00,-1.46858175e-02,-1.89552121e-01,-5.10601506e-03,-2.92846651e-04,-1.91346853e-04,3.72210219e-09,1.50240563e+00,1.00393771e-05
1.937863,2.69770811e+00,2.35539412e-02,-5.79177870e-01,-1.60754312e-02,-8.56606052e-04,-9.76339631e-04,-3.02550626e-06,1.51397873e+00,1.13001953e-05
1.939504,2.71576822e+00,3.23537269e-04,-6.96392487e-01,-1.74988116e-02,-1.07468727e-03,-1.16594255e-03,1.06076371e-05,1.52051904e+00,1.03046970e-05
1.941145,2.73514122e+00,-3.55471301e-02,-8.16010699e-01,-2.04232975e-02,-1.31416760e-03,-1.30012879e-03,5.89679481e-06,1.52098884e+00,1.23635094e-05
1.942785,2.75473765e+00,-7.20206455e-02,-6.31666850e-01,-1.47605769e-02,-1.05604829e-03,-8.95005971e-04,8.15751019e-06,1.52018610e+00,1.09306668e-05
1.944426,2.77524967e+00,-1.05388081e-01,-6.34584131e-01,-1.38009422e-02,-1.09588057e-03,-8.58683739e-04,1.26001476e-05,1.51884736e+00,8.95553716e-06
1.946067,2.79720538e+00,-1.22148876e-01,-5.10553022e-01,-1.00094323e-02,-9.14102234e-04,-5.85418386e-04,1.52558695e-05,1.51191577e+00,9.18323684e-06
1.947708,2.82099904e+00,-1.51817657e-01,-5.18302007e-01,-1.02298802e-02,-9.68837110e-04,-5.80829694e-04,1.07590972e-05,1.50575203e+00,6.59281000e-06
1.949349,2.84713291e+00,-2.15331670e-01,-6.62483448e-01,-1.25971881e-02,-1.27485805e-03,-7.42120184e-04,1.32882210e-05,1.49843577e+00,7.31569986e-06
1.950990,2.87477966e+00,-2.44676363e-01,-6.40157680e-01,-1.22220420e-02,-1.26405156e-03,-6.51360796e-04,6.44439147e-06,1.49379997e+00,6.69569216e-06
1.952631,2.90371908e+00,-3.78422195e-01,-9.12266966e-01,-1.57981158e-02,-1.87758809e-03,-9.44899152e-04,1.87949775e-05,1.49007097e+00,7.51613487e-06
1.954272,2.93331241e+00,-3.94042724e-01,-8.27696349e-01,-1.21327667e-02,-1.73147557e-03,-7.51700963e-04,2.96988835e-05,1.48298126e+00,6.52068875e-06
1.955912,2.96383627e+00,-3.46412133e-01,-6.25865436e-01,-7.84386842e-03,-1.31730140e-03,-4.46136817e-04,2.75077610e-05,1.47848082e+00,4.56430427e-06
1.957553,2.99573221e+00,-4.21078824e-01,-6.94130053e-01,-9.24010317e-03,-1.51977766e-03,-4.57519088e-04,1.89164794e-05,1.48052042e+00,4.55693813e-06
1.959194,3.02862015e+00,-5.36446761e-01,-8.18915979e-01,-9.87900884e-03,-1.84705971e-03,-5.13137863e-04,2.54076193e-05,1.48792937e+00,5.15388048e-06
1.960835,3.06208410e+00,-5.09450469e-01,-6.97198891e-01,-7.11652775e-03,-1.59456540e-03,-3.26155694e-04,2.75129160e-05,1.49190440e+00,3.40507507e-06
1.962476,3.09636830e+00,-4.77904236e-01,-5.90280275e-01,-4.93503997e-03,-1.34369963e-03,-1.61885907e-04,2.65902355e-05,1.50381281e+00,3.16790002e-06
1.964117,3.13125880e+00,-5.36344346e-01,-6.11430506e-01,-3.82558804e-03,-1.43436843e-03,-1.13122655e-04,3.32298446e-05,1.51440600e+00,3.08519003e-06
1.965758,3.16628945e+00,-8.21344587e-01,-8.92262091e-01,-5.28161125e-03,-2.25532923e-03,-2.48434128e-04,4.40098185e-05,1.53246668e+00,3.29837346e-06
1.967398,3.20090515e+00,-6.85378275e-01,-6.74063083e-01,-2.96186651e-03,-1.65258149e-03,7.01326298e-06,3.42252367e-05,1.54997777e+00,2.49172741e-06
1.969039,3.23512794e+00,-8.44872329e-01,-7.80600363e-01,-2.46428327e-03,-1.99545268e-03,1.92359222e-05,3.99159966e-05,1.56730812e+00,2.60846697e-06
1.970680,3.26860936e+00,-9.98748583e-01,-8.59411038e-01,-1.18823095e-03,-2.29719253e-03,8.58990836e-05,4.78072985e-05,1.58803020e+00,2.45532951e-06
1.972321,3.30109457e+00,-8.87169053e-01,-6.97918609e-01,3.83370109e-04,-1.80785840e-03,2.72635543e-04,4.10012466e-05,1.61148748e+00,2.07330063e-06
1.973962,3.33257670e+00,-7.34036735e-01,-5.24753114e-01,2.38586454e-03,-1.23556065e-03,4.12961901e-04,4.24647512e-05,1.63621144e+00,1.58102011e-06
1.975603,3.36314143e+00,-4.52193088e-01,-2.78789965e-01,2.31766520e-03,-3.58484138e-04,5.34995974e-04,2.51800081e-05,1.66080738e+00,1.22602730e-06
1.977244,3.39292407e+00,-6.53359264e-01,-3.91917734e-01,3.14343734e-03,-8.32168093e-04,5.17195904e-04,3.01245278e-05,1.68652993e+00,9.86162231e-07
1.978885,3.42183101e+00,-6.19384711e-01,-3.38436767e-01,3.95873685e-03,-6.72232874e-04,5.50109467e-04,2.92998014e-05,1.71458433e+00,8.20302521e-07
1.980525,3.44971970e+00,-5.64406037e-01,-2.77377172e-01,4.71729090e-03,-4.54917450e-04,5.85926870e-04,3.06064658e-05,1.74370285e+00,9.69353892e-07
1.982166,3.47637265e+00,-9.27501158e-01,-4.46594773e-01,7.79494999e-03,-1.27550158e-03,6.37664054e-04,4.60375708e-05,1.77107804e+00,1.21995195e-06
1.983807,3.50144010e+00,-1.02210559e+00,-4.54058549e-01,7.47125496e-03,-1.38453224e-03,7.12839173e-04,2.98272207e-05,1.80164692e+00,1.34991675e-06
1.985448,3.52470968e+00,-9.30756941e-01,-3.71403498e-01,9.38811258e-03,-1.03458768e-03,7.62259056e-04,4.22143071e-05,1.83067199e+00,1.11763309e-06
1.987089,3.54621442e+00,-1.07049881e+00,-3.92819443e-01,1.11059585e-02,-1.26991488e-03,8.33159759e-04,4.32242088e-05,1.86196229e+00,1.02313363e-06
1.988730,3.56589337e+00,-8.62380404e-01,-2.75098033e-01,9.23203442e-03,-6.44827129e-04,8.26608009e-04,2.60131154e-05,1.89116670e+00,8.98318588e-07
1.990371,3.58378871e+00,-1.00096717e+00,-2.89377512e-01,1.22967729e-02,-8.82008548e-04,9.06598815e-04,4.04704588e-05,1.92001182e+00,9.49343716e-07
1.992011,3.59987503e+00,-1.05363237e+00,-2.70610860e-01,1.30821857e-02,-9.18721159e-04,9.45438739e-04,3.54284876e-05,1.94999194e+00,9.49763108e-07
1.993652,3.61409554e+00,-1.08795401e+00,-2.42698697e-01,1.47753817e-02,-8.99934006e-04,9.98305433e-04,4.05680911e-05,1.98147896e+00,1.05362193e-06
1.995293,3.62632745e+00,-9.14642519e-01,-1.66991203e-01,1.29875980e-02,-3.66549687e-04,9.30573509e-04,2.72220120e-05,2.00971487e+00,1.00073686e-06
1.996934,3.63663437e+00,-1.01116173e+00,-1.56284410e-01,1.59772557e-02,-5.11633971e-04,9.91717943e-04,4.22479458e-05,2.04121282e+00,1.12233492e-06
1.998575,3.64492067e+00,-1.29418938e+00,-1.67818716e-01,2.13043755e-02,-1.08041074e-03,1.21439962e-03,5.73496319e-05,2.07071302e+00,1.45736393e-06
2.000216,3.65087887e+00,-1.45271640e+00,-1.48210829e-01,2.26481514e-02,-1.31087730e-03,1.35901300e-03,4.53228023e-05,2.10097220e+00,1.62520914e-06
2.001857,3.65435019e+00,-1.41384688e+00,-9.66385546e-02,2.34022005e-02,-1.05944346e-03,1.39016712e-03,4.62892347e-05,2.13207243e+00,1.62993390e-06
2.003498,3.65531845e+00,-1.76629303e+00,-7.61329062e-02,3.08078990e-02,-1.75364240e-03,1.72507762e-03,6.95740029e-05,2.16274868e+00,2.00840866e-06
2.005138,3.65343699e+00,-1.93807632e+00,-2.96576163e-02,3.45983739e-02,-1.93909648e-03,1.92231793e-03,7.14192788e-05,2.19269992e+00,2.39286750e-06
2.006779,3.64843977e+00,-2.15503987e+00,2.89099140e-02,4.05669622e-02,-2.22430226e-03,2.19928042e-03,8.64789132e-05,2.22014058e+00,2.54844121e-06
2.008420,3.64017890e+00,-2.09985697e+00,9.35531223e-02,4.09151395e-02,-1.82804487e-03,2.19710465e-03,7.63684190e-05,2.24734908e+00,2.41987519e-06
2.010061,3.62874591e+00,-2.12563027e+00,1.59102871e-01,4.28412901e-02,-1.64370581e-03,2.26879574e-03,7.43167112e-05,2.27006782e+00,2.37330460e-06
2.011702,3.61422632e+00,-2.20382515e+00,2.29340938e-01,4.53722979e-02,-1.60685189e-03,2.38425995e-03,7.10826937e-05,2.29776552e+00,2.61600899e-06
2.013343,3.59662036e+00,-2.10540645e+00,2.83079548e-01,4.67357626e-02,-1.12927804e-03,2.26029591e-03,7.94704191e-05,2.32240611e+00,2.38528729e-06
2.014984,3.57614137e+00,-1.92529973e+00,3.22563047e-01,4.51813791e-02,-4.47396047e-04,2.03287787e-03,7.13461182e-05,2.34794622e+00,2.31196031e-06
2.016624,3.55305244e+00,-1.97452354e+00,3.89898346e-01,4.77724156e-02,-4.25739742e-04,2.09079763e-03,7.09756015e-05,2.37177427e+00,2.36336160e-06
2.018265,3.52743662e+00,-2.20137618e+00,4.97516074e-01,5.51663025e-02,-9.10341585e-04,2.44218906e-03,9.15759453e-05,2.39985946e+00,2.51640675e-06
2.019906,3.49908627e+00,-2.08143890e+00,5.37017562e-01,5.39297804e-02,-4.10345430e-04,2.24349527e-03,7.78425312e-05,2.42514346e+00,2.37163297e-06
2.021547,3.46815940e+00,-2.15583431e+00,6.22043717e-01,5.77290378e-02,-4.94976859e-04,2.36903661e-03,8.20952496e-05,2.45052894e+00,2.41031715e-06
2.023188,3.43470130e+00,-2.05467327e+00,6.61898796e-01,5.50682652e-02,-1.01567158e-04,2.20277835e-03,5.32611017e-05,2.47728191e+00,2.22915380e-06
2.024829,3.39889716e+00,-2.09098505e+00,7.38682843e-01,6.02971424e-02,-7.09835062e-05,2.24332707e-03,7.68290670e-05,2.49655230e+00,2.36283382e-06
2.026470,3.36057231e+00,-2.29288790e+00,8.82748368e-01,6.56194600e-02,-4.80240179e-04,2.66514737e-03,6.98471411e-05,2.51875067e+00,2.71473156e-06
2.028111,3.31938975e+00,-2.15381854e+00,9.03925682e-01,6.62386355e-02,9.94409331e-05,2.34451612e-03,7.38439681e-05,2.53447862e+00,2.53732453e-06
2.029751,3.27562542e+00,-2.21813834e+00,1.00550906e+00,7.01666272e-02,-1.22753866e-05,2.50787950e-03,7.83195991e-05,2.55840621e+00,2.22764136e-06
2.031392,3.22940279e+00,-2.21388170e+00,1.08001758e+00,7.27397993e-02,1.51659721e-04,2.47113818e-03,7.69761946e-05,2.57214006e+00,2.33797409e-06
2.033033,3.18068731e+00,-2.17092289e+00,1.13983115e+00,7.43728038e-02,3.70599503e-04,2.38963981e-03,7.50029043e-05,2.59330718e+00,2.11111675e-06
2.034674,3.12972084e+00,-2.03848630e+00,1.14726706e+00,7.35125190e-02,8.20159774e-04,2.03200915e-03,6.63580703e-05,2.61500363e+00,1.91257396e-06
2.036315,3.07686063e+00,-1.98054202e+00,1.19284774e+00,7.52398396e-02,9.98140210e-04,1.91249105e-03,6.77027755e-05,2.63377055e+00,1.73542315e-06
2.037956,3.02240335e+00,-1.89781093e+00,1.21845587e+00,7.45869674e-02,1.20896549e-03,1.70136734e-03,5.47103855e-05,2.65375483e+00,1.66948179e-06
2.039597,2.96666084e+00,-1.66268655e+00,1.13904536e+00,6.78939491e-02,1.86440733e-03,9.79227587e-04,1.81854724e-05,2.67192714e+00,1.60777511e-06
2.041237,2.91012142e+00,-1.58272238e+00,1.15538695e+00,6.85715176e-02,1.97812065e-03,8.12664040e-04,2.07005720e-05,2.68757265e+00,1.57622730e-06
2.042878,2.85311930e+00,-1.59862317e+00,1.23868671e+00,7.19980233e-02,1.76302579e-03,1.00782765e-03,2.70816331e-05,2.70852366e+00,1.56427208e-06
2.044519,2.79571816e+00,-1.42543124e+00,1.17510260e+00,6.83128781e-02,2.13429967e-03,4.79782653e-04,1.34703500e-05,2.72794851e+00,1.62505325e-06
2.046160,2.73809275e+00,-1.54108733e+00,1.34541130e+00,7.75266729e-02,1.63110478e-03,1.10801377e-03,4.76053347e-05,2.74051545e+00,1.23000203e-06
2.047801,2.67988063e+00,-1.48862515e+00,1.37759263e+00,7.91764138e-02,1.68590605e-03,1.01963960e-03,4.82650026e-05,2.76295629e+00,9.64771431e-07
2.049442,2.62100176e+00,-1.41320920e+00,1.38871873e+00,7.85210070e-02,1.78183936e-03,8.68573385e-04,3.52704237e-05,2.77944192e+00,8.73509426e-07
2.051083,2.56169362e+00,-1.26049993e+00,1.31729177e+00,7.35418493e-02,2.07279970e-03,3.60905828e-04,7.48784524e-06,2.79586991e+00,1.19862036e-06
2.052724,2.50240156e+00,-1.21790175e+00,1.34985778e+00,7.60038444e-02,2.00924164e-03,3.73774900e-04,2.01137623e-05,2.81106352e+00,1.41202566e-06
2.054364,2.44329350e+00,-1.21071751e+00,1.42667537e+00,8.04265378e-02,1.85805379e-03,6.09722414e-04,3.58972244e-05,2.82576208e+00,1.11459227e-06
2.056005,2.38422131e+00,-1.08595969e+00,1.36079399e+00,7.63435674e-02,2.04758025e-03,1.57646062e-04,1.05370656e-05,2.84154276e+00,1.17735670e-06
2.057646,2.32535343e+00,-1.12653768e+00,1.50252313e+00,8.58752176e-02,1.80354724e-03,6.61757976e-04,5.29308287e-05,2.84903605e+00,8.11702206e-07
2.059287,2.26653933e+00,-9.88052794e-01,1.40920853e+00,7.98364725e-02,2.02474641e-03,1.20954982e-04,1.76385188e-05,2.86443348e+00,7.34377253e-07
2.060928,2.20782831e+00,-1.03471036e+00,1.57380830e+00,8.88400631e-02,1.78065491e-03,7.13260975e-04,4.58792449e-05,2.87735964e+00,6.00792017e-07
2.062569,2.14904992e+00,-1.00373530e+00,1.63649241e+00,9.39151556e-02,1.76592243e-03,8.24821696e-04,6.65888310e-05,2.87626512e+00,5.50244111e-07
2.064210,2.09004646e+00,-9.65026041e-01,1.69159486e+00,9.75988112e-02,1.78184327e-03,8.84959810e-04,7.39605196e-05,2.89260228e+00,3.10791955e-07
2.065850,2.03064790e+00,-9.25315030e-01,1.74714252e+00,1.00409504e-01,1.77286631e-03,9.69577153e-04,7.01582642e-05,2.88607735e+00,5.44674998e-07
2.067491,1.97091569e+00,-8.81739285e-01,1.80689953e+00,1.05711359e-01,1.81553297e-03,1.04298718e-03,8.80972468e-05,2.89373278e+00,5.26684466e-07
2.069132,1.91072925e+00,-7.89984532e-01,1.76419979e+00,1.03866301e-01,1.91338266e-03,7.18809976e-04,6.97303004e-05,2.89275343e+00,6.07750830e-07
2.070773,1.85037414e+00,-6.97838547e-01,1.71737855e+00,1.02340295e-01,1.99049641e-03,4.57899280e-04,5.94051665e-05,2.88786127e+00,8.23727508e-07
2.072414,1.79022686e+00,-5.77130274e-01,1.58300633e+00,9.42304103e-02,2.06599314e-03,-8.73354911e-05,1.96648037e-05,2.88052501e+00,9.57064941e-07
2.074055,1.73064024e+00,-4.65258192e-01,1.43461460e+00,8.76406767e-02,2.08197623e-03,-6.55989958e-04,2.46924660e-07,2.87178003e+00,1.55450048e-06
2.075696,1.67233558e+00,-3.38768201e-01,1.20209764e+00,7.42859266e-02,2.04572473e-03,-1.42430800e-03,-4.76721860e-05,2.84152605e+00,2.46921839e-06
2.077336,1.61608757e+00,-2.83442374e-01,1.17314676e+00,7.46222771e-02,1.97733268e-03,-1.46068026e-03,-3.70039656e-05,2.83991405e+00,2.28630263e-06
2.078977,1.56206066e+00,-2.08503147e-01,1.04577252e+00,6.73484547e-02,1.87999962e-03,-1.81328509e-03,-6.38567619e-05,2.80306918e+00,2.81529944e-06
2.080618,1.51068596e+00,-1.36951593e-01,8.79661560e-01,5.73747622e-02,1.72997505e-03,-2.24420159e-03,-9.75938118e-05,2.79226504e+00,3.15107592e-06
2.082259,1.46246948e+00,-8.80642797e-02,7.77067574e-01,5.13420336e-02,1.57830342e-03,-2.46670590e-03,-1.16794052e-04,2.75963223e+00,3.99344326e-06
2.083900,1.41774631e+00,-8.01877314e-02,1.03331550e+00,7.02443841e-02,1.69633467e-03,-1.66650694e-03,-5.14063175e-05,2.74216523e+00,2.65818659e-06
2.085541,1.37572508e+00,-4.39151679e-02,1.13284783e+00,7.86160506e-02,1.72871821e-03,-1.36907444e-03,-2.80556692e-05,2.72029453e+00,2.24303480e-06
2.087182,1.33613131e+00,6.83324554e-03,9.17528512e-01,6.48683806e-02,1.47841749e-03,-1.86992945e-03,-7.15488246e-05,2.68625563e+00,3.04706820e-06
2.088823,1.29950811e+00,4.76623372e-02,9.89293898e-01,7.16965544e-02,1.51032405e-03,-1.65730201e-03,-5.19968071e-05,2.65488791e+00,2.83722675e-06
2.090463,1.26564961e+00,9.19901298e-02,1.01641832e+00,7.50511660e-02,1.50077131e-03,-1.55410001e-03,-4.64395518e-05,2.64858433e+00,2.31107435e-06
2.092104,1.23411863e+00,1.52647432e-01,1.14879952e+00,8.73555913e-02,1.65840423e-03,-1.22632249e-03,-9.87898678e-06,2.63171879e+00,2.08046327e-06
2.093745,1.20456915e+00,2.27574550e-01,1.29237190e+00,1.00178985e-01,1.86031918e-03,-9.24849633e-04,1.65705021e-05,2.62020814e+00,1.78312858e-06
2.095386,1.17653874e+00,2.82157999e-01,1.26986701e+00,1.01102365e-01,1.82474455e-03,-9.58926188e-04,1.65576553e-05,2.60472518e+00,1.79700187e-06
2.097027,1.14989868e+00,3.21904721e-01,1.19091402e+00,9.77782594e-02,1.69273900e-03,-1.08688062e-03,9.05930792e-06,2.58365261e+00,1.79418333e-06
2.098668,1.12465776e+00,3.78044719e-01,1.18349944e+00,9.89486535e-02,1.69243352e-03,-1.07516487e-03,3.36240839e-06,2.55570439e+00,1.87099803e-06
2.100309,1.10097118e+00,4.32964425e-01,1.16999834e+00,1.01344773e-01,1.67904443e-03,-1.08018165e-03,1.14248321e-05,2.55031029e+00,1.77477248e-06
2.101949,1.07859313e+00,3.55744064e-01,8.31002932e-01,7.37574335e-02,1.01861536e-03,-1.51583644e-03,-5.37255772e-05,2.54172314e+00,1.82587791e-06
2.103590,1.05820645e+00,2.49887651e-01,5.03423238e-01,4.63710836e-02,3.36960989e-04,-1.88176208e-03,-1.08817941e-04,2.49358929e+00,2.41886068e-06
2.105231,1.04086210e+00,1.50808906e-01,2.57435739e-01,2.50246235e-02,-2.14473322e-04,-2.07557030e-03,-1.45287814e-04,2.47605797e+00,2.82737362e-06
2.106872,1.02689135e+00,2.47966487e-01,3.99906910e-01,3.96035741e-02,7.76084155e-05,-1.80623180e-03,-1.12690262e-04,2.48012601e+00,2.05122473e-06
2.108513,1.01568189e+00,3.27644600e-01,4.86705716e-01,5.01310986e-02,2.70036668e-04,-1.61967432e-03,-8.55421519e-05,2.48814215e+00,1.89274203e-06
2.110154,1.00694653e+00,2.60150223e-01,3.46119724e-01,3.71352271e-02,-6.98867928e-05,-1.65111602e-03,-1.06366652e-04,2.48246619e+00,1.93134535e-06
2.111795,1.00084555e+00,2.23936944e-01,2.68851605e-01,3.03787528e-02,-2.61634468e-04,-1.60353640e-03,-1.11298080e-04,2.49053774e+00,1.82235215e-06
2.113436,9.97355223e-01,2.90189104e-01,3.26164357e-01,3.79609326e-02,-1.13947767e-04,-1.45314618e-03,-9.24609167e-05,2.50754173e+00,1.36876193e-06
2.115076,9.96038101e-01,2.13522463e-01,2.15311298e-01,2.59928780e-02,-3.89461264e-04,-1.41207897e-03,-1.10737009e-04,2.51835676e+00,1.37817931e-06
2.116717,9.96989315e-01,1.72275944e-01,1.56313096e-01,2.00985460e-02,-5.31245418e-04,-1.33363460e-03,-1.11717195e-04,2.52582875e+00,1.72928286e-06
2.118358,1.00044680e+00,7.89594305e-02,5.68875109e-02,8.47815316e-03,-7.91485033e-04,-1.26116754e-03,-1.21440006e-04,2.53837323e+00,1.53429956e-06
2.119999,1.00637125e+00,-6.00812513e-02,-6.86822801e-02,-7.96651411e-03,-1.12929836e-03,-1.18135753e-03,-1.40069285e-04,2.55362498e+00,1.53017469e-06
2.121640,1.01473896e+00,9.17592669e-02,5.95832269e-02,9.19003051e-03,-7.34092615e-04,-1.02931900e-03,-1.06336221e-04,2.56407327e+00,7.79628675e-07
2.123281,1.02502703e+00,-1.38769766e-01,-1.19632440e-01,-1.58385575e-02,-1.24635228e-03,-9.66620824e-04,-1.34383901e-04,2.57125765e+00,1.26321811e-06
2.124922,1.03752138e+00,-4.74210124e-02,-4.74452160e-02,-5.85487816e-03,-1.00113361e-03,-8.55532103e-04,-1.13051865e-04,2.57239477e+00,9.25649733e-07
2.126562,1.05207177e+00,-3.44679407e-01,-2.40641747e-01,-3.59781342e-02,-1.60164019e-03,-7.81341894e-04,-1.46991754e-04,2.57718696e+00,1.23091400e-06
2.128203,1.06900108e+00,-4.63899313e-01,-2.99416253e-01,-4.67468416e-02,-1.78598682e-03,-6.93667409e-04,-1.52207957e-04,2.58472989e+00,1.46700938e-06
2.129844,1.08862508e+00,-8.48523045e-01,-5.02597077e-01,-8.31731051e-02,-2.50787862e-03,-6.14516201e-04,-1.96004591e-04,2.47215409e+00,1.84999290e-06
2.131485,1.11322718e+00,1.14608345e+03,6.27350699e+02,1.10754250e+02,1.30201163e+00,-5.60383774e-01,6.26408455e-02,1.89929289e-01,3.53151533e-05
2.133126,3.40531623e-01,1.69675496e+03,7.32886870e+02,1.54717219e+02,1.97242000e+00,-1.89378838e+00,5.09343087e-02,1.92046053e-01,2.35399994e-03
2.134767,2.57063319e+00,-7.25421003e+02,-8.30402725e+02,-7.12520761e+01,-1.67840281e+00,-3.79513124e+00,-1.52665369e-01,1.95434792e-02,3.74790586e-03
2.136408,3.84577882e+00,-1.28209125e+03,-6.46113497e+02,-7.61997003e+01,-2.77424114e+00,-4.40433429e-01,6.25738758e-02,2.15641384e-02,5.44737655e-03
2.138049,7.61003799e+00,-1.46179597e+03,2.03939656e+02,-3.69821778e+01,-1.87103124e+00,5.58858399e+00,4.13625577e-01,2.95747848e-02,2.97064691e-03
2.139689,1.07445681e+01,-6.27076340e+02,1.13262567e+03,1.33065626e+01,3.64971637e+00,9.82460998e+00,6.42328504e-01,3.03235102e-02,7.66841781e-03
2.141330,7.03228551e+00,-3.68131279e+01,1.44343811e+03,-5.43037112e+00,6.33185461e+00,9.53988136e+00,4.06261141e-01,3.04095526e-02,1.20958644e-02
2.142971,8.15045527e+00,1.63771960e+03,5.25978091e+02,-1.98672702e+02,1.32611538e+01,2.60819174e+00,-7.55409032e-01,3.49221518e-02,1.95300030e-02
2.144612,3.43715469e+01,1.73203409e+03,-1.49215033e+03,-1.84900047e+02,9.34219410e+00,-7.81069872e+00,-6.62064143e-01,3.86750044e-02,6.78364705e-03
2.146253,6.02989028e+01,1.10862918e+03,-2.42695900e+03,-1.65928768e+02,3.74170097e+00,-1.10199717e+01,-5.15373927e-01,4.82528242e-02,1.15379110e-02
2.147894,8.05954776e+01,3.18936646e+02,-2.89989501e+03,-1.42729475e+02,-1.13127116e+00,-1.14659533e+01,-3.61361775e-01,5.97952047e-02,1.43072793e-02
2.149535,9.39928043e+01,-5.54450307e+02,-3.02688327e+03,-1.12306116e+02,-5.19299928e+00,-1.02790486e+01,-1.95499536e-01,7.18479082e-02,1.54673375e-02
2.151175,1.01349905e+02,-1.44530018e+03,-2.80516665e+03,-7.31759103e+01,-8.37367464e+00,-7.83955070e+00,-1.82893462e-02,8.32896555e-02,1.55018606e-02
2.152816,1.05722312e+02,-2.25479468e+03,-2.19168904e+03,-2.59917164e+01,-1.04645605e+01,-4.29483606e+00,1.61902958e-01,9.27343550e-02,1.45102714e-02
2.154457,1.12054123e+02,-2.80819405e+03,-1.17212741e+03,2.53320679e+01,-1.10176980e+01,1.16253269e-01,3.27626386e-01,9.83114854e-02,1.24098887e-02
2.156098,1.25040489e+02,-2.89890321e+03,8.16445620e+01,6.96373816e+01,-9.62263024e+00,4.55288405e+00,4.40171729e-01,9.86292533e-02,9.30140084e-03
2.157739,1.45928760e+02,-2.53327288e+03,1.19487097e+03,9.67915467e+01,-6.77060501e+00,7.73643679e+00,4.75286714e-01,9.55332482e-02,6.65693592e-03
2.159380,1.72018743e+02,-1.97056976e+03,1.95183106e+03,1.08350424e+02,-3.66760640e+00,9.23273483e+00,4.53004928e-01,9.32461077e-02,6.93653044e-03
2.161021,1.98788913e+02,-1.41463892e+03,2.41000829e+03,1.11828257e+02,-1.03451796e+00,9.53979737e+00,4.07934359e-01,9.38444562e-02,8.88698379e-03
2.162662,2.21943984e+02,-9.25832405e+02,2.68642251e+03,1.11504080e+02,1.00774844e+00,9.22319843e+00,3.57132719e-01,9.72849037e-02,1.08387366e-02
2.164302,2.38332876e+02,-5.01080834e+02,2.85853825e+03,1.09159431e+02,2.55953629e+00,8.61840403e+00,3.06624647e-01,1.03037686e-01,1.23710245e-02
2.165943,2.45861786e+02,-1.22908659e+02,2.96612319e+03,1.05526244e+02,3.75021326e+00,7.88796153e+00,2.58452303e-01,1.10629200e-01,1.34545267e-02
2.167584,2.43187138e+02,2.25974104e+02,3.02586996e+03,1.00023028e+02,4.68641309e+00,7.09881472e+00,2.09732159e-01,1.19662620e-01,1.41450747e-02
2.169225,2.29543279e+02,5.60952679e+02,3.03967499e+03,9.24595596e+01,5.45182353e+00,6.26434044e+00,1.60102770e-01,1.29732490e-01,1.44915562e-02
2.170866,2.04768324e+02,8.96878376e+02,2.99527442e+03,8.14990282e+01,6.11639683e+00,5.35449242e+00,1.05007100e-01,1.40286375e-01,1.44953993e-02
2.172507,1.69711008e+02,1.25139742e+03,2.85301144e+03,6.44707733e+01,6.74796398e+00,4.26207927e+00,3.58857327e-02,1.50320100e-01,1.40478016e-02
2.174148,1.27900891e+02,1.64225711e+03,2.49336089e+03,3.49956211e+01,7.39488007e+00,2.66791359e+00,-6.70058950e-02,1.57310462e-01,1.27480228e-02
2.175788,9.23594828e+01,1.99689453e+03,1.50093003e+03,-2.14840547e+01,7.71946528e+00,-4.85518699e-01,-2.43079905e-01,1.51560560e-01,9.33395933e-03
2.177429,9.52706205e+01,1.62670586e+03,-4.90222825e+02,-8.59197928e+01,5.12357532e+00,-5.61642695e+00,-3.90111719e-01,9.42306849e-02,4.84870274e-03
2.179070,1.38470334e+02,1.04111420e+03,-1.30326887e+03,-9.96659406e+01,2.09716185e+00,-6.91050160e+00,-3.64816663e-01,5.79587914e-02,7.84798326e-03
2.180711,1.91857839e+02,6.85578770e+02,-1.59753859e+03,-1.01616532e+02,2.89228431e-01,-6.85085641e+00,-3.18422062e-01,5.50284543e-02,9.75406673e-03
2.182352,2.42981535e+02,4.10960506e+02,-1.76178549e+03,-1.00723825e+02,-9.89765808e-01,-6.49025547e+00,-2.71830964e-01,5.90274756e-02,1.05272213e-02
2.183993,2.88151404e+02,1.82284634e+02,-1.87275430e+03,-9.91028769e+01,-1.92063632e+00,-6.02766395e+00,-2.29795064e-01,6.59495870e-02,1.07379783e-02
2.185634,3.26080671e+02,-1.46321955e+01,-1.95895652e+03,-9.75907521e+01,-2.59144942e+00,-5.54531683e+00,-1.94172999e-01,7.48709362e-02,1.06429947e-02
2.187275,3.56317017e+02,-1.88976518e+02,-2.03193184e+03,-9.63781143e+01,-3.06880627e+00,-5.07782987e+00,-1.64576755e-01,8.55286369e-02,1.03736490e-02
2.188915,3.78769018e+02,-3.46473230e+02,-2.09665122e+03,-9.55038360e+01,-3.40145163e+00,-4.64095353e+00,-1.40481896e-01,9.78213589e-02,1.00028601e-02
2.190556,3.93524537e+02,-4.91670194e+02,-2.15419349e+03,-9.45604480e+01,-3.62898726e+00,-4.23610006e+00,-1.19281624e-01,1.11681322e-01,9.57062672e-03
2.192197,4.00770101e+02,-6.27370327e+02,-2.20485081e+03,-9.39003941e+01,-3.77918144e+00,-3.86240991e+00,-1.02475135e-01,1.27023860e-01,9.10191741e-03
2.193838,4.00750652e+02,-7.55816613e+02,-2.24768733e+03,-9.32920091e+01,-3.87364617e+00,-3.51371613e+00,-8.85028457e-02,1.43747318e-01,8.61069413e-03
2.195479,3.93750430e+02,-8.78619494e+02,-2.28193292e+03,-9.25578935e+01,-3.92859922e+00,-3.18526219e+00,-7.61898745e-02,1.61723455e-01,8.10383541e-03
2.197120,3.80084380e+02,-9.97662420e+02,-2.30599440e+03,-9.16640911e+01,-3.95901613e+00,-2.86954363e+00,-6.52810038e-02,1.80792516e-01,7.58774374e-03
2.198761,3.60096276e+02,-1.11407923e+03,-2.31858045e+03,-9.06060955e+01,-3.97446399e+00,-2.56058403e+00,-5.56739256e-02,2.00761379e-01,7.06609076e-03
2.200401,3.34164254e+02,-1.22976377e+03,-2.31650079e+03,-8.91489598e+01,-3.98664137e+00,-2.24685087e+00,-4.62146580e-02,2.21379905e-01,6.53741333e-03
2.202042,3.02718277e+02,-1.34645464e+03,-2.29549468e+03,-8.71111877e+01,-4.00564901e+00,-1.91548482e+00,-3.63597911e-02,2.42283870e-01,6.00055568e-03
2.203683,2.66277126e+02,-1.46543384e+03,-2.24661509e+03,-8.39481015e+01,-4.04021631e+00,-1.54178070e+00,-2.42577715e-02,2.62885692e-01,5.44933598e-03
2.205324,2.25536117e+02,-1.58600194e+03,-2.15285752e+03,-7.90859550e+01,-4.09570233e+00,-1.08484709e+00,-8.84507109e-03,2.82044363e-01,4.86403596e-03
2.206965,1.81588255e+02,-1.69893988e+03,-1.97462399e+03,-7.07400819e+01,-4.16029666e+00,-4.57361489e-01,1.43371796e-02,2.97128307e-01,4.21056206e-03
2.208606,1.36571200e+02,-1.75745183e+03,-1.60994365e+03,-5.53210772e+01,-4.13531838e+00,5.38180023e-01,5.14722228e-02,3.00241493e-01,3.42765046e-03
2.210247,9.58668560e+01,-1.52865833e+03,-7.68145811e+02,-2.18532093e+01,-3.43696836e+00,2.34349984e+00,1.20214482e-01,2.56300179e-01,2.77044049e-03
2.211888,7.40407044e+01,-7.77071502e+02,2.90623312e+02,1.60037461e+01,-1.21132610e+00,3.88211039e+00,1.66438950e-01,7.05614094e-02,3.96597228e-03
2.213528,8.63968161e+01,-3.94962661e+02,5.44226138e+02,2.38331274e+01,2.29067848e-01,3.76380803e+00,1.53459240e-01,2.91566639e-02,4.78287754e-03
2.215169,1.18941533e+02,-1.48743314e+02,6.03932282e+02,2.51885956e+01,1.25114183e+00,3.32387327e+00,1.33165320e-01,2.35595221e-02,6.27360008e-03
2.216810,1.55578944e+02,-4.12991158e+00,6.33972101e+02,2.60250820e+01,1.78891287e+00,2.91063092e+00,1.16613111e-01,2.51536305e-02,6.96911144e-03
2.218451,1.90468588e+02,9.77105914e+01,6.69553341e+02,2.72199810e+01,2.06244792e+00,2.58864527e+00,1.03795292e-01,3.07298808e-02,7.13496730e-03
2.220092,2.21667003e+02,1.81673463e+02,7.09134016e+02,2.86950882e+01,2.19921157e+00,2.33662804e+00,9.43476686e-02,3.90669033e-02,7.07393485e-03
2.221733,2.48460509e+02,2.56322582e+02,7.48966369e+02,3.01711213e+01,2.25874826e+00,2.13184797e+00,8.64972173e-02,4.96496716e-02,6.90665962e-03
2.223374,2.70593753e+02,3.24983548e+02,7.86516456e+02,3.15797609e+01,2.27274430e+00,1.95766015e+00,7.99632922e-02,6.22068947e-02,6.68206322e-03
2.225014,2.88017292e+02,3.89193620e+02,8.20062295e+02,3.27900980e+01,2.25955802e+00,1.80187183e+00,7.38061945e-02,7.65390847e-02,6.41632842e-03
2.226655,3.00793602e+02,4.49983146e+02,8.48625438e+02,3.38861190e+01,2.23179656e+00,1.65710407e+00,6.85887370e-02,9.24634900e-02,6.12001253e-03
2.228296,3.09055843e+02,5.08209124e+02,8.71124554e+02,3.47269964e+01,2.19827917e+00,1.51609960e+00,6.33016708e-02,1.09784240e-01,5.79746415e-03
2.229937,3.12990477e+02,5.64356031e+02,8.86701283e+02,3.53608606e+01,2.16358935e+00,1.37396966e+00,5.82990704e-02,1.28262125e-01,5.44776476e-03
2.231578,3.12831580e+02,6.18788915e+02,8.94332499e+02,3.57226773e+01,2.13113198e+00,1.22617211e+00,5.31579166e-02,1.47610012e-01,5.06861032e-03
2.233219,3.08860944e+02,6.71378560e+02,8.92612195e+02,3.58359386e+01,2.10133033e+00,1.06786332e+00,4.81535474e-02,1.67440560e-01,4.65883658e-03
2.234860,3.01413103e+02,7.21579845e+02,8.79888658e+02,3.55299061e+01,2.07334781e+00,8.94885969e-01,4.23964862e-02,1.87209761e-01,4.21270679e-03
2.236501,2.90885173e+02,7.67968218e+02,8.53170613e+02,3.46177299e+01,2.04424465e+00,6.99790877e-01,3.52521905e-02,2.06106806e-01,3.72038396e-03
2.238141,2.77751709e+02,8.07905684e+02,8.09523073e+02,3.30371848e+01,2.00736402e+00,4.78037503e-01,2.69403328e-02,2.22901939e-01,3.17761434e-03
2.239782,2.62579261e+02,8.36717277e+02,7.44900031e+02,3.06060710e+01,1.95077573e+00,2.23662966e-01,1.70986054e-02,2.35779206e-01,2.57946312e-03
2.241423,2.46041870e+02,8.48041414e+02,6.55883706e+02,2.72770162e+01,1.85958565e+00,-6.44537037e-02,6.19215495e-03,2.42081619e-01,1.93599210e-03
2.243064,2.28925634e+02,8.34484660e+02,5.42256741e+02,2.28864823e+01,1.71534191e+00,-3.76649080e-01,-6.29839605e-03,2.38427416e-01,1.31022503e-03
2.244705,2.12105567e+02,7.90893938e+02,4.09658010e+02,1.78110551e+01,1.50554443e+00,-6.89754480e-01,-1.84685965e-02,2.21971888e-01,8.98693384e-04
2.246346,1.96483071e+02,7.20710309e+02,2.73110076e+02,1.25295380e+01,1.23640981e+00,-9.64750207e-01,-2.95310478e-02,1.93332359e-01,9.67712366e-04
2.247987,1.82881632e+02,6.37198243e+02,1.49787296e+02,7.68410537e+00,9.39924336e-01,-1.17124355e+00,-3.83433256e-02,1.59238396e-01,1.26173288e-03
2.249627,1.71929870e+02,5.54259420e+02,4.87116486e+01,3.59586904e+00,6.49214039e-01,-1.30593573e+00,-4.50086523e-02,1.28575509e-01,1.48244624e-03
2.251268,1.63977071e+02,4.79965505e+02,-3.05162400e+01,2.94808854e-01,3.84671162e-01,-1.38369045e+00,-4.98005427e-02,1.05870331e-01,1.58525940e-03
2.252909,1.59064930e+02,4.16811023e+02,-9.25857379e+01,-2.23692400e+00,1.53238452e-01,-1.42066064e+00,-5.22219574e-02,9.11862399e-02,1.62276172e-03
2.254550,1.56965922e+02,3.65677225e+02,-1.42675099e+02,-4.27801965e+00,-3.85994140e-02,-1.42903574e+00,-5.33676333e-02,8.30823408e-02,1.66969908e-03
2.256191,1.57265177e+02,3.24760061e+02,-1.85503136e+02,-6.01872522e+00,-1.91850564e-01,-1.41876658e+00,-5.36966525e-02,8.03202890e-02,1.76926734e-03
2.257832,1.59436630e+02,2.91753065e+02,-2.24197219e+02,-7.57965882e+00,-3.10037698e-01,-1.39583605e+00,-5.33908340e-02,8.18270865e-02,1.91581862e-03
2.259473,1.62901906e+02,2.63632880e+02,-2.60441576e+02,-9.09107034e+00,-4.00703136e-01,-1.36483339e+00,-5.31159654e-02,8.68356961e-02,2.08291396e-03
2.261113,1.67084190e+02,2.38577766e+02,-2.94802441e+02,-1.04626393e+01,-4.68914041e-01,-1.32752244e+00,-5.19695688e-02,9.47431464e-02,2.24513588e-03
2.262754,1.71453146e+02,2.15286441e+02,-3.27407085e+02,-1.17413923e+01,-5.19674550e-01,-1.28614585e+00,-5.04693498e-02,1.05226572e-01,2.38451254e-03
2.264395,1.75552621e+02,1.92342423e+02,-3.57684608e+02,-1.30064571e+01,-5.59344144e-01,-1.24013678e+00,-4.93179858e-02,1.17900247e-01,2.49030131e-03
2.266036,1.79012534e+02,1.69596168e+02,-3.85613861e+02,-1.41038603e+01,-5.89917373e-01,-1.19159197e+00,-4.73974333e-02,1.32476606e-01,2.55900444e-03
2.267677,1.81546503e+02,1.46560760e+02,-4.10813721e+02,-1.51462317e+01,-6.14992955e-01,-1.14052661e+00,-4.57762742e-02,1.48660389e-01,2.59106513e-03
2.269318,1.82944412e+02,1.22921434e+02,-4.32925284e+02,-1.60402189e+01,-6.37241808e-01,-1.08679652e+00,-4.37538048e-02,1.66095427e-01,2.58649484e-03
2.270959,1.83063557e+02,9.86736802e+01,-4.52021758e+02,-1.68464630e+01,-6.58113219e-01,-1.03176947e+00,-4.17867415e-02,1.84415521e-01,2.54968477e-03
2.272600,1.81818054e+02,7.36963949e+01,-4.67635776e+02,-1.75947170e+01,-6.78507264e-01,-9.74009167e-01,-4.02643812e-02,2.03203179e-01,2.48313453e-03
2.274240,1.79171770e+02,4.78247151e+01,-4.79297483e+02,-1.81643751e+01,-6.99782572e-01,-9.12672303e-01,-3.82288825e-02,2.21955998e-01,2.38800769e-03
2.275881,1.75134365e+02,2.08462996e+01,-4.86235215e+02,-1.85127882e+01,-7.23212366e-01,-8.46236219e-01,-3.56680590e-02,2.39905374e-01,2.26323115e-03
2.277522,1.69759884e+02,-7.12224007e+00,-4.87655827e+02,-1.86209092e+01,-7.48237778e-01,-7.73299551e-01,-3.26444858e-02,2.56073666e-01,2.11157958e-03
2.279163,1.63146524e+02,-3.57638950e+01,-4.82233049e+02,-1.86433794e+01,-7.73088543e-01,-6.91129316e-01,-3.05320549e-02,2.69146869e-01,1.93021886e-03
2.280804,1.55441069e+02,-6.45498732e+01,-4.67985995e+02,-1.82783590e+01,-7.95593076e-01,-5.96038151e-01,-2.74097687e-02,2.77403676e-01,1.71413265e-03
2.282445,1.46846855e+02,-9.23592675e+01,-4.42863031e+02,-1.74994878e+01,-8.11727464e-01,-4.84951229e-01,-2.35875876e-02,2.78679176e-01,1.46350628e-03
2.284086,1.37631674e+02,-1.17420426e+02,-4.05708225e+02,-1.63014855e+01,-8.15861084e-01,-3.57998625e-01,-1.94161814e-02,2.70461873e-01,1.18274531e-03
2.285726,1.28133414e+02,-1.37287739e+02,-3.56246576e+02,-1.45144517e+01,-8.00046238e-01,-2.16764714e-01,-1.38526264e-02,2.50732402e-01,8.87091472e-04
2.287367,1.18759327e+02,-1.49837430e+02,-2.97550311e+02,-1.24259585e+01,-7.59601747e-01,-6.97822522e-02,-8.59523647e-03,2.20253286e-01,6.30521392e-04
2.289008,1.09966497e+02,-1.54513828e+02,-2.36219288e+02,-1.01710731e+01,-6.96085267e-01,6.89755101e-02,-3.21714751e-03,1.83593926e-01,5.09880618e-04
2.290649,1.02222079e+02,-1.52473068e+02,-1.78375169e+02,-7.99381031e+00,-6.16042685e-01,1.89899604e-01,1.73663606e-03,1.47819313e-01,5.53566218e-04
2.292290,9.59516324e+01,-1.46506743e+02,-1.28844626e+02,-6.15085368e+00,-5.30312394e-01,2.86354837e-01,5.51928164e-03,1.18037230e-01,6.47767004e-04
2.293931,9.14804174e+01,-1.39756091e+02,-8.93373970e+01,-4.64862762e+00,-4.49051164e-01,3.58532470e-01,8.68647195e-03,9.71259517e-02,7.08420233e-04
2.295572,8.89759297e+01,-1.34160274e+02,-5.85131289e+01,-3.45155035e+00,-3.77476224e-01,4.09947041e-01,1.12539816e-02,8.40245866e-02,7.28326187e-04
2.297213,8.84112264e+01,-1.31083373e+02,-3.43712510e+01,-2.60262784e+00,-3.19425381e-01,4.45338370e-01,1.24776656e-02,7.79568600e-02,7.23600184e-04
2.298853,8.95712253e+01,-1.30383384e+02,-1.45355710e+01,-1.87993508e+00,-2.73104513e-01,4.68352697e-01,1.37216305e-02,7.72425156e-02,7.28505212e-04
2.300494,9.21187791e+01,-1.31242059e+02,2.86782285e+00,-1.22258247e+00,-2.35685034e-01,4.82354540e-01,1.48871049e-02,8.08864358e-02,7.74522110e-04
2.302135,9.56776497e+01,-1.33021226e+02,1.87679357e+01,-7.18333261e-01,-2.05159510e-01,4.88666317e-01,1.49071923e-02,8.79776106e-02,8.63919977e-04
2.303776,9.98846684e+01,-1.34929753e+02,3.37407410e+01,-1.97717272e-01,-1.78916497e-01,4.89532275e-01,1.52412547e-02,9.80405582e-02,9.76313360e-04
2.305417,1.04413465e+02,-1.36875049e+02,4.79100007e+01,2.64532379e-01,-1.56977602e-01,4.85993025e-01,1.50926731e-02,1.10695583e-01,1.09266577e-03
2.307058,1.08984243e+02,-1.38249085e+02,6.13262212e+01,7.36548528e-01,-1.36878814e-01,4.78985198e-01,1.50786190e-02,1.25635885e-01,1.19908078e-03
2.308699,1.13366610e+02,-1.39149367e+02,7.40418877e+01,1.13351108e+00,-1.19022734e-01,4.70063663e-01,1.45746301e-02,1.42619882e-01,1.29069455e-03
2.310339,1.17375633e+02,-1.39322722e+02,8.59352189e+01,1.46736697e+00,-1.02262817e-01,4.59053201e-01,1.37411985e-02,1.61371303e-01,1.36453174e-03
2.311980,1.20867124e+02,-1.38763804e+02,9.70867744e+01,1.92314792e+00,-8.62172513e-02,4.47489098e-01,1.41078612e-02,1.81640074e-01,1.41809366e-03
2.313621,1.23731577e+02,-1.37726580e+02,1.07539223e+02,2.30086394e+00,-7.17421823e-02,4.35596957e-01,1.38621189e-02,2.03169479e-01,1.45616097e-03
2.315262,1.25886634e+02,-1.36023109e+02,1.17254306e+02,2.58821221e+00,-5.76565470e-02,4.23655768e-01,1.30082501e-02,2.25861263e-01,1.47736897e-03
2.316903,1.27273466e+02,-1.33355994e+02,1.26130649e+02,2.87125276e+00,-4.26359944e-02,4.11546534e-01,1.24201922e-02,2.49201194e-01,1.48098013e-03
2.318544,1.27854527e+02,-1.30229949e+02,1.34380789e+02,3.16202766e+00,-2.86427746e-02,3.99856654e-01,1.21114104e-02,2.72952247e-01,1.47038816e-03
2.320185,1.27608768e+02,-1.26203371e+02,1.41738774e+02,3.43892117e+00,-1.38973317e-02,3.87791509e-01,1.18298880e-02,2.96831163e-01,1.44468743e-03
2.321826,1.26530370e+02,-1.21660085e+02,1.48593991e+02,3.67263121e+00,6.73180046e-04,3.77008810e-01,1.13598554e-02,3.20331826e-01,1.40841453e-03
2.323466,1.24625352e+02,-1.16095458e+02,1.54493122e+02,3.95519443e+00,1.65914753e-02,3.65893326e-01,1.14932468e-02,3.42779981e-01,1.35797076e-03
2.325107,1.21914396e+02,-1.09533108e+02,1.59231828e+02,4.24797029e+00,3.31112886e-02,3.53521310e-01,1.17654093e-02,3.63134916e-01,1.29034556e-03
2.326748,1.18434145e+02,-1.01777569e+02,1.62624446e+02,4.39968708e+00,5.11382749e-02,3.39981400e-01,1.10745695e-02,3.80641021e-01,1.20820207e-03
2.328389,1.14238454e+02,-9.24047892e+01,1.63845167e+02,4.54502029e+00,7.10341004e-02,3.22973080e-01,1.08359087e-02,3.93092743e-01,1.10202248e-03
2.330030,1.09405065e+02,-8.15740110e+01,1.62734488e+02,4.64533540e+00,9.20325638e-02,3.02688245e-01,1.05509777e-02,3.98514141e-01,9.75820510e-04
2.331671,1.04036026e+02,-6.93575712e+01,1.58746761e+02,4.62454087e+00,1.13302024e-01,2.77746604e-01,9.77965995e-03,3.94999491e-01,8.29074966e-04
2.333312,9.82668294e+01,-5.57163875e+01,1.50995822e+02,4.54363959e+00,1.33340175e-01,2.47215092e-01,9.35042909e-03,3.80505692e-01,6.59819211e-04
2.334952,9.22803244e+01,-4.13724051e+01,1.39547494e+02,4.33118706e+00,1.53282875e-01,2.08830506e-01,8.42190930e-03,3.53824834e-01,4.79577352e-04
2.336593,8.62329536e+01,-2.75232982e+01,1.25734560e+02,4.03980114e+00,1.67523784e-01,1.68446606e-01,7.41617735e-03,3.16796976e-01,3.03217233e-04
2.338234,8.03291608e+01,-1.44088371e+01,1.09010325e+02,3.62777519e+00,1.77085352e-01,1.23618836e-01,6.11607273e-03,2.72933118e-01,1.70742452e-04
2.339875,7.47823792e+01,-3.38829062e+00,9.23722849e+01,3.22868478e+00,1.80462768e-01,8.06454334e-02,5.13438482e-03,2.27723141e-01,1.74161957e-04
2.341516,6.97966517e+01,5.42088057e+00,7.70080270e+01,2.78367491e+00,1.79202667e-01,4.17895133e-02,3.60094720e-03,1.87620722e-01,2.51122321e-04
2.343157,6.55510955e+01,1.21920033e+01,6.37993014e+01,2.43834730e+00,1.74502629e-01,8.53084385e-03,2.68020220e-03,1.54530449e-01,3.13082421e-04
2.344798,6.21882342e+01,1.74400250e+01,5.31732514e+01,2.15303479e+00,1.68335544e-01,-1.83541617e-02,1.81155712e-03,1.30091255e-01,3.42175783e-04
2.346439,5.98010358e+01,2.17153577e+01,4.47528354e+01,1.92969655e+00,1.61734097e-01,-3.98521325e-02,1.06587430e-03,1.13361329e-01,3.45518493e-04
2.348079,5.84205251e+01,2.54467121e+01,3.81682660e+01,1.79249106e+00,1.54993672e-01,-5.68947669e-02,7.35034443e-04,1.03088720e-01,3.33546311e-04
2.349720,5.80061396e+01,2.89235137e+01,3.28203399e+01,1.64446041e+00,1.48576580e-01,-7.06091526e-02,2.68223137e-05,9.85006301e-02,3.17032393e-04
2.351361,5.84544409e+01,3.23444956e+01,2.84167336e+01,1.54908091e+00,1.42754679e-01,-8.11012151e-02,-3.48058689e-04,9.84258713e-02,3.14542881e-04
2.353002,5.96291586e+01,3.57357562e+01,2.45184623e+01,1.46186984e+00,1.37450455e-01,-8.91362961e-02,-7.66575845e-04,1.02010727e-01,3.45874988e-04
2.354643,6.13846019e+01,3.89495832e+01,2.08111452e+01,1.42968775e+00,1.31675956e-01,-9.54748694e-02,-6.49690029e-04,1.08767480e-01,4.12606803e-04
2.356284,6.35731402e+01,4.20771024e+01,1.72874417e+01,1.35414456e+00,1.26275410e-01,-1.00075297e-01,-9.86734790e-04,1.18277058e-01,5.02838008e-04
2.357925,6.60361206e+01,4.49856797e+01,1.38277587e+01,1.29426705e+00,1.20820111e-01,-1.03457023e-01,-1.08695731e-03,1.30468532e-01,5.98111485e-04
2.359565,6.86008395e+01,4.76338193e+01,1.04194364e+01,1.23848990e+00,1.15346954e-01,-1.05722115e-01,-1.11114424e-03,1.45057168e-01,6.88697926e-04
2.361206,7.11891555e+01,4.99779505e+01,7.02889973e+00,1.16048010e+00,1.09881311e-01,-1.07209221e-01,-1.30368839e-03,1.61533752e-01,7.71520162e-04
2.362847,7.37091643e+01,5.19689900e+01,3.65377127e+00,1.08692755e+00,1.04381664e-01,-1.08212966e-01,-1.41469059e-03,1.79830770e-01,8.41591048e-04
2.364488,7.60804229e+01,5.34801537e+01,3.00811067e-01,1.03912860e+00,9.84120590e-02,-1.08685609e-01,-1.16352906e-03,1.99485504e-01,8.96250082e-04
2.366129,7.82409647e+01,5.48911691e+01,-2.98745170e+00,9.64083579e-01,9.35441265e-02,-1.09061674e-01,-1.21618149e-03,2.20070760e-01,9.36482971e-04
2.367770,8.01438047e+01,5.57962041e+01,-6.24904321e+00,8.72388310e-01,8.80948135e-02,-1.09266180e-01,-1.40159188e-03,2.41435653e-01,9.61335248e-04
2.369411,8.17565140e+01,5.64230846e+01,-9.39234460e+00,8.14668395e-01,8.29108271e-02,-1.08898921e-01,-1.22875155e-03,2.63321627e-01,9.72154291e-04
2.371052,8.30589193e+01,5.67892022e+01,-1.25237793e+01,7.37850744e-01,7.79583690e-02,-1.09056939e-01,-1.22309132e-03,2.84908976e-01,9.69950618e-04
2.372692,8.40414764e+01,5.63469826e+01,-1.54610048e+01,6.41171723e-01,7.15006894e-02,-1.08192034e-01,-1.33047473e-03,3.05700064e-01,9.50160085e-04
2.374333,8.47073768e+01,5.56973674e+01,-1.82274358e+01,5.58517987e-01,6.55439933e-02,-1.06767442e-01,-1.30440480e-03,3.25160799e-01,9.17267592e-04
2.375974,8.50688565e+01,5.44213966e+01,-2.07858695e+01,4.84323410e-01,5.86903695e-02,-1.05039287e-01,-1.19340161e-03,3.43135818e-01,8.69464596e-04
2.377615,8.51477153e+01,5.26663028e+01,-2.31013278e+01,3.84274679e-01,5.14249952e-02,-1.02849572e-01,-1.29805551e-03,3.58269717e-01,8.12303097e-04
2.379256,8.49726298e+01,5.06388091e+01,-2.51680752e+01,3.15187503e-01,4.43404975e-02,-1.00136690e-01,-1.17099498e-03,3.70594168e-01,7.44947471e-04
2.380897,8.45774042e+01,4.82046616e+01,-2.69405088e+01,1.99520714e-01,3.69682873e-02,-9.69412373e-02,-1.45299037e-03,3.79406907e-01,6.70650539e-04
2.382538,8.39998308e+01,4.53261881e+01,-2.82910693e+01,1.13702199e-01,2.91692306e-02,-9.26083753e-02,-1.46692409e-03,3.85598978e-01,5.88441712e-04
2.384178,8.32813473e+01,4.25459518e+01,-2.94956988e+01,2.63765129e-02,2.22572060e-02,-8.84911603e-02,-1.55776883e-03,3.88826874e-01,5.07562471e-04
2.385819,8.24620050e+01,3.93885227e+01,-3.02975235e+01,-1.35362288e-02,1.48721297e-02,-8.36890066e-02,-1.24810931e-03,3.89225080e-01,4.25706751e-04
2.387460,8.15813497e+01,3.61193784e+01,-3.07981989e+01,-7.56519317e-02,7.61784709e-03,-7.85453856e-02,-1.23391106e-03,3.87929954e-01,3.45634964e-04
2.389101,8.06771307e+01,3.30649375e+01,-3.11656992e+01,-1.77494545e-01,1.37229342e-03,-7.33061981e-02,-1.60988328e-03,3.84165174e-01,2.68448352e-04
2.390742,7.97824215e+01,3.04004324e+01,-3.16193272e+01,-2.29651703e-01,-3.87397865e-03,-6.88640652e-02,-1.52227903e-03,3.82131805e-01,2.01595315e-04
2.392383,7.89236991e+01,2.74197695e+01,-3.16201250e+01,-2.79646516e-01,-9.74134700e-03,-6.35958475e-02,-1.51116604e-03,3.78788972e-01,1.38307605e-04
2.394024,7.81242845e+01,2.48565754e+01,-3.17104901e+01,-3.02222078e-01,-1.43951198e-02,-5.86299635e-02,-1.26162606e-03,3.76213086e-01,8.12852016e-05
2.395665,7.74016539e+01,2.25555992e+01,-3.19141005e+01,-3.55906047e-01,-1.85284183e-02,-5.45232468e-02,-1.36357892e-03,3.75855206e-01,3.50837843e-05
2.397305,7.67667463e+01,2.03481713e+01,-3.20069350e+01,-3.99261772e-01,-2.23555542e-02,-5.01010851e-02,-1.40322071e-03,3.76258881e-01,1.48270757e-05
2.398946,7.62252456e+01,1.81973916e+01,-3.19877468e+01,-4.23810606e-01,-2.60605832e-02,-4.55226536e-02,-1.31474612e-03,3.78692491e-01,4.25172159e-05
2.400587,7.57771612e+01,1.63617565e+01,-3.22404874e+01,-4.65624208e-01,-2.90300734e-02,-4.19865611e-02,-1.35582353e-03,3.83020615e-01,6.66467655e-05
2.402228,7.54162421e+01,1.46731219e+01,-3.25727683e+01,-5.21563425e-01,-3.16813818e-02,-3.86921165e-02,-1.50451190e-03,3.90103106e-01,8.35169961e-05
2.403869,7.51311944e+01,1.30165376e+01,-3.28639342e+01,-5.35155780e-01,-3.42824245e-02,-3.54106815e-02,-1.29442499e-03,3.98708519e-01,9.57018408e-05
2.405510,7.49077017e+01,1.14199084e+01,-3.30847443e+01,-5.94960050e-01,-3.65578570e-02,-3.18674176e-02,-1.53971533e-03,4.09418965e-01,1.04571854e-04
2.407151,7.47305303e+01,9.80264073e+00,-3.32315955e+01,-5.99217305e-01,-3.89931645e-02,-2.84922820e-02,-1.22551216e-03,4.21481431e-01,1.12353662e-04
2.408791,7.45855518e+01,8.29732107e+00,-3.33882135e+01,-6.26851636e-01,-4.07608208e-02,-2.50987260e-02,-1.19810058e-03,4.35817535e-01,1.20471191e-04
2.410432,7.44611720e+01,6.83943158e+00,-3.36625893e+01,-6.43386462e-01,-4.24800914e-02,-2.25041408e-02,-1.07601452e-03,4.51461966e-01,1.31016741e-04
2.412073,7.43484669e+01,5.34607328e+00,-3.37950960e+01,-7.02862384e-01,-4.41959534e-02,-1.97716182e-02,-1.37283277e-03,4.67799965e-01,1.44953731e-04
2.413714,7.42408111e+01,3.91313983e+00,-3.40902486e+01,-7.26073131e-01,-4.56401919e-02,-1.78156710e-02,-1.25484024e-03,4.85429293e-01,1.62399854e-04
2.415355,7.41330267e+01,2.46453977e+00,-3.43654292e+01,-7.79976251e-01,-4.70599479e-02,-1.60862026e-02,-1.45597808e-03,5.03850232e-01,1.82789578e-04
2.416996,7.40207331e+01,1.01157383e+00,-3.45578384e+01,-7.79202630e-01,-4.82452690e-02,-1.43187365e-02,-1.15295074e-03,5.23346861e-01,2.05896149e-04
2.418637,7.38999369e+01,-4.68066402e-01,-3.47365218e+01,-8.16503855e-01,-4.95124924e-02,-1.28221602e-02,-1.22284283e-03,5.43837800e-01,2.30090809e-04
2.420278,7.37669583e+01,-2.00583779e+00,-3.48583817e+01,-8.60843102e-01,-5.10810628e-02,-1.14774229e-02,-1.36393460e-03,5.64858449e-01,2.54360240e-04
2.421918,7.36178443e+01,-3.47995891e+00,-3.51714873e+01,-8.99087259e-01,-5.19541116e-02,-1.08736770e-02,-1.37557869e-03,5.87219123e-01,2.79211757e-04
2.423559,7.34477566e+01,-4.98743161e+00,-3.51500184e+01,-9.17358255e-01,-5.27857920e-02,-9.62012091e-03,-1.27474691e-03,6.10138824e-01,3.01812422e-04
2.425200,7.32525088e+01,-6.54592281e+00,-3.52483684e+01,-9.74089233e-01,-5.39649198e-02,-8.94617253e-03,-1.52355448e-03,6.33387464e-01,3.22804108e-04
2.426841,7.30277607e+01,-8.04747655e+00,-3.50557241e+01,-9.66250611e-01,-5.44158557e-02,-7.84998038e-03,-1.18602058e-03,6.56696846e-01,3.40825273e-04
2.428482,7.27703617e+01,-9.56037893e+00,-3.46922568e+01,-9.85180578e-01,-5.50544959e-02,-6.55292370e-03,-1.15206794e-03,6.80300328e-01,3.54736485e-04
2.430123,7.24776440e+01,-1.10639150e+01,-3.44525994e+01,-1.04147429e+00,-5.54933458e-02,-5.85294238e-03,-1.44796802e-03,7.04090283e-01,3.67656324e-04
2.431764,7.21462250e+01,-1.25496118e+01,-3.40696538e+01,-1.04295245e+00,-5.58475731e-02,-5.07723781e-03,-1.25204932e-03,7.26458952e-01,3.76803688e-04
2.433404,7.17735448e+01,-1.39509582e+01,-3.34623473e+01,-1.06707094e+00,-5.58075754e-02,-4.03448012e-03,-1.31464341e-03,7.48868468e-01,3.81210731e-04
2.435045,7.13584545e+01,-1.54865569e+01,-3.31674153e+01,-1.10156781e+00,-5.65312391e-02,-3.81821191e-03,-1.42562432e-03,7.68449855e-01,3.82964415e-04
2.436686,7.08995171e+01,-1.67949819e+01,-3.23073021e+01,-1.08797643e+00,-5.62953587e-02,-2.56661942e-03,-1.19575789e-03,7.86988985e-01,3.80543349e-04
2.438327,7.03976408e+01,-1.80612651e+01,-3.14307259e+01,-1.10234399e+00,-5.59308560e-02,-1.54076636e-03,-1.22989489e-03,8.01149770e-01,3.73945435e-04
2.439968,6.98555408e+01,-1.90864654e+01,-3.01214199e+01,-1.10044984e+00,-5.48866070e-02,1.88180627e-04,-1.23474394e-03,8.13339086e-01,3.61748231e-04
2.441609,6.92778771e+01,-2.00950257e+01,-2.89332531e+01,-1.08612835e+00,-5.38360850e-02,1.44961753e-03,-1.09248182e-03,8.21584615e-01,3.48819035e-04
2.443250,6.86695245e+01,-2.09671469e+01,-2.75968753e+01,-1.06608972e+00,-5.25690131e-02,2.88162697e-03,-9.73472622e-04,8.27336343e-01,3.31855861e-04
2.444891,6.80368480e+01,-2.17383191e+01,-2.61872474e+01,-1.06682662e+00,-5.12747294e-02,4.37502300e-03,-1.06244759e-03,8.28835983e-01,3.12144830e-04
2.446531,6.73872587e+01,-2.23074998e+01,-2.46049981e+01,-1.02548647e+00,-4.95287508e-02,6.00554354e-03,-8.45321547e-04,8.24189568e-01,2.90139619e-04
2.448172,6.67292365e+01,-2.26922985e+01,-2.29038182e+01,-1.01215584e+00,-4.74855664e-02,7.81858408e-03,-9.17818071e-04,8.18750635e-01,2.67013574e-04
2.449813,6.60713590e+01,-2.33176563e+01,-2.16005506e+01,-9.91837247e-01,-4.62920244e-02,8.87411870e-03,-8.11648066e-04,8.10519831e-01,2.45839757e-04
2.451454,6.54203051e+01,-2.34750313e+01,-1.98814493e+01,-9.76993147e-01,-4.39846490e-02,1.05980989e-02,-9.08118362e-04,8.00073353e-01,2.21424846e-04
2.453095,6.47848006e+01,-2.35142490e+01,-1.82135640e+01,-9.30356829e-01,-4.13767853e-02,1.20314598e-02,-6.89660286e-04,7.87971389e-01,1.95220470e-04
2.454736,6.41737632e+01,-2.36165363e+01,-1.66723164e+01,-9.02062887e-01,-3.93617434e-02,1.34264937e-02,-6.46896925e-04,7.76121439e-01,1.71275727e-04
2.456377,6.35943404e+01,-2.32580315e+01,-1.49079178e+01,-8.65807982e-01,-3.60514542e-02,1.49907103e-02,-6.37974775e-04,7.63002453e-01,1.47860925e-04
2.458017,6.30540697e+01,-2.32390319e+01,-1.34980344e+01,-8.31199951e-01,-3.39584076e-02,1.60839983e-02,-5.00158121e-04,7.51514124e-01,1.25301914e-04
2.459658,6.25585423e+01,-2.32738622e+01,-1.22320662e+01,-8.22455926e-01,-3.19688956e-02,1.69062798e-02,-5.80438056e-04,7.42389452e-01,1.05337149e-04
2.461299,6.21116832e+01,-2.29319297e+01,-1.07672909e+01,-7.73148092e-01,-2.93804795e-02,1.81474828e-02,-3.65546782e-04,7.31095116e-01,8.49057473e-05
2.462940,6.17174791e+01,-2.26094866e+01,-9.44552819e+00,-7.22279597e-01,-2.67250266e-02,1.90543089e-02,-1.64478678e-04,7.24719361e-01,6.67096643e-05
2.464581,6.13785224e+01,-2.24099389e+01,-8.26626068e+00,-7.03381236e-01,-2.44928227e-02,1.97756369e-02,-2.18659235e-04,7.20334773e-01,5.08534645e-05
2.466222,6.10955567e+01,-2.24227003e+01,-7.23307195e+00,-6.97697410e-01,-2.29223744e-02,2.03684546e-02,-3.08654118e-04,7.17872970e-01,3.81030454e-05
2.467863,6.08676870e+01,-2.25057410e+01,-6.23742531e+00,-6.55537859e-01,-2.17145903e-02,2.11554717e-02,-4.59760436e-05,7.19562115e-01,2.81433009e-05
2.469503,6.06943620e+01,-2.22589690e+01,-5.18571979e+00,-6.24309119e-01,-1.95570057e-02,2.17891321e-02,6.63599551e-05,7.21062486e-01,2.17497405e-05
2.471144,6.05742349e+01,-2.20841125e+01,-4.24633310e+00,-6.15298686e-01,-1.74431525e-02,2.20284378e-02,-4.01803610e-05,7.25859075e-01,2.15582209e-05
2.472785,6.05050498e+01,-2.20764904e+01,-3.37309648e+00,-5.95026036e-01,-1.59239348e-02,2.23466032e-02,3.12734054e-05,7.33509798e-01,2.59509403e-05
2.474426,6.04835331e+01,-2.19579215e+01,-2.50509303e+00,-5.90189212e-01,-1.41754006e-02,2.25990010e-02,-2.19519506e-05,7.42684750e-01,3.21266597e-05
2.476067,6.05058122e+01,-2.16453297e+01,-1.64044637e+00,-5.53516727e-01,-1.19749821e-02,2.27784438e-02,1.41155787e-04,7.55596326e-01,3.80547430e-05
2.477708,6.05673868e+01,-2.15547647e+01,-8.31547136e-01,-5.26892018e-01,-1.05008457e-02,2.30420201e-02,2.43173730e-04,7.69744946e-01,4.38067995e-05
2.479349,6.06631922e+01,-2.14907306e+01,-9.67789032e-02,-5.17453987e-01,-9.00752764e-03,2.28495875e-02,1.94551346e-04,7.87022473e-01,4.86340481e-05
2.480990,6.07876733e+01,-2.15064041e+01,6.54649740e-01,-5.18179080e-01,-7.91421344e-03,2.30638248e-02,1.12518952e-04,8.05300201e-01,5.32300006e-05
2.482630,6.09351805e+01,-2.15891127e+01,1.38815588e+00,-4.99861136e-01,-6.98198204e-03,2.32289638e-02,2.03360649e-04,8.24754521e-01,5.75745709e-05
2.484271,6.11000730e+01,-2.16838135e+01,2.11091867e+00,-4.73879204e-01,-6.16751130e-03,2.33562001e-02,3.24795934e-04,8.46450957e-01,6.16215344e-05
2.485912,6.12769553e+01,-2.18217994e+01,2.79749805e+00,-4.83580446e-01,-5.48180437e-03,2.32195933e-02,1.51854528e-04,8.70664791e-01,6.55506056e-05
2.487553,6.14607545e+01,-2.17910593e+01,3.51816296e+00,-4.56097209e-01,-4.43115796e-03,2.34267733e-02,3.49500809e-04,8.93549767e-01,6.98427832e-05
2.489194,6.16468577e+01,-2.20269683e+01,4.24792182e+00,-4.53656179e-01,-4.09899558e-03,2.36895861e-02,3.06448344e-04,9.18916336e-01,7.44872135e-05
2.490835,6.18309647e+01,-2.19723484e+01,4.91931828e+00,-4.27347192e-01,-3.15959395e-03,2.35000745e-02,4.32017152e-04,9.44475012e-01,7.89006969e-05
2.492476,6.20095592e+01,-2.17239504e+01,5.54154994e+00,-4.29998891e-01,-1.86281632e-03,2.30987785e-02,2.59137008e-04,9.71638668e-01,8.31412615e-05
2.494116,6.21797683e+01,-2.15938717e+01,6.16988456e+00,-4.09055416e-01,-9.74396848e-04,2.28231599e-02,3.46443640e-04,9.99678587e-01,8.73883953e-05
2.495757,6.23391128e+01,-2.15427723e+01,6.84147512e+00,-3.85836012e-01,-2.60169807e-04,2.29123767e-02,4.75759909e-04,1.02697970e+00,9.18914086e-05
2.497398,6.24854108e+01,-2.13696134e+01,7.46684011e+00,-3.87041833e-01,6.05130631e-04,2.28032139e-02,3.25016548e-04,1.05622351e+00,9.61057148e-05
2.499039,6.26168418e+01,-2.13730621e+01,8.12848061e+00,-3.80532355e-01,9.90308921e-04,2.28204050e-02,2.80794321e-04,1.08519383e+00,1.00734857e-04
2.500680,6.27317014e+01,-2.14145874e+01,8.82238209e+00,-3.74886884e-01,1.25804321e-03,2.30430652e-02,2.62075841e-04,1.11426840e+00,1.05183536e-04
2.502321,6.28288452e+01,-2.14304575e+01,9.47564304e+00,-3.64121346e-01,1.36991195e-03,2.29088727e-02,2.78842457e-04,1.14370935e+00,1.09449670e-04
2.503962,6.29065118e+01,-2.11327218e+01,1.00271500e+01,-3.48239939e-01,2.20061723e-03,2.25583564e-02,3.02870863e-04,1.17386210e+00,1.13534884e-04
2.505603,6.29638159e+01,-2.07439337e+01,1.05316098e+01,-3.15590906e-01,3.11243647e-03,2.21088047e-02,4.81884926e-04,1.20379478e+00,1.16498823e-04
2.507243,6.30006118e+01,-2.06201538e+01,1.11536835e+01,-3.08716523e-01,3.41962615e-03,2.21749377e-02,4.32385660e-04,1.23459444e+00,1.19460885e-04
2.508884,6.30163473e+01,-2.04925778e+01,1.17769539e+01,-2.92361816e-01,3.69312510e-03,2.22330078e-02,4.59222401e-04,1.26474346e+00,1.22939213e-04
2.510525,6.30104711e+01,-2.02193629e+01,1.23211542e+01,-3.00771594e-01,4.15665950e-03,2.20578955e-02,2.29550837e-04,1.29530980e+00,1.25181730e-04
2.512166,6.29830105e+01,-1.97269716e+01,1.27225349e+01,-2.71810525e-01,4.92693891e-03,2.14316713e-02,3.81332918e-04,1.32593699e+00,1.26788661e-04
2.513807,6.29343757e+01,-1.96708234e+01,1.33927293e+01,-2.52478276e-01,4.89369886e-03,2.17796432e-02,4.74335448e-04,1.35648923e+00,1.28968636e-04
2.515448,6.28641761e+01,-1.94606658e+01,1.39569162e+01,-2.41940379e-01,5.06386801e-03,2.17170252e-02,4.28903392e-04,1.38679988e+00,1.31419618e-04
2.517089,6.27719305e+01,-1.91264225e+01,1.44635415e+01,-2.39369195e-01,5.52298332e-03,2.16410904e-02,3.44486944e-04,1.41726719e+00,1.32904444e-04
2.518729,6.26574907e+01,-1.88684326e+01,1.50112150e+01,-2.20853330e-01,5.74179222e-03,2.15994718e-02,3.96796895e-04,1.44631093e+00,1.34972453e-04
2.520370,6.25207740e+01,-1.83434919e+01,1.53596766e+01,-2.25623908e-01,6.39311473e-03,2.10935979e-02,2.03819352e-04,1.47651155e+00,1.34867492e-04
2.522011,6.23628690e+01,-1.79335418e+01,1.57471135e+01,-1.97808353e-01,6.61111455e-03,2.06101870e-02,3.44619563e-04,1.50512387e+00,1.33646027e-04
2.523652,6.21849291e+01,-1.74901265e+01,1.61292605e+01,-1.82778936e-01,7.03071615e-03,2.02634609e-02,3.62112078e-04,1.53406285e+00,1.33793404e-04
2.525293,6.19875783e+01,-1.70800513e+01,1.65547668e+01,-1.80349543e-01,7.41534934e-03,2.01995699e-02,2.44407451e-04,1.56205873e+00,1.32550921e-04
2.526934,6.17715260e+01,-1.66934212e+01,1.69678063e+01,-1.42958190e-01,7.60145392e-03,2.00020088e-02,4.76835446e-04,1.58990016e+00,1.32922025e-04
2.528575,6.15371381e+01,-1.61607364e+01,1.72072489e+01,-1.30610857e-01,7.83259438e-03,1.93645734e-02,4.13552383e-04,1.61734144e+00,1.30902922e-04
2.530216,6.12855289e+01,-1.57631097e+01,1.76170960e+01,-1.20128321e-01,8.11039124e-03,1.93236239e-02,3.81205333e-04,1.64426435e+00,1.30083194e-04
2.531856,6.10170502e+01,-1.53426471e+01,1.79751965e+01,-1.12148341e-01,8.24834335e-03,1.91090833e-02,3.32519003e-04,1.66920361e+00,1.28565999e-04
2.533497,6.07321782e+01,-1.50154038e+01,1.84599185e+01,-9.79682613e-02,8.33599887e-03,1.92833427e-02,3.84404795e-04,1.69286867e+00,1.26961583e-04
2.535138,6.04311598e+01,-1.45254175e+01,1.87715497e+01,-1.02438018e-01,8.69767863e-03,1.90814236e-02,2.42461301e-04,1.71561312e+00,1.25340656e-04
2.536779,6.01142543e+01,-1.41022900e+01,1.91210763e+01,-7.43852012e-02,8.79833499e-03,1.89065239e-02,3.89464880e-04,1.73931275e+00,1.24346536e-04
2.538420,5.97818406e+01,-1.35189750e+01,1.92773156e+01,-7.40986831e-02,9.16608046e-03,1.83996614e-02,2.85320060e-04,1.76162970e+00,1.21209576e-04
2.540061,5.94353123e+01,-1.30986470e+01,1.96287218e+01,-5.07373163e-02,9.23910838e-03,1.83435652e-02,3.67237316e-04,1.78067507e+00,1.17664981e-04
2.541702,5.90754419e+01,-1.26159582e+01,1.99050364e+01,-2.91927132e-02,9.47124725e-03,1.81449330e-02,4.35982398e-04,1.80011609e+00,1.16098768e-04
2.543342,5.87025145e+01,-1.18998531e+01,1.97806205e+01,-4.02638947e-02,9.79380487e-03,1.70520847e-02,2.11372917e-04,1.81777237e+00,1.11567369e-04
2.544983,5.83184593e+01,-1.12862345e+01,1.98607197e+01,-1.20500313e-02,1.02868988e-02,1.66371208e-02,3.69010730e-04,1.83391789e+00,1.07798833e-04
2.546624,5.79248109e+01,-1.06102157e+01,1.97103882e+01,-1.66498940e-02,1.04385049e-02,1.55539185e-02,2.32128533e-04,1.84856202e+00,1.03555291e-04
2.548265,5.75230828e+01,-1.01114190e+01,1.98854889e+01,9.66611235e-03,1.06420572e-02,1.53336438e-02,3.89991013e-04,1.86624970e+00,1.00380335e-04
2.549906,5.71141313e+01,-9.57878919e+00,2.00114936e+01,2.14049454e-02,1.09426720e-02,1.50794417e-02,3.64811773e-04,1.87742923e+00,9.67514518e-05
2.551547,5.66986128e+01,-9.29875073e+00,2.05499626e+01,2.12043479e-02,1.07446604e-02,1.54782265e-02,2.71146931e-04,1.88491710e+00,9.37655610e-05
2.553188,5.62763274e+01,-8.75706284e+00,2.06422028e+01,5.90810090e-02,1.10265970e-02,1.51570937e-02,5.13141676e-04,1.89687219e+00,9.12238172e-05
2.554829,5.58476279e+01,-8.00028542e+00,2.02031556e+01,2.53808226e-02,1.13466748e-02,1.37725798e-02,1.13680854e-04,1.90472308e+00,8.57911274e-05
2.556469,5.54145535e+01,-7.43569815e+00,2.01170714e+01,4.01645507e-02,1.14443639e-02,1.31029869e-02,1.80571971e-04,1.91358519e+00,8.15997096e-05
2.558110,5.49783515e+01,-6.96646619e+00,2.02688995e+01,8.02696482e-02,1.15440375e-02,1.29752634e-02,4.93587439e-04,1.92017888e+00,7.86613084e-05
2.559751,5.45394948e+01,-6.42369208e+00,2.02069896e+01,8.99219500e-02,1.16901396e-02,1.24257765e-02,4.57039559e-04,1.92637604e+00,7.47424852e-05
2.561392,5.40988148e+01,-5.90820887e+00,2.01436046e+01,8.36315683e-02,1.17040716e-02,1.18541105e-02,2.90849384e-04,1.93446902e+00,7.12219463e-05
2.563033,5.36568271e+01,-5.38465809e+00,2.00512094e+01,6.07611970e-02,1.18114776e-02,1.13033570e-02,-2.77807868e-06,1.94155536e+00,6.75364470e-05
2.564674,5.32141985e+01,-4.80024299e+00,1.97008296e+01,8.35882148e-02,1.19134686e-02,1.02644347e-02,1.86518958e-04,1.94387049e+00,6.29581360e-05
2.566315,5.27720020e+01,-4.39751005e+00,2.00077635e+01,1.03058143e-01,1.20591107e-02,1.05290131e-02,2.77034666e-04,1.94622744e+00,6.01695253e-05
2.567955,5.23303150e+01,-3.84964486e+00,1.96370001e+01,9.95922480e-02,1.20056279e-02,9.47841003e-03,1.96855852e-04,1.94846580e+00,5.53644533e-05
2.569596,5.18903413e+01,-3.35232697e+00,1.94571221e+01,1.24405689e-01,1.20440189e-02,8.87871169e-03,3.68019464e-04,1.95012044e+00,5.13173232e-05
2.571237,5.14528429e+01,-2.89098423e+00,1.94329684e+01,1.20484587e-01,1.21994518e-02,8.50777247e-03,2.66961762e-04,1.95855843e+00,4.87444172e-05
2.572878,5.10177806e+01,-2.46768157e+00,1.95231412e+01,1.38385518e-01,1.21934759e-02,8.38503535e-03,3.65074385e-04,1.95667053e+00,4.62498529e-05
2.574519,5.05851269e+01,-1.97868246e+00,1.92184217e+01,1.37097056e-01,1.22199525e-02,7.51882548e-03,2.81912984e-04,1.95716426e+00,4.16781934e-05
2.576160,5.01557339e+01,-1.51112744e+00,1.87791677e+01,1.29776736e-01,1.20501460e-02,6.41760427e-03,1.69643734e-04,1.96508865e+00,3.83661852e-05
2.577801,4.97302316e+01,-1.08825285e+00,1.89284471e+01,1.34500470e-01,1.23059814e-02,6.56350717e-03,1.58610938e-04,1.96759563e+00,3.58876237e-05
2.579442,4.93084238e+01,-6.81809940e-01,1.88351977e+01,1.33305324e-01,1.21282565e-02,6.11736087e-03,1.08723188e-04,1.97048182e+00,3.28853467e-05
2.581082,4.88902990e+01,-2.49828001e-01,1.85637880e+01,1.50511575e-01,1.21403650e-02,5.44616950e-03,2.38868353e-04,1.97734835e+00,2.96932711e-05
2.582723,4.84761153e+01,1.51927585e-01,1.84029472e+01,1.50328727e-01,1.20271203e-02,4.93090885e-03,1.81965721e-04,1.97916905e+00,2.72865147e-05
2.584364,4.80658959e+01,5.50632362e-01,1.78162567e+01,1.53885345e-01,1.18180334e-02,3.66857753e-03,1.86584763e-04,1.99137492e+00,2.44340751e-05
2.586005,4.76603347e+01,9.27252201e-01,1.74530521e+01,1.52687953e-01,1.16447950e-02,2.85686728e-03,1.60215434e-04,1.99443660e+00,2.11198017e-05
2.587646,4.72600789e+01,1.29149535e+00,1.74777677e+01,1.47485369e-01,1.15210494e-02,2.78241491e-03,7.19997443e-05,1.99830560e+00,1.91009253e-05
2.589287,4.68648426e+01,1.67120046e+00,1.73190311e+01,1.63661825e-01,1.16148815e-02,2.37889697e-03,1.83686357e-04,2.00923875e+00,1.71952910e-05
2.590928,4.64742389e+01,2.02394839e+00,1.70924400e+01,1.76126399e-01,1.15106985e-02,1.77896225e-03,2.60444140e-04,2.01524441e+00,1.60181137e-05
2.592568,4.60879788e+01,2.36285905e+00,1.70824789e+01,1.73801097e-01,1.12712316e-02,1.62201466e-03,1.61299255e-04,2.02602213e+00,1.36912626e-05
2.594209,4.57060628e+01,2.66183156e+00,1.64442017e+01,1.61508820e-01,1.10157319e-02,3.60390749e-04,3.84378052e-05,2.03258059e+00,1.19914013e-05
2.595850,4.53286598e+01,3.04075133e+00,1.66536607e+01,1.78465775e-01,1.11389883e-02,6.56173419e-04,1.71110953e-04,2.04817088e+00,1.13384279e-05
2.597491,4.49551113e+01,3.38101088e+00,1.65851638e+01,1.72482568e-01,1.10725282e-02,4.39439452e-04,6.15568891e-05,2.06036855e+00,1.07425732e-05
2.599132,4.45848102e+01,3.69677187e+00,1.64127176e+01,1.89394863e-01,1.09045458e-02,4.72373126e-05,2.26495809e-04,2.07240721e+00,1.02472541e-05
2.600773,4.42174448e+01,3.99797043e+00,1.62044434e+01,1.93519964e-01,1.06786576e-02,-4.25233039e-04,2.19702412e-04,2.08330955e+00,9.93687917e-06
2.602414,4.38527872e+01,4.32709697e+00,1.60831441e+01,1.81438530e-01,1.06546890e-02,-8.05614400e-04,6.67756735e-05,2.09589122e+00,1.00057041e-05
2.604055,4.34904615e+01,4.62751604e+00,1.59419711e+01,1.90112032e-01,1.04302284e-02,-1.12892960e-03,1.09035410e-04,2.11104514e+00,1.02778824e-05
2.605695,4.31301027e+01,4.88955730e+00,1.56470821e+01,2.01551676e-01,1.01477568e-02,-1.77077364e-03,1.76943255e-04,2.12883092e+00,1.06559288e-05
2.607336,4.27714165e+01,5.12990352e+00,1.53180478e+01,2.01141336e-01,9.84873718e-03,-2.39886826e-03,1.67282555e-04,2.14800749e+00,1.11813521e-05
2.608977,4.24142688e+01,5.35074630e+00,1.49695205e+01,1.97041222e-01,9.49840416e-03,-3.10140913e-03,1.08382481e-04,2.16811431e+00,1.17373988e-05
2.610618,4.20584578e+01,5.60032183e+00,1.47939613e+01,2.02643254e-01,9.15978692e-03,-3.40674156e-03,1.31408550e-04,2.18520382e+00,1.24917682e-05
2.612259,4.17035773e+01,5.94980783e+00,1.48565930e+01,1.94360464e-01,9.26210325e-03,-3.24925413e-03,-1.07397575e-06,2.20458708e+00,1.31629101e-05
2.613900,4.13489790e+01,6.26703637e+00,1.47600708e+01,2.03732703e-01,9.38659066e-03,-3.45984844e-03,8.01436758e-05,2.21678606e+00,1.40626109e-05
2.615541,4.09941351e+01,6.56569508e+00,1.46826302e+01,2.03013285e-01,9.30990925e-03,-3.56835912e-03,5.06841222e-05,2.24084087e+00,1.45856447e-05
2.617181,4.06385338e+01,6.89132197e+00,1.46451901e+01,2.17796612e-01,9.32855326e-03,-3.64837177e-03,1.38095525e-04,2.25690379e+00,1.54645481e-05
2.618822,4.02816767e+01,7.21659872e+00,1.46248303e+01,2.16317006e-01,9.33095943e-03,-3.62471060e-03,8.30074151e-05,2.28365154e+00,1.59295572e-05
2.620463,3.99230965e+01,7.50949065e+00,1.45249410e+01,2.22439673e-01,9.24775803e-03,-3.80560978e-03,1.06736951e-04,2.30659496e+00,1.65996050e-05
2.622104,3.95623456e+01,7.84422429e+00,1.45058088e+01,2.10337566e-01,9.31326209e-03,-3.79680743e-03,-2.98329026e-05,2.33178049e+00,1.72486319e-05
2.623745,3.91989733e+01,8.02565574e+00,1.41938089e+01,2.23744447e-01,8.91347422e-03,-4.35724328e-03,9.16718359e-05,2.35382507e+00,1.79414794e-05
2.625386,3.88328516e+01,8.14982201e+00,1.37926505e+01,2.16729257e-01,8.37081262e-03,-5.08643513e-03,2.31594882e-05,2.37871252e+00,1.85505868e-05
2.627027,3.84639425e+01,8.26023623e+00,1.33788897e+01,2.21445873e-01,7.89433995e-03,-5.79308297e-03,9.34577784e-05,2.40540538e+00,1.90035591e-05
2.628668,3.80922858e+01,8.50598465e+00,1.32591335e+01,2.19220271e-01,7.66875368e-03,-5.80463479e-03,4.90353296e-05,2.43015556e+00,1.95168104e-05
2.630308,3.77177121e+01,8.82872258e+00,1.32062808e+01,2.18515029e-01,7.86344891e-03,-5.76540323e-03,1.45374705e-05,2.45595606e+00,2.01383616e-05
2.631949,3.73398267e+01,9.27345949e+00,1.33447178e+01,2.33957799e-01,8.36061035e-03,-5.31910279e-03,1.02408859e-04,2.48299991e+00,2.08762140e-05
2.633590,3.69579939e+01,9.67007508e+00,1.33713524e+01,2.34826792e-01,8.73176478e-03,-5.16563273e-03,7.50693633e-05,2.50812979e+00,2.16994125e-05
2.635231,3.65717406e+01,9.92063378e+00,1.31955180e+01,2.56053630e-01,8.61812305e-03,-5.38919628e-03,2.41005703e-04,2.53532203e+00,2.23286948e-05
2.636872,3.61808952e+01,1.02452956e+01,1.31250095e+01,2.52671201e-01,8.64734183e-03,-5.42324833e-03,1.63494103e-04,2.55843515e+00,2.31279457e-05
2.638513,3.57852349e+01,1.04967238e+01,1.29484122e+01,2.41105515e-01,8.47656620e-03,-5.70801302e-03,1.65789494e-05,2.58549731e+00,2.36183828e-05
2.640154,3.53845971e+01,1.09976963e+01,1.30661360e+01,2.62793021e-01,9.09244770e-03,-5.41018006e-03,1.62832844e-04,2.61166731e+00,2.44605501e-05
2.641794,3.49786219e+01,1.12788722e+01,1.29254467e+01,2.51307304e-01,8.98105724e-03,-5.53682536e-03,1.26873751e-05,2.63783144e+00,2.50787383e-05
2.643435,3.45671620e+01,1.16301283e+01,1.28208977e+01,2.67141367e-01,9.19263628e-03,-5.73880145e-03,1.44342660e-04,2.66387893e+00,2.58484916e-05
2.645076,3.41500174e+01,1.18771252e+01,1.26126818e+01,2.78438953e-01,9.01770077e-03,-6.08497276e-03,2.24095031e-04,2.69146422e+00,2.63344117e-05
2.646717,3.37272548e+01,1.20609373e+01,1.23271634e+01,2.77198714e-01,8.71727332e-03,-6.56689433e-03,1.77477482e-04,2.71740166e+00,2.68955923e-05
2.648358,3.32990847e+01,1.22595277e+01,1.20738079e+01,2.70247045e-01,8.44145012e-03,-6.87311799e-03,1.08592501e-04,2.74512489e+00,2.72768256e-05
2.649999,3.28656340e+01,1.26991741e+01,1.20453132e+01,2.78664972e-01,8.89892119e-03,-6.79000018e-03,1.41846376e-04,2.77333373e+00,2.82564612e-05
2.651640,3.24265184e+01,1.31511009e+01,1.20108598e+01,2.86842343e-01,9.33562702e-03,-6.77531401e-03,1.48919996e-04,2.80171203e+00,2.91097255e-05
2.653280,3.19813526e+01,1.34251364e+01,1.18022310e+01,2.76036928e-01,9.26597204e-03,-7.04598639e-03,2.01607701e-05,2.83010339e+00,2.98134609e-05
2.654921,3.15301286e+01,1.35449202e+01,1.14683868e+01,2.88482134e-01,8.68909289e-03,-7.50331686e-03,1.40587573e-04,2.85655198e+00,3.01607861e-05
2.656562,3.10732369e+01,1.38254041e+01,1.12389268e+01,2.80492531e-01,8.71226443e-03,-7.85951036e-03,4.45926376e-05,2.88228509e+00,3.05529917e-05
2.658203,3.06108613e+01,1.41439875e+01,1.10524847e+01,2.80437635e-01,8.84905769e-03,-8.00659149e-03,1.54212413e-05,2.91281704e+00,3.10079200e-05
2.659844,3.01430217e+01,1.43942955e+01,1.08184237e+01,2.99624067e-01,8.68972395e-03,-8.20676496e-03,1.77776687e-04,2.93882390e+00,3.14960547e-05
2.661485,2.96698683e+01,1.47275204e+01,1.06204575e+01,3.06530939e-01,8.83539583e-03,-8.40702093e-03,2.07426044e-04,2.96367320e+00,3.18899678e-05
2.663126,2.91914851e+01,1.47253765e+01,1.01742665e+01,3.02779455e-01,8.14021293e-03,-8.97622421e-03,1.83091937e-04,2.99208825e+00,3.21599244e-05
2.664767,2.87083351e+01,1.49348596e+01,9.88664935e+00,3.01608945e-01,8.01879928e-03,-9.22850841e-03,1.37900496e-04,3.01789478e+00,3.23163205e-05
2.666407,2.82207803e+01,1.51120431e+01,9.56047651e+00,3.05838672e-01,7.86060657e-03,-9.57682051e-03,1.65448297e-04,3.04141427e+00,3.27468934e-05
2.668048,2.77289107e+01,1.56249137e+01,9.45087711e+00,3.14129934e-01,8.52210241e-03,-9.57443345e-03,1.67751000e-04,3.06769827e+00,3.34724775e-05
2.669689,2.72321491e+01,1.58830546e+01,9.16837636e+00,3.04367542e-01,8.55378548e-03,-9.76971070e-03,3.55819686e-05,3.09748162e+00,3.43316370e-05
2.671330,2.67302450e+01,1.60983302e+01,8.84982234e+00,3.04264868e-01,8.49814017e-03,-1.00281056e-02,2.89957248e-05,3.12322230e+00,3.39262627e-05
2.672971,2.62235048e+01,1.63230285e+01,8.52548352e+00,3.23843107e-01,8.42197159e-03,-1.03597057e-02,2.01444371e-04,3.15040375e+00,3.50178430e-05
2.674612,2.57116228e+01,1.66969340e+01,8.28195531e+00,3.08613050e-01,8.77513094e-03,-1.04671192e-02,7.80643109e-06,3.17689418e+00,3.49673769e-05
2.676253,2.51946822e+01,1.66132703e+01,7.78020259e+00,3.18803244e-01,8.14461239e-03,-1.09563114e-02,1.43030945e-04,3.20083907e+00,3.46490229e-05
2.677893,2.46731858e+01,1.69987820e+01,7.52705130e+00,3.27700965e-01,8.48316728e-03,-1.10615564e-02,1.88625491e-04,3.22821046e+00,3.50512167e-05
2.679534,2.41468408e+01,1.70705877e+01,7.10997718e+00,3.13063597e-01,8.13747993e-03,-1.13921720e-02,3.98570187e-05,3.25091714e+00,3.52238276e-05
2.681175,2.36156947e+01,1.71888871e+01,6.71427079e+00,3.19364631e-01,7.96982936e-03,-1.16351006e-02,1.12399126e-04,3.27118663e+00,3.49728041e-05
2.682816,2.30799407e+01,1.73996946e+01,6.33483889e+00,3.29369565e-01,8.02852719e-03,-1.20155234e-02,1.76196091e-04,3.29680105e+00,3.50677440e-05
2.684457,2.25396029e+01,1.77469466e+01,6.00617569e+00,3.31186033e-01,8.33791683e-03,-1.22846926e-02,1.56699951e-04,3.31136110e+00,3.49821195e-05
2.686098,2.19945584e+01,1.77181416e+01,5.52405511e+00,3.32655939e-01,7.97863058e-03,-1.26334544e-02,1.73549044e-04,3.32467129e+00,3.52155813e-05
2.687739,2.14447634e+01,1.78962654e+01,5.11616058e+00,3.28297829e-01,8.01258274e-03,-1.29045152e-02,1.00381259e-04,3.34352852e+00,3.48626019e-05
2.689380,2.08900577e+01,1.80278262e+01,4.68216456e+00,3.33400599e-01,7.91858096e-03,-1.32321267e-02,1.35975248e-04,3.35366571e+00,3.50269743e-05
2.691020,2.03302832e+01,1.77560629e+01,4.13740885e+00,3.26652778e-01,7.20113718e-03,-1.34643299e-02,1.13429373e-04,3.36181693e+00,3.37866875e-05
2.692661,1.97664253e+01,1.75915483e+01,3.62844866e+00,3.34135344e-01,6.71010676e-03,-1.36968254e-02,2.27149574e-04,3.36713172e+00,3.32295393e-05
2.694302,1.91994568e+01,1.73322576e+01,3.10616121e+00,3.20205308e-01,6.08526177e-03,-1.38761935e-02,1.34229389e-04,3.34574535e+00,3.16215811e-05
2.695943,1.86307460e+01,1.69089076e+01,2.56395900e+00,3.06844692e-01,5.27092851e-03,-1.39620085e-02,7.21728853e-05,3.33543281e+00,3.03079413e-05
2.697584,1.80614080e+01,1.69389048e+01,2.09770736e+00,3.17672474e-01,5.27607332e-03,-1.42748040e-02,1.91091305e-04,3.32565127e+00,2.93971518e-05
2.699225,1.74917997e+01,1.68469780e+01,1.60127842e+00,3.14586060e-01,5.13045462e-03,-1.45938472e-02,1.78278343e-04,3.28063524e+00,2.92168764e-05
2.700866,1.69219367e+01,1.68495979e+01,1.11222288e+00,3.03793795e-01,5.16475293e-03,-1.49387877e-02,6.28494933e-05,3.24061047e+00,2.89349140e-05
2.702506,1.63517959e+01,1.66930228e+01,5.84105641e-01,2.98086776e-01,5.09285758e-03,-1.53692539e-02,4.75476259e-05,3.17935642e+00,2.80391131e-05
2.704147,1.57818718e+01,1.62366562e+01,6.99480322e-02,2.94859666e-01,4.44308122e-03,-1.53643649e-02,1.02741703e-04,3.10568067e+00,2.68369253e-05
2.705788,1.52132369e+01,1.61098634e+01,-4.41936696e-01,2.91095707e-01,4.40118088e-03,-1.56918025e-02,9.27440997e-05,3.03078908e+00,2.65788423e-05
2.707429,1.46462558e+01,1.58217852e+01,-9.66440955e-01,2.82556249e-01,4.27423040e-03,-1.60127002e-02,6.28873882e-05,2.92520284e+00,2.54388172e-05
2.709070,1.40818405e+01,1.51065527e+01,-1.44789581e+00,2.65774753e-01,3.43607832e-03,-1.58594204e-02,1.65126641e-05,2.80040749e+00,2.36782173e-05
2.710711,1.35219336e+01,1.41190747e+01,-1.88925844e+00,2.51196495e-01,2.33242296e-03,-1.55649561e-02,4.09469779e-05,2.66152231e+00,2.22828058e-05
2.712352,1.29689554e+01,1.29283453e+01,-2.23968582e+00,2.26974584e-01,1.01287553e-03,-1.48518404e-02,4.17262134e-06,2.50820078e+00,2.08397520e-05
2.713993,1.24261005e+01,1.18532038e+01,-2.56164501e+00,2.05068192e-01,7.70462405e-05,-1.43323800e-02,-2.75171921e-05,2.32853019e+00,1.96584828e-05
2.715633,1.18965841e+01,1.10009923e+01,-2.87456016e+00,1.91009556e-01,-5.76586361e-04,-1.39926704e-02,-1.29484198e-05,2.17384603e+00,1.90667953e-05
2.717274,1.13827884e+01,1.01682677e+01,-3.14558464e+00,1.77521649e-01,-1.15264633e-03,-1.35749517e-02,1.62119465e-06,1.98921232e+00,1.87338199e-05
2.718915,1.08870209e+01,9.16605038e+00,-3.32501328e+00,1.53471705e-01,-1.88983420e-03,-1.29208405e-02,-7.22967831e-05,1.80278852e+00,1.87623440e-05
2.720556,1.04119007e+01,8.32853962e+00,-3.50464913e+00,1.40564418e-01,-2.42922881e-03,-1.24483064e-02,-5.97423808e-05,1.63885666e+00,1.85888720e-05
2.722197,9.95956516e+00,7.47078416e+00,-3.62153382e+00,1.30023529e-01,-2.93403255e-03,-1.18398454e-02,-2.01819753e-05,1.45598152e+00,1.87962133e-05
2.723838,9.53238394e+00,6.46256297e+00,-3.61074053e+00,1.10013183e-01,-3.77969856e-03,-1.08600498e-02,-5.28652811e-05,1.31022614e+00,1.93175673e-05
2.725479,9.13317570e+00,5.75341631e+00,-3.67893997e+00,9.53925530e-02,-4.13571856e-03,-1.03431356e-02,-7.75422507e-05,1.16463543e+00,1.97635916e-05
2.727119,8.76405950e+00,5.16251994e+00,-3.76983031e+00,8.65679325e-02,-4.39573891e-03,-1.00028955e-02,-6.60819093e-05,1.05337283e+00,1.94027182e-05
2.728760,8.42647177e+00,4.47937731e+00,-3.75132687e+00,7.19398630e-02,-4.80025054e-03,-9.33465046e-03,-9.86282187e-05,9.46027535e-01,1.95160732e-05
2.730401,8.12213991e+00,3.73134763e+00,-3.60130122e+00,6.03622294e-02,-5.40956221e-03,-8.15035174e-03,-9.26542080e-05,8.49879161e-01,2.00773053e-05
2.732042,7.85292323e+00,3.27063951e+00,-3.64007041e+00,4.93779334e-02,-5.64502016e-03,-7.82510516e-03,-1.22718682e-04,7.80080291e-01,1.97759512e-05
2.733683,7.61963743e+00,2.78208227e+00,-3.59019203e+00,4.28476520e-02,-5.98281073e-03,-7.06654761e-03,-1.05069795e-04,7.19088221e-01,1.96084890e-05
2.735324,7.42286850e+00,2.27738635e+00,-3.45786703e+00,3.43917411e-02,-6.35178248e-03,-6.07039312e-03,-1.08339546e-04,6.65944817e-01,1.98095582e-05
2.736965,7.26296295e+00,1.92175221e+00,-3.46744569e+00,2.99049937e-02,-6.58360473e-03,-5.65433320e-03,-9.93057799e-05,6.29550858e-01,1.92680476e-05
2.738606,7.13919765e+00,1.57798213e+00,-3.44062617e+00,1.92547817e-02,-6.78039278e-03,-5.05473513e-03,-1.48976785e-04,6.04296516e-01,1.88296763e-05
2.740246,7.05032103e+00,1.24471217e+00,-3.37867424e+00,1.54250867e-02,-6.93050587e-03,-4.35919364e-03,-1.28640084e-04,5.86383461e-01,1.83851168e-05
2.741887,6.99460737e+00,1.00018304e+00,-3.49241614e+00,1.53861666e-02,-7.14426498e-03,-4.32711516e-03,-9.19464936e-05,5.77014053e-01,1.79578663e-05
2.743528,6.96973929e+00,7.70688259e-01,-3.63889454e+00,6.86523403e-03,-7.33155398e-03,-4.32424564e-03,-1.41747897e-04,5.74757591e-01,1.77846484e-05
2.745169,6.97288978e+00,4.78882398e-01,-3.51965507e+00,2.63489948e-03,-7.28749045e-03,-3.48054732e-03,-1.34263437e-04,5.76435212e-01,1.77369984e-05
2.746810,7.00116186e+00,2.34428923e-01,-3.55700377e+00,-3.09423797e-04,-7.37888777e-03,-3.18391454e-03,-1.21161652e-04,5.82852306e-01,1.79279594e-05
2.748451,7.05149459e+00,3.69517995e-03,-3.73439979e+00,-5.62799594e-03,-7.65266586e-03,-3.27793497e-03,-1.35248836e-04,5.96786975e-01,1.86906282e-05
2.750092,7.12064505e+00,-2.36309440e-01,-3.80317932e+00,-7.88934814e-03,-7.74863181e-03,-3.06516401e-03,-1.16805491e-04,6.12633927e-01,1.93121098e-05
2.751732,7.20555677e+00,-4.91617320e-01,-3.99624785e+00,-1.42441301e-02,-8.11199209e-03,-3.16410939e-03,-1.39730456e-04,6.31724694e-01,2.05838731e-05
2.753373,7.30301025e+00,-7.50355463e-01,-4.09460892e+00,-1.61175075e-02,-8.31733627e-03,-3.00125214e-03,-1.18106206e-04,6.54279407e-01,2.21342243e-05
2.755014,7.40987109e+00,-9.93668288e-01,-4.11739826e+00,-2.36147737e-02,-8.31368924e-03,-2.68545628e-03,-1.50879473e-04,6.77436543e-01,2.38570661e-05
2.756655,7.52338977e+00,-1.20853679e+00,-4.03166424e+00,-2.59449686e-02,-8.12026794e-03,-2.18435694e-03,-1.35741604e-04,7.03942701e-01,2.49411728e-05
2.758296,7.64130757e+00,-1.42523036e+00,-3.98885092e+00,-3.40777915e-02,-8.03058366e-03,-1.81489338e-03,-1.78945241e-04,7.31348594e-01,2.61423697e-05
2.759937,7.76159607e+00,-1.54901723e+00,-3.72905687e+00,-3.09554170e-02,-7.42545876e-03,-1.10745131e-03,-1.14999032e-04,7.59420590e-01,2.66018416e-05
2.761578,7.88286695e+00,-1.76123497e+00,-3.74702380e+00,-3.52874505e-02,-7.43190905e-03,-9.83110246e-04,-1.24051961e-04,7.87495107e-01,2.78186459e-05
2.763219,8.00331039e+00,-1.98219267e+00,-3.76679097e+00,-3.89321588e-02,-7.50361972e-03,-8.34130880e-04,-1.29054391e-04,8.16896167e-01,2.95293079e-05
2.764859,8.12091844e+00,-2.24331314e+00,-3.86659419e+00,-4.61285113e-02,-7.73374518e-03,-8.59010872e-04,-1.54319841e-04,8.46173785e-01,3.10020915e-05
2.766500,8.23382177e+00,-2.51935894e+00,-3.96121411e+00,-4.97729716e-02,-8.01307294e-03,-8.30261948e-04,-1.48271170e-04,8.75491469e-01,3.31992828e-05
2.768141,8.33998262e+00,-2.83134572e+00,-4.08833538e+00,-5.40303234e-02,-8.40756437e-03,-8.34809969e-04,-1.47400759e-04,9.04646348e-01,3.51077665e-05
2.769782,8.43764159e+00,-2.97835851e+00,-3.96478021e+00,-5.74741980e-02,-8.13661719e-03,-5.06122719e-04,-1.53231955e-04,9.34106866e-01,3.63903457e-05
2.771423,8.52588358e+00,-3.11074951e+00,-3.83557668e+00,-5.75220030e-02,-7.87152598e-03,-2.28675136e-04,-1.25383592e-04,9.62774397e-01,3.57362461e-05
2.773064,8.60458724e+00,-3.26698901e+00,-3.73809193e+00,-6.46185908e-02,-7.75081867e-03,1.90107815e-05,-1.69869443e-04,9.90848169e-01,3.60751559e-05
2.774705,8.67336951e+00,-3.24522811e+00,-3.44685580e+00,-5.57199475e-02,-7.06933414e-03,4.92369156e-04,-8.04100500e-05,1.01927024e+00,3.66631234e-05
2.776345,8.73271463e+00,-3.14192910e+00,-3.10588734e+00,-5.89650447e-02,-6.23348171e-03,9.08057619e-04,-1.22268076e-04,1.04478848e+00,3.34522415e-05
2.777986,8.78437870e+00,-3.11425855e+00,-2.87290259e+00,-5.39717449e-02,-5.69625522e-03,1.17234415e-03,-7.23810985e-05,1.07148344e+00,3.34630138e-05
2.779627,8.82918431e+00,-3.10746894e+00,-2.67315897e+00,-5.44959178e-02,-5.31505361e-03,1.38050900e-03,-7.80774565e-05,1.09603091e+00,3.18812915e-05
2.781268,8.86758223e+00,-3.24913313e+00,-2.61339991e+00,-5.62709142e-02,-5.35412156e-03,1.46256477e-03,-7.44876213e-05,1.12013779e+00,3.36356043e-05
2.782909,8.89887842e+00,-3.09494708e+00,-2.31302091e+00,-5.57431549e-02,-4.61372913e-03,1.75886465e-03,-8.74323737e-05,1.14226496e+00,3.28473720e-05
2.784550,8.92448001e+00,-3.08321190e+00,-2.15254544e+00,-5.56570902e-02,-4.31644960e-03,1.83779972e-03,-8.32347064e-05,1.16439213e+00,3.09715064e-05
2.786191,8.94558844e+00,-3.05175453e+00,-1.98678387e+00,-5.59704711e-02,-4.00023270e-03,1.91485078e-03,-8.73446572e-05,1.18347373e+00,2.95666265e-05
2.787832,8.96274843e+00,-3.03598173e+00,-1.83015710e+00,-5.30353056e-02,-3.76772406e-03,2.05637658e-03,-6.17118709e-05,1.19974333e+00,2.98756037e-05
2.789472,8.97592063e+00,-3.36089866e+00,-1.89399220e+00,-5.66559696e-02,-4.37495347e-03,2.00592015e-03,-5.20039354e-05,1.21492356e+00,3.13562105e-05
2.791113,8.98450816e+00,-2.97048947e+00,-1.53814417e+00,-5.20857620e-02,-3.21990873e-03,2.16509365e-03,-6.39002730e-05,1.22909751e+00,2.85829197e-05
2.792754,8.99040966e+00,-2.81743069e+00,-1.34527116e+00,-5.05480944e-02,-2.69608024e-03,2.18646678e-03,-6.36604140e-05,1.23736150e+00,2.63607166e-05
2.794395,8.99534349e+00,-2.49862388e+00,-1.08335430e+00,-4.27258982e-02,-1.82608081e-03,2.25527415e-03,-2.34318234e-05,1.25040763e+00,2.56389193e-05
2.796036,9.00057291e+00,-2.34139331e+00,-9.22585894e-01,-4.17275805e-02,-1.38419831e-03,2.23381662e-03,-3.71691476e-05,1.25655439e+00,2.44203051e-05
2.797677,9.00703798e+00,-2.47024100e+00,-8.89719978e-01,-4.17184675e-02,-1.64358840e-03,2.19900239e-03,-1.79775123e-05,1.26512278e+00,2.35258089e-05
2.799318,9.01466601e+00,-2.57933639e+00,-8.45120414e-01,-4.24090386e-02,-1.83376131e-03,2.16684849e-03,-1.39470927e-05,1.27301450e+00,2.32627464e-05
2.800958,9.02246680e+00,-2.75982850e+00,-8.20111145e-01,-4.58669360e-02,-2.13935014e-03,2.17392506e-03,-2.61972558e-05,1.27962299e+00,2.57035169e-05
2.802599,9.02910176e+00,-2.82611905e+00,-7.48609462e-01,-4.90362555e-02,-2.21233658e-03,2.18486359e-03,-5.05165231e-05,1.28216479e+00,2.54198274e-05
2.804240,9.03419735e+00,-3.12661654e+00,-7.38767339e-01,-5.12743258e-02,-2.79183048e-03,2.24713060e-03,-2.63148412e-05,1.28304947e+00,2.51772854e-05
2.805881,9.03688889e+00,-3.12035572e+00,-6.42552890e-01,-5.48011976e-02,-2.64957452e-03,2.24090191e-03,-6.03506023e-05,1.28388391e+00,2.58114696e-05
2.807522,9.03655425e+00,-3.34551241e+00,-5.92441844e-01,-5.85650417e-02,-3.03161363e-03,2.34140716e-03,-6.81402718e-05,1.28593344e+00,2.62050584e-05
2.809163,9.03247625e+00,-2.98410653e+00,-4.29829826e-01,-4.70065873e-02,-2.14693979e-03,2.22556333e-03,-3.63790883e-06,1.28346001e+00,2.45477154e-05
2.810804,9.02568620e+00,-2.81765207e+00,-3.16640921e-01,-4.73202032e-02,-1.76328089e-03,2.15903398e-03,-3.07257815e-05,1.28043138e+00,2.01677115e-05
2.812445,9.01755985e+00,-2.95013667e+00,-2.51500309e-01,-4.80489388e-02,-1.97001203e-03,2.21610276e-03,-2.09414495e-05,1.27728042e+00,2.04323225e-05
2.814085,9.00759658e+00,-2.96398336e+00,-1.71399258e-01,-5.13833891e-02,-1.92568428e-03,2.20547926e-03,-4.80279158e-05,1.27513094e+00,1.91630531e-05
2.815726,8.99559203e+00,-2.78444879e+00,-7.62869532e-02,-4.89211947e-02,-1.48837002e-03,2.12886747e-03,-4.38769027e-05,1.27188503e+00,1.72871426e-05
2.817367,8.98188476e+00,-2.84737247e+00,-1.19935174e-03,-4.52376604e-02,-1.56726426e-03,2.17254442e-03,9.83347298e-07,1.27094818e+00,1.61304858e-05
2.819008,8.96638981e+00,-3.00169090e+00,7.74854952e-02,-5.24874798e-02,-1.82528200e-03,2.29041023e-03,-5.12215920e-05,1.27238412e+00,1.46933540e-05
2.820649,8.94871513e+00,-2.83017734e+00,1.51756327e-01,-4.57951600e-02,-1.38702595e-03,2.15601982e-03,-5.93715575e-06,1.27041764e+00,1.29392323e-05
2.822290,8.92899380e+00,-2.52201467e+00,2.06561757e-01,-3.66025692e-02,-6.67412430e-04,1.88460839e-03,4.10393305e-05,1.27050157e+00,1.06856864e-05
2.823931,8.90770503e+00,-2.41345602e+00,2.66561542e-01,-3.91116387e-02,-3.99340465e-04,1.81492907e-03,3.57729736e-06,1.27378742e+00,8.13785171e-06
2.825571,8.88507494e+00,-2.37344554e+00,3.24072511e-01,-3.89901807e-02,-2.80272126e-04,1.77153088e-03,-5.68467465e-07,1.28085085e+00,7.45756918e-06
2.827212,8.86069466e+00,-2.45089868e+00,3.89944865e-01,-4.07297562e-02,-4.17721359e-04,1.78413509e-03,-7.94161542e-06,1.28929731e+00,5.77183915e-06
2.828853,8.83409987e+00,-2.36602444e+00,4.39364708e-01,-3.99969853e-02,-1.82683542e-04,1.71647677e-03,-1.31968515e-05,1.30230659e+00,4.95020232e-06
2.830494,8.80481491e+00,-2.17263039e+00,4.63175630e-01,-3.44210816e-02,2.68867800e-04,1.51543906e-03,1.79762638e-05,1.31323409e+00,3.33887679e-06
2.832135,8.77261898e+00,-2.09965992e+00,4.96549442e-01,-3.46310498e-02,4.48131486e-04,1.38311966e-03,5.44908584e-06,1.32832493e+00,2.04321650e-06
2.833776,8.73714144e+00,-1.88615973e+00,5.03790213e-01,-3.06972801e-02,9.11047236e-04,1.19768835e-03,1.92937801e-05,1.34351942e+00,1.01188619e-06
2.835417,8.69798450e+00,-1.63713885e+00,4.84810936e-01,-2.50735350e-02,1.43901697e-03,8.87586005e-04,4.43220580e-05,1.36350592e+00,1.27722621e-07
2.837058,8.65472483e+00,-1.68587947e+00,5.33942935e-01,-2.51710907e-02,1.28723338e-03,9.01456277e-04,4.20192332e-05,1.38459336e+00,5.72777974e-07
2.838698,8.60678327e+00,-1.74663902e+00,5.91958914e-01,-2.45985383e-02,1.12379496e-03,9.68353977e-04,5.00546936e-05,1.40702448e+00,9.32925979e-07
2.840339,8.55363165e+00,-1.74314707e+00,6.34379861e-01,-2.65378713e-02,1.09739430e-03,9.88855734e-04,2.91314073e-05,1.42908489e+00,1.39860040e-06
2.841980,8.49485493e+00,-1.68922126e+00,6.51801501e-01,-2.72016326e-02,1.20259750e-03,8.67228416e-04,1.25024533e-05,1.45346979e+00,1.79647937e-06
2.843621,8.43010384e+00,-1.80656351e+00,7.40178802e-01,-2.68594073e-02,9.28118488e-04,1.08441280e-03,2.54887950e-05,1.47671539e+00,2.22960669e-06
2.845262,8.35906880e+00,-1.71134542e+00,7.46147586e-01,-2.32233083e-02,1.18575510e-03,9.36126991e-04,4.61155020e-05,1.49960512e+00,2.75266885e-06
2.846903,8.28164496e+00,-1.69031513e+00,7.76460261e-01,-2.48337826e-02,1.22226840e-03,8.87048178e-04,2.54134551e-05,1.52342931e+00,3.32305956e-06
2.848544,8.19784710e+00,-1.67043392e+00,8.15046943e-01,-2.29338151e-02,1.24331332e-03,9.21938165e-04,3.91615483e-05,1.54451291e+00,3.97907419e-06
2.850184,8.10781362e+00,-1.49633336e+00,7.75501407e-01,-2.28209531e-02,1.68214598e-03,6.11043513e-04,1.91152057e-05,1.57031375e+00,4.53092194e-06
2.851825,8.01191039e+00,-1.41992279e+00,7.81720137e-01,-2.09048306e-02,1.84391944e-03,5.23366046e-04,2.63102710e-05,1.59402899e+00,5.35080695e-06
2.853466,7.91049222e+00,-1.53293792e+00,8.84327276e-01,-2.09979013e-02,1.41462615e-03,8.58334526e-04,3.27015140e-05,1.61629013e+00,6.21926928e-06
2.855107,7.80381269e+00,-1.36353398e+00,8.38654154e-01,-1.92087394e-02,1.86812218e-03,5.36883829e-04,3.20321718e-05,1.64008988e+00,6.94416035e-06
2.856748,7.69256393e+00,-1.32889451e+00,8.63173436e-01,-2.15193707e-02,1.86002013e-03,5.47579289e-04,7.96455740e-07,1.66536310e+00,7.72907945e-06
2.858389,7.57741301e+00,-1.28337347e+00,8.81928651e-01,-1.95694685e-02,1.88490670e-03,5.32669794e-04,1.69291631e-05,1.68633852e+00,8.54229807e-06
2.860030,7.45899114e+00,-1.26556815e+00,9.18787499e-01,-2.04367640e-02,1.84216845e-03,5.88768759e-04,3.79865590e-06,1.70854452e+00,9.57702893e-06
2.861670,7.33784187e+00,-1.20009886e+00,9.25826937e-01,-1.70817060e-02,1.93695371e-03,5.23216523e-04,2.55973688e-05,1.73167868e+00,1.04161656e-05
2.863311,7.21486532e+00,-1.09257680e+00,9.05075525e-01,-1.79273654e-02,2.13098383e-03,3.77180385e-04,5.56196790e-06,1.75499058e+00,1.09004924e-05
2.864952,7.09124535e+00,-1.05198649e+00,9.25183306e-01,-1.59694787e-02,2.09379242e-03,3.88337901e-04,1.96052995e-05,1.77962524e+00,1.16803526e-05
2.866593,6.96775646e+00,-1.05391185e+00,9.85816160e-01,-1.77932606e-02,1.96703997e-03,5.76066912e-04,3.50817322e-06,1.80539980e+00,1.26763380e-05
2.868234,6.84509398e+00,-1.03110992e+00,1.02781619e+00,-1.76428058e-02,1.92014086e-03,6.66039419e-04,3.99854094e-06,1.82958483e+00,1.31107686e-05
2.869875,6.72402685e+00,-1.00980176e+00,1.07837100e+00,-1.73702740e-02,1.89370869e-03,7.80160828e-04,4.45521146e-06,1.85642008e+00,1.46389394e-05
2.871516,6.60513355e+00,-7.29180578e-01,8.62122345e-01,-1.17479359e-02,2.28410332e-03,-4.80736334e-05,2.82863741e-05,1.88134083e+00,1.37914870e-05
2.873157,6.49103117e+00,-6.86251611e-01,8.81910506e-01,-1.34920589e-02,2.25167972e-03,1.03570619e-05,7.66350115e-06,1.90491732e+00,1.41138789e-05
2.874797,6.38301827e+00,-6.13651911e-01,8.59191542e-01,-1.26691380e-02,2.21139460e-03,-8.24795812e-05,1.09253146e-05,1.93230182e+00,1.46745815e-05
2.876438,6.28167564e+00,-6.90453065e-01,1.02652928e+00,-1.46294459e-02,2.05709140e-03,4.04010103e-04,5.26269256e-06,1.95647132e+00,1.54215529e-05
2.878079,6.18660570e+00,-6.46614181e-01,1.05425711e+00,-1.51704948e-02,2.04067637e-03,4.48276626e-04,-7.03983907e-07,1.98237553e+00,1.67796671e-05
2.879720,6.09781449e+00,-7.13587437e-01,1.25024294e+00,-1.77255429e-02,1.99236203e-03,9.37029832e-04,-8.71449287e-06,2.00026271e+00,1.79203751e-05
2.881361,6.01503947e+00,-6.75203893e-01,1.31045046e+00,-1.84697054e-02,2.01362450e-03,1.05601127e-03,-1.25745357e-05,2.01660972e+00,1.80324908e-05
2.883002,5.93837723e+00,-5.62914694e-01,1.23274049e+00,-1.63478822e-02,1.97020484e-03,8.14881572e-04,-2.03307165e-06,2.03154228e+00,1.82339031e-05
2.884643,5.86842693e+00,-4.53436831e-01,1.14855579e+00,-1.74918173e-02,1.93767949e-03,5.84457201e-04,-2.23776598e-05,2.03383672e+00,1.83593776e-05
2.886283,5.80611659e+00,-3.67868277e-01,1.08957599e+00,-1.82271838e-02,1.86323096e-03,4.46826835e-04,-3.50037082e-05,2.02468330e+00,1.64762629e-05
2.887924,5.75203571e+00,-3.35857219e-01,1.15290956e+00,-1.81814472e-02,1.86468173e-03,5.61856510e-04,-2.37153846e-05,2.01533017e+00,1.79024962e-05
2.889565,5.70550589e+00,-1.81934135e-01,8.57759414e-01,-1.39497911e-02,1.61022199e-03,-7.08861390e-05,-1.43249336e-05,1.99727855e+00,1.66333325e-05
2.891206,5.66802230e+00,-1.47451826e-01,8.90123454e-01,-1.54345731e-02,1.58676770e-03,2.28700414e-05,-2.52043369e-05,1.96110510e+00,1.45899400e-05
2.892847,5.64027762e+00,-1.43020616e-01,1.06147502e+00,-1.86035541e-02,1.68852110e-03,3.77612238e-04,-3.62381321e-05,1.92363784e+00,1.36306883e-05
2.894488,5.62173128e+00,-8.08014853e-02,9.98783604e-01,-1.90037617e-02,1.60466539e-03,2.40350387e-04,-4.01506383e-05,1.88455931e+00,1.41936165e-05
2.896129,5.61138073e+00,-8.47528903e-02,1.40419263e+00,-2.66045288e-02,2.01324916e-03,9.91959159e-04,-6.03035993e-05,1.85151923e+00,1.60134300e-05
2.897770,5.60733514e+00,-1.78091720e-02,1.38058570e+00,-2.61373314e-02,1.97734869e-03,9.16732200e-04,-5.08890825e-05,1.79278974e+00,1.58305750e-05
2.899410,5.60930188e+00,5.81529358e-02,9.30691032e-01,-1.62235686e-02,1.40638647e-03,9.66040047e-05,-7.02851996e-06,1.74097358e+00,1.26200562e-05
2.901051,5.61862139e+00,1.06136201e-01,1.27839692e+00,-2.66164638e-02,1.83036007e-03,7.22705258e-04,-6.03099369e-05,1.69587794e+00,1.17313127e-05
2.902692,5.63447524e+00,1.64978707e-01,1.29650321e+00,-2.77161948e-02,1.85743757e-03,7.15120406e-04,-5.98182126e-05,1.65830457e+00,1.21257359e-05
2.904333,5.65584122e+00,2.00652344e-01,1.08864427e+00,-2.45554564e-02,1.56456097e-03,3.49042673e-04,-4.87974453e-05,1.61932656e+00,1.00436026e-05
2.905974,5.68297309e+00,2.32104525e-01,9.84374681e-01,-2.15994417e-02,1.39941080e-03,1.59374813e-04,-2.60249159e-05,1.58785247e+00,9.21591580e-06
2.907615,5.71571242e+00,2.27345648e-01,7.50627527e-01,-1.65243115e-02,1.00541637e-03,-2.00791795e-04,-9.44374292e-06,1.55131776e+00,6.16709055e-06
2.909256,5.75402779e+00,3.52249396e-01,1.12953459e+00,-2.65141944e-02,1.60713794e-03,3.83484902e-04,-3.95493736e-05,1.53198593e+00,7.02729199e-06
2.910896,5.79649860e+00,5.33482000e-01,1.59084549e+00,-3.98339312e-02,2.37416829e-03,1.05330268e-03,-8.24196152e-05,1.52306292e+00,6.89379256e-06
2.912537,5.84189830e+00,4.10718134e-01,1.00709566e+00,-2.46172519e-02,1.38986869e-03,9.16672561e-05,-2.39200762e-05,1.51092099e+00,6.04773033e-06
2.914178,5.89001698e+00,4.56088201e-01,1.00826719e+00,-2.72704844e-02,1.39223825e-03,8.14020345e-05,-4.18594462e-05,1.50152717e+00,3.92863076e-06
2.915819,5.94054292e+00,5.61295680e-01,1.15582782e+00,-3.02250849e-02,1.65527199e-03,2.50100919e-04,-3.49401871e-05,1.50028903e+00,3.70614035e-06
2.917460,5.99264291e+00,6.20499650e-01,1.17265418e+00,-3.20311338e-02,1.69377672e-03,2.31915835e-04,-4.04927564e-05,1.50730437e+00,2.62763262e-06
2.919101,6.04567953e+00,7.45864098e-01,1.30919826e+00,-3.80159696e-02,2.00125580e-03,3.54105793e-04,-5.99760030e-05,1.51739001e+00,2.18944701e-06
2.920742,6.09891194e+00,7.84075515e-01,1.27621280e+00,-3.76247718e-02,1.91265838e-03,2.38415969e-04,-5.18404419e-05,1.53360018e+00,1.69504067e-06
2.922383,6.15168908e+00,7.44887656e-01,1.10910427e+00,-3.53796047e-02,1.58043642e-03,-6.58634206e-05,-5.43259903e-05,1.54807928e+00,1.12958472e-06
2.924023,6.20341436e+00,1.00149638e+00,1.43209884e+00,-4.56756180e-02,2.26089083e-03,2.98320291e-04,-7.18678941e-05,1.57024893e+00,1.11056759e-06
2.925664,6.25336710e+00,1.11014393e+00,1.49070398e+00,-4.72595432e-02,2.39923447e-03,2.66698020e-04,-5.94983068e-05,1.59216802e+00,1.22155401e-06
2.927305,6.30092874e+00,9.97168510e-01,1.23768522e+00,-4.08931178e-02,1.81532920e-03,-1.75080744e-04,-4.15882591e-05,1.61816044e+00,1.39833373e-06
2.928946,6.34563942e+00,1.12589900e+00,1.31711761e+00,-4.40246780e-02,2.04584488e-03,-1.67046899e-04,-3.65014513e-05,1.64567133e+00,1.91941444e-06
2.930587,6.38695593e+00,1.22590240e+00,1.35739064e+00,-5.10855656e-02,2.13549540e-03,-2.05168435e-04,-7.84284036e-05,1.67211811e+00,2.36891237e-06
2.932228,6.42439278e+00,1.19946733e+00,1.24639028e+00,-4.31222536e-02,1.85393269e-03,-4.23061531e-04,-1.07989296e-05,1.70147166e+00,2.63354008e-06
2.933869,6.45757694e+00,1.40623683e+00,1.39057204e+00,-5.42564085e-02,2.27367481e-03,-3.29936495e-04,-6.45144968e-05,1.73072726e+00,3.45150288e-06
2.935509,6.48595795e+00,1.45950822e+00,1.36052828e+00,-5.34211553e-02,2.21206650e-03,-4.81990936e-04,-4.57828050e-05,1.76245574e+00,3.94668149e-06
2.937150,6.50915791e+00,1.57535098e+00,1.39171668e+00,-5.55242693e-02,2.31781621e-03,-5.50524914e-04,-3.87944182e-05,1.79368619e+00,4.66049750e-06
2.938791,6.52680306e+00,1.62591760e+00,1.35546791e+00,-5.83780775e-02,2.22688840e-03,-7.12328382e-04,-5.60600732e-05,1.82529337e+00,5.22757423e-06
2.940432,6.53868190e+00,1.54418791e+00,1.20622357e+00,-5.51860985e-02,1.75091959e-03,-1.00352496e-03,-4.92546120e-05,1.85715059e+00,5.30191884e-06
2.942073,6.54493876e+00,1.39651920e+00,1.02412963e+00,-4.73748028e-02,1.08893722e-03,-1.25644517e-03,-1.05008126e-05,1.88600286e+00,5.33726926e-06
2.943714,6.54587565e+00,1.17602933e+00,7.94392608e-01,-3.88117656e-02,2.48119298e-04,-1.59472691e-03,1.69148337e-05,1.91596820e+00,5.38966715e-06
2.945355,6.54185270e+00,1.35663619e+00,8.73265107e-01,-4.82741922e-02,7.00092158e-04,-1.45392129e-03,-3.40751164e-05,1.94211194e+00,5.58745619e-06
2.946996,6.53274890e+00,1.48395306e+00,9.00251269e-01,-5.07172769e-02,9.50212283e-04,-1.44062976e-03,-2.50275594e-05,1.96529469e+00,6.22457090e-06
2.948636,6.51829406e+00,1.38764662e+00,7.89045615e-01,-4.54379238e-02,4.93138042e-04,-1.52610874e-03,3.89170070e-06,1.99109043e+00,6.22818693e-06
2.950277,6.49868618e+00,1.48734653e+00,7.91872219e-01,-4.82523146e-02,6.78489276e-04,-1.53614053e-03,-2.69149159e-06,2.01319753e+00,6.58145569e-06
2.951918,6.47388900e+00,1.54617401e+00,7.68395443e-01,-4.82481515e-02,7.64179929e-04,-1.55242608e-03,7.18235920e-06,2.03728854e+00,6.63839142e-06
2.953559,6.44391870e+00,1.50798560e+00,6.93261429e-01,-4.98798414e-02,4.88500062e-04,-1.63820261e-03,-1.52581137e-05,2.06157700e+00,6.94353727e-06
2.955200,6.40887691e+00,1.49608177e+00,6.34771688e-01,-4.79604255e-02,3.33564090e-04,-1.67773654e-03,2.58749564e-07,2.08599539e+00,7.03592297e-06
2.956841,6.36893689e+00,1.51425208e+00,5.90333403e-01,-4.88140199e-02,2.82807835e-04,-1.71073479e-03,-5.44208391e-06,2.10818326e+00,7.12955260e-06
2.958482,6.32427230e+00,1.56053396e+00,5.56987750e-01,-5.05467599e-02,3.57106313e-04,-1.71984947e-03,-9.66891358e-06,2.13142994e+00,7.15451454e-06
2.960122,6.27501890e+00,1.56767949e+00,5.08296624e-01,-5.06459982e-02,2.75615948e-04,-1.74180701e-03,-9.28928004e-06,2.14727075e+00,7.21430536e-06
2.961763,6.22131482e+00,1.48064968e+00,4.27046313e-01,-4.69392620e-02,-1.61565187e-04,-1.78530509e-03,1.05878320e-05,2.16987243e+00,7.12585370e-06
2.963404,6.16365702e+00,1.54665518e+00,4.01130314e-01,-4.92441175e-02,7.28400632e-05,-1.73963300e-03,-1.97048042e-06,2.18486397e+00,6.74271852e-06
2.965045,6.10227153e+00,1.50064275e+00,3.36160104e-01,-4.76420202e-02,-1.91161592e-04,-1.77611308e-03,6.80815580e-06,2.20077890e+00,6.99588151e-06
2.966686,6.03722381e+00,1.63103670e+00,3.16582858e-01,-5.21983760e-02,2.45831070e-04,-1.81459130e-03,-1.42268819e-05,2.21939659e+00,6.92286456e-06
2.968327,5.96847870e+00,1.63944963e+00,2.67436500e-01,-5.15111425e-02,2.06735162e-04,-1.82000936e-03,-4.18759662e-06,2.23331017e+00,6.85420869e-06
2.969968,5.89603492e+00,1.69648882e+00,2.27082397e-01,-5.29368482e-02,2.99303423e-04,-1.84933614e-03,-3.60330779e-06,2.24842136e+00,6.99217509e-06
2.971609,5.82004186e+00,1.59109937e+00,1.55440677e-01,-4.84361359e-02,-1.78997288e-04,-1.83889457e-03,2.05807901e-05,2.26160736e+00,6.48798648e-06
2.973249,5.74115808e+00,1.63522940e+00,1.09817335e-01,-5.20123112e-02,-3.53307774e-05,-1.86162736e-03,-7.08955435e-06,2.27046678e+00,6.22859507e-06
2.974890,5.65956008e+00,1.56571673e+00,5.15823676e-02,-5.04039594e-02,-3.27417152e-04,-1.79515630e-03,-3.14902950e-06,2.28480961e+00,5.88027750e-06
2.976531,5.57544736e+00,1.49869126e+00,1.70078708e-04,-4.77404093e-02,-5.55126633e-04,-1.73071378e-03,1.18180936e-05,2.30355293e+00,5.77501785e-06
2.978172,5.48930642e+00,1.41712720e+00,-5.08559080e-02,-4.63277275e-02,-8.18504328e-04,-1.64901423e-03,8.99446824e-06,2.31789925e+00,5.37068008e-06
2.979813,5.40168875e+00,1.32846964e+00,-9.68533590e-02,-4.27668547e-02,-1.08232118e-03,-1.54190029e-03,2.87474789e-05,2.33200123e+00,5.04428553e-06
2.981454,5.31298884e+00,1.32853332e+00,-1.40931435e-01,-4.34213086e-02,-1.00925158e-03,-1.51953793e-03,2.17734184e-05,2.34464005e+00,4.75848972e-06
2.983095,5.22342454e+00,1.31568936e+00,-1.83117786e-01,-4.39207333e-02,-1.01577690e-03,-1.47083770e-03,1.64146148e-05,2.36401100e+00,4.62470475e-06
2.984735,5.13298398e+00,1.48813175e+00,-2.53122417e-01,-5.06567517e-02,-4.67350971e-04,-1.75718553e-03,-6.79752179e-06,2.37606964e+00,4.54826726e-06
2.986376,5.04128653e+00,1.68803990e+00,-3.39454306e-01,-5.64429916e-02,8.64995533e-05,-2.11271917e-03,-1.28223231e-05,2.39475744e+00,4.54455677e-06
2.988017,4.94787818e+00,1.59606371e+00,-3.82469456e-01,-5.48332336e-02,-2.61422537e-04,-1.98566766e-03,-1.19785048e-05,2.40948678e+00,4.43521848e-06
2.989658,4.85289698e+00,1.56870645e+00,-4.34402514e-01,-5.56653163e-02,-3.75386560e-04,-1.95586876e-03,-2.08450735e-05,2.42858462e+00,4.07142949e-06
2.991299,4.75672097e+00,1.55063977e+00,-4.89528072e-01,-5.53648847e-02,-4.52646382e-04,-1.95541249e-03,-1.54907976e-05,2.44570025e+00,3.71408279e-06
2.992940,4.65958716e+00,1.65468749e+00,-5.82937745e-01,-6.07431970e-02,-2.20156784e-04,-2.20570086e-03,-3.56752358e-05,2.46671152e+00,3.45147784e-06
2.994581,4.56149229e+00,1.56517170e+00,-6.17059483e-01,-5.75250658e-02,-5.02101409e-04,-2.03623925e-03,-1.70169871e-05,2.48924975e+00,3.41685540e-06
2.996222,4.46254615e+00,1.51466771e+00,-6.64633254e-01,-5.78128696e-02,-6.72807919e-04,-1.97328229e-03,-2.18803541e-05,2.51000319e+00,3.07242218e-06
2.997862,4.36296582e+00,1.57967475e+00,-7.58445435e-01,-5.96744687e-02,-5.55139547e-04,-2.16187371e-03,-1.39751630e-05,2.53446804e+00,2.75296567e-06
2.999503,4.26275076e+00,1.48820763e+00,-7.85589273e-01,-5.81990345e-02,-8.05281745e-04,-1.97070948e-03,-1.15668086e-05,2.56025913e+00,2.76252703e-06
3.001144,4.16193699e+00,1.60014370e+00,-9.18541154e-01,-6.59722807e-02,-6.33906557e-04,-2.33088182e-03,-4.38260564e-05,2.58367579e+00,2.54612218e-06
3.002785,4.06052709e+00,1.61850643e+00,-1.01067457e+00,-6.75260366e-02,-6.79947628e-04,-2.44410816e-03,-3.65807397e-05,2.60715505e+00,2.17864828e-06
3.004426,3.95855011e+00,1.56452552e+00,-1.06044212e+00,-6.87228834e-02,-8.47714365e-04,-2.33793481e-03,-4.63236806e-05,2.63623891e+00,2.23656855e-06
3.006067,3.85612336e+00,1.41224198e+00,-1.04392656e+00,-6.34426425e-02,-1.13865013e-03,-1.98217654e-03,-2.26076278e-05,2.66386124e+00,1.69457475e-06
3.007708,3.75382464e+00,1.36572755e+00,-1.09562916e+00,-6.28591296e-02,-1.24294386e-03,-1.93314099e-03,-1.52714322e-05,2.69484387e+00,1.51325586e-06
3.009348,3.65163356e+00,1.48184080e+00,-1.27763255e+00,-7.04421450e-02,-1.12714623e-03,-2.37459312e-03,-3.18292332e-05,2.72599818e+00,1.50173533e-06
3.010989,3.54918022e+00,1.53211365e+00,-1.42642544e+00,-7.55637948e-02,-1.15795682e-03,-2.64522760e-03,-3.83970115e-05,2.75340784e+00,1.82445800e-06
3.012630,3.44640106e+00,1.30515305e+00,-1.32395613e+00,-6.65921498e-02,-1.46125130e-03,-2.00841534e-03,-1.12423323e-05,2.78196290e+00,1.07946976e-06
3.014271,3.34399903e+00,8.73649572e-01,-9.81967696e-01,-4.80236061e-02,-1.87448193e-03,-6.06215757e-04,2.34771479e-05,2.81072535e+00,1.08861652e-06
3.015912,3.24285860e+00,8.53656858e-01,-1.03966351e+00,-4.85453036e-02,-1.84524976e-03,-6.54352850e-04,2.61561753e-05,2.83861985e+00,1.38797631e-06
3.017553,3.14339269e+00,8.93198961e-01,-1.17509564e+00,-5.49016126e-02,-1.79561282e-03,-9.42358411e-04,1.50271157e-06,2.86588596e+00,1.35192952e-06
3.019194,3.04533938e+00,8.99512675e-01,-1.28845987e+00,-5.94999233e-02,-1.82173797e-03,-1.12851918e-03,-1.29833090e-05,2.88300223e+00,7.99013953e-07
3.020835,2.94832837e+00,8.25087561e-01,-1.29918149e+00,-5.86577966e-02,-1.88105942e-03,-1.00511698e-03,-1.07906184e-05,2.90137788e+00,8.68925783e-07
3.022475,2.85252051e+00,7.78980320e-01,-1.35088454e+00,-5.92098832e-02,-1.92465586e-03,-1.00911928e-03,-8.06215730e-06,2.90645012e+00,9.70533942e-07
3.024116,2.75797078e+00,7.92223460e-01,-1.51632812e+00,-6.45511287e-02,-2.00456018e-03,-1.32485676e-03,-1.32146668e-05,2.91616094e+00,7.62144514e-07
3.025757,2.66437223e+00,6.50557435e-01,-1.40069219e+00,-5.86417256e-02,-2.01174026e-03,-8.70646895e-04,-2.51464662e-06,2.91963453e+00,7.85099596e-07
3.027398,2.57173070e+00,8.33523924e-01,-1.99061095e+00,-8.27246519e-02,-2.35016740e-03,-2.24707840e-03,-5.26620969e-05,2.91881986e+00,1.28812944e-06
3.029039,2.47910595e+00,7.01891209e-01,-1.92739314e+00,-7.84634058e-02,-2.41640279e-03,-1.92342433e-03,-3.88326918e-05,2.89193368e+00,1.77816651e-06
3.030680,2.38609851e+00,6.34240628e-01,-2.03067464e+00,-8.24235379e-02,-2.58004769e-03,-2.02599244e-03,-5.25909778e-05,2.85135482e+00,2.03398506e-06
3.032321,2.29252315e+00,5.75681018e-01,-2.20317703e+00,-8.88782383e-02,-2.82607408e-03,-2.29339931e-03,-6.83889807e-05,2.81095831e+00,2.30236340e-06
3.033961,2.19817404e+00,4.85623990e-01,-2.31698997e+00,-9.23634499e-02,-3.04546483e-03,-2.45026528e-03,-7.50327062e-05,2.72769597e+00,2.06094586e-06
3.035602,2.10299353e+00,3.30195569e-01,-2.12486576e+00,-8.49028336e-02,-2.96581492e-03,-1.92047867e-03,-6.78762783e-05,2.63848783e+00,2.21308778e-06
3.037243,2.00733503e+00,2.12156939e-01,-2.08161354e+00,-8.32108466e-02,-3.02373533e-03,-1.77559013e-03,-6.86495379e-05,2.53348545e+00,2.00337796e-06
3.038884,1.91144352e+00,1.02901573e-01,-2.15311523e+00,-8.48177378e-02,-3.24649487e-03,-1.92333963e-03,-6.74242596e-05,2.40531952e+00,2.50228420e-06
3.040525,1.81498627e+00,-1.93639718e-02,-2.14415014e+00,-8.56959817e-02,-3.39564040e-03,-1.94856964e-03,-8.60899061e-05,2.24479306e+00,2.85984207e-06
3.042166,1.71775940e+00,-1.54333378e-01,-2.30227696e+00,-9.18619835e-02,-3.85545420e-03,-2.38308895e-03,-1.05931981e-04,2.09622196e+00,3.71900321e-06
3.043807,1.61926086e+00,-2.60578083e-01,-1.97964451e+00,-8.08685125e-02,-3.53233386e-03,-1.91546681e-03,-1.04395423e-04,1.86986968e+00,3.45742096e-06
3.045447,1.52019507e+00,-3.10569292e-01,-1.52078047e+00,-6.19176042e-02,-2.90214120e-03,-1.19778539e-03,-6.56255296e-05,1.63908214e+00,2.58657561e-06
3.047088,1.42185131e+00,-4.25398821e-01,-1.53636835e+00,-6.35026187e-02,-3.24172917e-03,-1.61509651e-03,-8.92313689e-05,1.43239512e+00,3.02821212e-06
3.048729,1.32431613e+00,-4.20711356e-01,-1.14849632e+00,-4.91023102e-02,-2.65840527e-03,-1.18240853e-03,-7.75302721e-05,1.19239460e+00,2.76337994e-06
3.050370,1.22870585e+00,-4.48805128e-01,-9.62975383e-01,-4.28354294e-02,-2.57914408e-03,-1.27928677e-03,-8.75904366e-05,9.88752522e-01,2.86547360e-06
3.052011,1.13597597e+00,-3.26753761e-01,-5.33998719e-01,-2.50008756e-02,-1.58866180e-03,-6.34677562e-04,-5.13095977e-05,7.92314411e-01,3.00362364e-06
3.053652,1.04760394e+00,-2.76038068e-01,-3.48435791e-01,-1.70990394e-02,-1.29397992e-03,-6.28669942e-04,-4.46518374e-05,6.16166007e-01,3.36734381e-06
3.055293,9.65224612e-01,-2.32821831e-01,-2.21763827e-01,-1.21987139e-02,-1.16056929e-03,-7.21773421e-04,-5.03677276e-05,4.76905250e-01,3.50074154e-06
3.056934,8.90326967e-01,-1.21853687e-01,-6.34067774e-02,-4.68429920e-03,-5.80678521e-04,-5.28430838e-04,-3.29295814e-05,3.57292196e-01,3.79356723e-06
3.058574,8.24914668e-01,-4.04504037e-02,1.89181631e-02,-2.74912981e-04,-2.11070029e-04,-4.54014306e-04,-2.24014449e-05,2.71025330e-01,3.95731314e-06
3.060215,7.71127897e-01,4.58208300e-02,6.88850181e-02,3.21790533e-03,2.75678556e-04,-3.57316850e-04,-7.44039466e-06,2.12057841e-01,3.98921270e-06
3.061856,7.31025855e-01,5.91027036e-02,6.20163872e-02,3.12564154e-03,2.63247340e-04,-3.86797646e-04,-9.12026206e-06,1.69471726e-01,3.91423357e-06
3.063497,7.06162279e-01,5.96446246e-02,5.01647474e-02,2.83281196e-03,2.14732524e-04,-3.64292132e-04,-7.72037200e-06,1.44766442e-01,3.68769150e-06
3.065138,6.97296125e-01,2.70969919e-03,4.03667644e-02,1.39549825e-03,-1.34796836e-04,-1.82483748e-04,-8.89859713e-06,1.35483588e-01,3.55369084e-06
3.066779,7.03981320e-01,5.09564801e-02,3.03453872e-02,2.03526577e-03,7.36696009e-05,-3.45454072e-04,-9.45200149e-06,1.30869553e-01,3.35523048e-06
3.068420,7.25132640e-01,7.48239592e-02,1.26918811e-02,2.08518608e-03,1.38398711e-04,-4.49006505e-04,-1.00673420e-05,1.31284958e-01,2.92639865e-06
3.070060,7.59175754e-01,1.14364084e-01,-2.22928985e-02,1.93040827e-03,2.17592906e-04,-6.68475399e-04,-1.38617564e-05,1.37373223e-01,2.19312422e-06
3.071701,8.04298239e-01,1.47323636e-01,-6.81539373e-02,1.26244215e-03,2.27778648e-04,-9.00877842e-04,-2.01825660e-05,1.50038865e-01,2.06332733e-06
3.073342,8.58493413e-01,9.38692785e-02,-4.54284476e-02,7.18873520e-04,7.93544718e-05,-5.68945926e-04,-1.43943242e-05,1.67328381e-01,2.44295629e-06
3.074983,9.19690083e-01,1.30572066e-01,-1.09040212e-01,-4.04391189e-05,6.71401478e-05,-8.75485279e-04,-2.05097254e-05,1.86333431e-01,2.44439775e-06
3.076624,9.86329981e-01,1.71406786e-02,2.80512528e-02,7.65837808e-04,-2.07455850e-05,1.11938254e-05,-3.53145816e-06,2.08538860e-01,3.11941872e-06
3.078265,1.05670180e+00,-1.20536280e-02,8.06959455e-02,1.73139513e-03,-4.53784148e-06,2.74007634e-04,5.96106857e-06,2.32187692e-01,3.44807653e-06
3.079906,1.12961954e+00,4.71487248e-02,-3.72698991e-02,-1.03463672e-05,-3.39105301e-05,-2.86119971e-04,-8.10274204e-06,2.57449221e-01,3.11359092e-06
3.081547,1.20461513e+00,9.43052564e-02,-1.75423632e-01,-2.34100100e-03,-1.20139267e-04,-8.29117767e-04,-2.11158492e-05,2.83979620e-01,3.01192806e-06
3.083187,1.28146712e+00,8.77195436e-02,-1.98169801e-01,-3.06369778e-03,-1.63905968e-04,-8.10073494e-04,-2.18026659e-05,3.11374407e-01,2.41593503e-06
3.084828,1.36000885e+00,8.64225596e-02,-2.49534124e-01,-4.18741277e-03,-2.32766711e-04,-9.14224194e-04,-2.40851846e-05,3.39894577e-01,3.10044333e-06
3.086469,1.43988172e+00,6.30454454e-02,-2.03936173e-01,-3.65520990e-03,-2.16732811e-04,-6.55360851e-04,-1.93237088e-05,3.68984336e-01,3.15046184e-06
3.088110,1.52062060e+00,1.84553904e-02,4.10252293e-02,1.76613574e-03,1.08283472e-05,1.94761824e-04,8.47220297e-06,3.98794539e-01,4.08825915e-06
3.089751,1.60120697e+00,2.97901665e-02,-6.57183140e-02,-9.25504004e-04,-8.89296349e-05,-1.59194608e-04,-5.43275127e-06,4.28561049e-01,4.72399616e-06
3.091392,1.68132949e+00,2.77122706e-02,-9.46617677e-02,-2.01716514e-03,-1.21854796e-04,-2.32120358e-04,-1.10914953e-05,4.58930669e-01,4.53378119e-06
3.093033,1.76106719e+00,2.40973116e-02,-7.34648198e-02,-1.41670415e-03,-9.06559222e-05,-1.50761373e-04,-6.91933747e-06,4.89250998e-01,4.53376127e-06
3.094673,1.84042939e+00,1.78553642e-02,-1.65989475e-01,-3.54264186e-03,-2.03220609e-04,-3.83957655e-04,-1.24735378e-05,5.19823975e-01,4.48323220e-06
3.096314,1.91948901e+00,4.46211968e-03,-2.70646527e-01,-6.29358232e-03,-3.35260344e-04,-6.26511378e-04,-1.99369269e-05,5.50614242e-01,4.30575782e-06
3.097955,1.99852151e+00,-7.37313931e-04,-2.26668435e-01,-5.06680658e-03,-2.82831453e-04,-4.48305840e-04,-1.18741347e-05,5.80967410e-01,3.85601030e-06
3.099596,2.07760734e+00,-6.62364204e-03,-2.11102169e-01,-5.38323909e-03,-2.66042513e-04,-3.75226665e-04,-1.55002792e-05,6.11874687e-01,4.53488957e-06
3.101237,2.15630734e+00,-6.33702476e-03,-1.69080270e-01,-3.77137173e-03,-2.10065946e-04,-2.59548806e-04,-5.83082500e-06,6.42893702e-01,5.28063446e-06
3.102878,2.23413349e+00,1.19493191e-02,-5.30434915e-02,-1.04170567e-03,-4.82174409e-05,9.35456323e-06,2.38172482e-07,6.73784501e-01,5.99960800e-06
3.104519,2.31088298e+00,-3.18385756e-02,-2.36636430e-01,-5.99170155e-03,-3.03333510e-04,-3.91940161e-04,-1.27210708e-05,7.04872703e-01,4.85598892e-06
3.106160,2.38710003e+00,-4.15648711e-02,-2.44628880e-01,-6.26717593e-03,-3.21460319e-04,-3.83924765e-04,-1.24641875e-05,7.35489825e-01,4.89231321e-06
3.107800,2.46284268e+00,-7.65181283e-02,-3.41281956e-01,-9.61163323e-03,-4.64759503e-04,-5.76706220e-04,-2.40741918e-05,7.66022613e-01,5.33444585e-06
3.109441,2.53832420e+00,-8.87467936e-02,-3.47124588e-01,-9.30928617e-03,-4.74256197e-04,-5.33165293e-04,-1.66925998e-05,7.96797055e-01,4.48147468e-06
3.111082,2.61375676e+00,-1.14245562e-01,-3.93692934e-01,-1.14542737e-02,-5.42416999e-04,-5.97271618e-04,-2.60789737e-05,8.26858149e-01,4.70348138e-06
3.112723,2.68902060e+00,-9.20207138e-02,-3.05324358e-01,-8.34130913e-03,-4.00726328e-04,-3.79780187e-04,-1.31409308e-05,8.57708918e-01,5.02988729e-06
3.114364,2.76408908e+00,-1.96434879e-01,-5.43341410e-01,-1.63320190e-02,-7.80819743e-04,-8.20518294e-04,-3.60984088e-05,8.88524138e-01,4.31853739e-06
3.116005,2.83950309e+00,-1.22766155e-01,-3.38276616e-01,-9.77354999e-03,-4.33271510e-04,-3.55377273e-04,-1.42368545e-05,9.18793616e-01,4.70850423e-06
3.117646,2.91493291e+00,-1.99515669e-01,-4.84917366e-01,-1.47786622e-02,-6.84094736e-04,-6.22386861e-04,-2.58843612e-05,9.49141800e-01,5.35776509e-06
3.119286,2.99033322e+00,-2.16192440e-01,-4.92284591e-01,-1.62040785e-02,-6.88521737e-04,-5.81280923e-04,-3.47050569e-05,9.79598159e-01,4.45413233e-06
3.120927,3.06592097e+00,-1.57469252e-01,-3.53176501e-01,-1.10197317e-02,-4.32673307e-04,-2.76690018e-04,-1.40585800e-05,1.00917254e+00,4.83180112e-06
3.122568,3.14127354e+00,-1.10318259e-02,-6.64900951e-02,-1.54009884e-03,9.25061933e-05,2.70267373e-04,9.71733713e-06,1.03988606e+00,6.10272211e-06
3.124209,3.21540606e+00,1.17588069e-01,1.61547812e-01,6.68731502e-03,5.11287858e-04,6.59590034e-04,3.10307120e-05,1.07010220e+00,7.52004041e-06
3.125850,3.28727719e+00,2.04003632e-01,2.99980915e-01,1.11249796e-02,7.46051221e-04,8.44791573e-04,3.50549313e-05,1.10010298e+00,9.18090186e-06
3.127491,3.35608365e+00,3.20662561e-01,4.71292943e-01,1.67709800e-02,1.07425440e-03,1.08988327e-03,4.21462452e-05,1.12950442e+00,8.88068173e-06
3.129132,3.42157327e+00,3.96876999e-01,5.69503352e-01,2.03305127e-02,1.24169026e-03,1.19036879e-03,4.64366481e-05,1.15813342e+00,8.97194312e-06
3.130773,3.48337754e+00,4.80103185e-01,6.67545810e-01,2.48002678e-02,1.41869987e-03,1.26460583e-03,5.90650006e-05,1.18787507e+00,9.49811490e-06
3.132413,3.54139334e+00,3.52396763e-01,4.59875908e-01,1.80015020e-02,9.78233752e-04,8.30712865e-04,4.40442038e-05,1.21455175e+00,8.53959330e-06
3.134054,3.59616269e+00,4.87577640e-01,6.25147528e-01,2.35819164e-02,1.30084659e-03,1.04184579e-03,4.64719817e-05,1.24257859e+00,9.10691746e-06
3.135695,3.64729729e+00,6.11729460e-01,7.59352311e-01,2.92241132e-02,1.59156066e-03,1.19090953e-03,5.59509777e-05,1.26826116e+00,8.64367920e-06
3.137336,3.69471090e+00,5.67699742e-01,6.74952757e-01,2.73862150e-02,1.37602654e-03,9.55335949e-04,5.48028297e-05,1.29508483e+00,9.22576198e-06
3.138977,3.73852819e+00,5.90788475e-01,6.77467175e-01,2.95802959e-02,1.37127372e-03,9.05602659e-04,6.74856490e-05,1.32079979e+00,7.85966690e-06
3.140618,3.77919376e+00,6.08622464e-01,6.73518333e-01,2.73652051e-02,1.33926078e-03,8.29031336e-04,4.02202361e-05,1.34705136e+00,8.25178884e-06
3.142259,3.81676549e+00,5.68510597e-01,6.02060007e-01,2.54141355e-02,1.16903953e-03,6.51291657e-04,3.76005175e-05,1.36999363e+00,7.75174688e-06
3.143899,3.85143181e+00,7.73012988e-01,8.00937099e-01,3.52834543e-02,1.63282344e-03,9.08488114e-04,6.36146100e-05,1.39705663e+00,8.51666869e-06
3.145540,3.88273925e+00,6.97293372e-01,6.91047547e-01,3.05108611e-02,1.35770115e-03,6.63892586e-04,4.33441827e-05,1.41967637e+00,8.20990845e-06
3.147181,3.91102074e+00,6.11952189e-01,5.80863576e-01,2.57476370e-02,1.07123913e-03,4.54972415e-04,2.85730729e-05,1.44438513e+00,6.90209693e-06
3.148822,3.93698652e+00,4.70159708e-01,4.22198716e-01,1.88169975e-02,6.61072674e-04,1.78624403e-04,1.15502485e-05,1.47071832e+00,5.96607847e-06
3.150463,3.96113082e+00,4.47242608e-01,3.86317201e-01,1.79777871e-02,5.53117674e-04,1.00323782e-04,1.27260002e-05,1.49227176e+00,6.06679823e-06
3.152104,3.98360847e+00,6.49771900e-01,5.56898091e-01,2.72259268e-02,1.01530250e-03,3.51367963e-04,3.87717441e-05,1.51751046e+00,6.52229274e-06
3.153745,4.00402674e+00,8.77890995e-01,7.33823476e-01,3.61457190e-02,1.52482277e-03,5.67875904e-04,5.37578912e-05,1.54335437e+00,7.33556973e-06
3.155386,4.02177515e+00,7.39779314e-01,5.92985704e-01,2.83818058e-02,1.10668610e-03,3.26779459e-04,2.15830093e-05,1.56377744e+00,6.58728628e-06
3.157026,4.03731795e+00,5.35216711e-01,4.05319392e-01,2.13566925e-02,5.60328256e-04,2.83734510e-05,1.91066049e-05,1.58661767e+00,5.39036745e-06
3.158667,4.05137798e+00,7.28378203e-01,5.42243193e-01,2.91376791e-02,9.96626316e-04,2.21882157e-04,3.58900618e-05,1.61134158e+00,5.46880182e-06
3.160308,4.06366044e+00,5.07275007e-01,3.55201752e-01,2.00601839e-02,3.97978305e-04,-8.91511901e-05,1.43446876e-05,1.63604554e+00,5.92376226e-06
3.161949,4.07433280e+00,1.73720876e-01,9.94891386e-02,6.11969965e-03,-4.23890661e-04,-4.42235132e-04,-2.03812871e-05,1.65688746e+00,4.24538983e-06
3.163590,4.08460347e+00,7.82968929e-02,2.80279882e-02,2.54038170e-03,-6.26714341e-04,-5.07836443e-04,-2.43947182e-05,1.68015812e+00,3.46514411e-06
3.165231,4.09496598e+00,2.19939134e-01,1.23929441e-01,8.66911739e-03,-2.74362718e-04,-3.39039679e-04,-6.42501889e-06,1.70401505e+00,3.63444850e-06
3.166872,4.10528424e+00,1.36477194e-02,-1.65667445e-02,-5.63117936e-04,-7.34280729e-04,-5.00271405e-04,-3.44716507e-05,1.72790426e+00,2.77423968e-06
3.168512,4.11598361e+00,-3.65864615e-03,-2.65621419e-02,-7.87405824e-04,-7.31853575e-04,-4.63390138e-04,-2.81931555e-05,1.75407141e+00,2.40342427e-06
3.170153,4.12701325e+00,5.74017806e-02,1.22322297e-02,1.65405939e-03,-5.74355167e-04,-3.86068313e-04,-2.14136422e-05,1.77672500e+00,3.16657562e-06
3.171794,4.13798149e+00,2.05184675e-01,9.87666541e-02,7.59681660e-03,-2.04237057e-04,-2.43537762e-04,-4.18353463e-06,1.80339340e+00,3.06364495e-06
3.173435,4.14864851e+00,8.23119511e-02,2.60236658e-02,3.36043757e-03,-4.86306527e-04,-3.18462219e-04,-9.46268034e-06,1.82914588e+00,3.32738322e-06
3.175076,4.15884281e+00,2.00985253e-01,9.00518913e-02,5.43817714e-03,-1.96887628e-04,-2.20381163e-04,-2.30859493e-05,1.85343258e+00,3.65560311e-06
3.176717,4.16834876e+00,-2.85215537e-02,-3.74005217e-02,-3.12193356e-04,-7.22657713e-04,-3.82567554e-04,-1.49034993e-05,1.87750279e+00,3.15920480e-06
3.178358,4.17752296e+00,2.73430922e-03,-2.01403799e-02,-6.13632403e-04,-6.17982863e-04,-3.29817694e-04,-2.62134699e-05,1.90104094e+00,2.97283807e-06
3.179999,4.18634636e+00,2.03117282e-01,8.41975204e-02,7.00027685e-03,-1.58037886e-04,-1.62298256e-04,-6.66861609e-06,1.93000241e+00,3.54923077e-06
3.181639,4.19427283e+00,7.16110938e-01,3.35184427e-01,2.59465032e-02,9.90132285e-04,1.87922903e-04,3.75841793e-05,1.95653419e+00,4.22532660e-06
3.183280,4.20044556e+00,9.44500702e-01,4.32697136e-01,3.44997046e-02,1.42989923e-03,2.79408048e-04,5.66642345e-05,1.97938380e+00,5.16917451e-06
3.184921,4.20418670e+00,8.96583965e-01,3.96265587e-01,3.16938495e-02,1.22939473e-03,1.93366335e-04,3.97812337e-05,2.00388975e+00,5.13095370e-06
3.186562,4.20559213e+00,9.56830679e-01,4.09558332e-01,3.47798152e-02,1.30209523e-03,1.86931678e-04,5.48801818e-05,2.02339343e+00,4.66250827e-06
3.188203,4.20473110e+00,1.25934573e+00,5.27974456e-01,4.48571280e-02,1.88190281e-03,3.16047010e-04,6.80894705e-05,2.04404526e+00,5.18217651e-06
3.189844,4.20106417e+00,1.38288374e+00,5.61612988e-01,4.99767661e-02,2.03606758e-03,3.10524526e-04,8.22896183e-05,2.06674975e+00,5.64175767e-06
3.191485,4.19433186e+00,1.45551092e+00,5.71575194e-01,5.20184279e-02,2.07866122e-03,2.81093781e-04,7.95924483e-05,2.08917126e+00,5.11878921e-06
3.193125,4.18466681e+00,1.34140071e+00,5.06417396e-01,4.67488454e-02,1.68895722e-03,1.49620871e-04,5.63100115e-05,2.10286068e+00,4.88155711e-06
3.194766,4.17219875e+00,1.67347997e+00,6.12619863e-01,5.80293338e-02,2.33085664e-03,2.50507622e-04,7.73733808e-05,2.12249021e+00,5.04676813e-06
3.196407,4.15667120e+00,1.79626172e+00,6.33209280e-01,6.33609315e-02,2.46379373e-03,2.19959882e-04,9.46625221e-05,2.14547934e+00,4.94810497e-06
3.198048,4.13802311e+00,1.77894729e+00,6.01168581e-01,6.31319472e-02,2.28546656e-03,1.29160145e-04,9.21554991e-05,2.15644399e+00,4.24379999e-06
3.199689,4.11650891e+00,1.81793340e+00,5.89103583e-01,6.22976659e-02,2.23040842e-03,6.33523274e-05,7.02866639e-05,2.17729624e+00,4.26984102e-06
3.201330,4.09222690e+00,1.81669856e+00,5.62281865e-01,6.16798765e-02,2.09540110e-03,-1.90072447e-05,6.14084852e-05,2.19355876e+00,3.99398415e-06
3.202971,4.06536660e+00,1.70474460e+00,5.02091936e-01,5.76867018e-02,1.69477181e-03,-1.35365822e-04,4.82580113e-05,2.20854663e+00,3.65118874e-06
3.204612,4.03616118e+00,1.87862547e+00,5.30812230e-01,6.47342809e-02,1.99220745e-03,-1.15636875e-04,6.98669383e-05,2.22393467e+00,3.12170884e-06
3.206252,4.00460739e+00,1.96010905e+00,5.27266260e-01,6.73462090e-02,2.04203269e-03,-1.63864857e-04,7.22269916e-05,2.23933346e+00,3.42339340e-06
3.207893,3.97061373e+00,1.90735971e+00,4.84140893e-01,6.48156156e-02,1.77084056e-03,-2.62467968e-04,5.54431677e-05,2.25497090e+00,2.57019998e-06
3.209534,3.93452506e+00,1.73919542e+00,4.16408404e-01,5.81406437e-02,1.23254456e-03,-3.56800721e-04,3.23497485e-05,2.26563884e+00,2.05640234e-06
3.211175,3.89671603e+00,1.54876866e+00,3.47978716e-01,5.18800103e-02,6.75944519e-04,-4.33577548e-04,1.78653437e-05,2.28035934e+00,1.37816944e-06
3.212816,3.85753228e+00,1.43115667e+00,3.00078514e-01,4.78517189e-02,3.25186203e-04,-4.88264133e-04,6.78000344e-06,2.30063201e+00,1.13886081e-06
3.214457,3.81714947e+00,1.31447814e+00,2.56293870e-01,4.40163134e-02,-2.97434466e-06,-5.22038203e-04,-1.92932714e-06,2.32217852e+00,7.50321573e-07
3.216098,3.77577782e+00,1.31137699e+00,2.39418935e-01,4.27729223e-02,-2.48177344e-05,-5.14246541e-04,-1.12280568e-05,2.34386631e+00,6.75840751e-07
3.217738,3.73343376e+00,1.47859173e+00,2.51756924e-01,4.86486896e-02,4.00215772e-04,-5.02204229e-04,7.80869835e-06,2.36609973e+00,6.80834709e-07
3.219379,3.68997929e+00,1.42947446e+00,2.23846502e-01,4.64644848e-02,2.28553485e-04,-5.23111110e-04,-1.50954256e-06,2.38283512e+00,4.82115530e-07
3.221020,3.64545224e+00,1.44425314e+00,2.08379110e-01,4.84190240e-02,2.26756251e-04,-5.23652082e-04,1.37441261e-05,2.40335673e+00,4.43720783e-07
3.222661,3.59982991e+00,1.48153674e+00,1.94301669e-01,4.78663175e-02,3.00893269e-04,-5.36667137e-04,-1.65604018e-06,2.42795073e+00,3.29743886e-07
3.224302,3.55315856e+00,1.27648953e+00,1.48116139e-01,4.24656933e-02,-2.92880783e-04,-5.55648460e-04,-6.46950445e-06,2.44418473e+00,4.28295916e-07
3.225943,3.50558741e+00,1.21337165e+00,1.25169952e-01,3.94206670e-02,-4.75283843e-04,-5.46947766e-04,-2.08470968e-05,2.46944785e+00,4.43558284e-07
3.227584,3.45718315e+00,1.20608900e+00,1.08910911e-01,4.08004269e-02,-4.67448777e-04,-5.38477521e-04,-4.43806224e-06,2.49055513e+00,4.76939126e-07
3.229225,3.40798735e+00,1.01097928e+00,7.54245952e-02,3.32065938e-02,-1.03133064e-03,-5.27942665e-04,-3.53099445e-05,2.51129483e+00,6.44082845e-07
3.230865,3.35809263e+00,1.18549532e+00,7.62784887e-02,3.80621851e-02,-4.62218299e-04,-5.25735410e-04,-2.56034039e-05,2.53236180e+00,5.66283816e-07
3.232506,3.30742096e+00,1.09780943e+00,5.60927370e-02,3.52823160e-02,-7.15986613e-04,-5.04556461e-04,-3.08487146e-05,2.55148250e+00,6.65356596e-07
3.234147,3.25598686e+00,1.12504905e+00,4.34111817e-02,3.76639257e-02,-6.17622211e-04,-5.02846672e-04,-1.37195189e-05,2.57092130e+00,6.86338569e-07
3.235788,3.20377971e+00,1.16042277e+00,2.99064005e-02,3.90219765e-02,-4.76630645e-04,-5.07303540e-04,-7.98330885e-06,2.59277797e+00,7.22580357e-07
3.237429,3.15077820e+00,1.34431793e+00,1.91851099e-02,4.50628443e-02,1.31318981e-04,-5.50907680e-04,1.15496261e-05,2.61377618e+00,6.83313173e-07
3.239070,3.09682276e+00,1.42541237e+00,1.77894942e-03,4.67059940e-02,3.60462710e-04,-5.89576961e-04,1.05474558e-05,2.63543489e+00,7.39463423e-07
3.240711,3.04174275e+00,1.67480779e+00,-1.84505813e-02,5.62344366e-02,1.09973484e-03,-6.91852046e-04,4.99351097e-05,2.65922996e+00,9.71809879e-07
3.242351,2.98525914e+00,1.76563933e+00,-4.08079093e-02,5.76377805e-02,1.20159444e-03,-7.37354564e-04,3.69760301e-05,2.66499248e+00,1.11146212e-06
3.243992,2.92729008e+00,1.82002664e+00,-6.72797080e-02,6.02249274e-02,1.23166065e-03,-7.96276506e-04,4.68720975e-05,2.68899967e+00,1.27777485e-06
3.245633,2.86778450e+00,1.83893714e+00,-9.38542912e-02,6.00238098e-02,1.14732257e-03,-8.39913605e-04,3.63425758e-05,2.71129790e+00,1.29607496e-06
3.247274,2.80681718e+00,1.67463122e+00,-1.08814472e-01,5.51080830e-02,4.04153427e-04,-7.65307831e-04,1.64453935e-05,2.73143842e+00,1.34487874e-06
3.248915,2.74460406e+00,1.67785781e+00,-1.33687787e-01,5.47467468e-02,3.17325865e-04,-7.93532723e-04,7.63618911e-06,2.75166111e+00,1.38479287e-06
3.250556,2.68128477e+00,1.73578355e+00,-1.64522805e-01,5.72749601e-02,4.46206077e-04,-8.62488174e-04,1.86529529e-05,2.77002979e+00,1.59670650e-06
3.252197,2.61681214e+00,1.77330990e+00,-1.94371666e-01,5.84302269e-02,4.85006156e-04,-9.10766606e-04,1.78846502e-05,2.79352630e+00,1.74689002e-06
3.253837,2.55112124e+00,1.82336634e+00,-2.24980966e-01,5.90167791e-02,5.74111408e-04,-9.48571635e-04,1.12384834e-05,2.81736979e+00,1.92138414e-06
3.255478,2.48414319e+00,1.87065152e+00,-2.63419136e-01,6.06463997e-02,5.97565572e-04,-1.04463683e-03,1.33114837e-05,2.82768872e+00,1.99706443e-06
3.257119,2.41590684e+00,1.93567981e+00,-3.01621391e-01,6.25675570e-02,7.44018219e-04,-1.11527945e-03,1.58363100e-05,2.84885914e+00,2.07600466e-06
3.258760,2.34634872e+00,1.92474831e+00,-3.31792738e-01,6.31758223e-02,5.51289661e-04,-1.12676765e-03,1.76574930e-05,2.86214445e+00,2.33862529e-06
3.260401,2.27546678e+00,1.89423105e+00,-3.59718287e-01,6.26998051e-02,3.55601675e-04,-1.13407992e-03,1.48959014e-05,2.88402699e+00,2.26687049e-06
3.262042,2.20350560e+00,1.85595880e+00,-3.86175904e-01,6.07172806e-02,1.65927838e-04,-1.13434356e-03,4.25105140e-07,2.90906108e+00,2.30021736e-06
3.263683,2.13057028e+00,1.90921469e+00,-4.34099305e-01,6.28231781e-02,2.72281122e-04,-1.24654439e-03,8.06862997e-06,2.92401616e+00,2.59719260e-06
3.265324,2.05651574e+00,1.88524168e+00,-4.64573311e-01,6.18914822e-02,1.37747823e-04,-1.25007742e-03,2.56714502e-06,2.94642053e+00,2.66479005e-06
3.266964,1.98145671e+00,1.79039732e+00,-4.78026752e-01,5.90161797e-02,-1.75112824e-04,-1.17917929e-03,-6.11980762e-06,2.97014026e+00,2.52657062e-06
3.268605,1.90575846e+00,1.80390196e+00,-5.20608310e-01,5.91621595e-02,-1.50452535e-04,-1.25426277e-03,-8.77235279e-06,2.99559721e+00,2.66179183e-06
3.270246,1.82932826e+00,2.03869582e+00,-6.32853994e-01,6.81915053e-02,4.54066960e-04,-1.62787042e-03,2.30971538e-05,3.01217813e+00,3.54876769e-06
3.271887,1.75136356e+00,1.98987982e+00,-6.66048980e-01,6.56374552e-02,2.48598882e-04,-1.62761347e-03,5.04080939e-06,3.02837728e+00,3.30091737e-06
3.273528,1.67188010e+00,2.03471890e+00,-7.33596153e-01,6.79952519e-02,3.17582152e-04,-1.78446923e-03,1.50345916e-05,3.04861877e+00,3.49544254e-06
3.275169,1.59068656e+00,2.24563736e+00,-8.67026589e-01,7.44160129e-02,7.27188324e-04,-2.17194121e-03,2.08530601e-05,3.06020462e+00,4.29322860e-06
3.276810,1.50700753e+00,2.12223000e+00,-8.81642146e-01,7.10972661e-02,4.07173327e-04,-2.09012651e-03,1.50057597e-05,3.07307805e+00,4.14274652e-06
3.278450,1.42079802e+00,2.08102051e+00,-9.29592142e-01,6.99980367e-02,2.84711108e-04,-2.14069317e-03,1.05449172e-05,3.08213687e+00,4.70235634e-06
3.280091,1.33201019e+00,1.79429654e+00,-8.63459492e-01,6.05766004e-02,-2.54002979e-04,-1.78182651e-03,-8.05481076e-06,3.04348573e+00,4.12954041e-06
3.281732,1.24165115e+00,1.67403222e+00,-8.70998338e-01,5.82216824e-02,-4.29951962e-04,-1.74518913e-03,-1.51331890e-06,3.01152329e+00,3.44020270e-06
3.283373,1.15066768e+00,1.36893253e+00,-7.72918218e-01,4.79663430e-02,-8.46945083e-04,-1.35464787e-03,-1.97602689e-05,2.89708942e+00,3.01551283e-06
3.285014,1.06004770e+00,1.24499146e+00,-7.66336742e-01,4.39369259e-02,-9.14303446e-04,-1.33287977e-03,-2.42831432e-05,2.73232751e+00,2.92790257e-06
3.286655,9.70449584e-01,1.27393754e+00,-8.59031630e-01,4.53388360e-02,-6.61503541e-04,-1.72228922e-03,-1.59043307e-05,2.40458468e+00,2.98429323e-06
3.288296,8.81748210e-01,1.12303858e+00,-8.37901822e-01,4.08692885e-02,-6.37301285e-04,-1.73773490e-03,-1.15218668e-05,2.06696302e+00,2.87414701e-06
3.289937,7.93835525e-01,8.10048431e-01,-6.81943418e-01,3.02420564e-02,-7.34874968e-04,-1.36225637e-03,-1.53282424e-05,1.58812709e+00,2.95147147e-06
3.291577,7.07806697e-01,7.00236202e-01,-6.74654963e-01,2.76021660e-02,-3.51970596e-04,-1.69399920e-03,5.99618411e-06,1.16343323e+00,2.66965744e-06
3.293218,6.24336468e-01,3.13373864e-01,-3.69328154e-01,1.29948072e-02,-6.72455417e-04,-6.65696448e-04,-1.53319329e-05,7.24625290e-01,3.87541529e-06
3.294859,5.46425360e-01,1.60235368e-01,-2.46903536e-01,7.03719799e-03,-6.54483153e-04,-3.52035945e-04,-1.94150680e-05,4.32417378e-01,5.13225263e-06
3.296500,4.77027629e-01,6.30973893e-02,-1.54713682e-01,3.51801310e-03,-7.39269507e-04,1.81304894e-05,-2.29481417e-05,2.49193553e-01,5.95726802e-06
3.298141,4.19270186e-01,2.61810939e-02,-1.36628735e-01,2.27195003e-03,-6.29601016e-04,-9.87700986e-05,-1.80931732e-05,1.54010437e-01,5.35160010e-06
3.299782,3.76054833e-01,-4.46200928e-03,-1.26417764e-01,1.17681737e-03,-6.31189988e-04,-1.76426141e-04,-1.80785520e-05,9.79462675e-02,4.72532835e-06
3.301423,3.50086671e-01,-3.25429913e-02,-1.04082358e-01,1.29000332e-04,-5.77777500e-04,-1.72982921e-04,-1.60418312e-05,7.22698437e-02,3.15758272e-06
3.303063,3.43096712e-01,-4.86571817e-02,-6.85072229e-02,-7.92772644e-04,-4.94740364e-04,3.83860636e-05,-1.63041262e-05,5.80157830e-02,2.75856751e-06
3.304704,3.55104584e-01,-4.36621749e-02,-2.43015610e-02,-1.06532357e-03,-2.20151268e-04,2.47228507e-04,-9.77980944e-06,5.50999058e-02,2.31898169e-06
3.306345,3.83329390e-01,-5.96877300e-02,-3.22230568e-02,-1.47012847e-03,-3.07588002e-04,1.95160058e-04,-1.17899915e-05,6.07018939e-02,2.12304285e-06
3.307986,4.23548698e-01,-6.58163279e-02,-2.62422115e-02,-1.73655256e-03,-2.66561979e-04,1.90629335e-04,-1.06405758e-05,7.09643910e-02,2.33679073e-06
3.309627,4.71778029e-01,-3.12459267e-02,3.18008004e-03,-8.67982613e-04,6.04683662e-05,2.00001746e-04,3.45425882e-07,8.49879012e-02,2.76845667e-06
3.311268,5.24980105e-01,1.61770729e-03,1.94137747e-02,-1.50251040e-04,2.67119070e-04,1.65126109e-04,5.95599649e-06,1.01991531e-01,3.01423044e-06
3.312909,5.81271658e-01,-9.69457689e-02,-1.90244785e-02,-2.53015464e-03,-3.39358147e-04,1.60346998e-04,-1.04983666e-05,1.21891572e-01,3.61399077e-06
3.314550,6.39047189e-01,4.64191504e-02,2.79664136e-02,1.11947878e-03,4.65631968e-04,7.66751221e-05,1.28728811e-05,1.43960343e-01,4.83053394e-06
3.316190,6.97835021e-01,3.38787684e-01,8.89569674e-02,9.05269706e-03,1.74248163e-03,-1.25425810e-04,5.15315289e-05,1.66570704e-01,2.05189123e-06
3.317831,7.59257674e-01,4.57036235e-01,8.88930820e-02,1.23919606e-02,2.04456503e-03,-2.62735208e-04,6.02493656e-05,1.90935371e-01,2.14294719e-06
3.319472,8.23930095e-01,4.24254042e-01,6.34668630e-02,1.17009749e-02,1.66245667e-03,-2.80721688e-04,4.96271958e-05,2.16389806e-01,1.46436255e-06
3.321113,8.91787358e-01,4.37371190e-01,4.56808570e-02,1.23089644e-02,1.54774854e-03,-3.37385745e-04,4.74390100e-05,2.43559690e-01,3.37623084e-06
3.322754,9.61779266e-01,1.32933462e-01,1.65431793e-02,3.68375987e-03,3.25203805e-04,-1.12042237e-04,9.94636024e-06,2.71521480e-01,6.50671737e-06
3.324395,1.03190118e+00,2.46398491e-01,1.26863616e-02,6.89776348e-03,6.49740759e-04,-2.18432100e-04,1.92829040e-05,2.99837132e-01,4.53838498e-06
3.326036,1.10263792e+00,3.15406199e-01,3.39188954e-03,9.11711875e-03,8.35811786e-04,-2.90729480e-04,2.66647673e-05,3.29031714e-01,6.50370720e-06
3.327676,1.17396485e+00,2.93616548e-01,-4.55057646e-03,8.43363375e-03,7.02477716e-04,-2.76464626e-04,2.14288692e-05,3.58601069e-01,7.29357654e-06
3.329317,1.24563931e+00,2.60351862e-01,-9.59792944e-03,7.66028202e-03,5.74813552e-04,-2.47493422e-04,1.88800906e-05,3.88719108e-01,9.70858227e-06
3.330958,1.31670474e+00,1.12169194e-01,-8.79635789e-04,3.16965284e-03,9.97895712e-05,-1.00149629e-04,2.64015415e-06,4.18902317e-01,9.99477596e-06
3.332599,1.38617620e+00,7.13251770e-02,1.18739002e-03,1.68286355e-03,-9.87618101e-06,-6.22670014e-05,-3.43530198e-06,4.49371988e-01,1.09743536e-05
3.334240,1.45366744e+00,2.98434235e-01,-3.36847676e-02,8.69954520e-03,6.15921564e-04,-2.93309788e-04,1.88826626e-05,4.79665083e-01,9.26973386e-06
3.335881,1.52088574e+00,3.18105570e-01,-4.29140138e-02,9.65029621e-03,6.48256283e-04,-3.08850900e-04,2.28366499e-05,5.10276740e-01,1.04444732e-05
3.337522,1.58830584e+00,3.96275922e-01,-6.40450429e-02,1.18018736e-02,8.12994157e-04,-3.88000186e-04,2.57486244e-05,5.40654581e-01,9.38953796e-06
3.339163,1.65648635e+00,3.01606425e-01,-5.18550578e-02,8.90278729e-03,5.07889315e-04,-2.76928808e-04,1.53074292e-05,5.70889056e-01,8.28055952e-06
3.340803,1.72546871e+00,1.56860274e-01,-2.48924926e-02,4.38419428e-03,1.37519389e-04,-1.18647869e-04,2.17661097e-06,6.01286975e-01,1.15745016e-05
3.342444,1.79335834e+00,5.74211749e-02,-4.63726367e-03,1.78523511e-03,-8.20158314e-05,-2.34928244e-05,-1.35605030e-06,6.31368150e-01,1.44681088e-05
3.344085,1.85914895e+00,3.89187195e-01,-9.03899220e-02,1.18341534e-02,7.03985195e-04,-3.69799544e-04,2.34701290e-05,6.60312553e-01,1.00657391e-05
3.345726,1.92579423e+00,4.83640365e-01,-1.21963001e-01,1.46246654e-02,9.09561109e-04,-4.60480004e-04,2.93623157e-05,6.89022536e-01,1.06250781e-05
3.347367,1.99372741e+00,4.68628482e-01,-1.24935440e-01,1.44022180e-02,8.52780356e-04,-4.36148693e-04,2.90802141e-05,7.18244322e-01,1.17880199e-05
3.349008,2.06236147e+00,3.88156955e-01,-1.07320658e-01,1.18445412e-02,6.22267034e-04,-3.37946600e-04,2.02587315e-05,7.46363250e-01,1.10525379e-05
3.350649,2.13119082e+00,2.37921375e-01,-6.61164852e-02,7.44656143e-03,2.86583472e-04,-1.80049071e-04,1.10052443e-05,7.74893840e-01,1.44823201e-05
3.352289,2.19857582e+00,7.15534093e-02,-1.51240171e-02,1.87386297e-03,-9.66136570e-05,-1.16655182e-06,-6.48409642e-06,8.02499317e-01,1.50509733e-05
3.353930,2.26376169e+00,1.64462742e-01,-4.68958067e-02,4.50694144e-03,9.78998679e-05,-9.11195950e-05,-1.59932220e-06,8.29675142e-01,1.22685776e-05
3.355571,2.32775278e+00,4.37393196e-01,-1.43019255e-01,1.31932224e-02,7.10027512e-04,-3.65558492e-04,2.19398860e-05,8.55097698e-01,1.12636097e-05
3.357212,2.39227370e+00,8.94040066e-01,-3.07914287e-01,2.75074806e-02,1.66193088e-03,-7.95458641e-04,5.45502513e-05,8.80742026e-01,6.11133179e-06
3.358853,2.46030614e+00,9.21872867e-01,-3.25729922e-01,2.88177306e-02,1.66873169e-03,-7.87174985e-04,5.80950945e-05,9.08184882e-01,7.27341628e-06
3.360494,2.53204038e+00,9.43300586e-01,-3.40115443e-01,2.92707509e-02,1.65085752e-03,-7.63979388e-04,5.44549580e-05,9.35678306e-01,7.41987491e-06
3.362135,2.60705967e+00,5.06766668e-01,-1.83708336e-01,1.57557586e-02,6.33721654e-04,-3.17002933e-04,2.13107406e-05,9.62642206e-01,9.03577776e-06
3.363776,2.68274783e+00,2.18221899e-01,-7.92097032e-02,6.69206812e-03,1.84836768e-05,-4.84928412e-05,8.97891186e-07,9.90033162e-01,1.28013417e-05
3.365416,2.75649831e+00,2.01784266e-01,-7.36488062e-02,6.30307918e-03,4.73255534e-06,-2.26754562e-05,1.92254238e-06,1.01652278e+00,1.41630389e-05
3.367057,2.82739646e+00,1.81812069e-01,-6.69402591e-02,6.02180520e-03,-2.53937513e-05,-2.72723418e-06,4.47395930e-06,1.04170890e+00,1.38138956e-05
3.368698,2.89487100e+00,-1.75048105e-01,6.75209984e-02,-5.79613072e-03,-7.82557875e-04,2.83003162e-04,-2.57649948e-05,1.06720145e+00,1.37997331e-05
3.370339,2.95800290e+00,-5.86299740e-03,3.60235572e-03,-1.75712834e-04,-3.69123606e-04,1.42354103e-04,-1.09280933e-05,1.09249768e+00,1.43946559e-05
3.371980,3.01668163e+00,-4.90522797e-02,1.90008218e-02,-2.17314096e-03,-4.29699331e-04,1.58520508e-04,-1.95164000e-05,1.11729150e+00,1.39820701e-05
3.373621,3.07090089e+00,-1.54681784e-01,5.95281924e-02,-5.15707187e-03,-6.31135010e-04,2.34296684e-04,-2.23373658e-05,1.14173580e+00,1.30690722e-05
3.375262,3.12066182e+00,-4.20894614e-01,1.60553106e-01,-1.41661225e-02,-1.15960712e-03,4.15527423e-04,-4.13790316e-05,1.16336716e+00,1.30365952e-05
3.376902,3.16487771e+00,-5.95149902e-01,2.27002848e-01,-2.09409437e-02,-1.42871237e-03,5.14779602e-04,-5.97169499e-05,1.18586899e+00,1.48949003e-05
3.378543,3.20267470e+00,-4.96635475e-01,1.88502986e-01,-1.73609445e-02,-1.18098619e-03,4.05832143e-04,-4.68600445e-05,1.20923812e+00,1.16083878e-05
3.380184,3.23524032e+00,-3.39250877e-01,1.28559588e-01,-1.08046893e-02,-7.93267405e-04,2.72402208e-04,-1.93680636e-05,1.22892524e+00,1.08967077e-05
3.381825,3.26310111e+00,-3.77864047e-01,1.42609318e-01,-1.32151345e-02,-8.35439214e-04,2.75462577e-04,-3.25366427e-05,1.25011964e+00,9.61025299e-06
3.383466,3.28638900e+00,-2.00089709e-01,7.51841170e-02,-6.53316044e-03,-3.96345918e-04,1.32757036e-04,-1.09359124e-05,1.27247400e+00,9.51271309e-06
3.385107,3.30557985e+00,-3.26612763e-02,1.04980654e-02,-1.41192369e-03,-4.15815142e-05,-6.49768744e-06,-3.34742898e-06,1.29646215e+00,6.92046446e-06
3.386748,3.32165225e+00,-4.42661383e-02,1.51981151e-02,-2.16806534e-03,-5.33635750e-05,3.58872653e-06,-6.80997601e-06,1.31963911e+00,6.66142891e-06
3.388389,3.33481520e+00,1.00892818e-01,-4.00762391e-02,3.30292242e-03,2.34306372e-04,-1.03088180e-04,7.81689981e-06,1.34632039e+00,4.84175473e-06
3.390029,3.34553632e+00,-2.61792281e-01,9.31416799e-02,-9.46092894e-03,-5.43041404e-04,1.39145116e-04,-2.03226095e-05,1.37498780e+00,5.37320684e-06
3.391670,3.35329117e+00,3.87925173e-02,-1.82864965e-02,1.18210807e-03,1.26364066e-04,-6.78990995e-05,4.94943670e-06,1.40402885e+00,5.08026189e-06
3.393311,3.35832175e+00,4.60422640e-02,-2.16490767e-02,4.06091796e-04,1.31559848e-04,-7.66007992e-05,-4.81352763e-06,1.43234469e+00,4.17611981e-06
3.394952,3.36087419e+00,1.94381775e-02,-1.14849912e-02,7.34493796e-04,7.50169269e-05,-4.77946537e-05,5.72010085e-06,1.45977508e+00,4.28349910e-06
3.396593,3.36093775e+00,1.89352187e-01,-7.17776728e-02,8.21437534e-03,4.32884212e-04,-1.52647707e-04,3.19364663e-05,1.49076386e+00,3.29755796e-06
3.398234,3.35864373e+00,2.66201665e-01,-9.83886425e-02,9.10485927e-03,5.84063846e-04,-1.93513726e-04,1.81373596e-05,1.51918425e+00,3.14299112e-06
3.399875,3.35413245e+00,5.56475512e-02,-2.57485204e-02,1.77627447e-03,7.57485340e-05,-4.96016898e-05,2.87835604e-06,1.54879019e+00,3.07095278e-06
3.401515,3.34747083e+00,1.23798021e-01,-4.82875754e-02,3.91183028e-03,2.10533401e-04,-7.75189027e-05,3.76137901e-06,1.57939227e+00,2.79565132e-06
3.403156,3.33866151e+00,2.53027594e-01,-9.01858971e-02,9.43067238e-03,5.08187410e-04,-1.46496537e-04,2.14549984e-05,1.60978190e+00,2.89573173e-06
3.404797,3.32780140e+00,3.02996331e-01,-1.04908306e-01,1.09451114e-02,5.74592818e-04,-1.58932147e-04,2.01819446e-05,1.63959209e+00,2.05601777e-06
3.406438,3.31518676e+00,3.53634922e-01,-1.18623301e-01,1.34225305e-02,6.32976010e-04,-1.60037288e-04,2.71548160e-05,1.66963046e+00,1.85256942e-06
3.408079,3.30088693e+00,4.64404719e-01,-1.50341368e-01,1.77309994e-02,8.54127843e-04,-2.02191470e-04,3.52627724e-05,1.69982781e+00,1.79139014e-06
3.409720,3.28496635e+00,5.49419491e-01,-1.72144202e-01,2.10083100e-02,9.97192580e-04,-2.18110945e-04,3.99780660e-05,1.73003938e+00,1.68622608e-06
3.411361,3.26756196e+00,5.65953750e-01,-1.72342197e-01,2.20636165e-02,9.51607892e-04,-1.87558973e-04,4.12241717e-05,1.75864316e+00,1.42923190e-06
3.413002,3.24872229e+00,5.16659691e-01,-1.52962751e-01,2.02980562e-02,7.43731179e-04,-1.13414302e-04,3.26203833e-05,1.78857452e+00,1.52072676e-06
3.414642,3.22839903e+00,5.30953969e-01,-1.52705276e-01,2.11719529e-02,7.32017250e-04,-9.62041343e-05,3.42051448e-05,1.81601199e+00,1.64963697e-06
3.416283,3.20664081e+00,5.01839449e-01,-1.39686430e-01,1.94975989e-02,5.95369834e-04,-4.64499572e-05,2.16994937e-05,1.84157728e+00,1.55934380e-06
3.417924,3.18353400e+00,7.20065090e-01,-1.88958206e-01,2.94713681e-02,1.12807070e-03,-1.28478172e-04,5.38549073e-05,1.86528894e+00,1.36601678e-06
3.419565,3.15928170e+00,8.79580839e-01,-2.19490400e-01,3.65604727e-02,1.47463562e-03,-1.64341740e-04,7.19227942e-05,1.88889473e+00,1.27274810e-06
3.421206,3.13406270e+00,8.79446445e-01,-2.09853767e-01,3.65851402e-02,1.34529686e-03,-1.08691812e-04,6.47070028e-05,1.91519910e+00,1.21165096e-06
3.422847,3.10797442e+00,9.58219108e-01,-2.17212106e-01,4.04294696e-02,1.45047572e-03,-9.27701662e-05,7.29455938e-05,1.93951945e+00,1.21738896e-06
3.424488,3.08110213e+00,9.93437863e-01,-2.12922719e-01,4.17273033e-02,1.43035581e-03,-4.82527638e-05,6.83093876e-05,1.96130248e+00,1.21681357e-06
3.426128,3.05351955e+00,8.85213089e-01,-1.80586195e-01,3.73212236e-02,9.70336062e-04,5.04027119e-05,4.76241315e-05,1.98369699e+00,1.22108383e-06
3.427769,3.02521240e+00,8.56904408e-01,-1.64780308e-01,3.68443111e-02,8.04106232e-04,1.03440897e-04,4.47555836e-05,2.00523226e+00,1.25869447e-06
3.429410,2.99616978e+00,9.04811653e-01,-1.62543493e-01,3.97856000e-02,8.73027715e-04,1.20486179e-04,5.31723529e-05,2.02857902e+00,1.25352867e-06
3.431051,2.96647344e+00,9.70943426e-01,-1.60018565e-01,4.28347163e-02,1.00920815e-03,1.46160084e-04,5.71024244e-05,2.04673592e+00,1.23059850e-06
3.432692,2.93623023e+00,8.02043988e-01,-1.24118778e-01,3.59486452e-02,3.76978259e-04,2.27944037e-04,3.03158152e-05,2.06135184e+00,1.23805434e-06
3.434333,2.90539489e+00,6.40612325e-01,-9.33138508e-02,2.81258085e-02,-1.82868336e-04,2.87677710e-04,-4.81696567e-06,2.08010289e+00,1.24856153e-06
3.435974,2.87388100e+00,6.92918288e-01,-9.04573486e-02,3.08631163e-02,-2.83863358e-06,2.87357870e-04,6.06170562e-06,2.09890015e+00,1.24214703e-06
3.437614,2.84172872e+00,6.01871225e-01,-7.20353860e-02,2.74338654e-02,-3.03721972e-04,3.09751132e-04,-3.82661459e-06,2.11430521e+00,1.23745828e-06
3.439255,2.80895826e+00,6.64070039e-01,-6.89463883e-02,3.03090923e-02,-6.69087838e-05,3.04401559e-04,5.66227523e-06,2.13161869e+00,1.22124691e-06
3.440896,2.77565629e+00,5.65107350e-01,-5.27329364e-02,2.58225985e-02,-3.99276560e-04,3.13706083e-04,-1.10356066e-05,2.14610729e+00,1.20666699e-06
3.442537,2.74184106e+00,5.40125078e-01,-4.24769240e-02,2.52003643e-02,-4.38316115e-04,3.19135533e-04,-1.03961083e-05,2.15937036e+00,1.20865007e-06
3.444178,2.70757275e+00,6.27165248e-01,-3.80763271e-02,2.89025761e-02,-1.33095655e-04,3.18769054e-04,-1.34178944e-06,2.16646923e+00,1.20593322e-06
3.445819,2.67304192e+00,5.15980837e-01,-2.58469052e-02,2.42551203e-02,-5.20250821e-04,3.10019630e-04,-1.57479876e-05,2.18189303e+00,1.19024477e-06
3.447460,2.63819308e+00,4.45968863e-01,-1.71204059e-02,2.04930322e-02,-7.00405611e-04,2.98059828e-04,-3.08239418e-05,2.19592749e+00,1.20743330e-06
3.449101,2.60299014e+00,6.19071495e-01,-8.19340706e-03,2.95231372e-02,-3.61359867e-05,3.34314476e-04,7.67515940e-06,2.20307390e+00,1.19143679e-06
3.450741,2.56765631e+00,5.65733419e-01,5.92891634e-04,2.64045094e-02,-2.09565400e-04,3.21472930e-04,-8.81729995e-06,2.21612925e+00,1.18890020e-06
3.452382,2.53227953e+00,5.51673370e-01,8.89826560e-03,2.71844406e-02,-2.46955364e-04,3.11609184e-04,1.71150470e-06,2.21869322e+00,1.19477198e-06
3.454023,2.49691379e+00,5.57378622e-01,1.92300855e-02,2.69864399e-02,-1.97227993e-04,3.21703310e-04,-2.54861236e-06,2.22110688e+00,1.20560259e-06
3.455664,2.46163873e+00,5.10381076e-01,2.53859627e-02,2.52195798e-02,-3.42261455e-04,2.99971521e-04,-6.67713123e-06,2.23166240e+00,1.20349380e-06
3.457305,2.42649214e+00,3.90406594e-01,2.29315144e-02,1.87994487e-02,-7.33450414e-04,2.32494466e-04,-3.35236435e-05,2.23161910e+00,1.21646044e-06
3.458946,2.39143115e+00,3.37505603e-01,2.40773184e-02,1.62899366e-02,-8.44248933e-04,1.99200259e-04,-3.89286975e-05,2.23403164e+00,1.25039975e-06
3.460587,2.35643844e+00,3.59046342e-01,3.32715034e-02,1.76659740e-02,-7.08945868e-04,2.10247170e-04,-2.96916962e-05,2.23206707e+00,1.24748929e-06
3.462227,2.32161757e+00,3.39098481e-01,3.76322449e-02,1.65720700e-02,-7.12727937e-04,1.98374040e-04,-3.23458881e-05,2.23505354e+00,1.26702939e-06
3.463868,2.28702130e+00,1.83981260e-01,1.69847369e-02,8.99057184e-03,-1.16651372e-03,6.11798335e-05,-5.51386787e-05,2.23870579e+00,1.31542590e-06
3.465509,2.25264368e+00,2.72346376e-01,3.84223281e-02,1.36109827e-02,-8.04027299e-04,1.38705095e-04,-3.63273573e-05,2.23606341e+00,1.31204418e-06
3.467150,2.21861129e+00,2.47792662e-01,3.83225370e-02,1.19104219e-02,-8.31730334e-04,1.05752342e-04,-4.33131305e-05,2.23466153e+00,1.35287889e-06
3.468791,2.18495914e+00,1.34346722e-01,1.63266816e-02,6.92269443e-03,-1.13682805e-03,-1.97052570e-05,-5.19240250e-05,2.22930493e+00,1.41586385e-06
3.470432,2.15165485e+00,5.64514930e-02,-1.83055971e-03,2.79794829e-03,-1.29448398e-03,-1.15633090e-04,-6.19113712e-05,2.23258389e+00,1.52793143e-06
3.472073,2.11867149e+00,3.91669682e-02,-6.20505505e-03,2.13939645e-03,-1.27554733e-03,-1.49016219e-04,-5.91124761e-05,2.22321688e+00,1.52840790e-06
3.473714,2.08610639e+00,1.75761979e-01,3.88772964e-02,9.31963154e-03,-7.78355852e-04,3.86176464e-05,-3.37683708e-05,2.21543222e+00,1.50673113e-06
3.475354,2.05416606e+00,1.39925976e-01,3.12411796e-02,7.21841927e-03,-8.49375708e-04,-1.91921582e-05,-4.09102983e-05,2.20193919e+00,1.53118135e-06
3.476995,2.02296314e+00,3.68723146e-01,1.21090018e-01,1.95145955e-02,-1.27519051e-04,3.35630335e-04,-2.13835806e-06,2.19191278e+00,1.44694847e-06
3.478636,1.99280070e+00,4.89435179e-01,1.80326755e-01,2.64786840e-02,2.22734485e-04,5.28143969e-04,1.97213499e-05,2.16235595e+00,1.39146912e-06
3.480277,1.96399043e+00,5.03456939e-01,2.01408297e-01,2.72626355e-02,2.50340272e-04,5.57396490e-04,1.97173675e-05,2.14493107e+00,1.38217666e-06
3.481918,1.93665390e+00,3.93431750e-01,1.65257899e-01,2.13966654e-02,-6.21311198e-05,3.62983566e-04,1.43009406e-06,2.14409576e+00,1.46172867e-06
3.483559,1.91071807e+00,2.69474900e-01,1.16028027e-01,1.47241721e-02,-3.74659578e-04,1.44303287e-04,-1.66330394e-05,2.14675831e+00,1.55129412e-06
3.485200,1.88609542e+00,1.87123227e-01,8.05966698e-02,1.02736782e-02,-5.56711380e-04,-7.86936403e-06,-2.73058137e-05,2.13853186e+00,1.67026046e-06
3.486840,1.86273388e+00,1.47231701e-03,-2.05242612e-02,-2.66134067e-05,-9.62777690e-04,-3.86390016e-04,-5.17066199e-05,2.13714595e+00,1.87282046e-06
3.488481,1.84049678e+00,3.01303196e-02,-3.13573923e-03,1.47398822e-03,-8.48680500e-04,-3.17960195e-04,-4.62895914e-05,2.12292413e+00,1.92025872e-06
3.490122,1.81937466e+00,-9.22982442e-02,-8.32341781e-02,-5.17390412e-03,-1.06619749e-03,-5.90877379e-04,-5.70490761e-05,2.11335040e+00,2.04690548e-06
3.491763,1.79933186e+00,6.06072552e-02,1.98287290e-02,3.22330724e-03,-6.86003191e-04,-2.27969683e-04,-3.74102216e-05,2.10747261e+00,2.12100767e-06
3.493404,1.78049941e+00,1.68351347e-01,1.04143265e-01,9.27261566e-03,-4.38990925e-04,4.07537950e-05,-2.42564115e-05,2.09646849e+00,1.85872172e-06
3.495045,1.76311387e+00,2.67185825e-01,1.92167403e-01,1.54143495e-02,-2.33747820e-04,3.04080639e-04,-8.48700523e-06,2.08978917e+00,1.80257747e-06
3.496686,1.74738972e+00,4.49240949e-01,3.63126555e-01,2.61300665e-02,9.20465287e-05,8.01619117e-04,1.14769319e-05,2.07156580e+00,1.49114683e-06
3.498327,1.73367458e+00,3.91562976e-01,3.35485456e-01,2.28183387e-02,-1.01276950e-05,6.62628743e-04,3.96868756e-06,2.06778940e+00,1.38328798e-06
3.499967,1.72213144e+00,3.89007647e-01,3.56527621e-01,2.29305710e-02,-1.68228959e-05,6.78405442e-04,3.96677845e-06,2.05529213e+00,1.30508028e-06
3.501608,1.71283494e+00,3.18245402e-01,3.07682615e-01,1.92317941e-02,-1.23075936e-04,5.05969835e-04,2.81980710e-07,2.06005087e+00,1.68177208e-06
3.503249,1.70567804e+00,2.87630293e-01,2.95743217e-01,1.73693402e-02,-1.64517190e-04,4.45127626e-04,-4.05978756e-06,2.06120531e+00,1.75299718e-06
3.504890,1.70068470e+00,1.90848738e-01,2.00227359e-01,1.13977958e-02,-2.66919981e-04,1.60002536e-04,-1.35441844e-05,2.05644932e+00,1.78562418e-06
3.506531,1.69771685e+00,1.55443322e-01,1.70674576e-01,9.53189488e-03,-2.97511856e-04,8.16547073e-05,-1.38556266e-05,2.06404924e+00,2.13410176e-06
3.508172,1.69657271e+00,9.20426779e-02,9.53868247e-02,5.19045189e-03,-3.33539778e-04,-1.06311852e-04,-2.16102206e-05,2.07292379e+00,2.67183282e-06
3.509813,1.69703299e+00,2.89207351e-02,8.82441878e-03,1.51280444e-03,-3.56174455e-04,-3.07782701e-04,-2.16675017e-05,2.07995597e+00,2.94149911e-06
3.511453,1.69889854e+00,1.56064862e-01,2.16636225e-01,9.52721057e-03,-2.71635738e-04,1.94370054e-04,-1.55843160e-05,2.09346104e+00,2.56238939e-06
3.513094,1.70244500e+00,2.27752453e-01,3.59695693e-01,1.45800315e-02,-2.39546451e-04,5.03501033e-04,-8.83619049e-06,2.10055375e+00,2.17163083e-06
3.514735,1.70791485e+00,1.21484782e-01,1.89675242e-01,7.67309498e-03,-2.64982804e-04,1.07478639e-04,-1.41213874e-05,2.11608435e+00,2.66788029e-06
3.516376,1.71500014e+00,3.31819551e-02,2.59494523e-02,1.78338012e-03,-2.56726968e-04,-2.45780259e-04,-1.64646514e-05,2.13140678e+00,2.78833110e-06
3.518017,1.72339155e+00,5.07323944e-02,6.74598978e-02,3.35813622e-03,-2.35722578e-04,-1.47101564e-04,-1.12166964e-05,2.14753669e+00,2.75069546e-06
3.519658,1.73299890e+00,-7.29103008e-02,-2.23555310e-01,-5.57822972e-03,-1.83166562e-04,-7.14419371e-04,-1.60931602e-05,2.16779494e+00,3.66565322e-06
3.521299,1.74339137e+00,-2.73056014e-02,-1.22110344e-01,-2.21013735e-03,-1.72166659e-04,-4.78330908e-04,-1.07268811e-05,2.18840914e+00,3.70717404e-06
3.522940,1.75446065e+00,4.78520220e-04,-5.29240601e-02,-2.96894585e-04,-1.57370944e-04,-3.23445108e-04,-9.56439336e-06,2.21036512e+00,3.24020387e-06
3.524580,1.76633479e+00,3.71045455e-02,6.36266049e-02,2.69064459e-03,-1.78353094e-04,-8.62428494e-05,-7.17853073e-06,2.23119888e+00,3.27241118e-06
3.526221,1.77913454e+00,-1.38570737e-02,-1.10058643e-01,-1.08354328e-03,-1.03075387e-04,-3.96483697e-04,-4.24198392e-06,2.25081365e+00,3.39017689e-06
3.527862,1.79267618e+00,-1.46417343e-02,-1.22855227e-01,-1.28479266e-03,-8.12837462e-05,-4.03062603e-04,-4.70181631e-06,2.26912266e+00,3.11597716e-06
3.529503,1.80673270e+00,-1.02569319e-01,-5.33227833e-01,-8.54048652e-03,1.00800241e-04,-1.08409663e-03,6.29321226e-07,2.28783021e+00,4.20085162e-06
3.531144,1.82062511e+00,-8.18196384e-02,-4.94380587e-01,-6.61591948e-03,1.00394977e-04,-9.58424351e-04,6.69719495e-06,2.30784055e+00,4.76680951e-06
3.532785,1.83394585e+00,-1.57194039e-01,-1.00550761e+00,-1.43691827e-02,3.41611201e-04,-1.75175865e-03,7.88338085e-06,2.32564930e+00,5.77853546e-06
3.534426,1.84590515e+00,-7.97956009e-02,-6.41682959e-01,-7.57247266e-03,2.07598572e-04,-1.05536464e-03,9.45965959e-06,2.34176126e+00,5.70941165e-06
3.536066,1.85660353e+00,-1.24777589e-01,-1.10608516e+00,-1.17892496e-02,4.29367015e-04,-1.76055460e-03,2.43482781e-05,2.35429790e+00,5.51807456e-06
3.537707,1.86570232e+00,-3.04012796e-02,-4.17530100e-01,-3.64912085e-03,1.30794002e-04,-5.49733916e-04,5.65559587e-06,2.36460611e+00,5.40972774e-06
3.539348,1.87378708e+00,3.74004728e-03,-1.02354791e-01,4.56905121e-05,7.91200285e-06,-4.03143275e-05,2.90993823e-06,2.37954134e+00,3.09654382e-06
3.540989,1.88215486e+00,3.45363977e-02,3.42621744e-01,3.64828176e-03,-1.77054636e-04,6.53842006e-04,-8.17691018e-06,2.39146984e+00,1.95149310e-06
3.542630,1.89147019e+00,1.55793453e-02,7.96072606e-02,1.51569201e-03,-5.29952943e-05,2.24967719e-04,-6.75327196e-07,2.40492249e+00,2.64538102e-06
3.544271,1.90136878e+00,8.72697529e-03,-1.17663566e-01,2.68844677e-04,4.50982456e-05,-8.67704208e-05,3.92724409e-06,2.42124478e+00,3.20826016e-06
3.545912,1.91132549e+00,7.25227146e-03,-6.12896426e-01,-2.12714936e-03,2.94048083e-04,-8.27932608e-04,1.40352536e-05,2.43885034e+00,4.82945545e-06
3.547553,1.92041326e+00,1.52402435e-02,-3.66364990e-01,1.81174316e-04,1.72813328e-04,-4.11381601e-04,1.66110424e-05,2.45433534e+00,4.19860271e-06
3.549193,1.92875817e+00,3.44630618e-02,-8.64318287e-01,-1.24898769e-03,4.38247728e-04,-1.16041557e-03,2.37884462e-05,2.46430025e+00,4.08567159e-06
3.550834,1.93596246e+00,5.39937060e-02,-1.00877864e+00,-1.47186795e-04,5.06028606e-04,-1.32702593e-03,3.19411067e-05,2.47943800e+00,5.09053286e-06
3.552475,1.94140337e+00,7.37323172e-02,-1.07926829e+00,1.01279555e-03,5.43504291e-04,-1.36116679e-03,3.59783819e-05,2.48529428e+00,5.52038263e-06
3.554116,1.94489431e+00,6.65513426e-02,-7.78783565e-01,1.86986292e-03,3.74987633e-04,-8.46084753e-04,2.70015506e-05,2.49884626e+00,5.01302201e-06
3.555757,1.94680083e+00,5.62375422e-02,-5.37752638e-01,1.39807837e-03,2.47441874e-04,-4.36709911e-04,1.33252695e-05,2.51141562e+00,4.29104019e-06
3.557398,1.94757312e+00,1.01875978e-01,-9.14074048e-01,4.18898332e-03,4.64634905e-04,-9.96090875e-04,3.75047155e-05,2.52501803e+00,3.69682530e-06
3.559039,1.94721156e+00,8.03732978e-02,-6.26189811e-01,3.09906043e-03,3.01221983e-04,-5.22679505e-04,1.98086985e-05,2.53869620e+00,3.44711844e-06
3.560679,1.94605434e+00,6.95098816e-02,-4.76591969e-01,3.22475897e-03,2.26288716e-04,-2.83722879e-04,1.74085186e-05,2.55377470e+00,3.01790200e-06
3.562320,1.94433809e+00,1.25894542e-01,-8.37166796e-01,5.05898318e-03,4.25314771e-04,-8.10762038e-04,2.27626007e-05,2.57158549e+00,4.10398354e-06
3.563961,1.94136167e+00,1.67117620e-01,-1.04367467e+00,7.04937865e-03,5.35681483e-04,-1.08337940e-03,2.88971052e-05,2.58519606e+00,4.72138121e-06
3.565602,1.93660737e+00,1.13526363e-01,-6.44837993e-01,5.19344615e-03,2.95801479e-04,-4.19679459e-04,1.72182534e-05,2.60092861e+00,4.22197658e-06
3.567243,1.93049565e+00,1.34430660e-01,-7.24424404e-01,6.85883067e-03,3.42601881e-04,-5.26562934e-04,2.45084264e-05,2.61832477e+00,3.66912121e-06
3.568884,1.92340327e+00,1.56304962e-01,-7.99298588e-01,7.94087972e-03,3.90920182e-04,-6.29315644e-04,2.55171828e-05,2.63715405e+00,3.23843493e-06
3.570525,1.91533313e+00,1.96366756e-01,-9.61176612e-01,9.71992173e-03,4.83795012e-04,-8.58047407e-04,2.76028997e-05,2.65629138e+00,3.32024487e-06
3.572166,1.90599428e+00,2.15530313e-01,-1.00581469e+00,1.16726023e-02,5.05189513e-04,-8.91123729e-04,3.61626315e-05,2.67397514e+00,3.60263768e-06
3.573806,1.89521408e+00,2.98428020e-01,-1.33900017e+00,1.64523277e-02,7.05820089e-04,-1.36718708e-03,4.98450177e-05,2.69323932e+00,4.22333840e-06
3.575447,1.88252871e+00,2.94344790e-01,-1.26360658e+00,1.70989845e-02,6.47148763e-04,-1.18990731e-03,5.10142309e-05,2.70971068e+00,4.40984657e-06
3.577088,1.86770261e+00,3.00902751e-01,-1.24439048e+00,1.66596374e-02,6.16036664e-04,-1.10241902e-03,3.87800506e-05,2.72204950e+00,4.48454271e-06
3.578729,1.85079785e+00,2.73440095e-01,-1.09430059e+00,1.48957855e-02,4.98061973e-04,-8.31952710e-04,2.68415826e-05,2.73838636e+00,4.09718871e-06
3.580370,1.83212367e+00,3.18979988e-01,-1.23600656e+00,1.89469112e-02,5.82373907e-04,-1.01044548e-03,4.38289053e-05,2.74875513e+00,3.94381568e-06
3.582011,1.81161233e+00,3.37303272e-01,-1.26855102e+00,2.09933733e-02,5.93287190e-04,-1.01981885e-03,5.08240363e-05,2.76229261e+00,3.67258839e-06
3.583652,1.78920328e+00,3.73987952e-01,-1.37123886e+00,2.30475454e-02,6.36007775e-04,-1.12903327e-03,4.84036149e-05,2.77108306e+00,4.09109972e-06
3.585292,1.76476065e+00,5.02218430e-01,-1.79652523e+00,3.20585926e-02,9.04497244e-04,-1.75657036e-03,7.42281858e-05,2.78794256e+00,4.25362072e-06
3.586933,1.73787810e+00,4.35586324e-01,-1.52041489e+00,2.85655534e-02,6.92828198e-04,-1.23949061e-03,6.10000758e-05,2.79848480e+00,4.34792957e-06
3.588574,1.70855737e+00,5.29429847e-01,-1.81729062e+00,3.49799366e-02,8.50068106e-04,-1.67039592e-03,7.28243652e-05,2.80898617e+00,4.51249077e-06
3.590215,1.67673269e+00,5.18440173e-01,-1.74347421e+00,3.38256779e-02,7.79480083e-04,-1.48751998e-03,5.97250444e-05,2.82599918e+00,4.26623478e-06
3.591856,1.64266283e+00,3.89652735e-01,-1.28672966e+00,2.64283100e-02,4.61037819e-04,-7.01220803e-04,4.38778991e-05,2.82805001e+00,3.04147003e-06
3.593497,1.60701661e+00,5.02628733e-01,-1.63631224e+00,3.51564820e-02,6.73654634e-04,-1.25167571e-03,6.74034039e-05,2.84119522e+00,3.11011507e-06
3.595138,1.56962741e+00,4.38103636e-01,-1.40676488e+00,3.11219054e-02,5.00956262e-04,-8.39200268e-04,5.20668125e-05,2.85370137e+00,2.51322197e-06
3.596779,1.53094729e+00,2.66542868e-01,-8.40479154e-01,1.94846419e-02,1.35004962e-04,1.13701373e-04,2.15216004e-05,2.86460490e+00,1.19171005e-06
3.598419,1.49198817e+00,3.03435133e-01,-9.43668813e-01,2.25438537e-02,1.97921267e-04,-5.49100141e-05,2.80994641e-05,2.88199620e+00,1.82581281e-06
3.600060,1.45268631e+00,3.21766369e-01,-9.88211632e-01,2.43876272e-02,2.26239851e-04,-1.37285451e-04,3.13495367e-05,2.90228569e+00,1.68695910e-06
3.601701,1.41309596e+00,2.79374436e-01,-8.43404116e-01,2.07988697e-02,1.40406355e-04,1.00649360e-04,1.65188231e-05,2.91844525e+00,1.15038184e-06
3.603342,1.37354568e+00,2.14879520e-01,-6.35869229e-01,1.60446696e-02,8.95059750e-06,4.40769530e-04,3.22144323e-06,2.94500671e+00,1.08568425e-06
3.604983,1.33436631e+00,1.48901564e-01,-4.32257227e-01,1.14215994e-02,-1.21060695e-04,7.52227858e-04,-6.62583697e-06,2.96656731e+00,1.05093003e-06
3.606624,1.29585878e+00,2.33975662e-01,-6.67401158e-01,1.81883346e-02,6.70395484e-05,3.25195048e-04,9.90405303e-06,2.98316417e+00,9.94070934e-07
3.608265,1.25767021e+00,2.47757486e-01,-6.92295942e-01,1.96658843e-02,9.62196037e-05,2.71658797e-04,1.46427064e-05,3.00807150e+00,1.10966092e-06
3.609905,1.21959443e+00,3.29989211e-01,-9.07699872e-01,2.59658448e-02,2.66029951e-04,-1.03869849e-04,2.52654060e-05,3.02056948e+00,1.27547929e-06
3.611546,1.18129937e+00,2.97862492e-01,-8.03091003e-01,2.47599395e-02,1.76795884e-04,9.11793299e-05,2.79597553e-05,3.04179515e+00,1.68468678e-06
3.613187,1.14274131e+00,3.05126285e-01,-8.03829794e-01,2.46515113e-02,1.97662936e-04,8.62214130e-05,1.96132978e-05,3.05493197e+00,1.13809776e-06
3.614828,1.10409554e+00,4.79966800e-01,-1.24037647e+00,3.92550286e-02,5.74984069e-04,-6.64002692e-04,5.54414840e-05,3.07835293e+00,1.60262196e-06
3.616469,1.06469869e+00,5.54383357e-01,-1.40336917e+00,4.64171864e-02,7.10437092e-04,-9.04743102e-04,7.42917183e-05,3.09910469e+00,2.19637146e-06
3.618110,1.02405162e+00,5.79176039e-01,-1.43573698e+00,4.88584828e-02,7.30521613e-04,-9.05972694e-04,7.54278471e-05,3.11806044e+00,2.36956352e-06
3.619751,9.82064164e-01,5.33860264e-01,-1.29461357e+00,4.50962126e-02,6.02625721e-04,-6.17622430e-04,6.00376861e-05,3.14624295e+00,2.15230634e-06
3.621392,9.39031830e-01,4.21594489e-01,-1.00014187e+00,3.60692387e-02,3.36149963e-04,-8.30534124e-05,3.60596921e-05,3.16492042e+00,1.34999672e-06
3.623032,8.95574451e-01,4.87082779e-01,-1.13633147e+00,4.21415632e-02,4.65812241e-04,-3.22948056e-04,4.93301779e-05,3.16918391e+00,1.08333423e-06
3.624673,8.51586428e-01,7.70295818e-01,-1.76284576e+00,6.76908894e-02,1.05159065e-03,-1.36014644e-03,1.11181756e-04,3.19669010e+00,2.62407623e-06
3.626314,8.05884782e-01,7.67585796e-01,-1.72263500e+00,6.85677300e-02,9.90870284e-04,-1.21462005e-03,1.09372450e-04,3.22202944e+00,2.91243786e-06
3.627955,7.58252196e-01,7.53715726e-01,-1.66325741e+00,6.76663242e-02,9.03940007e-04,-1.05547218e-03,9.71144002e-05,3.24620197e+00,2.73248828e-06
3.629596,7.08939873e-01,7.39311835e-01,-1.60633904e+00,6.79136949e-02,8.32753329e-04,-9.25925705e-04,9.76183927e-05,3.25631937e+00,1.82176743e-06
3.631237,6.58204391e-01,9.38774511e-01,-2.01125220e+00,8.83089767e-02,1.19723257e-03,-1.57182560e-03,1.48315668e-04,3.27558954e+00,2.75330061e-06
3.632878,6.05436024e-01,8.38345690e-01,-1.77357844e+00,8.00704646e-02,9.19979010e-04,-1.10572520e-03,1.20290840e-04,3.27763999e+00,2.25946758e-06
3.634518,5.50900733e-01,8.19048287e-01,-1.71780861e+00,7.95107143e-02,8.25977694e-04,-9.99829660e-04,1.11486532e-04,3.25368215e+00,2.03072731e-06
3.636159,4.94894185e-01,7.91230297e-01,-1.64624412e+00,7.91801566e-02,7.25821372e-04,-8.61892296e-04,1.11394249e-04,3.22950590e+00,1.54055814e-06
3.637800,4.37625659e-01,8.77273486e-01,-1.81977518e+00,9.17627479e-02,8.52970239e-04,-1.19720840e-03,1.50621750e-04,3.18908565e+00,1.43316702e-06
3.639441,3.79033762e-01,8.63914771e-01,-1.79017561e+00,9.38717148e-02,7.75597862e-04,-1.16584370e-03,1.54412271e-04,3.13631710e+00,1.61891086e-06
3.641082,3.19152642e-01,7.86184385e-01,-1.63674848e+00,9.04320524e-02,5.90472402e-04,-9.60537277e-04,1.53260651e-04,3.03626378e+00,9.52753341e-07
3.642723,2.58232507e-01,7.43604807e-01,-1.56652887e+00,9.15977588e-02,4.84650380e-04,-9.67412775e-04,1.66464965e-04,2.87271575e+00,1.04130184e-06
3.644364,1.96319276e-01,6.87787956e-01,-1.48302545e+00,9.37268776e-02,4.13045375e-04,-1.11796528e-03,1.99906312e-04,2.56041664e+00,7.39436246e-07
3.646004,1.33611658e-01,4.66439940e-01,-1.06083198e+00,7.62534058e-02,1.65724600e-04,-9.20925298e-04,2.00429126e-04,1.84950542e+00,4.41548224e-07
