time_orbits,dist,err_x,err_y,err_z,err_vx,err_vy,err_vz,P_trace,u_p_norm
0.000000,0.00000000e+00,0.00000000e+00,0.00000000e+00,0.00000000e+00,0.00000000e+00,0.00000000e+00,0.00000000e+00,0.00000000e+00,0.00000000e+00
0.000547,8.66220298e+02,1.41197391e-01,7.00493663e-02,1.54420823e-01,1.56569670e-02,-3.62661982e-03,-5.03524658e-03,8.35814403e+00,1.21316738e-03
0.001094,8.66457111e+02,3.04868855e-01,3.67522959e-02,1.74250567e-02,1.55780853e-02,-3.73781545e-03,-5.01939869e-03,8.29558152e+00,1.20206168e-03
0.001641,8.66733593e+02,5.76435939e-01,7.20386602e-02,1.46442166e-01,1.54925062e-02,-3.90075951e-03,-5.00627319e-03,8.28076714e+00,1.19615612e-03
0.002188,8.67047362e+02,6.62614717e-01,4.41281105e-02,9.11535588e-02,1.53813484e-02,-4.03166965e-03,-5.01134825e-03,8.28039818e+00,1.19056951e-03
0.002735,8.67396127e+02,7.88227917e-01,8.50341462e-03,8.87556200e-02,1.53065737e-02,-4.21419165e-03,-4.99612536e-03,8.28559910e+00,1.18461533e-03
0.003282,8.67777696e+02,8.74400949e-01,-1.08060906e-02,1.90002787e-02,1.52163994e-02,-4.32057210e-03,-5.04439729e-03,8.29396153e+00,1.17889884e-03
0.003829,8.68189960e+02,9.79159909e-01,-8.08796283e-02,-7.01364269e-02,1.52399811e-02,-4.53278930e-03,-5.11606769e-03,8.30397131e+00,1.17330368e-03
0.004376,8.68630894e+02,1.06309821e+00,-1.83792061e-01,-1.70576590e-01,1.52881316e-02,-4.80336507e-03,-5.17359652e-03,8.31451952e+00,1.16793309e-03
0.004923,8.69098554e+02,1.12380186e+00,-3.06634665e-01,-2.75262014e-01,1.53203991e-02,-5.10750617e-03,-5.19845657e-03,8.32479391e+00,1.16268822e-03
0.005470,8.69591081e+02,1.20297884e+00,-4.07079477e-01,-3.90489275e-01,1.54018032e-02,-5.37493499e-03,-5.31853786e-03,8.33431441e+00,1.15758713e-03
0.006017,8.70106695e+02,1.33467202e+00,-3.98112630e-01,-4.34533201e-01,1.53859156e-02,-5.46802954e-03,-5.48205094e-03,8.34306797e+00,1.15283187e-03
0.006563,8.70643689e+02,1.32564954e+00,-6.48773586e-01,-6.37238484e-01,1.55596924e-02,-6.01496767e-03,-5.50222037e-03,8.35182397e+00,1.14856115e-03
0.007110,8.71200438e+02,1.30234274e+00,-9.23411460e-01,-8.61870009e-01,1.57415561e-02,-6.58948282e-03,-5.53689075e-03,8.35890415e+00,1.14398865e-03
0.007657,8.71775413e+02,1.41537848e+00,-9.49811743e-01,-9.03923508e-01,1.56575960e-02,-6.74705238e-03,-5.61531618e-03,8.36457506e+00,1.13968895e-03
0.008204,8.72367143e+02,1.57904447e+00,-9.74345324e-01,-9.86440242e-01,1.58673741e-02,-6.96139741e-03,-5.96879063e-03,8.37109450e+00,1.13624835e-03
0.008751,8.72974212e+02,1.62217659e+00,-1.09898998e+00,-1.08432714e+00,1.57585673e-02,-7.29289050e-03,-5.90989309e-03,8.37855971e+00,1.13332428e-03
0.009298,8.73595280e+02,1.51794920e+00,-1.43026131e+00,-1.30416608e+00,1.56497140e-02,-7.95806143e-03,-5.62343885e-03,8.38655699e+00,1.13029272e-03
0.009845,8.74229104e+02,1.65027122e+00,-1.52969099e+00,-1.42318652e+00,1.59062501e-02,-8.32958506e-03,-5.94218283e-03,8.39388294e+00,1.12707623e-03
0.010392,8.74874501e+02,1.64739376e+00,-1.76977991e+00,-1.60502165e+00,1.59335319e-02,-8.88868141e-03,-5.91283700e-03,8.40269082e+00,1.12511915e-03
0.010939,8.75530342e+02,1.72549031e+00,-1.84565895e+00,-1.65334428e+00,1.56848411e-02,-9.10982168e-03,-5.83697010e-03,8.41223935e+00,1.12307434e-03
0.011486,8.76195566e+02,1.85308024e+00,-1.90629897e+00,-1.71234887e+00,1.56597042e-02,-9.37513009e-03,-5.96620066e-03,8.42397937e+00,1.12175965e-03
0.012033,8.76869163e+02,2.01620993e+00,-1.89280377e+00,-1.71518827e+00,1.55073580e-02,-9.47933734e-03,-6.08035864e-03,8.43797124e+00,1.12102697e-03
0.012580,8.77550173e+02,1.94379557e+00,-2.17603022e+00,-1.88475414e+00,1.52505378e-02,-1.00665258e-02,-5.74821350e-03,8.45467684e+00,1.12086384e-03
0.013127,8.78237714e+02,2.00689839e+00,-2.27631060e+00,-1.94174647e+00,1.49804379e-02,-1.03123259e-02,-5.65114169e-03,8.47189400e+00,1.12028977e-03
0.013674,8.78930972e+02,2.15517066e+00,-2.28688924e+00,-1.95168981e+00,1.48130103e-02,-1.04436135e-02,-5.74530215e-03,8.49122681e+00,1.12067780e-03
0.014221,8.79629167e+02,2.17276680e+00,-2.46036917e+00,-2.05090625e+00,1.45817448e-02,-1.08465651e-02,-5.58024996e-03,8.51327641e+00,1.12181756e-03
0.014768,8.80331573e+02,2.22252215e+00,-2.60264612e+00,-2.13126002e+00,1.43850830e-02,-1.12002640e-02,-5.49024697e-03,8.53679656e+00,1.12295747e-03
0.015315,8.81037531e+02,2.39755287e+00,-2.61202506e+00,-2.14221825e+00,1.43189835e-02,-1.13669916e-02,-5.67819975e-03,8.56215599e+00,1.12468432e-03
0.015862,8.81746415e+02,2.57598319e+00,-2.58261566e+00,-2.12811418e+00,1.41182276e-02,-1.13989916e-02,-5.83453637e-03,8.59034054e+00,1.12731221e-03
0.016409,8.82457635e+02,2.62101279e+00,-2.70126697e+00,-2.18783895e+00,1.37955874e-02,-1.16593925e-02,-5.68509145e-03,8.62139464e+00,1.13044554e-03
0.016956,8.83170663e+02,2.76496435e+00,-2.70007896e+00,-2.18779233e+00,1.35343536e-02,-1.16981215e-02,-5.77257483e-03,8.65412202e+00,1.13359434e-03
0.017503,8.83885020e+02,2.79533693e+00,-2.86483592e+00,-2.27093284e+00,1.33109824e-02,-1.20993026e-02,-5.60788526e-03,8.68938467e+00,1.13756507e-03
0.018050,8.84600273e+02,2.77563515e+00,-3.03714910e+00,-2.34762760e+00,1.28576360e-02,-1.23833358e-02,-5.29767866e-03,8.72602463e+00,1.14159124e-03
0.018596,8.85316049e+02,2.83109096e+00,-3.14070002e+00,-2.39184382e+00,1.25313058e-02,-1.25834259e-02,-5.19158698e-03,8.76404488e+00,1.14595871e-03
0.019143,8.86032013e+02,2.75082332e+00,-3.32781628e+00,-2.46519967e+00,1.18551465e-02,-1.27583237e-02,-4.73026810e-03,8.80409686e+00,1.15103990e-03
0.019690,8.86747879e+02,2.82819895e+00,-3.47292821e+00,-2.52475243e+00,1.17857590e-02,-1.31881103e-02,-4.70217182e-03,8.84544300e+00,1.15617053e-03
0.020237,8.87463400e+02,2.91370637e+00,-3.52572955e+00,-2.53728029e+00,1.14163086e-02,-1.32386483e-02,-4.68374129e-03,8.88886480e+00,1.16219102e-03
0.020784,8.88178348e+02,3.02353937e+00,-3.54066317e+00,-2.53492377e+00,1.10484458e-02,-1.31981754e-02,-4.74190288e-03,8.93483299e+00,1.16873604e-03
0.021331,8.88892533e+02,3.02927172e+00,-3.72620916e+00,-2.60324663e+00,1.07854577e-02,-1.36099316e-02,-4.50903516e-03,8.98346804e+00,1.17579221e-03
0.021878,8.89605809e+02,3.12843887e+00,-3.88778090e+00,-2.66302295e+00,1.08432858e-02,-1.41578917e-02,-4.53259077e-03,9.03365494e+00,1.18287613e-03
0.022425,8.90318061e+02,3.21838397e+00,-3.86230758e+00,-2.63540190e+00,1.02108640e-02,-1.38447729e-02,-4.53275358e-03,9.08588467e+00,1.19063093e-03
0.022972,8.91029205e+02,3.34201593e+00,-3.89755293e+00,-2.64426615e+00,9.98098262e-03,-1.39083661e-02,-4.65908149e-03,9.14093142e+00,1.19885933e-03
0.023519,8.91739189e+02,3.39638778e+00,-3.99700680e+00,-2.67531312e+00,9.65392774e-03,-1.40610245e-02,-4.57981537e-03,9.19854069e+00,1.20750825e-03
0.024066,8.92447991e+02,3.50030714e+00,-3.99598410e+00,-2.67347806e+00,9.23281246e-03,-1.38849296e-02,-4.69280416e-03,9.25819146e+00,1.21628521e-03
0.024613,8.93155628e+02,3.51519154e+00,-4.22123763e+00,-2.73911858e+00,9.14053350e-03,-1.45266133e-02,-4.41368857e-03,9.32043760e+00,1.22559280e-03
0.025160,8.93862140e+02,3.59764941e+00,-4.23390595e+00,-2.73704139e+00,8.65462920e-03,-1.43255165e-02,-4.46052429e-03,9.38406043e+00,1.23482951e-03
0.025707,8.94567603e+02,3.69201024e+00,-4.35942900e+00,-2.77483293e+00,8.58956366e-03,-1.47082227e-02,-4.48716917e-03,9.45030495e+00,1.24469278e-03
0.026254,8.95272110e+02,3.74301055e+00,-4.42641048e+00,-2.79085486e+00,8.14935004e-03,-1.46662108e-02,-4.42844404e-03,9.51873963e+00,1.25479532e-03
0.026801,8.95975786e+02,3.88885665e+00,-4.44641321e+00,-2.80231952e+00,7.97516211e-03,-1.46691416e-02,-4.69251580e-03,9.58950131e+00,1.26508805e-03
0.027348,8.96678774e+02,3.83882769e+00,-4.61286174e+00,-2.83866371e+00,7.44514897e-03,-1.48360387e-02,-4.26095293e-03,9.66307716e+00,1.27590654e-03
0.027895,8.97381251e+02,3.90153906e+00,-4.69281571e+00,-2.85957679e+00,7.12554347e-03,-1.48831166e-02,-4.25746360e-03,9.73822457e+00,1.28633168e-03
0.028442,8.98083422e+02,3.84613516e+00,-4.80258728e+00,-2.87582888e+00,6.43887585e-03,-1.47489595e-02,-3.86636339e-03,9.81583784e+00,1.29732542e-03
0.028989,8.98785514e+02,3.90240765e+00,-4.89660989e+00,-2.89733114e+00,6.16904091e-03,-1.48585791e-02,-3.85431216e-03,9.89540577e+00,1.30817525e-03
0.029536,8.99487776e+02,3.93910540e+00,-4.94256161e+00,-2.90424054e+00,5.68909357e-03,-1.46641843e-02,-3.81488736e-03,9.97753089e+00,1.31949817e-03
0.030083,9.00190470e+02,3.85102510e+00,-5.11514112e+00,-2.92781679e+00,5.12311652e-03,-1.47793579e-02,-3.28707702e-03,1.00623195e+01,1.33095842e-03
0.030630,9.00893885e+02,3.90788920e+00,-5.18598441e+00,-2.93922181e+00,4.82136422e-03,-1.47698683e-02,-3.32097215e-03,1.01488944e+01,1.34213076e-03
0.031176,9.01598327e+02,3.92987637e+00,-5.34404814e+00,-2.96991021e+00,4.63601863e-03,-1.51167438e-02,-3.19516914e-03,1.02383354e+01,1.35387607e-03
0.031723,9.02304107e+02,3.99134349e+00,-5.40581044e+00,-2.97677132e+00,4.31250005e-03,-1.50520040e-02,-3.24417355e-03,1.03301432e+01,1.36556362e-03
0.032270,9.03011553e+02,4.08078933e+00,-5.42080178e+00,-2.97612333e+00,3.97409835e-03,-1.48257670e-02,-3.41234136e-03,1.04249053e+01,1.37752163e-03
0.032817,9.03721002e+02,4.11820024e+00,-5.54862549e+00,-3.00542295e+00,3.77982556e-03,-1.50583141e-02,-3.38838148e-03,1.05228448e+01,1.38965805e-03
0.033364,9.04432805e+02,4.19341710e+00,-5.59837063e+00,-3.01769274e+00,3.49715865e-03,-1.49599789e-02,-3.52025768e-03,1.06232825e+01,1.40161252e-03
0.033911,9.05147327e+02,4.21938001e+00,-5.71019929e+00,-3.03979780e+00,3.22199719e-03,-1.50669614e-02,-3.45504305e-03,1.07267135e+01,1.41377757e-03
0.034458,9.05864944e+02,4.25366136e+00,-5.77637047e+00,-3.04074011e+00,2.84770977e-03,-1.49462352e-02,-3.37801275e-03,1.08327068e+01,1.42578100e-03
0.035005,9.06586041e+02,4.35225029e+00,-5.78117213e+00,-3.04530675e+00,2.55100961e-03,-1.46644625e-02,-3.61172157e-03,1.09415570e+01,1.43786218e-03
0.035552,9.07311012e+02,4.36813598e+00,-5.85181363e+00,-3.04166920e+00,2.16129774e-03,-1.45438489e-02,-3.43665082e-03,1.10537098e+01,1.45016198e-03
0.036099,9.08040252e+02,4.30236040e+00,-5.96091238e+00,-3.00147861e+00,1.59991155e-03,-1.44389597e-02,-2.76700206e-03,1.11686146e+01,1.46216262e-03
0.036646,9.08774176e+02,4.30073676e+00,-6.05622442e+00,-3.00055052e+00,1.25876972e-03,-1.44090517e-02,-2.58803659e-03,1.12858955e+01,1.47388646e-03
0.037193,9.09513201e+02,4.37611731e+00,-6.08681979e+00,-3.00237858e+00,1.00503903e-03,-1.42142409e-02,-2.75253471e-03,1.14059557e+01,1.48573301e-03
0.037740,9.10257748e+02,4.36770007e+00,-6.16390942e+00,-2.97651071e+00,6.05648934e-04,-1.40857938e-02,-2.42757605e-03,1.15293362e+01,1.49779109e-03
0.038287,9.11008238e+02,4.35190962e+00,-6.26898801e+00,-2.97072184e+00,2.80160002e-04,-1.40913354e-02,-2.19167792e-03,1.16555357e+01,1.50952254e-03
0.038834,9.11765099e+02,4.39457774e+00,-6.33737882e+00,-2.98108896e+00,5.38822589e-05,-1.40242309e-02,-2.29103570e-03,1.17843948e+01,1.52111236e-03
0.039381,9.12528763e+02,4.34137552e+00,-6.48662930e+00,-2.98884695e+00,-2.55950074e-04,-1.41837603e-02,-1.98587888e-03,1.19162656e+01,1.53280166e-03
0.039928,9.13299667e+02,4.46795110e+00,-6.46145021e+00,-2.94725228e+00,-4.92892236e-04,-1.37871047e-02,-2.13854705e-03,1.20503530e+01,1.54404595e-03
0.040475,9.14078235e+02,4.51876735e+00,-6.51896206e+00,-2.96357552e+00,-6.93856843e-04,-1.36835642e-02,-2.31682626e-03,1.21883291e+01,1.55589433e-03
0.041022,9.14864884e+02,4.51505516e+00,-6.62198521e+00,-2.98200482e+00,-9.34502347e-04,-1.37080009e-02,-2.28554125e-03,1.23292175e+01,1.56728932e-03
0.041569,9.15660044e+02,4.47973319e+00,-6.75056516e+00,-3.00267321e+00,-1.19816214e-03,-1.37984381e-02,-2.15616867e-03,1.24725199e+01,1.57835264e-03
0.042116,9.16464150e+02,4.57098909e+00,-6.76254804e+00,-2.93000000e+00,-1.44706911e-03,-1.35279252e-02,-1.93568333e-03,1.26179645e+01,1.58916274e-03
0.042663,9.17277615e+02,4.55526633e+00,-6.86195766e+00,-2.89418123e+00,-1.74050793e-03,-1.35244083e-02,-1.56556731e-03,1.27669613e+01,1.60037769e-03
0.043209,9.18100836e+02,4.59335075e+00,-6.91701151e+00,-2.82462887e+00,-2.00453632e-03,-1.33814217e-02,-1.20435487e-03,1.29183800e+01,1.61100147e-03
0.043756,9.18934212e+02,4.51903176e+00,-7.05346662e+00,-2.78481468e+00,-2.34011677e-03,-1.34616561e-02,-6.61095594e-04,1.30727814e+01,1.62169170e-03
0.044303,9.19778142e+02,4.59556974e+00,-7.10007896e+00,-2.81589037e+00,-2.45880990e-03,-1.33053905e-02,-1.13025312e-03,1.32290305e+01,1.63176556e-03
0.044850,9.20633029e+02,4.57747212e+00,-7.20135926e+00,-2.81588841e+00,-2.69936804e-03,-1.32859596e-02,-1.04155401e-03,1.33880136e+01,1.64216453e-03
0.045397,9.21499267e+02,4.74531488e+00,-7.18540367e+00,-2.72947901e+00,-2.79641322e-03,-1.29813310e-02,-1.02208515e-03,1.35489926e+01,1.65206549e-03
0.045944,9.22377218e+02,4.84544069e+00,-7.20609110e+00,-2.73959633e+00,-2.90428008e-03,-1.27331522e-02,-1.40722215e-03,1.37136843e+01,1.66252989e-03
0.046491,9.23267224e+02,4.83401508e+00,-7.28351692e+00,-2.83040591e+00,-3.08555176e-03,-1.25724129e-02,-1.93323656e-03,1.38808970e+01,1.67249204e-03
0.047038,9.24169656e+02,4.82485389e+00,-7.37947449e+00,-2.81272737e+00,-3.29573852e-03,-1.25716743e-02,-1.70288565e-03,1.40492561e+01,1.68180672e-03
0.047585,9.25084882e+02,4.76656823e+00,-7.51097402e+00,-2.76780587e+00,-3.56044201e-03,-1.26940906e-02,-1.15726426e-03,1.42190798e+01,1.69094689e-03
0.048132,9.26013243e+02,5.01182875e+00,-7.46876800e+00,-2.70709196e+00,-3.51466625e-03,-1.23270815e-02,-1.49388949e-03,1.43898422e+01,1.69968360e-03
0.048679,9.26955039e+02,5.19329678e+00,-7.46973969e+00,-2.61587626e+00,-3.53620446e-03,-1.21301108e-02,-1.38485966e-03,1.45641609e+01,1.70940296e-03
0.049226,9.27910524e+02,5.24653262e+00,-7.53099083e+00,-2.58279149e+00,-3.66575820e-03,-1.20414105e-02,-1.28088668e-03,1.47412351e+01,1.71864754e-03
0.049773,9.28879964e+02,5.26489010e+00,-7.60290225e+00,-2.58535129e+00,-3.81537079e-03,-1.19352548e-02,-1.31871021e-03,1.49194651e+01,1.72713726e-03
0.050320,9.29863643e+02,5.42646950e+00,-7.62167020e+00,-2.51101563e+00,-3.82085584e-03,-1.17733487e-02,-1.24656375e-03,1.50982604e+01,1.73525238e-03
0.050867,9.30861812e+02,5.53500935e+00,-7.66203778e+00,-2.46487556e+00,-3.87312994e-03,-1.16448004e-02,-1.20965746e-03,1.52789152e+01,1.74370220e-03
0.051414,9.31874691e+02,5.75438145e+00,-7.66758108e+00,-2.36176060e+00,-3.80619574e-03,-1.14943114e-02,-1.09211738e-03,1.54605495e+01,1.75168962e-03
0.051961,9.32902478e+02,5.52922687e+00,-7.81689205e+00,-2.48678052e+00,-4.18137994e-03,-1.14477422e-02,-1.28859631e-03,1.56440029e+01,1.75986429e-03
0.052508,9.33945413e+02,5.93667759e+00,-7.77921599e+00,-2.28576236e+00,-3.89973644e-03,-1.13183245e-02,-9.88800262e-04,1.58242569e+01,1.76601671e-03
0.053055,9.35003689e+02,6.00827718e+00,-7.83165069e+00,-2.28110278e+00,-3.96793988e-03,-1.11793238e-02,-1.12590615e-03,1.60079638e+01,1.77442673e-03
0.053602,9.36077431e+02,6.18432842e+00,-7.86480956e+00,-2.20485720e+00,-3.91399412e-03,-1.10839003e-02,-1.03173704e-03,1.61909667e+01,1.78124077e-03
0.054149,9.37166793e+02,5.84860317e+00,-8.03589214e+00,-2.34074534e+00,-4.39509467e-03,-1.10569570e-02,-1.04578721e-03,1.63741686e+01,1.78820070e-03
0.054696,9.38271976e+02,5.57693230e+00,-8.17850368e+00,-2.46409873e+00,-4.79149269e-03,-1.09406417e-02,-1.15632703e-03,1.65519046e+01,1.79288044e-03
0.055242,9.39393246e+02,5.85805728e+00,-8.20794885e+00,-2.31529662e+00,-4.60829869e-03,-1.09409938e-02,-8.18354773e-04,1.67251720e+01,1.79759218e-03
0.055789,9.40530740e+02,5.45941595e+00,-8.37050989e+00,-2.48077233e+00,-5.15357976e-03,-1.08130227e-02,-9.41325519e-04,1.68999495e+01,1.80419662e-03
0.056336,9.41684600e+02,5.91022648e+00,-8.36132815e+00,-2.31156556e+00,-4.77392127e-03,-1.07450811e-02,-8.78523633e-04,1.70684721e+01,1.80789308e-03
0.056883,9.42854928e+02,6.18294868e+00,-8.37518677e+00,-2.26057942e+00,-4.59843799e-03,-1.05735849e-02,-1.17467256e-03,1.72399281e+01,1.81464096e-03
0.057430,9.44041700e+02,6.22324155e+00,-8.44302983e+00,-2.26708199e+00,-4.65995251e-03,-1.04527016e-02,-1.26653926e-03,1.74113963e+01,1.82041966e-03
0.057977,9.45244948e+02,6.67281169e+00,-8.44663486e+00,-2.12514206e+00,-4.27352800e-03,-1.03989679e-02,-1.30086279e-03,1.75800225e+01,1.82500356e-03
0.058524,9.46464652e+02,6.74831527e+00,-8.52021069e+00,-2.09836018e+00,-4.29564698e-03,-1.03568714e-02,-1.22665310e-03,1.77498387e+01,1.83089686e-03
0.059071,9.47700769e+02,6.50886877e+00,-8.64421762e+00,-2.16403487e+00,-4.63982360e-03,-1.02856447e-02,-1.06208554e-03,1.79161869e+01,1.83502850e-03
0.059618,9.48953347e+02,6.35538690e+00,-8.74809268e+00,-2.21278043e+00,-4.87743128e-03,-1.01721510e-02,-9.99232741e-04,1.80755455e+01,1.83765780e-03
0.060165,9.50222460e+02,6.48503273e+00,-8.82763669e+00,-2.14104875e+00,-4.81654697e-03,-1.01936294e-02,-7.56021063e-04,1.82291226e+01,1.84037748e-03
0.060712,9.51508099e+02,6.92664422e+00,-8.88257940e+00,-1.95799835e+00,-4.43322405e-03,-1.03346323e-02,-4.50112732e-04,1.83800988e+01,1.84391144e-03
0.061259,9.52810135e+02,6.53691029e+00,-9.01179857e+00,-2.05508438e+00,-4.93425455e-03,-1.02010589e-02,-2.57115934e-04,1.85314256e+01,1.84835406e-03
0.061806,9.54128511e+02,7.11618305e+00,-9.04561492e+00,-1.89882627e+00,-4.38051729e-03,-1.02301194e-02,-4.31110512e-04,1.86733481e+01,1.84931150e-03
0.062353,9.55463141e+02,7.80584840e+00,-9.06095735e+00,-1.76682537e+00,-3.73196983e-03,-1.01942399e-02,-9.61396705e-04,1.88166901e+01,1.85375773e-03
0.062900,9.56813756e+02,8.05479585e+00,-9.14548166e+00,-1.67487354e+00,-3.55511048e-03,-1.02831320e-02,-7.78703733e-04,1.89612434e+01,1.85834880e-03
0.063447,9.58180122e+02,8.16962839e+00,-9.21902450e+00,-1.67789583e+00,-3.49421425e-03,-1.01673047e-02,-9.72444850e-04,1.91016755e+01,1.86087190e-03
0.063994,9.59562079e+02,8.27535089e+00,-9.29552473e+00,-1.68141938e+00,-3.43399315e-03,-1.00613116e-02,-1.12838799e-03,1.92361161e+01,1.86263443e-03
0.064541,9.60959482e+02,7.98821147e+00,-9.38166503e+00,-1.79716830e+00,-3.77704561e-03,-9.80316951e-03,-1.25318633e-03,1.93644867e+01,1.86408364e-03
0.065088,9.62372234e+02,8.41905819e+00,-9.46807072e+00,-1.68260675e+00,-3.36586735e-03,-9.91629039e-03,-1.21793015e-03,1.94825043e+01,1.86375989e-03
0.065635,9.63800167e+02,9.37911944e+00,-9.56573110e+00,-1.41641507e+00,-2.43620605e-03,-1.03079322e-02,-1.15739742e-03,1.95988124e+01,1.86589799e-03
0.066182,9.65242893e+02,8.66352389e+00,-9.66168538e+00,-1.59994048e+00,-3.24480766e-03,-9.99761174e-03,-9.37156590e-04,1.97184759e+01,1.86973836e-03
0.066729,9.66700195e+02,8.06065748e+00,-9.73353542e+00,-1.78471192e+00,-3.86446127e-03,-9.57945929e-03,-9.76175731e-04,1.98215594e+01,1.86686930e-03
0.067276,9.68172097e+02,7.94406411e+00,-9.80295720e+00,-1.86414773e+00,-3.98380516e-03,-9.32277993e-03,-1.21685845e-03,1.99110007e+01,1.86426752e-03
0.067822,9.69658517e+02,7.67726165e+00,-9.87140750e+00,-1.96030877e+00,-4.26907038e-03,-9.05757085e-03,-1.28634158e-03,1.99935005e+01,1.86331317e-03
0.068369,9.71159302e+02,7.85717415e+00,-9.96876761e+00,-1.92336341e+00,-4.10178275e-03,-9.07375630e-03,-1.25991969e-03,2.00677660e+01,1.86152656e-03
0.068916,9.72674234e+02,8.22927040e+00,-1.01029330e+01,-1.78697276e+00,-3.76879260e-03,-9.34825135e-03,-8.96142452e-04,2.01393753e+01,1.86116312e-03
0.069463,9.74202971e+02,8.58060068e+00,-1.02215956e+01,-1.70706714e+00,-3.45273741e-03,-9.47324045e-03,-8.89696489e-04,2.02101387e+01,1.86119794e-03
0.070010,9.75745133e+02,9.34409872e+00,-1.03963802e+01,-1.49203755e+00,-2.73672524e-03,-9.93732889e-03,-6.57380056e-04,2.02790317e+01,1.86092578e-03
0.070557,9.77300270e+02,9.56960259e+00,-1.04938028e+01,-1.50402298e+00,-2.54691808e-03,-9.85338484e-03,-1.04031032e-03,2.03501726e+01,1.86188146e-03
0.071104,9.78867947e+02,9.68486945e+00,-1.06073160e+01,-1.47848703e+00,-2.45572435e-03,-9.88364689e-03,-9.46371737e-04,2.04160191e+01,1.86061300e-03
0.071651,9.80447826e+02,9.79108607e+00,-1.07090684e+01,-1.48698340e+00,-2.36047480e-03,-9.81937841e-03,-1.07154231e-03,2.04757106e+01,1.85860786e-03
0.072198,9.82039574e+02,9.33888578e+00,-1.07346318e+01,-1.63742164e+00,-2.79694435e-03,-9.38109421e-03,-1.24187192e-03,2.05292984e+01,1.85635253e-03
0.072745,9.83642938e+02,8.72585155e+00,-1.07302203e+01,-1.82137692e+00,-3.35943435e-03,-8.83075908e-03,-1.38632736e-03,2.05707435e+01,1.85179265e-03
0.073292,9.85257771e+02,9.11275948e+00,-1.08718878e+01,-1.76690479e+00,-2.96104079e-03,-8.95184686e-03,-1.49424922e-03,2.05996468e+01,1.84644121e-03
0.073839,9.86883777e+02,8.57717168e+00,-1.08879863e+01,-1.87596157e+00,-3.48197666e-03,-8.60543762e-03,-1.27154229e-03,2.06289041e+01,1.84458061e-03
0.074386,9.88520633e+02,8.44526759e+00,-1.09489557e+01,-1.93305774e+00,-3.57277678e-03,-8.39456416e-03,-1.34090666e-03,2.06475131e+01,1.83900996e-03
0.074933,9.90168087e+02,8.48888266e+00,-1.10403874e+01,-1.95013066e+00,-3.51074647e-03,-8.31534134e-03,-1.39981901e-03,2.06612819e+01,1.83478955e-03
0.075480,9.91825790e+02,8.71223416e+00,-1.11738452e+01,-1.91241988e+00,-3.29133307e-03,-8.41259632e-03,-1.34811184e-03,2.06725274e+01,1.83099549e-03
0.076027,9.93493326e+02,8.68435463e+00,-1.12567065e+01,-1.93600855e+00,-3.30651612e-03,-8.31503289e-03,-1.34304070e-03,2.06832554e+01,1.82761142e-03
0.076574,9.95170283e+02,8.37572927e+00,-1.12903996e+01,-1.99086860e+00,-3.57563965e-03,-8.08816763e-03,-1.15178035e-03,2.06902148e+01,1.82308693e-03
0.077121,9.96856322e+02,7.93098429e+00,-1.13034123e+01,-2.03567739e+00,-3.96431228e-03,-7.84760801e-03,-7.28827278e-04,2.06905534e+01,1.81729594e-03
0.077668,9.98551151e+02,8.25264345e+00,-1.14854708e+01,-1.92796790e+00,-3.64767687e-03,-8.13839292e-03,-3.75744466e-04,2.06836182e+01,1.81078311e-03
0.078215,1.00025438e+03,8.64596453e+00,-1.16587682e+01,-1.88784252e+00,-3.27379954e-03,-8.27667146e-03,-5.83641098e-04,2.06790300e+01,1.80688127e-03
0.078762,1.00196547e+03,8.45519035e+00,-1.17040135e+01,-1.92909570e+00,-3.43308063e-03,-8.07763055e-03,-5.33310947e-04,2.06765093e+01,1.80310560e-03
0.079309,1.00368399e+03,8.80368309e+00,-1.18801990e+01,-1.88353761e+00,-3.08400641e-03,-8.23176261e-03,-6.11636355e-04,2.06689614e+01,1.79695450e-03
0.079855,1.00540948e+03,9.19068925e+00,-1.20666770e+01,-1.84481887e+00,-2.71571199e-03,-8.39210957e-03,-7.67157876e-04,2.06629575e+01,1.79258207e-03
0.080402,1.00714142e+03,9.45109102e+00,-1.22130209e+01,-1.85585881e+00,-2.45123032e-03,-8.39567320e-03,-1.07132414e-03,2.06582819e+01,1.78814375e-03
0.080949,1.00887927e+03,9.27138438e+00,-1.22601160e+01,-1.88917745e+00,-2.58847708e-03,-8.23103880e-03,-9.54304160e-04,2.06528966e+01,1.78306697e-03
0.081496,1.01062260e+03,8.72582157e+00,-1.21906874e+01,-1.99705804e+00,-3.02032115e-03,-7.74288860e-03,-9.07771570e-04,2.06420599e+01,1.77612570e-03
0.082043,1.01237106e+03,9.41205206e+00,-1.24808371e+01,-1.91593309e+00,-2.35903615e-03,-8.13817860e-03,-1.07924055e-03,2.06224693e+01,1.76773153e-03
0.082590,1.01412419e+03,9.17460162e+00,-1.25103452e+01,-1.94144685e+00,-2.55881472e-03,-7.97358007e-03,-8.55601388e-04,2.06091122e+01,1.76361920e-03
0.083137,1.01588147e+03,8.36203628e+00,-1.23335147e+01,-2.09654230e+00,-3.19870417e-03,-7.23972991e-03,-8.59629574e-04,2.05906647e+01,1.75592090e-03
0.083684,1.01764261e+03,8.69025471e+00,-1.25120398e+01,-2.09960725e+00,-2.82736688e-03,-7.30758049e-03,-1.14934360e-03,2.05614728e+01,1.74609468e-03
0.084231,1.01940722e+03,8.68295153e+00,-1.25932318e+01,-2.12369419e+00,-2.79276530e-03,-7.21797987e-03,-1.18088876e-03,2.05359675e+01,1.74024546e-03
0.084778,1.02117479e+03,9.01624343e+00,-1.27732250e+01,-2.14472734e+00,-2.43585633e-03,-7.26144777e-03,-1.55557898e-03,2.05098785e+01,1.73297161e-03
0.085325,1.02294481e+03,8.47816313e+00,-1.26678241e+01,-2.23776003e+00,-2.84838850e-03,-6.79020276e-03,-1.45360460e-03,2.04867955e+01,1.72681466e-03
0.085872,1.02471686e+03,8.65192941e+00,-1.28249220e+01,-2.21114558e+00,-2.63974316e-03,-6.91919801e-03,-1.31880104e-03,2.04568773e+01,1.71731676e-03
0.086419,1.02649051e+03,8.96080772e+00,-1.30441545e+01,-2.14643938e+00,-2.35265652e-03,-7.21369599e-03,-1.07398291e-03,2.04292632e+01,1.71017714e-03
0.086966,1.02826522e+03,8.77177678e+00,-1.30384516e+01,-2.23321799e+00,-2.44271726e-03,-6.87411983e-03,-1.34424331e-03,2.04050458e+01,1.70331614e-03
0.087513,1.03004050e+03,7.74684706e+00,-1.27163326e+01,-2.38360266e+00,-3.21881448e-03,-5.99109891e-03,-1.20803838e-03,2.03779386e+01,1.69468976e-03
0.088060,1.03181605e+03,7.38417672e+00,-1.26465294e+01,-2.44899588e+00,-3.41397748e-03,-5.61923755e-03,-1.17656699e-03,2.03396402e+01,1.68295317e-03
0.088607,1.03359159e+03,7.80552203e+00,-1.28904401e+01,-2.43342540e+00,-2.98595106e-03,-5.84271372e-03,-1.34830034e-03,2.02996554e+01,1.67346672e-03
0.089154,1.03536664e+03,8.49008996e+00,-1.32745983e+01,-2.33668048e+00,-2.39989922e-03,-6.43509337e-03,-1.20010059e-03,2.02668751e+01,1.66661201e-03
0.089701,1.03714056e+03,8.18017416e+00,-1.32169928e+01,-2.40223745e+00,-2.60187937e-03,-6.09015483e-03,-1.23427230e-03,2.02430263e+01,1.66041142e-03
0.090248,1.03891281e+03,8.43460668e+00,-1.33974731e+01,-2.41965632e+00,-2.30670747e-03,-6.15783011e-03,-1.44147721e-03,2.02157697e+01,1.65068534e-03
0.090795,1.04068294e+03,8.44450327e+00,-1.34887008e+01,-2.42361121e+00,-2.24772454e-03,-6.14968821e-03,-1.33277218e-03,2.01918927e+01,1.64282853e-03
0.091342,1.04245042e+03,8.81020916e+00,-1.37413249e+01,-2.39591818e+00,-1.89355469e-03,-6.41281883e-03,-1.31727035e-03,2.01684651e+01,1.63391789e-03
0.091889,1.04421474e+03,8.60819400e+00,-1.37435571e+01,-2.40055364e+00,-2.01541220e-03,-6.28551946e-03,-1.05028201e-03,2.01493362e+01,1.62611994e-03
0.092435,1.04597539e+03,8.14019377e+00,-1.36075158e+01,-2.44666481e+00,-2.31485843e-03,-5.88195406e-03,-8.71650764e-04,2.01278959e+01,1.61619581e-03
0.092982,1.04773199e+03,7.88022643e+00,-1.35568719e+01,-2.49216687e+00,-2.42777148e-03,-5.58800505e-03,-8.69516663e-04,2.01018777e+01,1.60530740e-03
0.093529,1.04948416e+03,6.91271932e+00,-1.31536273e+01,-2.59033231e+00,-3.09967999e-03,-4.73509354e-03,-6.93570917e-04,2.00745120e+01,1.59509505e-03
0.094076,1.05123160e+03,6.44254045e+00,-1.29936407e+01,-2.62910450e+00,-3.36098014e-03,-4.32040511e-03,-5.22806731e-04,2.00387303e+01,1.58238862e-03
0.094623,1.05297402e+03,7.46472511e+00,-1.35796315e+01,-2.58781824e+00,-2.46896219e-03,-5.03376769e-03,-8.95669217e-04,2.00017992e+01,1.57131766e-03
0.095170,1.05471086e+03,7.79341640e+00,-1.38342565e+01,-2.55915596e+00,-2.18452253e-03,-5.30599434e-03,-8.25451500e-04,1.99798369e+01,1.56528207e-03
0.095717,1.05644125e+03,7.06069978e+00,-1.35256842e+01,-2.61230726e+00,-2.77295133e-03,-4.72678633e-03,-6.02305572e-04,1.99631553e+01,1.56486827e-03
0.096264,1.05816475e+03,6.62813393e+00,-1.33517847e+01,-2.68096032e+00,-2.90207304e-03,-4.19690357e-03,-6.80343936e-04,1.99396760e+01,1.54424140e-03
0.096811,1.05988132e+03,6.74555412e+00,-1.34722620e+01,-2.71666909e+00,-2.70151664e-03,-4.15721083e-03,-8.97762061e-04,1.99140174e+01,1.53300922e-03
0.097358,1.06159053e+03,6.46769839e+00,-1.33937334e+01,-2.72968566e+00,-2.84674627e-03,-3.92923144e-03,-7.11809776e-04,1.98926904e+01,1.52356758e-03
0.097905,1.06329194e+03,6.88382583e+00,-1.36928376e+01,-2.73193714e+00,-2.43461686e-03,-4.18735179e-03,-8.78739065e-04,1.98711818e+01,1.51262613e-03
0.098452,1.06498507e+03,6.66718967e+00,-1.36113805e+01,-2.81118339e+00,-2.49748465e-03,-3.81161736e-03,-1.16989306e-03,1.98570382e+01,1.50399486e-03
0.098999,1.06666944e+03,6.46464445e+00,-1.35654122e+01,-2.82344349e+00,-2.56992265e-03,-3.63974427e-03,-1.01619842e-03,1.98423761e+01,1.49324023e-03
0.099546,1.06834465e+03,6.00420153e+00,-1.33648700e+01,-2.84055616e+00,-2.83678068e-03,-3.26528294e-03,-7.78263799e-04,1.98279916e+01,1.48234143e-03
0.100093,1.07001032e+03,6.03138710e+00,-1.34453794e+01,-2.85176829e+00,-2.71746980e-03,-3.24325232e-03,-7.71599134e-04,1.98114161e+01,1.47052971e-03
0.100640,1.07166607e+03,6.56327038e+00,-1.38487579e+01,-2.81813830e+00,-2.25582719e-03,-3.71489267e-03,-7.12328174e-04,1.97984788e+01,1.46032898e-03
0.101187,1.07331137e+03,5.66787896e+00,-1.33406447e+01,-2.89310424e+00,-2.83538551e-03,-2.84182723e-03,-6.96889312e-04,1.97941771e+01,1.45166860e-03
0.101734,1.07494582e+03,5.71087215e+00,-1.34197695e+01,-2.92378897e+00,-2.67632533e-03,-2.77916165e-03,-8.25112437e-04,1.97819928e+01,1.43834975e-03
0.102281,1.07656910e+03,6.53184070e+00,-1.40191242e+01,-2.89290011e+00,-2.00225862e-03,-3.48398160e-03,-8.67807200e-04,1.97736627e+01,1.42808379e-03
0.102828,1.07818065e+03,5.73747048e+00,-1.35488697e+01,-2.95887073e+00,-2.50908129e-03,-2.69272186e-03,-8.75337043e-04,1.97770524e+01,1.42020840e-03
0.103375,1.07978005e+03,5.08271982e+00,-1.31783237e+01,-2.97827938e+00,-2.88221737e-03,-2.12879487e-03,-6.49793448e-04,1.97731529e+01,1.40708376e-03
0.103922,1.08136703e+03,4.64964999e+00,-1.29306572e+01,-3.02456847e+00,-3.07015276e-03,-1.65065427e-03,-7.09192557e-04,1.97651819e+01,1.39434093e-03
0.104468,1.08294101e+03,4.27855680e+00,-1.27441907e+01,-3.01559918e+00,-3.35140815e-03,-1.40544445e-03,-4.39910216e-04,1.97564612e+01,1.39182536e-03
0.105015,1.08450166e+03,3.91176984e+00,-1.25271208e+01,-3.06370432e+00,-3.39423500e-03,-9.36086718e-04,-5.58329530e-04,1.97481870e+01,1.37036720e-03
0.105562,1.08604894e+03,3.37546237e+00,-1.22077499e+01,-3.06439757e+00,-3.68813341e-03,-4.90744146e-04,-3.20736518e-04,1.97404981e+01,1.35862018e-03
0.106109,1.08758254e+03,3.82439717e+00,-1.25835916e+01,-3.05611069e+00,-3.26944082e-03,-8.81337645e-04,-3.28765060e-04,1.97319780e+01,1.34621569e-03
0.106656,1.08910205e+03,4.55007593e+00,-1.31532420e+01,-3.07215155e+00,-2.66789595e-03,-1.44075007e-03,-5.53165759e-04,1.97336529e+01,1.33694737e-03
0.107203,1.09060691e+03,4.17845526e+00,-1.29061622e+01,-3.13889309e+00,-2.83053837e-03,-9.37871472e-04,-8.12998492e-04,1.97468175e+01,1.32854338e-03
0.107750,1.09209669e+03,4.31942585e+00,-1.30649008e+01,-3.14181612e+00,-2.63667580e-03,-1.05915672e-03,-7.60145210e-04,1.97579173e+01,1.31668036e-03
0.108297,1.09357100e+03,4.14239181e+00,-1.29507522e+01,-3.21331715e+00,-2.63319522e-03,-7.07503526e-04,-1.09198111e-03,1.97733383e+01,1.30629114e-03
0.108844,1.09502945e+03,4.70761303e+00,-1.34388786e+01,-3.21095966e+00,-2.15260265e-03,-1.22919511e-03,-1.05415211e-03,1.97889584e+01,1.29501930e-03
0.109391,1.09647162e+03,4.42255519e+00,-1.32673262e+01,-3.22459344e+00,-2.28509732e-03,-9.53365453e-04,-9.80295856e-04,1.98132528e+01,1.28588102e-03
0.109938,1.09789708e+03,3.72050984e+00,-1.27792334e+01,-3.20601562e+00,-2.70709956e-03,-3.92622213e-04,-6.52108689e-04,1.98358086e+01,1.27407166e-03
0.110485,1.09930555e+03,3.50984184e+00,-1.26421888e+01,-3.24470984e+00,-2.72133127e-03,-9.69492191e-05,-7.89877017e-04,1.98527117e+01,1.26090484e-03
0.111032,1.10069676e+03,4.51050097e+00,-1.35087046e+01,-3.23670493e+00,-1.95163721e-03,-1.05493162e-03,-7.30249645e-04,1.98704376e+01,1.24942317e-03
0.111579,1.10207025e+03,4.62477389e+00,-1.36445710e+01,-3.25871153e+00,-1.80834399e-03,-1.10470544e-03,-7.83708332e-04,1.99023970e+01,1.24152881e-03
0.112126,1.10342551e+03,4.02163471e+00,-1.31990889e+01,-3.25224770e+00,-2.15723628e-03,-5.70006188e-04,-6.07924828e-04,1.99367219e+01,1.23092563e-03
0.112673,1.10476225e+03,4.09000312e+00,-1.32958751e+01,-3.27450560e+00,-1.99583395e-03,-5.77388874e-04,-6.65614181e-04,1.99654414e+01,1.21806418e-03
0.113220,1.10608015e+03,3.98869502e+00,-1.32563416e+01,-3.27985699e+00,-1.98477087e-03,-4.73705132e-04,-6.04379050e-04,1.99971238e+01,1.20733053e-03
0.113767,1.10737887e+03,3.59542626e+00,-1.29786272e+01,-3.25120468e+00,-2.19168689e-03,-1.82100264e-04,-3.32544039e-04,2.00297005e+01,1.19603703e-03
0.114314,1.10865810e+03,3.82722625e+00,-1.32066706e+01,-3.29659665e+00,-1.90960537e-03,-2.81528041e-04,-5.48698719e-04,2.00601030e+01,1.18380224e-03
0.114861,1.10991752e+03,3.73977985e+00,-1.32035616e+01,-3.24461754e+00,-1.93888361e-03,-3.51763115e-04,-1.27209689e-04,2.00957575e+01,1.17361258e-03
0.115408,1.11115677e+03,3.71909394e+00,-1.31815783e+01,-3.34154543e+00,-1.79880972e-03,-5.38343998e-05,-7.00129910e-04,2.01327178e+01,1.16223933e-03
0.115955,1.11237553e+03,3.42399540e+00,-1.29417388e+01,-3.36887008e+00,-1.89482771e-03,3.08587025e-04,-8.02845613e-04,2.01712519e+01,1.15141280e-03
0.116501,1.11357349e+03,2.95245487e+00,-1.25480382e+01,-3.36745348e+00,-2.12080462e-03,7.68070548e-04,-7.42743878e-04,2.02085580e+01,1.13962889e-03
0.117048,1.11475041e+03,2.93563168e+00,-1.25692175e+01,-3.37680985e+00,-2.03339249e-03,7.93661197e-04,-7.04708703e-04,2.02431670e+01,1.12729214e-03
0.117595,1.11590602e+03,2.37171238e+00,-1.20733382e+01,-3.37356957e+00,-2.32370745e-03,1.35598848e-03,-6.74517488e-04,2.02810376e+01,1.11632253e-03
0.118142,1.11704005e+03,1.79350473e+00,-1.15756531e+01,-3.33113008e+00,-2.63670866e-03,1.82331635e-03,-4.06317242e-04,2.03155519e+01,1.10377874e-03
0.118689,1.11815230e+03,2.17367883e+00,-1.19822036e+01,-3.33782406e+00,-2.29419199e-03,1.41918960e-03,-2.93053137e-04,2.03474949e+01,1.09115242e-03
0.119236,1.11924248e+03,2.59345162e+00,-1.24134065e+01,-3.37924875e+00,-1.92470977e-03,1.07726758e-03,-3.93860199e-04,2.03887207e+01,1.08138253e-03
0.119783,1.12031020e+03,2.71500605e+00,-1.25977725e+01,-3.33551578e+00,-1.81992867e-03,8.07506364e-04,1.04793163e-06,2.04382880e+01,1.07179518e-03
0.120330,1.12135509e+03,2.26152822e+00,-1.21652182e+01,-3.35423582e+00,-2.02176224e-03,1.35580391e-03,-1.90851084e-04,2.04917884e+01,1.06115892e-03
0.120877,1.12237689e+03,2.19022328e+00,-1.21278080e+01,-3.35402195e+00,-1.97659150e-03,1.42503880e-03,-1.40966016e-04,2.05417951e+01,1.04909973e-03
0.121424,1.12337537e+03,2.58306878e+00,-1.25338286e+01,-3.42248479e+00,-1.59160381e-03,1.17922094e-03,-3.97291067e-04,2.05938228e+01,1.03809011e-03
0.121971,1.12435020e+03,2.14618105e+00,-1.21411234e+01,-3.36672054e+00,-1.85527659e-03,1.49213640e-03,-9.88784836e-05,2.06531358e+01,1.02853073e-03
0.122518,1.12530110e+03,1.92939255e+00,-1.19299191e+01,-3.39035835e+00,-1.88052054e-03,1.80169336e-03,-2.70060438e-04,2.07091199e+01,1.01640893e-03
0.123065,1.12622785e+03,1.73995340e+00,-1.17668758e+01,-3.37451510e+00,-1.93121570e-03,1.95868168e-03,-1.63846347e-04,2.07650091e+01,1.00513608e-03
0.123612,1.12713023e+03,1.47732909e+00,-1.15490995e+01,-3.30920775e+00,-2.07107223e-03,2.05944376e-03,2.21189591e-04,2.08215493e+01,9.93870768e-04
0.124159,1.12800801e+03,1.56411143e+00,-1.16608752e+01,-3.33485373e+00,-1.90985600e-03,2.03194636e-03,1.32399030e-04,2.08780976e+01,9.82327227e-04
0.124706,1.12886092e+03,1.88135659e+00,-1.20002392e+01,-3.41389926e+00,-1.57204759e-03,1.88550533e-03,-1.87828796e-04,2.09390277e+01,9.71978634e-04
0.125253,1.12968868e+03,1.91109823e+00,-1.20516931e+01,-3.43420439e+00,-1.47153586e-03,1.89876967e-03,-2.33535390e-04,2.10065521e+01,9.62379786e-04
0.125800,1.13049099e+03,2.28336804e+00,-1.25147783e+01,-3.42396227e+00,-1.18579617e-03,1.40662141e-03,9.14397850e-05,2.10764486e+01,9.51888116e-04
0.126347,1.13126757e+03,1.89476924e+00,-1.21099626e+01,-3.39829253e+00,-1.38654263e-03,1.79985094e-03,1.03706342e-04,2.11529747e+01,9.42217523e-04
0.126894,1.13201817e+03,2.33541721e+00,-1.25872563e+01,-3.51045893e+00,-9.31133081e-04,1.59240889e-03,-3.35721482e-04,2.12256335e+01,9.30581067e-04
0.127441,1.13274255e+03,2.61746271e+00,-1.29136281e+01,-3.56813704e+00,-6.47675869e-04,1.40691533e-03,-4.69825152e-04,2.13054579e+01,9.21456898e-04
0.127988,1.13344041e+03,2.71158026e+00,-1.30435610e+01,-3.58523038e+00,-5.16573559e-04,1.32719952e-03,-4.39116103e-04,2.13897288e+01,9.11787368e-04
0.128535,1.13411149e+03,2.44327704e+00,-1.27402349e+01,-3.59299045e+00,-6.07904168e-04,1.67478343e-03,-5.73008365e-04,2.14756571e+01,9.01550018e-04
0.129081,1.13475559e+03,2.23507253e+00,-1.25344276e+01,-3.55659578e+00,-7.00343495e-04,1.80607866e-03,-3.76031938e-04,2.15583869e+01,8.90421277e-04
0.129628,1.13537251e+03,1.81936155e+00,-1.20523155e+01,-3.54090495e+00,-8.89363720e-04,2.27832021e-03,-4.72755024e-04,2.16395730e+01,8.79369189e-04
0.130175,1.13596212e+03,1.55220437e+00,-1.17882173e+01,-3.46699214e+00,-1.04787184e-03,2.37496160e-03,-8.65036291e-05,2.17167423e+01,8.67932474e-04
0.130722,1.13652424e+03,1.76627464e+00,-1.20351067e+01,-3.54260874e+00,-7.73251221e-04,2.31421190e-03,-3.65879495e-04,2.17929615e+01,8.56754168e-04
0.131269,1.13705867e+03,1.69540390e+00,-1.19888584e+01,-3.50816901e+00,-7.94168543e-04,2.28257200e-03,-1.10144639e-04,2.18747370e+01,8.47193635e-04
0.131816,1.13756520e+03,1.58951522e+00,-1.18728724e+01,-3.50714069e+00,-7.88327243e-04,2.41150722e-03,-1.22497080e-04,2.19578710e+01,8.36677963e-04
0.132363,1.13804365e+03,1.46210302e+00,-1.17064253e+01,-3.53584759e+00,-7.63483132e-04,2.66058966e-03,-3.45972810e-04,2.20417811e+01,8.26227218e-04
0.132910,1.13849383e+03,1.19754886e+00,-1.14132141e+01,-3.47702225e+00,-9.11891911e-04,2.81741881e-03,-9.55226470e-05,2.21261250e+01,8.15857564e-04
0.133457,1.13891559e+03,1.15193405e+00,-1.13748929e+01,-3.47009386e+00,-8.72844848e-04,2.84553577e-03,-2.55207499e-05,2.22094197e+01,8.04973072e-04
0.134004,1.13930878e+03,9.27055334e-01,-1.10785072e+01,-3.48140974e+00,-9.20917696e-04,3.18216914e-03,-2.35784337e-04,2.22950560e+01,7.94798966e-04
0.134551,1.13967321e+03,1.03151422e+00,-1.12452668e+01,-3.47389433e+00,-8.05980528e-04,2.98828609e-03,-1.48699337e-05,2.23801696e+01,7.84324997e-04
0.135098,1.14000874e+03,1.07045798e+00,-1.13140008e+01,-3.47614127e+00,-7.21311405e-04,2.92891759e-03,6.52236575e-05,2.24700150e+01,7.74575037e-04
0.135645,1.14031517e+03,6.78681650e-01,-1.08162697e+01,-3.42096394e+00,-9.37370280e-04,3.30643823e-03,1.08331269e-04,2.25630895e+01,7.64757025e-04
0.136192,1.14059236e+03,4.40602174e-01,-1.05055574e+01,-3.40098326e+00,-1.01511748e-03,3.57630313e-03,5.95543991e-05,2.26528325e+01,7.53886389e-04
0.136739,1.14084019e+03,2.93233544e-01,-1.03332410e+01,-3.36377138e+00,-1.06737780e-03,3.65839479e-03,2.14573647e-04,2.27421849e+01,7.43524531e-04
0.137286,1.14105852e+03,4.46065145e-01,-1.05530245e+01,-3.38652517e+00,-8.92342396e-04,3.49300772e-03,2.71546456e-04,2.28329002e+01,7.33365807e-04
0.137833,1.14124721e+03,7.74164768e-01,-1.09866343e+01,-3.47243884e+00,-5.59477008e-04,3.27032387e-03,9.88758059e-05,2.29294078e+01,7.24070486e-04
0.138380,1.14140606e+03,7.34487677e-01,-1.09362914e+01,-3.47603001e+00,-5.26400308e-04,3.33136702e-03,8.64009079e-05,2.30334688e+01,7.15364146e-04
0.138927,1.14153489e+03,1.60429118e-01,-1.01481878e+01,-3.39073763e+00,-8.78874268e-04,3.91328475e-03,6.05337944e-05,2.31387126e+01,7.05684761e-04
0.139474,1.14163362e+03,1.71137133e-01,-1.01554856e+01,-3.41671447e+00,-7.67420013e-04,3.96285164e-03,-3.95265199e-05,2.32368887e+01,6.94708993e-04
0.140021,1.14170214e+03,-1.30135607e-02,-9.87707562e+00,-3.42189596e+00,-7.98231909e-04,4.24710197e-03,-2.25427917e-04,2.33383427e+01,6.85330529e-04
0.140568,1.14174032e+03,-1.10991381e-02,-9.88068388e+00,-3.43302017e+00,-7.24319093e-04,4.25141940e-03,-2.16396846e-04,2.34396508e+01,6.75557450e-04
0.141114,1.14174806e+03,-2.92804051e-04,-9.90745114e+00,-3.43176865e+00,-6.67833312e-04,4.20150940e-03,-1.16187356e-04,2.35441288e+01,6.66217434e-04
0.141661,1.14172521e+03,-2.92807045e-01,-9.53190992e+00,-3.32834117e+00,-8.97377424e-04,4.30141373e-03,2.70809359e-04,2.36516974e+01,6.56906362e-04
0.142208,1.14167168e+03,-5.66744949e-01,-9.14202018e+00,-3.27311724e+00,-1.03845016e-03,4.54866137e-03,3.26438529e-04,2.37573528e+01,6.46756969e-04
0.142755,1.14158738e+03,-5.35298820e-01,-9.21237026e+00,-3.25744080e+00,-9.75486769e-04,4.42948553e-03,5.19211440e-04,2.38617378e+01,6.36888838e-04
0.143302,1.14147220e+03,-4.09510221e-01,-9.41153542e+00,-3.27401339e+00,-8.30377522e-04,4.26967351e-03,6.12610188e-04,2.39703682e+01,6.27775936e-04
0.143849,1.14132602e+03,-3.63747186e-01,-9.47093834e+00,-3.30152329e+00,-7.16788912e-04,4.28098907e-03,5.18717215e-04,2.40843022e+01,6.18994598e-04
0.144396,1.14114873e+03,-5.53922561e-01,-9.17867481e+00,-3.27531355e+00,-7.92472113e-04,4.50428357e-03,4.55486871e-04,2.42014629e+01,6.10155700e-04
0.144943,1.14094021e+03,-5.05784725e-01,-9.25070633e+00,-3.29184838e+00,-6.85014213e-04,4.46722749e-03,4.52832632e-04,2.43175708e+01,6.00781398e-04
0.145490,1.14070039e+03,-5.21911631e-01,-9.25419654e+00,-3.25803252e+00,-6.83209148e-04,4.37044800e-03,6.92419481e-04,2.44370816e+01,5.92024721e-04
0.146037,1.14042915e+03,-5.32956413e-01,-9.20140455e+00,-3.30265409e+00,-5.74057787e-04,4.53818129e-03,3.95597817e-04,2.45587269e+01,5.83045808e-04
0.146584,1.14012642e+03,-3.80211968e-01,-9.38048316e+00,-3.40616344e+00,-3.00209924e-04,4.61665287e-03,-2.20113120e-05,2.46820302e+01,5.74403029e-04
0.147131,1.13979209e+03,-3.85538600e-01,-9.35566789e+00,-3.42310746e+00,-2.34495447e-04,4.66227737e-03,-7.71272154e-05,2.48095984e+01,5.66284090e-04
0.147678,1.13942608e+03,-1.04967903e-01,-9.79931392e+00,-3.48731207e+00,3.93435764e-05,4.35978166e-03,1.35980783e-05,2.49385330e+01,5.57650290e-04
0.148225,1.13902827e+03,-3.42737905e-01,-9.45701726e+00,-3.39143542e+00,-1.87823085e-04,4.42843556e-03,3.29042458e-04,2.50739975e+01,5.49679749e-04
0.148772,1.13859860e+03,-7.03303403e-01,-8.91326418e+00,-3.26358732e+00,-4.94412357e-04,4.62532984e-03,6.23723423e-04,2.52059886e+01,5.40388861e-04
0.149319,1.13813703e+03,-7.75413252e-01,-8.76701047e+00,-3.27801110e+00,-4.47415076e-04,4.80324303e-03,4.24454243e-04,2.53328821e+01,5.30899630e-04
0.149866,1.13764351e+03,-5.64904964e-01,-9.10823760e+00,-3.33292681e+00,-2.17613153e-04,4.59041345e-03,4.63935745e-04,2.54606323e+01,5.22437917e-04
0.150413,1.13711798e+03,-5.66751853e-01,-9.09883802e+00,-3.33510661e+00,-1.71187618e-04,4.59512153e-03,4.78401027e-04,2.55947781e+01,5.14580799e-04
0.150960,1.13656035e+03,-5.81792693e-01,-9.05045046e+00,-3.35113080e+00,-1.05441924e-04,4.67502741e-03,3.72470326e-04,2.57305071e+01,5.06289996e-04
0.151507,1.13597057e+03,-6.69077137e-01,-8.84694108e+00,-3.38165611e+00,-5.01614188e-05,4.94533403e-03,3.73414667e-05,2.58673716e+01,4.98096165e-04
0.152054,1.13534860e+03,-1.22032184e+00,-7.96909336e+00,-3.17907369e+00,-5.86968166e-04,5.25212595e-03,4.39616470e-04,2.60036502e+01,4.89926931e-04
0.152601,1.13469442e+03,-1.14599204e+00,-8.06822866e+00,-3.22634067e+00,-4.19139569e-04,5.25902500e-03,3.00051573e-04,2.61309383e+01,4.80331123e-04
0.153148,1.13400803e+03,-1.20138499e+00,-8.01083605e+00,-3.17086511e+00,-4.92730392e-04,5.14208506e-03,6.25073047e-04,2.62630098e+01,4.72583078e-04
0.153694,1.13328937e+03,-1.27506435e+00,-7.86278961e+00,-3.16657237e+00,-4.80605290e-04,5.26673183e-03,5.31614636e-04,2.63970979e+01,4.64336034e-04
0.154241,1.13253841e+03,-1.32613911e+00,-7.79237240e+00,-3.12938269e+00,-5.14190008e-04,5.21844021e-03,7.20536847e-04,2.65323522e+01,4.56353785e-04
0.154788,1.13175512e+03,-1.61281059e+00,-7.29431918e+00,-3.03360282e+00,-7.38870955e-04,5.45035554e-03,8.00457823e-04,2.66694989e+01,4.48331743e-04
0.155335,1.13093949e+03,-1.61516740e+00,-7.27844727e+00,-3.04182196e+00,-6.69327452e-04,5.47502490e-03,7.61667386e-04,2.68033524e+01,4.39909803e-04
0.155882,1.13009150e+03,-1.43187019e+00,-7.56959115e+00,-3.13017726e+00,-4.00458639e-04,5.40497130e-03,5.76239690e-04,2.69405422e+01,4.32276097e-04
0.156429,1.12921113e+03,-1.50412158e+00,-7.38180581e+00,-3.15444461e+00,-3.44571158e-04,5.64184781e-03,2.77975065e-04,2.70844596e+01,4.25207693e-04
0.156976,1.12829835e+03,-1.55861007e+00,-7.25474142e+00,-3.15620970e+00,-3.18882548e-04,5.74322600e-03,1.96292033e-04,2.72285131e+01,4.17700156e-04
0.157523,1.12735316e+03,-1.44910641e+00,-7.44012748e+00,-3.19860193e+00,-1.62331311e-04,5.63558658e-03,2.14243153e-04,2.73734914e+01,4.10173886e-04
0.158070,1.12637552e+03,-1.43522577e+00,-7.46991064e+00,-3.19320895e+00,-1.36742971e-04,5.55478703e-03,3.43372576e-04,2.75231428e+01,4.03015608e-04
0.158617,1.12536544e+03,-1.55927198e+00,-7.21401328e+00,-3.16689532e+00,-1.94654039e-04,5.71187684e-03,2.75434545e-04,2.76749071e+01,3.95635277e-04
0.159164,1.12432291e+03,-1.82802914e+00,-6.73990799e+00,-3.04892294e+00,-4.83086125e-04,5.82873536e-03,5.09473720e-04,2.78252259e+01,3.88143983e-04
0.159711,1.12324794e+03,-1.70140861e+00,-6.96761833e+00,-3.09689943e+00,-3.02032615e-04,5.70125332e-03,5.29362100e-04,2.79714066e+01,3.80217931e-04
0.160258,1.12214056e+03,-1.62426896e+00,-7.13756177e+00,-3.09697775e+00,-2.38885644e-04,5.50030099e-03,7.66913964e-04,2.81232665e+01,3.73374961e-04
0.160805,1.12100074e+03,-1.55512161e+00,-7.30672240e+00,-3.07979915e+00,-2.00498789e-04,5.26271344e-03,1.08861920e-03,2.82791683e+01,3.66348767e-04
0.161352,1.11982850e+03,-1.56816945e+00,-7.23808876e+00,-3.10241771e+00,-1.22062706e-04,5.38934444e-03,8.88013312e-04,2.84385587e+01,3.59318808e-04
0.161899,1.11862383e+03,-1.56383675e+00,-7.22585175e+00,-3.10947194e+00,-6.31343193e-05,5.40640520e-03,8.60148387e-04,2.85984514e+01,3.52507901e-04
0.162446,1.11738677e+03,-1.38008100e+00,-7.60444212e+00,-3.14691272e+00,1.22591020e-04,5.10908223e-03,1.10434030e-03,2.87595027e+01,3.45701306e-04
0.162993,1.11611732e+03,-1.32605282e+00,-7.69423730e+00,-3.16306054e+00,2.19356967e-04,5.05892740e-03,1.12291274e-03,2.89263689e+01,3.39169294e-04
0.163540,1.11481549e+03,-1.21272099e+00,-7.88068276e+00,-3.21523446e+00,4.15562863e-04,5.01249709e-03,1.04572978e-03,2.90948536e+01,3.32570262e-04
0.164087,1.11348131e+03,-1.05443873e+00,-8.11997111e+00,-3.30810320e+00,7.16454828e-04,5.02765910e-03,8.01343185e-04,2.92661206e+01,3.26233657e-04
0.164634,1.11211479e+03,-1.26202293e+00,-7.65170217e+00,-3.25092789e+00,5.44632451e-04,5.32618147e-03,6.11544160e-04,2.94406094e+01,3.20178515e-04
0.165181,1.11071599e+03,-1.44600200e+00,-7.19660457e+00,-3.21833454e+00,4.65539320e-04,5.67931992e-03,3.06541791e-04,2.96085163e+01,3.13363572e-04
0.165727,1.10928496e+03,-1.43469296e+00,-7.17501636e+00,-3.23629540e+00,5.46708903e-04,5.71503342e-03,2.45276429e-04,2.97711618e+01,3.06788013e-04
0.166274,1.10782176e+03,-1.37663258e+00,-7.28791647e+00,-3.25060011e+00,6.10026843e-04,5.59499927e-03,3.68218749e-04,2.99351535e+01,3.00530680e-04
0.166821,1.10632644e+03,-1.45332627e+00,-7.20838712e+00,-3.16065932e+00,3.72480052e-04,5.37060236e-03,8.51555213e-04,3.01019940e+01,2.94298410e-04
0.167368,1.10479904e+03,-1.61630768e+00,-6.82933242e+00,-3.10396452e+00,2.41055964e-04,5.58393040e-03,7.45675273e-04,3.02681651e+01,2.87580946e-04
0.167915,1.10323964e+03,-1.65580053e+00,-6.74665395e+00,-3.07386618e+00,1.97977886e-04,5.55604804e-03,8.59417634e-04,3.04305816e+01,2.81228886e-04
0.168462,1.10164829e+03,-1.74999791e+00,-6.56458323e+00,-3.00927114e+00,6.11650177e-05,5.53599124e-03,1.04092715e-03,3.05938279e+01,2.75053896e-04
0.169009,1.10002507e+03,-1.74367490e+00,-6.54116810e+00,-3.02253732e+00,1.37403742e-04,5.58460495e-03,9.56941640e-04,3.07564344e+01,2.68800420e-04
0.169556,1.09837004e+03,-1.85545285e+00,-6.29245758e+00,-2.96557572e+00,1.61030504e-05,5.65934554e-03,1.00505482e-03,3.09210725e+01,2.63032744e-04
0.170103,1.09668329e+03,-1.95960362e+00,-5.97462370e+00,-2.96101942e+00,4.00014606e-05,5.96627837e-03,6.60053898e-04,3.10842451e+01,2.57017930e-04
0.170650,1.09496489e+03,-1.94177076e+00,-5.95886006e+00,-2.98865619e+00,1.54155291e-04,6.03171739e-03,5.35836527e-04,3.12455266e+01,2.51421524e-04
0.171197,1.09321494e+03,-1.99099065e+00,-5.81259232e+00,-2.97577707e+00,1.47679037e-04,6.11090803e-03,4.85734687e-04,3.14094754e+01,2.45978304e-04
0.171744,1.09143351e+03,-2.01709211e+00,-5.73676627e+00,-2.96427094e+00,1.39081171e-04,6.11474216e-03,5.19799714e-04,3.15738466e+01,2.40431134e-04
0.172291,1.08962069e+03,-2.04317213e+00,-5.66146643e+00,-2.95207977e+00,1.28393225e-04,6.11710855e-03,5.55656699e-04,3.17395719e+01,2.34943710e-04
0.172838,1.08777657e+03,-2.03109886e+00,-5.73266068e+00,-2.92995040e+00,7.19138074e-05,5.92845445e-03,8.34646509e-04,3.19065200e+01,2.29543986e-04
0.173385,1.08590125e+03,-1.94352434e+00,-5.92499299e+00,-2.96449920e+00,2.02305937e-04,5.79603617e-03,9.27148404e-04,3.20763429e+01,2.24090298e-04
0.173932,1.08399481e+03,-1.84382867e+00,-6.08556826e+00,-3.03104542e+00,4.37636000e-04,5.80076806e-03,7.91812233e-04,3.22507043e+01,2.19026741e-04
0.174479,1.08205735e+03,-1.84928794e+00,-6.02689021e+00,-3.03570206e+00,4.82962305e-04,5.84771229e-03,7.34342613e-04,3.24286799e+01,2.14272022e-04
0.175026,1.08008896e+03,-1.89534914e+00,-5.97675544e+00,-2.97845814e+00,3.10408985e-04,5.68699025e-03,1.04437073e-03,3.26064802e+01,2.09351104e-04
0.175573,1.07808976e+03,-1.90019188e+00,-6.04922240e+00,-2.92427578e+00,1.71822532e-04,5.41763966e-03,1.47758842e-03,3.27837382e+01,2.04117472e-04
0.176120,1.07605985e+03,-1.79422617e+00,-6.13686146e+00,-3.04226137e+00,5.63544770e-04,5.68000579e-03,9.17296438e-04,3.29622817e+01,1.98953209e-04
0.176667,1.07399934e+03,-1.80164289e+00,-6.04368728e+00,-3.05353352e+00,6.42146245e-04,5.78989464e-03,7.70686300e-04,3.31428390e+01,1.94959052e-04
0.177214,1.07190836e+03,-1.80135844e+00,-6.02682560e+00,-3.04704554e+00,6.41138371e-04,5.75215267e-03,8.34218634e-04,3.33224092e+01,1.90525484e-04
0.177760,1.06978703e+03,-2.05545249e+00,-5.47153980e+00,-2.89105708e+00,1.39559134e-04,5.84334085e-03,1.01137483e-03,3.35020936e+01,1.86006953e-04
0.178307,1.06763548e+03,-1.94964878e+00,-5.69201899e+00,-2.95160168e+00,3.57674494e-04,5.75949072e-03,1.00142618e-03,3.36729027e+01,1.81069517e-04
0.178854,1.06545384e+03,-1.86386820e+00,-5.80782855e+00,-3.01720316e+00,6.14936363e-04,5.81135518e-03,8.23235686e-04,3.38490104e+01,1.77021647e-04
0.179401,1.06324226e+03,-1.77654206e+00,-5.96398761e+00,-3.06761012e+00,8.11252551e-04,5.76110472e-03,8.01193392e-04,3.40280906e+01,1.73219907e-04
0.179948,1.06100085e+03,-1.92806581e+00,-5.64809879e+00,-2.96233183e+00,4.34551480e-04,5.74143735e-03,1.00782977e-03,3.42102042e+01,1.69380031e-04
0.180495,1.05872977e+03,-1.84586958e+00,-5.80514440e+00,-3.01001516e+00,6.25109086e-04,5.68793527e-03,9.90849974e-04,3.43867321e+01,1.65058865e-04
0.181042,1.05642916e+03,-1.89886605e+00,-5.65938491e+00,-2.97308127e+00,5.25625969e-04,5.70674974e-03,1.03333371e-03,3.45667311e+01,1.61447257e-04
0.181589,1.05409916e+03,-2.05471669e+00,-5.40057943e+00,-2.83812780e+00,4.43445944e-05,5.53859150e-03,1.46814757e-03,3.47446572e+01,1.57715045e-04
0.182136,1.05173994e+03,-1.90500536e+00,-5.77212168e+00,-2.91749329e+00,3.18845992e-04,5.35461304e-03,1.54833957e-03,3.49179429e+01,1.53586233e-04
0.182683,1.04935164e+03,-1.94698677e+00,-5.61798129e+00,-2.89527134e+00,2.99511228e-04,5.45570133e-03,1.45597690e-03,3.50986519e+01,1.50349213e-04
0.183230,1.04693443e+03,-1.99136886e+00,-5.54547122e+00,-2.84562401e+00,1.53564416e-04,5.36748181e-03,1.64304960e-03,3.52771512e+01,1.47200227e-04
0.183777,1.04448846e+03,-2.03997539e+00,-5.29749258e+00,-2.84110454e+00,2.38268815e-04,5.64018760e-03,1.30803831e-03,3.54547119e+01,1.43914092e-04
0.184324,1.04201391e+03,-2.12479320e+00,-5.07077867e+00,-2.78261808e+00,8.41739879e-05,5.69580793e-03,1.33500984e-03,3.56288966e+01,1.41325245e-04
0.184871,1.03951097e+03,-2.19128544e+00,-4.90871262e+00,-2.73135187e+00,-5.38509612e-05,5.70133182e-03,1.40991869e-03,3.58002149e+01,1.38492552e-04
0.185418,1.03697981e+03,-2.02909307e+00,-5.35633448e+00,-2.82321841e+00,2.26975811e-04,5.44984174e-03,1.55809853e-03,3.59701510e+01,1.35796009e-04
0.185965,1.03442060e+03,-2.08987948e+00,-5.07848315e+00,-2.80063508e+00,2.62675423e-04,5.70032575e-03,1.28276849e-03,3.61490832e+01,1.33359417e-04
0.186512,1.03183353e+03,-2.13961927e+00,-4.81065045e+00,-2.78370488e+00,3.45653511e-04,5.94548269e-03,1.01238313e-03,3.63234831e+01,1.31372302e-04
0.187059,1.02921880e+03,-2.25670864e+00,-4.45073763e+00,-2.71041269e+00,1.60438051e-04,6.10169038e-03,9.40348874e-04,3.64941433e+01,1.29577385e-04
0.187606,1.02657661e+03,-2.30126530e+00,-4.34751476e+00,-2.67671078e+00,3.97614452e-05,6.07306336e-03,1.02805292e-03,3.66596525e+01,1.27711149e-04
0.188153,1.02390715e+03,-2.25914486e+00,-4.44009754e+00,-2.70547289e+00,1.53466025e-04,6.01747872e-03,1.04903585e-03,3.68252224e+01,1.25894823e-04
0.188700,1.02121063e+03,-2.38307566e+00,-4.17300795e+00,-2.61248194e+00,-2.11724534e-04,5.99782073e-03,1.21571370e-03,3.69944241e+01,1.24363144e-04
0.189247,1.01848725e+03,-2.33079449e+00,-4.32621548e+00,-2.64631387e+00,-9.97134298e-05,5.89028949e-03,1.28912971e-03,3.71595180e+01,1.22815203e-04
0.189794,1.01573721e+03,-2.41367545e+00,-4.07216101e+00,-2.58962998e+00,-2.37357922e-04,5.99046469e-03,1.25294731e-03,3.73292571e+01,1.21591434e-04
0.190340,1.01296072e+03,-2.43580861e+00,-4.05051544e+00,-2.56841708e+00,-3.22642681e-04,5.91585760e-03,1.37315047e-03,3.74953770e+01,1.20661042e-04
0.190887,1.01015801e+03,-2.58119799e+00,-3.62116992e+00,-2.46609132e+00,-5.91819325e-04,6.08935658e-03,1.31865955e-03,3.76624902e+01,1.19758645e-04
0.191434,1.00732930e+03,-2.50870736e+00,-3.73481278e+00,-2.53179142e+00,-2.76007824e-04,6.13382465e-03,1.15557106e-03,3.78227224e+01,1.19252554e-04
0.191981,1.00447481e+03,-2.41658242e+00,-3.99646635e+00,-2.59872166e+00,-5.46395474e-05,5.98724944e-03,1.22615422e-03,3.79874708e+01,1.18977956e-04
0.192528,1.00159476e+03,-2.57190930e+00,-3.53045083e+00,-2.49178407e+00,-3.86732806e-04,6.18806101e-03,1.14139755e-03,3.81583185e+01,1.18622251e-04
0.193075,9.98689388e+02,-2.51932360e+00,-3.48342470e+00,-2.54241759e+00,1.73420593e-05,6.37802362e-03,8.30241664e-04,3.83200181e+01,1.18710133e-04
0.193622,9.95758939e+02,-2.55514647e+00,-3.43095045e+00,-2.51975178e+00,-1.42709916e-04,6.31136955e-03,9.43599429e-04,3.84824193e+01,1.19066152e-04
0.194169,9.92803653e+02,-2.49489238e+00,-3.74108358e+00,-2.56559921e+00,-1.60753813e-04,6.01330501e-03,1.23064098e-03,3.86446993e+01,1.19241415e-04
0.194716,9.89823764e+02,-2.56013397e+00,-3.57654164e+00,-2.51744465e+00,-3.46371836e-04,6.03150810e-03,1.27826866e-03,3.88134533e+01,1.19344165e-04
0.195263,9.86819512e+02,-2.53900519e+00,-3.57042830e+00,-2.53641879e+00,-1.85914726e-04,6.06753014e-03,1.19874470e-03,3.89786145e+01,1.19935178e-04
0.195810,9.83791150e+02,-2.61083472e+00,-3.34094485e+00,-2.48386702e+00,-3.39798140e-04,6.15272684e-03,1.17192029e-03,3.91440481e+01,1.20697700e-04
0.196357,9.80738935e+02,-2.67321145e+00,-3.18669529e+00,-2.43783997e+00,-5.18189605e-04,6.16076802e-03,1.23028770e-03,3.93047552e+01,1.21663467e-04
0.196904,9.77663131e+02,-2.62479739e+00,-3.24833991e+00,-2.48072869e+00,-2.57660282e-04,6.18064501e-03,1.13079405e-03,3.94627310e+01,1.22692334e-04
0.197451,9.74564000e+02,-2.65102543e+00,-2.97192774e+00,-2.45820788e+00,-7.92357634e-05,6.42513975e-03,8.61591429e-04,3.96228978e+01,1.23820459e-04
0.197998,9.71441815e+02,-2.69518204e+00,-3.07615686e+00,-2.44189886e+00,-4.82939567e-04,6.17336130e-03,1.19380838e-03,3.97777579e+01,1.25289239e-04
0.198545,9.68296848e+02,-2.68297306e+00,-3.16224214e+00,-2.45730322e+00,-4.72280634e-04,6.06868643e-03,1.29228580e-03,3.99343545e+01,1.26483779e-04
0.199092,9.65129364e+02,-2.77096490e+00,-2.85009404e+00,-2.38698580e+00,-6.42515188e-04,6.21821909e-03,1.21663269e-03,4.00930702e+01,1.27854695e-04
0.199639,9.61939645e+02,-2.69584972e+00,-3.05329397e+00,-2.45657791e+00,-3.53221987e-04,6.12546242e-03,1.20671737e-03,4.02449076e+01,1.29617313e-04
0.200186,9.58727974e+02,-2.66353958e+00,-3.14026499e+00,-2.48574275e+00,-2.22515070e-04,6.05764169e-03,1.23337263e-03,4.04017111e+01,1.31136027e-04
0.200733,9.55494635e+02,-2.63275216e+00,-3.14250137e+00,-2.50676137e+00,-1.16570279e-05,6.07626343e-03,1.16310363e-03,4.05599805e+01,1.32792273e-04
0.201280,9.52239917e+02,-2.76209127e+00,-2.77253714e+00,-2.40900286e+00,-4.46657442e-04,6.21985792e-03,1.14844776e-03,4.07174884e+01,1.34581252e-04
0.201827,9.48964121e+02,-2.71972713e+00,-2.94869343e+00,-2.45563708e+00,-3.29065651e-04,6.07951446e-03,1.23488751e-03,4.08648296e+01,1.36763852e-04
0.202373,9.45667546e+02,-2.70314193e+00,-3.15531617e+00,-2.48634397e+00,-4.18115979e-04,5.85458014e-03,1.45758008e-03,4.10162866e+01,1.38586985e-04
0.202920,9.42350486e+02,-2.75977832e+00,-2.86925002e+00,-2.43127446e+00,-4.59024761e-04,6.03683563e-03,1.31342692e-03,4.11712591e+01,1.40469225e-04
0.203467,9.39013247e+02,-2.73573058e+00,-2.85461390e+00,-2.44890672e+00,-2.53770496e-04,6.06319590e-03,1.23169570e-03,4.13183371e+01,1.42748557e-04
0.204014,9.35656147e+02,-2.76172146e+00,-2.62783589e+00,-2.41393487e+00,-1.76348823e-04,6.21254537e-03,1.08983274e-03,4.14647037e+01,1.44856232e-04
0.204561,9.32279508e+02,-2.83328548e+00,-2.44538776e+00,-2.36034487e+00,-4.53074402e-04,6.24694830e-03,1.14301692e-03,4.16052841e+01,1.47152988e-04
0.205108,9.28883655e+02,-2.71934332e+00,-2.87344746e+00,-2.48509678e+00,-8.72350682e-05,5.98446888e-03,1.23152864e-03,4.17410778e+01,1.49541440e-04
0.205655,9.25468905e+02,-2.75003221e+00,-2.78994809e+00,-2.46312121e+00,-2.04055372e-04,5.98890170e-03,1.26094641e-03,4.18867025e+01,1.51484620e-04
0.206202,9.22035579e+02,-2.74717044e+00,-2.85970214e+00,-2.47752368e+00,-2.32296123e-04,5.89058625e-03,1.35005352e-03,4.20286966e+01,1.53862841e-04
0.206749,9.18584006e+02,-2.69464631e+00,-3.29565377e+00,-2.56455762e+00,-2.65856064e-04,5.51296545e-03,1.66437445e-03,4.21709848e+01,1.56163586e-04
0.207296,9.15114508e+02,-2.69142327e+00,-3.60490271e+00,-2.60091739e+00,-4.99016285e-04,5.17748202e-03,2.02354098e-03,4.23212681e+01,1.58296188e-04
0.207843,9.11627403e+02,-2.79429574e+00,-3.27646415e+00,-2.50090356e+00,-8.54325381e-04,5.33960578e-03,2.00531450e-03,4.24749381e+01,1.60580884e-04
0.208390,9.08123030e+02,-2.83183132e+00,-3.14505647e+00,-2.46084729e+00,-9.23836537e-04,5.38864687e-03,1.99729607e-03,4.26158694e+01,1.63308219e-04
0.208937,9.04601743e+02,-2.90945016e+00,-2.71686534e+00,-2.35659781e+00,-1.00958456e-03,5.65993691e-03,1.82352003e-03,4.27513260e+01,1.65848121e-04
0.209484,9.01063906e+02,-2.93064131e+00,-2.39288945e+00,-2.29958727e+00,-8.04907543e-04,5.90097624e-03,1.57546797e-03,4.28740254e+01,1.68556762e-04
0.210031,8.97509891e+02,-2.79148646e+00,-2.96971335e+00,-2.48094917e+00,-2.79335780e-04,5.56490852e-03,1.61007313e-03,4.29884250e+01,1.71118698e-04
0.210578,8.93940057e+02,-2.78568036e+00,-2.97700430e+00,-2.48588914e+00,-2.21842771e-04,5.53084574e-03,1.61879265e-03,4.31168115e+01,1.73176829e-04
0.211125,8.90354757e+02,-2.80401588e+00,-2.83187903e+00,-2.45294348e+00,-2.09408824e-04,5.60081903e-03,1.56620943e-03,4.32434358e+01,1.75644278e-04
0.211672,8.86754361e+02,-2.83180053e+00,-2.66323177e+00,-2.41151587e+00,-2.46746548e-04,5.67979790e-03,1.52440362e-03,4.33642233e+01,1.78207189e-04
0.212219,8.83139248e+02,-2.90008383e+00,-2.42309170e+00,-2.33869239e+00,-5.08898408e-04,5.78641908e-03,1.53994956e-03,4.34789953e+01,1.80805048e-04
0.212766,8.79509800e+02,-2.86482422e+00,-2.56217127e+00,-2.38920838e+00,-3.21465619e-04,5.67833827e-03,1.53980758e-03,4.35858177e+01,1.83533980e-04
0.213313,8.75866398e+02,-2.82689886e+00,-2.81067152e+00,-2.46100614e+00,-2.04647254e-04,5.48199203e-03,1.62354633e-03,4.36963530e+01,1.85924574e-04
0.213860,8.72209417e+02,-2.79134959e+00,-2.85158575e+00,-2.48584420e+00,3.80422042e-05,5.43211178e-03,1.57514134e-03,4.38123415e+01,1.88302614e-04
0.214407,8.68539236e+02,-2.84163965e+00,-2.57397247e+00,-2.40990276e+00,-1.18070207e-04,5.58787089e-03,1.52324648e-03,4.39271540e+01,1.90693283e-04
0.214953,8.64856254e+02,-2.85151769e+00,-2.40985573e+00,-2.37297183e+00,-5.83389345e-05,5.66289512e-03,1.45798808e-03,4.40312528e+01,1.93392523e-04
0.215500,8.61160877e+02,-2.89341523e+00,-1.91698482e+00,-2.24709739e+00,-2.31642451e-05,5.95177924e-03,1.28169182e-03,4.41295608e+01,1.95935601e-04
0.216047,8.57453519e+02,-2.93216610e+00,-2.19779681e+00,-2.30624008e+00,-4.48502481e-04,5.71521667e-03,1.55943071e-03,4.42130423e+01,1.98584951e-04
0.216594,8.53734588e+02,-2.94003680e+00,-2.43999253e+00,-2.36438198e+00,-5.95300491e-04,5.50881301e-03,1.73472630e-03,4.43041920e+01,2.01224991e-04
0.217141,8.50004471e+02,-2.99594100e+00,-2.13232536e+00,-2.26820897e+00,-7.54493062e-04,5.66340027e-03,1.72351441e-03,4.44013597e+01,2.03730682e-04
0.217688,8.46263576e+02,-3.07779700e+00,-1.77545222e+00,-2.14262903e+00,-1.06288909e-03,5.81721681e-03,1.79551010e-03,4.44873246e+01,2.06395249e-04
0.218235,8.42512333e+02,-3.06725697e+00,-1.77199823e+00,-2.15904901e+00,-8.94306302e-04,5.80813590e-03,1.71415069e-03,4.45615612e+01,2.09126123e-04
0.218782,8.38751168e+02,-3.08744812e+00,-1.48037522e+00,-2.08324062e+00,-8.11584158e-04,5.96145519e-03,1.60714476e-03,4.46372144e+01,2.11536240e-04
0.219329,8.34980511e+02,-3.12885498e+00,-1.37301826e+00,-2.04301613e+00,-9.75663210e-04,5.97589580e-03,1.68003709e-03,4.47046261e+01,2.14039136e-04
0.219876,8.31200799e+02,-3.11732125e+00,-1.40383286e+00,-2.06884261e+00,-8.18133556e-04,5.93231228e-03,1.62266897e-03,4.47697529e+01,2.16605474e-04
0.220423,8.27412460e+02,-3.11042321e+00,-1.79081616e+00,-2.18732813e+00,-8.56463625e-04,5.65290560e-03,1.75659223e-03,4.48370974e+01,2.18970628e-04
0.220970,8.23615914e+02,-3.14551918e+00,-1.36920212e+00,-2.06443609e+00,-8.52508229e-04,5.89243033e-03,1.65131282e-03,4.49158516e+01,2.21341459e-04
0.221517,8.19811597e+02,-3.22268844e+00,-1.17335114e+00,-1.98029173e+00,-1.24122717e-03,5.96201697e-03,1.81230445e-03,4.49785384e+01,2.23860468e-04
0.222064,8.15999966e+02,-3.24452988e+00,-1.16400846e+00,-1.97705485e+00,-1.27751250e-03,5.92642147e-03,1.84831705e-03,4.50330930e+01,2.26516165e-04
0.222611,8.12181466e+02,-3.26201896e+00,-1.08117574e+00,-1.95533779e+00,-1.25775248e-03,5.94057999e-03,1.83622720e-03,4.50880333e+01,2.28934966e-04
0.223158,8.08356545e+02,-3.25068386e+00,-1.13616057e+00,-1.99113232e+00,-1.07807330e-03,5.87765619e-03,1.76245937e-03,4.51402795e+01,2.31323168e-04
0.223705,8.04525654e+02,-3.22643748e+00,-1.13217919e+00,-2.01416498e+00,-8.00936489e-04,5.84135853e-03,1.63687589e-03,4.51939918e+01,2.33586034e-04
0.224252,8.00689246e+02,-3.25319258e+00,-1.02495721e+00,-1.98010064e+00,-8.80626738e-04,5.87232169e-03,1.66586401e-03,4.52461691e+01,2.35784001e-04
0.224799,7.96847780e+02,-3.24621166e+00,-8.85763818e-01,-1.95180914e+00,-7.05297372e-04,5.91091454e-03,1.57039072e-03,4.52925619e+01,2.38178683e-04
0.225346,7.93001724e+02,-3.22000658e+00,-6.69903222e-01,-1.90700936e+00,-3.92805960e-04,5.98064429e-03,1.40340967e-03,4.53328470e+01,2.40417146e-04
0.225893,7.89151554e+02,-3.25346245e+00,-9.68094155e-01,-2.00280593e+00,-6.26381709e-04,5.78025382e-03,1.56033606e-03,4.53648407e+01,2.42565407e-04
0.226440,7.85297733e+02,-3.31381409e+00,-1.01225059e+00,-1.99999346e+00,-9.85888116e-04,5.73878096e-03,1.75609823e-03,4.54055055e+01,2.44933411e-04
0.226986,7.81440715e+02,-3.31421861e+00,-1.32034550e+00,-2.11572027e+00,-9.19802151e-04,5.51463098e-03,1.76790090e-03,4.54427532e+01,2.47395339e-04
0.227533,7.77580960e+02,-3.33296773e+00,-1.32352049e+00,-2.11812666e+00,-9.55152691e-04,5.47717545e-03,1.79926720e-03,4.54872670e+01,2.49559838e-04
0.228080,7.73718929e+02,-3.36499944e+00,-1.59823916e+00,-2.20522254e+00,-1.10171507e-03,5.27350304e-03,1.92721945e-03,4.55261067e+01,2.51801815e-04
0.228627,7.69855089e+02,-3.37777543e+00,-1.37954844e+00,-2.13408955e+00,-1.06933852e-03,5.37499832e-03,1.89040763e-03,4.55685609e+01,2.54052769e-04
0.229174,7.65989918e+02,-3.38891351e+00,-1.66765899e+00,-2.24255256e+00,-1.04122961e-03,5.16159115e-03,1.90416165e-03,4.55956993e+01,2.56246644e-04
0.229721,7.62123896e+02,-3.36811063e+00,-1.42811259e+00,-2.18126909e+00,-7.82610141e-04,5.26262920e-03,1.73525096e-03,4.56277447e+01,2.58360773e-04
0.230268,7.58257510e+02,-3.37176315e+00,-1.49935050e+00,-2.21745640e+00,-7.13620038e-04,5.17249526e-03,1.70674582e-03,4.56435616e+01,2.60379122e-04
0.230815,7.54391254e+02,-3.43077569e+00,-1.50494675e+00,-2.19957566e+00,-1.05026596e-03,5.16640509e-03,1.90196540e-03,4.56566686e+01,2.62447660e-04
0.231362,7.50525617e+02,-3.42019397e+00,-1.16509588e+00,-2.09036811e+00,-8.89057958e-04,5.32293370e-03,1.79565050e-03,4.56616100e+01,2.64746542e-04
0.231909,7.46661108e+02,-3.46354731e+00,-1.29708316e+00,-2.12950867e+00,-1.08085024e-03,5.21907271e-03,1.91924446e-03,4.56477201e+01,2.66758922e-04
0.232456,7.42798231e+02,-3.51215747e+00,-1.05307206e+00,-2.01309278e+00,-1.35019477e-03,5.32941542e-03,2.11695257e-03,4.56346484e+01,2.68914267e-04
0.233003,7.38937490e+02,-3.54047999e+00,-1.16689748e+00,-2.05661689e+00,-1.38903900e-03,5.23034464e-03,2.13864333e-03,4.56052066e+01,2.71119148e-04
0.233550,7.35079392e+02,-3.60707815e+00,-1.11525189e+00,-2.00026155e+00,-1.73892759e-03,5.22066888e-03,2.41221880e-03,4.55777974e+01,2.73145697e-04
0.234097,7.31224437e+02,-3.59352208e+00,-8.25666338e-01,-1.90824327e+00,-1.53498158e-03,5.35529485e-03,2.26872342e-03,4.55417252e+01,2.75335431e-04
0.234644,7.27373146e+02,-3.62071105e+00,-1.00860700e+00,-1.98742063e+00,-1.51984345e-03,5.22149615e-03,2.23068272e-03,4.54906838e+01,2.77200261e-04
0.235191,7.23526032e+02,-3.68022134e+00,-1.44851677e+00,-2.15608236e+00,-1.65341328e-03,4.95470148e-03,2.27694809e-03,4.54451669e+01,2.79123855e-04
0.235738,7.19683577e+02,-3.73259101e+00,-1.74840486e+00,-2.26866608e+00,-1.76072500e-03,4.76147917e-03,2.32289011e-03,4.54124668e+01,2.81103938e-04
0.236285,7.15846258e+02,-3.71771644e+00,-1.48934679e+00,-2.18232324e+00,-1.57133205e-03,4.86978906e-03,2.20170093e-03,4.53830773e+01,2.83050742e-04
0.236832,7.12014588e+02,-3.67006647e+00,-7.18110924e-01,-1.88082186e+00,-1.37631257e-03,5.24342070e-03,2.16406703e-03,4.53318978e+01,2.84812262e-04
0.237379,7.08189130e+02,-3.61461401e+00,-3.57293466e-01,-1.77173170e+00,-9.75160168e-04,5.35356631e-03,1.91601317e-03,4.52383675e+01,2.86548978e-04
0.237926,7.04370458e+02,-3.66351151e+00,-9.56835328e-01,-2.04458281e+00,-9.14679166e-04,4.98443029e-03,1.74067401e-03,4.51290815e+01,2.88118118e-04
0.238473,7.00559076e+02,-3.67448334e+00,-8.11562521e-01,-1.98721047e+00,-9.42392132e-04,5.03952592e-03,1.78386716e-03,4.50469823e+01,2.89860136e-04
0.239019,6.96755482e+02,-3.75115465e+00,-1.45189984e+00,-2.26788429e+00,-1.02319770e-03,4.66234243e-03,1.69557953e-03,4.49517616e+01,2.91640471e-04
0.239566,6.92960172e+02,-3.71610397e+00,-7.07074011e-01,-1.94527895e+00,-1.06353939e-03,5.06533439e-03,1.87843304e-03,4.48792403e+01,2.93427093e-04
0.240113,6.89173677e+02,-3.70938375e+00,-7.02306418e-01,-1.97259186e+00,-8.74442792e-04,5.00598039e-03,1.70410264e-03,4.47572869e+01,2.95164140e-04
0.240660,6.85396561e+02,-3.61494202e+00,-6.44861447e-02,-1.73480578e+00,-4.69184871e-04,5.24805144e-03,1.54382723e-03,4.46326476e+01,2.96727610e-04
0.241207,6.81629379e+02,-3.67498939e+00,-1.82749660e-01,-1.77571955e+00,-7.23870926e-04,5.18306966e-03,1.70056715e-03,4.44750295e+01,2.98110464e-04
0.241754,6.77872687e+02,-3.72266031e+00,-4.34147690e-01,-1.89985574e+00,-7.60831925e-04,5.02390751e-03,1.63524825e-03,4.43219117e+01,2.99903728e-04
0.242301,6.74126992e+02,-3.70783463e+00,-3.42948499e-01,-1.88774431e+00,-5.90314193e-04,5.01557317e-03,1.50278725e-03,4.41789120e+01,3.01539563e-04
0.242848,6.70392812e+02,-3.77966045e+00,-5.23766973e-01,-1.95578768e+00,-8.55742323e-04,4.91946665e-03,1.66031876e-03,4.40264589e+01,3.03002221e-04
0.243395,6.66670669e+02,-3.85961341e+00,-5.71839991e-01,-1.93629737e+00,-1.26628247e-03,4.89247714e-03,2.02781475e-03,4.38743764e+01,3.04729075e-04
0.243942,6.62961081e+02,-3.84864878e+00,-4.65917633e-01,-1.91650660e+00,-1.10127582e-03,4.91436050e-03,1.87737261e-03,4.37110243e+01,3.06517294e-04
0.244489,6.59264582e+02,-3.87331853e+00,-5.46350116e-01,-1.97410522e+00,-1.04752096e-03,4.83747593e-03,1.76414926e-03,4.35359342e+01,3.07907850e-04
0.245036,6.55581698e+02,-3.80653951e+00,-5.15504570e-02,-1.76060297e+00,-8.71166594e-04,5.03033796e-03,1.79907622e-03,4.33584642e+01,3.09347074e-04
0.245583,6.51912983e+02,-3.71799932e+00,4.58645454e-01,-1.55299268e+00,-5.77945745e-04,5.20626939e-03,1.72803077e-03,4.31475464e+01,3.10638406e-04
0.246130,6.48259023e+02,-4.01426668e+00,-7.59810830e-01,-2.08711456e+00,-1.36218279e-03,4.67141381e-03,1.87586961e-03,4.29090554e+01,3.11818913e-04
0.246677,6.44620303e+02,-3.88883278e+00,-9.16615640e-02,-1.81007300e+00,-9.59023345e-04,4.95814038e-03,1.77415776e-03,4.27271952e+01,3.13822164e-04
0.247224,6.40997317e+02,-3.97209251e+00,-3.01042079e-01,-1.90059013e+00,-1.18117435e-03,4.83244523e-03,1.87105266e-03,4.24975199e+01,3.14866220e-04
0.247771,6.37390620e+02,-4.08459804e+00,-6.83372375e-01,-2.08382018e+00,-1.38504693e-03,4.63394251e-03,1.85237299e-03,4.22724292e+01,3.16359896e-04
0.248318,6.33800698e+02,-4.25785350e+00,-1.39824873e+00,-2.44458729e+00,-1.60499472e-03,4.28309562e-03,1.64136751e-03,4.20586277e+01,3.17839694e-04
0.248865,6.30228001e+02,-4.30056530e+00,-1.36908203e+00,-2.41725144e+00,-1.75285277e-03,4.28341909e-03,1.81110863e-03,4.18689421e+01,3.19345260e-04
0.249412,6.26673004e+02,-4.35375997e+00,-1.47063046e+00,-2.47630946e+00,-1.79791967e-03,4.20532307e-03,1.76641615e-03,4.16545473e+01,3.20692028e-04
0.249959,6.23136222e+02,-4.30946463e+00,-1.15344454e+00,-2.33136176e+00,-1.67435987e-03,4.31466228e-03,1.80367136e-03,4.14282590e+01,3.21957041e-04
0.250506,6.19618185e+02,-4.28813425e+00,-1.02414552e+00,-2.30325451e+00,-1.47777242e-03,4.32687816e-03,1.61462522e-03,4.11678708e+01,3.23024483e-04
0.251053,6.16119437e+02,-4.44961435e+00,-1.44120850e+00,-2.49047463e+00,-1.87505385e-03,4.13935930e-03,1.75634172e-03,4.08911145e+01,3.24036343e-04
0.251599,6.12640471e+02,-4.31964503e+00,-8.78444263e-01,-2.24098444e+00,-1.50516371e-03,4.34658293e-03,1.68758278e-03,4.06251505e+01,3.25507198e-04
0.252146,6.09181808e+02,-4.45605594e+00,-1.18183913e+00,-2.37497281e+00,-1.84729548e-03,4.20041749e-03,1.83681325e-03,4.03155287e+01,3.26277977e-04
0.252693,6.05743972e+02,-4.43359504e+00,-1.01625838e+00,-2.31534678e+00,-1.69863214e-03,4.23968035e-03,1.74186577e-03,4.00156818e+01,3.27642661e-04
0.253240,6.02327458e+02,-4.84238223e+00,-2.31243847e+00,-2.98179171e+00,-2.39428538e-03,3.69426935e-03,1.49624181e-03,3.96990903e+01,3.28568031e-04
0.253787,5.98932682e+02,-5.06368796e+00,-2.78882520e+00,-3.17580575e+00,-2.97222538e-03,3.49846213e-03,1.84017968e-03,3.94457589e+01,3.30319150e-04
0.254334,5.95560008e+02,-4.79552333e+00,-1.81276761e+00,-2.71361361e+00,-2.33753195e-03,3.90903937e-03,1.78751895e-03,3.91879307e+01,3.31825908e-04
0.254881,5.92209971e+02,-4.75308347e+00,-1.53821564e+00,-2.57494436e+00,-2.24665446e-03,3.97272704e-03,1.86358799e-03,3.88487941e+01,3.32163389e-04
0.255428,5.88883155e+02,-4.61100916e+00,-9.12424758e-01,-2.22640809e+00,-2.07332449e-03,4.17669710e-03,2.19852810e-03,3.84883999e+01,3.32979170e-04
0.255975,5.85580114e+02,-4.67506887e+00,-1.07504270e+00,-2.36759746e+00,-1.96230589e-03,4.09478375e-03,1.78637759e-03,3.80884294e+01,3.33635303e-04
0.256522,5.82301366e+02,-4.50554707e+00,-4.85512526e-01,-2.07608503e+00,-1.58250664e-03,4.27559502e-03,1.81393746e-03,3.77085742e+01,3.34481569e-04
0.257069,5.79047414e+02,-4.49961863e+00,-3.08809770e-01,-1.96386745e+00,-1.65585566e-03,4.31549743e-03,2.05711020e-03,3.72974179e+01,3.34931840e-04
0.257616,5.75818794e+02,-4.65804553e+00,-6.59970539e-01,-2.16957078e+00,-1.85790071e-03,4.16114949e-03,1.90584483e-03,3.68833829e+01,3.35773497e-04
0.258163,5.72615955e+02,-4.79848321e+00,-9.54923447e-01,-2.34973203e+00,-2.00973136e-03,4.02848077e-03,1.74690041e-03,3.65003604e+01,3.36815327e-04
0.258710,5.69439301e+02,-4.76230045e+00,-7.45140245e-01,-2.24369249e+00,-1.91503346e-03,4.08018580e-03,1.80161022e-03,3.61351440e+01,3.37786455e-04
0.259257,5.66289275e+02,-4.86828745e+00,-9.07469371e-01,-2.33844830e+00,-2.07180370e-03,3.99156617e-03,1.78844951e-03,3.57513115e+01,3.38416605e-04
0.259804,5.63166328e+02,-5.00402313e+00,-1.17367601e+00,-2.51481832e+00,-2.18424432e-03,3.86702254e-03,1.57172602e-03,3.53750861e+01,3.39304908e-04
0.260351,5.60070859e+02,-4.99395672e+00,-1.04279711e+00,-2.45548171e+00,-2.11943395e-03,3.88803547e-03,1.58187149e-03,3.50109261e+01,3.40169456e-04
0.260898,5.57003286e+02,-5.10093000e+00,-1.15596525e+00,-2.50286050e+00,-2.35826757e-03,3.82653932e-03,1.76050008e-03,3.46301465e+01,3.40758684e-04
0.261445,5.53964037e+02,-5.07512342e+00,-9.83528691e-01,-2.41420785e+00,-2.27698334e-03,3.85980264e-03,1.80144893e-03,3.42487502e+01,3.41624440e-04
0.261992,5.50953537e+02,-5.11229717e+00,-9.38392548e-01,-2.37845475e+00,-2.36517226e-03,3.84252714e-03,1.95218119e-03,3.38522520e+01,3.42133591e-04
0.262539,5.47972215e+02,-5.51407442e+00,-1.76057706e+00,-2.87774263e+00,-2.90545256e-03,3.54551026e-03,1.59496920e-03,3.34511691e+01,3.42784293e-04
0.263086,5.45020397e+02,-5.69631204e+00,-2.12688898e+00,-3.16549127e+00,-2.91919191e-03,3.39964581e-03,9.99260514e-04,3.30997964e+01,3.44062193e-04
0.263632,5.42098356e+02,-5.63669031e+00,-1.83795608e+00,-2.97975188e+00,-2.90621143e-03,3.51010419e-03,1.34623548e-03,3.27569454e+01,3.44762502e-04
0.264179,5.39206464e+02,-5.33347239e+00,-1.06744861e+00,-2.52647952e+00,-2.43928890e-03,3.73700436e-03,1.65251662e-03,3.23748458e+01,3.45170477e-04
0.264726,5.36345205e+02,-5.48579346e+00,-1.28524272e+00,-2.67413225e+00,-2.62428343e-03,3.63170429e-03,1.52879996e-03,3.19383842e+01,3.45004405e-04
0.265273,5.33515000e+02,-5.69830073e+00,-1.59116213e+00,-2.85024585e+00,-2.96965974e-03,3.51139925e-03,1.58126038e-03,3.15277713e+01,3.45703081e-04
0.265820,5.30716149e+02,-5.86569405e+00,-1.85350756e+00,-3.06388767e+00,-3.04183055e-03,3.41661468e-03,1.16813208e-03,3.11386846e+01,3.46555457e-04
0.266367,5.27948937e+02,-5.66468294e+00,-1.32692619e+00,-2.73299345e+00,-2.78017284e-03,3.57327615e-03,1.53153438e-03,3.07650271e+01,3.47153471e-04
0.266914,5.25213724e+02,-5.72910417e+00,-1.30375895e+00,-2.68326702e+00,-2.98815083e-03,3.53661295e-03,1.88931908e-03,3.03500847e+01,3.47114615e-04
0.267461,5.22510897e+02,-5.88096228e+00,-1.48844389e+00,-2.81979545e+00,-3.13340442e-03,3.46451787e-03,1.72541833e-03,2.99381750e+01,3.47645980e-04
0.268008,5.19840752e+02,-5.92006373e+00,-1.46971353e+00,-2.84181024e+00,-3.07801238e-03,3.45572714e-03,1.55441707e-03,2.95469041e+01,3.48204138e-04
0.268555,5.17203570e+02,-6.04026686e+00,-1.55360997e+00,-2.87482779e+00,-3.30766758e-03,3.40111317e-03,1.76405867e-03,2.91582474e+01,3.48479953e-04
0.269102,5.14599631e+02,-6.04997133e+00,-1.51065905e+00,-2.92748951e+00,-3.07920115e-03,3.42026830e-03,1.25563433e-03,2.87754103e+01,3.49016951e-04
0.269649,5.12029204e+02,-6.07623366e+00,-1.44048329e+00,-2.88299222e+00,-3.12443093e-03,3.41911273e-03,1.39658956e-03,2.83932675e+01,3.49085018e-04
0.270196,5.09492564e+02,-6.44295394e+00,-1.93600697e+00,-3.19545253e+00,-3.67260140e-03,3.24826614e-03,1.37605992e-03,2.80089685e+01,3.49340744e-04
0.270743,5.06989916e+02,-6.50649684e+00,-1.94504273e+00,-3.23491353e+00,-3.65363958e-03,3.23177705e-03,1.21869406e-03,2.76589177e+01,3.50304989e-04
0.271290,5.04521436e+02,-6.49707363e+00,-1.82344391e+00,-3.17068113e+00,-3.59518710e-03,3.24073596e-03,1.25867461e-03,2.73058784e+01,3.50509752e-04
0.271837,5.02087363e+02,-6.59434654e+00,-1.88730847e+00,-3.25254922e+00,-3.62189603e-03,3.19574225e-03,1.04144547e-03,2.69433120e+01,3.50574613e-04
0.272384,4.99687912e+02,-6.56061734e+00,-1.72332424e+00,-3.14704309e+00,-3.56814024e-03,3.21847635e-03,1.20600699e-03,2.65884917e+01,3.50794044e-04
0.272931,4.97323292e+02,-6.60955935e+00,-1.70045656e+00,-3.15603990e+00,-3.57226526e-03,3.19610978e-03,1.14362826e-03,2.62243717e+01,3.50784380e-04
0.273478,4.94993711e+02,-6.77587715e+00,-1.85807832e+00,-3.30178424e+00,-3.70054580e-03,3.12879619e-03,9.06724736e-04,2.58661239e+01,3.50883475e-04
0.274025,4.92699320e+02,-7.00898837e+00,-2.07674372e+00,-3.43848544e+00,-4.06027936e-03,3.04662561e-03,1.06024560e-03,2.55251714e+01,3.51183475e-04
0.274572,4.90440225e+02,-6.87814949e+00,-1.79272977e+00,-3.26960444e+00,-3.80507524e-03,3.10464742e-03,1.09780514e-03,2.51982689e+01,3.51710974e-04
0.275119,4.88216578e+02,-6.48914495e+00,-1.16095779e+00,-2.86028011e+00,-3.20260847e-03,3.23876076e-03,1.25440611e-03,2.48537408e+01,3.51331513e-04
0.275666,4.86028626e+02,-6.49139318e+00,-1.06247470e+00,-2.78477656e+00,-3.23430738e-03,3.21696702e-03,1.45899004e-03,2.44776769e+01,3.50361990e-04
0.276212,4.83876578e+02,-6.53240486e+00,-1.03318329e+00,-2.79576197e+00,-3.20907645e-03,3.20512594e-03,1.33767747e-03,2.41158574e+01,3.50299643e-04
0.276759,4.81760548e+02,-6.97875715e+00,-1.52702426e+00,-3.17155318e+00,-3.75154909e-03,3.06385176e-03,1.06874658e-03,2.37716594e+01,3.50214627e-04
0.277306,4.79680551e+02,-7.08589423e+00,-1.57509766e+00,-3.23600185e+00,-3.81252937e-03,3.03580489e-03,9.56173939e-04,2.34725314e+01,3.51011319e-04
0.277853,4.77636574e+02,-7.12733559e+00,-1.53519694e+00,-3.23003149e+00,-3.81378395e-03,3.01975105e-03,9.40963782e-04,2.31777350e+01,3.51020192e-04
0.278400,4.75628664e+02,-7.44400388e+00,-1.82827505e+00,-3.45645500e+00,-4.20590153e-03,2.91566525e-03,8.60725016e-04,2.28820161e+01,3.50870791e-04
0.278947,4.73656818e+02,-6.83377898e+00,-1.00477112e+00,-2.88381844e+00,-3.32006061e-03,3.11243857e-03,1.12351822e-03,2.26079234e+01,3.51326018e-04
0.279494,4.71721133e+02,-6.56822592e+00,-6.03889247e-01,-2.58882513e+00,-2.98283067e-03,3.14772842e-03,1.40253713e-03,2.22792248e+01,3.49640889e-04
0.280041,4.69821793e+02,-7.04474966e+00,-1.06728032e+00,-2.94979604e+00,-3.58342615e-03,3.02117701e-03,1.21751450e-03,2.19447532e+01,3.48772064e-04
0.280588,4.67958776e+02,-6.87594983e+00,-8.01051093e-01,-2.79936468e+00,-3.23904366e-03,3.08191813e-03,1.08894049e-03,2.16635259e+01,3.49498416e-04
0.281135,4.66132019e+02,-6.95594092e+00,-8.10733958e-01,-2.83618474e+00,-3.28705630e-03,3.04937990e-03,1.00347640e-03,2.13739271e+01,3.48678284e-04
0.281682,4.64341514e+02,-7.33416397e+00,-1.13793938e+00,-3.10710343e+00,-3.73634172e-03,2.94938379e-03,8.58700674e-04,2.10983402e+01,3.48434146e-04
0.282229,4.62587144e+02,-7.42676960e+00,-1.15260270e+00,-3.14163923e+00,-3.80097331e-03,2.92500439e-03,8.36111055e-04,2.08531975e+01,3.48846490e-04
0.282776,4.60868776e+02,-7.64352364e+00,-1.29767879e+00,-3.29001502e+00,-4.00500735e-03,2.86675071e-03,6.63079685e-04,2.06103465e+01,3.48572123e-04
0.283323,4.59186289e+02,-7.44915441e+00,-1.00770298e+00,-3.05648690e+00,-3.77119691e-03,2.90378052e-03,1.01320295e-03,2.03794863e+01,3.48520583e-04
0.283870,4.57539598e+02,-7.84220190e+00,-1.32255167e+00,-3.35591349e+00,-4.17287090e-03,2.82249287e-03,6.50369984e-04,2.01287751e+01,3.47579669e-04
0.284417,4.55928573e+02,-7.29966737e+00,-7.03017179e-01,-2.85857531e+00,-3.48800903e-03,2.93705439e-03,1.12639479e-03,1.99075924e+01,3.47824607e-04
0.284964,4.54353126e+02,-7.86447975e+00,-1.15785790e+00,-3.21955592e+00,-4.22442632e-03,2.79395976e-03,1.11216532e-03,1.96452840e+01,3.46010403e-04
0.285511,4.52813129e+02,-7.86113620e+00,-1.07697130e+00,-3.20406594e+00,-4.10144865e-03,2.82014991e-03,9.23136957e-04,1.94287523e+01,3.46684483e-04
0.286058,4.51308347e+02,-7.77824081e+00,-9.17639048e-01,-3.07723968e+00,-3.98874394e-03,2.81273862e-03,1.12129047e-03,1.92107332e+01,3.45904726e-04
0.286605,4.49838632e+02,-7.70244763e+00,-7.70728810e-01,-2.96994412e+00,-3.86295680e-03,2.80447366e-03,1.21757071e-03,1.89877485e+01,3.45005053e-04
0.287152,4.48403834e+02,-7.73608339e+00,-7.32115897e-01,-3.02131475e+00,-3.74234426e-03,2.82873662e-03,7.58905954e-04,1.87649679e+01,3.44061397e-04
0.287699,4.47003762e+02,-6.93148563e+00,3.10764684e-02,-2.41298370e+00,-2.68821273e-03,2.94762599e-03,1.00428275e-03,1.85517070e+01,3.43185007e-04
0.288245,4.45638321e+02,-7.18846659e+00,-1.14880505e-01,-2.54763015e+00,-3.01288540e-03,2.87910614e-03,1.03093211e-03,1.82980353e+01,3.40484120e-04
0.288792,4.44307373e+02,-6.99026970e+00,1.23406506e-01,-2.30850135e+00,-2.83266493e-03,2.86595404e-03,1.54970868e-03,1.80815077e+01,3.40204663e-04
0.289339,4.43010677e+02,-7.21798411e+00,6.46508004e-03,-2.42681002e+00,-3.07974332e-03,2.81523439e-03,1.49446804e-03,1.78630312e+01,3.38941241e-04
0.289886,4.41747981e+02,-7.77006391e+00,-3.58635270e-01,-2.71733551e+00,-3.78886307e-03,2.68202539e-03,1.66684576e-03,1.76711807e+01,3.38484274e-04
0.290433,4.40518901e+02,-7.78024512e+00,-2.96634047e-01,-2.69978720e+00,-3.70851854e-03,2.70232344e-03,1.53925824e-03,1.75125761e+01,3.38804959e-04
0.290980,4.39323075e+02,-7.42738146e+00,3.86326760e-02,-2.44069431e+00,-3.20432452e-03,2.75901369e-03,1.52001930e-03,1.73504850e+01,3.37692147e-04
0.291527,4.38160257e+02,-7.21225570e+00,2.60740163e-01,-2.28462913e+00,-2.87312082e-03,2.77639080e-03,1.41517001e-03,1.71692052e+01,3.35714450e-04
0.292074,4.37030218e+02,-7.77265885e+00,-8.09001387e-02,-2.61321766e+00,-3.51374166e-03,2.69049131e-03,1.28304834e-03,1.69855631e+01,3.34011369e-04
0.292621,4.35932585e+02,-8.15571517e+00,-2.87344565e-01,-2.82528010e+00,-3.91227489e-03,2.62935497e-03,1.17350269e-03,1.68393986e+01,3.34054726e-04
0.293168,4.34866886e+02,-8.41765624e+00,-4.04788583e-01,-2.98774601e+00,-4.11756649e-03,2.59628480e-03,8.77648930e-04,1.67098670e+01,3.33630723e-04
0.293715,4.33832679e+02,-8.57778062e+00,-4.47156347e-01,-3.06251206e+00,-4.23886025e-03,2.56072089e-03,7.73558929e-04,1.65869967e+01,3.32810956e-04
0.294262,4.32829545e+02,-8.18770381e+00,-1.19149718e-01,-2.77974972e+00,-3.73080946e-03,2.60219390e-03,9.02438266e-04,1.64646921e+01,3.31743656e-04
0.294809,4.31857149e+02,-8.61386516e+00,-3.32250225e-01,-3.01971434e+00,-4.17715710e-03,2.53287314e-03,7.23765417e-04,1.63175967e+01,3.29397592e-04
0.295356,4.30915109e+02,-8.44929970e+00,-1.60418534e-01,-2.85889318e+00,-3.96564439e-03,2.52922310e-03,9.53455108e-04,1.61945614e+01,3.28816440e-04
0.295903,4.30003002e+02,-8.19950314e+00,5.79301669e-02,-2.68645939e+00,-3.61267980e-03,2.54207203e-03,9.16375542e-04,1.60604282e+01,3.26915898e-04
0.296450,4.29120487e+02,-7.64038400e+00,4.56783637e-01,-2.33650901e+00,-2.90729597e-03,2.57471012e-03,9.27082129e-04,1.59181138e+01,3.24706616e-04
0.296997,4.28267261e+02,-8.04029686e+00,2.77467969e-01,-2.54545668e+00,-3.33646167e-03,2.51923083e-03,8.29323671e-04,1.57588688e+01,3.21776612e-04
0.297544,4.27442923e+02,-7.55962075e+00,6.15056166e-01,-2.18951033e+00,-2.80351133e-03,2.51796016e-03,1.26141780e-03,1.56326951e+01,3.20930625e-04
0.298091,4.26647057e+02,-7.86185338e+00,4.99032336e-01,-2.33035415e+00,-3.12259235e-03,2.46567621e-03,1.21345412e-03,1.54893525e+01,3.18196971e-04
0.298638,4.25879252e+02,-7.71378149e+00,6.38201817e-01,-2.27874500e+00,-2.81517903e-03,2.53047213e-03,7.82727873e-04,1.53717294e+01,3.17033753e-04
0.299185,4.25139033e+02,-7.54439931e+00,7.84266984e-01,-2.13290323e+00,-2.62487988e-03,2.50637356e-03,9.94725661e-04,1.52527742e+01,3.14676700e-04
0.299732,4.24425984e+02,-7.36414773e+00,9.31495604e-01,-2.01169980e+00,-2.38325130e-03,2.49778791e-03,9.81423430e-04,1.51333958e+01,3.12422337e-04
0.300278,4.23739685e+02,-8.27120343e+00,5.15478279e-01,-2.50658086e+00,-3.33655468e-03,2.43049364e-03,6.73274226e-04,1.50155948e+01,3.10036785e-04
0.300825,4.23079570e+02,-8.24592916e+00,5.82814666e-01,-2.45298826e+00,-3.26664864e-03,2.41844898e-03,7.77559659e-04,1.49423495e+01,3.09868495e-04
0.301372,4.22445054e+02,-8.19059781e+00,6.63748434e-01,-2.39624955e+00,-3.16479597e-03,2.40124910e-03,7.82253525e-04,1.48619772e+01,3.07703463e-04
0.301919,4.21835664e+02,-8.43871651e+00,5.95686949e-01,-2.47957651e+00,-3.43043997e-03,2.33402547e-03,9.01715495e-04,1.47772748e+01,3.05390468e-04
0.302466,4.21250891e+02,-8.67710002e+00,5.32246557e-01,-2.51983937e+00,-3.72369400e-03,2.22630854e-03,1.27166214e-03,1.47022950e+01,3.03713583e-04
0.303013,4.20690188e+02,-8.09462786e+00,8.56418755e-01,-2.20317491e+00,-3.00386675e-03,2.30802472e-03,1.20856007e-03,1.46332683e+01,3.02036260e-04
0.303560,4.20153102e+02,-7.57909299e+00,1.13629512e+00,-1.92138242e+00,-2.40177581e-03,2.31902763e-03,1.17947099e-03,1.45381174e+01,2.98368584e-04
0.304107,4.19639258e+02,-8.03315515e+00,9.83594820e-01,-2.07200963e+00,-2.93691406e-03,2.21643521e-03,1.51384504e-03,1.44314909e+01,2.94866199e-04
0.304654,4.19148158e+02,-7.73069893e+00,1.15746128e+00,-1.86705178e+00,-2.59345996e-03,2.19198359e-03,1.70032430e-03,1.43537610e+01,2.93457939e-04
0.305201,4.18679275e+02,-7.77440969e+00,1.18751285e+00,-1.87894546e+00,-2.58082976e-03,2.19569484e-03,1.52621200e-03,1.42687114e+01,2.90376440e-04
0.305748,4.18232121e+02,-7.73761714e+00,1.24652139e+00,-1.82021657e+00,-2.52060678e-03,2.16220478e-03,1.60530413e-03,1.41932992e+01,2.87827986e-04
0.306295,4.17806176e+02,-7.19386094e+00,1.50649269e+00,-1.54719281e+00,-1.88249588e-03,2.20123578e-03,1.49877795e-03,1.41220670e+01,2.85154775e-04
0.306842,4.17400979e+02,-7.28415567e+00,1.51303196e+00,-1.55150364e+00,-1.97488767e-03,2.15298491e-03,1.57847071e-03,1.40363309e+01,2.81342453e-04
0.307389,4.17016051e+02,-7.76554520e+00,1.37463855e+00,-1.74234080e+00,-2.46210027e-03,2.09288835e-03,1.60407839e-03,1.39656222e+01,2.78838519e-04
0.307936,4.16650804e+02,-8.03312418e+00,1.32037512e+00,-1.84874445e+00,-2.68893228e-03,2.06620836e-03,1.49650902e-03,1.39184853e+01,2.77028870e-04
0.308483,4.16304630e+02,-7.77138289e+00,1.45740440e+00,-1.70637266e+00,-2.36300422e-03,2.08420760e-03,1.45185017e-03,1.38801756e+01,2.74679730e-04
0.309030,4.15976996e+02,-7.76262033e+00,1.50400341e+00,-1.70057354e+00,-2.29671593e-03,2.08414847e-03,1.25310182e-03,1.38299965e+01,2.71245023e-04
0.309577,4.15667401e+02,-7.16741464e+00,1.74214969e+00,-1.38174048e+00,-1.67509659e-03,2.08026798e-03,1.47212218e-03,1.37823103e+01,2.68219008e-04
0.310124,4.15375373e+02,-7.23477506e+00,1.76028027e+00,-1.40158726e+00,-1.71159947e-03,2.06110680e-03,1.35129956e-03,1.37163339e+01,2.64175636e-04
0.310671,4.15100434e+02,-8.12011779e+00,1.51942270e+00,-1.75975964e+00,-2.59985478e-03,1.97841122e-03,1.37396434e-03,1.36633534e+01,2.61251872e-04
0.311218,4.14841959e+02,-7.88196597e+00,1.62789588e+00,-1.58150173e+00,-2.35691167e-03,1.93390333e-03,1.73704310e-03,1.36448289e+01,2.59846070e-04
0.311765,4.14599357e+02,-8.32076934e+00,1.54405691e+00,-1.79556698e+00,-2.70912346e-03,1.96020513e-03,1.30028538e-03,1.36123209e+01,2.56404545e-04
0.312312,4.14372081e+02,-8.05363411e+00,1.66048759e+00,-1.64200983e+00,-2.40628389e-03,1.95685857e-03,1.40714527e-03,1.35943324e+01,2.53856093e-04
0.312858,4.14159589e+02,-8.26785180e+00,1.63966136e+00,-1.71543707e+00,-2.58387416e-03,1.92207880e-03,1.31991513e-03,1.35635533e+01,2.50179082e-04
0.313405,4.13961362e+02,-7.81743026e+00,1.80307947e+00,-1.51689890e+00,-2.07356452e-03,1.96291218e-03,1.21067201e-03,1.35413987e+01,2.47279600e-04
0.313952,4.13776896e+02,-8.05391106e+00,1.77421087e+00,-1.55619028e+00,-2.32133840e-03,1.87811606e-03,1.46821235e-03,1.35038173e+01,2.43138042e-04
0.314499,4.13605691e+02,-8.07297416e+00,1.81029034e+00,-1.56527345e+00,-2.27213360e-03,1.89833179e-03,1.24970177e-03,1.34788764e+01,2.40338994e-04
0.315046,4.13447207e+02,-7.92147278e+00,1.88387184e+00,-1.48024853e+00,-2.08923612e-03,1.88531813e-03,1.24733909e-03,1.34565988e+01,2.36926584e-04
0.315593,4.13300936e+02,-7.39811787e+00,2.04630049e+00,-1.26855849e+00,-1.52464920e-03,1.92280163e-03,1.09302516e-03,1.34314957e+01,2.33289009e-04
0.316140,4.13166421e+02,-7.53916494e+00,2.04799766e+00,-1.30083829e+00,-1.64770962e-03,1.87947206e-03,1.11645063e-03,1.33935938e+01,2.28953910e-04
0.316687,4.13043179e+02,-7.65981370e+00,2.05672832e+00,-1.33927211e+00,-1.72455611e-03,1.86222767e-03,1.02221168e-03,1.33696093e+01,2.25792371e-04
0.317234,4.12930680e+02,-7.58706223e+00,2.10567216e+00,-1.29009702e+00,-1.62521332e-03,1.84233539e-03,1.03150066e-03,1.33546632e+01,2.22519864e-04
0.317781,4.12828410e+02,-7.80664215e+00,2.09208265e+00,-1.34655995e+00,-1.81954495e-03,1.78634498e-03,1.08894637e-03,1.33401935e+01,2.18956409e-04
0.318328,4.12735856e+02,-8.08404161e+00,2.07132482e+00,-1.44430650e+00,-2.04279482e-03,1.75548829e-03,9.80404993e-04,1.33355311e+01,2.15865050e-04
0.318875,4.12652479e+02,-8.17649153e+00,2.09140432e+00,-1.49153452e+00,-2.06514300e-03,1.77131473e-03,7.25244512e-04,1.33397475e+01,2.12763593e-04
0.319422,4.12577754e+02,-7.82837031e+00,2.18192232e+00,-1.29401416e+00,-1.73906653e-03,1.72530049e-03,1.12324557e-03,1.33448560e+01,2.09279504e-04
0.319969,4.12511212e+02,-7.45421656e+00,2.27587579e+00,-1.12122643e+00,-1.37380074e-03,1.70175635e-03,1.23588305e-03,1.33364270e+01,2.05406688e-04
0.320516,4.12452426e+02,-7.32031478e+00,2.32915518e+00,-1.05674442e+00,-1.22233254e-03,1.68946964e-03,1.19884385e-03,1.33202337e+01,2.01412484e-04
0.321063,4.12400951e+02,-6.88097066e+00,2.42152831e+00,-8.44750130e-01,-8.22268202e-04,1.63326451e-03,1.46674621e-03,1.33075160e+01,1.97717485e-04
0.321610,4.12356346e+02,-7.64457730e+00,2.34341071e+00,-1.13165407e+00,-1.47614438e-03,1.63176245e-03,1.18385802e-03,1.32881197e+01,1.93767607e-04
0.322157,4.12318116e+02,-7.44451157e+00,2.41144637e+00,-1.08505351e+00,-1.20720937e-03,1.71551221e-03,8.49459051e-04,1.33005188e+01,1.91202878e-04
0.322704,4.12285747e+02,-7.54106630e+00,2.42474249e+00,-1.08626488e+00,-1.28710415e-03,1.65732929e-03,9.80214979e-04,1.33061744e+01,1.87278491e-04
0.323251,4.12258782e+02,-7.65561049e+00,2.43472237e+00,-1.09141445e+00,-1.38045464e-03,1.59297651e-03,1.10985028e-03,1.33170049e+01,1.84022127e-04
0.323798,4.12236747e+02,-7.26834481e+00,2.50750400e+00,-9.15977865e-01,-1.01120157e-03,1.57419164e-03,1.30299931e-03,1.33322457e+01,1.80810201e-04
0.324345,4.12219208e+02,-7.77123207e+00,2.47845020e+00,-1.08094177e+00,-1.43868180e-03,1.52648468e-03,1.18222627e-03,1.33358264e+01,1.77006746e-04
0.324891,4.12205706e+02,-7.50071320e+00,2.53964932e+00,-9.79894970e-01,-1.14098190e-03,1.56587277e-03,1.11814411e-03,1.33588319e+01,1.74195735e-04
0.325438,4.12195781e+02,-7.29184946e+00,2.58470328e+00,-8.73125188e-01,-9.42894141e-04,1.52683465e-03,1.27336335e-03,1.33725326e+01,1.70468003e-04
0.325985,4.12189025e+02,-7.49366717e+00,2.58894892e+00,-9.12484491e-01,-1.11073185e-03,1.46342039e-03,1.32952955e-03,1.33826113e+01,1.67005938e-04
0.326532,4.12185004e+02,-7.33166485e+00,2.63279670e+00,-8.50319374e-01,-9.21683826e-04,1.48576175e-03,1.25195209e-03,1.34030830e+01,1.64019947e-04
0.327079,4.12183286e+02,-7.50611734e+00,2.64102160e+00,-8.79258570e-01,-1.06331661e-03,1.42269231e-03,1.31505706e-03,1.34203758e+01,1.60579590e-04
0.327626,4.12183445e+02,-7.40937884e+00,2.67473845e+00,-8.31730929e-01,-9.41957472e-04,1.42097422e-03,1.29497070e-03,1.34459368e+01,1.57654433e-04
0.328173,4.12185057e+02,-7.59980004e+00,2.68894753e+00,-8.89209517e-01,-1.07368292e-03,1.40417737e-03,1.16133137e-03,1.34696833e+01,1.54439937e-04
0.328720,4.12187705e+02,-7.17089069e+00,2.74754814e+00,-7.51695799e-01,-6.40413435e-04,1.47555778e-03,1.06435209e-03,1.35012135e+01,1.51520460e-04
0.329267,4.12190994e+02,-7.62776951e+00,2.74721829e+00,-8.88941607e-01,-1.01688928e-03,1.41806979e-03,9.59340352e-04,1.35200371e+01,1.48066958e-04
0.329814,4.12194518e+02,-7.71773539e+00,2.76924363e+00,-9.15548470e-01,-1.05306336e-03,1.41037837e-03,8.40912973e-04,1.35569782e+01,1.45551243e-04
0.330361,4.12197853e+02,-7.37139203e+00,2.80616335e+00,-7.67343277e-01,-7.26656327e-04,1.39839986e-03,1.08281940e-03,1.35961142e+01,1.42746457e-04
0.330908,4.12200623e+02,-7.10262905e+00,2.84482117e+00,-6.82840064e-01,-4.53384659e-04,1.43399569e-03,9.96042254e-04,1.36236347e+01,1.39857642e-04
0.331455,4.12202473e+02,-7.13050727e+00,2.87082496e+00,-6.90358181e-01,-4.44553997e-04,1.43195844e-03,8.88669688e-04,1.36470996e+01,1.36965596e-04
0.332002,4.12203036e+02,-7.25698837e+00,2.88915647e+00,-7.09592655e-01,-5.32806491e-04,1.38325141e-03,9.21480899e-04,1.36773640e+01,1.34412790e-04
0.332549,4.12201928e+02,-7.16946298e+00,2.91413438e+00,-6.68190719e-01,-4.27288222e-04,1.37196144e-03,9.42783722e-04,1.37152495e+01,1.32124438e-04
0.333096,4.12198780e+02,-6.92194433e+00,2.93971368e+00,-5.73181298e-01,-1.89813620e-04,1.36632332e-03,1.03386792e-03,1.37524754e+01,1.29782488e-04
0.333643,4.12193242e+02,-6.94757327e+00,2.95408467e+00,-5.40260042e-01,-2.11839052e-04,1.27718851e-03,1.23798573e-03,1.37850084e+01,1.27509871e-04
0.334190,4.12184969e+02,-6.62599781e+00,2.99143153e+00,-4.68830693e-01,1.35098916e-04,1.40574566e-03,9.79201194e-04,1.38228151e+01,1.25626204e-04
0.334737,4.12173620e+02,-6.34293209e+00,3.01674024e+00,-3.86068640e-01,4.05177203e-04,1.43525726e-03,9.26122611e-04,1.38543805e+01,1.23365342e-04
0.335284,4.12158873e+02,-6.62090375e+00,3.03440131e+00,-4.25899309e-01,1.68450415e-04,1.32488097e-03,1.11586903e-03,1.38842676e+01,1.21435043e-04
0.335831,4.12140388e+02,-6.83423475e+00,3.05828947e+00,-4.74841035e-01,1.12175074e-05,1.27882460e-03,1.06748432e-03,1.39290912e+01,1.20085443e-04
0.336378,4.12117807e+02,-6.63626129e+00,3.07871393e+00,-4.07519882e-01,2.18420947e-04,1.30555641e-03,1.08303479e-03,1.39827792e+01,1.18675458e-04
0.336925,4.12090802e+02,-6.11138325e+00,3.08308293e+00,-2.22924810e-01,6.79032428e-04,1.30858774e-03,1.36015336e-03,1.40307438e+01,1.17278435e-04
0.337471,4.12059076e+02,-6.06611290e+00,3.11505634e+00,-2.28429184e-01,7.67194455e-04,1.38363708e-03,1.10763260e-03,1.40650401e+01,1.16119484e-04
0.338018,4.12022333e+02,-6.17133242e+00,3.13000684e+00,-2.09260487e-01,6.71170276e-04,1.26576751e-03,1.37581713e-03,1.41060239e+01,1.14954875e-04
0.338565,4.11980257e+02,-6.35640414e+00,3.15191435e+00,-2.30571287e-01,5.19303858e-04,1.17576157e-03,1.45060791e-03,1.41555967e+01,1.14321943e-04
0.339112,4.11932531e+02,-6.67621041e+00,3.18670874e+00,-3.10901476e-01,2.71835404e-04,1.12299469e-03,1.31038316e-03,1.42139913e+01,1.13728074e-04
0.339659,4.11878837e+02,-6.18989523e+00,3.19251176e+00,-1.69870679e-01,7.55661248e-04,1.25554621e-03,1.37549826e-03,1.42825811e+01,1.13159513e-04
0.340206,4.11818886e+02,-6.10296848e+00,3.20656080e+00,-1.25915590e-01,8.44342270e-04,1.23030275e-03,1.43860025e-03,1.43336353e+01,1.12767274e-04
0.340753,4.11752410e+02,-6.45813009e+00,3.23632912e+00,-1.75704674e-01,5.33318293e-04,1.07075892e-03,1.58962852e-03,1.43865361e+01,1.12596907e-04
0.341300,4.11679119e+02,-6.48588196e+00,3.26842240e+00,-1.93155685e-01,5.71434717e-04,1.14402328e-03,1.36631980e-03,1.44532988e+01,1.12650727e-04
0.341847,4.11598724e+02,-6.50392118e+00,3.28180918e+00,-1.62961023e-01,5.65798880e-04,1.06852696e-03,1.51867583e-03,1.45206410e+01,1.12616971e-04
0.342394,4.11510955e+02,-6.49855750e+00,3.30298495e+00,-1.52310273e-01,6.06856666e-04,1.07766494e-03,1.45994293e-03,1.45883377e+01,1.12946599e-04
0.342941,4.11415549e+02,-6.17085750e+00,3.30681021e+00,-7.13630761e-02,9.49085519e-04,1.19826171e-03,1.39226724e-03,1.46562376e+01,1.13305985e-04
0.343488,4.11312260e+02,-6.41780215e+00,3.35156794e+00,-1.33809168e-01,7.68411018e-04,1.17282861e-03,1.21749223e-03,1.47145297e+01,1.13849599e-04
0.344035,4.11200840e+02,-6.26285046e+00,3.34648606e+00,-4.24496752e-02,9.13415241e-04,1.09951555e-03,1.56967349e-03,1.47845501e+01,1.14407853e-04
0.344582,4.11081043e+02,-6.24497848e+00,3.36576281e+00,-2.61939250e-02,9.60914233e-04,1.10350715e-03,1.53421877e-03,1.48496439e+01,1.15433704e-04
0.345129,4.10952637e+02,-6.11852553e+00,3.37574321e+00,1.50819682e-02,1.10737177e-03,1.13681031e-03,1.52045958e-03,1.49170596e+01,1.16363152e-04
0.345676,4.10815397e+02,-6.64420992e+00,3.44924983e+00,-1.07077050e-01,6.74226020e-04,1.03481173e-03,1.30490334e-03,1.49830504e+01,1.17452564e-04
0.346223,4.10669086e+02,-6.26908442e+00,3.44377985e+00,-1.75918042e-02,1.09525987e-03,1.21856479e-03,1.29433621e-03,1.50672379e+01,1.18404286e-04
0.346770,4.10513485e+02,-5.99494704e+00,3.44870084e+00,2.39477629e-02,1.39481008e-03,1.37000738e-03,1.07225409e-03,1.51364028e+01,1.19826460e-04
0.347317,4.10348401e+02,-5.74759167e+00,3.44437272e+00,8.54440656e-02,1.63867096e-03,1.41926935e-03,1.07942090e-03,1.52000450e+01,1.21221651e-04
0.347864,4.10173640e+02,-5.43343713e+00,3.43806511e+00,1.40957513e-01,1.94973718e-03,1.53288711e-03,9.38830063e-04,1.52617305e+01,1.22810788e-04
0.348411,4.09989019e+02,-5.38007057e+00,3.45600804e+00,1.58086874e-01,2.01564833e-03,1.53230122e-03,9.25686721e-04,1.53205496e+01,1.24461419e-04
0.348958,4.09794354e+02,-5.57510564e+00,3.49392735e+00,1.51581988e-01,1.84349713e-03,1.39383104e-03,1.11004436e-03,1.53861277e+01,1.26179166e-04
0.349504,4.09589460e+02,-5.59810140e+00,3.51072713e+00,1.73166338e-01,1.82508750e-03,1.31300111e-03,1.23038550e-03,1.54627814e+01,1.27971611e-04
0.350051,4.09374158e+02,-5.59125906e+00,3.53377391e+00,1.81275841e-01,1.86221623e-03,1.32196000e-03,1.19186605e-03,1.55421389e+01,1.29861086e-04
0.350598,4.09148281e+02,-5.49384996e+00,3.54444879e+00,2.11472876e-01,1.98423083e-03,1.35197869e-03,1.20167383e-03,1.56229055e+01,1.31795638e-04
0.351145,4.08911672e+02,-5.61904345e+00,3.59891833e+00,1.62556402e-01,1.92670955e-03,1.42078870e-03,9.07044012e-04,1.57019494e+01,1.33857571e-04
0.351692,4.08664175e+02,-5.49141039e+00,3.58128798e+00,2.57098773e-01,2.03237203e-03,1.27564740e-03,1.41526151e-03,1.57871285e+01,1.35820129e-04
0.352239,4.08405650e+02,-5.32777724e+00,3.59181954e+00,2.87233069e-01,2.25311774e-03,1.40961189e-03,1.32292343e-03,1.58665063e+01,1.38168096e-04
0.352786,4.08135969e+02,-5.05691828e+00,3.56706175e+00,3.69542409e-01,2.51319466e-03,1.42231677e-03,1.50880860e-03,1.59430738e+01,1.40454698e-04
0.353333,4.07855012e+02,-5.46423583e+00,3.63872503e+00,3.25837116e-01,2.10475833e-03,1.18272961e-03,1.59946154e-03,1.60144599e+01,1.42876971e-04
0.353880,4.07562658e+02,-5.70397405e+00,3.69760684e+00,2.78968071e-01,1.88869034e-03,1.11295419e-03,1.41903995e-03,1.61031367e+01,1.45038568e-04
0.354427,4.07258786e+02,-5.67992582e+00,3.74410081e+00,2.52781298e-01,2.03784394e-03,1.34300677e-03,1.08320928e-03,1.61997067e+01,1.47261815e-04
0.354974,4.06943285e+02,-5.56802982e+00,3.74241672e+00,3.04086833e-01,2.17318305e-03,1.32854347e-03,1.27264431e-03,1.62927600e+01,1.49717780e-04
0.355521,4.06616067e+02,-5.60778165e+00,3.77346287e+00,3.00781224e-01,2.16248513e-03,1.32765238e-03,1.19979732e-03,1.63808884e+01,1.52317346e-04
0.356068,4.06277049e+02,-5.82662830e+00,3.83514162e+00,2.52938753e-01,1.96071473e-03,1.26971763e-03,9.96615410e-04,1.64715176e+01,1.54841015e-04
0.356615,4.05926151e+02,-5.54184863e+00,3.81143915e+00,3.34312893e-01,2.32896765e-03,1.39278819e-03,1.23606391e-03,1.65696923e+01,1.57301979e-04
0.357162,4.05563308e+02,-5.33768307e+00,3.82411809e+00,3.43967260e-01,2.63996285e-03,1.64909100e-03,9.84408205e-04,1.66548510e+01,1.60187270e-04
0.357709,4.05188475e+02,-5.29226647e+00,3.83035900e+00,3.84502069e-01,2.68401794e-03,1.57114732e-03,1.18771470e-03,1.67352831e+01,1.63006133e-04
0.358256,4.04801608e+02,-5.28598686e+00,3.83502724e+00,4.25966918e-01,2.65699311e-03,1.42699565e-03,1.41994842e-03,1.68184650e+01,1.65808278e-04
0.358803,4.04402676e+02,-5.42955057e+00,3.89948433e+00,3.91395144e-01,2.56953159e-03,1.47085208e-03,1.20460758e-03,1.69044461e+01,1.68614788e-04
0.359350,4.03991648e+02,-5.35730931e+00,3.91868280e+00,4.04281264e-01,2.70375621e-03,1.55908547e-03,1.14516612e-03,1.69981968e+01,1.71424894e-04
0.359897,4.03568504e+02,-5.34285926e+00,3.92568362e+00,4.39232930e-01,2.69665131e-03,1.45000618e-03,1.32241742e-03,1.70900358e+01,1.74393595e-04
0.360444,4.03133240e+02,-5.37339193e+00,3.98425939e+00,4.08653700e-01,2.78157788e-03,1.64064277e-03,1.02264623e-03,1.71821411e+01,1.77353238e-04
0.360991,4.02685858e+02,-5.40168606e+00,4.02336269e+00,3.95913222e-01,2.78768387e-03,1.68113096e-03,8.80049538e-04,1.72764290e+01,1.80414005e-04
0.361537,4.02226368e+02,-5.18184862e+00,4.00396367e+00,4.55103385e-01,3.07688688e-03,1.75568817e-03,1.07393603e-03,1.73729792e+01,1.83476987e-04
0.362084,4.01754797e+02,-5.21729612e+00,4.03720377e+00,4.58583858e-01,3.04687017e-03,1.72557173e-03,1.05952659e-03,1.74611658e+01,1.86734959e-04
0.362631,4.01271186e+02,-5.11636883e+00,4.03024348e+00,5.02982520e-01,3.14446442e-03,1.67270248e-03,1.23819111e-03,1.75539245e+01,1.89897788e-04
0.363178,4.00775582e+02,-5.15608678e+00,4.03680120e+00,5.35191282e-01,3.00561967e-03,1.45465639e-03,1.43047053e-03,1.76443666e+01,1.93154239e-04
0.363725,4.00268047e+02,-5.07351430e+00,4.06926693e+00,5.44394634e-01,3.23833494e-03,1.66539084e-03,1.33419629e-03,1.77377644e+01,1.96344830e-04
0.364272,3.99748650e+02,-4.97467150e+00,4.06116154e+00,5.87552271e-01,3.32706532e-03,1.61183577e-03,1.48891970e-03,1.78295218e+01,1.99820552e-04
0.364819,3.99217473e+02,-4.94927736e+00,4.09076925e+00,5.95578061e-01,3.40580298e-03,1.68102558e-03,1.42338766e-03,1.79198279e+01,2.03225532e-04
0.365366,3.98674608e+02,-5.03041149e+00,4.12822028e+00,5.99720070e-01,3.28029020e-03,1.58722826e-03,1.41788572e-03,1.80125148e+01,2.06720257e-04
0.365913,3.98120155e+02,-4.60822376e+00,4.05234486e+00,7.08094155e-01,3.85428853e-03,1.72782211e-03,1.83283814e-03,1.81103282e+01,2.10177094e-04
0.366460,3.97554238e+02,-4.74483037e+00,4.14498044e+00,6.75930330e-01,3.81542854e-03,1.87481601e-03,1.56264647e-03,1.81891414e+01,2.13928358e-04
0.367007,3.96976985e+02,-4.80921192e+00,4.19280572e+00,6.74461886e-01,3.74436379e-03,1.85805584e-03,1.48938483e-03,1.82807748e+01,2.17630952e-04
0.367554,3.96388522e+02,-4.86735765e+00,4.23343536e+00,6.76461423e-01,3.65434845e-03,1.81077084e-03,1.43769033e-03,1.83782235e+01,2.21312486e-04
0.368101,3.95788989e+02,-4.93081728e+00,4.28887065e+00,6.61372867e-01,3.60782667e-03,1.85802510e-03,1.25855114e-03,1.84792308e+01,2.25036783e-04
0.368648,3.95178536e+02,-4.69396703e+00,4.28885526e+00,7.00992851e-01,4.09803324e-03,2.14456365e-03,1.32911636e-03,1.85832374e+01,2.28868403e-04
0.369195,3.94557332e+02,-4.72879211e+00,4.35563317e+00,6.74798684e-01,4.13213689e-03,2.29201309e-03,1.05169545e-03,1.86754908e+01,2.32954195e-04
0.369742,3.93925561e+02,-4.73606900e+00,4.37864375e+00,7.00765730e-01,4.07822213e-03,2.18857769e-03,1.18901498e-03,1.87734685e+01,2.36974261e-04
0.370289,3.93283408e+02,-4.66529013e+00,4.36566837e+00,7.48317935e-01,4.06497528e-03,2.03169350e-03,1.42515373e-03,1.88730031e+01,2.40952805e-04
0.370836,3.92631080e+02,-4.78499669e+00,4.46385084e+00,7.14716536e-01,4.04153888e-03,2.19995959e-03,1.13557093e-03,1.89696033e+01,2.44949029e-04
0.371383,3.91968786e+02,-4.72610936e+00,4.45722426e+00,7.54999861e-01,4.02497603e-03,2.06334559e-03,1.33082058e-03,1.90732434e+01,2.49210487e-04
0.371930,3.91296746e+02,-4.46127341e+00,4.40429998e+00,8.26501741e-01,4.38167623e-03,2.08612565e-03,1.64124398e-03,1.91735641e+01,2.53346567e-04
0.372477,3.90615212e+02,-4.35470067e+00,4.40908981e+00,8.54461401e-01,4.53263097e-03,2.13514688e-03,1.67512869e-03,1.92622412e+01,2.57623956e-04
0.373024,3.89924449e+02,-4.58735969e+00,4.53802839e+00,8.17430518e-01,4.30479489e-03,2.21286335e-03,1.38926260e-03,1.93523996e+01,2.61986053e-04
0.373571,3.89224703e+02,-4.49364304e+00,4.54698110e+00,8.45502752e-01,4.45680091e-03,2.25272349e-03,1.45998346e-03,1.94566278e+01,2.66512788e-04
0.374117,3.88516234e+02,-4.61092194e+00,4.62108535e+00,8.32059277e-01,4.26774734e-03,2.23802207e-03,1.29691926e-03,1.95573727e+01,2.71018590e-04
0.374664,3.87799317e+02,-4.61397228e+00,4.69068310e+00,8.18747682e-01,4.41604068e-03,2.44474451e-03,1.10103663e-03,1.96647580e+01,2.75598928e-04
0.375211,3.87074468e+02,-4.56372263e+00,4.68014323e+00,8.64663458e-01,4.31705910e-03,2.31323655e-03,1.35238959e-03,1.97725200e+01,2.75034513e-04
0.375758,3.86341988e+02,-4.60668749e+00,4.76381535e+00,8.49431429e-01,4.43607905e-03,2.45421242e-03,1.15011978e-03,1.98759760e+01,2.85014189e-04
0.376305,3.85601952e+02,-4.50243014e+00,4.76833628e+00,8.77046642e-01,4.59789897e-03,2.48566369e-03,1.23646758e-03,1.99830228e+01,2.89952040e-04
0.376852,3.84854681e+02,-4.59850020e+00,4.86067845e+00,8.55906021e-01,4.52692594e-03,2.59760245e-03,1.01073328e-03,2.00858111e+01,2.94801188e-04
0.377399,3.84100504e+02,-4.53156514e+00,4.86445400e+00,8.84600613e-01,4.55742647e-03,2.53770327e-03,1.13030039e-03,2.01954066e+01,2.99857102e-04
0.377946,3.83339757e+02,-4.40615780e+00,4.83349653e+00,9.28787661e-01,4.60367496e-03,2.41618647e-03,1.33615392e-03,2.03016589e+01,3.04804787e-04
0.378493,3.82572808e+02,-4.26252816e+00,4.84580885e+00,9.51724178e-01,4.95675692e-03,2.58768913e-03,1.36527476e-03,2.04023644e+01,3.09746452e-04
0.379040,3.81800036e+02,-4.14777426e+00,4.84672970e+00,9.75840773e-01,5.11127594e-03,2.62109746e-03,1.40621118e-03,2.04993378e+01,3.14962000e-04
0.379587,3.81021831e+02,-4.10334412e+00,4.89098442e+00,9.81797200e-01,5.24316041e-03,2.73829008e-03,1.32620075e-03,2.05965625e+01,3.20165974e-04
0.380134,3.80238582e+02,-4.20220731e+00,5.00461645e+00,9.60167763e-01,5.21440559e-03,2.91316124e-03,1.07727410e-03,2.06979349e+01,3.25552153e-04
0.380681,3.79450670e+02,-4.02351855e+00,4.93307485e+00,1.03312641e+00,5.24133671e-03,2.65218485e-03,1.51679627e-03,2.08090442e+01,3.31161137e-04
0.381228,3.78658501e+02,-3.94649047e+00,4.94948523e+00,1.05406937e+00,5.34244092e-03,2.68747301e-03,1.53277556e-03,2.09080366e+01,3.36351546e-04
0.381775,3.77862505e+02,-4.19800289e+00,5.16134376e+00,1.00924677e+00,5.27338499e-03,3.03307014e-03,1.11474564e-03,2.10094372e+01,3.41890622e-04
0.382322,3.77063080e+02,-3.95480531e+00,5.08818326e+00,1.07422037e+00,5.55239388e-03,2.91311637e-03,1.48917009e-03,2.11275193e+01,3.48017368e-04
0.382869,3.76260648e+02,-4.10385894e+00,5.16981028e+00,1.08701279e+00,5.09946328e-03,2.77538805e-03,1.48294522e-03,2.12297835e+01,3.53481053e-04
0.383416,3.75455652e+02,-3.96292334e+00,5.17261435e+00,1.11759427e+00,5.42071523e-03,2.86665662e-03,1.57785607e-03,2.13420720e+01,3.59348475e-04
0.383963,3.74648530e+02,-3.88657238e+00,5.20718510e+00,1.13170957e+00,5.61528909e-03,2.98151766e-03,1.54162461e-03,2.14489970e+01,3.65198827e-04
0.384510,3.73839752e+02,-3.98878302e+00,5.32496361e+00,1.12514069e+00,5.52655961e-03,3.11912158e-03,1.36720861e-03,2.15571700e+01,3.71211436e-04
0.385057,3.73029764e+02,-3.99156538e+00,5.36871970e+00,1.14099561e+00,5.42101159e-03,3.09437164e-03,1.36934513e-03,2.16760872e+01,3.77520937e-04
0.385604,3.72219014e+02,-3.91718851e+00,5.34026324e+00,1.18059423e+00,5.22654239e-03,2.88766149e-03,1.54871613e-03,2.17968373e+01,3.83694073e-04
0.386150,3.71407972e+02,-4.04301698e+00,5.50407566e+00,1.16494195e+00,5.32418883e-03,3.19779359e-03,1.29332199e-03,2.19127759e+01,3.89725280e-04
0.386697,3.70597104e+02,-3.80827138e+00,5.44803518e+00,1.20335603e+00,5.70796812e-03,3.19091919e-03,1.47059542e-03,2.20393181e+01,3.96468628e-04
0.387244,3.69786902e+02,-3.98072484e+00,5.61154629e+00,1.19581814e+00,5.52242331e-03,3.36822545e-03,1.27640629e-03,2.21507462e+01,4.02615596e-04
0.387791,3.68977856e+02,-3.96202295e+00,5.67257322e+00,1.20150233e+00,5.58776597e-03,3.46311385e-03,1.19838907e-03,2.22777986e+01,4.09531688e-04
0.388338,3.68170434e+02,-3.93235226e+00,5.75606533e+00,1.19163484e+00,5.81684971e-03,3.68806352e-03,9.98978634e-04,2.24057239e+01,4.16222436e-04
0.388885,3.67365129e+02,-3.82114490e+00,5.74349248e+00,1.22252297e+00,5.85616626e-03,3.60889457e-03,1.14912239e-03,2.25338280e+01,4.23084707e-04
0.389432,3.66562454e+02,-3.82365306e+00,5.82112436e+00,1.22668816e+00,5.88135346e-03,3.71898833e-03,1.06185780e-03,2.26561236e+01,4.29694753e-04
0.389979,3.65762920e+02,-3.78560493e+00,5.85066077e+00,1.24805713e+00,5.80996014e-03,3.68474409e-03,1.12533984e-03,2.27833838e+01,4.36712410e-04
0.390526,3.64967031e+02,-3.67605832e+00,5.82163151e+00,1.28034758e+00,5.73400028e-03,3.54972742e-03,1.27811039e-03,2.29107101e+01,4.43655148e-04
0.391073,3.64175306e+02,-3.42420725e+00,5.72074884e+00,1.31257105e+00,5.93757381e-03,3.41339149e-03,1.43423494e-03,2.30329971e+01,4.50488196e-04
0.391620,3.63388301e+02,-3.44440776e+00,5.82816797e+00,1.31579351e+00,6.05513612e-03,3.61099691e-03,1.30460086e-03,2.31432872e+01,4.57140132e-04
0.392167,3.62606558e+02,-3.32683104e+00,5.80123153e+00,1.34561265e+00,6.03022051e-03,3.50514284e-03,1.42894176e-03,2.32652807e+01,4.64624901e-04
0.392714,3.61830598e+02,-3.30049735e+00,5.85537655e+00,1.36102967e+00,6.03777123e-03,3.56510411e-03,1.40522787e-03,2.33849152e+01,4.71731610e-04
0.393261,3.61060949e+02,-3.36524404e+00,5.97137285e+00,1.37338649e+00,5.94403068e-03,3.68814413e-03,1.33881618e-03,2.35107412e+01,4.79224217e-04
0.393808,3.60298107e+02,-3.32079871e+00,6.00552997e+00,1.39320869e+00,5.91643414e-03,3.69355754e-03,1.36360349e-03,2.36470252e+01,4.87053346e-04
0.394355,3.59542574e+02,-2.99237516e+00,5.85985191e+00,1.41349294e+00,6.30480175e-03,3.55262210e-03,1.46167555e-03,2.37827663e+01,4.94659679e-04
0.394902,3.58794916e+02,-3.26076156e+00,6.10782529e+00,1.44341153e+00,5.89815178e-03,3.76384740e-03,1.46610248e-03,2.38950610e+01,5.01593032e-04
0.395449,3.58055643e+02,-3.33048639e+00,6.22470383e+00,1.46202556e+00,5.74756922e-03,3.86280251e-03,1.43184554e-03,2.40349243e+01,5.10264394e-04
0.395996,3.57325191e+02,-3.23239173e+00,6.21455673e+00,1.48655817e+00,5.74037127e-03,3.80483757e-03,1.50579975e-03,2.41822738e+01,5.18495825e-04
0.396543,3.56604054e+02,-3.12331270e+00,6.23069494e+00,1.49491390e+00,5.95744660e-03,3.87807098e-03,1.43620817e-03,2.43215951e+01,5.26279116e-04
0.397090,3.55892762e+02,-3.15550396e+00,6.31163774e+00,1.52738075e+00,5.76418114e-03,3.90210646e-03,1.52649166e-03,2.44540671e+01,5.34193778e-04
0.397637,3.55191812e+02,-3.11928988e+00,6.34013807e+00,1.55688781e+00,5.64089323e-03,3.87215362e-03,1.61147888e-03,2.45919854e+01,5.42557334e-04
0.398184,3.54501678e+02,-3.32639741e+00,6.62886885e+00,1.55962966e+00,5.70614717e-03,4.32758104e-03,1.33480846e-03,2.47288481e+01,5.50781751e-04
0.398730,3.53822798e+02,-3.18309177e+00,6.59348881e+00,1.57758405e+00,5.79771372e-03,4.25552622e-03,1.38901544e-03,2.48831460e+01,5.60108165e-04
0.399277,3.53155625e+02,-3.29595675e+00,6.78979073e+00,1.58846957e+00,5.77211663e-03,4.53944707e-03,1.23836652e-03,2.50208429e+01,5.68147824e-04
0.399824,3.52500618e+02,-3.31470377e+00,6.90467153e+00,1.59847618e+00,5.78889799e-03,4.69689139e-03,1.14358099e-03,2.51692189e+01,5.77291295e-04
0.400371,3.51858193e+02,-3.01937818e+00,6.71486934e+00,1.62571774e+00,5.86417766e-03,4.36730977e-03,1.39433878e-03,2.53167547e+01,5.86149908e-04
0.400918,3.51228845e+02,-2.90154661e+00,6.74336012e+00,1.61334253e+00,6.15946753e-03,4.50719806e-03,1.16452535e-03,2.54296038e+01,5.93708382e-04
0.401465,3.50613095e+02,-2.73974087e+00,6.67751816e+00,1.63391605e+00,6.16125252e-03,4.37191045e-03,1.28161835e-03,2.55373127e+01,6.02224795e-04
0.402012,3.50011420e+02,-3.28353216e+00,7.23612887e+00,1.72225686e+00,5.59494573e-03,4.97015994e-03,1.46644799e-03,2.56373226e+01,6.10488147e-04
0.402559,3.49424129e+02,-3.20253752e+00,7.29172504e+00,1.72113060e+00,5.84847749e-03,5.07986017e-03,1.30227747e-03,2.57888143e+01,6.21830582e-04
0.403106,3.48851500e+02,-2.78331754e+00,7.03576200e+00,1.68032139e+00,6.31247778e-03,4.84016005e-03,1.08204408e-03,2.59222796e+01,6.30636070e-04
0.403653,3.48294034e+02,-2.69513266e+00,7.03350485e+00,1.71224368e+00,6.22440690e-03,4.77630490e-03,1.25596450e-03,2.60058425e+01,6.37970912e-04
0.404200,3.47752220e+02,-2.44335671e+00,6.92252527e+00,1.68346031e+00,6.51268318e-03,4.70679705e-03,1.02159903e-03,2.60898279e+01,6.46746793e-04
0.404747,3.47226487e+02,-2.92211402e+00,7.52391239e+00,1.74933014e+00,6.28571472e-03,5.48576156e-03,9.66071255e-04,2.61564627e+01,6.54910895e-04
0.405294,3.46717103e+02,-3.17152588e+00,7.86450865e+00,1.82063563e+00,5.99438589e-03,5.81115374e-03,1.17100675e-03,2.62818493e+01,6.66701306e-04
0.405841,3.46224179e+02,-3.21282927e+00,8.01579832e+00,1.85147381e+00,5.91401511e-03,5.96531083e-03,1.20003699e-03,2.64199704e+01,6.77328381e-04
0.406388,3.45747922e+02,-3.26687754e+00,8.22069562e+00,1.85898892e+00,6.01569864e-03,6.27629426e-03,9.96628674e-04,2.65467589e+01,6.86973059e-04
0.406935,3.45288578e+02,-3.12919737e+00,8.16124827e+00,1.89408480e+00,5.90099689e-03,6.09079873e-03,1.26903100e-03,2.66632089e+01,6.96796017e-04
0.407482,3.44846423e+02,-3.26946396e+00,8.44526413e+00,1.93253736e+00,5.84728547e-03,6.46398359e-03,1.22439835e-03,2.67446959e+01,7.05419653e-04
0.408029,3.44421688e+02,-3.14785205e+00,8.45985463e+00,1.92093696e+00,6.00496672e-03,6.51023278e-03,1.04306673e-03,2.68357232e+01,7.15738430e-04
0.408576,3.44014582e+02,-2.78045625e+00,8.13771760e+00,1.91718828e+00,5.98265060e-03,6.00457147e-03,1.26509829e-03,2.68990469e+01,7.24580949e-04
0.409123,3.43625450e+02,-3.07639584e+00,8.61501468e+00,1.98945328e+00,5.86178628e-03,6.62859317e-03,1.28651518e-03,2.69076758e+01,7.31788873e-04
0.409670,3.43254483e+02,-2.62499981e+00,8.21957595e+00,1.93454742e+00,6.05758531e-03,6.09976881e-03,1.16755627e-03,2.69587429e+01,7.43126365e-04
0.410217,3.42901886e+02,-2.89270700e+00,8.66923380e+00,2.01587168e+00,5.89581255e-03,6.66654867e-03,1.28569611e-03,2.69434799e+01,7.49755401e-04
0.410763,3.42567844e+02,-2.89028641e+00,8.81020161e+00,2.03720653e+00,5.91178824e-03,6.83013496e-03,1.23147818e-03,2.69683115e+01,7.60944490e-04
0.411310,3.42252373e+02,-2.97443105e+00,9.06482947e+00,2.07347719e+00,5.89328888e-03,7.15809871e-03,1.18330630e-03,2.69831876e+01,7.70373911e-04
0.411857,3.41955523e+02,-2.93559529e+00,9.13833987e+00,2.11335212e+00,5.78393738e-03,7.17960908e-03,1.35967639e-03,2.69975875e+01,7.80361021e-04
0.412404,3.41677335e+02,-2.94299311e+00,9.28348765e+00,2.15250293e+00,5.70392618e-03,7.33194301e-03,1.43733378e-03,2.69895917e+01,7.89364582e-04
0.412951,3.41417853e+02,-3.24369534e+00,9.82250495e+00,2.25477716e+00,5.54842129e-03,7.99157229e-03,1.57926490e-03,2.69700569e+01,7.98659519e-04
0.413498,3.41176966e+02,-2.79665203e+00,9.34275598e+00,2.21156111e+00,5.52668271e-03,7.28046831e-03,1.68280289e-03,2.69749334e+01,8.10047490e-04
0.414045,3.40954718e+02,-2.77181918e+00,9.52263723e+00,2.19251358e+00,5.77687631e-03,7.63563623e-03,1.23319437e-03,2.68898983e+01,8.15677433e-04
0.414592,3.40751250e+02,-2.97272044e+00,9.95426881e+00,2.28340235e+00,5.66062424e-03,8.14273066e-03,1.40989060e-03,2.67925594e+01,8.24602904e-04
0.415139,3.40566426e+02,-3.26991878e+00,1.05087921e+01,2.42409955e+00,5.42621774e-03,8.74471299e-03,1.82030654e-03,2.67194877e+01,8.35072783e-04
0.415686,3.40399950e+02,-3.11865580e+00,1.04428309e+01,2.43131710e+00,5.38029250e-03,8.60142158e-03,1.85833384e-03,2.66655660e+01,8.46174002e-04
0.416233,3.40251646e+02,-2.66298966e+00,9.94927663e+00,2.33233447e+00,5.50116133e-03,7.99608024e-03,1.55944449e-03,2.65630718e+01,8.53509377e-04
0.416780,3.40121629e+02,-3.41016641e+00,1.12725670e+01,2.56350071e+00,5.39549507e-03,9.72455918e-03,1.74592384e-03,2.63780143e+01,8.58136372e-04
0.417327,3.40009598e+02,-3.18551301e+00,1.11228133e+01,2.52236440e+00,5.48075486e-03,9.48894105e-03,1.52170838e-03,2.63016662e+01,8.73055864e-04
0.417874,3.39915127e+02,-2.96696698e+00,1.09351047e+01,2.52169827e+00,5.36338370e-03,9.18675438e-03,1.69238036e-03,2.61559554e+01,8.79244442e-04
0.418421,3.39838195e+02,-2.50239789e+00,1.03705136e+01,2.41227986e+00,5.38227888e-03,8.47997631e-03,1.44534286e-03,2.59593812e+01,8.85143661e-04
0.418968,3.39778878e+02,-2.86191959e+00,1.11357065e+01,2.57178905e+00,5.25357508e-03,9.44731453e-03,1.70802974e-03,2.56924443e+01,8.88593797e-04
0.419515,3.39736950e+02,-2.33491310e+00,1.04333591e+01,2.44177664e+00,5.26719038e-03,8.50378838e-03,1.48182405e-03,2.54970056e+01,8.99634924e-04
0.420062,3.39712202e+02,-3.08933493e+00,1.19353381e+01,2.71668041e+00,5.21210761e-03,1.04598117e-02,1.71121269e-03,2.52103253e+01,9.01812219e-04
0.420609,3.39704193e+02,-2.68743207e+00,1.14333468e+01,2.61956745e+00,5.23308677e-03,9.73586113e-03,1.51692822e-03,2.50491652e+01,9.16638598e-04
0.421156,3.39712403e+02,-2.61572116e+00,1.14877657e+01,2.64784868e+00,5.10784075e-03,9.78853500e-03,1.62872344e-03,2.47929169e+01,9.19377554e-04
0.421703,3.39736706e+02,-2.38561438e+00,1.12265688e+01,2.63928055e+00,4.92433668e-03,9.37468952e-03,1.84420622e-03,2.45245214e+01,9.25234439e-04
0.422250,3.39776873e+02,-2.38528330e+00,1.14516329e+01,2.65631428e+00,4.96097586e-03,9.71039846e-03,1.60817275e-03,2.42191939e+01,9.29020555e-04
0.422797,3.39832614e+02,-2.13534767e+00,1.11487261e+01,2.62555126e+00,4.81899955e-03,9.25784011e-03,1.71176884e-03,2.39243930e+01,9.35202502e-04
0.423343,3.39903628e+02,-1.99083579e+00,1.10624182e+01,2.60985880e+00,4.73978509e-03,9.15460111e-03,1.63678838e-03,2.35944478e+01,9.38111457e-04
0.423890,3.39989681e+02,-2.06498572e+00,1.14215762e+01,2.66840846e+00,4.70915362e-03,9.62321436e-03,1.56297953e-03,2.32592236e+01,9.41960211e-04
0.424437,3.40090327e+02,-1.83495959e+00,1.11459218e+01,2.62301209e+00,4.61110295e-03,9.22948686e-03,1.52498017e-03,2.29515659e+01,9.48097812e-04
0.424984,3.40205154e+02,-1.76461457e+00,1.12126877e+01,2.62103106e+00,4.56201752e-03,9.33986857e-03,1.37176213e-03,2.26109877e+01,9.50156651e-04
0.425531,3.40333818e+02,-1.40591728e+00,1.06598927e+01,2.49221249e+00,4.49744567e-03,8.65525121e-03,1.06902648e-03,2.22746562e+01,9.53883131e-04
0.426078,3.40476036e+02,-1.55521306e+00,1.11804007e+01,2.60333782e+00,4.39736164e-03,9.30604615e-03,1.22531002e-03,2.18943475e+01,9.53578514e-04
0.426625,3.40631368e+02,-1.63700974e+00,1.15889441e+01,2.65992516e+00,4.38546079e-03,9.81255916e-03,1.08585021e-03,2.15667495e+01,9.59380273e-04
0.427172,3.40799079e+02,-1.73198106e+00,1.19980333e+01,2.76806713e+00,4.25396607e-03,1.02376847e-02,1.37373364e-03,2.12590781e+01,9.64030032e-04
0.427719,3.40978448e+02,-1.52535304e+00,1.17276151e+01,2.71528704e+00,4.14354797e-03,9.85418130e-03,1.30796595e-03,2.09630188e+01,9.68336848e-04
0.428266,3.41168933e+02,-1.45941517e+00,1.17865600e+01,2.72190280e+00,4.03796964e-03,9.92835297e-03,1.26097734e-03,2.06278559e+01,9.68126384e-04
0.428813,3.41370082e+02,-1.54812751e+00,1.22242948e+01,2.80459554e+00,3.95504373e-03,1.04565140e-02,1.28713083e-03,2.02924109e+01,9.69489988e-04
0.429360,3.41581221e+02,-1.14932896e+00,1.14128201e+01,2.67272369e+00,3.74472317e-03,9.34988714e-03,1.38084538e-03,1.99814340e+01,9.72673980e-04
0.429907,3.41801907e+02,-1.19411933e+00,1.17428926e+01,2.73556816e+00,3.63543195e-03,9.78748890e-03,1.38367479e-03,1.96048536e+01,9.68063899e-04
0.430454,3.42031714e+02,-1.43416391e+00,1.25696071e+01,2.92911427e+00,3.50753988e-03,1.07348126e-02,1.71317363e-03,1.92657766e+01,9.69800310e-04
0.431001,3.42269733e+02,-1.16058625e+00,1.20875664e+01,2.79668471e+00,3.46746629e-03,1.01256153e-02,1.31061209e-03,1.89789118e+01,9.74042582e-04
0.431548,3.42515281e+02,-1.71273648e+00,1.38226414e+01,3.17243313e+00,3.36342254e-03,1.22283418e-02,1.78281744e-03,1.86423984e+01,9.69889679e-04
0.432095,3.42767412e+02,-1.52383899e+00,1.35319830e+01,3.10987174e+00,3.26669482e-03,1.17591344e-02,1.67421738e-03,1.84073614e+01,9.78466804e-04
0.432642,3.43025116e+02,-1.16771789e+00,1.27478966e+01,2.93189409e+00,3.11314728e-03,1.08101178e-02,1.38764774e-03,1.81188147e+01,9.74443998e-04
0.433189,3.43288088e+02,-9.92885847e-01,1.24526394e+01,2.86842256e+00,2.93256755e-03,1.04650417e-02,1.31576816e-03,1.77724261e+01,9.67119020e-04
0.433736,3.43556004e+02,-3.60742897e-01,1.07690373e+01,2.47752241e+00,2.77199888e-03,8.47036715e-03,6.81524831e-04,1.74249749e+01,9.62334316e-04
0.434283,3.43828772e+02,-3.74243695e-01,1.10399915e+01,2.49496394e+00,2.65976695e-03,8.90957334e-03,4.55287417e-04,1.70024647e+01,9.49078073e-04
0.434830,3.44106126e+02,-3.40122378e-01,1.11546801e+01,2.48457407e+00,2.57235050e-03,9.04983973e-03,2.49792576e-04,1.66504406e+01,9.46848691e-04
0.435376,3.44387291e+02,-6.92931649e-01,1.25033601e+01,2.79632535e+00,2.44230024e-03,1.05755169e-02,7.89995290e-04,1.63336336e+01,9.43229065e-04
0.435923,3.44671193e+02,-4.26201943e-01,1.17999900e+01,2.67381717e+00,2.27146409e-03,9.58885218e-03,8.95771097e-04,1.60984498e+01,9.46170244e-04
0.436470,3.44956973e+02,-2.76572510e-01,1.14715616e+01,2.61884568e+00,2.06119162e-03,9.17852378e-03,9.74074976e-04,1.58135783e+01,9.36803336e-04
0.437017,3.45244217e+02,-1.72930457e-01,1.13093214e+01,2.57644030e+00,1.91350201e-03,8.98204391e-03,8.91269688e-04,1.55236063e+01,9.29209727e-04
0.437564,3.45532355e+02,-5.19266282e-02,1.10503415e+01,2.53352437e+00,1.73259545e-03,8.63567958e-03,9.55992054e-04,1.52418628e+01,9.22075590e-04
0.438111,3.45820794e+02,-3.61014338e-02,1.12441768e+01,2.51176531e+00,1.69492150e-03,8.93187568e-03,4.95868411e-04,1.49643140e+01,9.13995987e-04
0.438658,3.46108844e+02,1.08848324e-02,1.12336155e+01,2.54084393e+00,1.51068384e-03,8.82395377e-03,7.92826017e-04,1.47093770e+01,9.07831932e-04
0.439205,3.46395749e+02,1.21865976e-01,1.10091864e+01,2.46530782e+00,1.40135310e-03,8.56595028e-03,5.52273609e-04,1.44643184e+01,9.00187291e-04
0.439752,3.46680853e+02,1.71207190e-01,1.10311979e+01,2.42515476e+00,1.30100681e-03,8.62697376e-03,2.41501422e-04,1.42190308e+01,8.90842896e-04
0.440299,3.46963490e+02,3.07735519e-01,1.06448128e+01,2.34170557e+00,1.15140152e-03,8.13504294e-03,2.34465119e-04,1.39872065e+01,8.82391595e-04
0.440846,3.47243029e+02,2.09219209e-01,1.12378326e+01,2.48046949e+00,9.68213855e-04,8.77523272e-03,4.94119444e-04,1.37505516e+01,8.71338527e-04
0.441393,3.47518694e+02,1.71425252e-01,1.15960296e+01,2.54379983e+00,8.34120474e-04,9.13411717e-03,4.93004999e-04,1.35540795e+01,8.65101370e-04
0.441940,3.47789528e+02,1.05597683e-02,1.24991306e+01,2.74363258e+00,6.37591521e-04,1.00934559e-02,7.49973660e-04,1.33740123e+01,8.57038020e-04
0.442487,3.48054511e+02,3.48994384e-01,1.10830649e+01,2.47041466e+00,5.21059983e-04,8.34937158e-03,7.91737209e-04,1.32267845e+01,8.51327454e-04
0.443034,3.48313046e+02,5.63580754e-01,1.02128799e+01,2.27912572e+00,3.56868718e-04,7.39919320e-03,6.35973271e-04,1.30103190e+01,8.33023204e-04
0.443581,3.48564947e+02,3.01618046e-01,1.16888893e+01,2.59165359e+00,1.55096791e-04,9.05947034e-03,8.70127403e-04,1.27809153e+01,8.17378866e-04
0.444128,3.48809354e+02,6.31563820e-01,1.01880438e+01,2.25480377e+00,1.44641504e-04,7.29134074e-03,5.23735591e-04,1.26325918e+01,8.13234750e-04
0.444675,3.49045554e+02,7.14499406e-01,9.91969366e+00,2.17068793e+00,3.22801611e-07,7.05535596e-03,3.07969330e-04,1.24244464e+01,7.93550035e-04
0.445222,3.49273224e+02,6.94786558e-01,1.01479136e+01,2.24563372e+00,-1.88821087e-04,7.24111432e-03,5.96506829e-04,1.22324872e+01,7.79870108e-04
0.445769,3.49491649e+02,7.05429388e-01,1.02257770e+01,2.26169716e+00,-3.32473063e-04,7.27923220e-03,6.23100160e-04,1.20705733e+01,7.68298877e-04
0.446316,3.49700040e+02,8.68565209e-01,9.44368692e+00,2.06485227e+00,-3.79928735e-04,6.41985544e-03,2.93307202e-04,1.19237292e+01,7.55558388e-04
0.446863,3.49897831e+02,7.93695750e-01,1.00394236e+01,2.16871405e+00,-5.56341955e-04,7.08944685e-03,2.35674287e-04,1.17582323e+01,7.38326205e-04
0.447409,3.50084351e+02,7.98525365e-01,1.01437200e+01,2.17521242e+00,-6.81562813e-04,7.15268131e-03,1.74601185e-04,1.16316377e+01,7.27335240e-04
0.447956,3.50258750e+02,7.88876957e-01,1.03294067e+01,2.20376563e+00,-8.33984013e-04,7.31255069e-03,1.70159564e-04,1.15141555e+01,7.13634905e-04
0.448503,3.50420271e+02,8.19431614e-01,1.02183902e+01,2.20441136e+00,-9.84949669e-04,7.09978772e-03,4.08490950e-04,1.14070921e+01,6.99958684e-04
0.449050,3.50568206e+02,8.92982753e-01,9.83062854e+00,2.11184359e+00,-1.07610211e-03,6.65604816e-03,3.15225277e-04,1.12988556e+01,6.84625519e-04
0.449597,3.50701963e+02,1.01700580e+00,9.08902459e+00,1.91525988e+00,-1.09838529e-03,5.89186521e-03,-4.60829734e-05,1.11836579e+01,6.67781046e-04
0.450144,3.50821076e+02,9.04317344e-01,1.00032678e+01,2.10677648e+00,-1.34965512e-03,6.82801474e-03,1.12313262e-04,1.10552211e+01,6.49193131e-04
0.450691,3.50924836e+02,1.07784401e+00,8.78818109e+00,1.85159109e+00,-1.28962697e-03,5.46961680e-03,4.03464941e-05,1.09730885e+01,6.37546729e-04
0.451238,3.51012623e+02,1.10962445e+00,8.60413084e+00,1.81352958e+00,-1.42287673e-03,5.27547443e-03,7.93576546e-05,1.08544364e+01,6.16569344e-04
0.451785,3.51084017e+02,1.10287247e+00,8.74672577e+00,1.81636688e+00,-1.54330209e-03,5.41789655e-03,-7.86190024e-05,1.07502918e+01,5.99895509e-04
0.452332,3.51138361e+02,1.20388101e+00,7.95937781e+00,1.64634651e+00,-1.53399280e-03,4.56616738e-03,-1.37221157e-04,1.06661983e+01,5.84339814e-04
0.452879,3.51175102e+02,1.11656447e+00,8.76504984e+00,1.81757999e+00,-1.79040395e-03,5.35701581e-03,1.49642819e-05,1.05685306e+01,5.64922383e-04
0.453426,3.51193588e+02,1.11894829e+00,8.75531194e+00,1.83301462e+00,-1.90545930e-03,5.24655954e-03,1.99990226e-04,1.05117986e+01,5.51667038e-04
0.453973,3.51193048e+02,1.15451399e+00,8.48166296e+00,1.74878450e+00,-1.94156871e-03,4.95711941e-03,-8.21685712e-06,1.04580237e+01,5.35041092e-04
0.454520,3.51172895e+02,1.18120817e+00,8.22324338e+00,1.70954309e+00,-2.02067238e-03,4.63797677e-03,1.35767915e-04,1.03999924e+01,5.17285266e-04
0.455067,3.51132588e+02,1.15909466e+00,8.44370178e+00,1.75386523e+00,-2.17938653e-03,4.81503832e-03,1.73510745e-04,1.03423564e+01,4.99590440e-04
0.455614,3.51071519e+02,1.21309942e+00,7.85393194e+00,1.65426307e+00,-2.16965386e-03,4.15216752e-03,3.38798888e-04,1.03005699e+01,4.83591115e-04
0.456161,3.50989130e+02,1.19736693e+00,8.03935734e+00,1.66588073e+00,-2.29542152e-03,4.33589543e-03,1.48694542e-04,1.02470280e+01,4.64690973e-04
0.456708,3.50884883e+02,1.17279034e+00,8.27110183e+00,1.71528024e+00,-2.45004207e-03,4.49892358e-03,2.06148429e-04,1.02101338e+01,4.48515875e-04
0.457255,3.50758133e+02,1.18414339e+00,8.09709746e+00,1.67392690e+00,-2.49574211e-03,4.27875050e-03,1.74837203e-04,1.01865308e+01,4.32505758e-04
0.457802,3.50608296e+02,1.13370990e+00,8.62018598e+00,1.78174403e+00,-2.73731662e-03,4.72025351e-03,2.36391042e-04,1.01613545e+01,4.15167046e-04
0.458349,3.50434763e+02,1.16437189e+00,8.21747422e+00,1.65299613e+00,-2.67408022e-03,4.32566781e-03,-1.31693252e-04,1.01559958e+01,4.00170832e-04
0.458896,3.50236965e+02,1.20479983e+00,7.63315767e+00,1.50346980e+00,-2.59592454e-03,3.76915630e-03,-3.48263103e-04,1.01380441e+01,3.82266323e-04
0.459443,3.50014478e+02,1.21588345e+00,7.39797655e+00,1.42659958e+00,-2.62030243e-03,3.54324515e-03,-5.25554253e-04,1.01098171e+01,3.64057132e-04
0.459989,3.49766858e+02,1.21328159e+00,7.32362930e+00,1.41540927e+00,-2.68394808e-03,3.41030727e-03,-4.22241473e-04,1.00873688e+01,3.47168829e-04
0.460536,3.49493607e+02,1.22643324e+00,7.03690198e+00,1.32156122e+00,-2.66033433e-03,3.13672746e-03,-6.56144933e-04,1.00745575e+01,3.30958992e-04
0.461083,3.49194241e+02,1.19088233e+00,7.41273362e+00,1.43239006e+00,-2.86822806e-03,3.36374447e-03,-2.82137122e-04,1.00630889e+01,3.14404258e-04
0.461630,3.48868240e+02,1.19307296e+00,7.21773177e+00,1.39280766e+00,-2.86641028e-03,3.11757261e-03,-2.42418232e-04,1.00718724e+01,2.99922779e-04
0.462177,3.48515085e+02,1.18287594e+00,7.17909202e+00,1.39844066e+00,-2.93669869e-03,3.00567216e-03,-9.04919657e-05,1.00793539e+01,2.84162030e-04
0.462724,3.48134306e+02,1.16695393e+00,7.24774003e+00,1.40201303e+00,-3.02400001e-03,3.01327678e-03,-1.39133583e-04,1.00920035e+01,2.69152834e-04
0.463271,3.47725422e+02,1.17240832e+00,6.97991993e+00,1.32266638e+00,-2.96329621e-03,2.74548543e-03,-3.15466164e-04,1.01120152e+01,2.54747797e-04
0.463818,3.47287982e+02,1.15586297e+00,7.01520444e+00,1.36836707e+00,-3.05258463e-03,2.66073716e-03,4.35029058e-05,1.01284106e+01,2.39861482e-04
0.464365,3.46821547e+02,1.14973117e+00,6.87998203e+00,1.34082788e+00,-3.04982142e-03,2.48122068e-03,5.02096242e-05,1.01525178e+01,2.26107845e-04
0.464912,3.46325679e+02,1.12733341e+00,7.03971230e+00,1.35572545e+00,-3.16423888e-03,2.56890344e-03,-6.77968130e-05,1.01783535e+01,2.12376701e-04
0.465459,3.45799938e+02,1.15385965e+00,6.35386181e+00,1.18402391e+00,-2.86645889e-03,1.97402849e-03,-3.38459452e-04,1.02143238e+01,1.99753219e-04
0.466006,3.45243940e+02,1.12627354e+00,6.63158132e+00,1.23416888e+00,-3.04252860e-03,2.14377049e-03,-3.31351457e-04,1.02333917e+01,1.85692338e-04
0.466553,3.44657299e+02,1.10414126e+00,6.76047097e+00,1.24017795e+00,-3.14089072e-03,2.19244976e-03,-4.44629711e-04,1.02713887e+01,1.74231596e-04
0.467100,3.44039587e+02,1.09433721e+00,6.65282273e+00,1.20492483e+00,-3.11360082e-03,2.04186574e-03,-5.06099598e-04,1.03178247e+01,1.62917595e-04
0.467647,3.43390412e+02,1.10025288e+00,6.27005958e+00,1.14546049e+00,-2.92786865e-03,1.63984654e-03,-3.27318263e-04,1.03640508e+01,1.51578058e-04
0.468194,3.42709428e+02,1.08410945e+00,6.31197380e+00,1.12257127e+00,-2.97382460e-03,1.63960396e-03,-5.43144101e-04,1.04032381e+01,1.40163887e-04
0.468741,3.41996291e+02,1.06891554e+00,6.31339148e+00,1.13241790e+00,-2.99259086e-03,1.54579970e-03,-4.12367999e-04,1.04514097e+01,1.30155827e-04
0.469288,3.41250650e+02,1.05601836e+00,6.25179853e+00,1.13834322e+00,-2.97504822e-03,1.39595911e-03,-2.28601158e-04,1.05052014e+01,1.20521502e-04
0.469835,3.40472173e+02,1.04889581e+00,6.07186035e+00,1.11655951e+00,-2.88190858e-03,1.16752918e-03,-9.92880421e-05,1.05616343e+01,1.11265024e-04
0.470382,3.39660552e+02,1.04761138e+00,5.79378543e+00,1.06584787e+00,-2.71775404e-03,8.84727432e-04,-6.20755691e-05,1.06173310e+01,1.02313464e-04
0.470929,3.38815505e+02,1.06123524e+00,5.25711530e+00,9.35430782e-01,-2.37145127e-03,4.56989742e-04,-2.67264578e-04,1.06706329e+01,9.37216414e-05
0.471476,3.37936780e+02,1.05054952e+00,5.23010488e+00,9.20409385e-01,-2.36388338e-03,3.84493101e-04,-3.28848034e-04,1.07150386e+01,8.52725146e-05
0.472022,3.37024133e+02,1.02117905e+00,5.59102692e+00,1.01485748e+00,-2.60187789e-03,5.35537326e-04,-1.13473681e-04,1.07708804e+01,7.81506129e-05
0.472569,3.36077302e+02,1.00217266e+00,5.66471825e+00,1.01492986e+00,-2.64723393e-03,5.27279346e-04,-2.26226993e-04,1.08445968e+01,7.20170851e-05
0.473116,3.35096046e+02,1.01921046e+00,5.22139924e+00,9.18100754e-01,-2.23171621e-03,1.46650727e-04,-3.02743674e-04,1.09215508e+01,6.59679443e-05
0.473663,3.34080175e+02,1.00430192e+00,5.26039045e+00,9.03746557e-01,-2.26035537e-03,1.30214080e-04,-4.64100217e-04,1.09843079e+01,5.95654319e-05
0.474210,3.33029525e+02,1.00188900e+00,5.16668351e+00,9.15575329e-01,-2.12796611e-03,-5.17818681e-05,-1.94640644e-04,1.10549041e+01,5.44375373e-05
0.474757,3.31943946e+02,9.80317856e-01,5.32126678e+00,9.19836155e-01,-2.24367199e-03,1.08882576e-05,-3.99882431e-04,1.11264072e+01,4.94396528e-05
0.475304,3.30823308e+02,9.67690576e-01,5.32742672e+00,9.22487701e-01,-2.21429877e-03,-6.65070227e-05,-3.65682690e-04,1.12060447e+01,4.54001909e-05
0.475851,3.29667512e+02,9.67389368e-01,5.15883946e+00,8.63451898e-01,-2.00990036e-03,-2.24167050e-04,-5.64356102e-04,1.12868156e+01,4.15634024e-05
0.476398,3.28476494e+02,9.63789705e-01,5.05445689e+00,8.36353063e-01,-1.86947342e-03,-3.60846467e-04,-5.88167299e-04,1.13623911e+01,3.80999823e-05
0.476945,3.27250222e+02,9.81170962e-01,4.70213719e+00,7.64806910e-01,-1.45213276e-03,-6.60116225e-04,-5.88742680e-04,1.14376777e+01,3.52068596e-05
0.477492,3.25988701e+02,9.56073944e-01,4.95529621e+00,7.89527342e-01,-1.67671368e-03,-5.42417785e-04,-7.52095549e-04,1.15041913e+01,3.26462485e-05
0.478039,3.24691960e+02,9.53544818e-01,4.95360105e+00,8.14092850e-01,-1.57266768e-03,-6.57093940e-04,-5.06069612e-04,1.15848100e+01,3.12787824e-05
0.478586,3.23360056e+02,9.63118575e-01,4.78542286e+00,7.92130866e-01,-1.29440738e-03,-8.50505412e-04,-4.04588588e-04,1.16660511e+01,3.00714648e-05
0.479133,3.21993088e+02,9.40897973e-01,4.95545321e+00,8.26726388e-01,-1.45924529e-03,-8.13323313e-04,-3.74826218e-04,1.17421532e+01,2.94364355e-05
0.479680,3.20591190e+02,9.49637011e-01,4.82334404e+00,7.92231351e-01,-1.19301118e-03,-9.59523823e-04,-4.43068329e-04,1.18262193e+01,2.95624428e-05
0.480227,3.19154528e+02,9.45781639e-01,4.80184090e+00,7.90266375e-01,-1.10720964e-03,-1.04199475e-03,-4.11537973e-04,1.19043379e+01,3.01224593e-05
0.480774,3.17683311e+02,9.48991361e-01,4.70068526e+00,7.49192957e-01,-9.17699546e-04,-1.14312795e-03,-5.80154708e-04,1.19830965e+01,3.11491591e-05
0.481321,3.16177782e+02,9.67062007e-01,4.54775191e+00,7.36497317e-01,-5.89034470e-04,-1.32684422e-03,-4.25497472e-04,1.20585725e+01,3.26525976e-05
0.481868,3.14638222e+02,9.51367210e-01,4.69912377e+00,7.82243561e-01,-7.30452113e-04,-1.31531976e-03,-2.77319426e-04,1.21299920e+01,3.44063148e-05
0.482415,3.13064949e+02,9.59654278e-01,4.60728136e+00,7.31992116e-01,-5.10379561e-04,-1.39505160e-03,-5.52404269e-04,1.22093935e+01,3.63894142e-05
0.482962,3.11458321e+02,9.69281466e-01,4.49134464e+00,6.93273334e-01,-2.81211979e-04,-1.50362708e-03,-6.70746511e-04,1.22833463e+01,3.88018723e-05
0.483509,3.09818732e+02,9.70547172e-01,4.45986897e+00,6.78629044e-01,-1.84928270e-04,-1.56737458e-03,-7.13654901e-04,1.23536642e+01,4.13788634e-05
0.484056,3.08146614e+02,1.02649675e+00,4.24960755e+00,6.95199965e-01,4.68156420e-04,-1.84940614e-03,-2.34196459e-04,1.24248136e+01,4.40741052e-05
0.484602,3.06442435e+02,1.03066936e+00,4.26764612e+00,6.74929703e-01,5.04083760e-04,-1.85895673e-03,-4.44921701e-04,1.24848984e+01,4.69548774e-05
0.485149,3.04706700e+02,1.03234762e+00,4.21201346e+00,6.19167236e-01,5.74291360e-04,-1.87691928e-03,-8.09270029e-04,1.25510213e+01,4.99692894e-05
0.485696,3.02939955e+02,1.05029429e+00,4.10405928e+00,5.85577694e-01,8.10137673e-04,-1.97511362e-03,-8.83248909e-04,1.26154770e+01,5.31455419e-05
0.486243,3.01142781e+02,1.07506322e+00,3.98764925e+00,5.58834023e-01,1.09214964e-03,-2.09048003e-03,-8.86776812e-04,1.26776389e+01,5.64188531e-05
0.486790,2.99315796e+02,1.08145770e+00,4.06945602e+00,5.89639412e-01,1.06758268e-03,-2.10843661e-03,-7.18179827e-04,1.27374790e+01,5.97967091e-05
0.487337,2.97459651e+02,1.09947489e+00,4.01617242e+00,5.71742804e-01,1.24184216e-03,-2.17604305e-03,-7.61780050e-04,1.28028290e+01,6.31297039e-05
0.487884,2.95575035e+02,1.12358661e+00,3.94465503e+00,5.55986492e-01,1.46764479e-03,-2.26327553e-03,-7.56911161e-04,1.28652104e+01,6.66610902e-05
0.488431,2.93662669e+02,1.13971714e+00,3.96199680e+00,5.79117282e-01,1.54677789e-03,-2.31690964e-03,-5.66025973e-04,1.29244319e+01,7.02867099e-05
0.488978,2.91723307e+02,1.15908783e+00,3.91971764e+00,5.67554161e-01,1.69575564e-03,-2.37387877e-03,-5.89773383e-04,1.29849844e+01,7.39096360e-05
0.489525,2.89757737e+02,1.17293478e+00,3.93794514e+00,5.87739886e-01,1.74303320e-03,-2.41192815e-03,-4.37942362e-04,1.30430021e+01,7.76635499e-05
0.490072,2.87766780e+02,1.20422560e+00,3.84858358e+00,5.57259413e-01,2.01864623e-03,-2.49494474e-03,-5.62690215e-04,1.31014869e+01,8.14240381e-05
0.490619,2.85751287e+02,1.22376424e+00,3.87701245e+00,5.85538983e-01,2.08211626e-03,-2.53555535e-03,-3.62633724e-04,1.31536657e+01,8.53685493e-05
0.491166,2.83712137e+02,1.24031263e+00,3.85839122e+00,5.78401131e-01,2.15803211e-03,-2.56164509e-03,-4.04061020e-04,1.32076796e+01,8.92535203e-05
0.491713,2.81650243e+02,1.26226270e+00,3.75386847e+00,5.22411207e-01,2.34651517e-03,-2.60490222e-03,-7.19265876e-04,1.32598669e+01,9.32251834e-05
0.492260,2.79566545e+02,1.30517917e+00,3.63216114e+00,5.03498430e-01,2.70602237e-03,-2.73650340e-03,-6.79656079e-04,1.33041033e+01,9.73182934e-05
0.492807,2.77462012e+02,1.33474621e+00,3.57332533e+00,4.98512264e-01,2.87414551e-03,-2.80344178e-03,-6.20341230e-04,1.33434549e+01,1.01486838e-04
0.493354,2.75337637e+02,1.35936578e+00,3.58430441e+00,5.10673271e-01,2.93139057e-03,-2.82378077e-03,-5.25878135e-04,1.33837972e+01,1.05621501e-04
0.493901,2.73194440e+02,1.39599545e+00,3.45938846e+00,4.79531174e-01,3.20315536e-03,-2.92223564e-03,-6.04592023e-04,1.34269664e+01,1.09745690e-04
0.494448,2.71033467e+02,1.42955897e+00,3.27917443e+00,4.30295929e-01,3.47707060e-03,-3.02966490e-03,-7.44552412e-04,1.34631071e+01,1.14005218e-04
0.494995,2.68855793e+02,1.44205581e+00,3.35978984e+00,4.22062011e-01,3.32610665e-03,-2.92946342e-03,-9.05467288e-04,1.34918188e+01,1.18298008e-04
0.495542,2.66662513e+02,1.46853553e+00,3.26941763e+00,3.88449363e-01,3.45928034e-03,-2.97225185e-03,-1.01926814e-03,1.35276615e+01,1.22438178e-04
0.496089,2.64454748e+02,1.52288089e+00,3.40556461e+00,4.62948810e-01,3.59680663e-03,-3.01378351e-03,-5.61623995e-04,1.35593357e+01,1.26707208e-04
0.496635,2.62233629e+02,1.56399705e+00,3.25249602e+00,4.16184626e-01,3.88951024e-03,-3.13086594e-03,-7.39511475e-04,1.35966887e+01,1.30969024e-04
0.497182,2.60000310e+02,1.59831009e+00,3.34210435e+00,4.46927916e-01,3.86966642e-03,-3.08859194e-03,-5.92302660e-04,1.36215426e+01,1.35344932e-04
0.497729,2.57755971e+02,1.62998489e+00,3.32227099e+00,4.45371491e-01,3.93781987e-03,-3.09992786e-03,-5.72313495e-04,1.36540685e+01,1.39569855e-04
0.498276,2.55501804e+02,1.66557613e+00,3.16221261e+00,4.04357094e-01,4.17306252e-03,-3.21116292e-03,-6.88745818e-04,1.36842720e+01,1.43835603e-04
0.498823,2.53239033e+02,1.68704413e+00,3.03679481e+00,3.52541557e-01,4.24128560e-03,-3.22632431e-03,-9.27154575e-04,1.37017773e+01,1.48177561e-04
0.499370,2.50968905e+02,1.71421526e+00,2.95339149e+00,3.23309288e-01,4.30738523e-03,-3.24022510e-03,-1.01628627e-03,1.37137479e+01,1.52429726e-04
0.499917,2.48692684e+02,1.75623821e+00,2.85075921e+00,3.14329523e-01,4.50607462e-03,-3.34468906e-03,-9.10990585e-04,1.37253254e+01,1.56660227e-04
0.500464,2.46411646e+02,1.79464363e+00,3.04456030e+00,3.22572303e-01,4.34576965e-03,-3.13629243e-03,-1.07956358e-03,1.37326998e+01,1.60934596e-04
0.501011,2.44127065e+02,1.84644892e+00,2.89657808e+00,3.11982259e-01,4.67220571e-03,-3.34418296e-03,-9.28684132e-04,1.37519989e+01,1.65054505e-04
0.501558,2.41840232e+02,1.86595815e+00,2.63615513e+00,2.54593074e-01,4.83913757e-03,-3.48631220e-03,-1.01533096e-03,1.37529882e+01,1.69351581e-04
0.502105,2.39552486e+02,1.92269970e+00,2.79499172e+00,2.75391922e-01,4.81934064e-03,-3.35359379e-03,-1.02361972e-03,1.37382620e+01,1.73500465e-04
0.502652,2.37265152e+02,1.98631434e+00,2.87040137e+00,3.24354263e-01,4.94314109e-03,-3.37268849e-03,-6.81323961e-04,1.37408224e+01,1.77610855e-04
0.503199,2.34979540e+02,2.02491314e+00,2.86858155e+00,2.85342757e-01,4.95340842e-03,-3.30547053e-03,-1.00079854e-03,1.37436421e+01,1.81742415e-04
0.503746,2.32696981e+02,2.08305989e+00,2.82418942e+00,3.13136795e-01,5.16147701e-03,-3.43299397e-03,-6.74114066e-04,1.37363509e+01,1.85775293e-04
0.504293,2.30418828e+02,2.11027513e+00,2.71686961e+00,2.55459727e-01,5.19019502e-03,-3.42630616e-03,-1.00653147e-03,1.37175343e+01,1.89851654e-04
0.504840,2.28146453e+02,2.17878596e+00,2.82221891e+00,2.83673625e-01,5.27362649e-03,-3.36797026e-03,-8.74881528e-04,1.36841721e+01,1.93769079e-04
0.505387,2.25881218e+02,2.26025037e+00,3.04222901e+00,3.21120574e-01,5.30257824e-03,-3.19328363e-03,-8.31507530e-04,1.36591555e+01,1.97752928e-04
0.505934,2.23624450e+02,2.30382713e+00,2.96963506e+00,3.22682931e-01,5.40565996e-03,-3.26127816e-03,-6.95708196e-04,1.36433115e+01,2.01730038e-04
0.506481,2.21377497e+02,2.24769507e+00,2.36296826e+00,2.02713857e-01,5.43565242e-03,-3.60498624e-03,-8.70990757e-04,1.36050746e+01,2.05557722e-04
0.507028,2.19141821e+02,2.28744834e+00,2.31085606e+00,1.81736961e-01,5.46934378e-03,-3.56635727e-03,-9.47736348e-04,1.35003747e+01,2.08956328e-04
0.507575,2.16918882e+02,2.32548821e+00,2.25259522e+00,1.57634274e-01,5.48753499e-03,-3.53773550e-03,-1.03705140e-03,1.34092473e+01,2.12632205e-04
0.508122,2.14710070e+02,2.41998637e+00,2.45369621e+00,1.79289469e-01,5.57121000e-03,-3.36459116e-03,-1.08351231e-03,1.33177971e+01,2.16248025e-04
0.508668,2.12516735e+02,2.49368413e+00,2.55910609e+00,1.79556909e-01,5.61966027e-03,-3.23398820e-03,-1.17307026e-03,1.32402662e+01,2.20070237e-04
0.509215,2.10340198e+02,2.42229695e+00,2.03959607e+00,6.55416799e-02,5.47655090e-03,-3.46345059e-03,-1.38193590e-03,1.31559599e+01,2.23765579e-04
0.509762,2.08181888e+02,2.47113310e+00,1.92165813e+00,1.01580524e-01,5.65305024e-03,-3.66649016e-03,-8.54104778e-04,1.30035380e+01,2.26694569e-04
0.510309,2.06043266e+02,2.49732254e+00,1.80085271e+00,7.45606013e-02,5.65060992e-03,-3.68305428e-03,-9.00942036e-04,1.28362313e+01,2.30135701e-04
0.510856,2.03925725e+02,2.70217676e+00,2.33017976e+00,1.55194970e-01,5.96838712e-03,-3.36660864e-03,-8.96497950e-04,1.26678882e+01,2.33420063e-04
0.511403,2.01830528e+02,2.90524879e+00,2.81171727e+00,2.57920251e-01,6.29803142e-03,-3.11672407e-03,-6.28863866e-04,1.25427692e+01,2.37662206e-04
0.511950,1.99758812e+02,2.86006382e+00,2.44385695e+00,1.66039076e-01,6.13958850e-03,-3.28458298e-03,-9.23627024e-04,1.24281298e+01,2.41904134e-04
0.512497,1.97711865e+02,2.95358001e+00,2.55758236e+00,1.56977953e-01,6.23935618e-03,-3.11596159e-03,-1.10879973e-03,1.22291101e+01,2.44634655e-04
0.513044,1.95691027e+02,2.80647381e+00,1.87751664e+00,5.62498335e-02,5.89822171e-03,-3.48179745e-03,-1.02088266e-03,1.20323997e+01,2.48184763e-04
0.513591,1.93697683e+02,2.86369204e+00,1.86185516e+00,3.84274971e-02,5.94826721e-03,-3.40639260e-03,-1.10785766e-03,1.17540064e+01,2.50118242e-04
0.514138,1.91733231e+02,2.94774151e+00,1.91455602e+00,3.96756640e-02,6.04797393e-03,-3.33964513e-03,-1.11367651e-03,1.14978733e+01,2.53333992e-04
0.514685,1.89798888e+02,3.11633690e+00,2.20457955e+00,6.43048626e-02,6.31252376e-03,-3.12942278e-03,-1.22620952e-03,1.12509556e+01,2.56687675e-04
0.515232,1.87895782e+02,3.48745075e+00,3.04060087e+00,1.50507610e-01,6.98166055e-03,-2.58339310e-03,-1.49615376e-03,1.10219037e+01,2.60609723e-04
0.515779,1.86024822e+02,3.55855686e+00,3.00537933e+00,1.58238130e-01,7.06544071e-03,-2.68265606e-03,-1.29542386e-03,1.08390568e+01,2.66017022e-04
0.516326,1.84186959e+02,3.34897639e+00,2.27661164e+00,5.78290989e-02,6.53037155e-03,-3.04009929e-03,-1.14997954e-03,1.05968000e+01,2.69154794e-04
0.516873,1.82383485e+02,3.54389018e+00,2.56383130e+00,9.27586428e-02,6.89578249e-03,-2.84665484e-03,-1.15381249e-03,1.02624275e+01,2.70184237e-04
0.517420,1.80615578e+02,3.50784892e+00,2.29602532e+00,5.11709004e-02,6.71096095e-03,-2.95203726e-03,-1.10846852e-03,9.98138287e+00,2.74200227e-04
0.517967,1.78884266e+02,3.47820582e+00,2.04424199e+00,3.23251561e-02,6.56962511e-03,-3.05316335e-03,-8.91131093e-04,9.67330663e+00,2.76428982e-04
0.518514,1.77190674e+02,3.73847007e+00,2.44357450e+00,7.39104423e-02,7.05719531e-03,-2.81499724e-03,-9.94485369e-04,9.35631566e+00,2.78641450e-04
0.519061,1.75535708e+02,3.95595014e+00,2.72710131e+00,1.12564536e-01,7.43106314e-03,-2.66159665e-03,-9.59068464e-04,9.08985254e+00,2.83082411e-04
0.519608,1.73920081e+02,3.93287555e+00,2.51151913e+00,6.04303218e-02,7.24275794e-03,-2.70773946e-03,-1.09471252e-03,8.83607611e+00,2.87153348e-04
0.520155,1.72344626e+02,3.94903704e+00,2.37247263e+00,3.96165522e-02,7.17754637e-03,-2.73014409e-03,-1.03877969e-03,8.54700419e+00,2.89248657e-04
0.520702,1.70810247e+02,4.18030156e+00,2.65472210e+00,6.05147630e-02,7.58232400e-03,-2.53544547e-03,-1.14069656e-03,8.25517797e+00,2.91579196e-04
0.521248,1.69317649e+02,4.24940522e+00,2.61430373e+00,5.24977393e-02,7.61226222e-03,-2.53399613e-03,-1.09058199e-03,7.99902855e+00,2.95621169e-04
0.521795,1.67867451e+02,3.88443289e+00,1.80747883e+00,-8.38779244e-02,6.64756363e-03,-2.81436636e-03,-1.24669889e-03,7.73577412e+00,2.98223876e-04
0.522342,1.66460557e+02,4.36795710e+00,2.49600575e+00,-5.19544760e-03,7.65677133e-03,-2.46085032e-03,-1.29817008e-03,7.41251253e+00,2.97190790e-04
0.522889,1.65097581e+02,4.28244733e+00,2.18051379e+00,-2.29074354e-02,7.33925047e-03,-2.66815764e-03,-1.00000481e-03,7.18854539e+00,3.03078411e-04
0.523436,1.63778926e+02,4.20869444e+00,1.90952666e+00,-5.60160284e-02,7.06523311e-03,-2.72829710e-03,-9.13775189e-04,6.93147118e+00,3.04048234e-04
0.523983,1.62505238e+02,4.57977112e+00,2.35754323e+00,-2.61658283e-02,7.76510668e-03,-2.45911608e-03,-1.11675498e-03,6.67564044e+00,3.05099376e-04
0.524530,1.61276847e+02,4.50381386e+00,2.09131984e+00,-6.40013871e-02,7.44805899e-03,-2.56705993e-03,-1.07305525e-03,6.47535859e+00,3.09775641e-04
0.525077,1.60094017e+02,4.54762684e+00,2.01707395e+00,-8.49788307e-02,7.42242625e-03,-2.52876560e-03,-1.10234599e-03,6.25176872e+00,3.10501727e-04
0.525624,1.58957128e+02,4.76482667e+00,2.19602392e+00,-8.26736550e-02,7.76334523e-03,-2.37921873e-03,-1.20523092e-03,6.04058483e+00,3.12140296e-04
0.526171,1.57866332e+02,4.62679545e+00,1.87436243e+00,-1.52778323e-01,7.29962411e-03,-2.43892446e-03,-1.38369841e-03,5.85698425e+00,3.15089989e-04
0.526718,1.56821808e+02,4.84011543e+00,2.02517285e+00,-1.29623326e-01,7.66309169e-03,-2.35309531e-03,-1.24013274e-03,5.65448633e+00,3.14888946e-04
0.527265,1.55823677e+02,4.84976203e+00,1.91466071e+00,-1.75668739e-01,7.52245830e-03,-2.32560304e-03,-1.43991936e-03,5.48385227e+00,3.17388887e-04
0.527812,1.54871915e+02,5.08947707e+00,2.08832241e+00,-1.56399321e-01,7.91921909e-03,-2.22085675e-03,-1.34025536e-03,5.31244814e+00,3.18048193e-04
0.528359,1.53966421e+02,5.12465987e+00,2.00342971e+00,-1.74159873e-01,7.84879093e-03,-2.21930188e-03,-1.30822573e-03,5.16568936e+00,3.20354661e-04
0.528906,1.53107017e+02,4.91024473e+00,1.62404669e+00,-2.28400867e-01,7.25886749e-03,-2.32167965e-03,-1.30402726e-03,5.01649690e+00,3.20733525e-04
0.529453,1.52293682e+02,5.13183374e+00,1.75970082e+00,-2.10097737e-01,7.62645228e-03,-2.22114750e-03,-1.17522463e-03,4.85264986e+00,3.18857289e-04
0.530000,1.51526239e+02,5.26357019e+00,1.79317517e+00,-2.22040007e-01,7.75379002e-03,-2.15321990e-03,-1.22385960e-03,4.72243453e+00,3.20308667e-04
0.530547,1.50804283e+02,5.61730119e+00,2.06748614e+00,-2.13447128e-01,8.34171162e-03,-1.96254025e-03,-1.30967674e-03,4.60220624e+00,3.20777094e-04
0.531094,1.50127289e+02,5.26872146e+00,1.57633625e+00,-2.65432130e-01,7.47122882e-03,-2.17820549e-03,-1.21228633e-03,4.50442052e+00,3.22740500e-04
0.531641,1.49494898e+02,4.81997423e+00,1.01040443e+00,-3.22694503e-01,6.45659880e-03,-2.30739270e-03,-1.10542805e-03,4.37001451e+00,3.18696241e-04
0.532188,1.48907056e+02,5.08964423e+00,1.18850180e+00,-3.45951072e-01,6.89095366e-03,-2.12561904e-03,-1.38344302e-03,4.22571208e+00,3.13858572e-04
0.532735,1.48363359e+02,5.08030724e+00,1.07228397e+00,-3.41015757e-01,6.75996678e-03,-2.19668998e-03,-1.12509828e-03,4.12717240e+00,3.14384560e-04
0.533281,1.47863161e+02,5.25493969e+00,1.14444106e+00,-3.59175800e-01,6.98010121e-03,-2.09066279e-03,-1.25682978e-03,4.03053833e+00,3.12329847e-04
0.533828,1.47405813e+02,5.47830159e+00,1.25282663e+00,-3.58696521e-01,7.29580017e-03,-1.99490872e-03,-1.23240504e-03,3.94983891e+00,3.11466542e-04
0.534375,1.46990517e+02,5.53545256e+00,1.21250371e+00,-3.84652478e-01,7.26333354e-03,-1.94633018e-03,-1.32705254e-03,3.88044447e+00,3.10599499e-04
0.534922,1.46616486e+02,5.53705198e+00,1.11192237e+00,-3.69384592e-01,7.17197640e-03,-1.99295318e-03,-9.99473266e-04,3.80901143e+00,3.08165694e-04
0.535469,1.46282989e+02,5.49025287e+00,9.88781862e-01,-4.10849392e-01,6.94140131e-03,-1.96676445e-03,-1.19830029e-03,3.73608647e+00,3.04920535e-04
0.536016,1.45989301e+02,5.54142613e+00,9.43702705e-01,-4.21279236e-01,6.93042664e-03,-1.92660332e-03,-1.15238330e-03,3.66406906e+00,3.01132859e-04
0.536563,1.45734638e+02,5.67307490e+00,9.67207126e-01,-4.45864527e-01,7.05023164e-03,-1.83342985e-03,-1.28475667e-03,3.60102122e+00,2.97739901e-04
0.537110,1.45518114e+02,5.46795403e+00,7.25869370e-01,-4.55272718e-01,6.55671045e-03,-1.91887538e-03,-1.10101416e-03,3.54748821e+00,2.94623669e-04
0.537657,1.45338916e+02,5.35296802e+00,5.68795080e-01,-4.86242226e-01,6.23590126e-03,-1.89213407e-03,-1.18549723e-03,3.48358776e+00,2.88847362e-04
0.538204,1.45196290e+02,5.35514666e+00,5.06360287e-01,-5.31071536e-01,6.11780801e-03,-1.80058677e-03,-1.44171913e-03,3.42428457e+00,2.83551396e-04
0.538751,1.45089376e+02,5.25415743e+00,3.58201948e-01,-5.23428052e-01,5.85598997e-03,-1.87075250e-03,-1.16151505e-03,3.37435329e+00,2.78827305e-04
0.539298,1.45017294e+02,4.98621992e+00,1.10702661e-01,-5.27616453e-01,5.29605031e-03,-1.92355192e-03,-9.72061635e-04,3.32464385e+00,2.73031267e-04
0.539845,1.44979234e+02,5.00962014e+00,6.60724890e-02,-5.53789567e-01,5.24942547e-03,-1.86068046e-03,-1.09631527e-03,3.27164193e+00,2.66087258e-04
0.540392,1.44974327e+02,5.08161019e+00,4.24023791e-02,-5.36679936e-01,5.31664435e-03,-1.86459149e-03,-8.26133924e-04,3.23200209e+00,2.60776158e-04
0.540939,1.45001584e+02,5.13183726e+00,2.08016934e-02,-5.94020850e-01,5.26656822e-03,-1.79042519e-03,-1.25698926e-03,3.20013368e+00,2.55427815e-04
0.541486,1.45060005e+02,5.18440075e+00,-1.17719662e-02,-5.92442577e-01,5.28395300e-03,-1.79066389e-03,-1.10696185e-03,3.17105478e+00,2.49803955e-04
0.542033,1.45148597e+02,5.02917255e+00,-1.57999393e-01,-5.99840684e-01,4.93150769e-03,-1.81835651e-03,-1.02768260e-03,3.14589556e+00,2.43885387e-04
0.542580,1.45266423e+02,4.91441771e+00,-2.76831536e-01,-6.00304073e-01,4.67214298e-03,-1.82494175e-03,-9.03878431e-04,3.11627144e+00,2.36658831e-04
0.543127,1.45412591e+02,4.89977836e+00,-3.34787558e-01,-6.17861574e-01,4.56916323e-03,-1.78698907e-03,-9.60496596e-04,3.08882436e+00,2.29538012e-04
0.543674,1.45586169e+02,4.86932439e+00,-4.05807579e-01,-6.05312020e-01,4.46606260e-03,-1.80340141e-03,-7.38843134e-04,3.06752225e+00,2.22844549e-04
0.544221,1.45786206e+02,4.60451726e+00,-5.82948804e-01,-6.24045655e-01,3.93470777e-03,-1.83263892e-03,-8.24093575e-04,3.04902434e+00,2.15870663e-04
0.544768,1.46011823e+02,4.43839618e+00,-7.07840891e-01,-6.25551231e-01,3.61034800e-03,-1.83657804e-03,-7.50311151e-04,3.02484236e+00,2.07683938e-04
0.545315,1.46262172e+02,4.68134694e+00,-6.39660685e-01,-6.42243664e-01,3.95425268e-03,-1.75077990e-03,-8.08147515e-04,3.00455321e+00,1.99950280e-04
0.545861,1.46536296e+02,4.83141586e+00,-6.19855468e-01,-6.36658485e-01,4.14617163e-03,-1.71724821e-03,-6.59335823e-04,3.00032716e+00,1.94070068e-04
0.546408,1.46833177e+02,5.09559152e+00,-5.41328409e-01,-6.89712791e-01,4.46634243e-03,-1.57431287e-03,-1.04166743e-03,2.99979781e+00,1.87586114e-04
0.546955,1.47151818e+02,5.13451104e+00,-5.70093381e-01,-6.93858217e-01,4.45472115e-03,-1.56828449e-03,-9.67348432e-04,3.00493560e+00,1.81602243e-04
0.547502,1.47491264e+02,4.93022497e+00,-6.91420194e-01,-7.11496658e-01,4.03632042e-03,-1.59023760e-03,-1.06591409e-03,3.00647242e+00,1.74417693e-04
0.548049,1.47850680e+02,4.78404375e+00,-7.90379873e-01,-7.01355551e-01,3.76055603e-03,-1.62127661e-03,-8.98150540e-04,2.99978554e+00,1.66228037e-04
0.548596,1.48229279e+02,4.87095213e+00,-7.93176535e-01,-7.30036221e-01,3.82420975e-03,-1.55379618e-03,-1.05226084e-03,2.99378979e+00,1.58295287e-04
0.549143,1.48626230e+02,4.71424002e+00,-8.84545021e-01,-7.41701105e-01,3.50395218e-03,-1.56571191e-03,-1.09479939e-03,2.99671422e+00,1.51394942e-04
0.549690,1.49040720e+02,4.76476180e+00,-9.08018810e-01,-7.31298124e-01,3.55214792e-03,-1.56921477e-03,-8.83645277e-04,2.99628867e+00,1.43571190e-04
0.550237,1.49471962e+02,4.67517293e+00,-9.73945737e-01,-7.27816760e-01,3.36060441e-03,-1.58346370e-03,-7.97517715e-04,3.00207431e+00,1.36525777e-04
0.550784,1.49919173e+02,4.50011987e+00,-1.06460353e+00,-7.18633649e-01,3.04505134e-03,-1.61624879e-03,-6.97191375e-04,3.00717291e+00,1.29092195e-04
0.551331,1.50381621e+02,4.50807895e+00,-1.09228612e+00,-7.39881113e-01,2.99386336e-03,-1.57442355e-03,-8.21508125e-04,3.01054421e+00,1.21493764e-04
0.551878,1.50858577e+02,4.40655790e+00,-1.15808895e+00,-7.22517232e-01,2.80480855e-03,-1.61979526e-03,-6.25986975e-04,3.02003318e+00,1.14701992e-04
0.552425,1.51349315e+02,4.34686487e+00,-1.20562207e+00,-7.25619515e-01,2.66589960e-03,-1.61512205e-03,-6.21166610e-04,3.02916336e+00,1.07619287e-04
0.552972,1.51853135e+02,4.26102473e+00,-1.25562299e+00,-7.43728128e-01,2.46944423e-03,-1.59918184e-03,-7.62784711e-04,3.04084207e+00,1.00913047e-04
0.553519,1.52369352e+02,4.44731711e+00,-1.24298384e+00,-7.36649820e-01,2.72975219e-03,-1.57839762e-03,-5.46947179e-04,3.05355189e+00,9.43803190e-05
0.554066,1.52897265e+02,4.39359633e+00,-1.28378612e+00,-7.56192338e-01,2.56784479e-03,-1.57743711e-03,-7.00272887e-04,3.07511109e+00,8.87017647e-05
0.554613,1.53436188e+02,4.37543704e+00,-1.31225480e+00,-7.80216564e-01,2.47352038e-03,-1.53573518e-03,-8.61404391e-04,3.09402719e+00,8.27091810e-05
0.555160,1.53985476e+02,4.29343949e+00,-1.35851366e+00,-7.81771169e-01,2.30177648e-03,-1.55323597e-03,-8.38737775e-04,3.11434591e+00,7.71414420e-05
0.555707,1.54544504e+02,4.10429529e+00,-1.43367209e+00,-7.39580443e-01,2.01063710e-03,-1.66261758e-03,-4.84864315e-04,3.13421020e+00,7.17054203e-05
0.556254,1.55112681e+02,4.11988680e+00,-1.45483825e+00,-7.70518370e-01,1.95801473e-03,-1.62751488e-03,-7.12585386e-04,3.15095473e+00,6.63514054e-05
0.556801,1.55689418e+02,4.08749912e+00,-1.48451839e+00,-7.86804729e-01,1.85368209e-03,-1.60549016e-03,-8.11284011e-04,3.17404413e+00,6.20576760e-05
0.557348,1.56274123e+02,4.02338243e+00,-1.51514494e+00,-8.17699095e-01,1.68927399e-03,-1.56196415e-03,-1.05181406e-03,3.19932915e+00,5.81563149e-05
0.557894,1.56866224e+02,4.08277872e+00,-1.53090568e+00,-8.26064936e-01,1.74052910e-03,-1.54535974e-03,-9.94009434e-04,3.22535199e+00,5.48341476e-05
0.558441,1.57465156e+02,3.91887677e+00,-1.59449376e+00,-7.70016451e-01,1.50081936e-03,-1.70154283e-03,-5.05850935e-04,3.25607139e+00,5.21735093e-05
0.558988,1.58070377e+02,4.10934522e+00,-1.58906383e+00,-8.17662763e-01,1.69592400e-03,-1.62085177e-03,-7.66294386e-04,3.28134670e+00,4.98019067e-05
0.559535,1.58681350e+02,4.22489962e+00,-1.59804308e+00,-8.18819667e-01,1.83808997e-03,-1.58462695e-03,-6.31011313e-04,3.31669297e+00,4.86735043e-05
0.560082,1.59297529e+02,4.11472378e+00,-1.63985346e+00,-8.14646434e-01,1.61402456e-03,-1.65003491e-03,-6.14290928e-04,3.35498934e+00,4.79994041e-05
0.560629,1.59918402e+02,3.95795500e+00,-1.68460548e+00,-8.08070532e-01,1.33220513e-03,-1.71035505e-03,-6.10483530e-04,3.38846264e+00,4.79702936e-05
0.561176,1.60543489e+02,4.23335489e+00,-1.67467115e+00,-8.43580980e-01,1.68765265e-03,-1.58484035e-03,-6.75649249e-04,3.41979716e+00,4.86331248e-05
0.561723,1.61172296e+02,4.05052239e+00,-1.72728860e+00,-8.17799827e-01,1.35477467e-03,-1.74612383e-03,-5.18685309e-04,3.46328332e+00,4.97808687e-05
0.562270,1.61804343e+02,4.03018343e+00,-1.75060756e+00,-8.40360238e-01,1.25428809e-03,-1.72488049e-03,-6.89268843e-04,3.49837296e+00,5.15096805e-05
0.562817,1.62439179e+02,3.94107001e+00,-1.78169719e+00,-8.44802780e-01,1.06757221e-03,-1.75257983e-03,-7.33274607e-04,3.53684973e+00,5.36325355e-05
0.563364,1.63076357e+02,4.14416352e+00,-1.78982207e+00,-8.54502545e-01,1.34278200e-03,-1.67970252e-03,-5.94110294e-04,3.57552627e+00,5.60809548e-05
0.563911,1.63715427e+02,3.95113347e+00,-1.83593910e+00,-8.35663472e-01,9.80446065e-04,-1.84295091e-03,-5.26257417e-04,3.62303581e+00,5.85138962e-05
0.564458,1.64355961e+02,4.10139661e+00,-1.84825143e+00,-8.56172796e-01,1.15989690e-03,-1.76151679e-03,-5.38486023e-04,3.66262733e+00,6.15050424e-05
0.565005,1.64997541e+02,4.01282756e+00,-1.88067662e+00,-8.48630821e-01,9.66629733e-04,-1.83894402e-03,-4.95041087e-04,3.71090440e+00,6.43083122e-05
0.565552,1.65639756e+02,3.87252525e+00,-1.91528971e+00,-8.32100739e-01,7.09086057e-04,-1.93317159e-03,-4.20020559e-04,3.75611874e+00,6.74323132e-05
0.566099,1.66282219e+02,3.78961165e+00,-1.94380263e+00,-8.27273828e-01,5.40222556e-04,-1.97354392e-03,-4.07476991e-04,3.79945187e+00,7.06604491e-05
0.566646,1.66924551e+02,3.98676542e+00,-1.95521742e+00,-8.67580290e-01,7.82643234e-04,-1.83146450e-03,-5.52658684e-04,3.84489465e+00,7.38744526e-05
0.567193,1.67566370e+02,3.96473454e+00,-1.97776092e+00,-8.81395958e-01,6.83160084e-04,-1.83620502e-03,-6.40966427e-04,3.89958784e+00,7.68610390e-05
0.567740,1.68207307e+02,3.92197950e+00,-2.00140284e+00,-8.91066876e-01,5.56889440e-04,-1.85663079e-03,-7.02966714e-04,3.95259595e+00,8.00706652e-05
0.568287,1.68847010e+02,3.69565237e+00,-2.04151153e+00,-8.51675740e-01,1.52492343e-04,-2.09083580e-03,-4.89007816e-04,4.00501884e+00,8.33003533e-05
0.568834,1.69485147e+02,3.87505711e+00,-2.06310659e+00,-8.84490383e-01,3.74383724e-04,-1.98350616e-03,-5.62439476e-04,4.05091683e+00,8.67241797e-05
0.569381,1.70121391e+02,3.83049817e+00,-2.09074575e+00,-8.81205809e-01,2.50783279e-04,-2.04300871e-03,-5.17168438e-04,4.10826112e+00,8.97520780e-05
0.569927,1.70755419e+02,3.91165170e+00,-2.11570190e+00,-8.72719497e-01,3.71700468e-04,-2.00786461e-03,-3.13807147e-04,4.16428811e+00,9.29691450e-05
0.570474,1.71386923e+02,3.95376304e+00,-2.13702091e+00,-8.87114898e-01,3.89224084e-04,-1.96334464e-03,-3.68728368e-04,4.22422195e+00,9.60262052e-05
0.571021,1.72015606e+02,3.83819753e+00,-2.16460870e+00,-8.96393625e-01,9.85854768e-05,-2.08214753e-03,-5.19448791e-04,4.28555988e+00,9.91259757e-05
0.571568,1.72641188e+02,3.65902925e+00,-2.19174689e+00,-8.76858204e-01,-2.43831025e-04,-2.24169905e-03,-4.65556776e-04,4.34228317e+00,1.02409832e-04
0.572115,1.73263407e+02,3.83926344e+00,-2.22540093e+00,-8.80698237e-01,2.99971734e-05,-2.16584840e-03,-2.66191077e-04,4.39625322e+00,1.05688221e-04
0.572662,1.73882006e+02,3.68961212e+00,-2.25869818e+00,-8.84415858e-01,-3.49115486e-04,-2.36782819e-03,-4.09671464e-04,4.46046918e+00,1.08660812e-04
0.573209,1.74496736e+02,3.72768441e+00,-2.28457379e+00,-9.00963764e-01,-3.25293023e-04,-2.32016236e-03,-4.66571471e-04,4.51849525e+00,1.11968360e-04
0.573756,1.75107368e+02,3.82160179e+00,-2.31797150e+00,-8.85751821e-01,-1.65214415e-04,-2.29562233e-03,-1.82525475e-04,4.58227305e+00,1.15014194e-04
0.574303,1.75713675e+02,3.94877657e+00,-2.33623873e+00,-9.28546685e-01,1.96897678e-05,-2.09527248e-03,-4.06815761e-04,4.64984333e+00,1.18013563e-04
0.574850,1.76315441e+02,3.88541526e+00,-2.35261262e+00,-9.71213285e-01,-1.96516983e-04,-2.09721067e-03,-7.99546890e-04,4.72093194e+00,1.20934390e-04
0.575397,1.76912468e+02,3.89156863e+00,-2.38530469e+00,-9.68117235e-01,-2.43483673e-04,-2.17036006e-03,-6.76117746e-04,4.78751751e+00,1.24044833e-04
0.575944,1.77504573e+02,3.91377866e+00,-2.40985537e+00,-9.77897062e-01,-2.37605203e-04,-2.14692390e-03,-6.68140709e-04,4.85587754e+00,1.27130998e-04
0.576491,1.78091579e+02,3.84701170e+00,-2.44570271e+00,-9.44249738e-01,-4.08082128e-04,-2.34060287e-03,-3.67138705e-04,4.92634220e+00,1.30144816e-04
0.577038,1.78673327e+02,3.82416927e+00,-2.47158397e+00,-9.48247761e-01,-4.94220598e-04,-2.36868555e-03,-3.82068553e-04,4.99406015e+00,1.33284784e-04
0.577585,1.79249664e+02,3.89650253e+00,-2.50172212e+00,-9.39224374e-01,-3.49327989e-04,-2.31117176e-03,-1.78703523e-04,5.06417470e+00,1.36323898e-04
0.578132,1.79820449e+02,3.88733378e+00,-2.52924167e+00,-9.58699960e-01,-4.51776202e-04,-2.33691860e-03,-3.28130227e-04,5.13843872e+00,1.39266505e-04
0.578679,1.80385551e+02,3.92516029e+00,-2.55603018e+00,-9.62357354e-01,-3.96411280e-04,-2.29463806e-03,-2.75942209e-04,5.21234202e+00,1.42297427e-04
0.579226,1.80944849e+02,3.84431336e+00,-2.58527770e+00,-9.68418490e-01,-6.60451930e-04,-2.44546460e-03,-3.72727894e-04,5.28855986e+00,1.45245814e-04
0.579773,1.81498238e+02,3.89426925e+00,-2.60291008e+00,-1.01369452e+00,-5.90401136e-04,-2.28175646e-03,-6.68503300e-04,5.36146978e+00,1.48330058e-04
0.580320,1.82045619e+02,3.80584474e+00,-2.60585013e+00,-1.04752911e+00,-7.82838377e-04,-2.23507622e-03,-9.95589225e-04,5.43819662e+00,1.51197270e-04
0.580867,1.82586908e+02,3.84021286e+00,-2.65886195e+00,-1.03391859e+00,-8.19813577e-04,-2.41197189e-03,-7.11906399e-04,5.51296806e+00,1.54105757e-04
0.581414,1.83122029e+02,3.85701234e+00,-2.69033124e+00,-1.01852957e+00,-7.79764719e-04,-2.43305304e-03,-4.79950151e-04,5.59055342e+00,1.57150605e-04
0.581961,1.83650907e+02,3.82317330e+00,-2.71734214e+00,-9.97249756e-01,-8.47345999e-04,-2.50523121e-03,-2.75340336e-04,5.67028831e+00,1.60056406e-04
0.582507,1.84173481e+02,3.78870847e+00,-2.74797544e+00,-1.02021007e+00,-1.02255895e-03,-2.57788396e-03,-4.65414605e-04,5.75011659e+00,1.62970208e-04
0.583054,1.84689703e+02,3.72545601e+00,-2.77897432e+00,-1.00673636e+00,-1.19898654e-03,-2.71478558e-03,-3.52379390e-04,5.82987615e+00,1.65902894e-04
0.583601,1.85199531e+02,3.90039832e+00,-2.82036546e+00,-1.02999802e+00,-8.03794079e-04,-2.48391359e-03,-3.02940079e-04,5.90953504e+00,1.68826644e-04
0.584148,1.85702927e+02,3.87297353e+00,-2.85228424e+00,-1.06973124e+00,-1.00716438e-03,-2.55281179e-03,-6.24420850e-04,5.99616611e+00,1.71545659e-04
0.584695,1.86199857e+02,3.95699070e+00,-2.90662574e+00,-1.05204952e+00,-8.70304017e-04,-2.60986607e-03,-2.81559454e-04,6.07995271e+00,1.74417441e-04
0.585242,1.86690299e+02,3.90839000e+00,-2.94371505e+00,-1.07462031e+00,-1.12802683e-03,-2.75405210e-03,-4.77392566e-04,6.16696260e+00,1.77257528e-04
0.585789,1.87174238e+02,3.81062616e+00,-2.96398180e+00,-1.08133812e+00,-1.39292707e-03,-2.86395709e-03,-5.83886214e-04,6.25149283e+00,1.80118880e-04
0.586336,1.87651676e+02,3.91631748e+00,-3.02113780e+00,-1.07441309e+00,-1.18290207e-03,-2.85385619e-03,-3.10148814e-04,6.33477114e+00,1.82893920e-04
0.586883,1.88122613e+02,3.92703953e+00,-3.04995604e+00,-1.05725043e+00,-1.10780317e-03,-2.83057079e-03,-1.07224489e-04,6.42446658e+00,1.85635569e-04
0.587430,1.88587050e+02,3.92371387e+00,-3.08501658e+00,-1.08331915e+00,-1.20427175e-03,-2.85400876e-03,-2.99424442e-04,6.51551781e+00,1.88288352e-04
0.587977,1.89045001e+02,3.89866250e+00,-3.11511661e+00,-1.09021409e+00,-1.29782003e-03,-2.89524015e-03,-3.35665012e-04,6.60664754e+00,1.90967890e-04
0.588524,1.89496488e+02,3.98291464e+00,-3.14589779e+00,-1.10175130e+00,-1.02766310e-03,-2.71675334e-03,-2.92209878e-04,6.69816020e+00,1.93607675e-04
0.589071,1.89941534e+02,3.98400392e+00,-3.18839076e+00,-1.08928442e+00,-1.08385814e-03,-2.82052338e-03,-1.25215314e-04,6.79346411e+00,1.96113904e-04
0.589618,1.90380165e+02,3.93031369e+00,-3.23004494e+00,-1.06584552e+00,-1.29983841e-03,-3.02651123e-03,6.09277158e-05,6.88888635e+00,1.98741533e-04
0.590165,1.90812422e+02,3.88168671e+00,-3.25984356e+00,-1.07929255e+00,-1.48448760e-03,-3.09612804e-03,-9.05804899e-05,6.98223446e+00,2.01380160e-04
0.590712,1.91238351e+02,3.94495490e+00,-3.29027383e+00,-1.11296554e+00,-1.29466675e-03,-2.91721135e-03,-2.78840294e-04,7.07611812e+00,2.03907023e-04
0.591259,1.91657999e+02,3.90834513e+00,-3.30938939e+00,-1.12908606e+00,-1.38236469e-03,-2.90352272e-03,-4.19292496e-04,7.17411171e+00,2.06297535e-04
0.591806,1.92071418e+02,3.87819060e+00,-3.35013722e+00,-1.12853725e+00,-1.53731325e-03,-3.03197652e-03,-3.73527918e-04,7.27216684e+00,2.08695373e-04
0.592353,1.92478668e+02,3.85456295e+00,-3.38055182e+00,-1.13461401e+00,-1.60692654e-03,-3.06073574e-03,-3.94146437e-04,7.37090346e+00,2.11166334e-04
0.592900,1.92879812e+02,3.87448941e+00,-3.41971103e+00,-1.13448210e+00,-1.54568762e-03,-3.05542563e-03,-3.03752898e-04,7.47130475e+00,2.13538420e-04
0.593447,1.93274913e+02,3.85207001e+00,-3.44426473e+00,-1.16078993e+00,-1.61510876e-03,-3.02798935e-03,-5.08308146e-04,7.57470166e+00,2.15883773e-04
0.593994,1.93664041e+02,3.83254073e+00,-3.47640371e+00,-1.16761995e+00,-1.67606868e-03,-3.06110889e-03,-5.14580755e-04,7.67782170e+00,2.18151513e-04
0.594540,1.94047269e+02,3.86148723e+00,-3.52461000e+00,-1.15915985e+00,-1.60667178e-03,-3.09808650e-03,-3.22265809e-04,7.78250723e+00,2.20424502e-04
0.595087,1.94424670e+02,3.86024805e+00,-3.55660575e+00,-1.16421939e+00,-1.59029074e-03,-3.08603467e-03,-3.14616998e-04,7.89008054e+00,2.22705884e-04
0.595634,1.94796318e+02,3.84419071e+00,-3.58514801e+00,-1.18021275e+00,-1.63441297e-03,-3.07833685e-03,-4.18367515e-04,7.99907562e+00,2.24892357e-04
0.596181,1.95162296e+02,3.89432414e+00,-3.63047383e+00,-1.17255028e+00,-1.45537199e-03,-3.04691891e-03,-2.22941855e-04,8.10847926e+00,2.27034725e-04
0.596728,1.95522683e+02,3.85347275e+00,-3.68056770e+00,-1.18404235e+00,-1.73935097e-03,-3.23516778e-03,-2.96160729e-04,8.22110037e+00,2.29183262e-04
0.597275,1.95877564e+02,3.86401244e+00,-3.71995857e+00,-1.18810001e+00,-1.69592131e-03,-3.23096519e-03,-2.59171033e-04,8.33128096e+00,2.31371609e-04
0.597822,1.96227030e+02,3.82540221e+00,-3.74286282e+00,-1.21022993e+00,-1.80214429e-03,-3.22569921e-03,-4.50307265e-04,8.44509071e+00,2.33438492e-04
0.598369,1.96571173e+02,3.87384612e+00,-3.79581118e+00,-1.21103528e+00,-1.66056136e-03,-3.21985766e-03,-3.15572576e-04,8.55825598e+00,2.35418028e-04
0.598916,1.96910084e+02,3.83880361e+00,-3.83354135e+00,-1.21875913e+00,-1.82008570e-03,-3.30979074e-03,-3.57552285e-04,8.67624006e+00,2.37454117e-04
0.599463,1.97243855e+02,3.76407658e+00,-3.85058002e+00,-1.23412653e+00,-2.03085796e-03,-3.35516635e-03,-5.25424072e-04,8.79351509e+00,2.39430350e-04
0.600010,1.97572594e+02,3.86503403e+00,-3.94482559e+00,-1.22249316e+00,-1.84870541e-03,-3.46060786e-03,-1.71723700e-04,8.90890602e+00,2.41294797e-04
0.600557,1.97896392e+02,3.88708012e+00,-3.97970288e+00,-1.23562908e+00,-1.71664444e-03,-3.37843246e-03,-2.22447586e-04,9.03117445e+00,2.43377739e-04
0.601104,1.98215336e+02,3.88036347e+00,-4.00876349e+00,-1.24525880e+00,-1.68443449e-03,-3.34397999e-03,-2.72449218e-04,9.15604463e+00,2.45195778e-04
0.601651,1.98529522e+02,3.78799846e+00,-4.03481535e+00,-1.27059783e+00,-2.07241661e-03,-3.47767606e-03,-5.36868150e-04,9.28194749e+00,2.46971236e-04
0.602198,1.98839062e+02,3.85804751e+00,-4.09508863e+00,-1.29317457e+00,-1.85045790e-03,-3.41378784e-03,-5.48779957e-04,9.40058167e+00,2.48722012e-04
0.602745,1.99144061e+02,3.88538388e+00,-4.14990728e+00,-1.29066443e+00,-1.77424383e-03,-3.45143052e-03,-3.99468782e-04,9.52842798e+00,2.50516355e-04
0.603292,1.99444609e+02,3.87592222e+00,-4.19187294e+00,-1.28817165e+00,-1.80090510e-03,-3.50233424e-03,-3.18387030e-04,9.65996408e+00,2.52284723e-04
0.603839,1.99740806e+02,3.89996496e+00,-4.23294119e+00,-1.29186158e+00,-1.65948434e-03,-3.46153655e-03,-2.66458122e-04,9.79267156e+00,2.53975983e-04
0.604386,2.00032752e+02,3.86913460e+00,-4.28538554e+00,-1.27920771e+00,-1.84949078e-03,-3.62834345e-03,-1.15812650e-04,9.92837684e+00,2.55615485e-04
0.604933,2.00320552e+02,3.89008461e+00,-4.33137929e+00,-1.29283556e+00,-1.75857473e-03,-3.59955526e-03,-1.62732433e-04,1.00626155e+01,2.57283946e-04
0.605480,2.00604311e+02,3.79893344e+00,-4.33969132e+00,-1.31999865e+00,-2.04287390e-03,-3.62600652e-03,-4.76224324e-04,1.02008357e+01,2.58862224e-04
0.606027,2.00884142e+02,3.82738685e+00,-4.40026471e+00,-1.32858305e+00,-1.97179879e-03,-3.65903864e-03,-4.16606505e-04,1.03316096e+01,2.60270856e-04
0.606574,2.01160156e+02,3.82563375e+00,-4.46025254e+00,-1.31840410e+00,-2.02971657e-03,-3.77512523e-03,-2.35667832e-04,1.04712986e+01,2.61838446e-04
0.607120,2.01432454e+02,3.85946061e+00,-4.52331424e+00,-1.30028898e+00,-1.89272782e-03,-3.82379862e-03,3.06593484e-05,1.06135789e+01,2.63382344e-04
0.607667,2.01701134e+02,3.85243294e+00,-4.57215271e+00,-1.34320308e+00,-1.99726160e-03,-3.82830831e-03,-2.99670865e-04,1.07601108e+01,2.64905946e-04
0.608214,2.01966294e+02,3.93307559e+00,-4.66726579e+00,-1.34113294e+00,-1.82015585e-03,-3.90686827e-03,-7.08513582e-05,1.09042884e+01,2.66291454e-04
0.608761,2.02228030e+02,3.88947716e+00,-4.69044664e+00,-1.38180339e+00,-1.95850906e-03,-3.87203671e-03,-4.45995629e-04,1.10561070e+01,2.67845585e-04
0.609308,2.02486438e+02,3.87383406e+00,-4.75742667e+00,-1.37376770e+00,-2.12053802e-03,-4.03838996e-03,-2.80981863e-04,1.12014491e+01,2.69070001e-04
0.609855,2.02741629e+02,4.01874093e+00,-4.87456283e+00,-1.39907128e+00,-1.72151989e-03,-4.02499306e-03,-2.02608224e-04,1.13502842e+01,2.70450408e-04
0.610402,2.02993685e+02,4.00397451e+00,-4.91523387e+00,-1.40568432e+00,-1.75042305e-03,-4.04497335e-03,-2.29524689e-04,1.15099267e+01,2.71964938e-04
0.610949,2.03242689e+02,3.88936281e+00,-4.93988119e+00,-1.39383367e+00,-2.22012322e-03,-4.23484757e-03,-2.05150215e-04,1.16696588e+01,2.73173114e-04
0.611496,2.03488758e+02,3.86359643e+00,-4.96447759e+00,-1.43054543e+00,-2.20790321e-03,-4.15383439e-03,-5.18781553e-04,1.18165662e+01,2.74277587e-04
0.612043,2.03732012e+02,3.97048549e+00,-5.08888229e+00,-1.44656144e+00,-2.00599004e-03,-4.25395090e-03,-3.61388332e-04,1.19684145e+01,2.75340120e-04
0.612590,2.03972533e+02,3.95544034e+00,-5.13759452e+00,-1.44727958e+00,-2.04007564e-03,-4.30162107e-03,-3.14357617e-04,1.21346567e+01,2.76744444e-04
0.613137,2.04210405e+02,3.96308577e+00,-5.17665709e+00,-1.48262358e+00,-1.92213760e-03,-4.21809261e-03,-5.60529561e-04,1.23017196e+01,2.77845314e-04
0.613684,2.04445721e+02,3.92347063e+00,-5.21124239e+00,-1.48737531e+00,-2.02470596e-03,-4.26298272e-03,-5.69683360e-04,1.24692124e+01,2.78865950e-04
0.614231,2.04678578e+02,3.90919224e+00,-5.24638560e+00,-1.50503508e+00,-1.98416126e-03,-4.23686147e-03,-6.68137635e-04,1.26371672e+01,2.79843002e-04
0.614778,2.04909076e+02,3.94930845e+00,-5.33994382e+00,-1.50510444e+00,-1.94461240e-03,-4.36020074e-03,-4.72101425e-04,1.28082735e+01,2.80794000e-04
0.615325,2.05137300e+02,3.91221549e+00,-5.38736147e+00,-1.47719396e+00,-2.05622383e-03,-4.48166295e-03,-1.95795645e-04,1.29855865e+01,2.81924101e-04
0.615872,2.05363339e+02,3.98765955e+00,-5.48628861e+00,-1.48778276e+00,-1.82022792e-03,-4.51958818e-03,-1.00371049e-04,1.31602245e+01,2.82864930e-04
0.616419,2.05587273e+02,3.95174125e+00,-5.52641902e+00,-1.46339916e+00,-1.89224675e-03,-4.59826962e-03,1.00968095e-04,1.33458852e+01,2.83957839e-04
0.616966,2.05809179e+02,3.91055011e+00,-5.56087548e+00,-1.47029150e+00,-1.99900161e-03,-4.62325296e-03,7.33669707e-06,1.35291327e+01,2.84803718e-04
0.617513,2.06029155e+02,3.83520594e+00,-5.55271429e+00,-1.49920359e+00,-2.08770170e-03,-4.52677091e-03,-3.57061171e-04,1.37105257e+01,2.85564438e-04
0.618060,2.06247301e+02,3.84192348e+00,-5.60936978e+00,-1.51375950e+00,-2.01313539e-03,-4.53605394e-03,-3.98677907e-04,1.38836877e+01,2.86137059e-04
0.618607,2.06463708e+02,3.92319379e+00,-5.74464049e+00,-1.51824899e+00,-1.91594921e-03,-4.70133716e-03,-1.70242569e-04,1.40688323e+01,2.86937371e-04
0.619153,2.06678439e+02,3.95650775e+00,-5.82406994e+00,-1.52680411e+00,-1.79779756e-03,-4.74038604e-03,-1.29097410e-04,1.42647039e+01,2.87978406e-04
0.619700,2.06891553e+02,3.97012757e+00,-5.87788470e+00,-1.56167941e+00,-1.69388864e-03,-4.69614969e-03,-3.70394270e-04,1.44653155e+01,2.88797466e-04
0.620247,2.07103115e+02,3.91067689e+00,-5.92541485e+00,-1.54202576e+00,-1.97384767e-03,-4.84459280e-03,-1.88332884e-04,1.46643324e+01,2.89475161e-04
0.620794,2.07313209e+02,3.91183478e+00,-5.98058664e+00,-1.57380334e+00,-1.92981239e-03,-4.82734566e-03,-4.06499375e-04,1.48534151e+01,2.90070837e-04
0.621341,2.07521917e+02,3.80929317e+00,-5.97319195e+00,-1.55353434e+00,-2.15436685e-03,-4.85701336e-03,-3.38965335e-04,1.50479824e+01,2.90680732e-04
0.621888,2.07729326e+02,3.92333872e+00,-6.12074905e+00,-1.61070020e+00,-1.89569024e-03,-4.91252625e-03,-5.26154249e-04,1.52359913e+01,2.91042359e-04
0.622435,2.07935500e+02,3.82291962e+00,-6.11573129e+00,-1.59727062e+00,-2.13810830e-03,-4.93744818e-03,-5.01019556e-04,1.54432417e+01,2.91922280e-04
0.622982,2.08140502e+02,3.72684887e+00,-6.12587015e+00,-1.54951413e+00,-2.37609487e-03,-5.04451873e-03,-1.60404627e-04,1.56386923e+01,2.92217202e-04
0.623529,2.08344432e+02,3.92151397e+00,-6.36578754e+00,-1.63994677e+00,-2.07906412e-03,-5.19663120e-03,-4.39871061e-04,1.58263072e+01,2.92559200e-04
0.624076,2.08547332e+02,3.96350109e+00,-6.47486044e+00,-1.64932406e+00,-1.99729063e-03,-5.29467885e-03,-3.32448323e-04,1.60428815e+01,2.93629093e-04
0.624623,2.08749217e+02,3.91074241e+00,-6.49145409e+00,-1.66906379e+00,-2.05810033e-03,-5.25330417e-03,-5.44056736e-04,1.62654632e+01,2.94253487e-04
0.625170,2.08950145e+02,4.02471288e+00,-6.66225327e+00,-1.70465410e+00,-1.82936843e-03,-5.39153126e-03,-5.02308446e-04,1.64775362e+01,2.94500144e-04
0.625717,2.09150159e+02,3.99712215e+00,-6.69884573e+00,-1.72165383e+00,-1.83076596e-03,-5.37570579e-03,-6.28886289e-04,1.67079792e+01,2.95278581e-04
0.626264,2.09349292e+02,3.84482513e+00,-6.67035029e+00,-1.66290638e+00,-2.27082906e-03,-5.47149892e-03,-2.87336530e-04,1.69318887e+01,2.95544960e-04
0.626811,2.09547633e+02,3.72940123e+00,-6.63329190e+00,-1.63787832e+00,-2.40192542e-03,-5.42540610e-03,-2.57471285e-04,1.71204385e+01,2.95513705e-04
0.627358,2.09745279e+02,3.76648463e+00,-6.74878605e+00,-1.65636664e+00,-2.32943579e-03,-5.52490151e-03,-2.41493603e-04,1.73168372e+01,2.95484371e-04
0.627905,2.09942290e+02,3.74447139e+00,-6.80617027e+00,-1.65712220e+00,-2.34494760e-03,-5.56665733e-03,-2.13256434e-04,1.75364734e+01,2.95939630e-04
0.628452,2.10138703e+02,4.05756545e+00,-7.18408521e+00,-1.77123725e+00,-1.78586069e-03,-5.85203994e-03,-4.04565643e-04,1.77600004e+01,2.96167348e-04
0.628999,2.10334501e+02,4.10923548e+00,-7.31277286e+00,-1.77589121e+00,-1.68019922e-03,-5.97278919e-03,-2.38081153e-04,1.80182915e+01,2.97462745e-04
0.629546,2.10529648e+02,3.99055533e+00,-7.28559019e+00,-1.75589495e+00,-1.95550373e-03,-5.95691024e-03,-2.44349181e-04,1.82767265e+01,2.97878072e-04
0.630093,2.10724197e+02,3.88844362e+00,-7.25054646e+00,-1.75530037e+00,-2.06356045e-03,-5.87234915e-03,-4.17334995e-04,1.85009055e+01,2.97664592e-04
0.630640,2.10918228e+02,3.94766675e+00,-7.39468652e+00,-1.78507720e+00,-1.95933568e-03,-5.99499472e-03,-4.32320761e-04,1.87140448e+01,2.97439354e-04
0.631186,2.11111780e+02,3.92736812e+00,-7.44757583e+00,-1.79952507e+00,-1.94947221e-03,-6.00479958e-03,-5.20502989e-04,1.89503423e+01,2.97799101e-04
0.631733,2.11304876e+02,3.94577210e+00,-7.56045994e+00,-1.80114192e+00,-1.94987385e-03,-6.13413022e-03,-3.67795395e-04,1.91864750e+01,2.97823510e-04
0.632280,2.11497542e+02,3.89035416e+00,-7.58337921e+00,-1.79224724e+00,-2.01841839e-03,-6.14266115e-03,-3.37353067e-04,1.94276262e+01,2.98013356e-04
0.632827,2.11689814e+02,3.61689652e+00,-7.35777625e+00,-1.71697675e+00,-2.38308500e-03,-5.90827044e-03,-2.86976994e-04,1.96613569e+01,2.97876713e-04
0.633374,2.11881784e+02,3.37402703e+00,-7.14573921e+00,-1.66596397e+00,-2.60318621e-03,-5.64553084e-03,-4.01985601e-04,1.98472582e+01,2.96893125e-04
0.633921,2.12073580e+02,3.65388578e+00,-7.57559230e+00,-1.78006084e+00,-2.27574051e-03,-6.06130188e-03,-5.26150904e-04,2.00227019e+01,2.95971317e-04
0.634468,2.12265210e+02,3.61253828e+00,-7.62416113e+00,-1.76892604e+00,-2.35793688e-03,-6.10635542e-03,-4.04968444e-04,2.02762035e+01,2.97080885e-04
0.635015,2.12456639e+02,3.82261345e+00,-7.96232015e+00,-1.86295280e+00,-2.03458664e-03,-6.39667142e-03,-5.67962223e-04,2.05187809e+01,2.96926635e-04
0.635562,2.12647843e+02,3.91002422e+00,-8.16855450e+00,-1.87672407e+00,-1.92987174e-03,-6.61963137e-03,-3.28077539e-04,2.07971593e+01,2.97698125e-04
0.636109,2.12838769e+02,3.78767648e+00,-8.11314813e+00,-1.87490992e+00,-2.13540200e-03,-6.51309205e-03,-5.32790767e-04,2.10764613e+01,2.98008520e-04
0.636656,2.13029435e+02,4.05046572e+00,-8.55586562e+00,-1.95623404e+00,-1.83919615e-03,-6.98220084e-03,-3.82953253e-04,2.13083632e+01,2.97375834e-04
0.637203,2.13219820e+02,3.97486967e+00,-8.54912126e+00,-1.98442603e+00,-1.94878181e-03,-6.88680422e-03,-7.36564348e-04,2.15921398e+01,2.98366273e-04
0.637750,2.13409887e+02,4.14384522e+00,-8.87148814e+00,-2.04978971e+00,-1.74151502e-03,-7.20673458e-03,-6.94539557e-04,2.18318171e+01,2.97832302e-04
0.638297,2.13599620e+02,4.01885683e+00,-8.80982681e+00,-2.01741831e+00,-1.92839086e-03,-7.12712978e-03,-6.27183078e-04,2.21108478e+01,2.98367622e-04
0.638844,2.13789014e+02,3.75733608e+00,-8.54334186e+00,-1.95698675e+00,-2.18853354e-03,-6.80484103e-03,-7.38402840e-04,2.23467271e+01,2.97624580e-04
0.639391,2.13978159e+02,3.50494552e+00,-8.28449972e+00,-1.87775059e+00,-2.40684570e-03,-6.52316770e-03,-6.54874965e-04,2.25283037e+01,2.96239020e-04
0.639938,2.14167172e+02,3.42233094e+00,-8.26228378e+00,-1.86981253e+00,-2.44810712e-03,-6.47179250e-03,-6.98842184e-04,2.26928515e+01,2.94903829e-04
0.640485,2.14356126e+02,3.53303996e+00,-8.54104297e+00,-1.89568306e+00,-2.37036275e-03,-6.79014134e-03,-4.25083573e-04,2.28884758e+01,2.94286192e-04
0.641032,2.14545006e+02,3.53763431e+00,-8.65101854e+00,-1.90986769e+00,-2.34647963e-03,-6.87221271e-03,-4.17981163e-04,2.31301285e+01,2.94567638e-04
0.641579,2.14733777e+02,3.75405824e+00,-9.06544982e+00,-2.04832239e+00,-2.08288338e-03,-7.20936639e-03,-8.60001552e-04,2.33808909e+01,2.94299525e-04
0.642126,2.14922372e+02,3.78740341e+00,-9.25606919e+00,-2.04524197e+00,-2.17970055e-03,-7.43856530e-03,-5.19714252e-04,2.36628987e+01,2.94910437e-04
0.642673,2.15110720e+02,3.70102795e+00,-9.23222495e+00,-2.05936729e+00,-2.27196716e-03,-7.34372395e-03,-7.79942263e-04,2.39237544e+01,2.94771816e-04
0.643220,2.15298823e+02,3.57673836e+00,-9.16385266e+00,-2.00679567e+00,-2.42661071e-03,-7.28502912e-03,-5.35273246e-04,2.41490518e+01,2.93959379e-04
0.643766,2.15486715e+02,3.52495548e+00,-9.19652794e+00,-1.98601907e+00,-2.45098427e-03,-7.31335630e-03,-3.84928496e-04,2.43493030e+01,2.93023057e-04
0.644313,2.15674424e+02,3.49583055e+00,-9.26259907e+00,-2.00919213e+00,-2.46746124e-03,-7.32851665e-03,-5.54060919e-04,2.45635548e+01,2.92399781e-04
0.644860,2.15861949e+02,3.40121177e+00,-9.21827279e+00,-1.99825323e+00,-2.52143112e-03,-7.23810486e-03,-6.28603708e-04,2.47852376e+01,2.91821958e-04
0.645407,2.16049299e+02,3.50033056e+00,-9.51307618e+00,-2.02964791e+00,-2.45332244e-03,-7.55403514e-03,-4.09711329e-04,2.49963329e+01,2.90913971e-04
0.645954,2.16236447e+02,3.47653104e+00,-9.59187383e+00,-2.02847442e+00,-2.45574950e-03,-7.60578366e-03,-3.51094202e-04,2.52456982e+01,2.90990287e-04
0.646501,2.16423350e+02,3.42399603e+00,-9.62180193e+00,-2.02514130e+00,-2.48562824e-03,-7.60086793e-03,-3.71464032e-04,2.54895306e+01,2.90404627e-04
0.647048,2.16610000e+02,3.43592264e+00,-9.75451895e+00,-2.07714477e+00,-2.43623411e-03,-7.66555661e-03,-6.64627632e-04,2.57203873e+01,2.89643322e-04
0.647595,2.16796378e+02,3.64139254e+00,-1.02605076e+01,-2.14844785e+00,-2.30865086e-03,-8.20013181e-03,-4.01689863e-04,2.59535565e+01,2.89152367e-04
0.648142,2.16982395e+02,3.44676079e+00,-1.00456572e+01,-2.10038504e+00,-2.51292706e-03,-7.91876094e-03,-5.03768931e-04,2.62365776e+01,2.89720590e-04
0.648689,2.17168019e+02,3.34157338e+00,-9.97177976e+00,-2.09255746e+00,-2.55053507e-03,-7.79090019e-03,-6.67528859e-04,2.64306060e+01,2.88130425e-04
0.649236,2.17353296e+02,3.20743487e+00,-9.85343225e+00,-2.04696639e+00,-2.64652486e-03,-7.64990795e-03,-5.74988457e-04,2.66150324e+01,2.86984443e-04
0.649783,2.17538257e+02,3.03892995e+00,-9.66096913e+00,-1.99388010e+00,-2.74477021e-03,-7.42207811e-03,-5.59713364e-04,2.67860440e+01,2.85703364e-04
0.650330,2.17722946e+02,3.35221452e+00,-1.04004725e+01,-2.14470903e+00,-2.50831212e-03,-8.16153194e-03,-5.73841948e-04,2.69392465e+01,2.84210621e-04
0.650877,2.17907285e+02,3.25229024e+00,-1.03447882e+01,-2.11364854e+00,-2.59718115e-03,-8.06157872e-03,-5.00077689e-04,2.72201058e+01,2.85324184e-04
0.651424,2.18091174e+02,3.49556170e+00,-1.09587353e+01,-2.22317134e+00,-2.37218975e-03,-8.67268043e-03,-4.18192546e-04,2.74443688e+01,2.84149035e-04
0.651971,2.18274530e+02,3.17358443e+00,-1.04742511e+01,-2.09551693e+00,-2.70391923e-03,-8.13909847e-03,-3.14387001e-04,2.77446989e+01,2.84865844e-04
0.652518,2.18457336e+02,3.26005457e+00,-1.07893778e+01,-2.18678520e+00,-2.62409340e-03,-8.39977745e-03,-6.38797988e-04,2.78776653e+01,2.82392944e-04
0.653065,2.18639616e+02,3.38785451e+00,-1.11995905e+01,-2.25712813e+00,-2.52338462e-03,-8.78320678e-03,-5.91039798e-04,2.80762746e+01,2.82174312e-04
0.653612,2.18821260e+02,3.13260518e+00,-1.08178190e+01,-2.15328738e+00,-2.73670053e-03,-8.36101997e-03,-4.79227014e-04,2.83316694e+01,2.82219455e-04
0.654159,2.19002262e+02,2.95032918e+00,-1.05718418e+01,-2.07169628e+00,-2.82767620e-03,-8.10397956e-03,-3.17560497e-04,2.84690184e+01,2.80031691e-04
0.654706,2.19182702e+02,2.95219822e+00,-1.07212040e+01,-2.10916236e+00,-2.80670779e-03,-8.20672329e-03,-4.82787869e-04,2.85837076e+01,2.78266327e-04
0.655253,2.19362586e+02,2.89592502e+00,-1.07465795e+01,-2.09460480e+00,-2.82998370e-03,-8.20287687e-03,-4.06800645e-04,2.87510570e+01,2.77540971e-04
0.655799,2.19541877e+02,2.98825463e+00,-1.10995051e+01,-2.17493083e+00,-2.73807936e-03,-8.50331075e-03,-5.78033009e-04,2.89241032e+01,2.76479604e-04
0.656346,2.19720510e+02,2.67986260e+00,-1.05539666e+01,-2.04721186e+00,-2.95852886e-03,-7.91508863e-03,-5.19618411e-04,2.91509211e+01,2.76273048e-04
0.656893,2.19898501e+02,2.79159407e+00,-1.09746319e+01,-2.11281374e+00,-2.87936482e-03,-8.32673815e-03,-4.40474331e-04,2.92374618e+01,2.73620941e-04
0.657440,2.20075854e+02,2.82001580e+00,-1.11967436e+01,-2.14047805e+00,-2.83948958e-03,-8.50923649e-03,-3.92952291e-04,2.94291069e+01,2.73571551e-04
0.657987,2.20252468e+02,2.96477389e+00,-1.16953845e+01,-2.24719795e+00,-2.71054875e-03,-8.94730088e-03,-5.56655223e-04,2.96428576e+01,2.72974913e-04
0.658534,2.20428231e+02,2.82843895e+00,-1.15287311e+01,-2.20117738e+00,-2.80522682e-03,-8.73282694e-03,-5.40084958e-04,2.99092260e+01,2.73073249e-04
0.659081,2.20603084e+02,2.71172340e+00,-1.14046118e+01,-2.14893065e+00,-2.86280206e-03,-8.59244718e-03,-3.97064876e-04,3.00858690e+01,2.71372609e-04
0.659628,2.20777050e+02,2.75272529e+00,-1.16732647e+01,-2.16496100e+00,-2.81027725e-03,-8.84896117e-03,-1.86630069e-04,3.02237372e+01,2.69803407e-04
0.660175,2.20950095e+02,2.76740793e+00,-1.18796959e+01,-2.21107220e+00,-2.80072142e-03,-8.98891600e-03,-3.59893231e-04,3.04076257e+01,2.69266072e-04
0.660722,2.21122140e+02,2.49784384e+00,-1.13514751e+01,-2.07420929e+00,-2.96514912e-03,-8.44484614e-03,-1.78708593e-04,3.06018887e+01,2.68494789e-04
0.661269,2.21293209e+02,2.47349804e+00,-1.14537147e+01,-2.09495980e+00,-2.95046212e-03,-8.50707383e-03,-3.05276867e-04,3.06625721e+01,2.65840627e-04
0.661816,2.21463338e+02,2.81826433e+00,-1.25562664e+01,-2.32254353e+00,-2.73182393e-03,-9.52239775e-03,-5.38158011e-04,3.07808576e+01,2.64809688e-04
0.662363,2.21632352e+02,2.68989577e+00,-1.23870785e+01,-2.27949518e+00,-2.82576295e-03,-9.28986752e-03,-5.45561236e-04,3.10729916e+01,2.66296178e-04
0.662910,2.21800112e+02,2.64430846e+00,-1.24424357e+01,-2.26394236e+00,-2.83890479e-03,-9.32150534e-03,-4.19044935e-04,3.12537783e+01,2.64492314e-04
0.663457,2.21966616e+02,2.57276226e+00,-1.24151020e+01,-2.27009263e+00,-2.85647240e-03,-9.23243222e-03,-6.23650899e-04,3.14151595e+01,2.63278289e-04
0.664004,2.22131840e+02,2.43896819e+00,-1.22139428e+01,-2.20426350e+00,-2.92120556e-03,-9.01485871e-03,-4.71817902e-04,3.15483277e+01,2.61827005e-04
0.664551,2.22295790e+02,2.31410416e+00,-1.20199539e+01,-2.17977771e+00,-2.95103253e-03,-8.77368717e-03,-6.71929750e-04,3.16366607e+01,2.59956724e-04
0.665098,2.22458493e+02,2.20711676e+00,-1.18894930e+01,-2.12095336e+00,-3.00109054e-03,-8.63724589e-03,-4.51243779e-04,3.17040704e+01,2.58097910e-04
0.665645,2.22619964e+02,2.19343485e+00,-1.20324394e+01,-2.11364190e+00,-2.97693206e-03,-8.76060933e-03,-2.54445141e-04,3.17684307e+01,2.56413473e-04
0.666192,2.22780178e+02,1.93676441e+00,-1.14257738e+01,-2.01577572e+00,-3.12045229e-03,-8.11505326e-03,-4.88339192e-04,3.18830306e+01,2.55414620e-04
0.666739,2.22939167e+02,2.16853629e+00,-1.23670443e+01,-2.18954623e+00,-3.01425947e-03,-8.97793559e-03,-5.68115858e-04,3.18653572e+01,2.52512222e-04
0.667286,2.23096863e+02,2.17882679e+00,-1.26061475e+01,-2.18534873e+00,-3.01539345e-03,-9.17725122e-03,-2.39658727e-04,3.20629736e+01,2.53390228e-04
0.667833,2.23253104e+02,2.07340465e+00,-1.24534654e+01,-2.12854678e+00,-3.03684395e-03,-9.00199888e-03,-1.09332259e-04,3.22419871e+01,2.52568870e-04
0.668379,2.23407854e+02,1.86275760e+00,-1.19489024e+01,-2.03125333e+00,-3.13284102e-03,-8.48273895e-03,-1.84154437e-04,3.23624864e+01,2.50794067e-04
0.668926,2.23561164e+02,1.85066286e+00,-1.21044700e+01,-2.06710281e+00,-3.10678412e-03,-8.58609240e-03,-3.58523745e-04,3.23770518e+01,2.48146463e-04
0.669473,2.23713046e+02,1.62598966e+00,-1.15128446e+01,-1.94937096e+00,-3.17668812e-03,-7.99395589e-03,-3.53225710e-04,3.24645627e+01,2.47091569e-04
0.670020,2.23863519e+02,1.36074127e+00,-1.07552457e+01,-1.77985469e+00,-3.24063106e-03,-7.28741687e-03,-1.47585743e-04,3.24548477e+01,2.44287340e-04
0.670567,2.24012706e+02,1.44581336e+00,-1.12762908e+01,-1.84322393e+00,-3.19118184e-03,-7.76791150e-03,9.28283878e-06,3.23674088e+01,2.41151460e-04
0.671114,2.24160601e+02,1.50087881e+00,-1.16808390e+01,-1.89212841e+00,-3.13330036e-03,-8.10603167e-03,9.06053264e-05,3.24622286e+01,2.40986898e-04
0.671661,2.24307068e+02,1.56039105e+00,-1.21155611e+01,-1.97459354e+00,-3.09115622e-03,-8.44666522e-03,-8.37898101e-05,3.26320711e+01,2.40539220e-04
0.672208,2.24451977e+02,1.56214048e+00,-1.23214367e+01,-2.04087230e+00,-3.04918910e-03,-8.55868479e-03,-4.54067547e-04,3.28387499e+01,2.40098647e-04
0.672755,2.24595224e+02,1.51537285e+00,-1.23553221e+01,-2.03274343e+00,-3.05592787e-03,-8.55153345e-03,-4.12218322e-04,3.30164615e+01,2.39108369e-04
0.673302,2.24736747e+02,1.22983141e+00,-1.14214316e+01,-1.86925426e+00,-3.16465860e-03,-7.65434036e-03,-4.82833507e-04,3.31631677e+01,2.37722885e-04
0.673849,2.24876616e+02,1.29346925e+00,-1.19202808e+01,-1.93244207e+00,-3.13945682e-03,-8.10175238e-03,-3.51922313e-04,3.30975866e+01,2.34129445e-04
0.674396,2.25014845e+02,1.15183453e+00,-1.15451607e+01,-1.88831053e+00,-3.18520419e-03,-7.69342707e-03,-6.07905532e-04,3.31918865e+01,2.33806323e-04
0.674943,2.25151387e+02,1.12031905e+00,-1.16558346e+01,-1.86621871e+00,-3.20826547e-03,-7.78923541e-03,-3.07850372e-04,3.32058469e+01,2.31486200e-04
0.675490,2.25286239e+02,9.67201190e-01,-1.12061487e+01,-1.77910515e+00,-3.24112195e-03,-7.34957648e-03,-2.98485684e-04,3.32607581e+01,2.30286372e-04
0.676037,2.25419402e+02,8.79199263e-01,-1.10310855e+01,-1.70977586e+00,-3.22781609e-03,-7.19373781e-03,-3.30695469e-05,3.32545122e+01,2.27846683e-04
0.676584,2.25550907e+02,9.24426405e-01,-1.14849498e+01,-1.79152722e+00,-3.20976278e-03,-7.55564177e-03,-1.76580996e-04,3.32642581e+01,2.26064805e-04
0.677131,2.25680689e+02,8.09104647e-01,-1.11796849e+01,-1.69315648e+00,-3.23355478e-03,-7.26810776e-03,1.44054951e-04,3.33889898e+01,2.25595409e-04
0.677678,2.25808694e+02,7.77886094e-01,-1.12709342e+01,-1.69867320e+00,-3.22168152e-03,-7.31969484e-03,1.13979007e-04,3.34289276e+01,2.23508328e-04
0.678225,2.25934911e+02,8.84972436e-01,-1.20534683e+01,-1.84447683e+00,-3.17066583e-03,-7.95558282e-03,-1.33584208e-04,3.35130234e+01,2.22258966e-04
0.678772,2.26059210e+02,8.62726751e-01,-1.21864420e+01,-1.86197365e+00,-3.15169372e-03,-8.01945061e-03,-1.88264053e-04,3.37199056e+01,2.22463445e-04
0.679319,2.26181461e+02,7.02203750e-01,-1.16165500e+01,-1.76974049e+00,-3.20805191e-03,-7.47099272e-03,-2.86789087e-04,3.38953361e+01,2.21270802e-04
0.679866,2.26301673e+02,6.74241277e-01,-1.17416768e+01,-1.75258668e+00,-3.20950754e-03,-7.57479396e-03,-3.73540587e-05,3.39144197e+01,2.18546809e-04
0.680412,2.26419857e+02,6.11905618e-01,-1.16658671e+01,-1.73420063e+00,-3.21137221e-03,-7.46879755e-03,-8.29820328e-05,3.39764731e+01,2.17348556e-04
0.680959,2.26535971e+02,6.53169239e-01,-1.21666628e+01,-1.79307943e+00,-3.16783239e-03,-7.87957100e-03,1.44153474e-05,3.40373946e+01,2.15709964e-04
0.681506,2.26649937e+02,4.79151632e-01,-1.14372593e+01,-1.62392866e+00,-3.20937876e-03,-7.22991043e-03,3.59128097e-04,3.41924748e+01,2.15296428e-04
0.682053,2.26761743e+02,5.69174898e-01,-1.23119148e+01,-1.79325564e+00,-3.23859998e-03,-7.92364633e-03,-2.30260905e-05,3.41609540e+01,2.12318894e-04
0.682600,2.26871340e+02,5.24077456e-01,-1.23334333e+01,-1.77369228e+00,-3.24292652e-03,-7.89722568e-03,7.81713201e-05,3.43060401e+01,2.12555207e-04
0.683147,2.26978607e+02,3.94685419e-01,-1.18270640e+01,-1.70220853e+00,-3.27807642e-03,-7.41307159e-03,-1.02415549e-04,3.44226613e+01,2.11104658e-04
0.683694,2.27083555e+02,3.07391564e-01,-1.15356238e+01,-1.67619106e+00,-3.24331658e-03,-7.12790782e-03,-3.57506089e-04,3.44213371e+01,2.08543073e-04
0.684241,2.27186222e+02,2.62328172e-01,-1.15450377e+01,-1.66251035e+00,-3.23843549e-03,-7.11290265e-03,-2.84497425e-04,3.44158862e+01,2.06476318e-04
0.684788,2.27286596e+02,1.61983113e-01,-1.11629540e+01,-1.58560825e+00,-3.24343072e-03,-6.76369312e-03,-1.98709320e-04,3.44621756e+01,2.05024582e-04
0.685335,2.27384674e+02,1.75133564e-01,-1.15771587e+01,-1.64370477e+00,-3.21727122e-03,-7.08677925e-03,-2.16545340e-04,3.44606427e+01,2.02796695e-04
0.685882,2.27480415e+02,1.86435538e-01,-1.19803766e+01,-1.71270644e+00,-3.18801819e-03,-7.37786655e-03,-3.46789822e-04,3.45744595e+01,2.02158727e-04
0.686429,2.27573705e+02,1.52177165e-01,-1.20381891e+01,-1.75932250e+00,-3.16192224e-03,-7.36265260e-03,-7.32872491e-04,3.47436849e+01,2.01478607e-04
0.686976,2.27664463e+02,2.20354415e-01,-1.29660842e+01,-1.85808521e+00,-3.17091777e-03,-8.11552741e-03,-3.91920267e-04,3.48712391e+01,2.00086124e-04
0.687523,2.27752564e+02,6.95583789e-02,-1.21409221e+01,-1.68732255e+00,-3.24032638e-03,-7.39234688e-03,-6.18825930e-05,3.51008941e+01,2.00400847e-04
0.688070,2.27837968e+02,-1.56851210e-02,-1.17797827e+01,-1.61998320e+00,-3.22144484e-03,-7.07818653e-03,-3.78493674e-05,3.50775710e+01,1.97269314e-04
0.688617,2.27920749e+02,-7.71788863e-02,-1.15910860e+01,-1.56529138e+00,-3.18566735e-03,-6.91017831e-03,1.06378654e-04,3.50527938e+01,1.95093449e-04
0.689164,2.28000919e+02,-1.88101628e-01,-1.09407381e+01,-1.44530568e+00,-3.16761507e-03,-6.35851541e-03,2.12279379e-04,3.50572356e+01,1.93289553e-04
0.689711,2.28078512e+02,-2.24499692e-01,-1.09799050e+01,-1.43902446e+00,-3.14539188e-03,-6.37327289e-03,2.20266194e-04,3.49921133e+01,1.90608538e-04
0.690258,2.28153545e+02,-2.77024788e-01,-1.08867663e+01,-1.44464998e+00,-3.16034162e-03,-6.24738178e-03,-4.10187896e-05,3.50191316e+01,1.89242029e-04
0.690805,2.28225983e+02,-2.93415744e-01,-1.11188288e+01,-1.48408896e+00,-3.13059540e-03,-6.40338661e-03,-1.57494007e-04,3.50526574e+01,1.87578942e-04
0.691352,2.28295773e+02,-3.39820471e-01,-1.10770447e+01,-1.44201939e+00,-3.14346523e-03,-6.34623435e-03,9.27867957e-05,3.51617250e+01,1.86571716e-04
0.691899,2.28362863e+02,-3.30561344e-01,-1.16289002e+01,-1.52504664e+00,-3.12074384e-03,-6.75504050e-03,-1.94607946e-05,3.52423127e+01,1.85050582e-04
0.692445,2.28427172e+02,-3.87187856e-01,-1.14423752e+01,-1.47533082e+00,-3.12632008e-03,-6.56968342e-03,1.02254953e-04,3.54220131e+01,1.84617256e-04
0.692992,2.28488632e+02,-4.52382344e-01,-1.11705673e+01,-1.45702544e+00,-3.15285037e-03,-6.30379201e-03,-1.60519124e-04,3.55228708e+01,1.82816067e-04
0.693539,2.28547246e+02,-5.10988823e-01,-1.09476459e+01,-1.38139010e+00,-3.16157084e-03,-6.11467761e-03,1.62342013e-04,3.55579387e+01,1.80814200e-04
0.694086,2.28603019e+02,-4.69136368e-01,-1.20555290e+01,-1.52702769e+00,-3.13056430e-03,-6.96806025e-03,1.70625981e-04,3.55645250e+01,1.78979414e-04
0.694633,2.28655843e+02,-5.63197508e-01,-1.13750944e+01,-1.41658554e+00,-3.20978423e-03,-6.36738236e-03,2.06352525e-04,3.57907160e+01,1.79548938e-04
0.695180,2.28705650e+02,-5.80085789e-01,-1.17102539e+01,-1.45182893e+00,-3.18335388e-03,-6.61288902e-03,2.15617814e-04,3.58088575e+01,1.76805162e-04
0.695727,2.28752434e+02,-5.75389452e-01,-1.23611980e+01,-1.52142176e+00,-3.13321951e-03,-7.09659846e-03,3.01660720e-04,3.59273096e+01,1.75965733e-04
0.696274,2.28796080e+02,-6.08032360e-01,-1.25119785e+01,-1.55670820e+00,-3.15123425e-03,-7.15352438e-03,7.12652284e-05,3.61459133e+01,1.75705640e-04
0.696821,2.28836490e+02,-6.84850552e-01,-1.18753538e+01,-1.45660224e+00,-3.18657468e-03,-6.61499231e-03,9.74647669e-05,3.63255426e+01,1.74462081e-04
0.697368,2.28873669e+02,-7.16882662e-01,-1.19864504e+01,-1.46260818e+00,-3.16295167e-03,-6.67990544e-03,9.41442270e-05,3.63375828e+01,1.71847056e-04
0.697915,2.28907627e+02,-7.55831843e-01,-1.19357077e+01,-1.42661410e+00,-3.14271363e-03,-6.61598698e-03,2.63567542e-04,3.64180761e+01,1.70598326e-04
0.698462,2.28938324e+02,-8.02143193e-01,-1.16409362e+01,-1.35141925e+00,-3.10348701e-03,-6.37286464e-03,4.71887066e-04,3.64976162e+01,1.69087452e-04
0.699009,2.28965754e+02,-8.54464302e-01,-1.12863782e+01,-1.30146166e+00,-3.11191806e-03,-6.06616098e-03,3.80754530e-04,3.65359720e+01,1.67183019e-04
0.699556,2.28989933e+02,-9.07422816e-01,-1.08065550e+01,-1.24330745e+00,-3.10158650e-03,-5.66872133e-03,2.31805937e-04,3.65428844e+01,1.65123750e-04
0.700103,2.29010887e+02,-9.26822516e-01,-1.13744892e+01,-1.29031255e+00,-3.09274804e-03,-6.08379225e-03,3.96566578e-04,3.65141840e+01,1.62879790e-04
0.700650,2.29028577e+02,-9.63465983e-01,-1.13215070e+01,-1.26853789e+00,-3.08153019e-03,-6.00642809e-03,4.23670400e-04,3.66459501e+01,1.62446315e-04
0.701197,2.29042930e+02,-9.83386570e-01,-1.19785474e+01,-1.36721296e+00,-3.06689966e-03,-6.46427023e-03,2.13374021e-04,3.67609659e+01,1.60952672e-04
0.701744,2.29053867e+02,-1.01820939e+00,-1.20047536e+01,-1.34466636e+00,-3.06216387e-03,-6.44655684e-03,3.52964751e-04,3.69821490e+01,1.60621606e-04
0.702291,2.29061305e+02,-1.06747890e+00,-1.14033625e+01,-1.26079260e+00,-3.09320590e-03,-5.95284225e-03,3.06983619e-04,3.71529180e+01,1.59254346e-04
0.702838,2.29065256e+02,-1.11680627e+00,-1.03123353e+01,-1.16065489e+00,-3.08528254e-03,-5.10082850e-03,-1.29618252e-04,3.71724351e+01,1.56808785e-04
0.703385,2.29065807e+02,-1.15359470e+00,-1.01183443e+01,-1.11292520e+00,-3.07144566e-03,-4.95014483e-03,3.04236098e-05,3.70032736e+01,1.53585160e-04
0.703932,2.29063014e+02,-1.18573427e+00,-1.09840047e+01,-1.24576112e+00,-3.08164971e-03,-5.55286261e-03,-2.21903097e-04,3.69579460e+01,1.51917962e-04
0.704479,2.29056796e+02,-1.22162606e+00,-1.09762779e+01,-1.22188011e+00,-3.09184185e-03,-5.50748651e-03,-5.83372467e-05,3.71359634e+01,1.51916932e-04
0.705025,2.29047060e+02,-1.25623746e+00,-1.05159146e+01,-1.15024815e+00,-3.09168327e-03,-5.13987927e-03,9.80291651e-06,3.72808613e+01,1.50532903e-04
0.705572,2.29033806e+02,-1.29174443e+00,-1.12752743e+01,-1.22870587e+00,-3.05805146e-03,-5.68120066e-03,9.65037938e-05,3.73276554e+01,1.48428144e-04
0.706119,2.29016983e+02,-1.32035609e+00,-1.14644536e+01,-1.22381696e+00,-2.99740632e-03,-5.79624646e-03,2.74365075e-04,3.75410849e+01,1.48301774e-04
0.706666,2.28996492e+02,-1.35499388e+00,-1.14610786e+01,-1.22065742e+00,-3.00626545e-03,-5.75390669e-03,2.15453352e-04,3.77510047e+01,1.47295314e-04
0.707213,2.28972289e+02,-1.38911089e+00,-1.13633888e+01,-1.21899073e+00,-3.02184981e-03,-5.64140310e-03,5.14374415e-05,3.79225283e+01,1.45899898e-04
0.707760,2.28944352e+02,-1.42462437e+00,-1.16236497e+01,-1.20055615e+00,-2.99459466e-03,-5.81391954e-03,4.26322575e-04,3.80509362e+01,1.44345082e-04
0.708307,2.28912641e+02,-1.45754207e+00,-1.09840687e+01,-1.14513259e+00,-3.11451834e-03,-5.28143169e-03,1.43480376e-04,3.82003568e+01,1.43438411e-04
0.708854,2.28877152e+02,-1.49095778e+00,-1.10277775e+01,-1.16053326e+00,-3.09069951e-03,-5.29029429e-03,-6.93647994e-06,3.81741811e+01,1.40961064e-04
0.709401,2.28837896e+02,-1.52978939e+00,-1.12876700e+01,-1.19141220e+00,-3.06861759e-03,-5.44651436e-03,-5.56334649e-05,3.82465202e+01,1.39682123e-04
0.709948,2.28794823e+02,-1.58334388e+00,-1.20885728e+01,-1.22440982e+00,-3.02300816e-03,-6.00105439e-03,4.33757957e-04,3.84062680e+01,1.38746919e-04
0.710495,2.28747837e+02,-1.62231598e+00,-1.19997656e+01,-1.22017344e+00,-3.10860360e-03,-5.86851799e-03,2.83764384e-04,3.86427150e+01,1.38694472e-04
0.711042,2.28696865e+02,-1.65554620e+00,-1.20181769e+01,-1.21930186e+00,-3.09842658e-03,-5.84846704e-03,2.30600036e-04,3.88038144e+01,1.37118034e-04
0.711589,2.28641888e+02,-1.65931970e+00,-1.11830101e+01,-1.14407579e+00,-3.14403211e-03,-5.21051727e-03,-3.23963751e-05,3.89612987e+01,1.35795334e-04
0.712136,2.28582929e+02,-1.67361289e+00,-1.07598227e+01,-1.03941910e+00,-3.13449725e-03,-4.90279756e-03,4.07871888e-04,3.89218829e+01,1.33151935e-04
0.712683,2.28520038e+02,-1.74787197e+00,-1.16233668e+01,-1.12189295e+00,-3.12363635e-03,-5.47978486e-03,4.67363063e-04,3.88587204e+01,1.31258317e-04
0.713230,2.28453164e+02,-1.78796417e+00,-1.15893755e+01,-1.14191951e+00,-3.20372736e-03,-5.38628645e-03,1.70558538e-04,3.90525811e+01,1.31221852e-04
0.713777,2.28382229e+02,-1.80074451e+00,-1.12100962e+01,-1.08962250e+00,-3.19976738e-03,-5.09185442e-03,1.90001315e-04,3.91950284e+01,1.29757322e-04
0.714324,2.28307233e+02,-1.83206024e+00,-1.12010781e+01,-1.08684665e+00,-3.18067777e-03,-5.06035194e-03,1.41840968e-04,3.92720764e+01,1.27903393e-04
0.714871,2.28228172e+02,-1.88380855e+00,-1.15559066e+01,-1.11664043e+00,-3.15272113e-03,-5.27724805e-03,1.68798445e-04,3.93938482e+01,1.26600682e-04
0.715418,2.28144998e+02,-1.89105926e+00,-1.11682372e+01,-1.04103223e+00,-3.14850333e-03,-4.97851084e-03,3.90032124e-04,3.96021414e+01,1.25836322e-04
0.715965,2.28057688e+02,-1.92374392e+00,-1.12827326e+01,-1.02312494e+00,-3.07909646e-03,-5.04728449e-03,5.73164248e-04,3.96973701e+01,1.24023797e-04
0.716512,2.27966232e+02,-1.92751109e+00,-1.08854534e+01,-9.64360900e-01,-3.07798734e-03,-4.74419372e-03,6.10161606e-04,3.98517149e+01,1.22980630e-04
0.717058,2.27870620e+02,-1.92859448e+00,-1.04146326e+01,-9.21968563e-01,-3.10618792e-03,-4.38957429e-03,4.39756182e-04,3.99353310e+01,1.21158421e-04
0.717605,2.27770874e+02,-1.96090884e+00,-1.04371931e+01,-9.22963295e-01,-3.08777373e-03,-4.38282727e-03,3.76339724e-04,3.99598902e+01,1.19202565e-04
0.718152,2.27666996e+02,-2.07447006e+00,-1.14974286e+01,-1.06748134e+00,-3.06399024e-03,-5.06308909e-03,3.54792342e-05,4.00710676e+01,1.17993654e-04
0.718699,2.27558896e+02,-2.14590130e+00,-1.19976988e+01,-1.06913877e+00,-3.06200631e-03,-5.35358215e-03,4.39952554e-04,4.03763023e+01,1.18176895e-04
0.719246,2.27446466e+02,-2.16531263e+00,-1.17292734e+01,-1.04722816e+00,-3.16321875e-03,-5.10616790e-03,3.00028278e-04,4.06755485e+01,1.17641604e-04
0.719793,2.27329672e+02,-2.20324717e+00,-1.17967516e+01,-1.07133949e+00,-3.16106255e-03,-5.11749102e-03,8.33101934e-05,4.08375170e+01,1.15915787e-04
0.720340,2.27208505e+02,-2.27399925e+00,-1.22431356e+01,-1.05421323e+00,-3.14579219e-03,-5.38021537e-03,5.87628944e-04,4.10171135e+01,1.14729255e-04
0.720887,2.27082916e+02,-2.27902113e+00,-1.18301707e+01,-1.01832844e+00,-3.25761209e-03,-5.03729180e-03,4.32073093e-04,4.12168422e+01,1.14138408e-04
0.721434,2.26952884e+02,-2.33650645e+00,-1.20943450e+01,-1.04759810e+00,-3.24747978e-03,-5.17986085e-03,3.34483233e-04,4.12948020e+01,1.12233163e-04
0.721981,2.26818399e+02,-2.32309404e+00,-1.16455880e+01,-9.71534588e-01,-3.24580440e-03,-4.84987956e-03,5.28144400e-04,4.14783593e+01,1.11336232e-04
0.722528,2.26679448e+02,-2.35015853e+00,-1.16383760e+01,-9.51489645e-01,-3.20553089e-03,-4.82480860e-03,6.07995172e-04,4.15568403e+01,1.09546911e-04
0.723075,2.26536035e+02,-2.46000695e+00,-1.23699843e+01,-1.03633312e+00,-3.20780658e-03,-5.25874703e-03,4.14938978e-04,4.16954942e+01,1.08362066e-04
0.723622,2.26388101e+02,-2.47548690e+00,-1.22028078e+01,-1.02700118e+00,-3.23394694e-03,-5.09987043e-03,2.75048213e-04,4.19861094e+01,1.08057316e-04
0.724169,2.26235599e+02,-2.52144737e+00,-1.23592974e+01,-1.02206971e+00,-3.20667902e-03,-5.17074784e-03,3.88279797e-04,4.21917465e+01,1.06590175e-04
0.724716,2.26078509e+02,-2.50971514e+00,-1.20162533e+01,-9.46582838e-01,-3.18059632e-03,-4.91954102e-03,6.76829831e-04,4.24216921e+01,1.05611319e-04
0.725263,2.25916822e+02,-2.45429720e+00,-1.12513248e+01,-8.66685565e-01,-3.21271051e-03,-4.39386107e-03,6.26065671e-04,4.25414350e+01,1.04035256e-04
0.725810,2.25750575e+02,-2.44910478e+00,-1.09736087e+01,-8.30222640e-01,-3.18094950e-03,-4.20063279e-03,6.20900615e-04,4.25259305e+01,1.01862641e-04
0.726357,2.25579797e+02,-2.43704602e+00,-1.06163952e+01,-8.04866803e-01,-3.18643365e-03,-3.94534834e-03,4.57321092e-04,4.25781812e+01,1.00375704e-04
0.726904,2.25404498e+02,-2.52129593e+00,-1.10558795e+01,-8.15408003e-01,-3.15869632e-03,-4.19548696e-03,6.59399468e-04,4.26366235e+01,9.87579479e-05
0.727451,2.25224655e+02,-2.63706805e+00,-1.17102142e+01,-8.97989607e-01,-3.16274961e-03,-4.56486859e-03,3.85064120e-04,4.28459452e+01,9.81904078e-05
0.727998,2.25040197e+02,-2.65742392e+00,-1.16144585e+01,-8.55842377e-01,-3.18808761e-03,-4.45357428e-03,6.09516030e-04,4.31655279e+01,9.77929058e-05
0.728545,2.24851081e+02,-2.69596108e+00,-1.16838671e+01,-8.55941514e-01,-3.17463408e-03,-4.46517351e-03,5.75908882e-04,4.33911598e+01,9.65336216e-05
0.729092,2.24657291e+02,-2.71387379e+00,-1.16133507e+01,-8.29871926e-01,-3.15187330e-03,-4.39033305e-03,6.62876041e-04,4.36284487e+01,9.54787297e-05
0.729638,2.24458811e+02,-2.78201239e+00,-1.19806787e+01,-8.23362771e-01,-3.03659247e-03,-4.60831385e-03,9.17435416e-04,4.38404151e+01,9.42893948e-05
0.730185,2.24255608e+02,-2.84086642e+00,-1.20467951e+01,-8.55887731e-01,-3.21366471e-03,-4.56136780e-03,5.74411393e-04,4.41180457e+01,9.37207119e-05
0.730732,2.24047649e+02,-2.88074078e+00,-1.21326272e+01,-8.67358467e-01,-3.18801876e-03,-4.58480097e-03,4.59822655e-04,4.43250653e+01,9.24670084e-05
0.731279,2.23834913e+02,-2.83609547e+00,-1.15932120e+01,-7.95725302e-01,-3.23692973e-03,-4.20499912e-03,5.96151122e-04,4.45660843e+01,9.14476119e-05
0.731826,2.23617405e+02,-3.01064603e+00,-1.25281502e+01,-8.98901712e-01,-3.24960428e-03,-4.73306043e-03,3.31074106e-04,4.46528807e+01,8.96915514e-05
0.732373,2.23395093e+02,-3.02426144e+00,-1.23849917e+01,-8.47839592e-01,-3.30056440e-03,-4.57984540e-03,6.09040309e-04,4.49680222e+01,8.95908987e-05
0.732920,2.23167930e+02,-2.95408901e+00,-1.16972702e+01,-7.84155196e-01,-3.35973618e-03,-4.11799550e-03,5.59601145e-04,4.51702491e+01,8.83131069e-05
0.733467,2.22935941e+02,-3.09647768e+00,-1.23865841e+01,-8.45951967e-01,-3.35826448e-03,-4.49489434e-03,4.59032786e-04,4.52087948e+01,8.63909573e-05
0.734014,2.22699112e+02,-3.15814825e+00,-1.26169090e+01,-8.43165751e-01,-3.30384651e-03,-4.59824693e-03,5.82633179e-04,4.54812515e+01,8.60473397e-05
0.734561,2.22457390e+02,-3.11698938e+00,-1.21536138e+01,-7.79810993e-01,-3.34701919e-03,-4.26943660e-03,7.12983998e-04,4.57833559e+01,8.52785630e-05
0.735108,2.22210774e+02,-3.15597241e+00,-1.22488649e+01,-7.60955308e-01,-3.27575366e-03,-4.30726242e-03,8.53089677e-04,4.59239646e+01,8.36757487e-05
0.735655,2.21959266e+02,-3.18858037e+00,-1.21890333e+01,-7.73408355e-01,-3.38170380e-03,-4.20737315e-03,5.98820737e-04,4.61398520e+01,8.27900340e-05
0.736202,2.21702852e+02,-3.23293013e+00,-1.22759909e+01,-7.85878871e-01,-3.36381223e-03,-4.22772693e-03,4.73053344e-04,4.63253735e+01,8.15342162e-05
0.736749,2.21441520e+02,-3.42499568e+00,-1.32815212e+01,-8.57880525e-01,-3.23302115e-03,-4.80210834e-03,4.85809342e-04,4.65678252e+01,8.05680474e-05
0.737296,2.21175213e+02,-3.44212065e+00,-1.31640308e+01,-8.35553395e-01,-3.31668653e-03,-4.65818506e-03,5.26564653e-04,4.69937071e+01,8.06857344e-05
0.737843,2.20903887e+02,-3.43097201e+00,-1.29068569e+01,-8.13074590e-01,-3.36343276e-03,-4.45877298e-03,4.68586113e-04,4.72933726e+01,7.94413782e-05
0.738390,2.20627548e+02,-3.50116804e+00,-1.31464667e+01,-8.25936055e-01,-3.32732143e-03,-4.56557730e-03,4.51554818e-04,4.74982006e+01,7.80773417e-05
0.738937,2.20346186e+02,-3.51174860e+00,-1.30653931e+01,-7.87305081e-01,-3.29447219e-03,-4.47885045e-03,6.64958472e-04,4.77850369e+01,7.73110975e-05
0.739484,2.20059787e+02,-3.49274049e+00,-1.28061219e+01,-7.52725643e-01,-3.29885573e-03,-4.28999991e-03,7.03880297e-04,4.80215279e+01,7.62579664e-05
0.740031,2.19768353e+02,-3.47048774e+00,-1.25183233e+01,-7.26957494e-01,-3.32427100e-03,-4.08503298e-03,6.48088660e-04,4.82070845e+01,7.49775735e-05
0.740578,2.19471897e+02,-3.42217464e+00,-1.20923352e+01,-7.02094726e-01,-3.35821588e-03,-3.80641857e-03,5.01740388e-04,4.83610528e+01,7.36490618e-05
0.741125,2.19170433e+02,-3.54212503e+00,-1.25775933e+01,-6.93946362e-01,-3.30056650e-03,-4.04152303e-03,8.25120430e-04,4.84656814e+01,7.21785843e-05
0.741671,2.18863952e+02,-3.61653669e+00,-1.28372133e+01,-7.01906638e-01,-3.24509216e-03,-4.15607162e-03,8.23721939e-04,4.87194785e+01,7.17620579e-05
0.742218,2.18552418e+02,-3.70442985e+00,-1.31318275e+01,-7.33851654e-01,-3.24472989e-03,-4.28031995e-03,6.36460937e-04,4.90489130e+01,7.10783772e-05
0.742765,2.18235805e+02,-3.70314773e+00,-1.29550278e+01,-7.15615040e-01,-3.29766068e-03,-4.12505715e-03,6.04749897e-04,4.94118158e+01,7.03486390e-05
0.743312,2.17914099e+02,-3.63011100e+00,-1.24108879e+01,-6.87747788e-01,-3.38126115e-03,-3.77319721e-03,4.30004571e-04,4.96785091e+01,6.91515726e-05
0.743859,2.17587320e+02,-3.76380025e+00,-1.29224079e+01,-6.76038529e-01,-3.34057081e-03,-4.00568505e-03,7.93470222e-04,4.97880517e+01,6.75715387e-05
0.744406,2.17255463e+02,-3.87188231e+00,-1.32781910e+01,-7.10819815e-01,-3.36914598e-03,-4.14791377e-03,6.13654895e-04,5.00442303e+01,6.71836546e-05
0.744953,2.16918493e+02,-3.93800245e+00,-1.34876463e+01,-7.13849888e-01,-3.30161515e-03,-4.23280508e-03,6.37561653e-04,5.03856403e+01,6.65040340e-05
0.745500,2.16576385e+02,-3.87525524e+00,-1.29976577e+01,-6.52035256e-01,-3.42123804e-03,-3.88381469e-03,8.05722075e-04,5.07542147e+01,6.58096187e-05
0.746047,2.16229144e+02,-3.92199070e+00,-1.31443137e+01,-6.19626344e-01,-3.28471683e-03,-3.95011829e-03,1.08107451e-03,5.08886602e+01,6.43485523e-05
0.746594,2.15876777e+02,-3.90976413e+00,-1.29512101e+01,-5.90596424e-01,-3.29956733e-03,-3.79955813e-03,1.10254874e-03,5.11193235e+01,6.37175072e-05
0.747141,2.15519280e+02,-3.96299796e+00,-1.30426730e+01,-5.95566687e-01,-3.32777799e-03,-3.80191915e-03,9.95036577e-04,5.13385747e+01,6.26185181e-05
0.747688,2.15156651e+02,-4.10352667e+00,-1.35835305e+01,-6.24376777e-01,-3.23517622e-03,-4.06810061e-03,9.45813678e-04,5.16161053e+01,6.17406234e-05
0.748235,2.14788865e+02,-4.12700656e+00,-1.35712486e+01,-6.01161932e-01,-3.22430584e-03,-4.01212583e-03,1.03765713e-03,5.20222650e+01,6.13738120e-05
0.748782,2.14415903e+02,-4.20689683e+00,-1.37833411e+01,-6.28954068e-01,-3.25216913e-03,-4.07983087e-03,8.00730914e-04,5.23688989e+01,6.04877104e-05
0.749329,2.14037755e+02,-4.25098159e+00,-1.38731132e+01,-6.28275985e-01,-3.21521810e-03,-4.09235915e-03,7.66010617e-04,5.27284460e+01,5.97008108e-05
0.749876,2.13654407e+02,-4.18514698e+00,-1.33990169e+01,-5.89764081e-01,-3.36877183e-03,-3.75989124e-03,7.57597505e-04,5.30941532e+01,5.89104651e-05
0.750423,2.13265871e+02,-4.34518509e+00,-1.39685035e+01,-6.21538007e-01,-3.32261308e-03,-4.02000023e-03,7.02175931e-04,5.32424756e+01,5.74968104e-05
0.750970,2.12872141e+02,-4.35546022e+00,-1.38837193e+01,-6.05052301e-01,-3.34414912e-03,-3.92022538e-03,7.20110536e-04,5.36046171e+01,5.71172663e-05
0.751517,2.12473202e+02,-4.46574213e+00,-1.42496492e+01,-6.32660144e-01,-3.28515195e-03,-4.08172818e-03,5.87786017e-04,5.39139796e+01,5.61658110e-05
0.752064,2.12069045e+02,-4.38735123e+00,-1.36805442e+01,-6.01569332e-01,-3.56202854e-03,-3.67075650e-03,4.97018483e-04,5.43131851e+01,5.56230623e-05
0.752611,2.11659674e+02,-4.36781330e+00,-1.34900092e+01,-5.53062274e-01,-3.52384843e-03,-3.53013472e-03,7.63229452e-04,5.43824432e+01,5.40541332e-05
0.753158,2.11245113e+02,-4.36625542e+00,-1.33047229e+01,-5.61262971e-01,-3.63789689e-03,-3.37511691e-03,5.12250003e-04,5.45091101e+01,5.31488814e-05
0.753704,2.10825371e+02,-4.40795459e+00,-1.33641315e+01,-5.11418031e-01,-3.58092074e-03,-3.35004021e-03,9.20436156e-04,5.46598377e+01,5.20239999e-05
0.754251,2.10400452e+02,-4.42297872e+00,-1.32413260e+01,-5.09564812e-01,-3.69953791e-03,-3.21600294e-03,7.77688176e-04,5.48353561e+01,5.13856184e-05
0.754798,2.09970359e+02,-4.64019676e+00,-1.40160587e+01,-5.31808761e-01,-3.56891728e-03,-3.57397718e-03,8.77893962e-04,5.50361953e+01,5.03491808e-05
0.755345,2.09535073e+02,-4.71276333e+00,-1.41742446e+01,-5.45415616e-01,-3.57795295e-03,-3.60292738e-03,7.40262749e-04,5.54455849e+01,5.02580169e-05
0.755892,2.09094572e+02,-4.74269371e+00,-1.41961073e+01,-5.13816561e-01,-3.51884855e-03,-3.56780151e-03,9.47326617e-04,5.58582916e+01,4.95381798e-05
0.756439,2.08648852e+02,-4.74634286e+00,-1.41548485e+01,-4.80292300e-01,-3.38773440e-03,-3.52954916e-03,1.11956485e-03,5.62119371e+01,4.88582434e-05
0.756986,2.08197915e+02,-4.74406459e+00,-1.40170232e+01,-4.55862887e-01,-3.43047835e-03,-3.40082276e-03,1.15565161e-03,5.65417174e+01,4.82004163e-05
0.757533,2.07741767e+02,-4.74792032e+00,-1.38516852e+01,-4.52960470e-01,-3.58153095e-03,-3.24090399e-03,9.91005133e-04,5.68294800e+01,4.73004768e-05
0.758080,2.07280418e+02,-4.91550652e+00,-1.43720355e+01,-4.95684917e-01,-3.54172982e-03,-3.46341065e-03,7.48029585e-04,5.70523156e+01,4.62487227e-05
0.758627,2.06813863e+02,-4.90918952e+00,-1.41812622e+01,-4.70945823e-01,-3.66513913e-03,-3.27967074e-03,8.04664682e-04,5.74443872e+01,4.58252899e-05
0.759174,2.06342095e+02,-5.00536960e+00,-1.44595420e+01,-4.49238791e-01,-3.55424372e-03,-3.37417161e-03,1.03046938e-03,5.77210827e+01,4.48511757e-05
0.759721,2.05865117e+02,-4.98867872e+00,-1.42545301e+01,-4.22788941e-01,-3.63135775e-03,-3.20205732e-03,1.07005683e-03,5.80659699e+01,4.44474947e-05
0.760268,2.05382932e+02,-5.07517769e+00,-1.45364111e+01,-3.99574602e-01,-3.42769132e-03,-3.32712773e-03,1.28260831e-03,5.83284058e+01,4.35249903e-05
0.760815,2.04895542e+02,-5.16752358e+00,-1.46118524e+01,-4.09257368e-01,-3.76632301e-03,-3.21278404e-03,1.10543120e-03,5.86668136e+01,4.32177333e-05
0.761362,2.04402945e+02,-5.31732978e+00,-1.50772606e+01,-3.96169254e-01,-3.62996017e-03,-3.39271827e-03,1.29976520e-03,5.89118004e+01,4.22103396e-05
0.761909,2.03905134e+02,-5.39553916e+00,-1.51957939e+01,-4.04158202e-01,-3.73966414e-03,-3.36660648e-03,1.14878402e-03,5.92866859e+01,4.19621698e-05
0.762456,2.03402102e+02,-5.44886610e+00,-1.53168149e+01,-3.70348579e-01,-3.62056251e-03,-3.38295970e-03,1.37962012e-03,5.96588505e+01,4.11998463e-05
0.763003,2.02893850e+02,-5.61002624e+00,-1.56661274e+01,-4.10750289e-01,-3.85664388e-03,-3.43365052e-03,1.02516010e-03,6.00126554e+01,4.07455525e-05
0.763550,2.02380375e+02,-5.64740096e+00,-1.56675077e+01,-3.78619407e-01,-3.88102610e-03,-3.35203901e-03,1.20890862e-03,6.03607115e+01,3.99666529e-05
0.764097,2.01861676e+02,-5.61405942e+00,-1.53590136e+01,-3.75635562e-01,-4.08208941e-03,-3.11925791e-03,1.00249011e-03,6.06802167e+01,3.93163735e-05
0.764644,2.01337768e+02,-5.83780417e+00,-1.60237367e+01,-3.91524918e-01,-3.99234298e-03,-3.37299545e-03,1.00571164e-03,6.08516132e+01,3.82382267e-05
0.765191,2.00808651e+02,-5.87082595e+00,-1.60363326e+01,-3.63337900e-01,-3.94900880e-03,-3.31693828e-03,1.15756741e-03,6.12757913e+01,3.80333315e-05
0.765738,2.00274319e+02,-5.92087502e+00,-1.61080094e+01,-3.53359457e-01,-3.90345489e-03,-3.30389429e-03,1.15510335e-03,6.16485140e+01,3.74724606e-05
0.766284,1.99734778e+02,-5.89672481e+00,-1.59207138e+01,-3.11125622e-01,-3.89326699e-03,-3.15257845e-03,1.34992566e-03,6.20404757e+01,3.69096261e-05
0.766831,1.99190041e+02,-5.94950632e+00,-1.60698785e+01,-2.88000449e-01,-3.67460000e-03,-3.21630154e-03,1.46992117e-03,6.23177414e+01,3.62482351e-05
0.767378,1.98640116e+02,-5.97514712e+00,-1.60879176e+01,-2.69955931e-01,-3.58618456e-03,-3.19235607e-03,1.49222301e-03,6.26602499e+01,3.59344971e-05
0.767925,1.98085011e+02,-6.07842140e+00,-1.62128141e+01,-2.76490297e-01,-3.86142331e-03,-3.11143249e-03,1.33513875e-03,6.30398028e+01,3.54224955e-05
0.768472,1.97524731e+02,-6.26106496e+00,-1.67416414e+01,-3.06451602e-01,-3.73397107e-03,-3.32905133e-03,1.10824453e-03,6.33599475e+01,3.46049398e-05
0.769019,1.96959275e+02,-6.32787438e+00,-1.67386772e+01,-2.86023389e-01,-4.02303875e-03,-3.16285202e-03,1.18432768e-03,6.37947902e+01,3.43109392e-05
0.769566,1.96388642e+02,-6.28752784e+00,-1.65038405e+01,-2.39416893e-01,-4.00988317e-03,-2.98951279e-03,1.41043469e-03,6.40834688e+01,3.35088966e-05
0.770113,1.95812851e+02,-6.40201759e+00,-1.67267901e+01,-2.48861130e-01,-4.07803772e-03,-3.01110879e-03,1.25704262e-03,6.42893771e+01,3.29169172e-05
0.770660,1.95231912e+02,-6.41638022e+00,-1.66463481e+01,-2.34315868e-01,-4.11610015e-03,-2.90680514e-03,1.24376315e-03,6.46430080e+01,3.23561351e-05
0.771207,1.94645835e+02,-6.47314325e+00,-1.67264747e+01,-2.22159305e-01,-4.07159549e-03,-2.88943939e-03,1.25434018e-03,6.49802023e+01,3.17414800e-05
0.771754,1.94054632e+02,-6.51863047e+00,-1.67816779e+01,-2.05932156e-01,-4.00482245e-03,-2.86560548e-03,1.29242347e-03,6.53626305e+01,3.12879512e-05
0.772301,1.93458312e+02,-6.57717743e+00,-1.68915327e+01,-1.97376512e-01,-3.90588938e-03,-2.87944205e-03,1.27292403e-03,6.57522774e+01,3.08646724e-05
0.772848,1.92856887e+02,-6.62235388e+00,-1.69927745e+01,-1.92101473e-01,-3.73254158e-03,-2.91756945e-03,1.22297732e-03,6.61648253e+01,3.04814569e-05
0.773395,1.92250364e+02,-6.63419919e+00,-1.69450089e+01,-1.58260937e-01,-3.69412998e-03,-2.82959370e-03,1.39414282e-03,6.65826810e+01,3.01555585e-05
0.773942,1.91638758e+02,-6.70597110e+00,-1.70076058e+01,-1.50752670e-01,-3.84658862e-03,-2.74697061e-03,1.34427015e-03,6.69282858e+01,2.97550712e-05
0.774489,1.91022083e+02,-6.69483338e+00,-1.68541232e+01,-1.26946708e-01,-3.90011945e-03,-2.60494963e-03,1.39337568e-03,6.72750857e+01,2.91720722e-05
0.775036,1.90400354e+02,-6.74454021e+00,-1.69802520e+01,-9.07345246e-02,-3.67134680e-03,-2.63582037e-03,1.60966680e-03,6.75680877e+01,2.86429998e-05
0.775583,1.89773587e+02,-6.82003629e+00,-1.69978423e+01,-7.22794984e-02,-3.96935347e-03,-2.47945959e-03,1.62770360e-03,6.78465187e+01,2.85226442e-05
0.776130,1.89141797e+02,-6.89618773e+00,-1.70985173e+01,-7.00578486e-02,-4.01985975e-03,-2.44912167e-03,1.51767579e-03,6.80710403e+01,2.78836779e-05
0.776677,1.88504995e+02,-7.02264036e+00,-1.74111371e+01,-6.97149175e-02,-3.88293940e-03,-2.54840676e-03,1.44274896e-03,6.84179989e+01,2.74263610e-05
0.777224,1.87863193e+02,-7.05654690e+00,-1.74109943e+01,-4.02077669e-02,-3.87716449e-03,-2.46715905e-03,1.57023265e-03,6.88369239e+01,2.72084276e-05
0.777771,1.87216401e+02,-7.18343466e+00,-1.76145702e+01,-4.98683704e-02,-4.05422898e-03,-2.44006387e-03,1.37719631e-03,6.91986037e+01,2.68910932e-05
0.778317,1.86564633e+02,-7.23089462e+00,-1.76605536e+01,-2.98829086e-02,-4.01201102e-03,-2.39425123e-03,1.43555380e-03,6.95830378e+01,2.63693287e-05
0.778864,1.85907902e+02,-7.19671784e+00,-1.74344354e+01,1.76296683e-02,-4.08065477e-03,-2.19409709e-03,1.68473935e-03,6.99687492e+01,2.60916005e-05
0.779411,1.85246229e+02,-7.33385105e+00,-1.78129660e+01,3.47070270e-02,-3.80037060e-03,-2.33817185e-03,1.73947083e-03,7.01402389e+01,2.57659223e-05
0.779958,1.84579632e+02,-7.49780671e+00,-1.80483497e+01,5.82453124e-02,-4.16062862e-03,-2.21762796e-03,1.82616188e-03,7.03979624e+01,2.57793007e-05
0.780505,1.83908121e+02,-7.69200496e+00,-1.84567199e+01,4.30045896e-02,-4.24287149e-03,-2.28941236e-03,1.58332745e-03,7.06544098e+01,2.53138372e-05
0.781052,1.83231705e+02,-7.73195780e+00,-1.84316339e+01,6.76696407e-02,-4.32495829e-03,-2.17173346e-03,1.65489593e-03,7.10521367e+01,2.49466147e-05
0.781599,1.82550396e+02,-7.85258664e+00,-1.87244833e+01,7.44223761e-02,-4.12483997e-03,-2.26753616e-03,1.59981617e-03,7.14003949e+01,2.46491572e-05
0.782146,1.81864212e+02,-7.85252605e+00,-1.86973795e+01,6.84768929e-02,-3.92520838e-03,-2.28212477e-03,1.39602780e-03,7.17621172e+01,2.45699284e-05
0.782693,1.81173170e+02,-8.11998672e+00,-1.91631004e+01,9.68913393e-02,-4.39593381e-03,-2.17623464e-03,1.57637635e-03,7.20894703e+01,2.43756813e-05
0.783240,1.80477284e+02,-8.22710630e+00,-1.94067778e+01,1.18835031e-01,-4.20579419e-03,-2.22599145e-03,1.65048871e-03,7.23702823e+01,2.39947777e-05
0.783787,1.79776567e+02,-8.27331251e+00,-1.93812274e+01,1.49704410e-01,-4.34328517e-03,-2.07916801e-03,1.77034055e-03,7.26812921e+01,2.39926141e-05
0.784334,1.79071038e+02,-8.40451232e+00,-1.96341508e+01,1.53377461e-01,-4.32240109e-03,-2.10382403e-03,1.66312755e-03,7.29344316e+01,2.37738336e-05
0.784881,1.78360717e+02,-8.47466657e+00,-1.96607425e+01,1.74228544e-01,-4.48609687e-03,-1.97556390e-03,1.69933155e-03,7.33056994e+01,2.35995422e-05
0.785428,1.77645622e+02,-8.56662143e+00,-1.98406108e+01,1.87143126e-01,-4.34838788e-03,-2.00026227e-03,1.67152690e-03,7.36264915e+01,2.33689454e-05
0.785975,1.76925774e+02,-8.54538584e+00,-1.97163837e+01,2.24111085e-01,-4.23340224e-03,-1.89546674e-03,1.83862308e-03,7.39700260e+01,2.33295247e-05
0.786522,1.76201197e+02,-8.56522853e+00,-1.97042564e+01,2.41570421e-01,-4.12221314e-03,-1.85347180e-03,1.82379824e-03,7.41914498e+01,2.33653252e-05
0.787069,1.75471920e+02,-8.64127412e+00,-1.97875891e+01,2.57840969e-01,-4.17253520e-03,-1.78706735e-03,1.80630060e-03,7.44603570e+01,2.33340763e-05
0.787616,1.74737966e+02,-8.73074026e+00,-1.98429512e+01,2.80084094e-01,-4.40258943e-03,-1.64441762e-03,1.84180148e-03,7.47888060e+01,2.32286630e-05
0.788163,1.73999357e+02,-8.92017081e+00,-2.02900278e+01,2.84650288e-01,-4.20246807e-03,-1.77391024e-03,1.72906158e-03,7.50659613e+01,2.30664839e-05
0.788710,1.73256113e+02,-9.07537297e+00,-2.05127531e+01,3.22262404e-01,-4.42304965e-03,-1.65138106e-03,1.91198613e-03,7.53369266e+01,2.30977554e-05
0.789257,1.72508253e+02,-8.98362685e+00,-2.02054847e+01,3.66284372e-01,-4.31263542e-03,-1.48326224e-03,2.12274634e-03,7.56012155e+01,2.30588105e-05
0.789804,1.71755804e+02,-9.09429179e+00,-2.03692818e+01,3.81991369e-01,-4.35602783e-03,-1.44295541e-03,2.06905175e-03,7.56768944e+01,2.32275605e-05
0.790351,1.70998796e+02,-9.14144347e+00,-2.03986649e+01,4.01257832e-01,-4.31100147e-03,-1.38597927e-03,2.05257634e-03,7.59545730e+01,2.31978667e-05
0.790897,1.70237256e+02,-9.13780817e+00,-2.03206569e+01,4.28097582e-01,-4.20189027e-03,-1.30873861e-03,2.10551000e-03,7.62435886e+01,2.32491871e-05
0.791444,1.69471212e+02,-9.17086748e+00,-2.02834702e+01,4.60807801e-01,-4.25724411e-03,-1.18139629e-03,2.20508990e-03,7.64674696e+01,2.33880267e-05
0.791991,1.68700695e+02,-9.28154616e+00,-2.05228906e+01,4.65779801e-01,-4.05436461e-03,-1.25654224e-03,2.04192503e-03,7.66735040e+01,2.34913034e-05
0.792538,1.67925733e+02,-9.54712120e+00,-2.09735044e+01,4.86823381e-01,-4.40229599e-03,-1.17911775e-03,2.02743360e-03,7.68328425e+01,2.35746056e-05
0.793085,1.67146346e+02,-9.59650748e+00,-2.09178683e+01,5.19274543e-01,-4.62512936e-03,-9.86605202e-04,2.13354447e-03,7.71699629e+01,2.34936466e-05
0.793632,1.66362556e+02,-9.68965648e+00,-2.10341889e+01,5.34996421e-01,-4.62762690e-03,-9.39552661e-04,2.07202830e-03,7.73640100e+01,2.35854277e-05
0.794179,1.65574392e+02,-9.81358572e+00,-2.11935993e+01,5.36386432e-01,-4.74164213e-03,-8.90770048e-04,1.88560598e-03,7.76706312e+01,2.36854082e-05
0.794726,1.64781881e+02,-9.87638122e+00,-2.12268554e+01,5.74705475e-01,-4.74435958e-03,-7.74850861e-04,2.05334862e-03,7.80047540e+01,2.36889868e-05
0.795273,1.63985050e+02,-9.69472422e+00,-2.08800854e+01,6.01783215e-01,-4.07291125e-03,-8.01995035e-04,2.13630329e-03,7.82251004e+01,2.39486062e-05
0.795820,1.63183942e+02,-9.97499090e+00,-2.13807846e+01,6.29073783e-01,-4.31624362e-03,-7.55811509e-04,2.13753909e-03,7.76264193e+01,2.44556131e-05
0.796367,1.62378592e+02,-1.00330672e+01,-2.14102782e+01,6.53084280e-01,-4.33510419e-03,-6.63300549e-04,2.15307782e-03,7.77626332e+01,2.45162480e-05
0.796914,1.61569025e+02,-9.90365393e+00,-2.10797830e+01,6.86001747e-01,-4.06284286e-03,-5.58364544e-04,2.28643647e-03,7.79511212e+01,2.47267643e-05
0.797461,1.60755281e+02,-9.86014153e+00,-2.08996159e+01,7.15216767e-01,-3.99496766e-03,-4.38514712e-04,2.35819438e-03,7.78522250e+01,2.51492376e-05
0.798008,1.59937403e+02,-1.02790366e+01,-2.16307454e+01,7.41672513e-01,-4.52125396e-03,-3.61481815e-04,2.28171800e-03,7.78412207e+01,2.54687078e-05
0.798555,1.59115417e+02,-1.03880545e+01,-2.18402650e+01,7.65978361e-01,-4.30475974e-03,-3.85036395e-04,2.26238832e-03,7.81002927e+01,2.54285981e-05
0.799102,1.58289345e+02,-1.05858795e+01,-2.21274276e+01,7.98258451e-01,-4.53958179e-03,-2.70946712e-04,2.29923016e-03,7.82000872e+01,2.57115119e-05
0.799649,1.57459218e+02,-1.05468273e+01,-2.19559553e+01,8.36761320e-01,-4.43122347e-03,-1.38548173e-04,2.45827021e-03,7.84360984e+01,2.59024623e-05
0.800196,1.56625071e+02,-1.05344216e+01,-2.18767150e+01,8.54401840e-01,-4.24651169e-03,-9.97657932e-05,2.40301325e-03,7.84395473e+01,2.63245750e-05
0.800743,1.55786947e+02,-1.05764633e+01,-2.18581080e+01,8.90820401e-01,-4.28210492e-03,3.24844697e-05,2.50996064e-03,7.84035029e+01,2.66511054e-05
0.801290,1.54944886e+02,-1.06777471e+01,-2.19914459e+01,9.08109428e-01,-4.27058430e-03,7.24709779e-05,2.40782591e-03,7.84217695e+01,2.70071588e-05
0.801837,1.54098925e+02,-1.07260850e+01,-2.20088573e+01,9.22310772e-01,-4.24329223e-03,1.32154463e-04,2.31008939e-03,7.85332239e+01,2.72539809e-05
0.802384,1.53249101e+02,-1.06195847e+01,-2.17278335e+01,9.56652597e-01,-4.01367185e-03,2.44705050e-04,2.46274854e-03,7.86497916e+01,2.75351898e-05
0.802930,1.52395458e+02,-1.07925039e+01,-2.19499242e+01,1.00132817e+00,-4.24334275e-03,3.96524191e-04,2.58243206e-03,7.84339468e+01,2.80398559e-05
0.803477,1.51538039e+02,-1.08364775e+01,-2.19854706e+01,1.02147501e+00,-4.10393741e-03,4.26384039e-04,2.51549669e-03,7.84495469e+01,2.83618433e-05
0.804024,1.50676880e+02,-1.09033168e+01,-2.20410825e+01,1.03590704e+00,-4.09213375e-03,4.79036157e-04,2.39864644e-03,7.84174539e+01,2.87000826e-05
0.804571,1.49812023e+02,-1.09697153e+01,-2.20862938e+01,1.04808406e+00,-4.11272605e-03,5.42199791e-04,2.27392355e-03,7.84585202e+01,2.89958703e-05
0.805118,1.48943506e+02,-1.09769881e+01,-2.20159045e+01,1.08594353e+00,-4.04678855e-03,6.67297860e-04,2.41872984e-03,7.85481437e+01,2.92933381e-05
0.805665,1.48071373e+02,-1.10816957e+01,-2.21092421e+01,1.12101514e+00,-4.17252435e-03,8.02394069e-04,2.47842100e-03,7.84599273e+01,2.97622898e-05
0.806212,1.47195667e+02,-1.10992753e+01,-2.20359298e+01,1.15130984e+00,-4.19543444e-03,9.35104560e-04,2.53623587e-03,7.84819973e+01,3.01403219e-05
0.806759,1.46316429e+02,-1.08618214e+01,-2.15043519e+01,1.17484480e+00,-3.85668976e-03,1.04795864e-03,2.66390017e-03,7.84668762e+01,3.05705026e-05
0.807306,1.45433714e+02,-1.08235259e+01,-2.13789769e+01,1.18286879e+00,-3.67425850e-03,1.06793823e-03,2.52442053e-03,7.79353320e+01,3.11711911e-05
0.807853,1.44547580e+02,-1.11082400e+01,-2.18054394e+01,1.25668850e+00,-3.98403854e-03,1.26928038e-03,2.81128062e-03,7.75603103e+01,3.15527371e-05
0.808400,1.43658067e+02,-1.12687409e+01,-2.21063085e+01,1.27562722e+00,-3.79025543e-03,1.21112934e-03,2.62063295e-03,7.73674966e+01,3.19757232e-05
0.808947,1.42765213e+02,-1.14564732e+01,-2.23728864e+01,1.29727256e+00,-3.95037258e-03,1.28036601e-03,2.47838140e-03,7.69974179e+01,3.22615001e-05
0.809494,1.41869057e+02,-1.15804031e+01,-2.25038754e+01,1.32505327e+00,-4.07473731e-03,1.39221422e-03,2.44614850e-03,7.69967449e+01,3.25454504e-05
0.810041,1.40969637e+02,-1.16633234e+01,-2.25635793e+01,1.34297819e+00,-4.13360804e-03,1.47807775e-03,2.35187934e-03,7.70874551e+01,3.29191199e-05
0.810588,1.40066996e+02,-1.14420017e+01,-2.20901410e+01,1.38188919e+00,-3.72935477e-03,1.60848480e-03,2.65107363e-03,7.71536309e+01,3.32917333e-05
0.811135,1.39161192e+02,-1.11011841e+01,-2.13791287e+01,1.37143004e+00,-3.36294659e-03,1.66739067e-03,2.57344638e-03,7.61678998e+01,3.39895725e-05
0.811682,1.38252296e+02,-1.14925074e+01,-2.19917003e+01,1.45344423e+00,-3.77007573e-03,1.87856346e-03,2.81783642e-03,7.53047300e+01,3.45617690e-05
0.812229,1.37340359e+02,-1.17071730e+01,-2.23803348e+01,1.47747014e+00,-3.63605955e-03,1.82981234e-03,2.60953262e-03,7.50496744e+01,3.49601241e-05
0.812776,1.36425417e+02,-1.22196618e+01,-2.32153487e+01,1.54799576e+00,-4.13108432e-03,1.99077026e-03,2.64193413e-03,7.46413717e+01,3.52431915e-05
0.813323,1.35507502e+02,-1.22087257e+01,-2.31190251e+01,1.57164491e+00,-4.00014160e-03,2.07320187e-03,2.63986080e-03,7.47707338e+01,3.55137022e-05
0.813870,1.34586653e+02,-1.18372420e+01,-2.23719681e+01,1.56707285e+00,-3.53512957e-03,2.13629649e-03,2.67197050e-03,7.45887589e+01,3.59963426e-05
0.814417,1.33662937e+02,-1.18552330e+01,-2.22778387e+01,1.62574308e+00,-3.63365065e-03,2.37331943e-03,2.97506627e-03,7.36308360e+01,3.66425292e-05
0.814964,1.32736424e+02,-1.18807585e+01,-2.22198415e+01,1.65748824e+00,-3.67152436e-03,2.50172178e-03,2.99365079e-03,7.28688860e+01,3.72527300e-05
0.815510,1.31807167e+02,-1.19945129e+01,-2.23534847e+01,1.68562031e+00,-3.67103320e-03,2.55977612e-03,2.89203219e-03,7.25313823e+01,3.77343671e-05
0.816057,1.30875218e+02,-1.22408998e+01,-2.26904070e+01,1.73236585e+00,-3.90807601e-03,2.69394280e-03,2.86268407e-03,7.22979558e+01,3.81277452e-05
0.816604,1.29940621e+02,-1.19353093e+01,-2.20956276e+01,1.73791172e+00,-3.40104679e-03,2.73291932e-03,2.93151220e-03,7.22921377e+01,3.85091670e-05
0.817151,1.29003438e+02,-1.17497953e+01,-2.16671484e+01,1.74752112e+00,-3.24977217e-03,2.83628658e-03,2.94693367e-03,7.11685143e+01,3.91483139e-05
0.817698,1.28063745e+02,-1.15563259e+01,-2.12612699e+01,1.73462279e+00,-2.99109715e-03,2.83219765e-03,2.75623371e-03,7.04042345e+01,3.97185816e-05
0.818245,1.27121612e+02,-1.13334059e+01,-2.07890209e+01,1.72363676e+00,-2.78119620e-03,2.86971506e-03,2.63990541e-03,6.96019382e+01,4.01968035e-05
0.818792,1.26177109e+02,-1.20973661e+01,-2.20372084e+01,1.85358251e+00,-3.45527152e-03,3.13605911e-03,2.84908953e-03,6.88943232e+01,4.07210380e-05
0.819339,1.25230279e+02,-1.20468278e+01,-2.18678675e+01,1.88109648e+00,-3.31926796e-03,3.24061514e-03,2.90415584e-03,6.88859137e+01,4.10180380e-05
0.819886,1.24281160e+02,-1.17867300e+01,-2.13311091e+01,1.87967601e+00,-3.03599193e-03,3.30626851e-03,2.90942680e-03,6.84998608e+01,4.15627848e-05
0.820433,1.23329824e+02,-1.21627886e+01,-2.18854072e+01,1.95869403e+00,-3.37566634e-03,3.49964274e-03,2.99434364e-03,6.76854888e+01,4.21626474e-05
0.820980,1.22376330e+02,-1.20966225e+01,-2.16741030e+01,1.98293946e+00,-3.29297902e-03,3.61566774e-03,3.03468735e-03,6.74942409e+01,4.25655012e-05
0.821527,1.21420730e+02,-1.16201276e+01,-2.07704017e+01,1.95587003e+00,-2.81225288e-03,3.64451455e-03,3.04297392e-03,6.70491070e+01,4.31145894e-05
0.822074,1.20463106e+02,-1.16661371e+01,-2.07443262e+01,2.00227652e+00,-2.89473069e-03,3.81631663e-03,3.16253055e-03,6.57627272e+01,4.37969252e-05
0.822621,1.19503535e+02,-1.18370861e+01,-2.10199939e+01,2.02043943e+00,-2.78491088e-03,3.74221471e-03,2.83381705e-03,6.51034629e+01,4.43396151e-05
0.823168,1.18542076e+02,-1.18088467e+01,-2.08886597e+01,2.05829368e+00,-2.70752422e-03,3.88502101e-03,2.96834266e-03,6.42204447e+01,4.46224034e-05
0.823715,1.17578788e+02,-1.14243681e+01,-2.01529016e+01,2.03136233e+00,-2.36477839e-03,3.90681604e-03,2.91576206e-03,6.35074060e+01,4.51991171e-05
0.824262,1.16613751e+02,-1.14203787e+01,-2.00429198e+01,2.07687495e+00,-2.41408871e-03,4.09650046e-03,3.09271190e-03,6.24488039e+01,4.58214937e-05
0.824809,1.15647046e+02,-1.20227419e+01,-2.10329349e+01,2.16229999e+00,-2.71449003e-03,4.13691261e-03,2.84850869e-03,6.17030155e+01,4.64103572e-05
0.825356,1.14678716e+02,-1.21523025e+01,-2.11664521e+01,2.23607054e+00,-2.73390883e-03,4.35728795e-03,3.11316420e-03,6.13833079e+01,4.65760231e-05
0.825903,1.13708805e+02,-1.20649464e+01,-2.09483630e+01,2.24386093e+00,-2.58913236e-03,4.39214019e-03,3.01684995e-03,6.08053448e+01,4.71630982e-05
0.826450,1.12737383e+02,-1.21031867e+01,-2.09170486e+01,2.28196317e+00,-2.63160333e-03,4.53158879e-03,3.06178954e-03,6.01169996e+01,4.76578147e-05
0.826997,1.11764518e+02,-1.21245328e+01,-2.08809857e+01,2.29868550e+00,-2.59019830e-03,4.56590399e-03,2.91731263e-03,5.96003403e+01,4.81762841e-05
0.827543,1.10790275e+02,-1.20591708e+01,-2.06775963e+01,2.32777035e+00,-2.52857742e-03,4.70899745e-03,3.02178855e-03,5.90586871e+01,4.86084372e-05
0.828090,1.09814723e+02,-1.14507093e+01,-1.95847385e+01,2.26613799e+00,-2.02288629e-03,4.69576455e-03,3.01052223e-03,5.83696393e+01,4.91940471e-05
0.828637,1.08837959e+02,-1.12939835e+01,-1.92436836e+01,2.26549325e+00,-1.91861866e-03,4.74711274e-03,2.95666868e-03,5.68562496e+01,4.99215040e-05
0.829184,1.07860078e+02,-1.13563855e+01,-1.92540170e+01,2.31112597e+00,-2.00038902e-03,4.90504546e-03,3.03414841e-03,5.59554127e+01,5.04590621e-05
0.829731,1.06881153e+02,-1.16471824e+01,-1.96616958e+01,2.37136161e+00,-2.19132415e-03,4.99199590e-03,2.90449811e-03,5.53810925e+01,5.09794666e-05
0.830278,1.05901239e+02,-1.14921116e+01,-1.93250035e+01,2.39396960e+00,-2.00878811e-03,5.13252891e-03,3.07398305e-03,5.50867693e+01,5.13113423e-05
0.830825,1.04920404e+02,-1.16834519e+01,-1.95639006e+01,2.44549875e+00,-2.12025066e-03,5.22267760e-03,2.99119404e-03,5.41645347e+01,5.19625393e-05
0.831372,1.03938721e+02,-1.11418502e+01,-1.86215706e+01,2.38175403e+00,-1.61308153e-03,5.16355818e-03,2.93032896e-03,5.36892696e+01,5.23547744e-05
0.831919,1.02956273e+02,-1.10588784e+01,-1.84095385e+01,2.39010580e+00,-1.56953252e-03,5.21857188e-03,2.87182108e-03,5.22210577e+01,5.30354778e-05
0.832466,1.01973159e+02,-1.06291602e+01,-1.76432992e+01,2.34170995e+00,-1.24080384e-03,5.20197377e-03,2.82387011e-03,5.14084304e+01,5.35390422e-05
0.833013,1.00989467e+02,-1.06856287e+01,-1.76594623e+01,2.37812392e+00,-1.30056554e-03,5.30528099e-03,2.81575644e-03,5.02414511e+01,5.41857379e-05
0.833560,1.00005285e+02,-1.09895620e+01,-1.80523763e+01,2.46477406e+00,-1.59348314e-03,5.52198672e-03,2.89080557e-03,4.96202217e+01,5.46554989e-05
0.834107,9.90206709e+01,-1.08460046e+01,-1.77450330e+01,2.47250686e+00,-1.46058864e-03,5.60411043e-03,2.92752373e-03,4.93374538e+01,5.50713990e-05
0.834654,9.80356934e+01,-1.11379450e+01,-1.81307762e+01,2.54660157e+00,-1.68702107e-03,5.73655223e-03,2.87305707e-03,4.86192040e+01,5.56507444e-05
0.835201,9.70504204e+01,-1.06427526e+01,-1.73012111e+01,2.48178772e+00,-1.16203286e-03,5.64750809e-03,2.80488607e-03,4.82980951e+01,5.60011862e-05
0.835748,9.60649361e+01,-1.09853149e+01,-1.77682315e+01,2.57296066e+00,-1.41175996e-03,5.81874577e-03,2.81360112e-03,4.67804517e+01,5.66676568e-05
0.836295,9.50793237e+01,-1.04233520e+01,-1.68178313e+01,2.50607415e+00,-9.19057068e-04,5.80701176e-03,2.87846647e-03,4.63134597e+01,5.70230355e-05
0.836842,9.40936710e+01,-1.04950471e+01,-1.68455712e+01,2.55382991e+00,-1.02035000e-03,5.95670264e-03,2.93389388e-03,4.47508587e+01,5.77974974e-05
0.837389,9.31080772e+01,-9.98295228e+00,-1.59977226e+01,2.47452333e+00,-5.67845699e-04,5.83460045e-03,2.80476572e-03,4.40584876e+01,5.82888529e-05
0.837936,9.21226373e+01,-1.07837963e+01,-1.71631618e+01,2.67973653e+00,-1.14763872e-03,6.22706325e-03,3.01323775e-03,4.26913850e+01,5.89337196e-05
0.838483,9.11374181e+01,-1.05487393e+01,-1.67451412e+01,2.66838267e+00,-8.44979623e-04,6.24478545e-03,3.02414319e-03,4.24603374e+01,5.91818121e-05
0.839030,9.01524783e+01,-1.08735084e+01,-1.71496612e+01,2.77580460e+00,-1.14399407e-03,6.50930560e-03,3.15232310e-03,4.14873556e+01,5.97878225e-05
0.839576,8.91678954e+01,-1.07411374e+01,-1.68985180e+01,2.77086303e+00,-9.24194068e-04,6.46684801e-03,3.03097847e-03,4.10814543e+01,6.02049755e-05
0.840123,8.81837402e+01,-1.04447468e+01,-1.63681033e+01,2.73648150e+00,-7.26668119e-04,6.46576776e-03,2.98574845e-03,4.02263871e+01,6.06794691e-05
0.840670,8.72001098e+01,-1.04216908e+01,-1.62578371e+01,2.75752746e+00,-7.33437063e-04,6.52833397e-03,2.94284091e-03,3.93022444e+01,6.12754570e-05
0.841217,8.62170955e+01,-9.93969529e+00,-1.54636730e+01,2.67969582e+00,-3.55686865e-04,6.44261036e-03,2.86253145e-03,3.86696353e+01,6.17395224e-05
0.841764,8.52347983e+01,-9.73205970e+00,-1.50765511e+01,2.66130652e+00,-2.51215085e-04,6.46241615e-03,2.82539194e-03,3.74821403e+01,6.24080715e-05
0.842311,8.42533278e+01,-9.96414079e+00,-1.53227085e+01,2.76197376e+00,-5.16438355e-04,6.77776761e-03,3.04127021e-03,3.66437319e+01,6.29632846e-05
0.842858,8.32727642e+01,-9.89772549e+00,-1.51912123e+01,2.77157901e+00,-3.01861063e-04,6.72752782e-03,2.92814394e-03,3.61033855e+01,6.34599452e-05
0.843405,8.22931833e+01,-9.52900922e+00,-1.45807891e+01,2.70291269e+00,-5.62933430e-05,6.60490401e-03,2.75624207e-03,3.52361052e+01,6.38957792e-05
0.843952,8.13146841e+01,-9.37261369e+00,-1.42754984e+01,2.69915643e+00,2.15808595e-05,6.66952970e-03,2.77406843e-03,3.42971856e+01,6.44431975e-05
0.844499,8.03373695e+01,-9.25128781e+00,-1.40426680e+01,2.68996122e+00,1.14547962e-04,6.63090629e-03,2.65707755e-03,3.35353338e+01,6.50079521e-05
0.845046,7.93613321e+01,-9.08620415e+00,-1.37124353e+01,2.70120814e+00,1.97337206e-04,6.82742234e-03,2.84957628e-03,3.28344839e+01,6.54543258e-05
0.845593,7.83866701e+01,-8.82726808e+00,-1.33373320e+01,2.64879056e+00,6.05856473e-04,6.56559637e-03,2.56728591e-03,3.19101689e+01,6.61571501e-05
0.846140,7.74134888e+01,-9.83011662e+00,-1.47221089e+01,2.99164351e+00,3.23768682e-05,7.38782662e-03,3.25657626e-03,3.05536725e+01,6.65679920e-05
0.846687,7.64418488e+01,-1.00452197e+01,-1.50107987e+01,3.07788463e+00,9.27593943e-05,7.42575278e-03,3.19288971e-03,2.98282482e+01,6.69505341e-05
0.847234,7.54717910e+01,-9.61690796e+00,-1.43237870e+01,3.00481490e+00,4.14962552e-04,7.37249278e-03,3.14437699e-03,2.92571489e+01,6.72351142e-05
0.847781,7.45034118e+01,-9.92059975e+00,-1.47050104e+01,3.10793385e+00,1.86600736e-04,7.47006499e-03,3.08083987e-03,2.83072646e+01,6.79230649e-05
0.848328,7.35367984e+01,-9.84587100e+00,-1.45214649e+01,3.12736016e+00,2.31017356e-04,7.57742481e-03,3.11753339e-03,2.79583731e+01,6.81142766e-05
0.848875,7.25720207e+01,-9.54056212e+00,-1.40157799e+01,3.08113944e+00,4.48335946e-04,7.55965416e-03,3.07603717e-03,2.74129572e+01,6.86433455e-05
0.849422,7.16091846e+01,-9.05502814e+00,-1.32525574e+01,2.98394122e+00,7.56811523e-04,7.48130107e-03,3.00611213e-03,2.66250763e+01,6.92632444e-05
0.849969,7.06484163e+01,-8.93906712e+00,-1.30390300e+01,2.97453579e+00,8.29228060e-04,7.40635163e-03,2.86915321e-03,2.56729287e+01,6.99861053e-05
0.850516,6.96898287e+01,-8.71206372e+00,-1.26598641e+01,2.94031676e+00,9.68181118e-04,7.36918080e-03,2.79304045e-03,2.50429537e+01,7.03766255e-05
0.851063,6.87335199e+01,-8.18334143e+00,-1.18412225e+01,2.83663339e+00,1.31453514e-03,7.38186666e-03,2.83242548e-03,2.43863824e+01,7.09057216e-05
0.851610,6.77796192e+01,-7.74061408e+00,-1.11754517e+01,2.73499397e+00,1.60479779e-03,7.20924128e-03,2.67345211e-03,2.33317688e+01,7.17904849e-05
0.852156,6.68282670e+01,-7.72136717e+00,-1.10927648e+01,2.76322595e+00,1.57001619e-03,7.28317874e-03,2.67993724e-03,2.24549976e+01,7.24159333e-05
0.852703,6.58795713e+01,-7.68163247e+00,-1.09808470e+01,2.78503299e+00,1.55672023e-03,7.34741007e-03,2.67802213e-03,2.19565372e+01,7.28445136e-05
0.853250,6.49336200e+01,-7.86999598e+00,-1.11837741e+01,2.86977264e+00,1.35305805e-03,7.45271245e-03,2.67347597e-03,2.14935890e+01,7.32822405e-05
0.853797,6.39904870e+01,-7.83258047e+00,-1.10700201e+01,2.89251495e+00,1.34517158e-03,7.53148427e-03,2.68063588e-03,2.12119085e+01,7.35038153e-05
0.854344,6.30502473e+01,-7.15128271e+00,-1.00807517e+01,2.72819489e+00,1.89758587e-03,7.44859459e-03,2.64988551e-03,2.07750548e+01,7.39495596e-05
0.854891,6.21130373e+01,-7.14407353e+00,-1.00388103e+01,2.75144806e+00,1.90081564e-03,7.38787718e-03,2.55279562e-03,1.95498730e+01,7.49876687e-05
0.855438,6.11789884e+01,-7.00708533e+00,-9.79781244e+00,2.74483526e+00,1.97367442e-03,7.44256644e-03,2.55920255e-03,1.90275017e+01,7.52713916e-05
0.855985,6.02481942e+01,-7.04915842e+00,-9.81689237e+00,2.78500204e+00,1.92647935e-03,7.42673072e-03,2.49326289e-03,1.84898710e+01,7.58060862e-05
0.856532,5.93207462e+01,-6.97523001e+00,-9.67165923e+00,2.79034875e+00,1.95553451e-03,7.42062091e-03,2.44253964e-03,1.80970861e+01,7.60586667e-05
0.857079,5.83967293e+01,-6.66739719e+00,-9.20356348e+00,2.72753405e+00,2.17452891e-03,7.44257570e-03,2.43448502e-03,1.76518606e+01,7.64510884e-05
0.857626,5.74762586e+01,-6.43856438e+00,-8.85603668e+00,2.68022561e+00,2.31604365e-03,7.36987583e-03,2.34789675e-03,1.69618413e+01,7.71700710e-05
0.858173,5.65594599e+01,-6.36170581e+00,-8.70532625e+00,2.68704603e+00,2.32898410e-03,7.40630102e-03,2.33545211e-03,1.63780056e+01,7.76886142e-05
0.858720,5.56464412e+01,-6.16433769e+00,-8.40996991e+00,2.64840179e+00,2.47975580e-03,7.32807584e-03,2.24772711e-03,1.59187107e+01,7.81197013e-05
0.859267,5.47373094e+01,-6.05036287e+00,-8.20458129e+00,2.64596422e+00,2.51612597e-03,7.42034712e-03,2.27552690e-03,1.53710627e+01,7.86020501e-05
0.859814,5.38321774e+01,-5.73783346e+00,-7.76849580e+00,2.56456340e+00,2.78459333e-03,7.28075384e-03,2.15050668e-03,1.48747121e+01,7.91359773e-05
0.860361,5.29311679e+01,-5.53846325e+00,-7.47284384e+00,2.52089751e+00,2.89143906e-03,7.20541021e-03,2.06471872e-03,1.42225688e+01,7.97238544e-05
0.860908,5.20344053e+01,-5.23769988e+00,-7.03217486e+00,2.44781324e+00,3.08059347e-03,7.23727148e-03,2.04519987e-03,1.37154574e+01,8.01948336e-05
0.861455,5.11420193e+01,-5.43450594e+00,-7.25767319e+00,2.55314073e+00,2.90242323e-03,7.30100985e-03,2.07569718e-03,1.31065920e+01,8.09292541e-05
0.862002,5.02541121e+01,-5.36417549e+00,-7.14156941e+00,2.55540918e+00,2.95646559e-03,7.23654841e-03,2.00637231e-03,1.28330943e+01,8.09825491e-05
0.862549,4.93707633e+01,-5.14359805e+00,-6.79779184e+00,2.51514065e+00,3.10202932e-03,7.41183118e-03,2.06740330e-03,1.24389854e+01,8.12836402e-05
0.863096,4.84920965e+01,-4.85547508e+00,-6.40352474e+00,2.43369098e+00,3.33349677e-03,7.29190966e-03,1.95064345e-03,1.18534864e+01,8.20669386e-05
0.863643,4.76182554e+01,-5.01189592e+00,-6.58342964e+00,2.52540760e+00,3.18764839e-03,7.26853897e-03,1.94346723e-03,1.12910988e+01,8.26447934e-05
0.864189,4.67493412e+01,-4.62934950e+00,-6.07150465e+00,2.41045604e+00,3.57146267e-03,7.23670250e-03,1.85883612e-03,1.10224956e+01,8.26155070e-05
0.864736,4.58854725e+01,-4.62483393e+00,-6.02666655e+00,2.44514185e+00,3.51871983e-03,7.31718366e-03,1.88872289e-03,1.03646387e+01,8.34693300e-05
0.865283,4.50267879e+01,-4.37943225e+00,-5.70084578e+00,2.37616499e+00,3.75076944e-03,7.21373042e-03,1.78189632e-03,1.00118510e+01,8.37827806e-05
0.865830,4.41734110e+01,-4.36679057e+00,-5.65824381e+00,2.40451116e+00,3.72030443e-03,7.21463983e-03,1.77204656e-03,9.52073074e+00,8.43157794e-05
0.866377,4.33254646e+01,-4.23791039e+00,-5.45960261e+00,2.38584039e+00,3.78949108e-03,7.27118044e-03,1.76061915e-03,9.19802052e+00,8.45375578e-05
0.866924,4.24830671e+01,-4.11303317e+00,-5.29649051e+00,2.36278800e+00,3.91512077e-03,7.13738880e-03,1.66527727e-03,8.80993256e+00,8.50152312e-05
0.867471,4.16463467e+01,-3.96982235e+00,-5.09389175e+00,2.33238000e+00,4.00034393e-03,7.10758470e-03,1.60938828e-03,8.42228443e+00,8.52898235e-05
0.868018,4.08154324e+01,-3.66504673e+00,-4.67580362e+00,2.23070514e+00,4.20796584e-03,7.16860404e-03,1.54346814e-03,8.05114692e+00,8.56818914e-05
0.868565,3.99904819e+01,-3.70858262e+00,-4.71716261e+00,2.28665329e+00,4.16474054e-03,7.13059400e-03,1.54736503e-03,7.57131903e+00,8.64657407e-05
0.869112,3.91716366e+01,-3.56426879e+00,-4.53026682e+00,2.25159086e+00,4.28885553e-03,7.02402872e-03,1.45778183e-03,7.29791647e+00,8.65027386e-05
0.869659,3.83590181e+01,-3.44408608e+00,-4.36867671e+00,2.22693004e+00,4.36057016e-03,6.95050160e-03,1.39079903e-03,6.95088570e+00,8.67971376e-05
0.870206,3.75527669e+01,-3.22269698e+00,-4.06370993e+00,2.15606244e+00,4.51160436e-03,7.03428023e-03,1.34096679e-03,6.62819763e+00,8.70613692e-05
0.870753,3.67530442e+01,-2.97388137e+00,-3.74949015e+00,2.06458722e+00,4.70821073e-03,6.93395745e-03,1.21177389e-03,6.23701043e+00,8.76985983e-05
0.871300,3.59600301e+01,-2.96223651e+00,-3.72256563e+00,2.09526043e+00,4.68413849e-03,6.90686047e-03,1.21327251e-03,5.86060175e+00,8.81754947e-05
0.871847,3.51738804e+01,-2.82893673e+00,-3.55290149e+00,2.06175706e+00,4.79608888e-03,6.84503015e-03,1.14321944e-03,5.60907196e+00,8.82351503e-05
0.872394,3.43947450e+01,-2.75837930e+00,-3.46099751e+00,2.06012339e+00,4.83177483e-03,6.77211541e-03,1.10271587e-03,5.31011381e+00,8.84990323e-05
0.872941,3.36227845e+01,-2.72793731e+00,-3.39830620e+00,2.08308050e+00,4.80596590e-03,6.85369352e-03,1.13024251e-03,5.05102607e+00,8.85923682e-05
0.873488,3.28581593e+01,-2.59236102e+00,-3.23721301e+00,2.04606941e+00,4.95820905e-03,6.75657070e-03,1.04343186e-03,4.80611318e+00,8.87557275e-05
0.874035,3.21010458e+01,-2.44823941e+00,-3.04614341e+00,2.00239299e+00,5.04997430e-03,6.78192892e-03,9.86269290e-04,4.52230995e+00,8.89541955e-05
0.874582,3.13516401e+01,-2.42182392e+00,-3.00830079e+00,2.02697223e+00,5.04846674e-03,6.73225928e-03,9.84060919e-04,4.24917284e+00,8.92665929e-05
0.875129,3.06101338e+01,-2.25968667e+00,-2.80067769e+00,1.97004450e+00,5.18142225e-03,6.75155314e-03,9.04212199e-04,4.03662968e+00,8.92073757e-05
0.875676,2.98767309e+01,-2.13351618e+00,-2.64867294e+00,1.93224784e+00,5.27892079e-03,6.67069996e-03,8.26237263e-04,3.77347526e+00,8.95215582e-05
0.876223,2.91516575e+01,-2.02545216e+00,-2.51589391e+00,1.90484035e+00,5.35166708e-03,6.61984635e-03,7.67511612e-04,3.54076200e+00,8.96041121e-05
0.876769,2.84351402e+01,-1.90106538e+00,-2.36694547e+00,1.86574803e+00,5.44807163e-03,6.56000098e-03,6.91928058e-04,3.32492666e+00,8.96456450e-05
0.877316,2.77274191e+01,-1.83530712e+00,-2.29971055e+00,1.86497367e+00,5.49884510e-03,6.42010386e-03,6.50000801e-04,3.11174331e+00,8.96882488e-05
0.877863,2.70287382e+01,-1.74370387e+00,-2.17410662e+00,1.84760030e+00,5.55533199e-03,6.52204064e-03,6.29155401e-04,2.92916481e+00,8.94585664e-05
0.878410,2.63393609e+01,-1.59308989e+00,-2.00112937e+00,1.78658766e+00,5.70042020e-03,6.45353185e-03,5.18645144e-04,2.73565587e+00,8.95484949e-05
0.878957,2.56595829e+01,-1.65617382e+00,-2.07901070e+00,1.88218090e+00,5.61271309e-03,6.38862573e-03,6.27723512e-04,2.53894380e+00,8.95529371e-05
0.879504,2.49896881e+01,-1.50414057e+00,-1.91107512e+00,1.81869975e+00,5.80328409e-03,6.33012464e-03,5.01624794e-04,2.41643317e+00,8.89592164e-05
0.880051,2.43299833e+01,-1.45078267e+00,-1.84988245e+00,1.82766517e+00,5.82006009e-03,6.29145975e-03,4.97512614e-04,2.23388337e+00,8.89162234e-05
0.880598,2.36808149e+01,-1.34809575e+00,-1.72841630e+00,1.79670679e+00,5.89490663e-03,6.28652074e-03,4.35915073e-04,2.09479939e+00,8.85534339e-05
0.881145,2.30425474e+01,-1.26394814e+00,-1.63975469e+00,1.78089064e+00,5.96425855e-03,6.20405559e-03,3.87210780e-04,1.94835740e+00,8.83138257e-05
0.881692,2.24155748e+01,-1.19203019e+00,-1.56660297e+00,1.77475904e+00,6.01388427e-03,6.11600535e-03,3.54839724e-04,1.81665198e+00,8.78781029e-05
0.882239,2.18003118e+01,-1.10282253e+00,-1.46463914e+00,1.75213776e+00,6.07472034e-03,6.10878350e-03,3.04613972e-04,1.69647785e+00,8.73357553e-05
0.882786,2.11972088e+01,-1.07486376e+00,-1.44329716e+00,1.78691655e+00,6.07658254e-03,6.02815107e-03,3.42250842e-04,1.57706512e+00,8.68740340e-05
0.883333,2.06067446e+01,-9.25764967e-01,-1.27696374e+00,1.70659972e+00,6.24344258e-03,6.03302334e-03,1.82969030e-04,1.48095355e+00,8.60860115e-05
0.883880,2.00294466e+01,-8.78736463e-01,-1.24279290e+00,1.72664109e+00,6.28320736e-03,5.91131374e-03,1.95001839e-04,1.35840809e+00,8.56904260e-05
0.884427,1.94658837e+01,-8.29703725e-01,-1.18774075e+00,1.74206677e+00,6.29077333e-03,5.92913256e-03,2.13503567e-04,1.27143990e+00,8.47606543e-05
0.884974,1.89166507e+01,-7.60391085e-01,-1.12857303e+00,1.74049071e+00,6.36702154e-03,5.82337682e-03,1.84380932e-04,1.18842182e+00,8.39062798e-05
0.885521,1.83823932e+01,-7.04703962e-01,-1.07639439e+00,1.75155390e+00,6.39095940e-03,5.77219023e-03,1.91001904e-04,1.10812878e+00,8.29061297e-05
0.886068,1.78638033e+01,-6.21127562e-01,-9.94809417e-01,1.73106250e+00,6.46444105e-03,5.71877380e-03,1.32285898e-04,1.03655437e+00,8.18265391e-05
0.886615,1.73616281e+01,-5.53757806e-01,-9.26299938e-01,1.72786040e+00,6.49799440e-03,5.70316906e-03,1.14622657e-04,9.64283649e-01,8.07502289e-05
0.887162,1.68766702e+01,-4.77662565e-01,-8.58280764e-01,1.71645242e+00,6.56859802e-03,5.62564902e-03,7.19236687e-05,9.00430070e-01,7.95697450e-05
0.887709,1.64097826e+01,-4.17168853e-01,-8.07531454e-01,1.72519008e+00,6.60482746e-03,5.55300946e-03,7.61001795e-05,8.40564650e-01,7.82712883e-05
0.888256,1.59618663e+01,-3.55449777e-01,-7.58944096e-01,1.73390800e+00,6.64693583e-03,5.46282366e-03,7.90615249e-05,7.88797400e-01,7.68408940e-05
0.888802,1.55338694e+01,-2.83863876e-01,-6.93644517e-01,1.72656591e+00,6.69776637e-03,5.42417372e-03,4.69093908e-05,7.41456873e-01,7.53247553e-05
0.889349,1.51267894e+01,-2.17398287e-01,-6.41301481e-01,1.72985129e+00,6.75003342e-03,5.34129615e-03,3.73276376e-05,6.95875290e-01,7.38272942e-05
0.889896,1.47416649e+01,-1.49459932e-01,-5.89463553e-01,1.73163953e+00,6.80300210e-03,5.24947230e-03,2.49220259e-05,6.55946610e-01,7.22216408e-05
0.890443,1.43795618e+01,-7.55157009e-02,-5.26108206e-01,1.72086756e+00,6.86022562e-03,5.20231855e-03,-1.84138273e-05,6.19838927e-01,7.05806731e-05
0.890990,1.40415667e+01,2.67207482e-03,-4.59661927e-01,1.70197921e+00,6.92684448e-03,5.14787769e-03,-8.28006819e-05,5.85843011e-01,6.89922384e-05
0.891537,1.37287707e+01,6.39950959e-02,-4.17166347e-01,1.71952502e+00,6.96378288e-03,5.07123553e-03,-5.20840998e-05,5.54733429e-01,6.74335394e-05
0.892084,1.34422430e+01,1.30461367e-01,-3.67658357e-01,1.72618383e+00,7.00385615e-03,5.00435383e-03,-4.92663297e-05,5.30657876e-01,6.58680695e-05
0.892631,1.31830085e+01,2.03895984e-01,-3.10556166e-01,1.71766118e+00,7.06378219e-03,4.94561215e-03,-9.26821860e-05,5.08780526e-01,6.44424748e-05
0.893178,1.29520268e+01,2.71623936e-01,-2.66847451e-01,1.72842913e+00,7.11471924e-03,4.84781539e-03,-8.01393867e-05,4.88508798e-01,6.32227962e-05
0.893725,1.27501590e+01,3.42375155e-01,-2.16032354e-01,1.72879478e+00,7.16332230e-03,4.78031674e-03,-9.80425309e-05,4.72962106e-01,6.21975811e-05
0.894272,1.25781373e+01,4.13197899e-01,-1.68560877e-01,1.73245160e+00,7.21412209e-03,4.69709284e-03,-1.06815319e-04,4.59369933e-01,6.15126083e-05
0.894819,1.24365361e+01,4.86476656e-01,-1.19511483e-01,1.72971378e+00,7.27150016e-03,4.61260118e-03,-1.37323923e-04,4.48809910e-01,6.12035052e-05
0.895366,1.23257428e+01,5.58650116e-01,-7.32055850e-02,1.73275167e+00,7.32107826e-03,4.52566764e-03,-1.48021400e-04,4.40442844e-01,6.13548598e-05
0.895913,1.22459341e+01,6.31903313e-01,-2.51622510e-02,1.73139274e+00,7.37064038e-03,4.44853454e-03,-1.74557515e-04,4.35127896e-01,6.20004528e-05
0.896460,1.21970588e+01,7.05046056e-01,1.93758169e-02,1.73574828e+00,7.41815718e-03,4.35653052e-03,-1.80526830e-04,4.32013866e-01,6.31855723e-05
0.897007,1.21788287e+01,7.76442236e-01,6.67829863e-02,1.74201421e+00,7.44492759e-03,4.30053333e-03,-1.76684032e-04,4.31814486e-01,6.48899745e-05
0.897554,1.21907186e+01,8.51396878e-01,1.10007395e-01,1.74463121e+00,7.49845171e-03,4.19846922e-03,-1.90956787e-04,4.34086169e-01,6.70968751e-05
0.898101,1.22319767e+01,9.28234621e-01,1.52833571e-01,1.73921953e+00,7.56069924e-03,4.08428835e-03,-2.35122375e-04,4.38589639e-01,6.97605658e-05
0.898648,1.23016416e+01,1.00363154e+00,1.96547875e-01,1.73937888e+00,7.60423612e-03,3.99671646e-03,-2.53888578e-04,4.44971140e-01,7.28260672e-05
0.899195,1.23985678e+01,1.08066684e+00,2.36239820e-01,1.74300011e+00,7.65587648e-03,3.87921384e-03,-2.57020740e-04,4.54054406e-01,7.62145563e-05
0.899742,1.25214542e+01,1.15763396e+00,2.78544491e-01,1.73735696e+00,7.70693677e-03,3.78562214e-03,-3.00003543e-04,4.65736365e-01,7.98535972e-05
0.900289,1.26688773e+01,1.23564744e+00,3.17463578e-01,1.74014175e+00,7.75615003e-03,3.67312719e-03,-3.02120414e-04,4.79101806e-01,8.37035408e-05
0.900835,1.28393242e+01,1.31390794e+00,3.56162826e-01,1.73946862e+00,7.80527138e-03,3.56325008e-03,-3.17413732e-04,4.95370734e-01,8.76699400e-05
0.901382,1.30312248e+01,1.39174194e+00,3.96128449e-01,1.73964095e+00,7.84576510e-03,3.47469485e-03,-3.27388565e-04,5.13760034e-01,9.17117101e-05
0.901929,1.32429821e+01,1.47065748e+00,4.34026069e-01,1.74247622e+00,7.88873044e-03,3.37244794e-03,-3.21689243e-04,5.34484711e-01,9.57797426e-05
0.902476,1.34729984e+01,1.55107167e+00,4.68980825e-01,1.73880463e+00,7.95000412e-03,3.24822667e-03,-3.49848726e-04,5.57742609e-01,9.98181975e-05
0.903023,1.37197000e+01,1.63202389e+00,5.02239756e-01,1.73735735e+00,8.00695451e-03,3.11740314e-03,-3.59796441e-04,5.82876284e-01,1.03803242e-04
0.903570,1.39815555e+01,1.71349945e+00,5.36914389e-01,1.74624545e+00,8.04740840e-03,3.01074345e-03,-3.14264640e-04,6.10564370e-01,1.07687070e-04
0.904117,1.42570889e+01,1.79443359e+00,5.71010350e-01,1.74476983e+00,8.09841293e-03,2.90856688e-03,-3.27704616e-04,6.41254089e-01,1.11454602e-04
0.904664,1.45448917e+01,1.87576392e+00,6.02071627e-01,1.73426222e+00,8.16564220e-03,2.78866691e-03,-3.90132429e-04,6.73659100e-01,1.15102887e-04
0.905211,1.48436332e+01,1.95990473e+00,6.33682225e-01,1.73884294e+00,8.22214304e-03,2.67922881e-03,-3.67088951e-04,7.07654880e-01,1.18610400e-04
0.905758,1.51520611e+01,2.04338271e+00,6.62183571e-01,1.73523478e+00,8.28639472e-03,2.55210610e-03,-3.85733076e-04,7.45227833e-01,1.21968023e-04
0.906305,1.54690048e+01,2.12893447e+00,6.92871424e-01,1.74337444e+00,8.33812141e-03,2.45095595e-03,-3.37599729e-04,7.84679678e-01,1.25154917e-04
0.906852,1.57933751e+01,2.21456887e+00,7.16111474e-01,1.73328991e+00,8.42716226e-03,2.29792236e-03,-4.02985103e-04,8.27430351e-01,1.28196468e-04
0.907399,1.61241650e+01,2.30010778e+00,7.41180401e-01,1.73217197e+00,8.48944020e-03,2.17103641e-03,-3.98572194e-04,8.70766534e-01,1.31066411e-04
0.907946,1.64604478e+01,2.38515133e+00,7.73051930e-01,1.72613796e+00,8.54769327e-03,2.12382934e-03,-4.46968247e-04,9.17860184e-01,1.33772877e-04
0.908493,1.68013690e+01,2.47526784e+00,7.94708327e-01,1.72773977e+00,8.63131011e-03,1.97426790e-03,-4.32900092e-04,9.66885770e-01,1.36405310e-04
0.909040,1.71461448e+01,2.56009258e+00,8.13230350e-01,1.71903961e+00,8.69807050e-03,1.82150016e-03,-4.59707044e-04,1.01888380e+00,1.38822516e-04
0.909587,1.74940623e+01,2.64767874e+00,8.34831954e-01,1.71539580e+00,8.76460104e-03,1.70643933e-03,-4.67393025e-04,1.07280344e+00,1.41046010e-04
0.910134,1.78444728e+01,2.73662917e+00,8.52615739e-01,1.71461150e+00,8.83471599e-03,1.56275587e-03,-4.48820018e-04,1.12997008e+00,1.43181756e-04
0.910681,1.81967842e+01,2.82709582e+00,8.74884006e-01,1.71336558e+00,8.90431948e-03,1.47319502e-03,-4.52889609e-04,1.18980059e+00,1.45157146e-04
0.911228,1.85504576e+01,2.91714993e+00,8.95294791e-01,1.70926561e+00,8.97514330e-03,1.37666620e-03,-4.71580221e-04,1.25258824e+00,1.47071502e-04
0.911775,1.89050036e+01,3.00418326e+00,9.02780379e-01,1.70012457e+00,9.05202837e-03,1.17864411e-03,-4.86744233e-04,1.31778054e+00,1.48852782e-04
0.912322,1.92599853e+01,3.10517229e+00,9.27097596e-01,1.70793628e+00,9.14469252e-03,1.12410152e-03,-4.61359624e-04,1.38351994e+00,1.50379723e-04
0.912869,1.96150031e+01,3.19532301e+00,9.37933591e-01,1.69486136e+00,9.22985172e-03,9.78874137e-04,-5.32884937e-04,1.45523280e+00,1.52049765e-04
0.913415,1.99696952e+01,3.28115220e+00,9.40243930e-01,1.68766451e+00,9.29199412e-03,7.74738788e-04,-5.09140884e-04,1.52613785e+00,1.53438549e-04
0.913962,2.03237483e+01,3.37843321e+00,9.57342866e-01,1.67507783e+00,9.39062940e-03,7.10815869e-04,-6.16819963e-04,1.59975363e+00,1.54595504e-04
0.914509,2.06768778e+01,3.47294920e+00,9.61514937e-01,1.67093544e+00,9.47655847e-03,5.32652090e-04,-6.02761950e-04,1.67620225e+00,1.55925632e-04
0.915056,2.10288260e+01,3.57355761e+00,9.75347198e-01,1.66866918e+00,9.56791827e-03,4.49348801e-04,-6.15545061e-04,1.75546569e+00,1.56983138e-04
0.915603,2.13793626e+01,3.66957825e+00,9.79916917e-01,1.66742610e+00,9.64721296e-03,2.96381421e-04,-5.80461199e-04,1.84010425e+00,1.58103402e-04
0.916150,2.17282818e+01,3.76183481e+00,9.83511451e-01,1.65808855e+00,9.71910114e-03,1.62150718e-04,-6.01838546e-04,1.92614265e+00,1.59002202e-04
0.916697,2.20754077e+01,3.84962973e+00,9.80511918e-01,1.64874850e+00,9.77870138e-03,-1.03871866e-05,-5.92761920e-04,2.01442530e+00,1.59806924e-04
0.917244,2.24205909e+01,3.93317804e+00,9.76226412e-01,1.63018644e+00,9.83125459e-03,-1.64424451e-04,-6.49669440e-04,2.10399508e+00,1.60435609e-04
0.917791,2.27637073e+01,4.02995656e+00,9.74411636e-01,1.62811564e+00,9.90895978e-03,-3.13902858e-04,-6.10459649e-04,2.19485136e+00,1.60976235e-04
0.918338,2.31046469e+01,4.11896734e+00,9.69028430e-01,1.61610805e+00,9.96931605e-03,-4.62307049e-04,-6.29981577e-04,2.29095835e+00,1.61532356e-04
0.918885,2.34433149e+01,4.23011225e+00,9.76017975e-01,1.61273855e+00,1.00816602e-02,-5.29318020e-04,-6.68421174e-04,2.38831057e+00,1.61953479e-04
0.919432,2.37796245e+01,4.31271331e+00,9.62917673e-01,1.59434096e+00,1.01292284e-02,-7.12819299e-04,-7.07333656e-04,2.49232131e+00,1.62576784e-04
0.919979,2.41135076e+01,4.37167952e+00,9.42655372e-01,1.55835032e+00,1.01198955e-02,-8.88698792e-04,-8.11109050e-04,2.59045729e+00,1.62746146e-04
0.920526,2.44449330e+01,4.51092092e+00,9.48017277e-01,1.57880785e+00,1.02960482e-02,-9.89543255e-04,-7.07267374e-04,2.68656918e+00,1.62672097e-04
0.921073,2.47738577e+01,4.59657724e+00,9.31590525e-01,1.55853681e+00,1.03489908e-02,-1.16472389e-03,-7.72813384e-04,2.79810964e+00,1.63222080e-04
0.921620,2.51002406e+01,4.64847451e+00,8.99337151e-01,1.53460075e+00,1.03148717e-02,-1.39857985e-03,-7.35840623e-04,2.90075673e+00,1.63200175e-04
0.922167,2.54240874e+01,4.74825560e+00,8.88545295e-01,1.52115289e+00,1.03992082e-02,-1.50693411e-03,-7.92813817e-04,2.99939195e+00,1.62751799e-04
0.922714,2.57454061e+01,4.82909995e+00,8.69292748e-01,1.49977603e+00,1.04346040e-02,-1.64777348e-03,-8.47575172e-04,3.11176257e+00,1.62783035e-04
0.923261,2.60642001e+01,4.95100296e+00,8.63332592e-01,1.49866898e+00,1.05621964e-02,-1.73478824e-03,-8.52753326e-04,3.22226755e+00,1.62559978e-04
0.923808,2.63804724e+01,5.02144353e+00,8.33555694e-01,1.48115390e+00,1.05702706e-02,-1.93371074e-03,-8.27817087e-04,3.34437134e+00,1.62645004e-04
0.924355,2.66942390e+01,5.03707003e+00,7.88491327e-01,1.43617554e+00,1.04580973e-02,-2.14375899e-03,-8.86156805e-04,3.45159961e+00,1.62110192e-04
0.924902,2.70055627e+01,5.14939827e+00,7.73451480e-01,1.42967818e+00,1.05660579e-02,-2.24167952e-03,-9.00606639e-04,3.54756117e+00,1.61095025e-04
0.925448,2.73144949e+01,5.20172528e+00,7.37140859e-01,1.39934993e+00,1.05357363e-02,-2.41951582e-03,-9.45873385e-04,3.67018611e+00,1.60892049e-04
0.925995,2.76210790e+01,5.27612758e+00,7.06751393e-01,1.38271277e+00,1.05541645e-02,-2.56519660e-03,-9.30548433e-04,3.77543025e+00,1.60074318e-04
0.926542,2.79253771e+01,5.37198000e+00,6.80903992e-01,1.37727537e+00,1.06163200e-02,-2.69624039e-03,-8.77562297e-04,3.89041133e+00,1.59394695e-04
0.927089,2.82274400e+01,5.47267206e+00,6.55708655e-01,1.37505557e+00,1.06858313e-02,-2.81818283e-03,-8.13039778e-04,4.01180308e+00,1.58826213e-04
0.927636,2.85273134e+01,5.53007294e+00,6.17644099e-01,1.33507023e+00,1.06733341e-02,-2.96947108e-03,-9.87759519e-04,4.13651935e+00,1.58239313e-04
0.928183,2.88250606e+01,5.60545674e+00,5.79789110e-01,1.32272027e+00,1.06924038e-02,-3.13741254e-03,-9.35129816e-04,4.22798132e+00,1.57253036e-04
0.928730,2.91207582e+01,5.60589277e+00,5.28016434e-01,1.27155488e+00,1.05555608e-02,-3.29701421e-03,-1.05931393e-03,4.33555924e+00,1.56286249e-04
0.929277,2.94145016e+01,5.66507279e+00,4.87072040e-01,1.25201819e+00,1.05431473e-02,-3.43662498e-03,-1.03405944e-03,4.41856374e+00,1.54771127e-04
0.929824,2.97063913e+01,5.53852430e+00,4.06047670e-01,1.18355633e+00,1.01395005e-02,-3.66061821e-03,-1.00854711e-03,4.52583596e+00,1.53632892e-04
0.930371,2.99965661e+01,5.76022797e+00,3.94841691e-01,1.20062117e+00,1.04761906e-02,-3.72364242e-03,-1.05942352e-03,4.56903102e+00,1.51042781e-04
0.930918,3.02851182e+01,5.80301339e+00,3.46988350e-01,1.17345975e+00,1.04198771e-02,-3.88047512e-03,-1.07958874e-03,4.70576996e+00,1.51045364e-04
0.931465,3.05720915e+01,5.83808221e+00,2.97296903e-01,1.15493891e+00,1.03550796e-02,-4.02394180e-03,-1.00235420e-03,4.80067519e+00,1.49629902e-04
0.932012,3.08575842e+01,5.76046337e+00,2.30496606e-01,1.09372744e+00,1.00672765e-02,-4.16761194e-03,-1.08754652e-03,4.89560533e+00,1.48114368e-04
0.932559,3.11417255e+01,5.88804299e+00,1.96987357e-01,1.08654593e+00,1.01984621e-02,-4.24835471e-03,-1.12314075e-03,4.94683372e+00,1.45822684e-04
0.933106,3.14246185e+01,5.94453360e+00,1.49849810e-01,1.06684836e+00,1.01754949e-02,-4.37226984e-03,-1.11668831e-03,5.06505905e+00,1.44947216e-04
0.933653,3.17063302e+01,5.84922011e+00,8.30697748e-02,1.00636793e+00,9.85872744e-03,-4.49269656e-03,-1.18149066e-03,5.16247063e+00,1.43484995e-04
0.934200,3.19869832e+01,5.89288950e+00,3.47485907e-02,9.84429186e-01,9.82360956e-03,-4.58399691e-03,-1.17532736e-03,5.20534211e+00,1.41008461e-04
0.934747,3.22667010e+01,5.95405797e+00,-1.18932986e-02,9.63230216e-01,9.81622365e-03,-4.67766661e-03,-1.20233016e-03,5.29803543e+00,1.39437441e-04
0.935294,3.25455661e+01,5.89391631e+00,-7.42519147e-02,9.23814704e-01,9.57477846e-03,-4.79564895e-03,-1.16516303e-03,5.39363769e+00,1.37942819e-04
0.935841,3.28236840e+01,5.90793236e+00,-1.26705774e-01,8.99986799e-01,9.48345730e-03,-4.87933194e-03,-1.13670015e-03,5.44456400e+00,1.35599720e-04
0.936388,3.31011680e+01,5.78865324e+00,-1.90521610e-01,8.44364911e-01,9.13909717e-03,-4.95632359e-03,-1.17314400e-03,5.52552241e+00,1.33750844e-04
0.936935,3.33781392e+01,5.81150214e+00,-2.43084956e-01,8.25894651e-01,9.06988294e-03,-5.03848946e-03,-1.12367241e-03,5.55474937e+00,1.31081100e-04
0.937482,3.36547129e+01,5.82978614e+00,-2.95227862e-01,8.00478438e-01,8.98670305e-03,-5.11448047e-03,-1.14251255e-03,5.63225642e+00,1.29242395e-04
0.938028,3.39309715e+01,5.87491878e+00,-3.45850971e-01,7.80594605e-01,8.95344665e-03,-5.19021735e-03,-1.15685524e-03,5.70768737e+00,1.27372137e-04
0.938575,3.42069900e+01,5.86081239e+00,-4.00030497e-01,7.50862932e-01,8.81144766e-03,-5.26017720e-03,-1.16785136e-03,5.79070676e+00,1.25631442e-04
0.939122,3.44828465e+01,5.86689400e+00,-4.51153822e-01,7.18823362e-01,8.71007203e-03,-5.30784543e-03,-1.23917779e-03,5.85300855e+00,1.23524350e-04
0.939669,3.47586219e+01,5.79097849e+00,-5.07093618e-01,6.82735907e-01,8.46254623e-03,-5.36405543e-03,-1.21780137e-03,5.92018227e+00,1.21558943e-04
0.940216,3.50344037e+01,5.90651525e+00,-5.59058206e-01,6.83882475e-01,8.55905257e-03,-5.45977056e-03,-1.14760462e-03,5.95890634e+00,1.19083917e-04
0.940763,3.53102575e+01,5.82787694e+00,-6.13872521e-01,6.39985868e-01,8.30384401e-03,-5.51234689e-03,-1.22297815e-03,6.05540130e+00,1.17598941e-04
0.941310,3.55862445e+01,5.62273433e+00,-6.63186388e-01,5.81898562e-01,7.84607320e-03,-5.47508860e-03,-1.25124182e-03,6.07928670e+00,1.15098502e-04
0.941857,3.58624702e+01,5.71158194e+00,-7.18624468e-01,5.81538047e-01,7.89888064e-03,-5.57098102e-03,-1.15865339e-03,6.08335226e+00,1.12069141e-04
0.942404,3.61390082e+01,5.54599846e+00,-7.69064944e-01,5.36995594e-01,7.50779156e-03,-5.58457209e-03,-1.14818215e-03,6.16444594e+00,1.10386692e-04
0.942951,3.64159201e+01,5.74985359e+00,-8.25780719e-01,5.36569585e-01,7.74920751e-03,-5.68346221e-03,-1.22260773e-03,6.16782435e+00,1.07499789e-04
0.943498,3.66932471e+01,5.64913050e+00,-8.75767368e-01,4.97346735e-01,7.46562480e-03,-5.71664274e-03,-1.25855326e-03,6.28097859e+00,1.06411032e-04
0.944045,3.69710156e+01,5.51049150e+00,-9.15969099e-01,4.46023376e-01,7.13922373e-03,-5.65442307e-03,-1.36812655e-03,6.30311847e+00,1.03838537e-04
0.944592,3.72492900e+01,5.74043592e+00,-9.89929386e-01,4.74434911e-01,7.40881340e-03,-5.87745099e-03,-1.16771267e-03,6.32678610e+00,1.01265963e-04
0.945139,3.75280909e+01,5.77847463e+00,-1.04802025e+00,4.44365363e-01,7.34655553e-03,-5.96833215e-03,-1.31140550e-03,6.40985396e+00,9.99855384e-05
0.945686,3.78074158e+01,5.80209669e+00,-1.10745517e+00,4.38627295e-01,7.27458585e-03,-6.06569381e-03,-1.19144471e-03,6.45555236e+00,9.80103648e-05
0.946233,3.80872808e+01,5.66674467e+00,-1.14944157e+00,3.92332403e-01,6.94777951e-03,-6.04455331e-03,-1.29796653e-03,6.51468628e+00,9.59125270e-05
0.946780,3.83677136e+01,5.82501107e+00,-1.21872814e+00,3.94738066e-01,7.09167668e-03,-6.16577437e-03,-1.25371252e-03,6.52334330e+00,9.33010824e-05
0.947327,3.86487229e+01,5.78244772e+00,-1.26762121e+00,3.59072028e-01,6.90827954e-03,-6.18462750e-03,-1.36450643e-03,6.63061839e+00,9.18124293e-05
0.947874,3.89303024e+01,5.70576918e+00,-1.31353532e+00,3.35942176e-01,6.68540490e-03,-6.19374833e-03,-1.31479646e-03,6.67671406e+00,8.95952884e-05
0.948421,3.92124617e+01,5.59081736e+00,-1.35139641e+00,3.02240272e-01,6.40809151e-03,-6.15510497e-03,-1.34102349e-03,6.72631663e+00,8.72315841e-05
0.948968,3.94952093e+01,5.65706442e+00,-1.41233227e+00,2.93142580e-01,6.40679291e-03,-6.21711210e-03,-1.30839536e-03,6.76963981e+00,8.48208576e-05
0.949515,3.97785362e+01,5.63135754e+00,-1.46107862e+00,2.69311187e-01,6.26027190e-03,-6.23359882e-03,-1.33604705e-03,6.86841054e+00,8.30416624e-05
0.950061,4.00624205e+01,5.70517606e+00,-1.52527956e+00,2.65066880e-01,6.26586297e-03,-6.31147797e-03,-1.26511558e-03,6.94234099e+00,8.09673449e-05
0.950608,4.03468359e+01,5.59595987e+00,-1.56270099e+00,2.37401728e-01,5.99550636e-03,-6.29930803e-03,-1.26994732e-03,7.04697839e+00,7.92012773e-05
0.951155,4.06317558e+01,5.65068022e+00,-1.62524689e+00,2.34216525e-01,5.97384238e-03,-6.36481611e-03,-1.18106850e-03,7.09409681e+00,7.68583578e-05
0.951702,4.09171500e+01,5.71300868e+00,-1.68731035e+00,2.17927384e-01,5.95357805e-03,-6.41343602e-03,-1.23229096e-03,7.19733703e+00,7.50556160e-05
0.952249,4.12029730e+01,5.74980721e+00,-1.74582349e+00,2.03580573e-01,5.89758494e-03,-6.45368322e-03,-1.23969550e-03,7.30892287e+00,7.33490866e-05
0.952796,4.14891760e+01,5.62441918e+00,-1.77162029e+00,1.57994576e-01,5.60830657e-03,-6.37658692e-03,-1.42743526e-03,7.42000106e+00,7.15610806e-05
0.953343,4.17757142e+01,5.71381713e+00,-1.85080909e+00,1.61888547e-01,5.61383037e-03,-6.53694821e-03,-1.28309044e-03,7.45445000e+00,6.94052518e-05
0.953890,4.20625366e+01,5.60655504e+00,-1.88198564e+00,1.45474654e-01,5.36381155e-03,-6.50206848e-03,-1.21381281e-03,7.54454216e+00,6.76106830e-05
0.954437,4.23495860e+01,5.63748317e+00,-1.93972380e+00,1.22960082e-01,5.29561107e-03,-6.52070186e-03,-1.30361150e-03,7.62423857e+00,6.54727065e-05
0.954984,4.26368025e+01,5.80837260e+00,-2.02624258e+00,1.13587321e-01,5.42069163e-03,-6.60138612e-03,-1.34438427e-03,7.73693965e+00,6.37948434e-05
0.955531,4.29241132e+01,5.79034942e+00,-2.08461532e+00,1.12867893e-01,5.27176952e-03,-6.70700126e-03,-1.18650719e-03,7.90309048e+00,6.25142055e-05
0.956078,4.32114427e+01,5.82167297e+00,-2.14748290e+00,7.94865089e-02,5.17933452e-03,-6.75178037e-03,-1.38590252e-03,7.98303145e+00,6.05118626e-05
0.956625,4.34987169e+01,5.55501132e+00,-2.13589614e+00,4.78738174e-02,4.72341299e-03,-6.61922257e-03,-1.38820624e-03,8.07002748e+00,5.88601872e-05
0.957172,4.37858630e+01,5.81662934e+00,-2.26070322e+00,5.38738440e-02,4.94184586e-03,-6.82556279e-03,-1.31207589e-03,8.10013283e+00,5.65322159e-05
0.957719,4.40727998e+01,5.79536264e+00,-2.31340684e+00,3.73849479e-02,4.78724641e-03,-6.86841712e-03,-1.31495275e-03,8.27294629e+00,5.53544893e-05
0.958266,4.43594371e+01,5.80136218e+00,-2.36921245e+00,2.01573899e-02,4.68011188e-03,-6.88030864e-03,-1.33837891e-03,8.39252540e+00,5.35914759e-05
0.958813,4.46456871e+01,5.90241283e+00,-2.44884588e+00,3.45681808e-03,4.69360609e-03,-6.92218464e-03,-1.39595883e-03,8.53316529e+00,5.19863929e-05
0.959360,4.49314583e+01,5.81359068e+00,-2.48931984e+00,-7.67829287e-03,4.44320783e-03,-6.98822381e-03,-1.31860337e-03,8.70670017e+00,5.06456081e-05
0.959907,4.52166564e+01,6.08773416e+00,-2.62568119e+00,-2.53758833e-02,4.64414616e-03,-7.14767855e-03,-1.45199095e-03,8.78777104e+00,4.87152881e-05
0.960454,4.55011836e+01,6.05754322e+00,-2.68614442e+00,-3.92348548e-02,4.44856431e-03,-7.26459633e-03,-1.42189363e-03,8.98103130e+00,4.77242211e-05
0.961001,4.57849386e+01,6.09590485e+00,-2.75571107e+00,-5.18326150e-02,4.37390820e-03,-7.29706898e-03,-1.40753769e-03,9.08564425e+00,4.59488710e-05
0.961548,4.60678208e+01,6.09455474e+00,-2.81387830e+00,-7.16304678e-02,4.24281931e-03,-7.31372393e-03,-1.45094526e-03,9.25612765e+00,4.45042166e-05
0.962094,4.63497284e+01,6.04934651e+00,-2.85760571e+00,-9.29701510e-02,4.06245512e-03,-7.30176687e-03,-1.49333191e-03,9.41649123e+00,4.30226105e-05
0.962641,4.66305584e+01,5.95847192e+00,-2.89258936e+00,-9.97310906e-02,3.82533286e-03,-7.32711608e-03,-1.38447122e-03,9.56753501e+00,4.15009983e-05
0.963188,4.69102057e+01,6.16021319e+00,-3.02012001e+00,-1.16030917e-01,3.92337467e-03,-7.43831215e-03,-1.44851184e-03,9.69057810e+00,3.98138886e-05
0.963735,4.71885636e+01,6.22880214e+00,-3.10022547e+00,-1.27636851e-01,3.88497627e-03,-7.46249376e-03,-1.42819928e-03,9.90372371e+00,3.87653840e-05
0.964282,4.74655262e+01,6.19699113e+00,-3.15891861e+00,-1.36589236e-01,3.69478381e-03,-7.54936658e-03,-1.36689909e-03,1.01155351e+01,3.75236006e-05
0.964829,4.77409849e+01,6.24745101e+00,-3.23769240e+00,-1.61961669e-01,3.61034725e-03,-7.57560255e-03,-1.48200177e-03,1.02656471e+01,3.59908765e-05
0.965376,4.80148306e+01,6.35277974e+00,-3.35753982e+00,-1.49687980e-01,3.55489573e-03,-7.81584971e-03,-1.23636657e-03,1.04530221e+01,3.47859061e-05
0.965923,4.82869525e+01,6.67579077e+00,-3.55560781e+00,-1.89848710e-01,3.69091216e-03,-8.07170327e-03,-1.53711018e-03,1.05937906e+01,3.33514972e-05
0.966470,4.85572395e+01,6.71815166e+00,-3.64268283e+00,-2.04090315e-01,3.57734730e-03,-8.15369430e-03,-1.52573545e-03,1.07750792e+01,3.25054653e-05
0.967017,4.88255829e+01,6.78488141e+00,-3.73279932e+00,-2.20729291e-01,3.51209969e-03,-8.17787485e-03,-1.54207399e-03,1.09799313e+01,3.12472304e-05
0.967564,4.90918745e+01,6.79377371e+00,-3.81509341e+00,-2.24271892e-01,3.34953618e-03,-8.30230204e-03,-1.42911218e-03,1.12039927e+01,3.01284794e-05
0.968111,4.93560050e+01,6.69791355e+00,-3.84866725e+00,-2.41134431e-01,3.08867633e-03,-8.30611614e-03,-1.45089810e-03,1.13860468e+01,2.87811463e-05
0.968658,4.96178631e+01,6.68424253e+00,-3.91155832e+00,-2.57618306e-01,2.92956120e-03,-8.30516230e-03,-1.46946267e-03,1.15528458e+01,2.74616160e-05
0.969205,4.98773409e+01,6.66872603e+00,-3.97295885e+00,-2.82939369e-01,2.76240138e-03,-8.29090055e-03,-1.57030421e-03,1.17638742e+01,2.63184601e-05
0.969752,5.01343328e+01,6.77753828e+00,-4.08510284e+00,-2.97058972e-01,2.74309697e-03,-8.31174722e-03,-1.55204728e-03,1.19673376e+01,2.52475701e-05
0.970299,5.03887361e+01,6.80554283e+00,-4.16566672e+00,-3.17524193e-01,2.62442589e-03,-8.31974547e-03,-1.59844107e-03,1.22060738e+01,2.43160308e-05
0.970846,5.06404495e+01,6.82982269e+00,-4.26655819e+00,-3.20503454e-01,2.44515311e-03,-8.50491250e-03,-1.47423992e-03,1.24383534e+01,2.33262783e-05
0.971393,5.08893676e+01,6.98192262e+00,-4.40995748e+00,-3.49793549e-01,2.42080173e-03,-8.57632440e-03,-1.59967756e-03,1.26247071e+01,2.21345455e-05
0.971940,5.11353880e+01,7.03056256e+00,-4.51494139e+00,-3.62534897e-01,2.28579711e-03,-8.68015765e-03,-1.56382230e-03,1.28537687e+01,2.13411320e-05
0.972487,5.13784116e+01,7.04405166e+00,-4.59847445e+00,-3.86205280e-01,2.12696498e-03,-8.70697798e-03,-1.63977433e-03,1.30889322e+01,2.03521521e-05
0.973034,5.16183400e+01,7.08912608e+00,-4.69660076e+00,-3.99522032e-01,2.01476447e-03,-8.74100386e-03,-1.60520525e-03,1.33171543e+01,1.94601533e-05
0.973581,5.18550777e+01,7.11966349e+00,-4.78213590e+00,-4.14974876e-01,1.90881975e-03,-8.71659456e-03,-1.59705770e-03,1.35618733e+01,1.85875960e-05
0.974128,5.20885325e+01,7.13445159e+00,-4.86572339e+00,-4.43775999e-01,1.75351955e-03,-8.71906247e-03,-1.71692457e-03,1.38065808e+01,1.77856652e-05
0.974674,5.23186148e+01,7.20530296e+00,-4.97006052e+00,-4.56331329e-01,1.69916141e-03,-8.68961500e-03,-1.66019861e-03,1.40307448e+01,1.70347321e-05
0.975221,5.25452378e+01,7.26107920e+00,-5.09236828e+00,-4.73844305e-01,1.53150805e-03,-8.84405309e-03,-1.65606632e-03,1.42636288e+01,1.63185273e-05
0.975768,5.27683144e+01,7.23807432e+00,-5.16960565e+00,-4.81195157e-01,1.32592348e-03,-8.92340251e-03,-1.57591168e-03,1.45045576e+01,1.55177782e-05
0.976315,5.29877561e+01,7.26620208e+00,-5.26504424e+00,-4.99508133e-01,1.18960777e-03,-8.93057697e-03,-1.59411188e-03,1.47351785e+01,1.46973479e-05
0.976862,5.32034796e+01,7.27584322e+00,-5.34358036e+00,-5.18440860e-01,1.06541618e-03,-8.87215567e-03,-1.62125760e-03,1.49820601e+01,1.40503125e-05
0.977409,5.34154079e+01,7.26558437e+00,-5.42438996e+00,-5.53865208e-01,8.57975073e-04,-8.89175270e-03,-1.80412676e-03,1.52184173e+01,1.34656785e-05
0.977956,5.36234664e+01,7.40307087e+00,-5.59209813e+00,-5.65449425e-01,7.92785084e-04,-9.00391016e-03,-1.69496507e-03,1.54127688e+01,1.29332703e-05
0.978503,5.38275812e+01,7.44383808e+00,-5.71562680e+00,-5.83982423e-01,6.02672083e-04,-9.13572816e-03,-1.69305619e-03,1.56380836e+01,1.23530745e-05
0.979050,5.40276792e+01,7.49444147e+00,-5.80992627e+00,-5.95155400e-01,5.68270196e-04,-8.99704259e-03,-1.62282298e-03,1.58847854e+01,1.17841940e-05
0.979597,5.42236940e+01,7.59016518e+00,-5.97486547e+00,-6.20368742e-01,3.86166626e-04,-9.19273739e-03,-1.66436180e-03,1.60487245e+01,1.13438833e-05
0.980144,5.44155619e+01,7.58725962e+00,-6.06833981e+00,-6.42274074e-01,1.86702784e-04,-9.23341434e-03,-1.71088757e-03,1.62940289e+01,1.08752608e-05
0.980691,5.46032181e+01,7.57038363e+00,-6.14320105e+00,-6.66366263e-01,1.81026258e-05,-9.18133993e-03,-1.78066213e-03,1.65339727e+01,1.04519611e-05
0.981238,5.47866044e+01,7.60715176e+00,-6.25692941e+00,-6.76335550e-01,-1.11191504e-04,-9.19883646e-03,-1.68587619e-03,1.67573113e+01,1.01000324e-05
0.981785,5.49656663e+01,7.63163104e+00,-6.37022300e+00,-7.00388515e-01,-2.90776878e-04,-9.23991432e-03,-1.73582141e-03,1.69788896e+01,9.69512947e-06
0.982332,5.51403510e+01,7.64096552e+00,-6.45722270e+00,-7.03950923e-01,-3.87913462e-04,-9.16162865e-03,-1.59849686e-03,1.72131615e+01,9.38261321e-06
0.982879,5.53106101e+01,7.66415556e+00,-6.56921858e+00,-7.27472333e-01,-5.59438865e-04,-9.18244810e-03,-1.65030019e-03,1.73911250e+01,9.02475653e-06
0.983426,5.54763987e+01,7.68277299e+00,-6.69225831e+00,-7.54217629e-01,-7.85726752e-04,-9.28423791e-03,-1.72365339e-03,1.76138507e+01,8.77165209e-06
0.983973,5.56376719e+01,7.73054888e+00,-6.81766368e+00,-7.62159768e-01,-8.93988320e-04,-9.27104539e-03,-1.60140683e-03,1.78430057e+01,8.53900559e-06
0.984520,5.57943888e+01,7.83149419e+00,-7.00653738e+00,-8.08129176e-01,-1.11103828e-03,-9.41932859e-03,-1.80798085e-03,1.80234324e+01,8.25709334e-06
0.985067,5.59465111e+01,7.89151322e+00,-7.15063145e+00,-8.20968342e-01,-1.23982156e-03,-9.44128887e-03,-1.70942224e-03,1.82040091e+01,8.15579066e-06
0.985614,5.60940031e+01,7.92031773e+00,-7.27972152e+00,-8.55426458e-01,-1.43646625e-03,-9.46394441e-03,-1.83885886e-03,1.83908470e+01,7.92246291e-06
0.986161,5.62368337e+01,8.01357919e+00,-7.46616457e+00,-8.63588669e-01,-1.59485071e-03,-9.59682729e-03,-1.66424936e-03,1.85790292e+01,7.81304828e-06
0.986707,5.63749725e+01,8.06628243e+00,-7.62213033e+00,-8.97354112e-01,-1.79681839e-03,-9.65301966e-03,-1.77063347e-03,1.87514480e+01,7.57566632e-06
0.987254,5.65083915e+01,8.04450065e+00,-7.70920233e+00,-9.12447047e-01,-1.95943861e-03,-9.58830535e-03,-1.74278431e-03,1.89487084e+01,7.48696454e-06
0.987801,5.66370685e+01,8.04364500e+00,-7.82500429e+00,-9.38745692e-01,-2.16945022e-03,-9.60143114e-03,-1.80329106e-03,1.91370670e+01,7.33631583e-06
0.988348,5.67609842e+01,8.03619217e+00,-7.91965277e+00,-9.42593918e-01,-2.28627679e-03,-9.51347883e-03,-1.65695533e-03,1.93365735e+01,7.24026002e-06
0.988895,5.68801224e+01,7.94539962e+00,-7.93045793e+00,-9.61151874e-01,-2.39291764e-03,-9.24978622e-03,-1.72837472e-03,1.94632382e+01,7.05552903e-06
0.989442,5.69944735e+01,8.07566898e+00,-8.19259897e+00,-1.00729104e+00,-2.70901832e-03,-9.56168881e-03,-1.85628248e-03,1.95414390e+01,6.95954832e-06
0.989989,5.71040250e+01,8.04329587e+00,-8.26876756e+00,-1.02828550e+00,-2.84561405e-03,-9.42162589e-03,-1.87856563e-03,1.97371614e+01,6.94413971e-06
0.990536,5.72087647e+01,7.99603879e+00,-8.32912238e+00,-1.02263874e+00,-2.94300682e-03,-9.28608516e-03,-1.66422138e-03,1.98745926e+01,6.84670007e-06
0.991083,5.73086890e+01,7.98580212e+00,-8.43467234e+00,-1.04869102e+00,-3.11678590e-03,-9.22455745e-03,-1.72984870e-03,1.99382186e+01,6.65711322e-06
0.991630,5.74037957e+01,8.01937436e+00,-8.59671184e+00,-1.06046544e+00,-3.32254046e-03,-9.31353405e-03,-1.60948872e-03,2.00804821e+01,6.59602124e-06
0.992177,5.74940812e+01,7.97589897e+00,-8.65906043e+00,-1.08403409e+00,-3.43640558e-03,-9.11675121e-03,-1.68749199e-03,2.02500229e+01,6.48726782e-06
0.992724,5.75795464e+01,7.95749180e+00,-8.77014723e+00,-1.10810044e+00,-3.64402606e-03,-9.10798171e-03,-1.72786734e-03,2.03181802e+01,6.42554960e-06
0.993271,5.76601958e+01,7.89796224e+00,-8.83944764e+00,-1.13567873e+00,-3.84467209e-03,-9.02857271e-03,-1.83464072e-03,2.04785785e+01,6.37356346e-06
0.993818,5.77360335e+01,7.98392452e+00,-9.06678438e+00,-1.15193237e+00,-4.06872032e-03,-9.18680539e-03,-1.67934886e-03,2.06134457e+01,6.33757201e-06
0.994365,5.78070633e+01,7.92124760e+00,-9.13650917e+00,-1.15962227e+00,-4.24675160e-03,-9.11977693e-03,-1.60785077e-03,2.07580191e+01,6.25687601e-06
0.994912,5.78732901e+01,7.71457184e+00,-8.98847758e+00,-1.15346709e+00,-4.13032914e-03,-8.48937222e-03,-1.58800043e-03,2.09147364e+01,6.17743312e-06
0.995459,5.79347334e+01,7.93216254e+00,-9.37914523e+00,-1.20483633e+00,-4.48155330e-03,-8.87430865e-03,-1.62265487e-03,2.06306653e+01,6.05783697e-06
0.996006,5.79914076e+01,7.91862886e+00,-9.52016327e+00,-1.22382332e+00,-4.74159980e-03,-8.95478586e-03,-1.59592759e-03,2.08050173e+01,6.09523663e-06
0.996553,5.80433172e+01,7.87082054e+00,-9.59633536e+00,-1.25103622e+00,-4.88459760e-03,-8.79510649e-03,-1.69535335e-03,2.09862427e+01,6.07107648e-06
0.997100,5.80904765e+01,7.74727123e+00,-9.58885429e+00,-1.26463638e+00,-5.00063324e-03,-8.57059956e-03,-1.74189105e-03,2.10573925e+01,6.06094527e-06
0.997647,5.81329062e+01,7.74771273e+00,-9.74172009e+00,-1.28847050e+00,-5.22991876e-03,-8.61012876e-03,-1.72686337e-03,2.11293648e+01,6.02999808e-06
0.998194,5.81706247e+01,7.63418550e+00,-9.72633217e+00,-1.29645884e+00,-5.25967012e-03,-8.29333460e-03,-1.71635422e-03,2.12793453e+01,6.03020088e-06
0.998741,5.82036537e+01,7.61147720e+00,-9.84661636e+00,-1.30906279e+00,-5.43860929e-03,-8.27518510e-03,-1.62567227e-03,2.12668730e+01,6.00671302e-06
0.999287,5.82320171e+01,7.58522778e+00,-9.96823058e+00,-1.33445967e+00,-5.64506436e-03,-8.24910319e-03,-1.66161153e-03,2.13759350e+01,6.01126360e-06
0.999834,5.82557349e+01,7.41788494e+00,-9.86994057e+00,-1.33441518e+00,-5.57859641e-03,-7.78846045e-03,-1.65892249e-03,2.15047674e+01,6.04420978e-06
1.000381,5.82748356e+01,7.22930599e+00,-9.76478673e+00,-1.33293895e+00,-5.59836677e-03,-7.45684760e-03,-1.66209864e-03,2.13714501e+01,6.05243515e-06
1.000928,5.82893537e+01,7.48839902e+00,-1.02915911e+01,-1.39081433e+00,-6.12534173e-03,-8.04214139e-03,-1.58366626e-03,2.13780797e+01,6.06840879e-06
1.001475,5.82993075e+01,7.46294156e+00,-1.03847495e+01,-1.39660819e+00,-6.15956751e-03,-7.83056870e-03,-1.44812825e-03,2.14906240e+01,6.18984878e-06
1.002022,5.83047146e+01,7.59210442e+00,-1.07352686e+01,-1.46446282e+00,-6.54882464e-03,-8.05058063e-03,-1.65050587e-03,2.14492934e+01,6.27266626e-06
1.002569,5.83055994e+01,7.58324301e+00,-1.08638201e+01,-1.47485144e+00,-6.62231509e-03,-7.89451142e-03,-1.51393756e-03,2.15401856e+01,6.40338661e-06
1.003116,5.83019860e+01,7.42568797e+00,-1.07915257e+01,-1.48976952e+00,-6.62606059e-03,-7.52068503e-03,-1.64819068e-03,2.15204749e+01,6.51888112e-06
1.003663,5.82939093e+01,7.23937819e+00,-1.06827055e+01,-1.48554376e+00,-6.61605654e-03,-7.18340165e-03,-1.63295350e-03,2.14212983e+01,6.60853011e-06
1.004210,5.82814074e+01,7.25190945e+00,-1.08781392e+01,-1.51278267e+00,-6.86665302e-03,-7.25358144e-03,-1.59241569e-03,2.14121809e+01,6.69743512e-06
1.004757,5.82645119e+01,7.20364337e+00,-1.09924369e+01,-1.53509327e+00,-7.07986467e-03,-7.23572990e-03,-1.59871909e-03,2.15273741e+01,6.83233713e-06
1.005304,5.82432489e+01,7.11919805e+00,-1.10357800e+01,-1.55344409e+00,-7.18116570e-03,-7.05771623e-03,-1.63389719e-03,2.16452241e+01,6.95522583e-06
1.005851,5.82176496e+01,7.09437825e+00,-1.11726666e+01,-1.55875345e+00,-7.32765524e-03,-7.02338735e-03,-1.44369184e-03,2.16958287e+01,7.09064738e-06
1.006398,5.81877464e+01,7.05866876e+00,-1.12957776e+01,-1.59051214e+00,-7.49691375e-03,-6.92489604e-03,-1.52967777e-03,2.17295466e+01,7.26371397e-06
1.006945,5.81535704e+01,6.88773051e+00,-1.11870066e+01,-1.58841577e+00,-7.42276535e-03,-6.53695486e-03,-1.53897407e-03,2.17835891e+01,7.41968322e-06
1.007492,5.81151596e+01,6.81616596e+00,-1.12509317e+01,-1.59378619e+00,-7.51961589e-03,-6.41954226e-03,-1.43189202e-03,2.17052452e+01,7.57424153e-06
1.008039,5.80725532e+01,6.77520458e+00,-1.13815400e+01,-1.61493368e+00,-7.72619594e-03,-6.40737932e-03,-1.41214805e-03,2.17433310e+01,7.75338616e-06
1.008586,5.80257834e+01,6.67345341e+00,-1.13825826e+01,-1.62605504e+00,-7.73550404e-03,-6.14394609e-03,-1.43080753e-03,2.18406739e+01,7.91739348e-06
1.009133,5.79748856e+01,6.55721662e+00,-1.13755022e+01,-1.63936920e+00,-7.80107394e-03,-5.94351117e-03,-1.48328893e-03,2.18209999e+01,8.10009536e-06
1.009680,5.79198991e+01,6.52414077e+00,-1.15030501e+01,-1.64668597e+00,-7.91978078e-03,-5.88041452e-03,-1.31833108e-03,2.18383395e+01,8.25460396e-06
1.010227,5.78608600e+01,6.51878558e+00,-1.17038476e+01,-1.68952445e+00,-8.19414987e-03,-5.90632146e-03,-1.42068224e-03,2.18611887e+01,8.47330253e-06
1.010774,5.77977998e+01,6.36840818e+00,-1.16340467e+01,-1.70676588e+00,-8.20410253e-03,-5.61339267e-03,-1.57742336e-03,2.19360909e+01,8.63260903e-06
1.011320,5.77307546e+01,6.24185394e+00,-1.15851605e+01,-1.70536447e+00,-8.14603785e-03,-5.32624101e-03,-1.51440891e-03,2.18680175e+01,8.76495454e-06
1.011867,5.76597672e+01,6.08867637e+00,-1.14938712e+01,-1.70676040e+00,-8.09737539e-03,-5.03507497e-03,-1.53636554e-03,2.18192489e+01,8.96110555e-06
1.012414,5.75848815e+01,6.17261259e+00,-1.18718285e+01,-1.74095719e+00,-8.48309931e-03,-5.27846365e-03,-1.31998889e-03,2.17857730e+01,9.12064561e-06
1.012961,5.75061300e+01,6.14129241e+00,-1.20148027e+01,-1.77651630e+00,-8.62699638e-03,-5.16107102e-03,-1.40011242e-03,2.17985060e+01,9.35111853e-06
1.013508,5.74235422e+01,6.04655416e+00,-1.20399356e+01,-1.78322677e+00,-8.66596935e-03,-4.98480176e-03,-1.34470568e-03,2.18316209e+01,9.52837512e-06
1.014055,5.73371560e+01,6.01312147e+00,-1.22236925e+01,-1.84622248e+00,-8.98469982e-03,-4.98303658e-03,-1.63547875e-03,2.18523841e+01,9.70678030e-06
1.014602,5.72470065e+01,6.10686901e+00,-1.25907438e+01,-1.88963335e+00,-9.15774594e-03,-4.95062997e-03,-1.46530904e-03,2.17568841e+01,9.78318380e-06
1.015149,5.71531258e+01,5.98848348e+00,-1.25890387e+01,-1.88670953e+00,-9.20757874e-03,-4.80614368e-03,-1.35326136e-03,2.16904995e+01,1.00898314e-05
1.015696,5.70555504e+01,5.84543292e+00,-1.24983966e+01,-1.87916987e+00,-9.08071885e-03,-4.47842927e-03,-1.29980464e-03,2.17184151e+01,1.02429125e-05
1.016243,5.69543235e+01,5.87705920e+00,-1.28370821e+01,-1.94128509e+00,-9.51047378e-03,-4.62447479e-03,-1.38968867e-03,2.16424508e+01,1.04139642e-05
1.016790,5.68494808e+01,5.79974232e+00,-1.28883315e+01,-1.96017244e+00,-9.50166835e-03,-4.37970657e-03,-1.39889744e-03,2.16956010e+01,1.05285494e-05
1.017337,5.67410563e+01,5.75886374e+00,-1.30676780e+01,-1.98704717e+00,-9.73237060e-03,-4.38266213e-03,-1.34024700e-03,2.16567657e+01,1.06962748e-05
1.017884,5.66290876e+01,5.66283906e+00,-1.31004759e+01,-2.01071686e+00,-9.77039615e-03,-4.16654287e-03,-1.42560088e-03,2.17176694e+01,1.08280779e-05
1.018431,5.65136116e+01,5.55845380e+00,-1.31000619e+01,-2.00986914e+00,-9.72130837e-03,-3.94168211e-03,-1.31283406e-03,2.16960258e+01,1.09329214e-05
1.018978,5.63946713e+01,5.48092899e+00,-1.31941986e+01,-2.03528652e+00,-9.86307223e-03,-3.84340628e-03,-1.34389295e-03,2.16559752e+01,1.10887561e-05
1.019525,5.62723071e+01,5.37808572e+00,-1.32077283e+01,-2.04245607e+00,-9.86232720e-03,-3.64884160e-03,-1.29546030e-03,2.16896069e+01,1.11723832e-05
1.020072,5.61465586e+01,5.29021758e+00,-1.32887430e+01,-2.08112570e+00,-1.00290985e-02,-3.53290312e-03,-1.46304532e-03,2.16907836e+01,1.12832033e-05
1.020619,5.60174656e+01,5.22845490e+00,-1.34068159e+01,-2.10017291e+00,-1.01140540e-02,-3.41525470e-03,-1.37590888e-03,2.16566295e+01,1.13010809e-05
1.021166,5.58850659e+01,5.11140753e+00,-1.33831572e+01,-2.11467476e+00,-1.00814960e-02,-3.17201116e-03,-1.43328350e-03,2.16743439e+01,1.14201638e-05
1.021713,5.57494013e+01,4.95956216e+00,-1.32570412e+01,-2.10939410e+00,-9.93170239e-03,-2.87146052e-03,-1.43000280e-03,2.16338601e+01,1.14738966e-05
1.022260,5.56105194e+01,4.94157478e+00,-1.35411251e+01,-2.15752163e+00,-1.02962230e-02,-2.95992359e-03,-1.40577523e-03,2.15633714e+01,1.15255326e-05
1.022807,5.54684581e+01,4.87221307e+00,-1.36074367e+01,-2.17736528e+00,-1.02314293e-02,-2.70678745e-03,-1.37623878e-03,2.16076855e+01,1.15683068e-05
1.023353,5.53232539e+01,4.78486443e+00,-1.36888917e+01,-2.20444373e+00,-1.03572317e-02,-2.60160640e-03,-1.41331484e-03,2.15298992e+01,1.16779286e-05
1.023900,5.51749489e+01,4.68519264e+00,-1.37192908e+01,-2.21588939e+00,-1.03795875e-02,-2.44670680e-03,-1.36312241e-03,2.15459556e+01,1.16818519e-05
1.024447,5.50235830e+01,4.57352578e+00,-1.36926997e+01,-2.20209067e+00,-1.02835186e-02,-2.26098329e-03,-1.15584179e-03,2.15570901e+01,1.17125332e-05
1.024994,5.48691997e+01,4.47296947e+00,-1.37022189e+01,-2.22174308e+00,-1.02634450e-02,-2.04514491e-03,-1.22435183e-03,2.14855585e+01,1.17913804e-05
1.025541,5.47118444e+01,4.39846323e+00,-1.38741188e+01,-2.26881348e+00,-1.05923752e-02,-2.06537904e-03,-1.33995156e-03,2.14392728e+01,1.17831962e-05
1.026088,5.45515543e+01,4.40099346e+00,-1.41446068e+01,-2.30804510e+00,-1.06139865e-02,-1.89007640e-03,-1.19897239e-03,2.14090276e+01,1.16853723e-05
1.026635,5.43883651e+01,4.39012328e+00,-1.45210355e+01,-2.38498330e+00,-1.10832630e-02,-1.96497434e-03,-1.30676082e-03,2.12856370e+01,1.18408054e-05
1.027182,5.42223099e+01,4.29878572e+00,-1.45689327e+01,-2.40540127e+00,-1.10537838e-02,-1.74947841e-03,-1.30630868e-03,2.12878544e+01,1.17843772e-05
1.027729,5.40534229e+01,4.18527417e+00,-1.45423461e+01,-2.39730175e+00,-1.09492588e-02,-1.55520589e-03,-1.14740830e-03,2.12551710e+01,1.17756492e-05
1.028276,5.38817503e+01,4.13250120e+00,-1.48271532e+01,-2.45077426e+00,-1.13666779e-02,-1.62786982e-03,-1.16273244e-03,2.11960291e+01,1.17866639e-05
1.028823,5.37073277e+01,4.06260937e+00,-1.49241329e+01,-2.49940069e+00,-1.13113497e-02,-1.32168811e-03,-1.34915605e-03,2.12004063e+01,1.16934509e-05
1.029370,5.35301922e+01,3.93162430e+00,-1.48992798e+01,-2.51438244e+00,-1.13575984e-02,-1.17454824e-03,-1.40029167e-03,2.10031174e+01,1.16477911e-05
1.029917,5.33503896e+01,3.82684498e+00,-1.49358538e+01,-2.52853612e+00,-1.13710524e-02,-1.02527357e-03,-1.34586184e-03,2.09801856e+01,1.15093048e-05
1.030464,5.31679621e+01,3.71611865e+00,-1.49713886e+01,-2.54195063e+00,-1.14286143e-02,-9.08576748e-04,-1.29460477e-03,2.09809626e+01,1.14388817e-05
1.031011,5.29829515e+01,3.60321618e+00,-1.49897212e+01,-2.54733703e+00,-1.14460090e-02,-7.84970295e-04,-1.19560054e-03,2.09956889e+01,1.13389351e-05
1.031558,5.27953989e+01,3.48939778e+00,-1.50328338e+01,-2.56441419e+00,-1.15472397e-02,-6.85048355e-04,-1.18039665e-03,2.10023553e+01,1.12502658e-05
1.032105,5.26053448e+01,3.37867879e+00,-1.49922235e+01,-2.58149964e+00,-1.13892067e-02,-3.97146651e-04,-1.26159037e-03,2.10193419e+01,1.11088279e-05
1.032652,5.24128351e+01,3.23637936e+00,-1.49221706e+01,-2.60187996e+00,-1.14327094e-02,-2.30095162e-04,-1.42466754e-03,2.08871766e+01,1.09971418e-05
1.033199,5.22179181e+01,3.16467258e+00,-1.50124679e+01,-2.62365754e+00,-1.13086496e-02,-5.58178755e-06,-1.32818321e-03,2.07834546e+01,1.07509579e-05
1.033746,5.20206403e+01,3.06042870e+00,-1.50737204e+01,-2.64148128e+00,-1.13875211e-02,8.78905082e-05,-1.26683643e-03,2.06581383e+01,1.07326760e-05
1.034293,5.18210457e+01,2.94548491e+00,-1.50858358e+01,-2.66002162e+00,-1.14246516e-02,2.24693660e-04,-1.28459024e-03,2.06641537e+01,1.05930986e-05
1.034840,5.16191753e+01,2.83226745e+00,-1.50859375e+01,-2.67197174e+00,-1.14111053e-02,3.70862727e-04,-1.25293464e-03,2.06609636e+01,1.04134072e-05
1.035387,5.14150725e+01,2.72461324e+00,-1.51049333e+01,-2.67508003e+00,-1.13929378e-02,4.83778391e-04,-1.11505137e-03,2.06550563e+01,1.02549598e-05
1.035933,5.12087810e+01,2.62337028e+00,-1.53274742e+01,-2.73726048e+00,-1.18332421e-02,4.73410308e-04,-1.24523587e-03,2.06384861e+01,1.01330084e-05
1.036480,5.10003349e+01,2.66667204e+00,-1.59359745e+01,-2.84572815e+00,-1.18853446e-02,7.11661932e-04,-1.14659938e-03,2.05333225e+01,9.85115275e-06
1.037027,5.07897666e+01,2.56908888e+00,-1.60799369e+01,-2.89509699e+00,-1.20466495e-02,8.42775617e-04,-1.24759749e-03,2.01603439e+01,1.00132105e-05
1.037574,5.05771146e+01,2.42833710e+00,-1.61012602e+01,-2.92149518e+00,-1.22783243e-02,8.98832773e-04,-1.32512136e-03,2.01218132e+01,9.79979889e-06
1.038121,5.03624153e+01,2.32427380e+00,-1.61738608e+01,-2.94589837e+00,-1.22753219e-02,1.05349256e-03,-1.27741044e-03,2.00511982e+01,9.48754065e-06
1.038668,5.01457079e+01,2.19942902e+00,-1.61184477e+01,-2.95552205e+00,-1.21806593e-02,1.24551964e-03,-1.29221526e-03,2.00386842e+01,9.33084155e-06
1.039215,4.99270382e+01,2.07287611e+00,-1.60585117e+01,-2.96371671e+00,-1.21030862e-02,1.41971568e-03,-1.29874839e-03,1.99978895e+01,9.11570656e-06
1.039762,4.97064544e+01,1.96163504e+00,-1.61973224e+01,-2.98868673e+00,-1.22966118e-02,1.44890184e-03,-1.16211141e-03,1.99653438e+01,8.88882269e-06
1.040309,4.94839967e+01,1.85561389e+00,-1.61822992e+01,-2.99379071e+00,-1.21176309e-02,1.64548955e-03,-1.07330447e-03,1.99602274e+01,8.70477313e-06
1.040856,4.92597065e+01,1.73777650e+00,-1.62532941e+01,-3.02761514e+00,-1.22330706e-02,1.77030819e-03,-1.13016773e-03,1.98764184e+01,8.56409151e-06
1.041403,4.90336286e+01,1.60231417e+00,-1.62542436e+01,-3.04261374e+00,-1.23590422e-02,1.85332471e-03,-1.12328470e-03,1.98565487e+01,8.30493564e-06
1.041950,4.88058019e+01,1.49497402e+00,-1.62474176e+01,-3.06815210e+00,-1.22091728e-02,2.09147107e-03,-1.20091422e-03,1.98436435e+01,8.01878082e-06
1.042497,4.85762713e+01,1.37279916e+00,-1.61884133e+01,-3.07092810e+00,-1.21127849e-02,2.24042160e-03,-1.15433981e-03,1.97261575e+01,7.80541590e-06
1.043044,4.83450859e+01,1.24670031e+00,-1.61997759e+01,-3.09399459e+00,-1.21840094e-02,2.36279585e-03,-1.18835998e-03,1.96947611e+01,7.57953821e-06
1.043591,4.81122899e+01,1.12325160e+00,-1.61896104e+01,-3.10653657e+00,-1.21858701e-02,2.48328082e-03,-1.15366573e-03,1.96769356e+01,7.29855133e-06
1.044138,4.78779252e+01,9.87912527e-01,-1.62097649e+01,-3.12456938e+00,-1.23443472e-02,2.55295775e-03,-1.13002707e-03,1.96726063e+01,7.05222243e-06
1.044685,4.76420315e+01,8.97143499e-01,-1.62722863e+01,-3.17001760e+00,-1.21410870e-02,2.82871273e-03,-1.25587805e-03,1.96585426e+01,6.75765450e-06
1.045232,4.74046532e+01,7.82091622e-01,-1.65919993e+01,-3.24207318e+00,-1.25311457e-02,2.86849436e-03,-1.21621634e-03,1.94195178e+01,6.57273222e-06
1.045779,4.71658277e+01,6.78875360e-01,-1.66306771e+01,-3.26818474e+00,-1.23780476e-02,3.06072885e-03,-1.20050917e-03,1.94149862e+01,6.36052378e-06
1.046326,4.69255906e+01,5.47556155e-01,-1.67391459e+01,-3.31482062e+00,-1.25884530e-02,3.17272964e-03,-1.26877795e-03,1.93215567e+01,6.18529049e-06
1.046873,4.66839828e+01,4.51697160e-01,-1.68929508e+01,-3.34752336e+00,-1.24857599e-02,3.30444032e-03,-1.11290502e-03,1.92879025e+01,5.88608838e-06
1.047420,4.64410418e+01,3.14615827e-01,-1.71358320e+01,-3.40599341e+00,-1.28726856e-02,3.34716200e-03,-1.07268644e-03,1.91645429e+01,5.80354168e-06
1.047966,4.61967998e+01,1.89919686e-01,-1.71484683e+01,-3.45888990e+00,-1.28491320e-02,3.60696017e-03,-1.34360887e-03,1.91410887e+01,5.56055083e-06
1.048513,4.59512925e+01,5.52349695e-02,-1.73039033e+01,-3.50224158e+00,-1.30541932e-02,3.68283403e-03,-1.27330886e-03,1.89137493e+01,5.21644277e-06
1.049060,4.57045590e+01,-8.26904016e-02,-1.72419500e+01,-3.52121108e+00,-1.30606421e-02,3.84247250e-03,-1.35002604e-03,1.89141667e+01,5.00384656e-06
1.049607,4.54566366e+01,-2.00826569e-01,-1.73191161e+01,-3.54595145e+00,-1.29962242e-02,3.95334644e-03,-1.23018648e-03,1.88709735e+01,4.68306986e-06
1.050154,4.52075668e+01,-3.31270448e-01,-1.72601084e+01,-3.54658855e+00,-1.29429725e-02,4.05196211e-03,-1.14004070e-03,1.88257319e+01,4.53865320e-06
1.050701,4.49573905e+01,-4.63068137e-01,-1.72327442e+01,-3.57519967e+00,-1.29320131e-02,4.22951477e-03,-1.24723401e-03,1.88205706e+01,4.30616139e-06
1.051248,4.47061508e+01,-5.89078428e-01,-1.70862660e+01,-3.57565654e+00,-1.27891227e-02,4.38959159e-03,-1.29381059e-03,1.87579389e+01,4.00355558e-06
1.051795,4.44538945e+01,-7.14109998e-01,-1.70610300e+01,-3.58835088e+00,-1.27259647e-02,4.50000579e-03,-1.23716379e-03,1.87024481e+01,3.69716211e-06
1.052342,4.42006670e+01,-8.36051117e-01,-1.69663349e+01,-3.59997506e+00,-1.26036541e-02,4.66001099e-03,-1.29229238e-03,1.86890887e+01,3.48378475e-06
1.052889,4.39465127e+01,-9.75853604e-01,-1.69509779e+01,-3.62295098e+00,-1.27001431e-02,4.77614057e-03,-1.30722162e-03,1.86349619e+01,3.20517685e-06
1.053436,4.36914743e+01,-1.11301125e+00,-1.69368288e+01,-3.63429269e+00,-1.27610304e-02,4.85058383e-03,-1.21483672e-03,1.86134970e+01,2.94072033e-06
1.053983,4.34355886e+01,-1.23874718e+00,-1.68960213e+01,-3.63732482e+00,-1.26985153e-02,4.92629218e-03,-1.10158579e-03,1.86176011e+01,2.74759203e-06
1.054530,4.31788933e+01,-1.34738392e+00,-1.68105342e+01,-3.65532117e+00,-1.24656400e-02,5.10858824e-03,-1.20120705e-03,1.86146287e+01,2.59151910e-06
1.055077,4.29214327e+01,-1.49397139e+00,-1.69107007e+01,-3.69653063e+00,-1.26468152e-02,5.20649153e-03,-1.16962485e-03,1.84740284e+01,2.35296872e-06
1.055624,4.26632462e+01,-1.61994577e+00,-1.68490110e+01,-3.71069547e+00,-1.25910310e-02,5.33534403e-03,-1.18628440e-03,1.84743499e+01,2.24290174e-06
1.056171,4.24043697e+01,-1.73295403e+00,-1.67574296e+01,-3.71673504e+00,-1.24181149e-02,5.45243861e-03,-1.18126391e-03,1.84580621e+01,2.07303911e-06
1.056718,4.21448461e+01,-1.86904145e+00,-1.67380237e+01,-3.73979562e+00,-1.24779489e-02,5.57331885e-03,-1.19495630e-03,1.84137077e+01,1.92489091e-06
1.057265,4.18847163e+01,-2.00441522e+00,-1.67420115e+01,-3.75459830e+00,-1.25219015e-02,5.63881763e-03,-1.09215869e-03,1.84017979e+01,1.84610957e-06
1.057812,4.16240154e+01,-2.13513967e+00,-1.66847546e+01,-3.76494370e+00,-1.25248901e-02,5.74236624e-03,-1.06816452e-03,1.84129284e+01,1.87825546e-06
1.058359,4.13627788e+01,-2.25839752e+00,-1.65916634e+01,-3.77803269e+00,-1.24627957e-02,5.88624033e-03,-1.13160399e-03,1.84185899e+01,1.89069312e-06
1.058906,4.11010469e+01,-2.38566298e+00,-1.65669272e+01,-3.79327616e+00,-1.24258827e-02,5.97096773e-03,-1.08246498e-03,1.83772275e+01,1.89306796e-06
1.059453,4.08388589e+01,-2.51576310e+00,-1.64799278e+01,-3.81456376e+00,-1.24354335e-02,6.14673654e-03,-1.19904855e-03,1.83820088e+01,2.00237750e-06
1.060000,4.05762538e+01,-2.63727765e+00,-1.63951909e+01,-3.82341546e+00,-1.23676147e-02,6.25016158e-03,-1.19295737e-03,1.82942185e+01,2.11405540e-06
1.060546,4.03132723e+01,-2.75591808e+00,-1.62996715e+01,-3.83274061e+00,-1.22854719e-02,6.36285456e-03,-1.21073112e-03,1.82856222e+01,2.25850310e-06
1.061093,4.00499542e+01,-2.89164693e+00,-1.63309200e+01,-3.85307534e+00,-1.22998272e-02,6.40033069e-03,-1.08583794e-03,1.82696862e+01,2.41730806e-06
1.061640,3.97863333e+01,-3.00642087e+00,-1.62394877e+01,-3.85074869e+00,-1.21968795e-02,6.45259827e-03,-1.00678726e-03,1.82801563e+01,2.65485672e-06
1.062187,3.95224416e+01,-3.13978507e+00,-1.61884742e+01,-3.89044111e+00,-1.22250429e-02,6.67786927e-03,-1.20907746e-03,1.82926173e+01,2.83498289e-06
1.062734,3.92583179e+01,-3.27007247e+00,-1.61506273e+01,-3.90767134e+00,-1.22232758e-02,6.76519038e-03,-1.17531851e-03,1.81088494e+01,3.08384075e-06
1.063281,3.89939992e+01,-3.39328176e+00,-1.61082857e+01,-3.92137648e+00,-1.21604138e-02,6.82700071e-03,-1.12592203e-03,1.81164779e+01,3.33404471e-06
1.063828,3.87295179e+01,-3.52962726e+00,-1.60897201e+01,-3.93006026e+00,-1.22068025e-02,6.86180373e-03,-9.88137608e-04,1.81311224e+01,3.55440807e-06
1.064375,3.84649037e+01,-3.65754095e+00,-1.61096756e+01,-3.98123947e+00,-1.21010921e-02,7.01595947e-03,-1.15421027e-03,1.81481098e+01,3.83432858e-06
1.064922,3.82001864e+01,-3.79920635e+00,-1.60566895e+01,-4.00393045e+00,-1.22131265e-02,7.17742114e-03,-1.18360617e-03,1.80043801e+01,4.03372206e-06
1.065469,3.79353997e+01,-3.94040470e+00,-1.61124674e+01,-4.04255577e+00,-1.21868599e-02,7.22391674e-03,-1.14805026e-03,1.79430419e+01,4.36686087e-06
1.066016,3.76705718e+01,-4.08522768e+00,-1.60740570e+01,-4.07207620e+00,-1.22916239e-02,7.40118919e-03,-1.20313277e-03,1.79526699e+01,4.60278902e-06
1.066563,3.74057303e+01,-4.22362158e+00,-1.60541837e+01,-4.09145936e+00,-1.23136609e-02,7.46472626e-03,-1.13679634e-03,1.78939327e+01,4.93637753e-06
1.067110,3.71409048e+01,-4.34147635e+00,-1.60268871e+01,-4.10999462e+00,-1.21592233e-02,7.46389796e-03,-1.09813307e-03,1.79222533e+01,5.21174750e-06
1.067657,3.68761206e+01,-4.50475437e+00,-1.60497334e+01,-4.15634163e+00,-1.23268379e-02,7.66531602e-03,-1.16681564e-03,1.79012244e+01,5.38466162e-06
1.068204,3.66114038e+01,-4.61770548e+00,-1.59117760e+01,-4.15512882e+00,-1.22750313e-02,7.76727665e-03,-1.15555490e-03,1.78313985e+01,5.74988325e-06
1.068751,3.63467869e+01,-4.70635556e+00,-1.57438329e+01,-4.16341041e+00,-1.20489025e-02,7.88291559e-03,-1.29787045e-03,1.78261591e+01,6.00670680e-06
1.069298,3.60823091e+01,-4.88203983e+00,-1.58270050e+01,-4.21057328e+00,-1.22241772e-02,7.97481615e-03,-1.22637707e-03,1.76840268e+01,6.17935704e-06
1.069845,3.58179987e+01,-5.00266752e+00,-1.57226117e+01,-4.21953578e+00,-1.21977485e-02,8.08216472e-03,-1.22375946e-03,1.77065902e+01,6.52627941e-06
1.070392,3.55538789e+01,-5.14533751e+00,-1.57705763e+01,-4.25935889e+00,-1.21167304e-02,8.04774697e-03,-1.19135304e-03,1.77097212e+01,6.79387324e-06
1.070939,3.52899715e+01,-5.32818433e+00,-1.58186265e+01,-4.31566159e+00,-1.23451569e-02,8.29132791e-03,-1.24977880e-03,1.77031917e+01,6.98976059e-06
1.071486,3.50262935e+01,-5.43838262e+00,-1.56846404e+01,-4.31796070e+00,-1.22741206e-02,8.38197603e-03,-1.24710209e-03,1.75959273e+01,7.39444497e-06
1.072033,3.47628734e+01,-5.55206725e+00,-1.55769505e+01,-4.32881522e+00,-1.21911404e-02,8.45830702e-03,-1.26573415e-03,1.75938064e+01,7.63608631e-06
1.072579,3.44997427e+01,-5.70892014e+00,-1.55761762e+01,-4.35370516e+00,-1.22846571e-02,8.51468760e-03,-1.16377548e-03,1.75967639e+01,7.86481546e-06
1.073126,3.42369239e+01,-5.84320589e+00,-1.55406848e+01,-4.39936942e+00,-1.22060712e-02,8.65072878e-03,-1.32846768e-03,1.76283421e+01,8.17180892e-06
1.073673,3.39744373e+01,-6.00502936e+00,-1.55523136e+01,-4.43426364e+00,-1.22910117e-02,8.72225054e-03,-1.27141064e-03,1.75049707e+01,8.40367552e-06
1.074220,3.37123022e+01,-6.12585223e+00,-1.54590081e+01,-4.44961249e+00,-1.22357905e-02,8.80225581e-03,-1.28713432e-03,1.75399781e+01,8.70609098e-06
1.074767,3.34505383e+01,-6.26269199e+00,-1.53734716e+01,-4.45888079e+00,-1.23026176e-02,8.92241677e-03,-1.21204907e-03,1.75500853e+01,8.94223348e-06
1.075314,3.31891716e+01,-6.40822668e+00,-1.53517769e+01,-4.48740828e+00,-1.22966473e-02,8.94835538e-03,-1.18860014e-03,1.75290116e+01,9.24806885e-06
1.075861,3.29282211e+01,-6.51172297e+00,-1.51794727e+01,-4.49108988e+00,-1.22509769e-02,9.15989480e-03,-1.25970000e-03,1.75771142e+01,9.49534007e-06
1.076408,3.26677144e+01,-6.66087175e+00,-1.51736785e+01,-4.53023462e+00,-1.22225963e-02,9.17189943e-03,-1.28460475e-03,1.74276494e+01,9.75785174e-06
1.076955,3.24076764e+01,-6.80020646e+00,-1.51247722e+01,-4.54996317e+00,-1.22247885e-02,9.19522181e-03,-1.22963717e-03,1.74519029e+01,9.98584790e-06
1.077502,3.21481177e+01,-6.91146928e+00,-1.49537688e+01,-4.54258723e+00,-1.22617787e-02,9.41863447e-03,-1.18358788e-03,1.75053746e+01,1.02324651e-05
1.078049,3.18890655e+01,-7.04947611e+00,-1.49053493e+01,-4.57817672e+00,-1.22106957e-02,9.48601586e-03,-1.26581272e-03,1.73398512e+01,1.05335847e-05
1.078596,3.16305480e+01,-7.18234811e+00,-1.48165015e+01,-4.59131184e+00,-1.22308340e-02,9.58818180e-03,-1.22141616e-03,1.73073284e+01,1.07555203e-05
1.079143,3.13725833e+01,-7.25897516e+00,-1.46096875e+01,-4.58370236e+00,-1.20942694e-02,9.72903810e-03,-1.28360629e-03,1.73004019e+01,1.10204217e-05
1.079690,3.11152024e+01,-7.36859875e+00,-1.44844108e+01,-4.58997086e+00,-1.20351672e-02,9.79053712e-03,-1.27289058e-03,1.71846586e+01,1.12105694e-05
1.080237,3.08584370e+01,-7.50759762e+00,-1.44275761e+01,-4.61304020e+00,-1.20311484e-02,9.81502900e-03,-1.24774929e-03,1.71812277e+01,1.14222366e-05
1.080784,3.06023033e+01,-7.65200315e+00,-1.43757413e+01,-4.63178335e+00,-1.20605702e-02,9.83066260e-03,-1.17163699e-03,1.72216603e+01,1.16507025e-05
1.081331,3.03468093e+01,-7.75284316e+00,-1.42293474e+01,-4.64906074e+00,-1.19576180e-02,1.00048477e-02,-1.30132062e-03,1.72681755e+01,1.18942892e-05
1.081878,3.00919752e+01,-7.83655273e+00,-1.40459491e+01,-4.63778043e+00,-1.18751033e-02,1.01015042e-02,-1.26728305e-03,1.70720535e+01,1.20912799e-05
1.082425,2.98378341e+01,-7.89086532e+00,-1.37995217e+01,-4.60602117e+00,-1.17586400e-02,1.02361553e-02,-1.20855610e-03,1.70101172e+01,1.22854286e-05
1.082972,2.95844250e+01,-7.98025935e+00,-1.36395160e+01,-4.60381204e+00,-1.16686263e-02,1.03071646e-02,-1.20889196e-03,1.68832496e+01,1.24714210e-05
1.083519,2.93317839e+01,-8.04600552e+00,-1.34502318e+01,-4.60133765e+00,-1.14947849e-02,1.03646994e-02,-1.29297622e-03,1.68357840e+01,1.26517750e-05
1.084066,2.90799391e+01,-8.24941713e+00,-1.35009104e+01,-4.65653473e+00,-1.16384065e-02,1.03772866e-02,-1.23700950e-03,1.67263199e+01,1.27803476e-05
1.084612,2.88288979e+01,-8.35314678e+00,-1.33697816e+01,-4.67131679e+00,-1.15593832e-02,1.04903957e-02,-1.29917107e-03,1.67746429e+01,1.30569891e-05
1.085159,2.85786643e+01,-8.44450106e+00,-1.32014547e+01,-4.66014038e+00,-1.15271504e-02,1.06181689e-02,-1.21038989e-03,1.66725119e+01,1.32374746e-05
1.085706,2.83292654e+01,-8.62837938e+00,-1.32189922e+01,-4.72050019e+00,-1.15745879e-02,1.06265043e-02,-1.28977394e-03,1.65483820e+01,1.34475385e-05
1.086253,2.80807100e+01,-8.65203078e+00,-1.29303620e+01,-4.68185406e+00,-1.14086380e-02,1.08816024e-02,-1.26248186e-03,1.65509058e+01,1.36639300e-05
1.086800,2.78330232e+01,-8.89483791e+00,-1.30248353e+01,-4.75815937e+00,-1.16080899e-02,1.08899411e-02,-1.23744026e-03,1.61903969e+01,1.38248835e-05
1.087347,2.75862212e+01,-8.94685089e+00,-1.27935689e+01,-4.73801572e+00,-1.14720769e-02,1.10960091e-02,-1.23265710e-03,1.62326979e+01,1.41172539e-05
1.087894,2.73403127e+01,-9.10505331e+00,-1.27528613e+01,-4.77821292e+00,-1.14936658e-02,1.11053812e-02,-1.26689653e-03,1.59734772e+01,1.42722611e-05
1.088441,2.70953183e+01,-9.09517201e+00,-1.24311760e+01,-4.72597098e+00,-1.12604032e-02,1.13217642e-02,-1.23412480e-03,1.59651537e+01,1.44606727e-05
1.088988,2.68512688e+01,-9.28224822e+00,-1.24196071e+01,-4.76760063e+00,-1.13757878e-02,1.13516391e-02,-1.17036845e-03,1.56083819e+01,1.45644840e-05
1.089535,2.66081915e+01,-9.28049434e+00,-1.21213250e+01,-4.72547599e+00,-1.11396355e-02,1.15589137e-02,-1.17630628e-03,1.55930376e+01,1.47999843e-05
1.090082,2.63661114e+01,-9.48628463e+00,-1.21359479e+01,-4.78268025e+00,-1.12642661e-02,1.15743043e-02,-1.16948229e-03,1.52394423e+01,1.48985029e-05
1.090629,2.61250486e+01,-9.54694665e+00,-1.19482940e+01,-4.78366541e+00,-1.10987477e-02,1.16646153e-02,-1.26452575e-03,1.52446881e+01,1.51213141e-05
1.091176,2.58850058e+01,-9.53285764e+00,-1.16541784e+01,-4.73338374e+00,-1.08646710e-02,1.17583855e-02,-1.21449229e-03,1.50406615e+01,1.52071868e-05
1.091723,2.56460238e+01,-9.60994348e+00,-1.14899511e+01,-4.72734768e+00,-1.07861053e-02,1.17997807e-02,-1.17425867e-03,1.48147707e+01,1.52662490e-05
1.092270,2.54081388e+01,-9.54807330e+00,-1.11429391e+01,-4.66039515e+00,-1.04656714e-02,1.19281315e-02,-1.15177812e-03,1.47128698e+01,1.53823575e-05
1.092817,2.51713954e+01,-9.67583956e+00,-1.10506072e+01,-4.68274515e+00,-1.04667725e-02,1.19455745e-02,-1.14387968e-03,1.43725211e+01,1.54191339e-05
1.093364,2.49358282e+01,-9.63121558e+00,-1.07407595e+01,-4.63320864e+00,-1.01597335e-02,1.20615764e-02,-1.17670208e-03,1.43111267e+01,1.55500350e-05
1.093911,2.47014671e+01,-9.68322708e+00,-1.05492710e+01,-4.61199192e+00,-1.00684431e-02,1.21296256e-02,-1.07683149e-03,1.39712321e+01,1.55862851e-05
1.094458,2.44683569e+01,-9.75070684e+00,-1.03833895e+01,-4.60008083e+00,-9.99642998e-03,1.21537212e-02,-1.00127627e-03,1.37934238e+01,1.57030574e-05
1.095005,2.42365195e+01,-9.75367959e+00,-1.01456224e+01,-4.57455086e+00,-9.77494180e-03,1.22376661e-02,-1.04216953e-03,1.36790031e+01,1.58003670e-05
1.095552,2.40059837e+01,-9.87995005e+00,-1.00510266e+01,-4.59485366e+00,-9.78790728e-03,1.22626574e-02,-1.01118152e-03,1.34152593e+01,1.58550516e-05
1.096099,2.37767685e+01,-9.79289858e+00,-9.71036659e+00,-4.51471474e+00,-9.46791481e-03,1.23885209e-02,-9.06016329e-04,1.33335663e+01,1.59667165e-05
1.096646,2.35489097e+01,-9.89144140e+00,-9.59372266e+00,-4.53972933e+00,-9.39679502e-03,1.23974415e-02,-1.01234229e-03,1.29489985e+01,1.60300202e-05
1.097192,2.33224449e+01,-9.85793203e+00,-9.31790827e+00,-4.48181606e+00,-9.17431595e-03,1.25394433e-02,-8.77592846e-04,1.27977035e+01,1.60772930e-05
1.097739,2.30974043e+01,-9.88144856e+00,-9.12207276e+00,-4.46963510e+00,-9.00288348e-03,1.25614499e-02,-9.28579189e-04,1.24408329e+01,1.61884137e-05
1.098286,2.28738298e+01,-9.81893008e+00,-8.84103693e+00,-4.41447281e+00,-8.72151360e-03,1.25780984e-02,-9.06429774e-04,1.22404020e+01,1.62199589e-05
1.098833,2.26517591e+01,-9.90098609e+00,-8.70228987e+00,-4.41135546e+00,-8.69410109e-03,1.26130297e-02,-8.12671414e-04,1.19923518e+01,1.62402795e-05
1.099380,2.24312216e+01,-9.88261500e+00,-8.46993644e+00,-4.37549231e+00,-8.48095699e-03,1.26593883e-02,-7.91508833e-04,1.18461684e+01,1.63257769e-05
1.099927,2.22122410e+01,-9.78875588e+00,-8.17177140e+00,-4.30447337e+00,-8.17453272e-03,1.26726216e-02,-7.26192001e-04,1.16101049e+01,1.63719763e-05
1.100474,2.19948663e+01,-9.78131426e+00,-7.96564030e+00,-4.28412615e+00,-7.97547666e-03,1.26549733e-02,-7.85940970e-04,1.13311111e+01,1.64060677e-05
1.101021,2.17791400e+01,-9.66753864e+00,-7.65301678e+00,-4.19728306e+00,-7.66073072e-03,1.27341415e-02,-6.24463958e-04,1.11278158e+01,1.64020280e-05
1.101568,2.15651115e+01,-9.68096977e+00,-7.46988520e+00,-4.18372042e+00,-7.50551523e-03,1.27323123e-02,-6.59341680e-04,1.07457045e+01,1.65195457e-05
1.102115,2.13528271e+01,-9.74405751e+00,-7.32802410e+00,-4.18132481e+00,-7.44897672e-03,1.27453137e-02,-6.12979514e-04,1.05609796e+01,1.65325819e-05
1.102662,2.11422994e+01,-9.63037557e+00,-7.03641049e+00,-4.10094790e+00,-7.13862541e-03,1.27739568e-02,-4.92064217e-04,1.04269211e+01,1.65644397e-05
1.103209,2.09335635e+01,-9.46417120e+00,-6.71795501e+00,-4.02106260e+00,-6.71699583e-03,1.27406208e-02,-5.46604943e-04,1.01142097e+01,1.66513009e-05
1.103756,2.07266864e+01,-9.43180551e+00,-6.50592017e+00,-3.97777987e+00,-6.54246750e-03,1.27462416e-02,-4.49248258e-04,9.75359239e+00,1.66809210e-05
1.104303,2.05217199e+01,-9.48775788e+00,-6.36859899e+00,-3.97543364e+00,-6.48924552e-03,1.27349461e-02,-4.14989236e-04,9.54039078e+00,1.67448586e-05
1.104850,2.03186812e+01,-9.39943587e+00,-6.12093086e+00,-3.91499740e+00,-6.21704750e-03,1.27460343e-02,-3.50368583e-04,9.42151024e+00,1.67390561e-05
1.105397,2.01175959e+01,-9.36835613e+00,-5.92613751e+00,-3.88848425e+00,-6.02258494e-03,1.27087968e-02,-3.88564899e-04,9.16200234e+00,1.68158512e-05
1.105944,1.99185004e+01,-9.44344306e+00,-5.80340435e+00,-3.89008615e+00,-6.00698652e-03,1.27308737e-02,-3.10356110e-04,8.97659529e+00,1.68035089e-05
1.106491,1.97214054e+01,-9.26571290e+00,-5.50550791e+00,-3.79774042e+00,-5.60759699e-03,1.27356274e-02,-2.41703039e-04,8.84571940e+00,1.68128056e-05
1.107038,1.95263475e+01,-9.10957923e+00,-5.23723932e+00,-3.71824686e+00,-5.27263558e-03,1.26397558e-02,-2.15682068e-04,8.50109411e+00,1.69429965e-05
1.107585,1.93333915e+01,-9.02138917e+00,-5.01658438e+00,-3.66175121e+00,-5.03829205e-03,1.25916701e-02,-1.54500138e-04,8.26587793e+00,1.69814616e-05
1.108132,1.91425835e+01,-8.88681934e+00,-4.77084196e+00,-3.58761701e+00,-4.74103183e-03,1.25364438e-02,-8.36764293e-05,8.06511174e+00,1.70280213e-05
1.108679,1.89539675e+01,-8.90527881e+00,-4.62608604e+00,-3.57747973e+00,-4.65349804e-03,1.25062947e-02,-7.46585954e-05,7.83098267e+00,1.71127030e-05
1.109225,1.87675706e+01,-8.88272396e+00,-4.45819253e+00,-3.55493146e+00,-4.49762004e-03,1.24768511e-02,-8.24533251e-05,7.70841356e+00,1.70703814e-05
1.109772,1.85834023e+01,-8.73353126e+00,-4.21897517e+00,-3.48188785e+00,-4.17842886e-03,1.24147419e-02,-4.49046608e-05,7.55554916e+00,1.70548260e-05
1.110319,1.84014959e+01,-8.53686971e+00,-3.95876693e+00,-3.38265664e+00,-3.83124248e-03,1.23180701e-02,7.53591306e-05,7.31766727e+00,1.71416764e-05
1.110866,1.82219082e+01,-8.62144075e+00,-3.85880404e+00,-3.40119765e+00,-3.84052976e-03,1.23087341e-02,5.84555629e-05,7.06599203e+00,1.72791360e-05
1.111413,1.80446606e+01,-8.48141464e+00,-3.63786283e+00,-3.33712422e+00,-3.52094043e-03,1.22772152e-02,7.02722669e-05,6.98650861e+00,1.71605703e-05
1.111960,1.78697680e+01,-8.42635308e+00,-3.46633745e+00,-3.29556056e+00,-3.36725803e-03,1.22245882e-02,1.51065196e-04,6.74293157e+00,1.72736733e-05
1.112507,1.76972645e+01,-8.33890800e+00,-3.28234849e+00,-3.24662748e+00,-3.15776363e-03,1.21656652e-02,1.96419160e-04,6.59404787e+00,1.72882374e-05
1.113054,1.75271731e+01,-8.27033115e+00,-3.11316587e+00,-3.21439979e+00,-2.96135855e-03,1.20984936e-02,1.58163530e-04,6.43038892e+00,1.73229897e-05
1.113601,1.73595163e+01,-8.14511050e+00,-2.91780022e+00,-3.14877631e+00,-2.71421712e-03,1.20353323e-02,2.50618218e-04,6.28045917e+00,1.73010113e-05
1.114148,1.71943216e+01,-8.21708090e+00,-2.81527639e+00,-3.16331881e+00,-2.72189743e-03,1.20217423e-02,2.44112729e-04,6.09358950e+00,1.73946904e-05
1.114695,1.70315967e+01,-8.10683964e+00,-2.63304191e+00,-3.11214418e+00,-2.46733669e-03,1.19802447e-02,2.65288537e-04,6.02725865e+00,1.72469903e-05
1.115242,1.68713471e+01,-7.89141600e+00,-2.41483104e+00,-3.01502456e+00,-2.12799013e-03,1.18444764e-02,3.64634389e-04,5.84586828e+00,1.73213342e-05
1.115789,1.67136158e+01,-7.89383591e+00,-2.28754023e+00,-3.00340113e+00,-2.06028208e-03,1.17991793e-02,3.80902070e-04,5.63906846e+00,1.74661837e-05
1.116336,1.65584260e+01,-7.80452192e+00,-2.12531953e+00,-2.95505733e+00,-1.86782236e-03,1.17414991e-02,4.48196346e-04,5.55311767e+00,1.73707099e-05
1.116883,1.64057850e+01,-7.74664682e+00,-1.97993317e+00,-2.93002364e+00,-1.70319909e-03,1.16759659e-02,4.04609817e-04,5.41278373e+00,1.74094365e-05
1.117430,1.62557066e+01,-7.77508641e+00,-1.86430628e+00,-2.92644859e+00,-1.67055153e-03,1.16558178e-02,4.41685421e-04,5.29610274e+00,1.73593289e-05
1.117977,1.61081875e+01,-7.59401629e+00,-1.67951010e+00,-2.84941085e+00,-1.34820581e-03,1.15760389e-02,5.02538847e-04,5.22464930e+00,1.72452950e-05
1.118524,1.59632426e+01,-7.49149473e+00,-1.52934303e+00,-2.80889126e+00,-1.15466726e-03,1.14610000e-02,4.68946925e-04,5.02981792e+00,1.74025802e-05
1.119071,1.58208998e+01,-7.42164746e+00,-1.38691886e+00,-2.76521208e+00,-1.01044224e-03,1.14114815e-02,5.79266195e-04,4.91728830e+00,1.73623487e-05
1.119618,1.56811701e+01,-7.39039065e+00,-1.25989016e+00,-2.74487473e+00,-9.07008440e-04,1.13558298e-02,5.89381956e-04,4.79974812e+00,1.73855095e-05
1.120165,1.55440563e+01,-7.32491444e+00,-1.12450171e+00,-2.70684402e+00,-7.69540720e-04,1.12926233e-02,6.58707260e-04,4.72025249e+00,1.73038659e-05
1.120712,1.54095584e+01,-7.22508417e+00,-9.83971412e-01,-2.66998297e+00,-5.61041753e-04,1.12126411e-02,6.17585165e-04,4.62314933e+00,1.72857085e-05
1.121259,1.52776841e+01,-7.14135506e+00,-8.50950854e-01,-2.63206133e+00,-4.06655230e-04,1.11205159e-02,6.38487849e-04,4.50689964e+00,1.72785547e-05
1.121805,1.51484409e+01,-7.20124651e+00,-7.50120533e-01,-2.64653850e+00,-4.25473342e-04,1.11064254e-02,6.21744193e-04,4.41788350e+00,1.72397217e-05
1.122352,1.50218144e+01,-7.05453505e+00,-6.03762266e-01,-2.57987114e+00,-1.66068394e-04,1.10444318e-02,7.33154776e-04,4.38620774e+00,1.70255270e-05
1.122899,1.48978018e+01,-6.94175332e+00,-4.73139618e-01,-2.52960031e+00,2.32155329e-06,1.09219550e-02,7.77438536e-04,4.23719994e+00,1.71679792e-05
1.123446,1.47764192e+01,-6.90068341e+00,-3.56362158e-01,-2.51542982e+00,1.18361015e-04,1.08576247e-02,7.20180769e-04,4.14993012e+00,1.71470180e-05
1.123993,1.46576639e+01,-6.84045693e+00,-2.37060062e-01,-2.48540998e+00,2.41378298e-04,1.07918462e-02,7.58033971e-04,4.08371256e+00,1.70370952e-05
1.124540,1.45415275e+01,-6.77689427e+00,-1.19820483e-01,-2.45886296e+00,3.71715801e-04,1.07172675e-02,7.54567148e-04,4.01310670e+00,1.69853979e-05
1.125087,1.44280037e+01,-6.68330377e+00,2.71018444e-04,-2.41059849e+00,5.18785333e-04,1.06356431e-02,8.62770244e-04,3.94586670e+00,1.69168351e-05
1.125634,1.43170896e+01,-6.65909799e+00,1.10998795e-01,-2.40463042e+00,6.23585810e-04,1.05981580e-02,7.94534883e-04,3.85990376e+00,1.69268491e-05
1.126181,1.42087771e+01,-6.57922257e+00,2.25676433e-01,-2.36718419e+00,7.65255031e-04,1.05258447e-02,8.53737936e-04,3.80283205e+00,1.68123339e-05
1.126728,1.41030552e+01,-6.49532438e+00,3.37105815e-01,-2.33118499e+00,9.01968645e-04,1.04338328e-02,8.82544750e-04,3.73151425e+00,1.67932681e-05
1.127275,1.39999179e+01,-6.46213973e+00,4.43669432e-01,-2.32170475e+00,9.94435695e-04,1.03730194e-02,8.24186497e-04,3.66870745e+00,1.67461078e-05
1.127822,1.38993511e+01,-6.38280383e+00,5.52952102e-01,-2.28373587e+00,1.13202751e-03,1.03057495e-02,9.01016660e-04,3.62459352e+00,1.66133673e-05
1.128369,1.38013409e+01,-6.32992753e+00,6.57918285e-01,-2.26009702e+00,1.22785969e-03,1.02324757e-02,9.16036195e-04,3.55742099e+00,1.66038069e-05
1.128916,1.37058745e+01,-6.24608637e+00,7.61974459e-01,-2.22848943e+00,1.37062002e-03,1.01452566e-02,9.18765015e-04,3.51361740e+00,1.65119619e-05
1.129463,1.36129373e+01,-6.24755909e+00,8.64970679e-01,-2.22423573e+00,1.39883803e-03,1.01092287e-02,9.21495379e-04,3.45749213e+00,1.64641401e-05
1.130010,1.35225080e+01,-6.14180729e+00,9.66442480e-01,-2.18357830e+00,1.57773734e-03,1.00234460e-02,9.54014106e-04,3.43605288e+00,1.63023261e-05
1.130557,1.34345675e+01,-6.10936129e+00,1.06703370e+00,-2.16614829e+00,1.63802991e-03,9.96376381e-03,9.80019397e-04,3.36797889e+00,1.63146742e-05
1.131104,1.33490996e+01,-6.04947899e+00,1.16581009e+00,-2.14314665e+00,1.74812495e-03,9.89399179e-03,9.81877125e-04,3.33918298e+00,1.61982157e-05
1.131651,1.32660812e+01,-6.00630315e+00,1.26413745e+00,-2.12185698e+00,1.82243562e-03,9.83120581e-03,1.01625015e-03,3.29998880e+00,1.61233997e-05
1.132198,1.31854895e+01,-5.89337108e+00,1.35511728e+00,-2.07390924e+00,1.97835462e-03,9.72269926e-03,1.09347800e-03,3.26986586e+00,1.60286627e-05
1.132745,1.31073065e+01,-5.91327676e+00,1.45932642e+00,-2.08458962e+00,2.00440995e-03,9.71505196e-03,1.01967790e-03,3.21170024e+00,1.60370769e-05
1.133292,1.30315072e+01,-5.84234124e+00,1.55260791e+00,-2.05676729e+00,2.12822355e-03,9.64466369e-03,1.04519643e-03,3.20055732e+00,1.58548376e-05
1.133838,1.29580614e+01,-5.80173770e+00,1.64741990e+00,-2.04109633e+00,2.19961397e-03,9.58165200e-03,1.04152107e-03,3.16181918e+00,1.58137098e-05
1.134385,1.28869441e+01,-5.70100774e+00,1.73264414e+00,-2.00317547e+00,2.34978202e-03,9.48292217e-03,1.07626944e-03,3.14128314e+00,1.57057176e-05
1.134932,1.28181321e+01,-5.61669891e+00,1.81756700e+00,-1.98099545e+00,2.48162930e-03,9.38263853e-03,1.01284682e-03,3.09586394e+00,1.56966502e-05
1.135479,1.27516047e+01,-5.62070531e+00,1.92092744e+00,-1.96894784e+00,2.50064130e-03,9.38431322e-03,1.12324030e-03,3.06087646e+00,1.56237130e-05
1.136026,1.26873316e+01,-5.54720341e+00,2.00916030e+00,-1.94685011e+00,2.65178643e-03,9.32535232e-03,1.10260256e-03,3.04234532e+00,1.55361096e-05
1.136573,1.26252829e+01,-5.52325370e+00,2.10451998e+00,-1.93293520e+00,2.69165820e-03,9.28243787e-03,1.14039950e-03,3.00455562e+00,1.55175026e-05
1.137120,1.25654287e+01,-5.50386119e+00,2.20024970e+00,-1.92439636e+00,2.72858058e-03,9.23900136e-03,1.13825886e-03,2.99520889e+00,1.54121385e-05
1.137667,1.25077320e+01,-5.42644792e+00,2.28204564e+00,-1.89697795e+00,2.85275015e-03,9.15954183e-03,1.15335162e-03,2.99170441e+00,1.52869719e-05
1.138214,1.24521605e+01,-5.38852617e+00,2.37206676e+00,-1.88181204e+00,2.90788812e-03,9.10178818e-03,1.16320069e-03,2.96484965e+00,1.52574004e-05
1.138761,1.23986833e+01,-5.30886078e+00,2.45058588e+00,-1.85952951e+00,3.03948270e-03,9.01707208e-03,1.12869718e-03,2.95791930e+00,1.51618674e-05
1.139308,1.23472684e+01,-5.30057848e+00,2.54879010e+00,-1.85649562e+00,3.05743497e-03,8.98630980e-03,1.11834101e-03,2.93292688e+00,1.51229090e-05
1.139855,1.22978806e+01,-5.24194159e+00,2.63140261e+00,-1.82998272e+00,3.14102681e-03,8.92180057e-03,1.18709279e-03,2.93819837e+00,1.49930883e-05
1.140402,1.22504830e+01,-5.15729193e+00,2.70310948e+00,-1.79924508e+00,3.25149340e-03,8.82437934e-03,1.21473450e-03,2.92231691e+00,1.49591212e-05
1.140949,1.22050449e+01,-5.09146185e+00,2.78007004e+00,-1.77615859e+00,3.33666112e-03,8.74291202e-03,1.22513705e-03,2.90348232e+00,1.49319094e-05
1.141496,1.21615345e+01,-5.01514787e+00,2.85233318e+00,-1.75032595e+00,3.43948840e-03,8.65457744e-03,1.23499210e-03,2.89405906e+00,1.48787235e-05
1.142043,1.21199192e+01,-4.93910247e+00,2.92301020e+00,-1.72293463e+00,3.53394168e-03,8.56459058e-03,1.26035212e-03,2.88092567e+00,1.48440421e-05
1.142590,1.20801660e+01,-4.89014570e+00,3.00460900e+00,-1.71096127e+00,3.60704395e-03,8.50286874e-03,1.22231691e-03,2.86971162e+00,1.48102997e-05
1.143137,1.20422396e+01,-4.88200327e+00,3.10316527e+00,-1.70150993e+00,3.61076312e-03,8.48493393e-03,1.27787625e-03,2.86884629e+00,1.47395862e-05
1.143684,1.20060990e+01,-4.85134249e+00,3.19581653e+00,-1.70148912e+00,3.70186188e-03,8.46067485e-03,1.19352291e-03,2.87874250e+00,1.46518275e-05
1.144231,1.19717024e+01,-4.79736970e+00,3.27492894e+00,-1.67977166e+00,3.78011814e-03,8.40443109e-03,1.24611767e-03,2.87668547e+00,1.45945216e-05
1.144778,1.19390120e+01,-4.72735832e+00,3.34260821e+00,-1.65027808e+00,3.84719188e-03,8.31608541e-03,1.31219090e-03,2.87297788e+00,1.45749375e-05
1.145325,1.19079917e+01,-4.68990207e+00,3.42948316e+00,-1.64360544e+00,3.91608361e-03,8.27585408e-03,1.26555111e-03,2.86951395e+00,1.45472106e-05
1.145871,1.18786034e+01,-4.60312566e+00,3.48852490e+00,-1.61850124e+00,4.03335168e-03,8.17674971e-03,1.25545669e-03,2.87604742e+00,1.44928842e-05
1.146418,1.18508103e+01,-4.57359022e+00,3.57742525e+00,-1.60435040e+00,4.05959441e-03,8.14152184e-03,1.30357597e-03,2.86773963e+00,1.44858454e-05
1.146965,1.18245747e+01,-4.53157188e+00,3.66073177e+00,-1.59493894e+00,4.12509608e-03,8.09613345e-03,1.27451859e-03,2.87986019e+00,1.44370332e-05
1.147512,1.17998555e+01,-4.48637453e+00,3.74043553e+00,-1.58107620e+00,4.17539728e-03,8.04178250e-03,1.27760032e-03,2.89012222e+00,1.43963597e-05
1.148059,1.17766127e+01,-4.41443277e+00,3.80359096e+00,-1.55247727e+00,4.26004054e-03,7.96122106e-03,1.34557908e-03,2.90290525e+00,1.43563649e-05
1.148606,1.17548085e+01,-4.35599629e+00,3.87595463e+00,-1.53856746e+00,4.34509921e-03,7.89824493e-03,1.31463268e-03,2.90143613e+00,1.43642460e-05
1.149153,1.17344059e+01,-4.31921008e+00,3.95991727e+00,-1.53212732e+00,4.37811353e-03,7.85217230e-03,1.27245205e-03,2.90873150e+00,1.43474290e-05
1.149700,1.17153648e+01,-4.26492931e+00,4.03367139e+00,-1.51012926e+00,4.44638548e-03,7.79781496e-03,1.33783227e-03,2.92931623e+00,1.42931942e-05
1.150247,1.16976453e+01,-4.18376878e+00,4.08779932e+00,-1.48516977e+00,4.54955708e-03,7.70519755e-03,1.34998173e-03,2.93657840e+00,1.43021498e-05
1.150794,1.16812109e+01,-4.12839684e+00,4.15816474e+00,-1.46549156e+00,4.60044609e-03,7.64179270e-03,1.38171750e-03,2.93853526e+00,1.43166023e-05
1.151341,1.16660245e+01,-4.10714528e+00,4.25547398e+00,-1.46694004e+00,4.62452419e-03,7.62621647e-03,1.31439480e-03,2.95374524e+00,1.43072340e-05
1.151888,1.16520450e+01,-4.04066963e+00,4.32197235e+00,-1.44024021e+00,4.73696904e-03,7.56953213e-03,1.40389842e-03,2.98074663e+00,1.42642564e-05
1.152435,1.16392332e+01,-4.01746587e+00,4.41841266e+00,-1.43453690e+00,4.75098763e-03,7.55386733e-03,1.39682147e-03,2.97837126e+00,1.43249046e-05
1.152982,1.16275501e+01,-3.95046780e+00,4.48256904e+00,-1.41914704e+00,4.85506794e-03,7.48669770e-03,1.36972062e-03,3.00824616e+00,1.43020125e-05
1.153529,1.16169564e+01,-3.92397621e+00,4.57681873e+00,-1.41388098e+00,4.86562843e-03,7.46685312e-03,1.35443934e-03,3.01866992e+00,1.43277855e-05
1.154076,1.16074128e+01,-3.85391490e+00,4.63730778e+00,-1.39313850e+00,4.96906926e-03,7.39649208e-03,1.37566857e-03,3.05119529e+00,1.43090905e-05
1.154623,1.15988807e+01,-3.80807187e+00,4.71497187e+00,-1.37746882e+00,5.00039779e-03,7.35132413e-03,1.40522866e-03,3.06154663e+00,1.43537408e-05
1.155170,1.15913231e+01,-3.75580709e+00,4.78934778e+00,-1.36655245e+00,5.06434010e-03,7.30238050e-03,1.37760170e-03,3.08845995e+00,1.43633415e-05
1.155717,1.15847015e+01,-3.70530251e+00,4.86356041e+00,-1.34885422e+00,5.10797791e-03,7.25446245e-03,1.41846972e-03,3.11332247e+00,1.43829855e-05
1.156264,1.15789785e+01,-3.65666969e+00,4.94049046e+00,-1.33784412e+00,5.15680359e-03,7.21073225e-03,1.40077782e-03,3.13902326e+00,1.44111160e-05
1.156811,1.15741165e+01,-3.58065473e+00,4.99138898e+00,-1.31330554e+00,5.25396228e-03,7.12833431e-03,1.44098823e-03,3.16892612e+00,1.44340359e-05
1.157358,1.15700796e+01,-3.52900713e+00,5.06673136e+00,-1.30480823e+00,5.31298700e-03,7.08391394e-03,1.39589460e-03,3.18222934e+00,1.44930430e-05
1.157905,1.15668325e+01,-3.47361032e+00,5.13674831e+00,-1.28788646e+00,5.36449205e-03,7.03264704e-03,1.42243622e-03,3.21176735e+00,1.45249101e-05
1.158451,1.15643386e+01,-3.42827168e+00,5.21926781e+00,-1.28321963e+00,5.41231881e-03,7.00068576e-03,1.36361533e-03,3.24091911e+00,1.45704264e-05
1.158998,1.15625613e+01,-3.37887110e+00,5.29682683e+00,-1.26534347e+00,5.45843871e-03,6.96365500e-03,1.42401305e-03,3.27529100e+00,1.46061737e-05
1.159545,1.15614641e+01,-3.34086985e+00,5.39022980e+00,-1.26398302e+00,5.50413298e-03,6.94994489e-03,1.36066844e-03,3.30487331e+00,1.46696153e-05
1.160092,1.15610103e+01,-3.26892457e+00,5.44673406e+00,-1.23998030e+00,5.61556710e-03,6.88166093e-03,1.42970007e-03,3.34285634e+00,1.47199622e-05
1.160639,1.15611652e+01,-3.24257054e+00,5.55146335e+00,-1.23295295e+00,5.60584952e-03,6.88669330e-03,1.44512684e-03,3.35662763e+00,1.48200002e-05
1.161186,1.15618937e+01,-3.17602987e+00,5.61928617e+00,-1.22332720e+00,5.74017531e-03,6.83469361e-03,1.39850479e-03,3.40273920e+00,1.48722612e-05
1.161733,1.15631601e+01,-3.12470852e+00,5.69703745e+00,-1.20893849e+00,5.77914778e-03,6.79884153e-03,1.42461141e-03,3.42120031e+00,1.49758888e-05
1.162280,1.15649307e+01,-3.07326742e+00,5.77037872e+00,-1.19186833e+00,5.78893461e-03,6.75757673e-03,1.46318482e-03,3.46053365e+00,1.50514568e-05
1.162827,1.15671714e+01,-2.99986850e+00,5.82602958e+00,-1.17595295e+00,5.90831344e-03,6.68853333e-03,1.45158453e-03,3.50297923e+00,1.51150969e-05
1.163374,1.15698498e+01,-2.95123415e+00,5.90850989e+00,-1.16557928e+00,5.93665482e-03,6.66208317e-03,1.44549527e-03,3.52618171e+00,1.52218898e-05
1.163921,1.15729331e+01,-2.90014659e+00,5.98440861e+00,-1.15062380e+00,5.94776717e-03,6.62739310e-03,1.46939240e-03,3.57268597e+00,1.53031196e-05
1.164468,1.15763878e+01,-2.83951721e+00,6.05188908e+00,-1.13738720e+00,6.00575504e-03,6.57940935e-03,1.45882199e-03,3.61995090e+00,1.53809131e-05
1.165015,1.15801816e+01,-2.78107265e+00,6.12171849e+00,-1.12890635e+00,6.05083133e-03,6.53628102e-03,1.40929403e-03,3.66261309e+00,1.54758710e-05
1.165562,1.15842825e+01,-2.70137317e+00,6.16530155e+00,-1.10532120e+00,6.16618867e-03,6.45214156e-03,1.46133773e-03,3.70856541e+00,1.55638182e-05
1.166109,1.15886606e+01,-2.64446438e+00,6.23762640e+00,-1.09080795e+00,6.19898155e-03,6.41516641e-03,1.47524321e-03,3.73021994e+00,1.56903723e-05
1.166656,1.15932865e+01,-2.58792944e+00,6.30845861e+00,-1.07546830e+00,6.21817063e-03,6.37796009e-03,1.49308866e-03,3.77902067e+00,1.57937855e-05
1.167203,1.15981291e+01,-2.52814218e+00,6.37735901e+00,-1.06280779e+00,6.25965665e-03,6.33739830e-03,1.48119093e-03,3.83051381e+00,1.58939705e-05
1.167750,1.16031580e+01,-2.45590321e+00,6.42911075e+00,-1.04750608e+00,6.34092674e-03,6.27031914e-03,1.46763909e-03,3.88165231e+00,1.60028814e-05
1.168297,1.16083439e+01,-2.40181383e+00,6.50784945e+00,-1.03058431e+00,6.36345050e-03,6.24619812e-03,1.51702675e-03,3.92307185e+00,1.61218606e-05
1.168844,1.16136579e+01,-2.34516709e+00,6.59010166e+00,-1.02503722e+00,6.42438133e-03,6.22443173e-03,1.45929990e-03,3.97450044e+00,1.62465515e-05
1.169391,1.16190695e+01,-2.27989575e+00,6.65548850e+00,-1.00532187e+00,6.49148103e-03,6.17761628e-03,1.51581266e-03,4.02653960e+00,1.63795673e-05
1.169938,1.16245495e+01,-2.21915458e+00,6.72797238e+00,-9.93742006e-01,6.53648263e-03,6.14514041e-03,1.49929183e-03,4.07082289e+00,1.65222585e-05
1.170484,1.16300694e+01,-2.15632862e+00,6.79400184e+00,-9.76792403e-01,6.57159876e-03,6.10532963e-03,1.52594187e-03,4.12752287e+00,1.66535450e-05
1.171031,1.16356010e+01,-2.08749670e+00,6.85622030e+00,-9.65648440e-01,6.64980906e-03,6.05643197e-03,1.49038254e-03,4.18346512e+00,1.67842186e-05
1.171578,1.16411167e+01,-2.00248287e+00,6.88494413e+00,-9.40303823e-01,6.75550923e-03,5.95789717e-03,1.54646876e-03,4.23435630e+00,1.69255745e-05
1.172125,1.16465917e+01,-1.96205839e+00,7.00817630e+00,-9.36321225e-01,6.76523132e-03,6.00060063e-03,1.52891884e-03,4.26394990e+00,1.70663057e-05
1.172672,1.16519981e+01,-1.89608205e+00,7.06919618e+00,-9.22359489e-01,6.79341572e-03,5.95907014e-03,1.51799707e-03,4.33168732e+00,1.72374861e-05
1.173219,1.16573059e+01,-1.82739026e+00,7.12935567e+00,-9.08944310e-01,6.84543470e-03,5.91388122e-03,1.50324276e-03,4.39539148e+00,1.73672757e-05
1.173766,1.16624889e+01,-1.76435602e+00,7.19869114e+00,-8.88295115e-01,6.86921428e-03,5.88393638e-03,1.57130118e-03,4.45635690e+00,1.75083405e-05
1.174313,1.16675212e+01,-1.70085225e+00,7.28569077e+00,-8.83328335e-01,6.95451462e-03,5.86914256e-03,1.50810684e-03,4.51376798e+00,1.76575343e-05
1.174860,1.16723755e+01,-1.61878438e+00,7.32586388e+00,-8.60486149e-01,7.06789744e-03,5.78497649e-03,1.56298994e-03,4.57257389e+00,1.78345168e-05
1.175407,1.16770270e+01,-1.56615494e+00,7.44125071e+00,-8.58097541e-01,7.10678866e-03,5.81627717e-03,1.50970072e-03,4.60929892e+00,1.79962935e-05
1.175954,1.16814490e+01,-1.49949502e+00,7.51253275e+00,-8.38628365e-01,7.14663761e-03,5.78711183e-03,1.56920904e-03,4.68061528e+00,1.81866630e-05
1.176501,1.16856132e+01,-1.43078423e+00,7.57992923e+00,-8.25402812e-01,7.19009570e-03,5.75639546e-03,1.55760925e-03,4.74300165e+00,1.83500664e-05
1.177048,1.16894943e+01,-1.36541447e+00,7.65090945e+00,-8.12516906e-01,7.20428765e-03,5.73804655e-03,1.54739712e-03,4.81381761e+00,1.85053282e-05
1.177595,1.16930666e+01,-1.28620814e+00,7.70140239e+00,-7.95164473e-01,7.30530780e-03,5.67245695e-03,1.56112181e-03,4.88978269e+00,1.86540459e-05
1.178142,1.16963066e+01,-1.21173322e+00,7.75547231e+00,-7.79015623e-01,7.35735138e-03,5.62508604e-03,1.56455921e-03,4.94512193e+00,1.88195931e-05
1.178689,1.16991920e+01,-1.15029260e+00,7.84170660e+00,-7.67352366e-01,7.35155818e-03,5.63412279e-03,1.55805620e-03,5.01535338e+00,1.89704528e-05
1.179236,1.17016978e+01,-1.07249975e+00,7.90275380e+00,-7.55113570e-01,7.45287317e-03,5.58410132e-03,1.53471787e-03,5.09595788e+00,1.91313095e-05
1.179783,1.17037991e+01,-9.90468778e-01,7.93793595e+00,-7.32748451e-01,7.52885543e-03,5.50661437e-03,1.58308743e-03,5.15930197e+00,1.93054028e-05
1.180330,1.17054752e+01,-9.13967989e-01,7.99050751e+00,-7.16343416e-01,7.58108776e-03,5.46086578e-03,1.58705506e-03,5.21675437e+00,1.94511993e-05
1.180877,1.17067059e+01,-8.47682767e-01,8.07061871e+00,-7.02503541e-01,7.58157381e-03,5.46491360e-03,1.59192398e-03,5.29188858e+00,1.96030472e-05
1.181424,1.17074676e+01,-7.66120503e-01,8.12839637e+00,-6.87574002e-01,7.69381212e-03,5.40810703e-03,1.58956541e-03,5.37645104e+00,1.97655280e-05
1.181971,1.17077369e+01,-7.05823635e-01,8.25033473e+00,-6.80793454e-01,7.69633188e-03,5.46570716e-03,1.56548836e-03,5.43980538e+00,1.99430195e-05
1.182518,1.17074875e+01,-6.24877612e-01,8.31453406e+00,-6.66535981e-01,7.80198159e-03,5.41798568e-03,1.56489830e-03,5.52561444e+00,2.01503414e-05
1.183064,1.17066930e+01,-5.52123482e-01,8.38682699e+00,-6.43307016e-01,7.82699646e-03,5.40257277e-03,1.65407528e-03,5.59613621e+00,2.03313578e-05
1.183611,1.17053313e+01,-4.73201888e-01,8.47007307e+00,-6.34015811e-01,7.92753030e-03,5.38337295e-03,1.61293811e-03,5.66526730e+00,2.05008745e-05
1.184158,1.17033786e+01,-3.93220878e-01,8.51680272e+00,-6.22609618e-01,7.97051266e-03,5.34118747e-03,1.56279802e-03,5.74386727e+00,2.06980595e-05
1.184705,1.17008126e+01,-3.14734294e-01,8.57784201e+00,-6.05925846e-01,8.01704538e-03,5.31196262e-03,1.58073580e-03,5.82902645e+00,2.08342958e-05
1.185252,1.16976125e+01,-2.33477530e-01,8.63054001e+00,-5.90212486e-01,8.07580623e-03,5.27005239e-03,1.58100931e-03,5.91724646e+00,2.09919659e-05
1.185799,1.16937579e+01,-1.56211651e-01,8.69223975e+00,-5.69819809e-01,8.10033041e-03,5.24932699e-03,1.63212477e-03,6.00465950e+00,2.11421100e-05
1.186346,1.16892282e+01,-7.27743418e-02,8.72192902e+00,-5.46620664e-01,8.14914056e-03,5.18182114e-03,1.68149476e-03,6.09145912e+00,2.12945301e-05
1.186893,1.16840051e+01,9.52391350e-03,8.82702940e+00,-5.46235574e-01,8.25896689e-03,5.19440719e-03,1.56676851e-03,6.16938682e+00,2.14150332e-05
1.187440,1.16780669e+01,9.01491887e-02,8.91902079e+00,-5.28250867e-01,8.32613572e-03,5.19431783e-03,1.62065959e-03,6.23779416e+00,2.16356574e-05
1.187987,1.16713872e+01,1.75241541e-01,8.94411580e+00,-5.04074073e-01,8.37238412e-03,5.12295267e-03,1.67905078e-03,6.32829397e+00,2.18360382e-05
1.188534,1.16639466e+01,2.54664650e-01,9.03328810e+00,-4.92008211e-01,8.40742825e-03,5.14169628e-03,1.65946578e-03,6.40610124e+00,2.19459903e-05
1.189081,1.16557250e+01,3.44614218e-01,9.08484170e+00,-4.73174153e-01,8.51682641e-03,5.07920774e-03,1.68491614e-03,6.51059456e+00,2.21282119e-05
1.189628,1.16467009e+01,4.29548681e-01,9.15381109e+00,-4.60605267e-01,8.57470260e-03,5.06577695e-03,1.65675397e-03,6.58731033e+00,2.22847056e-05
1.190175,1.16368547e+01,5.13350329e-01,9.21271323e+00,-4.44469548e-01,8.61024679e-03,5.04820501e-03,1.65848003e-03,6.69034649e+00,2.24457573e-05
1.190722,1.16261652e+01,5.96299076e-01,9.26808761e+00,-4.25433509e-01,8.63265769e-03,5.03147883e-03,1.68490915e-03,6.79710422e+00,2.25871840e-05
1.191269,1.16146124e+01,6.84712607e-01,9.33563248e+00,-4.15042586e-01,8.70987823e-03,5.01186388e-03,1.63497254e-03,6.90269925e+00,2.27196643e-05
1.191816,1.16021759e+01,7.71971522e-01,9.38604071e+00,-3.99211485e-01,8.76312329e-03,4.97908258e-03,1.63189399e-03,7.00413477e+00,2.28783205e-05
1.192363,1.15888361e+01,8.57006043e-01,9.44713943e+00,-3.79655042e-01,8.79195523e-03,4.96864563e-03,1.66935657e-03,7.11188283e+00,2.30076884e-05
1.192910,1.15745739e+01,9.44814677e-01,9.48129980e+00,-3.58049478e-01,8.84254195e-03,4.91548477e-03,1.70931332e-03,7.21994576e+00,2.31452278e-05
1.193457,1.15593719e+01,1.03760483e+00,9.51351869e+00,-3.41663868e-01,8.93713059e-03,4.84446918e-03,1.69668844e-03,7.31846887e+00,2.32486713e-05
1.194004,1.15432160e+01,1.12713593e+00,9.58175272e+00,-3.28338980e-01,8.98922701e-03,4.84078736e-03,1.67263795e-03,7.40693844e+00,2.33569032e-05
1.194551,1.15260887e+01,1.21551655e+00,9.63566732e+00,-3.13235245e-01,9.02683359e-03,4.82614499e-03,1.66054663e-03,7.52555087e+00,2.35044207e-05
1.195097,1.15079697e+01,1.30955451e+00,9.67431162e+00,-2.92870803e-01,9.11824385e-03,4.76117199e-03,1.69509264e-03,7.64686739e+00,2.36258463e-05
1.195644,1.14888425e+01,1.39897712e+00,9.74172598e+00,-2.72515079e-01,9.14869611e-03,4.76453446e-03,1.73630290e-03,7.73709668e+00,2.37368463e-05
1.196191,1.14686897e+01,1.49539914e+00,9.81402729e+00,-2.61504173e-01,9.23959684e-03,4.75068420e-03,1.68776007e-03,7.85376001e+00,2.38750139e-05
1.196738,1.14474900e+01,1.58820776e+00,9.87017039e+00,-2.44015632e-01,9.29343027e-03,4.73162283e-03,1.69866147e-03,7.96738463e+00,2.40292778e-05
1.197285,1.14252234e+01,1.67881920e+00,9.92362691e+00,-2.23799705e-01,9.32310226e-03,4.72172918e-03,1.73226161e-03,8.09108764e+00,2.41502105e-05
1.197832,1.14018716e+01,1.77510002e+00,9.97046878e+00,-2.07019722e-01,9.40652058e-03,4.67804957e-03,1.72893370e-03,8.21456980e+00,2.42598490e-05
1.198379,1.13774174e+01,1.86901555e+00,1.00065328e+01,-1.86216622e-01,9.46688641e-03,4.63136092e-03,1.76049732e-03,8.32877812e+00,2.43670325e-05
1.198926,1.13518458e+01,1.96309687e+00,1.00416991e+01,-1.66643490e-01,9.52464569e-03,4.58796840e-03,1.77694652e-03,8.44205412e+00,2.44511344e-05
1.199473,1.13251429e+01,2.05982418e+00,1.00930109e+01,-1.50485866e-01,9.58918864e-03,4.56511834e-03,1.76464472e-03,8.56214861e+00,2.45306377e-05
1.200020,1.12972930e+01,2.15648668e+00,1.01420654e+01,-1.35896718e-01,9.64896568e-03,4.54453550e-03,1.73794584e-03,8.69273690e+00,2.46346480e-05
1.200567,1.12682785e+01,2.25389161e+00,1.01955628e+01,-1.15772933e-01,9.70536661e-03,4.52606651e-03,1.76791322e-03,8.82620931e+00,2.47312889e-05
1.201114,1.12380822e+01,2.34825636e+00,1.02134319e+01,-9.29052846e-02,9.76391043e-03,4.46004267e-03,1.81183177e-03,8.95672639e+00,2.48328071e-05
1.201661,1.12066903e+01,2.44899529e+00,1.02800719e+01,-7.58419613e-02,9.82474423e-03,4.46264850e-03,1.80802417e-03,9.06077744e+00,2.48725180e-05
1.202208,1.11740876e+01,2.54895450e+00,1.03195304e+01,-5.88310724e-02,9.90211449e-03,4.42002850e-03,1.79858394e-03,9.20539992e+00,2.49922588e-05
1.202755,1.11402565e+01,2.64601412e+00,1.03402674e+01,-3.80049953e-02,9.96839040e-03,4.35779372e-03,1.82266901e-03,9.33178739e+00,2.50652052e-05
1.203302,1.11051847e+01,2.74551292e+00,1.03901554e+01,-1.68267003e-02,1.00154679e-02,4.34692045e-03,1.85296228e-03,9.44457480e+00,2.51016656e-05
1.203849,1.10688585e+01,2.84856557e+00,1.04386597e+01,-7.62326441e-05,1.00914587e-02,4.32080501e-03,1.83834173e-03,9.58474673e+00,2.51837223e-05
1.204396,1.10312610e+01,2.94247329e+00,1.04037276e+01,1.21777305e-02,1.01932179e-02,4.17512897e-03,1.77035763e-03,9.72325104e+00,2.52643505e-05
1.204943,1.09923852e+01,3.06573688e+00,1.05328364e+01,3.82810181e-02,1.03091297e-02,4.21797510e-03,1.86548636e-03,9.71978076e+00,2.51964305e-05
1.205490,1.09522161e+01,3.16641999e+00,1.05528473e+01,5.86779587e-02,1.03771174e-02,4.15652613e-03,1.88024740e-03,9.83338354e+00,2.54268716e-05
1.206037,1.09107325e+01,3.28651447e+00,1.06782379e+01,7.50414079e-02,1.04477449e-02,4.24210140e-03,1.86723484e-03,9.95039761e+00,2.54473573e-05
1.206584,1.08679116e+01,3.40736290e+00,1.07416897e+01,9.79453804e-02,1.06088474e-02,4.16813586e-03,1.91254942e-03,1.01115575e+01,2.56612726e-05
1.207131,1.08237276e+01,3.50860193e+00,1.07641484e+01,1.18921079e-01,1.06568179e-02,4.12816175e-03,1.92965539e-03,1.01610463e+01,2.57656677e-05
1.207677,1.07781667e+01,3.62221028e+00,1.08346608e+01,1.35801919e-01,1.07265199e-02,4.14502386e-03,1.90971589e-03,1.02976320e+01,2.57771457e-05
1.208224,1.07312117e+01,3.73129277e+00,1.08712572e+01,1.63407170e-01,1.08064900e-02,4.09219172e-03,1.99234430e-03,1.04620500e+01,2.58803759e-05
1.208771,1.06828450e+01,3.82401282e+00,1.08452229e+01,1.83637549e-01,1.08572774e-02,3.98878609e-03,1.99407588e-03,1.05414522e+01,2.59143478e-05
1.209318,1.06330607e+01,3.91279620e+00,1.08060704e+01,2.00079616e-01,1.08988682e-02,3.88215229e-03,1.96103416e-03,1.06230860e+01,2.58200191e-05
1.209865,1.05818606e+01,4.01496354e+00,1.08184956e+01,2.18711567e-01,1.09518786e-02,3.83660796e-03,1.95341400e-03,1.07029787e+01,2.56966634e-05
1.210412,1.05292417e+01,4.12484326e+00,1.08587389e+01,2.41874961e-01,1.10090679e-02,3.82010703e-03,1.98932658e-03,1.08381858e+01,2.56750358e-05
1.210959,1.04751919e+01,4.23794361e+00,1.09040036e+01,2.60986473e-01,1.10785092e-02,3.80769044e-03,1.98275724e-03,1.09812628e+01,2.57064959e-05
1.211506,1.04196949e+01,4.34047514e+00,1.09050129e+01,2.82560226e-01,1.11447345e-02,3.73069886e-03,2.00261144e-03,1.11380528e+01,2.57461594e-05
1.212053,1.03627401e+01,4.43634274e+00,1.08923645e+01,3.03414946e-01,1.11824980e-02,3.66130534e-03,2.01487724e-03,1.12275030e+01,2.56896629e-05
1.212600,1.03043236e+01,4.51606352e+00,1.08334965e+01,3.29632968e-01,1.11869138e-02,3.54505313e-03,2.08139985e-03,1.13379551e+01,2.56000887e-05
1.213147,1.02444489e+01,4.62845460e+00,1.08537599e+01,3.44403875e-01,1.12832064e-02,3.48917173e-03,2.02614232e-03,1.13590375e+01,2.54067233e-05
1.213694,1.01831156e+01,4.71179335e+00,1.08003867e+01,3.62772017e-01,1.13048894e-02,3.37877697e-03,2.01971547e-03,1.14397130e+01,2.53871413e-05
1.214241,1.01203226e+01,4.78480159e+00,1.07272145e+01,3.89003131e-01,1.12901713e-02,3.26069420e-03,2.09211980e-03,1.14978389e+01,2.52010559e-05
1.214788,1.00560803e+01,4.97485830e+00,1.09427778e+01,4.05585700e-01,1.15242889e-02,3.38383292e-03,2.02483400e-03,1.14979705e+01,2.49662424e-05
1.215335,9.99036558e+00,5.12334567e+00,1.10314250e+01,4.38341726e-01,1.16975509e-02,3.32689177e-03,2.13564295e-03,1.16423132e+01,2.53781348e-05
1.215882,9.92313759e+00,5.16921506e+00,1.08843358e+01,4.54641383e-01,1.16433063e-02,3.14307394e-03,2.11986554e-03,1.16131141e+01,2.54958023e-05
1.216429,9.85440060e+00,5.25653033e+00,1.08424951e+01,4.69763357e-01,1.16617024e-02,3.06936228e-03,2.07776143e-03,1.15689480e+01,2.50771544e-05
1.216976,9.78417252e+00,5.34357781e+00,1.07963984e+01,4.97841655e-01,1.16811387e-02,2.96113073e-03,2.16442772e-03,1.16564560e+01,2.48987394e-05
1.217523,9.71245940e+00,5.43785282e+00,1.07717593e+01,5.17587613e-01,1.17063853e-02,2.90030686e-03,2.15916647e-03,1.16128008e+01,2.47038122e-05
1.218070,9.63926536e+00,5.53193821e+00,1.07412849e+01,5.33439251e-01,1.17450602e-02,2.82321433e-03,2.12003386e-03,1.17088819e+01,2.45588815e-05
1.218617,9.56459182e+00,5.56186440e+00,1.05679988e+01,5.46877009e-01,1.16773401e-02,2.61495620e-03,2.09996491e-03,1.17686227e+01,2.43977434e-05
1.219164,9.48846050e+00,5.63533434e+00,1.05035695e+01,5.66609995e-01,1.16556056e-02,2.54018430e-03,2.11476434e-03,1.16099715e+01,2.38955362e-05
1.219710,9.41089718e+00,5.69182446e+00,1.03953329e+01,5.82663751e-01,1.16294172e-02,2.39710499e-03,2.10635796e-03,1.16758294e+01,2.36512444e-05
1.220257,9.33191927e+00,5.72578235e+00,1.02517847e+01,5.99445954e-01,1.15434041e-02,2.25460616e-03,2.11951806e-03,1.16177416e+01,2.32988735e-05
1.220804,9.25155512e+00,5.81004514e+00,1.02131231e+01,6.20546412e-01,1.15420554e-02,2.20367548e-03,2.13999556e-03,1.15721510e+01,2.28598496e-05
1.221351,9.16982322e+00,5.85036052e+00,1.00766811e+01,6.34059647e-01,1.14989319e-02,2.03097195e-03,2.12005175e-03,1.16441137e+01,2.26732710e-05
1.221898,9.08674245e+00,5.85754688e+00,9.89433069e+00,6.48616294e-01,1.13628766e-02,1.87658665e-03,2.13305459e-03,1.14843920e+01,2.22442575e-05
1.222445,9.00235144e+00,5.85664651e+00,9.69630972e+00,6.57283959e-01,1.12335070e-02,1.69853038e-03,2.09721258e-03,1.13955051e+01,2.17028725e-05
1.222992,8.91669671e+00,5.89329347e+00,9.57592530e+00,6.72709777e-01,1.11559991e-02,1.59546027e-03,2.10160796e-03,1.12475270e+01,2.11231303e-05
1.223539,8.82981664e+00,5.87577541e+00,9.35589165e+00,6.81022162e-01,1.10047769e-02,1.39420733e-03,2.08115249e-03,1.12216829e+01,2.07349020e-05
1.224086,8.74175361e+00,5.86397141e+00,9.15894150e+00,6.88766730e-01,1.08479154e-02,1.24954515e-03,2.05222943e-03,1.09803384e+01,2.00973446e-05
1.224633,8.65256083e+00,5.81159756e+00,8.89364208e+00,6.91744614e-01,1.06372817e-02,1.03756218e-03,2.01509703e-03,1.08801244e+01,1.95202415e-05
1.225180,8.56229814e+00,5.81260904e+00,8.73045395e+00,7.02931959e-01,1.05020326e-02,9.26795005e-04,2.01561562e-03,1.06019370e+01,1.87733064e-05
1.225727,8.47102106e+00,5.70656057e+00,8.38813382e+00,7.00313139e-01,1.02134369e-02,6.53096137e-04,1.97604744e-03,1.05240415e+01,1.82843546e-05
1.226274,8.37879743e+00,5.69381978e+00,8.21310737e+00,7.04605723e-01,1.00650191e-02,5.51401473e-04,1.92649972e-03,1.00310913e+01,1.73503576e-05
1.226821,8.28569680e+00,5.69478726e+00,8.05959791e+00,7.17896842e-01,9.94461528e-03,4.27608437e-04,1.95674594e-03,9.96096209e+00,1.68418510e-05
1.227368,8.19176173e+00,5.62776575e+00,7.80065718e+00,7.12133006e-01,9.73506650e-03,2.28665000e-04,1.86447295e-03,9.78338245e+00,1.63860531e-05
1.227915,8.09704887e+00,5.46503911e+00,7.41512219e+00,7.02138473e-01,9.34081391e-03,-5.36381268e-06,1.82361486e-03,9.44039367e+00,1.56730601e-05
1.228462,8.00164900e+00,5.41320115e+00,7.20299016e+00,7.01788437e-01,9.14034016e-03,-1.19516629e-04,1.77878613e-03,9.03460041e+00,1.46578377e-05
1.229009,7.90564550e+00,5.39308764e+00,7.03993279e+00,7.10201855e-01,8.99302248e-03,-2.25568809e-04,1.79286623e-03,8.88801358e+00,1.40813399e-05
1.229556,7.80908985e+00,5.30624913e+00,6.78317215e+00,7.04217499e-01,8.75351578e-03,-3.99055876e-04,1.73226165e-03,8.71652818e+00,1.36290161e-05
1.230103,7.71204212e+00,5.11366245e+00,6.39479222e+00,6.90881983e-01,8.32396283e-03,-6.13229679e-04,1.70529880e-03,8.39430335e+00,1.29604714e-05
1.230650,7.61459715e+00,4.97536543e+00,6.09133032e+00,6.78385102e-01,7.99607099e-03,-7.59427610e-04,1.63702389e-03,7.94291012e+00,1.20026279e-05
1.231197,7.51685670e+00,4.95102817e+00,5.94684102e+00,6.87255874e-01,7.84921246e-03,-8.27861625e-04,1.66719122e-03,7.67119148e+00,1.12727140e-05
1.231743,7.41888578e+00,4.85862277e+00,5.70771019e+00,6.77064110e-01,7.62637840e-03,-9.96153331e-04,1.58376033e-03,7.51960485e+00,1.09123983e-05
1.232290,7.32074213e+00,4.65600083e+00,5.34531184e+00,6.56116666e-01,7.20344664e-03,-1.16813089e-03,1.51344218e-03,7.14636201e+00,1.03731573e-05
1.232837,7.22251838e+00,4.51343358e+00,5.06734267e+00,6.39604254e-01,6.89018177e-03,-1.28855649e-03,1.43130720e-03,6.76121800e+00,9.61183410e-06
1.233384,7.12431271e+00,4.32709054e+00,4.74358885e+00,6.22694068e-01,6.50509468e-03,-1.44533232e-03,1.39713829e-03,6.48956570e+00,9.06854437e-06
1.233931,7.02621899e+00,4.12906720e+00,4.41780396e+00,5.99967889e-01,6.10770865e-03,-1.57571126e-03,1.32178869e-03,6.09527407e+00,8.51894632e-06
1.234478,6.92833994e+00,4.05384288e+00,4.24485213e+00,5.98641191e-01,5.90432344e-03,-1.63479449e-03,1.32680167e-03,5.76431724e+00,8.04621939e-06
1.235025,6.83075423e+00,3.96494931e+00,4.05563935e+00,5.89470835e-01,5.69761007e-03,-1.73249935e-03,1.27261850e-03,5.58541370e+00,7.81694312e-06
1.235572,6.73352029e+00,3.78733653e+00,3.77613343e+00,5.72262277e-01,5.34202550e-03,-1.85239650e-03,1.24116687e-03,5.34015214e+00,7.62241227e-06
1.236119,6.63671590e+00,3.60857157e+00,3.50451873e+00,5.49031315e-01,4.99740054e-03,-1.94783659e-03,1.15643335e-03,4.99860539e+00,7.42140819e-06
1.236666,6.54043295e+00,3.51700206e+00,3.33480105e+00,5.43381372e-01,4.78495036e-03,-1.99965209e-03,1.14920860e-03,4.71042452e+00,7.30907730e-06
1.237213,6.44474534e+00,3.42569893e+00,3.16545173e+00,5.30240745e-01,4.59176558e-03,-2.07593796e-03,1.07244181e-03,4.52389222e+00,7.26803581e-06
1.237760,6.34971143e+00,3.30888493e+00,2.97778769e+00,5.17463012e-01,4.34998070e-03,-2.14168778e-03,1.03374163e-03,4.30276367e+00,7.28136418e-06
1.238307,6.25539399e+00,3.18810944e+00,2.79289063e+00,5.06153009e-01,4.10103522e-03,-2.19839426e-03,1.01547509e-03,4.08474450e+00,7.33453036e-06
1.238854,6.16185927e+00,3.04606138e+00,2.59071956e+00,4.85802599e-01,3.83396574e-03,-2.26754367e-03,9.38178665e-04,3.87093406e+00,7.42727204e-06
1.239401,6.06917735e+00,2.95354738e+00,2.44414959e+00,4.77417003e-01,3.63637763e-03,-2.30075982e-03,9.22271509e-04,3.63058033e+00,7.59108408e-06
1.239948,5.97741230e+00,2.85325149e+00,2.29353949e+00,4.67156531e-01,3.43071205e-03,-2.34488158e-03,8.98340238e-04,3.46625853e+00,7.70755559e-06
1.240495,5.88662007e+00,2.75038068e+00,2.14516600e+00,4.54728011e-01,3.22634944e-03,-2.38285464e-03,8.58785993e-04,3.28515030e+00,7.86401121e-06
1.241042,5.79685822e+00,2.63438793e+00,1.98940486e+00,4.38725126e-01,3.00676237e-03,-2.42227878e-03,8.04547234e-04,3.11258620e+00,8.03546385e-06
1.241589,5.70818631e+00,2.53182320e+00,1.85123774e+00,4.27343220e-01,2.80501505e-03,-2.44784432e-03,7.81493384e-04,2.93140769e+00,8.24455354e-06
1.242136,5.62066299e+00,2.40225126e+00,1.69351990e+00,4.08376191e-01,2.57033888e-03,-2.48475909e-03,7.21580852e-04,2.77358957e+00,8.43166119e-06
1.242683,5.53434853e+00,2.36069492e+00,1.61426762e+00,4.07352556e-01,2.46521345e-03,-2.48742335e-03,7.26675139e-04,2.59003895e+00,8.68873356e-06
1.243230,5.44929253e+00,2.31039076e+00,1.52706706e+00,3.99593910e-01,2.35638141e-03,-2.51528668e-03,6.78800097e-04,2.49336031e+00,8.75424627e-06
1.243777,5.36553196e+00,2.20384959e+00,1.40058365e+00,3.87078936e-01,2.15409536e-03,-2.54302808e-03,6.60114405e-04,2.37604396e+00,8.86350411e-06
1.244323,5.28311487e+00,2.12335672e+00,1.29880140e+00,3.76862821e-01,1.99868830e-03,-2.54776693e-03,6.31014337e-04,2.22279037e+00,9.08226503e-06
1.244870,5.20209259e+00,2.04848495e+00,1.20340680e+00,3.66895936e-01,1.85366356e-03,-2.55968609e-03,5.99241724e-04,2.11089377e+00,9.22277698e-06
1.245417,5.12251068e+00,1.96930254e+00,1.10866805e+00,3.58161257e-01,1.69957537e-03,-2.56672986e-03,5.86488279e-04,1.99981798e+00,9.35955800e-06
1.245964,5.04441446e+00,1.88176773e+00,1.01046827e+00,3.44399534e-01,1.54099469e-03,-2.57594081e-03,5.38251247e-04,1.89077814e+00,9.49770844e-06
1.246511,4.96785069e+00,1.82190002e+00,9.34818336e-01,3.37949931e-01,1.42140134e-03,-2.57414318e-03,5.25935874e-04,1.77989414e+00,9.65295905e-06
1.247058,4.89286261e+00,1.77087836e+00,8.66569418e-01,3.32014762e-01,1.31729154e-03,-2.57645687e-03,5.07045933e-04,1.69464633e+00,9.73254030e-06
1.247605,4.81948749e+00,1.75151061e+00,8.19748130e-01,3.30345281e-01,1.26485951e-03,-2.57526442e-03,4.87377558e-04,1.61526469e+00,9.79350478e-06
1.248152,4.74775665e+00,1.67932845e+00,7.41790908e-01,3.21054060e-01,1.12560914e-03,-2.58797344e-03,4.68274204e-04,1.55727274e+00,9.77680707e-06
1.248699,4.67770481e+00,1.63592478e+00,6.84479446e-01,3.16706439e-01,1.03621843e-03,-2.57878065e-03,4.57788344e-04,1.46438653e+00,9.88947680e-06
1.249246,4.60936949e+00,1.59486618e+00,6.29129546e-01,3.11073981e-01,9.52141357e-04,-2.57929737e-03,4.32454311e-04,1.40189531e+00,9.90634208e-06
1.249793,4.54278278e+00,1.54934079e+00,5.73246254e-01,3.04940759e-01,8.61184686e-04,-2.57654187e-03,4.10510158e-04,1.33916452e+00,9.92503695e-06
1.250340,4.47797700e+00,1.50926298e+00,5.21870654e-01,2.99370897e-01,7.80341800e-04,-2.57197679e-03,3.87770337e-04,1.27776092e+00,9.94491623e-06
1.250887,4.41498361e+00,1.46321302e+00,4.69825136e-01,2.97018500e-01,6.82100970e-04,-2.56462237e-03,4.04269273e-04,1.22230022e+00,9.94554990e-06
1.251434,4.35383336e+00,1.42624301e+00,4.22125354e-01,2.89777611e-01,6.10817594e-04,-2.56534414e-03,3.60635284e-04,1.16488068e+00,9.95214910e-06
1.251981,4.29455611e+00,1.39380011e+00,3.78870924e-01,2.87772172e-01,5.39010614e-04,-2.55885736e-03,3.62833262e-04,1.11369635e+00,9.94227559e-06
1.252528,4.23717912e+00,1.37711024e+00,3.43437806e-01,2.87592958e-01,4.95784340e-04,-2.55199897e-03,3.58588838e-04,1.06884429e+00,9.90973360e-06
1.253075,4.18172573e+00,1.32366454e+00,2.93073102e-01,2.79105114e-01,3.92987145e-04,-2.55073345e-03,3.29901159e-04,1.03370411e+00,9.83732301e-06
1.253622,4.12822141e+00,1.31649209e+00,2.62915578e-01,2.80099582e-01,3.68723918e-04,-2.54256466e-03,3.24614877e-04,9.81687247e-01,9.84892962e-06
1.254169,4.07668921e+00,1.28200883e+00,2.22610403e-01,2.75609000e-01,2.95778397e-04,-2.54095571e-03,3.07868125e-04,9.54706485e-01,9.74587878e-06
1.254716,4.02714847e+00,1.26099301e+00,1.88800480e-01,2.74722906e-01,2.47357337e-04,-2.53092417e-03,3.06141623e-04,9.15937311e-01,9.70783246e-06
1.255263,3.97961896e+00,1.23415500e+00,1.53163369e-01,2.70171784e-01,1.92062325e-04,-2.52641377e-03,2.78641278e-04,8.86880954e-01,9.62667147e-06
1.255810,3.93411788e+00,1.21063169e+00,1.20075667e-01,2.69520835e-01,1.37392035e-04,-2.51699198e-03,2.84360426e-04,8.55907705e-01,9.56141778e-06
1.256356,3.89066118e+00,1.17929322e+00,8.53050590e-02,2.65360389e-01,7.32172432e-05,-2.50798305e-03,2.68198214e-04,8.28616024e-01,9.48136297e-06
1.256903,3.84926337e+00,1.16770665e+00,5.64734107e-02,2.64019341e-01,4.64750111e-05,-2.50112595e-03,2.49509384e-04,8.00032952e-01,9.41525152e-06
1.257450,3.80993570e+00,1.14586199e+00,2.58555307e-02,2.63982029e-01,-6.96466903e-06,-2.49371002e-03,2.59261228e-04,7.80478830e-01,9.30736602e-06
1.257997,3.77268630e+00,1.12996165e+00,-2.82114889e-03,2.63348713e-01,-4.38319732e-05,-2.48498742e-03,2.53201336e-04,7.57812359e-01,9.22104815e-06
1.258544,3.73752167e+00,1.10837848e+00,-3.22698744e-02,2.60934612e-01,-9.06797105e-05,-2.47700192e-03,2.39637158e-04,7.39608547e-01,9.11897901e-06
1.259091,3.70444595e+00,1.08776383e+00,-6.08155687e-02,2.58520412e-01,-1.34310549e-04,-2.46741336e-03,2.25555930e-04,7.20413523e-01,9.02915863e-06
1.259638,3.67346137e+00,1.06622395e+00,-8.87768595e-02,2.56947138e-01,-1.81610001e-04,-2.45674087e-03,2.21383496e-04,7.03203244e-01,8.93517699e-06
1.260185,3.64456751e+00,1.05241130e+00,-1.15237203e-01,2.56419818e-01,-2.12948342e-04,-2.44826288e-03,2.14519172e-04,6.86953018e-01,8.84257370e-06
1.260732,3.61776054e+00,1.04148176e+00,-1.41054878e-01,2.56686141e-01,-2.39595360e-04,-2.44111923e-03,2.10554996e-04,6.74498661e-01,8.73780120e-06
1.261279,3.59303288e+00,1.02903491e+00,-1.66680412e-01,2.56994303e-01,-2.69858489e-04,-2.43340047e-03,2.09327871e-04,6.63957360e-01,8.63118893e-06
1.261826,3.57037416e+00,1.01724110e+00,-1.92216189e-01,2.55406626e-01,-2.95300037e-04,-2.42798162e-03,1.89394281e-04,6.53986912e-01,8.52991911e-06
1.262373,3.54977136e+00,1.00102220e+00,-2.17280892e-01,2.57133263e-01,-3.38104883e-04,-2.41853018e-03,2.08226755e-04,6.45033449e-01,8.43229875e-06
1.262920,3.53120897e+00,9.85185995e-01,-2.42551349e-01,2.54079053e-01,-3.71416992e-04,-2.41422974e-03,1.80100477e-04,6.35496915e-01,8.34440621e-06
1.263467,3.51466900e+00,9.77573682e-01,-2.67019104e-01,2.55668125e-01,-3.91074453e-04,-2.40760951e-03,1.83905276e-04,6.26937622e-01,8.26259865e-06
1.264014,3.50012977e+00,9.67295467e-01,-2.91494474e-01,2.54985626e-01,-4.13874084e-04,-2.40232903e-03,1.70316278e-04,6.22650800e-01,8.16917267e-06
1.264561,3.48756618e+00,9.53875579e-01,-3.15374853e-01,2.55995564e-01,-4.47232471e-04,-2.39329706e-03,1.78379356e-04,6.18300345e-01,8.08670498e-06
1.265108,3.47695085e+00,9.45060237e-01,-3.39406313e-01,2.56418307e-01,-4.66697863e-04,-2.38703246e-03,1.72242340e-04,6.14028929e-01,8.01292560e-06
1.265655,3.46825350e+00,9.27257672e-01,-3.62450805e-01,2.55574668e-01,-5.07903734e-04,-2.37678538e-03,1.69668295e-04,6.12203877e-01,7.93933987e-06
1.266202,3.46144155e+00,9.20275753e-01,-3.86394086e-01,2.56218062e-01,-5.21780670e-04,-2.37144983e-03,1.62432006e-04,6.08395616e-01,7.88392290e-06
1.266749,3.45647966e+00,9.10954055e-01,-4.09874452e-01,2.57913878e-01,-5.44345785e-04,-2.36425849e-03,1.69034153e-04,6.08938195e-01,7.82205797e-06
1.267296,3.45332948e+00,9.05093935e-01,-4.33815846e-01,2.59320181e-01,-5.56096570e-04,-2.35946234e-03,1.66197743e-04,6.09601565e-01,7.77134555e-06
1.267843,3.45195031e+00,8.89852295e-01,-4.56137910e-01,2.58567160e-01,-5.91204497e-04,-2.35086938e-03,1.59417158e-04,6.12209045e-01,7.72544818e-06
1.268390,3.45229981e+00,8.84628444e-01,-4.80216819e-01,2.58953685e-01,-5.98536542e-04,-2.34773558e-03,1.46347436e-04,6.12578465e-01,7.69910770e-06
1.268936,3.45433364e+00,8.69624255e-01,-5.02163690e-01,2.59116395e-01,-6.35415482e-04,-2.33886768e-03,1.48614306e-04,6.16950528e-01,7.67132472e-06
1.269483,3.45800565e+00,8.60786141e-01,-5.25214901e-01,2.60066757e-01,-6.52575311e-04,-2.33209700e-03,1.47116551e-04,6.18959002e-01,7.66356376e-06
1.270030,3.46326827e+00,8.48070640e-01,-5.47342319e-01,2.58547015e-01,-6.78157354e-04,-2.32539732e-03,1.29441520e-04,6.24142510e-01,7.65788589e-06
1.270577,3.47007238e+00,8.43985984e-01,-5.71751210e-01,2.62042968e-01,-6.86132512e-04,-2.32199460e-03,1.43658171e-04,6.28585204e-01,7.66686639e-06
1.271124,3.47836731e+00,8.36385240e-01,-5.95089153e-01,2.63189286e-01,-6.99859673e-04,-2.31714600e-03,1.41113323e-04,6.36657144e-01,7.68037492e-06
1.271671,3.48810111e+00,8.29426400e-01,-6.18589141e-01,2.64415816e-01,-7.11146172e-04,-2.31268499e-03,1.38344992e-04,6.44593983e-01,7.70685650e-06
1.272218,3.49922120e+00,8.15790348e-01,-6.39817754e-01,2.64068022e-01,-7.41737878e-04,-2.30420068e-03,1.32767376e-04,6.53581273e-01,7.74380641e-06
1.272765,3.51167474e+00,8.10533685e-01,-6.64000110e-01,2.66199972e-01,-7.48057792e-04,-2.30121674e-03,1.35158759e-04,6.60995817e-01,7.79625675e-06
1.273312,3.52540830e+00,7.99542932e-01,-6.86087759e-01,2.65519652e-01,-7.69615237e-04,-2.29595727e-03,1.21454613e-04,6.72173963e-01,7.85455782e-06
1.273859,3.54036804e+00,7.86494711e-01,-7.07135087e-01,2.66846960e-01,-7.99944456e-04,-2.28620907e-03,1.30820216e-04,6.81996077e-01,7.92726344e-06
1.274406,3.55650046e+00,7.81865000e-01,-7.31943800e-01,2.68308583e-01,-8.02043521e-04,-2.28621057e-03,1.24650793e-04,6.92059257e-01,8.01021647e-06
1.274953,3.57375163e+00,7.76869446e-01,-7.56340936e-01,2.69458207e-01,-8.02318882e-04,-2.28424160e-03,1.17655280e-04,7.05778249e-01,8.10109302e-06
1.275500,3.59206729e+00,7.65738316e-01,-7.78144861e-01,2.70138534e-01,-8.26100387e-04,-2.27794483e-03,1.17217880e-04,7.20477945e-01,8.19979499e-06
1.276047,3.61139398e+00,7.56055296e-01,-8.00461825e-01,2.71263832e-01,-8.42959273e-04,-2.27195209e-03,1.18243608e-04,7.33609558e-01,8.31168248e-06
1.276594,3.63167896e+00,7.46695079e-01,-8.23014489e-01,2.71584216e-01,-8.57624945e-04,-2.26769058e-03,1.10804469e-04,7.48343108e-01,8.43044302e-06
1.277141,3.65286992e+00,7.40097226e-01,-8.47026071e-01,2.72732755e-01,-8.62503490e-04,-2.26588457e-03,1.06512729e-04,7.63912742e-01,8.55780417e-06
1.277688,3.67491494e+00,7.28890324e-01,-8.68639348e-01,2.73550844e-01,-8.85243090e-04,-2.25958737e-03,1.07465577e-04,7.81443080e-01,8.69215148e-06
1.278235,3.69776296e+00,7.18314940e-01,-8.90425938e-01,2.75223444e-01,-9.04265758e-04,-2.25254763e-03,1.14983801e-04,7.97940139e-01,8.83461654e-06
1.278782,3.72136406e+00,7.11082796e-01,-9.14428351e-01,2.76202781e-01,-9.10235619e-04,-2.25185328e-03,1.08586606e-04,8.15760197e-01,8.98195658e-06
1.279329,3.74566882e+00,6.97235714e-01,-9.34456724e-01,2.76079113e-01,-9.41437045e-04,-2.24378151e-03,1.04551191e-04,8.35594946e-01,9.13675702e-06
1.279876,3.77062907e+00,6.89466520e-01,-9.58342053e-01,2.77700058e-01,-9.48738706e-04,-2.24245145e-03,1.05291085e-04,8.53328386e-01,9.29639011e-06
1.280423,3.79619762e+00,6.81136545e-01,-9.81796331e-01,2.77702881e-01,-9.55423132e-04,-2.24165009e-03,9.23037861e-05,8.74860667e-01,9.46126134e-06
1.280969,3.82232774e+00,6.72488045e-01,-1.00541605e+00,2.80622993e-01,-9.68602793e-04,-2.23891052e-03,1.07026958e-04,8.96906974e-01,9.62988698e-06
1.281516,3.84897381e+00,6.68011444e-01,-1.03204302e+00,2.81491980e-01,-9.61258861e-04,-2.24500967e-03,9.34927181e-05,9.19733389e-01,9.80306350e-06
1.282063,3.87609079e+00,6.56826724e-01,-1.05419510e+00,2.83193303e-01,-9.85389453e-04,-2.24085369e-03,1.00948120e-04,9.44900563e-01,9.98202027e-06
1.282610,3.90363505e+00,6.44847201e-01,-1.07510761e+00,2.84350262e-01,-1.00631592e-03,-2.23378952e-03,1.05218773e-04,9.68181789e-01,1.01612550e-05
1.283157,3.93156499e+00,6.32197429e-01,-1.09559093e+00,2.85313955e-01,-1.02949466e-03,-2.22642483e-03,1.08111793e-04,9.92573676e-01,1.03383986e-05
1.283704,3.95984034e+00,6.23302392e-01,-1.11945120e+00,2.85158851e-01,-1.03641592e-03,-2.22827400e-03,9.22378790e-05,1.01751220e+00,1.05171424e-05
1.284251,3.98842153e+00,6.12643192e-01,-1.14170824e+00,2.85648796e-01,-1.05007170e-03,-2.22554639e-03,8.76548928e-05,1.04475866e+00,1.07027851e-05
1.284798,4.01726979e+00,6.03896794e-01,-1.16580569e+00,2.88049835e-01,-1.05698174e-03,-2.22522523e-03,9.67564339e-05,1.07260714e+00,1.08863179e-05
1.285345,4.04634744e+00,5.91076004e-01,-1.18649566e+00,2.89157179e-01,-1.08111821e-03,-2.21906898e-03,1.00604112e-04,1.10245015e+00,1.10726035e-05
1.285892,4.07561819e+00,5.80946169e-01,-1.20958708e+00,2.90855445e-01,-1.09167239e-03,-2.21785861e-03,1.04119153e-04,1.13097499e+00,1.12553968e-05
1.286439,4.10504706e+00,5.71772285e-01,-1.23371157e+00,2.90320457e-01,-1.09608338e-03,-2.22146077e-03,8.45211085e-05,1.16223146e+00,1.14412208e-05
1.286986,4.13459954e+00,5.59767633e-01,-1.25573968e+00,2.91741523e-01,-1.11746916e-03,-2.21851918e-03,8.94637428e-05,1.19429855e+00,1.16299123e-05
1.287533,4.16424244e+00,5.50511188e-01,-1.28029805e+00,2.92032705e-01,-1.12250108e-03,-2.22251411e-03,7.80481152e-05,1.22617283e+00,1.18150940e-05
1.288080,4.19394359e+00,5.40366529e-01,-1.30436989e+00,2.95159827e-01,-1.13474787e-03,-2.22252450e-03,9.51329412e-05,1.26064699e+00,1.20039432e-05
1.288627,4.22367141e+00,5.28387581e-01,-1.32717639e+00,2.93997261e-01,-1.15461354e-03,-2.22460595e-03,7.32617829e-05,1.29573709e+00,1.21901860e-05
1.289174,4.25339580e+00,5.17007759e-01,-1.35147337e+00,2.98317509e-01,-1.17691928e-03,-2.22433209e-03,1.01541587e-04,1.32980875e+00,1.23767893e-05
1.289721,4.28308766e+00,5.06271315e-01,-1.37588219e+00,2.98748769e-01,-1.18858161e-03,-2.22857072e-03,9.06683667e-05,1.36511243e+00,1.25634552e-05
1.290268,4.31271852e+00,4.95140359e-01,-1.39955139e+00,3.00897374e-01,-1.20034464e-03,-2.22934254e-03,9.85421984e-05,1.40301280e+00,1.27496657e-05
1.290815,4.34226084e+00,4.85073728e-01,-1.42457433e+00,3.00704712e-01,-1.20482764e-03,-2.23582263e-03,8.13948472e-05,1.44235724e+00,1.29306862e-05
1.291362,4.37168783e+00,4.71373885e-01,-1.44623379e+00,3.02168769e-01,-1.23130853e-03,-2.23285737e-03,8.75620453e-05,1.48289753e+00,1.31146694e-05
1.291909,4.40097410e+00,4.61139395e-01,-1.47179430e+00,3.02802887e-01,-1.23618080e-03,-2.23994826e-03,7.82900098e-05,1.52210456e+00,1.32893315e-05
1.292456,4.43009500e+00,4.48347493e-01,-1.49450302e+00,3.04712454e-01,-1.25501988e-03,-2.23918832e-03,8.70012472e-05,1.56530875e+00,1.34713270e-05
1.293002,4.45902648e+00,4.36226680e-01,-1.51741406e+00,3.06930510e-01,-1.26602524e-03,-2.23925490e-03,9.73586899e-05,1.60798485e+00,1.36436240e-05
1.293549,4.48774570e+00,4.23557854e-01,-1.54076249e+00,3.06361165e-01,-1.28192810e-03,-2.24302902e-03,7.99492668e-05,1.65287266e+00,1.38130456e-05
1.294096,4.51623058e+00,4.14192963e-01,-1.56763295e+00,3.07445671e-01,-1.27619029e-03,-2.25349808e-03,7.40778938e-05,1.69748983e+00,1.39848833e-05
1.294643,4.54445892e+00,3.99065568e-01,-1.58942302e+00,3.09938725e-01,-1.31130973e-03,-2.24987263e-03,9.00051199e-05,1.74664656e+00,1.41614421e-05
1.295190,4.57240971e+00,3.82687521e-01,-1.60729483e+00,3.08851235e-01,-1.34089551e-03,-2.24261682e-03,7.76152802e-05,1.79033715e+00,1.43236688e-05
1.295737,4.60006465e+00,3.71719139e-01,-1.63467945e+00,3.12101546e-01,-1.34617646e-03,-2.25227631e-03,9.12366132e-05,1.83546732e+00,1.44726602e-05
1.296284,4.62740469e+00,3.58740315e-01,-1.65873794e+00,3.12181703e-01,-1.35913271e-03,-2.25761441e-03,7.94535558e-05,1.88719355e+00,1.46453000e-05
1.296831,4.65441018e+00,3.44449458e-01,-1.68039986e+00,3.11984923e-01,-1.37642732e-03,-2.25829342e-03,7.03400865e-05,1.93859312e+00,1.48073929e-05
1.297378,4.68106329e+00,3.32598548e-01,-1.70651908e+00,3.13851866e-01,-1.38101569e-03,-2.26713769e-03,7.43194173e-05,1.99036363e+00,1.49594172e-05
1.297925,4.70734627e+00,3.17244275e-01,-1.72767701e+00,3.14729528e-01,-1.40591451e-03,-2.26534985e-03,7.62638523e-05,2.04616304e+00,1.51215281e-05
1.298472,4.73324215e+00,3.02915083e-01,-1.75021208e+00,3.15400358e-01,-1.42164224e-03,-2.26777829e-03,7.40729773e-05,2.09907981e+00,1.52663088e-05
1.299019,4.75873529e+00,2.88789383e-01,-1.77347332e+00,3.18254290e-01,-1.43620699e-03,-2.26992912e-03,9.14073731e-05,2.15524680e+00,1.54129322e-05
1.299566,4.78381004e+00,2.76749926e-01,-1.80159111e+00,3.18848765e-01,-1.43966863e-03,-2.28481168e-03,7.85738616e-05,2.21243760e+00,1.55577738e-05
1.300113,4.80845009e+00,2.61879383e-01,-1.82454594e+00,3.19993703e-01,-1.45851962e-03,-2.28744171e-03,8.01755858e-05,2.27333376e+00,1.57183294e-05
1.300660,4.83263978e+00,2.45733655e-01,-1.84497988e+00,3.19415274e-01,-1.48203189e-03,-2.28671757e-03,6.91526953e-05,2.33293033e+00,1.58577712e-05
1.301207,4.85636564e+00,2.30302469e-01,-1.86707612e+00,3.20352089e-01,-1.50013576e-03,-2.28871612e-03,7.10020393e-05,2.39173180e+00,1.59870200e-05
1.301754,4.87961477e+00,2.14537879e-01,-1.88852406e+00,3.22069222e-01,-1.51864158e-03,-2.28902615e-03,8.08382333e-05,2.45382497e+00,1.61183174e-05
1.302301,4.90237439e+00,1.99320916e-01,-1.91195454e+00,3.22667741e-01,-1.53363860e-03,-2.29472581e-03,7.63261538e-05,2.51671995e+00,1.62439618e-05
1.302848,4.92463182e+00,1.82881018e-01,-1.93288969e+00,3.21781169e-01,-1.55437858e-03,-2.29633260e-03,6.20071439e-05,2.58238577e+00,1.63750031e-05
1.303395,4.94637498e+00,1.68194820e-01,-1.96000480e+00,3.25537806e-01,-1.56739976e-03,-2.30653859e-03,8.37703338e-05,2.64674611e+00,1.64950970e-05
1.303942,4.96759137e+00,1.52909546e-01,-1.98605349e+00,3.25662076e-01,-1.58232359e-03,-2.31757353e-03,7.08280200e-05,2.71476389e+00,1.66317920e-05
1.304489,4.98826778e+00,1.35335348e-01,-2.00540114e+00,3.25173622e-01,-1.60734983e-03,-2.31559668e-03,6.30912558e-05,2.78454806e+00,1.67642363e-05
1.305036,5.00839312e+00,1.17222036e-01,-2.02332328e+00,3.26985694e-01,-1.63357836e-03,-2.30956328e-03,7.94987341e-05,2.85136638e+00,1.68685369e-05
1.305582,5.02795829e+00,1.03304400e-01,-2.05635428e+00,3.28289573e-01,-1.63745754e-03,-2.33481678e-03,6.86976902e-05,2.91724024e+00,1.69628866e-05
1.306129,5.04695147e+00,8.33326091e-02,-2.07558067e+00,3.29733281e-01,-1.68189017e-03,-2.32726513e-03,7.86195511e-05,2.99487620e+00,1.71135581e-05
1.306676,5.06536128e+00,6.85025119e-02,-2.10838099e+00,3.32057852e-01,-1.68786546e-03,-2.35114127e-03,7.82110969e-05,3.05506514e+00,1.72049862e-05
1.307223,5.08317664e+00,5.04536511e-02,-2.13028098e+00,3.31377516e-01,-1.71145796e-03,-2.35445438e-03,6.44449053e-05,3.13579411e+00,1.73483221e-05
1.307770,5.10038589e+00,3.25560135e-02,-2.15163698e+00,3.31895295e-01,-1.73057282e-03,-2.35748161e-03,6.42745475e-05,3.20930580e+00,1.74465636e-05
1.308317,5.11698014e+00,1.52826467e-02,-2.17570034e+00,3.33385612e-01,-1.74456216e-03,-2.36576060e-03,6.96856524e-05,3.28631318e+00,1.75391108e-05
1.308864,5.13295010e+00,-2.86199966e-03,-2.19807818e+00,3.33162415e-01,-1.76403780e-03,-2.37131121e-03,6.05616736e-05,3.36730124e+00,1.76389755e-05
1.309411,5.14828653e+00,-2.31901767e-02,-2.21207070e+00,3.33940796e-01,-1.79596418e-03,-2.35935656e-03,7.24808885e-05,3.44681615e+00,1.77294841e-05
1.309958,5.16298282e+00,-4.28075847e-02,-2.22801356e+00,3.32270617e-01,-1.81969407e-03,-2.35527100e-03,5.76013909e-05,3.51570954e+00,1.77810655e-05
1.310505,5.17703391e+00,-5.91331466e-02,-2.26350877e+00,3.35057142e-01,-1.82322002e-03,-2.38541067e-03,6.13382887e-05,3.59160950e+00,1.78407620e-05
1.311052,5.19043002e+00,-7.96512115e-02,-2.28265359e+00,3.35153113e-01,-1.85648857e-03,-2.38195175e-03,5.96327077e-05,3.68450738e+00,1.79756034e-05
1.311599,5.20316113e+00,-9.80742165e-02,-2.30890318e+00,3.34702835e-01,-1.86978827e-03,-2.39685191e-03,4.46672150e-05,3.75846421e+00,1.80372234e-05
1.312146,5.21521954e+00,-1.18183860e-01,-2.33057586e+00,3.37367876e-01,-1.89608369e-03,-2.39816606e-03,6.59340783e-05,3.84729828e+00,1.81286241e-05
1.312693,5.22659703e+00,-1.37753147e-01,-2.35295159e+00,3.37120939e-01,-1.91470740e-03,-2.40543187e-03,5.69578655e-05,3.92522914e+00,1.81926739e-05
1.313240,5.23728646e+00,-1.59185688e-01,-2.36119807e+00,3.34723358e-01,-1.94509048e-03,-2.38795662e-03,4.60893855e-05,4.01260460e+00,1.82600457e-05
1.313787,5.24728384e+00,-1.78526326e-01,-2.39135196e+00,3.39173202e-01,-1.95862265e-03,-2.40708178e-03,7.37912888e-05,4.08226285e+00,1.82644971e-05
1.314334,5.25658344e+00,-1.99315889e-01,-2.41098636e+00,3.38828560e-01,-1.98266467e-03,-2.40864423e-03,6.61760658e-05,4.17235680e+00,1.83559220e-05
1.314881,5.26517721e+00,-2.20180086e-01,-2.42230521e+00,3.36247481e-01,-2.00425373e-03,-2.39976414e-03,4.88160062e-05,4.25649204e+00,1.84003017e-05
1.315428,5.27306151e+00,-2.41141122e-01,-2.43688228e+00,3.36901210e-01,-2.02548364e-03,-2.39460582e-03,5.94330389e-05,4.33564845e+00,1.84084912e-05
1.315975,5.28023379e+00,-2.61598767e-01,-2.45756441e+00,3.37283357e-01,-2.04017324e-03,-2.40174959e-03,5.90349132e-05,4.41748158e+00,1.84249063e-05
1.316522,5.28668944e+00,-2.83019160e-01,-2.46700160e+00,3.37242348e-01,-2.06393986e-03,-2.38813999e-03,6.78065976e-05,4.51115498e+00,1.84659712e-05
1.317069,5.29242516e+00,-3.04114514e-01,-2.48804706e+00,3.35882643e-01,-2.08114613e-03,-2.39695957e-03,4.94633304e-05,4.58594813e+00,1.84527037e-05
1.317615,5.29743779e+00,-3.25473071e-01,-2.50346187e+00,3.35687697e-01,-2.10062229e-03,-2.39481142e-03,5.06129746e-05,4.67657420e+00,1.84891488e-05
1.318162,5.30172292e+00,-3.46747938e-01,-2.52125044e+00,3.33956298e-01,-2.11718328e-03,-2.39893425e-03,3.42731438e-05,4.76214984e+00,1.84956138e-05
1.318709,5.30527697e+00,-3.68753302e-01,-2.52108608e+00,3.33853315e-01,-2.14575743e-03,-2.36927516e-03,5.51559742e-05,4.85147450e+00,1.85108126e-05
1.319256,5.30810006e+00,-3.89683589e-01,-2.53419722e+00,3.33374865e-01,-2.15687304e-03,-2.36870492e-03,5.53076771e-05,4.89887436e+00,1.84381191e-05
1.319803,5.31019328e+00,-4.11421657e-01,-2.56000268e+00,3.33692411e-01,-2.16896889e-03,-2.38689722e-03,4.83638461e-05,4.99004452e+00,1.84278483e-05
1.320350,5.31155167e+00,-4.33035528e-01,-2.56693290e+00,3.29377152e-01,-2.18935441e-03,-2.37437211e-03,1.96133692e-05,5.09200803e+00,1.84689955e-05
1.320897,5.31217213e+00,-4.53778764e-01,-2.56394435e+00,3.27316426e-01,-2.20628912e-03,-2.34724349e-03,2.61434419e-05,5.15692402e+00,1.84214514e-05
1.321444,5.31205821e+00,-4.74208996e-01,-2.56530748e+00,3.24818046e-01,-2.21704757e-03,-2.33060540e-03,2.25843971e-05,5.21554889e+00,1.83258263e-05
1.321991,5.31121444e+00,-4.94762009e-01,-2.56681857e+00,3.25990014e-01,-2.22863389e-03,-2.31189409e-03,5.34541569e-05,5.28966040e+00,1.82498828e-05
1.322538,5.30964422e+00,-5.19543642e-01,-2.60153492e+00,3.24983752e-01,-2.25278819e-03,-2.34187349e-03,2.27671508e-05,5.34742249e+00,1.81684658e-05
1.323085,5.30734388e+00,-5.39452527e-01,-2.58529128e+00,3.20286473e-01,-2.27322551e-03,-2.29355583e-03,1.69657190e-05,5.43404387e+00,1.82305947e-05
1.323632,5.30431429e+00,-5.60056881e-01,-2.59119701e+00,3.20271738e-01,-2.27904437e-03,-2.28665649e-03,3.17744258e-05,5.44969723e+00,1.80582908e-05
1.324179,5.30056233e+00,-5.81014939e-01,-2.59100736e+00,3.15991079e-01,-2.29474878e-03,-2.26734948e-03,1.04042010e-05,5.52656769e+00,1.79897613e-05
1.324726,5.29609115e+00,-6.03541520e-01,-2.60869034e+00,3.16285927e-01,-2.30522229e-03,-2.27653549e-03,1.53697654e-05,5.57389390e+00,1.78871805e-05
1.325273,5.29090140e+00,-6.23670313e-01,-2.60564619e+00,3.13662239e-01,-2.31617301e-03,-2.25367866e-03,1.40453868e-05,5.66038982e+00,1.78639364e-05
1.325820,5.28499437e+00,-6.39519803e-01,-2.57900828e+00,3.08382969e-01,-2.31586189e-03,-2.20154825e-03,1.29201476e-05,5.70836422e+00,1.77407602e-05
1.326367,5.27838142e+00,-6.58900233e-01,-2.57803492e+00,3.05357386e-01,-2.31820264e-03,-2.18908186e-03,5.30225242e-06,5.72663362e+00,1.75113410e-05
1.326914,5.27107317e+00,-6.77046578e-01,-2.56771654e+00,3.01290414e-01,-2.32210374e-03,-2.16058952e-03,-2.17579777e-06,5.78973685e+00,1.73985887e-05
1.327461,5.26307660e+00,-6.90551861e-01,-2.53451145e+00,2.94731123e-01,-2.31589409e-03,-2.10283321e-03,-8.85999688e-06,5.82626080e+00,1.72375093e-05
1.328008,5.25440607e+00,-7.09008401e-01,-2.53123999e+00,2.92066701e-01,-2.31491804e-03,-2.08952964e-03,-9.97513739e-06,5.82731912e+00,1.69717884e-05
1.328555,5.24507407e+00,-7.22065128e-01,-2.49786940e+00,2.87511066e-01,-2.31031748e-03,-2.02998706e-03,1.38717361e-06,5.88273418e+00,1.68428482e-05
1.329102,5.23509316e+00,-7.37666664e-01,-2.48309440e+00,2.83376149e-01,-2.30300951e-03,-2.00320559e-03,-3.92748243e-06,5.86279840e+00,1.65684199e-05
1.329649,5.22447841e+00,-7.53232471e-01,-2.46714810e+00,2.80584049e-01,-2.29903563e-03,-1.97149337e-03,4.44978144e-06,5.89879319e+00,1.63845783e-05
1.330195,5.21324077e+00,-7.59793968e-01,-2.41262670e+00,2.71347403e-01,-2.28002483e-03,-1.88955285e-03,-1.05011298e-05,5.91655436e+00,1.61891367e-05
1.330742,5.20140034e+00,-7.76433154e-01,-2.40665573e+00,2.67427400e-01,-2.27286034e-03,-1.87885792e-03,-2.32521267e-05,5.85726362e+00,1.58161626e-05
1.331289,5.18897466e+00,-7.89004047e-01,-2.38160900e+00,2.61345440e-01,-2.26447222e-03,-1.83682314e-03,-3.70225067e-05,5.90070436e+00,1.56713522e-05
1.331836,5.17597449e+00,-7.93203985e-01,-2.32625241e+00,2.55410812e-01,-2.23913089e-03,-1.75671309e-03,-1.83736813e-05,5.88978484e+00,1.54305132e-05
1.332383,5.16242181e+00,-8.09167017e-01,-2.31953602e+00,2.52037293e-01,-2.23191035e-03,-1.74572737e-03,-2.66177135e-05,5.82140037e+00,1.50491013e-05
1.332930,5.14833405e+00,-8.16513990e-01,-2.27857080e+00,2.46763204e-01,-2.21590806e-03,-1.68279067e-03,-1.91343889e-05,5.85243194e+00,1.48966510e-05
1.333477,5.13372546e+00,-8.34146720e-01,-2.27869367e+00,2.42600132e-01,-2.21262728e-03,-1.68075316e-03,-4.25193194e-05,5.79519264e+00,1.45760965e-05
1.334024,5.11860873e+00,-8.38290564e-01,-2.23038809e+00,2.34694907e-01,-2.19077251e-03,-1.61019940e-03,-5.25648244e-05,5.82030095e+00,1.44522504e-05
1.334571,5.10299819e+00,-8.48138452e-01,-2.20654573e+00,2.31503084e-01,-2.17177787e-03,-1.57892427e-03,-4.10212456e-05,5.74437648e+00,1.40952527e-05
1.335118,5.08691330e+00,-8.49061779e-01,-2.15302666e+00,2.23537883e-01,-2.14223576e-03,-1.50616667e-03,-4.86256101e-05,5.73956442e+00,1.38582473e-05
1.335665,5.07037436e+00,-8.68058616e-01,-2.16049502e+00,2.21061780e-01,-2.13969407e-03,-1.51672977e-03,-6.19435369e-05,5.65992906e+00,1.34786661e-05
1.336212,5.05339453e+00,-8.72547090e-01,-2.11885017e+00,2.16342083e-01,-2.12248183e-03,-1.45295749e-03,-4.99359591e-05,5.69462657e+00,1.33876385e-05
1.336759,5.03598446e+00,-8.76823971e-01,-2.08310537e+00,2.09082533e-01,-2.09449446e-03,-1.40974049e-03,-6.87216162e-05,5.60146907e+00,1.30514189e-05
1.337306,5.01816445e+00,-8.76476235e-01,-2.03301073e+00,2.04836359e-01,-2.06424566e-03,-1.34281887e-03,-4.48136674e-05,5.56424126e+00,1.27572073e-05
1.337853,4.99995617e+00,-8.91262973e-01,-2.02916791e+00,2.01475668e-01,-2.05620683e-03,-1.33928025e-03,-5.84694748e-05,5.47114883e+00,1.23874395e-05
1.338400,4.98137397e+00,-8.82083233e-01,-1.95659029e+00,1.92878639e-01,-2.01545299e-03,-1.24144660e-03,-5.81537173e-05,5.47581970e+00,1.22397680e-05
1.338947,4.96243736e+00,-8.77819432e-01,-1.90514023e+00,1.87021663e-01,-1.97057315e-03,-1.18546593e-03,-5.12168252e-05,5.32076844e+00,1.17602308e-05
1.339494,4.94317588e+00,-8.88534139e-01,-1.89270582e+00,1.82144399e-01,-1.95664071e-03,-1.17266874e-03,-7.24363085e-05,5.27087696e+00,1.13983998e-05
1.340041,4.92360489e+00,-8.88396897e-01,-1.85306106e+00,1.75013515e-01,-1.92531888e-03,-1.12436111e-03,-8.87658994e-05,5.25309725e+00,1.12131978e-05
1.340588,4.90373738e+00,-8.79820793e-01,-1.79289537e+00,1.70220974e-01,-1.88259332e-03,-1.05002981e-03,-6.40451586e-05,5.18909098e+00,1.08986360e-05
1.341135,4.88359675e+00,-8.79328749e-01,-1.75615009e+00,1.64263770e-01,-1.84966990e-03,-1.01056664e-03,-7.44097159e-05,5.07472786e+00,1.04847605e-05
1.341682,4.86320526e+00,-8.91225082e-01,-1.74998853e+00,1.61986562e-01,-1.83784215e-03,-1.00628301e-03,-7.61223324e-05,5.02553711e+00,1.01894780e-05
1.342228,4.84257286e+00,-8.83425580e-01,-1.69629312e+00,1.54103985e-01,-1.79991421e-03,-9.38340176e-04,-9.04263035e-05,5.02007101e+00,1.00339775e-05
1.342775,4.82171345e+00,-8.75968892e-01,-1.64693748e+00,1.50530536e-01,-1.75798163e-03,-8.83021853e-04,-6.64555804e-05,4.90672119e+00,9.64930752e-06
1.343322,4.80065013e+00,-8.70809292e-01,-1.60392655e+00,1.43592746e-01,-1.72167137e-03,-8.34962605e-04,-8.34658164e-05,4.82527674e+00,9.29256256e-06
1.343869,4.77940301e+00,-8.64531575e-01,-1.56068437e+00,1.37331437e-01,-1.68195375e-03,-7.88853559e-04,-9.24165196e-05,4.74853619e+00,8.96743425e-06
1.344416,4.75799054e+00,-8.63619685e-01,-1.52938564e+00,1.34908947e-01,-1.65353559e-03,-7.54338439e-04,-7.51276063e-05,4.68319533e+00,8.64547066e-06
1.344963,4.73642823e+00,-8.56581273e-01,-1.48623917e+00,1.28707760e-01,-1.61628191e-03,-7.05721866e-04,-8.63371202e-05,4.62693904e+00,8.37438359e-06
1.345510,4.71473141e+00,-8.57678346e-01,-1.46167521e+00,1.25761967e-01,-1.59047920e-03,-6.81479954e-04,-8.11934770e-05,4.54811304e+00,8.05067426e-06
1.346057,4.69291365e+00,-8.46042793e-01,-1.41149538e+00,1.16770116e-01,-1.54812297e-03,-6.24100129e-04,-1.13902093e-04,4.50886941e+00,7.81501356e-06
1.346604,4.67098986e+00,-8.62193419e-01,-1.41710249e+00,1.18007984e-01,-1.54923970e-03,-6.32108219e-04,-9.20653318e-05,4.39908786e+00,7.46091219e-06
1.347151,4.64896839e+00,-8.51697635e-01,-1.37018069e+00,1.11956524e-01,-1.51277444e-03,-5.73141961e-04,-1.00224680e-04,4.38725230e+00,7.35764675e-06
1.347698,4.62685692e+00,-8.46808114e-01,-1.33773627e+00,1.07800669e-01,-1.47813910e-03,-5.42499280e-04,-1.00783494e-04,4.28234210e+00,7.01023926e-06
1.348245,4.60467069e+00,-8.45832248e-01,-1.31292667e+00,1.04073837e-01,-1.45168612e-03,-5.17800692e-04,-1.04034651e-04,4.23578879e+00,6.74323661e-06
1.348792,4.58241958e+00,-8.27416861e-01,-1.25619365e+00,9.82815895e-02,-1.40238717e-03,-4.53212832e-04,-1.02436534e-04,4.19213416e+00,6.50811728e-06
1.349339,4.56011852e+00,-8.27387338e-01,-1.23553251e+00,9.31966057e-02,-1.37610415e-03,-4.37879250e-04,-1.22470583e-04,4.08683069e+00,6.12626271e-06
1.349886,4.53778108e+00,-8.17343895e-01,-1.19568275e+00,8.96507518e-02,-1.34194751e-03,-3.90847366e-04,-1.12238940e-04,4.05119234e+00,5.91920296e-06
1.350433,4.51541707e+00,-8.15196479e-01,-1.17226385e+00,8.67801146e-02,-1.31452676e-03,-3.70517065e-04,-1.09236998e-04,3.96928890e+00,5.61322923e-06
1.350980,4.49303660e+00,-8.20748863e-01,-1.16239159e+00,8.46129296e-02,-1.29906030e-03,-3.63912472e-04,-1.10333794e-04,3.93407668e+00,5.39234471e-06
1.351527,4.47064320e+00,-7.99534973e-01,-1.10655247e+00,7.82961280e-02,-1.25101068e-03,-2.97612830e-04,-1.17749200e-04,3.91402259e+00,5.22981443e-06
1.352074,4.44824714e+00,-8.01032181e-01,-1.09100880e+00,7.69632877e-02,-1.23032928e-03,-2.87203425e-04,-1.06485093e-04,3.79900551e+00,4.85711577e-06
1.352621,4.42585936e+00,-7.99775145e-01,-1.07092866e+00,7.42503360e-02,-1.20765252e-03,-2.67080432e-04,-1.06823826e-04,3.77510257e+00,4.67316699e-06
1.353168,4.40348321e+00,-7.89069556e-01,-1.03648449e+00,6.94742777e-02,-1.17225519e-03,-2.30947643e-04,-1.16833499e-04,3.73732099e+00,4.46650764e-06
1.353715,4.38112571e+00,-7.86598725e-01,-1.01612293e+00,6.67175079e-02,-1.14746492e-03,-2.13516854e-04,-1.16803266e-04,3.67530937e+00,4.20037787e-06
1.354261,4.35879355e+00,-7.84037064e-01,-9.95706960e-01,6.47756225e-02,-1.12428406e-03,-1.93457025e-04,-1.09550103e-04,3.64280909e+00,3.99840453e-06
1.354808,4.33649046e+00,-7.62631020e-01,-9.47082201e-01,5.86827686e-02,-1.07734582e-03,-1.39472547e-04,-1.23918636e-04,3.60620654e+00,3.79324719e-06
1.355355,4.31422540e+00,-7.69422462e-01,-9.41786527e-01,5.83525843e-02,-1.06700028e-03,-1.39162404e-04,-1.11391158e-04,3.51381448e+00,3.47224744e-06
1.355902,4.29200412e+00,-7.65532532e-01,-9.20633977e-01,5.47254564e-02,-1.04386367e-03,-1.15966229e-04,-1.21538071e-04,3.50180779e+00,3.33588705e-06
1.356449,4.26982705e+00,-7.62698378e-01,-9.02080687e-01,5.22721012e-02,-1.02087047e-03,-9.94368535e-05,-1.21150686e-04,3.45833516e+00,3.13310981e-06
1.356996,4.24769696e+00,-7.50682059e-01,-8.70479038e-01,4.95023537e-02,-9.88188602e-04,-6.53855858e-05,-1.16076704e-04,3.42869131e+00,2.94544103e-06
1.357543,4.22561811e+00,-7.51199588e-01,-8.57795698e-01,4.67246208e-02,-9.69284949e-04,-5.72703218e-05,-1.23664037e-04,3.37401646e+00,2.70322866e-06
1.358090,4.20359347e+00,-7.50609789e-01,-8.43773224e-01,4.37659097e-02,-9.49714055e-04,-4.56936479e-05,-1.31589637e-04,3.35437312e+00,2.54711469e-06
1.358637,4.18162265e+00,-7.40018815e-01,-8.15626539e-01,4.19851506e-02,-9.21299674e-04,-1.35615627e-05,-1.19568152e-04,3.33085296e+00,2.38570115e-06
1.359184,4.15970796e+00,-7.28803803e-01,-7.88219353e-01,3.86336711e-02,-8.89427257e-04,1.24414231e-05,-1.24377402e-04,3.27886572e+00,2.16205431e-06
1.359731,4.13785362e+00,-7.32653897e-01,-7.81018429e-01,3.73338939e-02,-8.76557755e-04,1.52388118e-05,-1.21208517e-04,3.23742642e+00,1.95688192e-06
1.360278,4.11605994e+00,-7.26988371e-01,-7.61273115e-01,3.47495594e-02,-8.53719935e-04,3.64223074e-05,-1.23821750e-04,3.22784445e+00,1.82847480e-06
1.360825,4.09432592e+00,-7.15716978e-01,-7.35024319e-01,3.25847816e-02,-8.24245049e-04,6.33034925e-05,-1.18767207e-04,3.19346824e+00,1.65500736e-06
1.361372,4.07265348e+00,-7.18640575e-01,-7.27562579e-01,2.96980972e-02,-8.09891676e-04,6.57509165e-05,-1.31578873e-04,3.15289148e+00,1.46469200e-06
1.361919,4.05104224e+00,-7.11655185e-01,-7.06685162e-01,2.86624323e-02,-7.88771123e-04,9.15910589e-05,-1.18853839e-04,3.14185656e+00,1.35386399e-06
1.362466,4.02949097e+00,-7.04562433e-01,-6.87210618e-01,2.70747110e-02,-7.64409499e-04,1.08992861e-04,-1.13471920e-04,3.10190716e+00,1.18763301e-06
1.363013,4.00800006e+00,-7.11954941e-01,-6.85817276e-01,2.34630442e-02,-7.54956803e-04,1.04307216e-04,-1.37148486e-04,3.07699678e+00,1.04688315e-06
1.363560,3.98656663e+00,-7.12126617e-01,-6.74192417e-01,2.31358016e-02,-7.43462812e-04,1.21354990e-04,-1.22580756e-04,3.07128457e+00,9.81676398e-07
1.364107,3.96518690e+00,-6.97769778e-01,-6.47057487e-01,2.09968896e-02,-7.12444406e-04,1.50278907e-04,-1.19392398e-04,3.04540441e+00,8.70558098e-07
1.364654,3.94386063e+00,-6.94045988e-01,-6.33099323e-01,1.78801546e-02,-6.91692006e-04,1.60487460e-04,-1.32121467e-04,3.00511385e+00,7.61157967e-07
1.365201,3.92258734e+00,-7.05667921e-01,-6.36448015e-01,1.71577159e-02,-6.89181507e-04,1.51376785e-04,-1.28700076e-04,2.98787231e+00,7.16267305e-07
1.365748,3.90136227e+00,-6.99450628e-01,-6.19099214e-01,1.49103785e-02,-6.69397786e-04,1.73801149e-04,-1.31501532e-04,2.99827039e+00,6.92984315e-07
1.366295,3.88018131e+00,-6.92932155e-01,-6.02340831e-01,1.38557333e-02,-6.48337418e-04,1.90210268e-04,-1.22925297e-04,2.96767462e+00,6.84004942e-07
1.366841,3.85904279e+00,-6.83693848e-01,-5.82922307e-01,1.24364472e-02,-6.24610613e-04,2.10296260e-04,-1.17946770e-04,2.94778596e+00,6.99782296e-07
1.367388,3.83794490e+00,-6.96022680e-01,-5.87255700e-01,1.00690944e-02,-6.21791926e-04,1.99024622e-04,-1.31823945e-04,2.92300330e+00,7.49302778e-07
1.367935,3.81688065e+00,-6.90519712e-01,-5.71027746e-01,9.32831304e-03,-6.05989520e-04,2.25307656e-04,-1.21441386e-04,2.93382754e+00,7.55635624e-07
1.368482,3.79587139e+00,-6.89792372e-01,-5.61589338e-01,6.55803983e-03,-5.91617804e-04,2.25419746e-04,-1.31544788e-04,2.90162753e+00,8.65680116e-07
1.369029,3.77491597e+00,-6.83743009e-01,-5.46839472e-01,4.05816727e-03,-5.69336637e-04,2.45981134e-04,-1.40790199e-04,2.89334366e+00,9.36121724e-07
1.369576,3.75398436e+00,-6.84057689e-01,-5.38393727e-01,3.12436929e-03,-5.56830830e-04,2.53619983e-04,-1.34365138e-04,2.87734702e+00,1.02562424e-06
1.370123,3.73307259e+00,-6.77901469e-01,-5.23402052e-01,3.24086203e-03,-5.39169310e-04,2.70954163e-04,-1.16825692e-04,2.87317245e+00,1.09751190e-06
1.370670,3.71217661e+00,-6.77933360e-01,-5.15131233e-01,1.56479779e-03,-5.25664428e-04,2.77640801e-04,-1.20207004e-04,2.85567936e+00,1.18212643e-06
1.371217,3.69129220e+00,-6.66440257e-01,-4.95962917e-01,-1.68478650e-03,-5.00090190e-04,2.99158602e-04,-1.35282089e-04,2.85251136e+00,1.25696754e-06
1.371764,3.67041534e+00,-6.67739427e-01,-4.88918752e-01,-2.50905954e-03,-4.89378304e-04,3.05229761e-04,-1.29094675e-04,2.82440536e+00,1.35988668e-06
1.372311,3.64954181e+00,-6.77135273e-01,-4.90031801e-01,-4.15161089e-03,-4.85019035e-04,2.98588807e-04,-1.33316707e-04,2.82418713e+00,1.42430094e-06
1.372858,3.62866559e+00,-6.70656004e-01,-4.75023573e-01,-4.68966958e-03,-4.69209856e-04,3.22840913e-04,-1.23305871e-04,2.83849855e+00,1.46867863e-06
1.373405,3.60778149e+00,-6.58383571e-01,-4.56335479e-01,-7.20536386e-03,-4.43693861e-04,3.42696732e-04,-1.32479093e-04,2.81403342e+00,1.55162877e-06
1.373952,3.58688570e+00,-6.53136974e-01,-4.44057430e-01,-8.70991780e-03,-4.26277548e-04,3.54462241e-04,-1.32430892e-04,2.79185366e+00,1.63452290e-06
1.374499,3.56597387e+00,-6.61708202e-01,-4.43804704e-01,-8.69327682e-03,-4.23917368e-04,3.51799335e-04,-1.20010714e-04,2.78488706e+00,1.69644575e-06
1.375046,3.54504045e+00,-6.61559103e-01,-4.35887068e-01,-1.14636652e-02,-4.11307042e-04,3.62364713e-04,-1.34372596e-04,2.79790001e+00,1.72820228e-06
1.375593,3.52407980e+00,-6.52706780e-01,-4.20486222e-01,-1.25642709e-02,-3.92090271e-04,3.82454886e-04,-1.30493893e-04,2.79033725e+00,1.78143107e-06
1.376140,3.50308725e+00,-6.65174240e-01,-4.23601591e-01,-1.36690637e-02,-3.92569868e-04,3.74602851e-04,-1.29002322e-04,2.77320603e+00,1.83944278e-06
1.376687,3.48205763e+00,-6.62072217e-01,-4.12772000e-01,-1.39301968e-02,-3.80547597e-04,3.92816944e-04,-1.18594036e-04,2.79284737e+00,1.85781006e-06
1.377234,3.46098570e+00,-6.53553908e-01,-3.98580157e-01,-1.64896876e-02,-3.59922352e-04,4.09586238e-04,-1.31063352e-04,2.78119968e+00,1.90196528e-06
1.377781,3.43986726e+00,-6.62618466e-01,-3.99056187e-01,-1.85472260e-02,-3.56219368e-04,4.03267612e-04,-1.37872044e-04,2.76492528e+00,1.94688874e-06
1.378328,3.41869771e+00,-6.58983735e-01,-3.88324570e-01,-1.97893812e-02,-3.42974111e-04,4.20882423e-04,-1.36263398e-04,2.78178547e+00,1.96147654e-06
1.378874,3.39747266e+00,-6.57901393e-01,-3.80237486e-01,-2.04812223e-02,-3.31912742e-04,4.29665797e-04,-1.29669544e-04,2.77122122e+00,1.99569563e-06
1.379421,3.37618835e+00,-6.63921243e-01,-3.77844931e-01,-2.13478315e-02,-3.27343896e-04,4.29540041e-04,-1.25182752e-04,2.77299271e+00,2.01770798e-06
1.379968,3.35484108e+00,-6.60146410e-01,-3.67731727e-01,-2.35164750e-02,-3.12652491e-04,4.44045696e-04,-1.34048331e-04,2.78659237e+00,2.02976244e-06
1.380515,3.33342766e+00,-6.59125234e-01,-3.59361139e-01,-2.34131286e-02,-3.03486218e-04,4.56978285e-04,-1.20239178e-04,2.77751833e+00,2.05526519e-06
1.381062,3.31194557e+00,-6.56162510e-01,-3.50113666e-01,-2.62199031e-02,-2.88948094e-04,4.69442898e-04,-1.35842307e-04,2.77467393e+00,2.07323274e-06
1.381609,3.29039275e+00,-6.55863563e-01,-3.42705419e-01,-2.71826574e-02,-2.79389002e-04,4.78884467e-04,-1.31952335e-04,2.76522716e+00,2.09472611e-06
1.382156,3.26876766e+00,-6.54339950e-01,-3.34561473e-01,-2.83002650e-02,-2.68503684e-04,4.88815606e-04,-1.30247293e-04,2.76699723e+00,2.10956803e-06
1.382703,3.24706931e+00,-6.52033665e-01,-3.26175007e-01,-3.04479223e-02,-2.55707558e-04,4.97946600e-04,-1.38637255e-04,2.76736858e+00,2.12465124e-06
1.383250,3.22529738e+00,-6.47171884e-01,-3.15414746e-01,-3.08821753e-02,-2.43102624e-04,5.14609882e-04,-1.30384951e-04,2.76520106e+00,2.14093785e-06
1.383797,3.20345231e+00,-6.49345673e-01,-3.09900783e-01,-3.15889701e-02,-2.36963481e-04,5.19832647e-04,-1.24388094e-04,2.75587921e+00,2.15932602e-06
1.384344,3.18153511e+00,-6.48597508e-01,-3.02563081e-01,-3.38757726e-02,-2.26089148e-04,5.28432487e-04,-1.34541434e-04,2.76316732e+00,2.17314490e-06
1.384891,3.15954750e+00,-6.50695122e-01,-2.96916600e-01,-3.49777463e-02,-2.19935084e-04,5.35004957e-04,-1.31729773e-04,2.76098777e+00,2.19292670e-06
1.385438,3.13749194e+00,-6.42000979e-01,-2.84308122e-01,-3.67480917e-02,-2.02085928e-04,5.53312577e-04,-1.38219558e-04,2.76623986e+00,2.21229510e-06
1.385985,3.11537186e+00,-6.42762905e-01,-2.77754955e-01,-3.77257830e-02,-1.95341772e-04,5.60983519e-04,-1.34165124e-04,2.74748079e+00,2.23891319e-06
1.386532,3.09319152e+00,-6.42167830e-01,-2.70399381e-01,-3.89159885e-02,-1.87006422e-04,5.69864291e-04,-1.32964774e-04,2.75032255e+00,2.26367158e-06
1.387079,3.07095574e+00,-6.36126559e-01,-2.59775863e-01,-4.02801401e-02,-1.72895939e-04,5.83888789e-04,-1.35118480e-04,2.75025838e+00,2.29235446e-06
1.387626,3.04867036e+00,-6.39733468e-01,-2.54957804e-01,-4.16946837e-02,-1.69330919e-04,5.88309045e-04,-1.34584933e-04,2.73876651e+00,2.32544915e-06
1.388173,3.02634187e+00,-6.39803082e-01,-2.47690921e-01,-4.19938248e-02,-1.63508477e-04,5.98826263e-04,-1.24679475e-04,2.74509918e+00,2.36151053e-06
1.388720,3.00397731e+00,-6.38209095e-01,-2.39841000e-01,-4.41974930e-02,-1.53362933e-04,6.08535189e-04,-1.34393319e-04,2.74295929e+00,2.40197382e-06
1.389267,2.98158466e+00,-6.44515243e-01,-2.36376801e-01,-4.57568247e-02,-1.53372441e-04,6.10686920e-04,-1.34055056e-04,2.73539296e+00,2.44851383e-06
1.389814,2.95917243e+00,-6.34517900e-01,-2.23221088e-01,-4.61194914e-02,-1.36252661e-04,6.34071662e-04,-1.28629387e-04,2.74467333e+00,2.49931162e-06
1.390361,2.93675017e+00,-6.29198236e-01,-2.13441528e-01,-4.68310302e-02,-1.25050140e-04,6.44402605e-04,-1.25297293e-04,2.71389939e+00,2.55458622e-06
1.390908,2.91432874e+00,-6.34857320e-01,-2.09394971e-01,-4.90039398e-02,-1.24507927e-04,6.46749999e-04,-1.31604922e-04,2.70494386e+00,2.61144243e-06
1.391454,2.89191885e+00,-6.29084842e-01,-1.98835907e-01,-4.95595156e-02,-1.12367879e-04,6.64152047e-04,-1.26779683e-04,2.71042610e+00,2.67889373e-06
1.392001,2.86953197e+00,-6.15085963e-01,-1.85019138e-01,-5.02423336e-02,-9.15527159e-05,6.79515117e-04,-1.27430198e-04,2.69016256e+00,2.74884346e-06
1.392548,2.84718142e+00,-6.26314998e-01,-1.82896924e-01,-5.21660997e-02,-9.90204581e-05,6.81793814e-04,-1.28154604e-04,2.66142604e+00,2.81664578e-06
1.393095,2.82487997e+00,-6.20316931e-01,-1.72360769e-01,-5.29874855e-02,-8.63881149e-05,6.98592322e-04,-1.26502298e-04,2.67160827e+00,2.90545543e-06
1.393642,2.80264046e+00,-6.19509230e-01,-1.64462690e-01,-5.34355886e-02,-8.20255548e-05,7.07932618e-04,-1.18985135e-04,2.64873889e+00,2.99081694e-06
1.394189,2.78047705e+00,-6.18806619e-01,-1.56754341e-01,-5.50342461e-02,-7.61678347e-05,7.16235398e-04,-1.23028809e-04,2.64153402e+00,3.08254666e-06
1.394736,2.75840397e+00,-6.16381929e-01,-1.48301663e-01,-5.63121646e-02,-6.90378403e-05,7.25161112e-04,-1.24465489e-04,2.63268267e+00,3.18054693e-06
1.395283,2.73643604e+00,-6.17733481e-01,-1.41404192e-01,-5.78997658e-02,-6.67135334e-05,7.31734358e-04,-1.26652748e-04,2.62137674e+00,3.28209519e-06
1.395830,2.71458828e+00,-6.13366429e-01,-1.32088477e-01,-5.90387539e-02,-5.74860956e-05,7.42383050e-04,-1.27554780e-04,2.61628609e+00,3.39249447e-06
1.396377,2.69287624e+00,-6.10235353e-01,-1.23019103e-01,-5.91984457e-02,-5.15199388e-05,7.53890691e-04,-1.18455386e-04,2.59911410e+00,3.50280840e-06
1.396924,2.67131627e+00,-6.06941000e-01,-1.14144262e-01,-6.06133308e-02,-4.38354028e-05,7.63244555e-04,-1.22246970e-04,2.58327193e+00,3.61958752e-06
1.397471,2.64992492e+00,-5.97123599e-01,-1.02796792e-01,-6.06892361e-02,-2.93690065e-05,7.76328258e-04,-1.16935559e-04,2.56680218e+00,3.74107900e-06
1.398018,2.62871989e+00,-6.15011741e-01,-1.00747192e-01,-6.36770102e-02,-4.86006842e-05,7.80503275e-04,-1.22345778e-04,2.53733235e+00,3.85853162e-06
1.398565,2.60771617e+00,-6.06567703e-01,-8.92644376e-02,-6.39876802e-02,-3.22407475e-05,8.00594729e-04,-1.18507658e-04,2.54921799e+00,4.02298104e-06
1.399112,2.58692894e+00,-6.05340659e-01,-8.08663857e-02,-6.52730674e-02,-2.90748604e-05,8.08522388e-04,-1.19765036e-04,2.50889112e+00,4.15433847e-06
1.399659,2.56637596e+00,-5.97308533e-01,-7.05751510e-02,-6.67022404e-02,-1.61277624e-05,8.17137017e-04,-1.26782394e-04,2.49630679e+00,4.29917024e-06
1.400206,2.54607491e+00,-5.97050557e-01,-6.20227189e-02,-6.72490840e-02,-1.52098078e-05,8.28053689e-04,-1.19420489e-04,2.46919589e+00,4.43554536e-06
1.400753,2.52604329e+00,-5.95710814e-01,-5.33674661e-02,-6.84549821e-02,-1.23726789e-05,8.36587987e-04,-1.19852293e-04,2.45498255e+00,4.59323402e-06
1.401300,2.50629734e+00,-5.86033857e-01,-4.25317859e-02,-6.86838788e-02,1.38773434e-06,8.46913003e-04,-1.16982469e-04,2.44057145e+00,4.75290833e-06
1.401847,2.48685491e+00,-5.81338329e-01,-3.31199259e-02,-6.97558501e-02,7.55906195e-06,8.54331192e-04,-1.18780101e-04,2.40957760e+00,4.89763184e-06
1.402394,2.46773431e+00,-5.84019948e-01,-2.54670407e-02,-7.22624278e-02,4.04288503e-06,8.59727662e-04,-1.28336102e-04,2.38989975e+00,5.05774638e-06
1.402941,2.44895105e+00,-5.81659585e-01,-1.58580537e-02,-7.22221098e-02,7.80460114e-06,8.73668143e-04,-1.16601835e-04,2.38137505e+00,5.24172820e-06
1.403487,2.43051995e+00,-5.80892451e-01,-6.97215118e-03,-7.23733198e-02,6.03332038e-06,8.81630385e-04,-1.06936297e-04,2.35778942e+00,5.41901258e-06
1.404034,2.41245598e+00,-5.77860043e-01,2.32438487e-03,-7.38783290e-02,1.08799147e-05,8.89959797e-04,-1.12611611e-04,2.34533643e+00,5.60490733e-06
1.404581,2.39477372e+00,-5.72094030e-01,1.17416031e-02,-7.54119516e-02,1.76665688e-05,8.94313322e-04,-1.20277876e-04,2.32457621e+00,5.78682978e-06
1.405128,2.37748847e+00,-5.72064261e-01,2.09505269e-02,-7.59242654e-02,1.60604914e-05,9.05391014e-04,-1.12665052e-04,2.30263566e+00,5.96240812e-06
1.405675,2.36061412e+00,-5.62169728e-01,3.12717141e-02,-7.51011832e-02,2.73503154e-05,9.12499785e-04,-1.01840175e-04,2.28714932e+00,6.16441484e-06
1.406222,2.34416509e+00,-5.62851150e-01,4.01968591e-02,-7.79654691e-02,2.66155712e-05,9.20305757e-04,-1.17513842e-04,2.25660336e+00,6.33147482e-06
1.406769,2.32815489e+00,-5.60781793e-01,4.98682702e-02,-7.83922316e-02,2.81216159e-05,9.30966164e-04,-1.10914992e-04,2.23828772e+00,6.54224990e-06
1.407316,2.31259423e+00,-5.62837686e-01,5.90087687e-02,-8.00404143e-02,2.24421832e-05,9.39470089e-04,-1.13037417e-04,2.21912137e+00,6.74677379e-06
1.407863,2.29749227e+00,-5.57939814e-01,6.86532645e-02,-8.08660062e-02,2.73452778e-05,9.45740467e-04,-1.13505621e-04,2.21012382e+00,6.97313903e-06
1.408410,2.28285801e+00,-5.52318525e-01,7.83347620e-02,-8.12014227e-02,3.19574255e-05,9.51661474e-04,-1.10092660e-04,2.18919188e+00,7.16853504e-06
1.408957,2.26870184e+00,-5.41538318e-01,8.80949151e-02,-8.04855170e-02,4.34995684e-05,9.55126623e-04,-1.02133866e-04,2.16803324e+00,7.36193696e-06
1.409504,2.25503512e+00,-5.42031865e-01,9.75753782e-02,-8.26535686e-02,3.93833869e-05,9.62297770e-04,-1.11173917e-04,2.13786954e+00,7.52849029e-06
1.410051,2.24186614e+00,-5.45491534e-01,1.07474163e-01,-8.37509122e-02,3.00475035e-05,9.73419348e-04,-1.06162724e-04,2.12540548e+00,7.75581571e-06
1.410598,2.22919720e+00,-5.41443800e-01,1.17129338e-01,-8.45214606e-02,3.26521373e-05,9.78866716e-04,-1.06228231e-04,2.11888548e+00,8.00290817e-06
1.411145,2.21703103e+00,-5.38030413e-01,1.26606228e-01,-8.60317653e-02,3.30976974e-05,9.82461966e-04,-1.12728816e-04,2.10068070e+00,8.20390010e-06
1.411692,2.20537158e+00,-5.33479770e-01,1.36458884e-01,-8.56912393e-02,3.55104544e-05,9.89747312e-04,-1.02167270e-04,2.08460847e+00,8.40720198e-06
1.412239,2.19422190e+00,-5.18081954e-01,1.44927357e-01,-8.49587469e-02,5.37059862e-05,9.85220422e-04,-1.00782035e-04,2.06372300e+00,8.60085620e-06
1.412786,2.18358870e+00,-5.18974751e-01,1.54921925e-01,-8.66411157e-02,4.56945583e-05,9.92390340e-04,-1.04768692e-04,2.02670459e+00,8.71660858e-06
1.413333,2.17347512e+00,-5.19184704e-01,1.65095978e-01,-8.73665745e-02,3.95656773e-05,1.00037454e-03,-9.99799577e-05,2.01916105e+00,8.94214547e-06
1.413880,2.16387684e+00,-5.19324084e-01,1.75129645e-01,-8.95800825e-02,3.44686230e-05,1.00596786e-03,-1.09842498e-04,2.01022159e+00,9.15877402e-06
1.414427,2.15478859e+00,-5.05676069e-01,1.83595937e-01,-8.72644271e-02,5.20794889e-05,1.00619654e-03,-9.12666018e-05,1.99982144e+00,9.36816033e-06
1.414974,2.14621035e+00,-5.08290934e-01,1.94414969e-01,-8.96824452e-02,4.28560646e-05,1.01589938e-03,-1.00875981e-04,1.95760315e+00,9.46203887e-06
1.415520,2.13813984e+00,-5.08843807e-01,2.04898119e-01,-9.07107355e-02,3.53304040e-05,1.02290574e-03,-9.88459744e-05,1.95010105e+00,9.67812426e-06
1.416067,2.13056698e+00,-4.95080282e-01,2.12173401e-01,-8.99631549e-02,5.09485312e-05,1.01517994e-03,-9.73904962e-05,1.94370536e+00,9.87156749e-06
1.416614,2.12348813e+00,-4.92864082e-01,2.21943694e-01,-9.07454612e-02,4.54533225e-05,1.01854596e-03,-9.68800911e-05,1.91060367e+00,9.93243656e-06
1.417161,2.11691194e+00,-4.88186549e-01,2.30997128e-01,-9.16168995e-02,4.29440631e-05,1.01879042e-03,-1.00488061e-04,1.90115004e+00,9.86056071e-06
1.417708,2.11082939e+00,-4.78915164e-01,2.38593277e-01,-9.15913817e-02,5.13336377e-05,1.01190051e-03,-1.00708569e-04,1.88691559e+00,1.02080338e-05
1.418255,2.10522195e+00,-4.66223808e-01,2.45053493e-01,-8.97642580e-02,6.13565372e-05,1.00291218e-03,-8.86787376e-05,1.86560210e+00,1.02711324e-05
1.418802,2.10008656e+00,-4.68813545e-01,2.56297606e-01,-9.12834340e-02,4.82657167e-05,1.01162073e-03,-8.97584066e-05,1.83748302e+00,1.02894979e-05
1.419349,2.09541349e+00,-4.53195532e-01,2.61270578e-01,-8.97211183e-02,6.60760076e-05,9.97349003e-04,-8.52482856e-05,1.83566679e+00,1.04374376e-05
1.419896,2.09119402e+00,-4.48872565e-01,2.69899718e-01,-8.99107675e-02,6.18662387e-05,9.96087775e-04,-8.32922969e-05,1.79957702e+00,1.03925437e-05
1.420443,2.08742220e+00,-4.39568608e-01,2.76450130e-01,-8.95508276e-02,6.72844202e-05,9.87313834e-04,-8.29831410e-05,1.78865840e+00,1.04466927e-05
1.420990,2.08408809e+00,-4.20119387e-01,2.78222600e-01,-8.75516639e-02,8.61380886e-05,9.62266428e-04,-8.16195240e-05,1.76794610e+00,1.04336465e-05
1.421537,2.08118916e+00,-4.21990736e-01,2.89181614e-01,-8.92647204e-02,7.26290767e-05,9.69255450e-04,-8.55780567e-05,1.73068475e+00,1.03036895e-05
1.422084,2.07871635e+00,-4.09669452e-01,2.93746802e-01,-8.76503508e-02,8.39676509e-05,9.56026621e-04,-7.75926528e-05,1.72911251e+00,1.03747725e-05
1.422631,2.07665678e+00,-4.05559475e-01,3.01778430e-01,-8.76620290e-02,7.90060169e-05,9.53408809e-04,-7.45752457e-05,1.70106097e+00,1.02782672e-05
1.423178,2.07500042e+00,-3.92552575e-01,3.05094906e-01,-8.64514172e-02,8.95508180e-05,9.36035550e-04,-7.32268624e-05,1.69139509e+00,1.02542581e-05
1.423725,2.07373724e+00,-3.80546302e-01,3.08270263e-01,-8.59193258e-02,9.58078504e-05,9.17941657e-04,-7.74612391e-05,1.66482159e+00,1.01165167e-05
1.424272,2.07286114e+00,-3.81710392e-01,3.18849004e-01,-8.70107383e-02,8.34519197e-05,9.23556539e-04,-7.65110271e-05,1.64298527e+00,9.97566915e-06
1.424819,2.07235809e+00,-3.66182748e-01,3.19695800e-01,-8.49225869e-02,9.92976864e-05,9.00935921e-04,-7.10526739e-05,1.64147875e+00,9.95760265e-06
1.425366,2.07221629e+00,-3.66561906e-01,3.29735770e-01,-8.59173045e-02,8.75787265e-05,9.04892893e-04,-7.10320408e-05,1.60872051e+00,9.73702363e-06
1.425913,2.07242429e+00,-3.49955718e-01,3.29052585e-01,-8.28352194e-02,1.04587904e-04,8.79641755e-04,-5.90768027e-05,1.60675793e+00,9.67710407e-06
1.426460,2.07297134e+00,-3.30940729e-01,3.25530197e-01,-8.07862677e-02,1.19909023e-04,8.45337855e-04,-6.30609174e-05,1.57205888e+00,9.40996787e-06
1.427007,2.07385698e+00,-3.29166255e-01,3.33903899e-01,-8.05293670e-02,1.11347049e-04,8.46506502e-04,-5.49879222e-05,1.53988946e+00,9.10913846e-06
1.427554,2.07507238e+00,-3.23765791e-01,3.39485305e-01,-8.05954945e-02,1.10585259e-04,8.38299764e-04,-5.67759888e-05,1.53465724e+00,8.98132104e-06
1.428100,2.07660168e+00,-3.09399187e-01,3.37933440e-01,-7.94409367e-02,1.22416589e-04,8.11380213e-04,-6.21839948e-05,1.52434032e+00,8.79591786e-06
1.428647,2.07843597e+00,-2.99690105e-01,3.39556791e-01,-7.77775836e-02,1.25295838e-04,7.95017509e-04,-5.46599494e-05,1.49895810e+00,8.49771882e-06
1.429194,2.08056870e+00,-2.88229971e-01,3.39360494e-01,-7.56767026e-02,1.31280085e-04,7.74352704e-04,-4.70213555e-05,1.48349795e+00,8.23972606e-06
1.429741,2.08299184e+00,-2.87391969e-01,3.47692931e-01,-7.67545469e-02,1.22528797e-04,7.74388750e-04,-5.14104966e-05,1.46552064e+00,7.95031157e-06
1.430288,2.08569288e+00,-2.68323098e-01,3.40532764e-01,-7.31104962e-02,1.44796526e-04,7.38417738e-04,-4.27220582e-05,1.46506470e+00,7.76441196e-06
1.430835,2.08866374e+00,-2.64069013e-01,3.45488517e-01,-7.33023945e-02,1.39722852e-04,7.31250708e-04,-4.53635923e-05,1.42853108e+00,7.36289839e-06
1.431382,2.09189819e+00,-2.51855147e-01,3.43091134e-01,-7.14846789e-02,1.49924860e-04,7.07220816e-04,-4.29658068e-05,1.42489931e+00,7.12050077e-06
1.431929,2.09538644e+00,-2.45165077e-01,3.45360083e-01,-6.99881873e-02,1.49119067e-04,6.95241033e-04,-3.41527831e-05,1.40596755e+00,6.77934388e-06
1.432476,2.09912026e+00,-2.37917566e-01,3.46912781e-01,-6.97729210e-02,1.52045161e-04,6.80688092e-04,-3.90924666e-05,1.39873287e+00,6.49210706e-06
1.433023,2.10308914e+00,-2.27385520e-01,3.44800037e-01,-6.76671653e-02,1.59070405e-04,6.59444987e-04,-3.21790502e-05,1.38993347e+00,6.18885835e-06
1.433570,2.10728475e+00,-2.21311667e-01,3.46860054e-01,-6.77140901e-02,1.59367595e-04,6.46811821e-04,-3.78368851e-05,1.37627225e+00,5.84521970e-06
1.434117,2.11169840e+00,-2.16290895e-01,3.49915198e-01,-6.69316090e-02,1.58524058e-04,6.37405404e-04,-3.29801963e-05,1.37161466e+00,5.54354488e-06
1.434664,2.11631912e+00,-2.06820147e-01,3.47784692e-01,-6.51586061e-02,1.65150886e-04,6.17256075e-04,-2.82835806e-05,1.36892801e+00,5.24608650e-06
1.435211,2.12113790e+00,-1.99907205e-01,3.48075477e-01,-6.44459544e-02,1.67052364e-04,6.02244753e-04,-2.91535785e-05,1.35873370e+00,4.89932675e-06
1.435758,2.12614680e+00,-1.92218070e-01,3.47257972e-01,-6.27701028e-02,1.70882929e-04,5.86013039e-04,-2.23880913e-05,1.35477930e+00,4.57731927e-06
1.436305,2.13133728e+00,-1.86975639e-01,3.49110450e-01,-6.31371693e-02,1.71967284e-04,5.74275413e-04,-3.04499568e-05,1.34912690e+00,4.24547510e-06
1.436852,2.13670036e+00,-1.77884314e-01,3.46132590e-01,-6.06739760e-02,1.79892873e-04,5.55061391e-04,-1.89365307e-05,1.34831010e+00,3.93622841e-06
1.437399,2.14222793e+00,-1.76045744e-01,3.51932910e-01,-6.12936299e-02,1.75193066e-04,5.51993746e-04,-2.25661228e-05,1.33937719e+00,3.59020724e-06
1.437946,2.14791076e+00,-1.65303476e-01,3.46131599e-01,-5.99203079e-02,1.88181942e-04,5.26673533e-04,-2.57566895e-05,1.34650010e+00,3.31406570e-06
1.438493,2.15374040e+00,-1.60029949e-01,3.47025604e-01,-5.83514906e-02,1.88462048e-04,5.15925177e-04,-1.55348824e-05,1.33541228e+00,2.95783915e-06
1.439040,2.15970984e+00,-1.55706255e-01,3.49093388e-01,-5.80269920e-02,1.88854078e-04,5.06427530e-04,-1.58613135e-05,1.33740914e+00,2.65848013e-06
1.439587,2.16580979e+00,-1.50484047e-01,3.49708609e-01,-5.72796753e-02,1.91164443e-04,4.94567343e-04,-1.41464338e-05,1.34229572e+00,2.37089922e-06
1.440133,2.17203109e+00,-1.44172680e-01,3.48486484e-01,-5.59530910e-02,1.95417996e-04,4.79883563e-04,-9.72070271e-06,1.34599655e+00,2.08160533e-06
1.440680,2.17836536e+00,-1.36409608e-01,3.44816521e-01,-5.48705016e-02,2.02927003e-04,4.60697953e-04,-1.13647836e-05,1.34810212e+00,1.79197024e-06
1.441227,2.18480495e+00,-1.26625459e-01,3.37514275e-01,-5.30372818e-02,2.13428125e-04,4.35801997e-04,-1.07356715e-05,1.34788596e+00,1.50162311e-06
1.441774,2.19134292e+00,-1.25094801e-01,3.43101515e-01,-5.36421724e-02,2.09180160e-04,4.33600694e-04,-1.34380606e-05,1.34443941e+00,1.21196840e-06
1.442321,2.19797040e+00,-1.20986055e-01,3.44625108e-01,-5.25525211e-02,2.11299865e-04,4.25001066e-04,-5.83099835e-06,1.35854215e+00,9.95000905e-07
1.442868,2.20467699e+00,-1.17667827e-01,3.47422708e-01,-5.34035341e-02,2.13061331e-04,4.17286623e-04,-1.51937615e-05,1.36707585e+00,7.77429926e-07
1.443415,2.21145280e+00,-1.12671762e-01,3.47260099e-01,-5.22029976e-02,2.17893955e-04,4.06015012e-04,-8.35614574e-06,1.37801147e+00,5.87025119e-07
1.443962,2.21828799e+00,-1.09200115e-01,3.49266417e-01,-5.16375236e-02,2.18241768e-04,3.98198891e-04,-4.95660368e-06,1.38590889e+00,4.36574199e-07
1.444509,2.22517263e+00,-1.04601686e-01,3.49392835e-01,-5.13197269e-02,2.22812093e-04,3.86923029e-04,-6.60840383e-06,1.39923234e+00,3.72387605e-07
1.445056,2.23209644e+00,-9.78575983e-02,3.45366419e-01,-5.01315965e-02,2.31938492e-04,3.69379879e-04,-5.35721980e-06,1.41023367e+00,4.06801571e-07
1.445603,2.23904948e+00,-9.55406468e-02,3.49296915e-01,-4.97085601e-02,2.30319727e-04,3.65226147e-04,-2.75466738e-07,1.41678128e+00,5.20192371e-07
1.446150,2.24602115e+00,-9.37843773e-02,3.54342490e-01,-5.05404389e-02,2.28702554e-04,3.61820442e-04,-5.90480540e-06,1.43462226e+00,6.45222317e-07
1.446697,2.25299992e+00,-8.72260966e-02,3.50825510e-01,-4.79945956e-02,2.41872714e-04,3.46446951e-04,9.56563872e-06,1.45457989e+00,7.70377761e-07
1.447244,2.25997479e+00,-8.41580223e-02,3.53530341e-01,-4.83511939e-02,2.44196589e-04,3.39568495e-04,4.57361235e-06,1.45888431e+00,9.20913870e-07
1.447791,2.26693483e+00,-8.02574028e-02,3.54277705e-01,-4.84063895e-02,2.48332539e-04,3.29782466e-04,6.20993678e-07,1.47721136e+00,1.04492228e-06
1.448338,2.27386856e+00,-7.67972231e-02,3.55884189e-01,-4.79359145e-02,2.51388243e-04,3.21951792e-04,3.26540125e-06,1.49467412e+00,1.16591039e-06
1.448885,2.28076463e+00,-7.37475156e-02,3.58270349e-01,-4.77936942e-02,2.53510746e-04,3.15225529e-04,3.65104584e-06,1.51377055e+00,1.28013300e-06
1.449432,2.28761169e+00,-6.98891215e-02,3.59029073e-01,-4.76826467e-02,2.58880331e-04,3.05847128e-04,1.82291514e-06,1.53482239e+00,1.38682076e-06
1.449979,2.29439862e+00,-6.68295017e-02,3.61356685e-01,-4.62686993e-02,2.61147665e-04,3.00141995e-04,1.45356155e-05,1.55421830e+00,1.49168634e-06
1.450526,2.30111456e+00,-6.32454426e-02,3.63622737e-01,-4.72554746e-02,2.69458548e-04,2.92118945e-04,3.46262325e-06,1.57481475e+00,1.59094117e-06
1.451073,2.30774897e+00,-6.09794431e-02,3.68066317e-01,-4.67954639e-02,2.70303597e-04,2.89170850e-04,9.91179312e-06,1.59417756e+00,1.68923408e-06
1.451620,2.31429168e+00,-5.56320046e-02,3.66015609e-01,-4.62801100e-02,2.83895223e-04,2.75481005e-04,8.50343263e-06,1.61922839e+00,1.78086862e-06
1.452167,2.32073302e+00,-5.39784809e-02,3.71956141e-01,-4.67906749e-02,2.82114610e-04,2.74576664e-04,7.20337728e-06,1.63511767e+00,1.88090507e-06
1.452713,2.32706386e+00,-4.97535279e-02,3.72252438e-01,-4.58735710e-02,2.91330401e-04,2.65271756e-04,1.29474595e-05,1.66402756e+00,1.96849058e-06
1.453260,2.33327561e+00,-4.62950240e-02,3.73860338e-01,-4.58115198e-02,2.96044877e-04,2.58000709e-04,1.16420661e-05,1.68511468e+00,2.06547307e-06
1.453807,2.33936035e+00,-4.38944270e-02,3.77896376e-01,-4.60874971e-02,2.96212631e-04,2.54732933e-04,1.01688896e-05,1.71075733e+00,2.15976645e-06
1.454354,2.34531079e+00,-3.92017182e-02,3.77155697e-01,-4.54646725e-02,3.08301782e-04,2.43739500e-04,1.20990302e-05,1.74025635e+00,2.25370081e-06
1.454901,2.35112033e+00,-3.65675251e-02,3.80931065e-01,-4.53255043e-02,3.09449558e-04,2.40569145e-04,1.43500341e-05,1.76157733e+00,2.35792975e-06
1.455448,2.35678305e+00,-3.31511824e-02,3.82685928e-01,-4.46767866e-02,3.14152133e-04,2.34492765e-04,1.90046917e-05,1.79151167e+00,2.45976834e-06
1.455995,2.36229370e+00,-2.90428909e-02,3.82860528e-01,-4.41364060e-02,3.22482879e-04,2.25714006e-04,2.05831510e-05,1.81941349e+00,2.56743224e-06
1.456542,2.36764776e+00,-2.43608267e-02,3.81520949e-01,-4.40885661e-02,3.33345234e-04,2.14352923e-04,1.59030620e-05,1.84558572e+00,2.68094215e-06
1.457089,2.37284143e+00,-2.29146810e-02,3.89621747e-01,-4.36708572e-02,3.29242216e-04,2.18945608e-04,2.53766376e-05,1.87004847e+00,2.79945587e-06
1.457636,2.37787133e+00,-1.77707866e-02,3.89972377e-01,-4.34423538e-02,3.48535692e-04,2.08130197e-04,2.41901941e-05,1.90357424e+00,2.92161755e-06
1.458183,2.38273458e+00,-1.45165435e-02,3.92909961e-01,-4.37092925e-02,3.51664358e-04,2.04277568e-04,2.09538373e-05,1.92413872e+00,3.05818768e-06
1.458730,2.38742896e+00,-1.09065131e-02,3.94877620e-01,-4.33850249e-02,3.56678205e-04,1.99262747e-04,2.26750715e-05,1.95654754e+00,3.19196404e-06
1.459277,2.39195292e+00,-7.56806688e-03,3.97405163e-01,-4.28404385e-02,3.59565759e-04,1.95802665e-04,2.68551905e-05,1.98820968e+00,3.33206982e-06
1.459824,2.39630540e+00,-4.15185189e-03,4.00371710e-01,-4.34102055e-02,3.63887198e-04,1.92131209e-04,2.06285592e-05,2.02132737e+00,3.47729727e-06
1.460371,2.40048582e+00,-2.59240173e-04,4.01832350e-01,-4.30657301e-02,3.70542399e-04,1.86562025e-04,2.22736835e-05,2.05489801e+00,3.62910817e-06
1.460918,2.40449410e+00,3.74602188e-03,4.02688515e-01,-4.20436427e-02,3.77098179e-04,1.80778568e-04,2.95498867e-05,2.08739365e+00,3.78633711e-06
1.461465,2.40833071e+00,7.49283070e-03,4.04179025e-01,-4.13227215e-02,3.81493161e-04,1.76484291e-04,3.38688813e-05,2.11929804e+00,3.94802876e-06
1.462012,2.41199658e+00,1.13996195e-02,4.06389393e-01,-4.17934474e-02,3.88181006e-04,1.72043073e-04,2.73902459e-05,2.15375262e+00,4.11384828e-06
1.462559,2.41549293e+00,1.49085397e-02,4.09343918e-01,-4.14998252e-02,3.91084738e-04,1.70332199e-04,2.94792699e-05,2.18828753e+00,4.28611276e-06
1.463106,2.41882120e+00,1.95367800e-02,4.09639574e-01,-4.12863805e-02,4.02448425e-04,1.62551632e-04,2.82803551e-05,2.22557985e+00,4.46167577e-06
1.463653,2.42198334e+00,2.44370782e-02,4.07789873e-01,-4.08654042e-02,4.13716482e-04,1.52387274e-04,2.71839484e-05,2.25795695e+00,4.64108084e-06
1.464200,2.42498203e+00,2.72037135e-02,4.15377682e-01,-4.04308649e-02,4.10645423e-04,1.59773239e-04,3.49486591e-05,2.28954540e+00,4.81936562e-06
1.464746,2.42781957e+00,3.16605155e-02,4.18668968e-01,-4.13248540e-02,4.21352441e-04,1.55950162e-04,2.56958413e-05,2.32987909e+00,5.01068121e-06
1.465293,2.43049793e+00,3.52255218e-02,4.21758939e-01,-4.17796094e-02,4.21887780e-04,1.56300549e-04,2.09779727e-05,2.36553386e+00,5.20278511e-06
1.465840,2.43301975e+00,3.97511075e-02,4.23580763e-01,-4.05012520e-02,4.31324314e-04,1.52379148e-04,3.23184880e-05,2.40733182e+00,5.39053162e-06
1.466387,2.43538809e+00,4.42008936e-02,4.24782409e-01,-4.02388493e-02,4.38828663e-04,1.48247231e-04,3.21850859e-05,2.44265213e+00,5.58206278e-06
1.466934,2.43760643e+00,4.92184349e-02,4.23710141e-01,-3.88883142e-02,4.50461017e-04,1.39973091e-04,4.06373707e-05,2.48226824e+00,5.77137121e-06
1.467481,2.43967884e+00,5.35160935e-02,4.26937101e-01,-3.89602438e-02,4.55472587e-04,1.40085545e-04,3.83772928e-05,2.51649500e+00,5.95767557e-06
1.468028,2.44160921e+00,5.84762320e-02,4.27133125e-01,-3.88973198e-02,4.65756266e-04,1.33919306e-04,3.52420492e-05,2.56005722e+00,6.15133799e-06
1.468575,2.44340139e+00,6.29771016e-02,4.29586925e-01,-3.82197763e-02,4.71058099e-04,1.33632128e-04,4.00424319e-05,2.59943339e+00,6.33881650e-06
1.469122,2.44505942e+00,6.73483406e-02,4.32174283e-01,-3.79876640e-02,4.74598943e-04,1.34423165e-04,4.00942555e-05,2.64353961e+00,6.52974916e-06
1.469669,2.44658703e+00,7.19383919e-02,4.34238976e-01,-3.83329908e-02,4.79925412e-04,1.33726434e-04,3.43213377e-05,2.69028349e+00,6.71890779e-06
1.470216,2.44798799e+00,7.73240475e-02,4.33931562e-01,-3.74158885e-02,4.92701775e-04,1.26491421e-04,3.95421136e-05,2.73661534e+00,6.90548747e-06
1.470763,2.44926677e+00,8.20907660e-02,4.37803049e-01,-3.76334454e-02,4.97676390e-04,1.29255441e-04,3.65385774e-05,2.77581876e+00,7.08607023e-06
1.471310,2.45042744e+00,8.71206725e-02,4.39033007e-01,-3.71888393e-02,5.05266116e-04,1.27084727e-04,3.80869470e-05,2.82567457e+00,7.27526847e-06
1.471857,2.45147374e+00,9.21744704e-02,4.39423134e-01,-3.59152644e-02,5.12722428e-04,1.24276537e-04,4.66435185e-05,2.87319480e+00,7.45402816e-06
1.472404,2.45241012e+00,9.71150495e-02,4.43726426e-01,-3.60543612e-02,5.16899445e-04,1.29052034e-04,4.38822107e-05,2.91893525e+00,7.62718300e-06
1.472951,2.45324027e+00,1.02034382e-01,4.46026449e-01,-3.54647439e-02,5.21322800e-04,1.30935085e-04,4.67487143e-05,2.97296686e+00,7.81071253e-06
1.473498,2.45396735e+00,1.07596807e-01,4.48247230e-01,-3.67076248e-02,5.31350437e-04,1.29423571e-04,3.21337015e-05,3.02651968e+00,7.98350232e-06
1.474045,2.45459493e+00,1.14021146e-01,4.54428708e-01,-3.48926880e-02,5.46052854e-04,1.31660735e-04,5.15055887e-05,3.07258447e+00,8.15391182e-06
1.474592,2.45512577e+00,1.19983008e-01,4.58824758e-01,-3.52431100e-02,5.55879877e-04,1.33986126e-04,4.64127483e-05,3.11322622e+00,8.33932611e-06
1.475139,2.45556199e+00,1.25415453e-01,4.62911970e-01,-3.46935004e-02,5.60113772e-04,1.39889253e-04,4.99061428e-05,3.16807173e+00,8.51214895e-06
1.475686,2.45590572e+00,1.31122622e-01,4.65284435e-01,-3.48958417e-02,5.67842568e-04,1.40981281e-04,4.47198162e-05,3.22779860e+00,8.67849684e-06
1.476233,2.45615943e+00,1.36940070e-01,4.67029000e-01,-3.38504241e-02,5.76454896e-04,1.40856957e-04,5.15546821e-05,3.28487673e+00,8.83326270e-06
1.476779,2.45632611e+00,1.42634047e-01,4.63828608e-01,-3.29665620e-02,5.87966367e-04,1.30847397e-04,5.27465468e-05,3.33973793e+00,8.98084119e-06
1.477326,2.45641024e+00,1.49256505e-01,4.71769741e-01,-3.38285755e-02,5.95261781e-04,1.42807549e-04,4.49181024e-05,3.38361420e+00,9.10023989e-06
1.477873,2.45641423e+00,1.55460762e-01,4.72045915e-01,-3.32562911e-02,6.06345173e-04,1.38599705e-04,4.63881477e-05,3.44967063e+00,9.26970109e-06
1.478420,2.45633937e+00,1.62532627e-01,4.83212323e-01,-3.33149804e-02,6.11394428e-04,1.58323168e-04,4.86448641e-05,3.50241758e+00,9.39530928e-06
1.478967,2.45618567e+00,1.69224620e-01,4.83772515e-01,-3.23809445e-02,6.25367690e-04,1.52290534e-04,5.34340519e-05,3.57545852e+00,9.57260217e-06
1.479514,2.45595301e+00,1.74630924e-01,4.79731079e-01,-3.16024640e-02,6.33063422e-04,1.43866771e-04,5.28251113e-05,3.62315432e+00,9.68753996e-06
1.480061,2.45564573e+00,1.81229672e-01,4.82801852e-01,-3.12807826e-02,6.40919565e-04,1.48593733e-04,5.26680065e-05,3.67249633e+00,9.77163675e-06
1.480608,2.45526693e+00,1.87785241e-01,4.85400759e-01,-3.11176750e-02,6.48242087e-04,1.52561413e-04,5.06373038e-05,3.73939621e+00,9.89028139e-06
1.481155,2.45481738e+00,1.94052190e-01,4.85221678e-01,-3.01860864e-02,6.56618772e-04,1.50599335e-04,5.44479878e-05,3.80697588e+00,1.00002168e-05
1.481702,2.45429875e+00,2.01858488e-01,4.92796461e-01,-3.03359797e-02,6.65280933e-04,1.63640512e-04,5.22996071e-05,3.86466170e+00,1.00873871e-05
1.482249,2.45371082e+00,2.08549413e-01,4.94226758e-01,-2.89016297e-02,6.73504265e-04,1.64547758e-04,6.16719299e-05,3.94254374e+00,1.02155939e-05
1.482796,2.45305266e+00,2.15343830e-01,4.94021971e-01,-2.91511027e-02,6.84652045e-04,1.60688879e-04,5.32234542e-05,4.00149722e+00,1.02989263e-05
1.483343,2.45232591e+00,2.21719984e-01,4.93141824e-01,-2.77061692e-02,6.92651946e-04,1.58134379e-04,6.13178375e-05,4.05022098e+00,1.03654118e-05
1.483890,2.45153277e+00,2.30091794e-01,4.99574158e-01,-2.78039465e-02,7.03270275e-04,1.68565354e-04,5.81102916e-05,4.10162802e+00,1.04214977e-05
1.484437,2.45067277e+00,2.36235154e-01,4.97505692e-01,-2.77443925e-02,7.10384711e-04,1.64135734e-04,5.17858213e-05,4.17731112e+00,1.05191239e-05
1.484984,2.44974565e+00,2.43840498e-01,5.00041082e-01,-2.57433545e-02,7.20102809e-04,1.67260886e-04,6.73195030e-05,4.22698440e+00,1.05533487e-05
1.485531,2.44875242e+00,2.50471837e-01,4.99822253e-01,-2.49424518e-02,7.26620951e-04,1.67577789e-04,6.80236984e-05,4.27544369e+00,1.06114513e-05
1.486078,2.44769322e+00,2.58992430e-01,5.05329179e-01,-2.45128515e-02,7.36155330e-04,1.77830442e-04,6.83988996e-05,4.33387964e+00,1.06448120e-05
1.486625,2.44656674e+00,2.66467026e-01,5.07163906e-01,-2.45130608e-02,7.44120463e-04,1.81243675e-04,6.26027840e-05,4.40929060e+00,1.07111133e-05
1.487172,2.44537072e+00,2.69060783e-01,4.94937324e-01,-2.29540487e-02,7.43445210e-04,1.61552174e-04,6.47893077e-05,4.47071466e+00,1.07441418e-05
1.487719,2.44410949e+00,2.78626196e-01,5.01783820e-01,-2.23821484e-02,7.55716924e-04,1.73892949e-04,6.74932427e-05,4.46715859e+00,1.06697427e-05
1.488266,2.44278531e+00,2.83825413e-01,4.97239820e-01,-2.07869550e-02,7.58438819e-04,1.67385601e-04,7.36719966e-05,4.53889257e+00,1.07271468e-05
1.488813,2.44139737e+00,2.89548965e-01,4.94022854e-01,-2.04444627e-02,7.62475313e-04,1.64264810e-04,6.80258071e-05,4.56752439e+00,1.06942855e-05
1.489359,2.43994847e+00,3.00943912e-01,5.04394112e-01,-2.04183896e-02,7.77163077e-04,1.82365606e-04,6.67816495e-05,4.60295541e+00,1.06654083e-05
1.489906,2.43843541e+00,3.05917815e-01,4.98935627e-01,-1.99660502e-02,7.79953838e-04,1.73172731e-04,6.19710711e-05,4.68399621e+00,1.07308126e-05
1.490453,2.43685586e+00,3.11335016e-01,4.95493547e-01,-1.83159166e-02,7.81664979e-04,1.71158612e-04,6.99259343e-05,4.69446777e+00,1.06686446e-05
1.491000,2.43521283e+00,3.22362920e-01,5.03323338e-01,-1.86866762e-02,7.96340773e-04,1.83879330e-04,6.31999345e-05,4.72055905e+00,1.06170142e-05
1.491547,2.43350386e+00,3.27530349e-01,4.98831796e-01,-1.69594924e-02,7.97981641e-04,1.77430120e-04,7.15005459e-05,4.78074452e+00,1.06441847e-05
1.492094,2.43172696e+00,3.31412697e-01,4.92171198e-01,-1.65817195e-02,7.96726189e-04,1.70632012e-04,6.50368055e-05,4.78354069e+00,1.05688030e-05
1.492641,2.42988574e+00,3.34643511e-01,4.84827578e-01,-1.50880728e-02,7.93063045e-04,1.64153615e-04,6.96915717e-05,4.78788045e+00,1.04724580e-05
1.493188,2.42798471e+00,3.35232042e-01,4.72936460e-01,-1.38763001e-02,7.83688917e-04,1.52152728e-04,6.92697489e-05,4.78969182e+00,1.03658002e-05
1.493735,2.42603027e+00,3.40313453e-01,4.69638922e-01,-1.23795454e-02,7.83533152e-04,1.52665211e-04,7.53727273e-05,4.77328904e+00,1.02191964e-05
1.494282,2.42402704e+00,3.52352200e-01,4.78328898e-01,-1.21438412e-02,7.98255140e-04,1.68137572e-04,7.37436915e-05,4.78772045e+00,1.01355402e-05
1.494829,2.42197122e+00,3.52901746e-01,4.66661620e-01,-1.10098147e-02,7.89601638e-04,1.52792398e-04,7.29272676e-05,4.84245012e+00,1.01401481e-05
1.495376,2.41986254e+00,3.59271033e-01,4.65790072e-01,-9.24295187e-03,7.91569998e-04,1.56902404e-04,8.23089321e-05,4.79503193e+00,9.97502922e-06
1.495923,2.41770453e+00,3.62292605e-01,4.59033550e-01,-8.56071061e-03,7.87696812e-04,1.50521650e-04,7.83282079e-05,4.80547965e+00,9.89395016e-06
1.496470,2.41549857e+00,3.63219739e-01,4.49612001e-01,-8.28654598e-03,7.78816391e-04,1.43324317e-04,7.00229632e-05,4.78435756e+00,9.75964954e-06
1.497017,2.41324933e+00,3.63908610e-01,4.40153909e-01,-7.03981724e-03,7.69396781e-04,1.35883548e-04,7.19709981e-05,4.75988486e+00,9.60154979e-06
1.497564,2.41096245e+00,3.62419948e-01,4.27760418e-01,-6.28450578e-03,7.55818002e-04,1.24955246e-04,6.81463174e-05,4.72931317e+00,9.43912213e-06
1.498111,2.40864465e+00,3.68705183e-01,4.27143218e-01,-4.77438548e-03,7.57715538e-04,1.29370266e-04,7.58253811e-05,4.68475270e+00,9.25028022e-06
1.498658,2.40629896e+00,3.67854114e-01,4.15812172e-01,-4.59766785e-03,7.46686196e-04,1.16821192e-04,6.68557035e-05,4.68203876e+00,9.15327226e-06
1.499205,2.40392795e+00,3.65404317e-01,4.03309071e-01,-3.21858988e-03,7.30974310e-04,1.06783034e-04,7.00560104e-05,4.61777682e+00,8.96407895e-06
1.499752,2.40153889e+00,3.62858884e-01,3.90804563e-01,-3.12461563e-03,7.16384581e-04,9.60060066e-05,6.08467286e-05,4.56628264e+00,8.76546255e-06
1.500299,2.39913927e+00,3.73952228e-01,3.96732369e-01,-1.67441583e-03,7.28083551e-04,1.07749437e-04,7.05500238e-05,4.50792960e+00,8.56485223e-06
1.500846,2.39672899e+00,3.67721778e-01,3.79908938e-01,-4.53618895e-04,7.05833716e-04,8.88571411e-05,7.13055361e-05,4.51514619e+00,8.51055721e-06
1.501392,2.39430980e+00,3.61647885e-01,3.64431414e-01,6.20235174e-04,6.83668963e-04,7.70731084e-05,7.11330951e-05,4.42191659e+00,8.26680946e-06
1.501939,2.39189187e+00,3.65491722e-01,3.61253618e-01,5.08532704e-04,6.82134167e-04,7.83885256e-05,6.26812099e-05,4.35991085e+00,8.03703860e-06
1.502486,2.38947949e+00,3.69995296e-01,3.59025900e-01,2.01278431e-03,6.80624484e-04,7.93881727e-05,7.07414126e-05,4.33761783e+00,7.90492964e-06
1.503033,2.38707167e+00,3.67771493e-01,3.48841501e-01,2.59668486e-03,6.66967423e-04,7.06182960e-05,6.76766594e-05,4.31000793e+00,7.77684289e-06
1.503580,2.38467024e+00,3.62597065e-01,3.35775981e-01,3.26224212e-03,6.47787191e-04,6.02389994e-05,6.54178307e-05,4.25354312e+00,7.58214450e-06
1.504127,2.38228123e+00,3.64972074e-01,3.31669089e-01,4.10906129e-03,6.42877995e-04,6.08618247e-05,6.67067980e-05,4.19126560e+00,7.36475912e-06
1.504674,2.37990804e+00,3.56418043e-01,3.15474944e-01,5.30901526e-03,6.17787404e-04,4.53518924e-05,6.95968151e-05,4.16581755e+00,7.21940210e-06
1.505221,2.37755523e+00,3.60727128e-01,3.13649320e-01,5.40046714e-03,6.17549133e-04,4.82338646e-05,6.36886808e-05,4.07949573e+00,6.97478788e-06
1.505768,2.37522634e+00,3.55347866e-01,3.01537463e-01,6.19743532e-03,5.99014302e-04,3.70167351e-05,6.40700073e-05,4.05991876e+00,6.84681603e-06
1.506315,2.37292315e+00,3.59614808e-01,3.00020659e-01,6.89346422e-03,5.98023279e-04,4.05524195e-05,6.45400178e-05,3.99212132e+00,6.63418721e-06
1.506862,2.37064729e+00,3.47247214e-01,2.81152307e-01,7.06233584e-03,5.68304840e-04,2.01088760e-05,5.87427526e-05,3.97663546e+00,6.50772155e-06
1.507409,2.36840291e+00,3.43778824e-01,2.72291906e-01,8.63370537e-03,5.53507014e-04,1.60216966e-05,6.77492386e-05,3.87165764e+00,6.24017784e-06
1.507956,2.36619685e+00,3.43030849e-01,2.66013890e-01,8.96937355e-03,5.44626090e-04,1.25747529e-05,6.42625510e-05,3.82439761e+00,6.05741329e-06
1.508503,2.36403082e+00,3.33850403e-01,2.51813425e-01,9.21313453e-03,5.21215020e-04,-3.57100906e-07,6.02928525e-05,3.78794209e+00,5.89412606e-06
1.509050,2.36190847e+00,3.39391451e-01,2.52131091e-01,1.10686955e-02,5.22405874e-04,5.30406328e-06,7.22980892e-05,3.71816399e+00,5.66894700e-06
1.509597,2.35983083e+00,3.41337339e-01,2.48590770e-01,1.10400630e-02,5.18916128e-04,2.65754275e-06,6.51434890e-05,3.70357706e+00,5.56000274e-06
1.510144,2.35779490e+00,3.34421990e-01,2.37400552e-01,1.07233145e-02,5.00184777e-04,-6.56041177e-06,5.64433255e-05,3.67214482e+00,5.41727918e-06
1.510691,2.35580199e+00,3.32544222e-01,2.31086529e-01,1.12844804e-02,4.89810677e-04,-9.36286942e-06,5.68734774e-05,3.61964875e+00,5.21704287e-06
1.511238,2.35385431e+00,3.33920179e-01,2.27765113e-01,1.17833204e-02,4.84852484e-04,-9.14122571e-06,5.64657816e-05,3.58940275e+00,5.05647390e-06
1.511785,2.35195106e+00,3.29621580e-01,2.19613935e-01,1.24463753e-02,4.70584950e-04,-1.55157826e-05,5.81949651e-05,3.57144865e+00,4.91935998e-06
1.512332,2.35009216e+00,3.19276758e-01,2.06616931e-01,1.27029291e-02,4.47148538e-04,-2.69639954e-05,5.66091364e-05,3.53081219e+00,4.74500197e-06
1.512879,2.34828096e+00,3.17367871e-01,2.00977935e-01,1.30601250e-02,4.37705995e-04,-2.88790125e-05,5.53751770e-05,3.47252167e+00,4.53597969e-06
1.513426,2.34651969e+00,3.12648930e-01,1.93038005e-01,1.29819240e-02,4.24192623e-04,-3.51665137e-05,5.05673487e-05,3.44965590e+00,4.38587015e-06
1.513972,2.34480866e+00,3.08601767e-01,1.85960229e-01,1.36397982e-02,4.11361326e-04,-3.97280225e-05,5.32544135e-05,3.41394563e+00,4.21864553e-06
1.514519,2.34314865e+00,3.26030541e-01,1.95915021e-01,1.44298455e-02,4.32114965e-04,-2.31734532e-05,5.35002703e-05,3.38352073e+00,4.06030604e-06
1.515066,2.34153418e+00,3.12720771e-01,1.80907040e-01,1.48728229e-02,4.06185507e-04,-4.67410325e-05,5.57550193e-05,3.41852607e+00,4.02994282e-06
1.515613,2.33996283e+00,3.16415742e-01,1.80059541e-01,1.54045532e-02,4.05999630e-04,-4.30405463e-05,5.55348477e-05,3.31509326e+00,3.80592494e-06
1.516160,2.33843597e+00,3.09345279e-01,1.71003791e-01,1.55944671e-02,3.89432704e-04,-5.24772019e-05,5.43068691e-05,3.31616835e+00,3.69689882e-06
1.516707,2.33695259e+00,3.20035165e-01,1.75213266e-01,1.57308389e-02,4.00087978e-04,-4.35498887e-05,4.89294831e-05,3.27642223e+00,3.52688624e-06
1.517254,2.33551003e+00,3.16456497e-01,1.68933233e-01,1.57852522e-02,3.88894904e-04,-5.03750414e-05,4.65602492e-05,3.29593210e+00,3.45620556e-06
1.517801,2.33410479e+00,3.18500055e-01,1.67044767e-01,1.64177325e-02,3.85766203e-04,-4.88440556e-05,4.85656095e-05,3.26954859e+00,3.30795425e-06
1.518348,2.33273545e+00,3.04489274e-01,1.53842350e-01,1.65961978e-02,3.59594148e-04,-6.42359091e-05,5.02064384e-05,3.26945776e+00,3.19503074e-06
1.518895,2.33140282e+00,3.11489822e-01,1.55331210e-01,1.70943452e-02,3.64546005e-04,-5.85720115e-05,4.91857779e-05,3.20844785e+00,3.00160615e-06
1.519442,2.33010656e+00,3.10686913e-01,1.51620989e-01,1.82297404e-02,3.56966305e-04,-6.09227901e-05,5.64918250e-05,3.22302830e+00,2.91653148e-06
1.519989,2.32884328e+00,2.97551765e-01,1.39742901e-01,1.79491484e-02,3.33293018e-04,-7.44213547e-05,5.32985898e-05,3.21234136e+00,2.79541318e-06
1.520536,2.32761383e+00,3.01502365e-01,1.39295381e-01,1.85850075e-02,3.33745419e-04,-7.09871606e-05,5.40357945e-05,3.16384729e+00,2.61899324e-06
1.521083,2.32641792e+00,3.08029859e-01,1.40436726e-01,1.84365695e-02,3.38033679e-04,-6.62211347e-05,4.63791716e-05,3.17498983e+00,2.52608031e-06
1.521630,2.32525128e+00,2.98373499e-01,1.31084225e-01,1.87556872e-02,3.19435449e-04,-7.95899756e-05,4.93640665e-05,3.19264945e+00,2.44415157e-06
1.522177,2.32411250e+00,3.07015058e-01,1.33361768e-01,1.91174931e-02,3.26694507e-04,-7.36555959e-05,4.61361579e-05,3.14842435e+00,2.28975833e-06
1.522724,2.32299990e+00,3.00573056e-01,1.26339133e-01,1.96418588e-02,3.12483021e-04,-8.32660669e-05,5.01558577e-05,3.17127081e+00,2.21839292e-06
1.523271,2.32191109e+00,3.05092279e-01,1.26152247e-01,1.99321660e-02,3.13864423e-04,-8.03405769e-05,4.75192385e-05,3.14422412e+00,2.08490793e-06
1.523818,2.32084444e+00,3.02266322e-01,1.21621766e-01,2.00251259e-02,3.05116543e-04,-8.48158252e-05,4.60926974e-05,3.16075023e+00,2.00076384e-06
1.524365,2.31979757e+00,2.99126522e-01,1.17106081e-01,2.00577743e-02,2.96165599e-04,-8.80959223e-05,4.43735272e-05,3.15562148e+00,1.88906808e-06
1.524912,2.31876935e+00,2.98182602e-01,1.14002003e-01,2.10457096e-02,2.89395963e-04,-8.90854896e-05,5.10111606e-05,3.15411972e+00,1.78072899e-06
1.525459,2.31775820e+00,3.00933801e-01,1.12954654e-01,2.16124141e-02,2.88063721e-04,-8.72273601e-05,5.14405975e-05,3.15776284e+00,1.68471156e-06
1.526005,2.31676166e+00,3.01185635e-01,1.10416574e-01,2.14721045e-02,2.84059734e-04,-8.87850379e-05,4.62411252e-05,3.17492972e+00,1.60310126e-06
1.526552,2.31577717e+00,2.94145345e-01,1.04056255e-01,2.19793397e-02,2.69867930e-04,-9.64474495e-05,5.09053366e-05,3.18344577e+00,1.51247060e-06
1.527099,2.31480364e+00,3.02634297e-01,1.05937025e-01,2.26438754e-02,2.76297435e-04,-9.07395513e-05,4.96417606e-05,3.16772847e+00,1.40136595e-06
1.527646,2.31383886e+00,2.99567115e-01,1.01677729e-01,2.28355570e-02,2.67701781e-04,-9.65412891e-05,4.93156229e-05,3.19926061e+00,1.34308498e-06
1.528193,2.31288011e+00,2.90783588e-01,9.47889331e-02,2.22659690e-02,2.52630146e-04,-1.04289693e-04,4.45007350e-05,3.19696139e+00,1.24812737e-06
1.528740,2.31192690e+00,2.93241635e-01,9.35900912e-02,2.20180593e-02,2.52046730e-04,-1.02671516e-04,3.78932987e-05,3.18491493e+00,1.14171016e-06
1.529287,2.31097785e+00,2.93182895e-01,9.11325093e-02,2.25340336e-02,2.47242356e-04,-1.04364336e-04,4.03784194e-05,3.20627783e+00,1.07166029e-06
1.529834,2.31003059e+00,2.86494485e-01,8.54935846e-02,2.23000917e-02,2.34822257e-04,-1.11416653e-04,3.87705607e-05,3.21896746e+00,9.97002919e-07
1.530381,2.30908380e+00,3.00609092e-01,8.97844969e-02,2.37746334e-02,2.47429288e-04,-1.01292255e-04,4.29587942e-05,3.21329959e+00,9.06762579e-07
1.530928,2.30813470e+00,3.00251389e-01,8.71031066e-02,2.40613426e-02,2.42384137e-04,-1.05277045e-04,4.29076058e-05,3.25956684e+00,8.75321177e-07
1.531475,2.30717992e+00,2.91450577e-01,8.07437365e-02,2.33240505e-02,2.27984519e-04,-1.13930599e-04,3.76683341e-05,3.27037348e+00,8.05379167e-07
1.532022,2.30621851e+00,2.88280712e-01,7.71773637e-02,2.37792943e-02,2.19699707e-04,-1.16293536e-04,4.12432739e-05,3.26058519e+00,7.19842249e-07
1.532569,2.30524962e+00,2.90618626e-01,7.58956456e-02,2.38296970e-02,2.18782590e-04,-1.15883188e-04,3.75817555e-05,3.27218449e+00,6.56009465e-07
1.533116,2.30427129e+00,2.93987059e-01,7.52119596e-02,2.52894381e-02,2.17562713e-04,-1.13990369e-04,4.70512610e-05,3.29777717e+00,6.04899895e-07
1.533663,2.30328105e+00,2.90866957e-01,7.13126427e-02,2.48465856e-02,2.10288143e-04,-1.21353128e-04,4.11973671e-05,3.32299799e+00,5.63493815e-07
1.534210,2.30227702e+00,2.98506771e-01,7.22784212e-02,2.60512229e-02,2.14731637e-04,-1.16557970e-04,4.54019212e-05,3.32588105e+00,5.06928331e-07
1.534757,2.30125705e+00,2.94250192e-01,6.78485757e-02,2.54583184e-02,2.06096270e-04,-1.26293990e-04,3.90656756e-05,3.36509130e+00,4.79266983e-07
1.535304,2.30021915e+00,2.94035346e-01,6.56213121e-02,2.61828257e-02,2.01352627e-04,-1.27156805e-04,4.34632452e-05,3.36165600e+00,4.32369826e-07
1.535851,2.29916191e+00,3.01378912e-01,6.62319840e-02,2.63013379e-02,2.06527341e-04,-1.23230632e-04,3.70862275e-05,3.38428894e+00,4.05723988e-07
1.536398,2.29808300e+00,3.03827274e-01,6.50627954e-02,2.68919251e-02,2.04975218e-04,-1.22526060e-04,3.88156555e-05,3.42480156e+00,3.88140583e-07
1.536945,2.29697995e+00,2.96132586e-01,5.97114815e-02,2.62300610e-02,1.92341058e-04,-1.33105352e-04,3.47591163e-05,3.45685816e+00,3.75071146e-07
1.537492,2.29585143e+00,2.94051102e-01,5.69366036e-02,2.68678728e-02,1.85560114e-04,-1.34622596e-04,3.98860183e-05,3.44981331e+00,3.63623678e-07
1.538038,2.29469634e+00,2.99285466e-01,5.67102226e-02,2.73095882e-02,1.87877863e-04,-1.31670111e-04,3.79432645e-05,3.47154050e+00,3.67738934e-07
1.538585,2.29351273e+00,2.97278704e-01,5.37063481e-02,2.72272191e-02,1.81722962e-04,-1.36537958e-04,3.59331304e-05,3.51273135e+00,3.74667296e-07
1.539132,2.29229873e+00,2.98688476e-01,5.21642764e-02,2.79738275e-02,1.79048881e-04,-1.36163479e-04,3.97029725e-05,3.53113585e+00,3.89466958e-07
1.539679,2.29105270e+00,2.97092189e-01,4.95368198e-02,2.83132436e-02,1.73191949e-04,-1.38893851e-04,4.11968502e-05,3.56394748e+00,4.08532569e-07
1.540226,2.28977301e+00,3.01989562e-01,4.91038124e-02,2.86522666e-02,1.75288419e-04,-1.36275357e-04,3.82104950e-05,3.58864373e+00,4.32386523e-07
1.540773,2.28845786e+00,3.00198614e-01,4.62910230e-02,2.82577267e-02,1.69878889e-04,-1.40799886e-04,3.31310895e-05,3.63197025e+00,4.52201579e-07
1.541320,2.28710554e+00,3.00237394e-01,4.42403753e-02,2.96606799e-02,1.64699724e-04,-1.42635452e-04,4.42256448e-05,3.65419938e+00,4.79910776e-07
1.541867,2.28571464e+00,3.00340874e-01,4.19079672e-02,2.94390137e-02,1.61421131e-04,-1.46945762e-04,3.87565967e-05,3.67650759e+00,5.11292483e-07
1.542414,2.28428369e+00,2.96516059e-01,3.86218258e-02,2.98172849e-02,1.52924345e-04,-1.51893450e-04,4.23354648e-05,3.70244029e+00,5.40753063e-07
1.542961,2.28281142e+00,2.99439477e-01,3.75355516e-02,3.06301140e-02,1.52383108e-04,-1.49946730e-04,4.48123815e-05,3.72091591e+00,5.74926038e-07
1.543508,2.28129641e+00,3.02596953e-01,3.62942840e-02,3.03846358e-02,1.53143994e-04,-1.49946075e-04,3.69002081e-05,3.76376459e+00,6.01121532e-07
1.544055,2.27973700e+00,3.03923318e-01,3.47311236e-02,3.04686634e-02,1.51441498e-04,-1.49425399e-04,3.42529523e-05,3.80337641e+00,6.26413502e-07
1.544602,2.27813165e+00,3.00369087e-01,3.15247049e-02,3.05046985e-02,1.43490002e-04,-1.55644764e-04,3.48953860e-05,3.84487803e+00,6.52974132e-07
1.545149,2.27647915e+00,3.00573543e-01,2.96933756e-02,3.13762401e-02,1.39648937e-04,-1.55528983e-04,4.05450596e-05,3.86432107e+00,6.87059310e-07
1.545696,2.27477836e+00,3.01564923e-01,2.81404190e-02,3.21468868e-02,1.37068563e-04,-1.54345690e-04,4.40702501e-05,3.90132582e+00,7.15370988e-07
1.546243,2.27302798e+00,3.05749189e-01,2.71526390e-02,3.21379190e-02,1.38971316e-04,-1.53334367e-04,3.74900195e-05,3.94377945e+00,7.41688664e-07
1.546790,2.27122667e+00,3.07608284e-01,2.54645230e-02,3.35772392e-02,1.35783710e-04,-1.55618048e-04,4.69625607e-05,3.99020072e+00,7.65307235e-07
1.547337,2.26937317e+00,3.03680808e-01,2.17875756e-02,3.26154338e-02,1.28038753e-04,-1.67036469e-04,3.72067033e-05,4.02181739e+00,7.94676479e-07
1.547884,2.26746656e+00,3.03259100e-01,1.96583162e-02,3.30378886e-02,1.24009152e-04,-1.68419311e-04,3.88829295e-05,4.02500738e+00,8.29173014e-07
1.548431,2.26550601e+00,3.09079847e-01,1.90459871e-02,3.34712403e-02,1.27690501e-04,-1.64654783e-04,3.55129943e-05,4.06379713e+00,8.56067852e-07
1.548978,2.26349040e+00,3.10896974e-01,1.74314172e-02,3.48422324e-02,1.24891384e-04,-1.65236185e-04,4.44459932e-05,4.11912274e+00,8.76664526e-07
1.549525,2.26141863e+00,3.15024433e-01,1.56867174e-02,3.44054906e-02,1.26248257e-04,-1.69937520e-04,3.34910114e-05,4.15713130e+00,9.02850264e-07
1.550072,2.25928973e+00,3.21798433e-01,1.51168293e-02,3.57199973e-02,1.29576265e-04,-1.66431442e-04,3.81248887e-05,4.19157710e+00,9.29208978e-07
1.550618,2.25710270e+00,3.20010629e-01,1.24355438e-02,3.61373363e-02,1.23034269e-04,-1.72436610e-04,4.06708740e-05,4.24705684e+00,9.50637447e-07
1.551165,2.25485672e+00,3.15231578e-01,9.08739468e-03,3.46908175e-02,1.15546563e-04,-1.80468568e-04,2.79210779e-05,4.27510438e+00,9.79644853e-07
1.551712,2.25255133e+00,3.29581811e-01,9.48811390e-03,3.68938893e-02,1.26187385e-04,-1.74869620e-04,3.48791543e-05,4.28786835e+00,1.00810274e-06
1.552259,2.25018574e+00,3.28836062e-01,7.44272595e-03,3.78008173e-02,1.21184527e-04,-1.75760411e-04,4.15590154e-05,4.34839866e+00,1.02776776e-06
1.552806,2.24775909e+00,3.25422090e-01,4.40846233e-03,3.74791319e-02,1.13621307e-04,-1.83345403e-04,3.81856091e-05,4.38850942e+00,1.05215838e-06
1.553353,2.24527105e+00,3.24886080e-01,2.25134552e-03,3.78282247e-02,1.09678441e-04,-1.84911860e-04,3.91131127e-05,4.41289039e+00,1.08029420e-06
1.553900,2.24272135e+00,3.27215321e-01,7.26752272e-04,3.87760228e-02,1.08830778e-04,-1.83178442e-04,4.30970402e-05,4.45757017e+00,1.10404323e-06
1.554447,2.24010959e+00,3.29278744e-01,-1.41447440e-03,3.83788711e-02,1.08115629e-04,-1.87246618e-04,3.41510924e-05,4.51061988e+00,1.12552686e-06
1.554994,2.23743541e+00,3.26369884e-01,-4.06435866e-03,3.81550730e-02,1.01707449e-04,-1.91666224e-04,3.21499396e-05,4.55137833e+00,1.14999668e-06
1.555541,2.23469861e+00,3.31488805e-01,-5.30165213e-03,3.95116245e-02,1.03602470e-04,-1.88687372e-04,3.80887160e-05,4.58782008e+00,1.17467021e-06
1.556088,2.23189901e+00,3.29688792e-01,-8.44944329e-03,3.94203330e-02,9.63783740e-05,-1.99332419e-04,3.56772552e-05,4.64474330e+00,1.19542698e-06
1.556635,2.22903645e+00,3.37245756e-01,-9.66800164e-03,4.05594430e-02,1.01178254e-04,-1.96660277e-04,3.69225601e-05,4.66369971e+00,1.22449513e-06
1.557182,2.22611076e+00,3.39648272e-01,-1.10999683e-02,4.10494842e-02,1.01937561e-04,-1.92770460e-04,3.67085483e-05,4.72648074e+00,1.24549613e-06
1.557729,2.22312171e+00,3.39188395e-01,-1.35261135e-02,4.15215353e-02,9.70604491e-05,-1.97361871e-04,3.87206936e-05,4.78846349e+00,1.26431144e-06
1.558276,2.22006936e+00,3.37628978e-01,-1.58729157e-02,4.17264651e-02,9.20816996e-05,-2.00198805e-04,3.90642406e-05,4.82945588e+00,1.28890606e-06
1.558823,2.21695394e+00,3.35953432e-01,-1.82605297e-02,4.19976828e-02,8.68547169e-05,-2.03312759e-04,4.00773103e-05,4.87468499e+00,1.31165219e-06
1.559370,2.21377576e+00,3.37715093e-01,-2.03665330e-02,4.18714692e-02,8.64387496e-05,-2.04918301e-04,3.40583631e-05,4.91903042e+00,1.33443812e-06
1.559917,2.21053510e+00,3.35786720e-01,-2.31287775e-02,4.24576486e-02,7.91576549e-05,-2.11537493e-04,3.86243745e-05,4.97218391e+00,1.35638913e-06
1.560464,2.20723229e+00,3.40516811e-01,-2.50599150e-02,4.28935697e-02,8.16791563e-05,-2.11528792e-04,3.51055482e-05,5.00235156e+00,1.38161221e-06
1.561011,2.20386763e+00,3.43744187e-01,-2.65800667e-02,4.34125911e-02,8.40793354e-05,-2.07046546e-04,3.43829549e-05,5.06382989e+00,1.40343586e-06
1.561558,2.20044130e+00,3.43524514e-01,-2.91587799e-02,4.38724409e-02,7.91567624e-05,-2.12572255e-04,3.61036379e-05,5.13072253e+00,1.42165724e-06
1.562105,2.19695371e+00,3.43282680e-01,-3.12057612e-02,4.48660763e-02,7.56303688e-05,-2.12456863e-04,4.28332188e-05,5.17255780e+00,1.44592655e-06
1.562651,2.19340544e+00,3.50375605e-01,-3.35008448e-02,4.47354197e-02,8.06761875e-05,-2.15396371e-04,3.10352236e-05,5.22280480e+00,1.46640650e-06
1.563198,2.18979682e+00,3.51280732e-01,-3.67745224e-02,4.60094516e-02,7.29947184e-05,-2.27040853e-04,3.93285042e-05,5.27300104e+00,1.49059533e-06
1.563745,2.18612821e+00,3.55649138e-01,-3.90850146e-02,4.65497994e-02,7.47628844e-05,-2.28148578e-04,3.67847817e-05,5.28524184e+00,1.51974375e-06
1.564292,2.18240010e+00,3.57867018e-01,-4.11166055e-02,4.71607523e-02,7.52051196e-05,-2.26580648e-04,3.75049297e-05,5.34826056e+00,1.54220956e-06
1.564839,2.17861296e+00,3.59056055e-01,-4.31735726e-02,4.79495586e-02,7.41106515e-05,-2.25536021e-04,4.08046099e-05,5.41366815e+00,1.56191050e-06
1.565386,2.17476741e+00,3.60030664e-01,-4.58860942e-02,4.77310837e-02,7.17141199e-05,-2.30905878e-04,3.42709381e-05,5.47557691e+00,1.58151165e-06
1.565933,2.17086417e+00,3.56153279e-01,-4.85385021e-02,4.75855787e-02,6.37599816e-05,-2.36324947e-04,3.40283055e-05,5.52318048e+00,1.60478894e-06
1.566480,2.16690418e+00,3.66332713e-01,-5.06437406e-02,4.93385341e-02,7.26281912e-05,-2.32093057e-04,3.74471302e-05,5.56054479e+00,1.62593026e-06
1.567027,2.16288805e+00,3.67580590e-01,-5.40019124e-02,4.99784760e-02,6.64135378e-05,-2.42844862e-04,3.86134315e-05,5.63122128e+00,1.64772292e-06
1.567574,2.15881621e+00,3.72485041e-01,-5.64375290e-02,5.09888828e-02,6.91047048e-05,-2.42315837e-04,3.98731889e-05,5.66056768e+00,1.67485304e-06
1.568121,2.15468935e+00,3.73706720e-01,-5.92146148e-02,5.05951006e-02,6.77176508e-05,-2.46690216e-04,3.15319121e-05,5.73044910e+00,1.69624821e-06
1.568668,2.15050812e+00,3.77074756e-01,-6.21859461e-02,5.24992263e-02,6.46587066e-05,-2.51177506e-04,4.31339541e-05,5.78152275e+00,1.71826983e-06
1.569215,2.14627333e+00,3.86969273e-01,-6.53073057e-02,5.32457270e-02,7.24862703e-05,-2.53056339e-04,3.59176449e-05,5.81885333e+00,1.74243822e-06
1.569762,2.14198536e+00,3.86600566e-01,-6.90199070e-02,5.38017600e-02,6.30432030e-05,-2.65991066e-04,3.80177047e-05,5.88658408e+00,1.76787123e-06
1.570309,2.13764481e+00,3.97278747e-01,-7.20802027e-02,5.60904340e-02,7.10545368e-05,-2.64331622e-04,4.49387908e-05,5.89807401e+00,1.79466743e-06
1.570856,2.13325223e+00,3.99660406e-01,-7.58968381e-02,5.64454314e-02,6.60753803e-05,-2.75446411e-04,4.13368679e-05,5.96689486e+00,1.81892724e-06
1.571403,2.12880805e+00,4.01118536e-01,-7.86879455e-02,5.66722255e-02,6.56767398e-05,-2.76668049e-04,3.85478841e-05,6.00203482e+00,1.84564760e-06
1.571950,2.12431314e+00,4.00829579e-01,-8.16347233e-02,5.77081051e-02,6.03790203e-05,-2.80509265e-04,4.52518764e-05,6.07004455e+00,1.86514946e-06
1.572497,2.11976854e+00,4.06289298e-01,-8.48589403e-02,5.83517124e-02,6.41875454e-05,-2.81799418e-04,4.14408449e-05,6.11622675e+00,1.88526898e-06
1.573044,2.11517506e+00,4.07877416e-01,-8.76475257e-02,5.91948023e-02,6.34385711e-05,-2.82242270e-04,4.42595782e-05,6.19005656e+00,1.90725975e-06
1.573591,2.11053342e+00,4.06152549e-01,-9.08073352e-02,5.92271959e-02,5.65123509e-05,-2.89212157e-04,4.24129945e-05,6.25925176e+00,1.92591858e-06
1.574138,2.10584477e+00,4.09210307e-01,-9.38607391e-02,6.05139002e-02,5.69751614e-05,-2.89717919e-04,4.75061781e-05,6.30133807e+00,1.94596203e-06
1.574685,2.10111019e+00,4.13663380e-01,-9.69051668e-02,6.09747953e-02,6.16334987e-05,-2.88804689e-04,4.29632986e-05,6.37017121e+00,1.96553208e-06
1.575231,2.09633036e+00,4.11563360e-01,-1.00581704e-01,6.05397787e-02,5.18981403e-05,-3.00645052e-04,3.69903996e-05,6.44824494e+00,1.98477028e-06
1.575778,2.09150631e+00,4.18730180e-01,-1.04533823e-01,6.26681836e-02,5.48575891e-05,-3.02961702e-04,4.55294410e-05,6.45864915e+00,2.00667394e-06
1.576325,2.08663893e+00,4.20067856e-01,-1.07555102e-01,6.31739912e-02,5.46758056e-05,-3.03777469e-04,4.48821556e-05,6.52402394e+00,2.03037183e-06
1.576872,2.08172886e+00,4.17764307e-01,-1.10841340e-01,6.28745355e-02,4.70641189e-05,-3.11407485e-04,4.04747133e-05,6.59936807e+00,2.04779442e-06
1.577419,2.07677734e+00,4.23088676e-01,-1.14591776e-01,6.42053389e-02,5.03754740e-05,-3.12558143e-04,4.33391730e-05,6.63614307e+00,2.06604163e-06
1.577966,2.07178535e+00,4.22909013e-01,-1.17671250e-01,6.47849355e-02,4.72711566e-05,-3.14905632e-04,4.51825819e-05,6.71549801e+00,2.08688004e-06
1.578513,2.06675372e+00,4.24414265e-01,-1.21151240e-01,6.48433510e-02,4.66830811e-05,-3.18458295e-04,3.99478659e-05,6.78252011e+00,2.10328426e-06
1.579060,2.06168351e+00,4.28681697e-01,-1.24802615e-01,6.64665017e-02,4.88049836e-05,-3.18896448e-04,4.67929726e-05,6.85234421e+00,2.12158225e-06
1.579607,2.05657547e+00,4.30756131e-01,-1.28698230e-01,6.67251939e-02,4.69495063e-05,-3.24767747e-04,4.23350180e-05,6.92519427e+00,2.14052319e-06
1.580154,2.05143033e+00,4.32141811e-01,-1.32024574e-01,6.70821671e-02,4.72109995e-05,-3.26175328e-04,4.05061831e-05,6.99013722e+00,2.16026220e-06
1.580701,2.04624900e+00,4.33114300e-01,-1.35312810e-01,6.82742873e-02,4.54050920e-05,-3.27500987e-04,4.70473514e-05,7.07064278e+00,2.17645540e-06
1.581248,2.04103243e+00,4.36295339e-01,-1.39479039e-01,6.85438411e-02,4.54787811e-05,-3.33001321e-04,4.13179673e-05,7.13667652e+00,2.19200242e-06
1.581795,2.03578148e+00,4.37581081e-01,-1.42874933e-01,6.89700628e-02,4.56568871e-05,-3.34388426e-04,4.03375086e-05,7.20750110e+00,2.21187443e-06
1.582342,2.03049693e+00,4.34582999e-01,-1.46066178e-01,6.91263344e-02,3.65426949e-05,-3.40886764e-04,4.14890823e-05,7.29060179e+00,2.22718412e-06
1.582889,2.02518008e+00,4.37338398e-01,-1.49753609e-01,7.07375398e-02,3.77852439e-05,-3.41026404e-04,4.96459724e-05,7.32494138e+00,2.24074197e-06
1.583436,2.01983213e+00,4.35241793e-01,-1.53276908e-01,7.09465242e-02,2.93005678e-05,-3.48360891e-04,4.90865514e-05,7.39532401e+00,2.25654336e-06
1.583983,2.01445417e+00,4.42552677e-01,-1.58364038e-01,7.22202509e-02,3.58673530e-05,-3.51320978e-04,4.74865535e-05,7.43121279e+00,2.27091209e-06
1.584530,2.00904690e+00,4.42063800e-01,-1.62305862e-01,7.27750699e-02,2.89587381e-05,-3.58401219e-04,4.84388382e-05,7.52503038e+00,2.29296157e-06
1.585077,2.00361084e+00,4.49938373e-01,-1.67837736e-01,7.35391397e-02,3.65168658e-05,-3.62717397e-04,4.12632594e-05,7.57096248e+00,2.30832696e-06
1.585624,1.99814644e+00,4.53234207e-01,-1.71959932e-01,7.49049685e-02,3.89490334e-05,-3.63295260e-04,4.64853278e-05,7.65619516e+00,2.33151133e-06
1.586171,1.99265368e+00,4.52316135e-01,-1.75996486e-01,7.50527060e-02,3.13414408e-05,-3.71365887e-04,4.41683695e-05,7.74206471e+00,2.34695651e-06
1.586718,1.98713344e+00,4.55139587e-01,-1.80358173e-01,7.65791194e-02,3.17576234e-05,-3.73662363e-04,5.08436252e-05,7.78078816e+00,2.36120248e-06
1.587264,1.98158661e+00,4.54214540e-01,-1.84673562e-01,7.64516237e-02,2.35103446e-05,-3.83162363e-04,4.52925860e-05,7.85667304e+00,2.37658626e-06
1.587811,1.97601409e+00,4.59503416e-01,-1.90022631e-01,7.80850042e-02,2.64512217e-05,-3.86977173e-04,4.94712986e-05,7.88048757e+00,2.39102217e-06
1.588358,1.97041648e+00,4.63543111e-01,-1.94965428e-01,7.84407729e-02,3.05809855e-05,-3.90358003e-04,4.30867564e-05,7.97040198e+00,2.40997023e-06
1.588905,1.96479379e+00,4.65838854e-01,-1.99935979e-01,8.01103633e-02,2.65630415e-05,-3.96363828e-04,5.12800605e-05,8.06095502e+00,2.42685984e-06
1.589452,1.95914633e+00,4.65657304e-01,-2.04126998e-01,8.02461760e-02,2.28023478e-05,-4.01686067e-04,4.76735457e-05,8.10919380e+00,2.44242357e-06
1.589999,1.95347486e+00,4.72833141e-01,-2.10063922e-01,8.14478176e-02,3.16985455e-05,-4.04125887e-04,4.53827867e-05,8.17643304e+00,2.45417343e-06
1.590546,1.94777947e+00,4.73962428e-01,-2.15165696e-01,8.30328931e-02,2.39106539e-05,-4.12216529e-04,5.36656925e-05,8.28246966e+00,2.47412506e-06
1.591093,1.94206020e+00,4.77328705e-01,-2.20678168e-01,8.36295548e-02,2.43709359e-05,-4.18469445e-04,4.93785478e-05,8.30054051e+00,2.48814663e-06
1.591640,1.93631752e+00,4.75324689e-01,-2.24405865e-01,8.41128292e-02,1.79668859e-05,-4.22547089e-04,5.17163433e-05,8.38569534e+00,2.50432068e-06
1.592187,1.93055211e+00,4.73374966e-01,-2.28142482e-01,8.38549773e-02,1.34808818e-05,-4.26724460e-04,4.68563540e-05,8.44004457e+00,2.51133208e-06
1.592734,1.92476517e+00,4.78243981e-01,-2.34061461e-01,8.54720529e-02,1.72965978e-05,-4.30407929e-04,5.09578588e-05,8.50370258e+00,2.51827998e-06
1.593281,1.91895707e+00,4.76907339e-01,-2.38118108e-01,8.58365993e-02,1.21215738e-05,-4.34729895e-04,5.10333651e-05,8.60372750e+00,2.53461891e-06
1.593828,1.91312811e+00,4.81583548e-01,-2.44237155e-01,8.64516325e-02,1.66712303e-05,-4.39872018e-04,4.54843659e-05,8.66788596e+00,2.54167572e-06
1.594375,1.90727855e+00,4.83617691e-01,-2.49590167e-01,8.79134919e-02,1.47462139e-05,-4.44499046e-04,5.17588438e-05,8.76814811e+00,2.55813150e-06
1.594922,1.90140825e+00,4.85279989e-01,-2.54284033e-01,8.89723225e-02,1.75596809e-05,-4.45414932e-04,5.48209187e-05,8.83856090e+00,2.56965174e-06
1.595469,1.89551733e+00,4.81787929e-01,-2.57941031e-01,8.90713530e-02,7.28235867e-06,-4.51330050e-04,5.46680508e-05,8.94379022e+00,2.57861181e-06
1.596016,1.88960662e+00,4.84590099e-01,-2.63682418e-01,8.98535998e-02,9.01747987e-06,-4.56154283e-04,5.26762793e-05,8.95739155e+00,2.58120733e-06
1.596563,1.88367680e+00,4.81873746e-01,-2.67394971e-01,9.02317170e-02,2.04797902e-06,-4.59832622e-04,5.46176118e-05,9.05925761e+00,2.59342497e-06
1.597110,1.87772838e+00,4.83375887e-01,-2.72627059e-01,9.10942148e-02,2.82513921e-06,-4.63349497e-04,5.52137949e-05,9.10558615e+00,2.59553033e-06
1.597657,1.87176200e+00,4.83003148e-01,-2.77201996e-01,9.14403242e-02,8.77313461e-07,-4.66946697e-04,5.34991832e-05,9.20627218e+00,2.60441426e-06
1.598204,1.86577791e+00,4.82253419e-01,-2.81605887e-01,9.17109237e-02,-1.06549618e-06,-4.70128647e-04,5.18384497e-05,9.29239909e+00,2.60983423e-06
1.598751,1.85977661e+00,4.78752560e-01,-2.84905676e-01,9.14280801e-02,-6.77279266e-06,-4.72827040e-04,4.90027708e-05,9.37902495e+00,2.61407596e-06
1.599298,1.85375903e+00,4.83303589e-01,-2.91780789e-01,9.33687576e-02,-3.27465446e-06,-4.77532913e-04,5.55423126e-05,9.43535986e+00,2.61294074e-06
1.599844,1.84772532e+00,4.81751293e-01,-2.96310353e-01,9.35516375e-02,-9.21725924e-06,-4.82685282e-04,5.34025502e-05,9.53327575e+00,2.62648706e-06
1.600391,1.84167545e+00,4.89183199e-01,-3.04834680e-01,9.51182925e-02,-1.47697040e-06,-4.89978145e-04,5.16510128e-05,9.58121407e+00,2.62898415e-06
1.600938,1.83560891e+00,4.87432942e-01,-3.09618134e-01,9.59966912e-02,-1.08993575e-05,-4.95917641e-04,5.63393689e-05,9.70862834e+00,2.64873684e-06
1.601485,1.82952527e+00,4.91384272e-01,-3.16801725e-01,9.71636218e-02,-8.11821489e-06,-5.02261737e-04,5.54000118e-05,9.70403242e+00,2.64996319e-06
1.602032,1.82342454e+00,4.87247097e-01,-3.20136116e-01,9.68830394e-02,-1.61586277e-05,-5.05457026e-04,5.29855780e-05,9.81589861e+00,2.66226372e-06
1.602579,1.81730695e+00,4.88847056e-01,-3.26130014e-01,9.85941604e-02,-1.60148155e-05,-5.09026958e-04,6.10530291e-05,9.84047096e+00,2.65730760e-06
1.603126,1.81117299e+00,4.93765801e-01,-3.34442846e-01,9.95421479e-02,-1.40341569e-05,-5.18324064e-04,5.54963824e-05,9.91047146e+00,2.66314360e-06
1.603673,1.80502186e+00,4.91321713e-01,-3.38284315e-01,9.91655987e-02,-1.57424245e-05,-5.19967957e-04,5.03445990e-05,1.00026664e+01,2.67787609e-06
1.604220,1.79885323e+00,4.93428853e-01,-3.44999642e-01,1.01178200e-01,-1.72036119e-05,-5.25099754e-04,6.03006347e-05,1.00842466e+01,2.67459157e-06
1.604767,1.79266715e+00,4.91007289e-01,-3.49776184e-01,1.00889061e-01,-2.56378344e-05,-5.31489642e-04,5.40937782e-05,1.01243055e+01,2.68083112e-06
1.605314,1.78646380e+00,4.84986203e-01,-3.51652707e-01,1.00276124e-01,-3.12696492e-05,-5.30469473e-04,5.24008579e-05,1.01129157e+01,2.67829646e-06
1.605861,1.78024442e+00,4.88161539e-01,-3.59109758e-01,1.01050195e-01,-2.78927713e-05,-5.36869953e-04,4.89331918e-05,1.01620028e+01,2.66531222e-06
1.606408,1.77400925e+00,4.93144536e-01,-3.67656826e-01,1.03805928e-01,-2.44779530e-05,-5.42655013e-04,6.13927423e-05,1.02744797e+01,2.67432295e-06
1.606955,1.76775688e+00,4.94429820e-01,-3.74429161e-01,1.04515462e-01,-2.61298254e-05,-5.49108509e-04,5.89391675e-05,1.03258851e+01,2.68602382e-06
1.607502,1.76148622e+00,4.87406051e-01,-3.75854435e-01,1.03909547e-01,-3.49696543e-05,-5.48160344e-04,5.83067122e-05,1.04020973e+01,2.68989532e-06
1.608049,1.75519802e+00,4.78450312e-01,-3.75744261e-01,1.02701624e-01,-4.30884172e-05,-5.44688449e-04,5.56302303e-05,1.04004156e+01,2.67230200e-06
1.608596,1.74889448e+00,4.70903152e-01,-3.76458229e-01,1.02244250e-01,-5.01702829e-05,-5.41731666e-04,5.78540147e-05,1.04070042e+01,2.64941937e-06
1.609143,1.74257785e+00,4.74783339e-01,-3.84864917e-01,1.03712907e-01,-4.63013051e-05,-5.48814350e-04,5.85780668e-05,1.04170571e+01,2.62944471e-06
1.609690,1.73624829e+00,4.71998768e-01,-3.89065612e-01,1.03671884e-01,-5.08518429e-05,-5.51450797e-04,5.59976408e-05,1.05359512e+01,2.63890900e-06
1.610237,1.72990531e+00,4.66638682e-01,-3.91269512e-01,1.03771896e-01,-5.66880969e-05,-5.50304642e-04,5.96346991e-05,1.05741893e+01,2.63103133e-06
1.610784,1.72354984e+00,4.66924197e-01,-3.97812535e-01,1.03822220e-01,-5.82160364e-05,-5.56842337e-04,5.22758831e-05,1.05855856e+01,2.61529519e-06
1.611331,1.71718231e+00,4.69669225e-01,-4.05951962e-01,1.05429994e-01,-5.69059462e-05,-5.63311790e-04,5.62587676e-05,1.06257339e+01,2.61562768e-06
1.611877,1.71080182e+00,4.63605611e-01,-4.07867131e-01,1.04919268e-01,-6.46431902e-05,-5.62685695e-04,5.50698202e-05,1.07155544e+01,2.62116453e-06
1.612424,1.70440846e+00,4.59122934e-01,-4.10581394e-01,1.04964616e-01,-6.80602534e-05,-5.61880460e-04,5.69579046e-05,1.06988275e+01,2.60263550e-06
1.612971,1.69800348e+00,4.53653345e-01,-4.12760937e-01,1.04264205e-01,-7.35808314e-05,-5.61588755e-04,5.30702974e-05,1.07372691e+01,2.58772902e-06
1.613518,1.69158796e+00,4.55371802e-01,-4.20370201e-01,1.05811063e-01,-7.23742368e-05,-5.67053017e-04,5.78876311e-05,1.07406207e+01,2.57036957e-06
1.614065,1.68516194e+00,4.47237905e-01,-4.20789377e-01,1.04583996e-01,-8.32919751e-05,-5.65318006e-04,5.31813500e-05,1.08190470e+01,2.57233957e-06
1.614612,1.67872597e+00,4.56026099e-01,-4.34459532e-01,1.06841180e-01,-7.59253327e-05,-5.79675540e-04,5.13687706e-05,1.07170813e+01,2.54672453e-06
1.615159,1.67227934e+00,4.52939536e-01,-4.38883203e-01,1.07405141e-01,-8.26809178e-05,-5.81683642e-04,5.50315862e-05,1.08493690e+01,2.56971678e-06
1.615706,1.66582046e+00,4.41250819e-01,-4.35621575e-01,1.05553764e-01,-9.17269609e-05,-5.73280733e-04,5.24452370e-05,1.08177932e+01,2.55695884e-06
1.616253,1.65935125e+00,4.43537579e-01,-4.44168468e-01,1.06963566e-01,-8.92995382e-05,-5.80172555e-04,5.44954295e-05,1.07470915e+01,2.51869591e-06
1.616800,1.65287256e+00,4.40578996e-01,-4.48342747e-01,1.07087929e-01,-9.20787124e-05,-5.81394057e-04,5.40039543e-05,1.08396155e+01,2.52184505e-06
1.617347,1.64638369e+00,4.27712547e-01,-4.43844803e-01,1.04847085e-01,-1.03225222e-04,-5.71888833e-04,5.01393783e-05,1.08696696e+01,2.50888063e-06
1.617894,1.63988671e+00,4.31624819e-01,-4.54171801e-01,1.06747342e-01,-1.00006084e-04,-5.81093721e-04,5.33891373e-05,1.07326527e+01,2.46553730e-06
1.618441,1.63338239e+00,4.27175648e-01,-4.57125833e-01,1.06501432e-01,-1.04726439e-04,-5.80896105e-04,5.20898280e-05,1.08266749e+01,2.47340876e-06
1.618988,1.62686994e+00,4.17518258e-01,-4.54954998e-01,1.05345751e-01,-1.11711926e-04,-5.73473521e-04,5.29665093e-05,1.08148657e+01,2.45508372e-06
1.619535,1.62035109e+00,4.20849808e-01,-4.65087804e-01,1.06655953e-01,-1.08557619e-04,-5.82794376e-04,5.11287448e-05,1.07468474e+01,2.41980765e-06
1.620082,1.61382603e+00,4.13263781e-01,-4.65154570e-01,1.06122946e-01,-1.17449284e-04,-5.78710853e-04,5.32496156e-05,1.08371654e+01,2.42607235e-06
1.620629,1.60729464e+00,4.10280852e-01,-4.69297948e-01,1.05936558e-01,-1.18778018e-04,-5.80140125e-04,4.98211303e-05,1.07223169e+01,2.39635667e-06
1.621176,1.60075800e+00,4.06371297e-01,-4.72512760e-01,1.06030184e-01,-1.21475783e-04,-5.79701739e-04,5.11982397e-05,1.07430151e+01,2.38197061e-06
1.621723,1.59421636e+00,3.92381220e-01,-4.65521776e-01,1.03509915e-01,-1.31967310e-04,-5.66547853e-04,4.84124392e-05,1.07434202e+01,2.36379157e-06
1.622270,1.58767214e+00,3.91415380e-01,-4.71570922e-01,1.04564993e-01,-1.31374073e-04,-5.69631919e-04,5.28891692e-05,1.05626164e+01,2.31224850e-06
1.622817,1.58112714e+00,3.89780816e-01,-4.76934479e-01,1.05126147e-01,-1.31153358e-04,-5.71793219e-04,5.36822793e-05,1.05979549e+01,2.30361957e-06
1.623364,1.57458066e+00,3.78783753e-01,-4.72780951e-01,1.02768334e-01,-1.40617909e-04,-5.63191683e-04,4.59922799e-05,1.06398292e+01,2.29268488e-06
1.623910,1.56803410e+00,3.66296929e-01,-4.66222401e-01,1.00988642e-01,-1.47463396e-04,-5.49893934e-04,4.86125991e-05,1.04506039e+01,2.25016323e-06
1.624457,1.56149102e+00,3.61343287e-01,-4.67986612e-01,1.00324721e-01,-1.49579199e-04,-5.48426678e-04,4.50018377e-05,1.03149816e+01,2.20169345e-06
1.625004,1.55495366e+00,3.53838923e-01,-4.66745988e-01,9.88373966e-02,-1.53076530e-04,-5.42956192e-04,3.97096760e-05,1.02934021e+01,2.17972861e-06
1.625551,1.54842328e+00,3.49608267e-01,-4.69235588e-01,9.91120706e-02,-1.55699409e-04,-5.41464501e-04,4.40938176e-05,1.02329884e+01,2.14875663e-06
1.626098,1.54190097e+00,3.43035544e-01,-4.68925548e-01,9.82006293e-02,-1.59257535e-04,-5.36927679e-04,4.21241445e-05,1.01927832e+01,2.12824452e-06
1.626645,1.53538767e+00,3.40211154e-01,-4.72870545e-01,9.87112164e-02,-1.59829832e-04,-5.37262065e-04,4.55306430e-05,1.01357342e+01,2.09971881e-06
1.627192,1.52888396e+00,3.25490649e-01,-4.62938363e-01,9.52706274e-02,-1.71495901e-04,-5.21446365e-04,3.74751789e-05,1.01336161e+01,2.08398281e-06
1.627739,1.52239227e+00,3.15566878e-01,-4.57880898e-01,9.41955007e-02,-1.75524102e-04,-5.10272880e-04,4.27439172e-05,9.82434584e+00,2.02593750e-06
1.628286,1.51591648e+00,3.22932663e-01,-4.74833662e-01,9.67575903e-02,-1.70612357e-04,-5.28202372e-04,4.10560747e-05,9.70411789e+00,1.98448252e-06
1.628833,1.50945561e+00,3.16889149e-01,-4.75187347e-01,9.61579761e-02,-1.76949391e-04,-5.24303554e-04,4.05149640e-05,9.79710890e+00,2.00689470e-06
1.629380,1.50300801e+00,3.02068774e-01,-4.63261072e-01,9.31845433e-02,-1.83525012e-04,-5.04829282e-04,3.96968495e-05,9.68127515e+00,1.97892621e-06
1.629927,1.49657681e+00,3.04127448e-01,-4.73688462e-01,9.45846554e-02,-1.81023539e-04,-5.14235324e-04,3.94654187e-05,9.48688094e+00,1.91821368e-06
1.630474,1.49016323e+00,2.97276466e-01,-4.72426569e-01,9.37361949e-02,-1.86070466e-04,-5.08317592e-04,3.91340966e-05,9.53962689e+00,1.92111273e-06
1.631021,1.48376683e+00,2.93016161e-01,-4.74330853e-01,9.29097411e-02,-1.86816961e-04,-5.07177129e-04,3.33210559e-05,9.43127289e+00,1.88963102e-06
1.631568,1.47738857e+00,2.76655553e-01,-4.59602389e-01,8.97869117e-02,-1.98468948e-04,-4.84370261e-04,3.55834641e-05,9.39099045e+00,1.86859088e-06
1.632115,1.47103160e+00,2.83374081e-01,-4.77605694e-01,9.23378783e-02,-1.95814895e-04,-5.03670636e-04,3.33055902e-05,9.02568219e+00,1.79973954e-06
1.632662,1.46469658e+00,2.77481617e-01,-4.77697034e-01,9.22546073e-02,-2.02595812e-04,-4.98807025e-04,3.78588182e-05,9.09032819e+00,1.82163867e-06
1.633209,1.45838177e+00,2.62176200e-01,-4.63005264e-01,8.82777947e-02,-2.09196413e-04,-4.77076694e-04,3.07143906e-05,8.94397002e+00,1.79276161e-06
1.633756,1.45209051e+00,2.58111289e-01,-4.64831728e-01,8.82661664e-02,-2.09369432e-04,-4.75420118e-04,3.27550238e-05,8.69972587e+00,1.72768439e-06
1.634303,1.44582559e+00,2.53088724e-01,-4.65102063e-01,8.80819969e-02,-2.10421797e-04,-4.71347440e-04,3.54436882e-05,8.67556221e+00,1.70693237e-06
1.634850,1.43958732e+00,2.44414119e-01,-4.59739069e-01,8.62706186e-02,-2.14390379e-04,-4.61064096e-04,3.19993783e-05,8.63129641e+00,1.68200658e-06
1.635397,1.43337720e+00,2.41097546e-01,-4.62496672e-01,8.58589635e-02,-2.13694007e-04,-4.61031719e-04,2.82446910e-05,8.50301400e+00,1.64256448e-06
1.635944,1.42719627e+00,2.35658615e-01,-4.61963361e-01,8.53330164e-02,-2.15990212e-04,-4.56235288e-04,2.91495842e-05,8.48745552e+00,1.62514855e-06
1.636490,1.42104482e+00,2.22344590e-01,-4.47975684e-01,8.22499592e-02,-2.21373296e-04,-4.35303517e-04,2.79679536e-05,8.41709135e+00,1.59822648e-06
1.637037,1.41492565e+00,2.12585780e-01,-4.39208854e-01,7.99154886e-02,-2.22455274e-04,-4.21499882e-04,2.49068608e-05,8.19380582e+00,1.53859591e-06
1.637584,1.40884257e+00,2.06047651e-01,-4.35944819e-01,7.88686906e-02,-2.23605044e-04,-4.14042010e-04,2.48893759e-05,8.08431914e+00,1.49435431e-06
1.638131,1.40279769e+00,2.02426728e-01,-4.37775768e-01,7.82572390e-02,-2.23625010e-04,-4.13149997e-04,2.05338102e-05,8.01075944e+00,1.46333712e-06
1.638678,1.39679158e+00,1.95748156e-01,-4.34286529e-01,7.76017890e-02,-2.27309942e-04,-4.04730249e-04,2.46089572e-05,7.97438854e+00,1.44498141e-06
1.639225,1.39082491e+00,1.85373652e-01,-4.23178481e-01,7.52095068e-02,-2.29397762e-04,-3.87941961e-04,2.39136387e-05,7.84880118e+00,1.41258448e-06
1.639772,1.38490008e+00,1.82396567e-01,-4.25921517e-01,7.46716776e-02,-2.28833414e-04,-3.88601566e-04,1.84374486e-05,7.70165469e+00,1.36475902e-06
1.640319,1.37901850e+00,1.80762854e-01,-4.31369127e-01,7.55393606e-02,-2.29028119e-04,-3.91133884e-04,2.23658580e-05,7.66987325e+00,1.34949896e-06
1.640866,1.37317926e+00,1.71919025e-01,-4.22947667e-01,7.32359740e-02,-2.33892351e-04,-3.77699563e-04,1.77885989e-05,7.65689830e+00,1.33906839e-06
1.641413,1.36738313e+00,1.67903443e-01,-4.23356297e-01,7.28865803e-02,-2.33416561e-04,-3.74988161e-04,1.80839153e-05,7.47313667e+00,1.29740992e-06
1.641960,1.36163147e+00,1.58910847e-01,-4.13690355e-01,7.06105132e-02,-2.36871439e-04,-3.60205178e-04,1.56226875e-05,7.44151033e+00,1.27687840e-06
1.642507,1.35592571e+00,1.51489980e-01,-4.06426346e-01,6.86286292e-02,-2.36816161e-04,-3.48984757e-04,1.22155522e-05,7.27698825e+00,1.23423841e-06
1.643054,1.35026822e+00,1.49427577e-01,-4.10673790e-01,6.88270881e-02,-2.35757524e-04,-3.51021221e-04,1.17987930e-05,7.18450722e+00,1.19889197e-06
1.643601,1.34465934e+00,1.42492809e-01,-4.04565666e-01,6.79749136e-02,-2.39236183e-04,-3.39726468e-04,1.71001324e-05,7.18263971e+00,1.18752908e-06
1.644148,1.33909937e+00,1.39800701e-01,-4.07711261e-01,6.75896333e-02,-2.39655093e-04,-3.40753279e-04,1.21877698e-05,7.03666133e+00,1.15321733e-06
1.644695,1.33358880e+00,1.33610571e-01,-4.02762609e-01,6.65432607e-02,-2.42141048e-04,-3.31354797e-04,1.36194163e-05,7.00021125e+00,1.13962446e-06
1.645242,1.32812791e+00,1.30483374e-01,-4.04582328e-01,6.60442224e-02,-2.41724736e-04,-3.30831255e-04,9.84646322e-06,6.89186816e+00,1.10898349e-06
1.645789,1.32271709e+00,1.23119790e-01,-3.96354873e-01,6.44798597e-02,-2.44883027e-04,-3.17664565e-04,1.11250981e-05,6.86326082e+00,1.09325981e-06
1.646336,1.31735712e+00,1.19238286e-01,-3.95987198e-01,6.38692846e-02,-2.44201542e-04,-3.14611567e-04,9.51721446e-06,6.71768212e+00,1.05696830e-06
1.646883,1.31204899e+00,1.14813537e-01,-3.94258244e-01,6.32348543e-02,-2.44637758e-04,-3.09517297e-04,9.71119698e-06,6.68478904e+00,1.03756619e-06
1.647430,1.30679276e+00,1.06740315e-01,-3.82656803e-01,6.12580234e-02,-2.46296553e-04,-2.92926485e-04,1.13657758e-05,6.63199232e+00,1.01533060e-06
1.647977,1.30158987e+00,1.07224390e-01,-3.94297074e-01,6.19373708e-02,-2.46114404e-04,-3.04118721e-04,4.15570832e-06,6.48035764e+00,9.75332295e-07
1.648523,1.29644015e+00,1.02326997e-01,-3.92054589e-01,6.16042767e-02,-2.51547951e-04,-2.97021352e-04,7.98042802e-06,6.48625703e+00,9.78476395e-07
1.649070,1.29134250e+00,9.56882814e-02,-3.82887088e-01,5.99028884e-02,-2.50673807e-04,-2.83885699e-04,8.39866875e-06,6.36140973e+00,9.54087452e-07
1.649617,1.28629812e+00,8.96131291e-02,-3.75070564e-01,5.86656800e-02,-2.50299480e-04,-2.72209823e-04,1.09469124e-05,6.27327371e+00,9.20698871e-07
1.650164,1.28130856e+00,8.51261836e-02,-3.72085941e-01,5.72299622e-02,-2.50560195e-04,-2.66690128e-04,4.34671201e-06,6.18710967e+00,8.90191721e-07
1.650711,1.27637471e+00,8.17183533e-02,-3.72540591e-01,5.74186652e-02,-2.51708176e-04,-2.63841937e-04,8.74204100e-06,6.11655470e+00,8.69103393e-07
1.651258,1.27149652e+00,7.77666989e-02,-3.71136805e-01,5.62921815e-02,-2.52655331e-04,-2.59757966e-04,2.79979991e-06,6.07356449e+00,8.52384650e-07
1.651805,1.26667376e+00,7.09558546e-02,-3.59557196e-01,5.40555684e-02,-2.53149031e-04,-2.44094352e-04,9.30961023e-07,6.01162954e+00,8.34179977e-07
1.652352,1.26190751e+00,6.96894925e-02,-3.66743401e-01,5.49688178e-02,-2.52511498e-04,-2.49644059e-04,2.97382496e-06,5.88622192e+00,8.00893796e-07
1.652899,1.25719777e+00,6.56458063e-02,-3.64656509e-01,5.35291192e-02,-2.54039831e-04,-2.44690321e-04,-4.77002431e-06,5.90824609e+00,7.95702602e-07
1.653446,1.25254355e+00,6.14565128e-02,-3.61591442e-01,5.29823773e-02,-2.54913914e-04,-2.38159098e-04,-2.07970464e-06,5.83062892e+00,7.77721468e-07
1.653993,1.24794502e+00,5.60261599e-02,-3.52906460e-01,5.15277712e-02,-2.54400142e-04,-2.25907196e-04,-8.39531878e-07,5.77331806e+00,7.57630010e-07
1.654540,1.24340289e+00,5.29198113e-02,-3.53037146e-01,5.11920107e-02,-2.53480986e-04,-2.23866899e-04,-1.10400282e-06,5.68994853e+00,7.31020922e-07
1.655087,1.23891743e+00,4.92512731e-02,-3.50974324e-01,5.06603082e-02,-2.53503995e-04,-2.18903694e-04,-3.87373695e-07,5.67679238e+00,7.17028572e-07
1.655634,1.23448821e+00,4.52746572e-02,-3.47250789e-01,4.93742878e-02,-2.53194911e-04,-2.12639961e-04,-4.75770829e-06,5.64073026e+00,7.00214617e-07
1.656181,1.23011524e+00,4.20387036e-02,-3.47063177e-01,4.96465855e-02,-2.54103682e-04,-2.09219427e-04,1.19990507e-06,5.58875949e+00,6.82555278e-07
1.656728,1.22579829e+00,3.82905820e-02,-3.44613341e-01,4.83638454e-02,-2.55438540e-04,-2.04016867e-04,-5.29186243e-06,5.55053182e+00,6.68025003e-07
1.657275,1.22153709e+00,3.47249518e-02,-3.42342146e-01,4.79947129e-02,-2.55720956e-04,-1.98737129e-04,-2.75908690e-06,5.48483497e+00,6.52966678e-07
1.657822,1.21733153e+00,3.23317257e-02,-3.45624927e-01,4.76944463e-02,-2.55280614e-04,-2.00348992e-04,-7.01566076e-06,5.44713350e+00,6.37436124e-07
1.658369,1.21318084e+00,2.76977670e-02,-3.38052904e-01,4.64828267e-02,-2.57512418e-04,-1.88521275e-04,-5.80958436e-06,5.44669052e+00,6.29184990e-07
1.658916,1.20908482e+00,2.45240818e-02,-3.36558469e-01,4.58673874e-02,-2.56246140e-04,-1.85027217e-04,-6.80387986e-06,5.34439293e+00,6.09222336e-07
1.659463,1.20504368e+00,2.09091475e-02,-3.32847455e-01,4.53673405e-02,-2.56387449e-04,-1.78231933e-04,-3.99651162e-06,5.32989353e+00,5.96487656e-07
1.660010,1.20105714e+00,1.74703463e-02,-3.29451518e-01,4.44263099e-02,-2.55721892e-04,-1.72486444e-04,-6.11598604e-06,5.28647052e+00,5.81640907e-07
1.660557,1.19712508e+00,1.49739119e-02,-3.31858995e-01,4.44593381e-02,-2.54888758e-04,-1.73117159e-04,-6.05027809e-06,5.25314716e+00,5.68512864e-07
1.661103,1.19324679e+00,1.22593492e-02,-3.32788864e-01,4.41976852e-02,-2.54239476e-04,-1.72000211e-04,-6.98308895e-06,5.26353486e+00,5.60141548e-07
1.661650,1.18942112e+00,8.68379788e-03,-3.27734276e-01,4.32509186e-02,-2.54489974e-04,-1.63853729e-04,-7.10735903e-06,5.26337892e+00,5.50938988e-07
1.662197,1.18564769e+00,5.39888374e-03,-3.23395015e-01,4.23716672e-02,-2.53249902e-04,-1.57253828e-04,-7.51386866e-06,5.21099980e+00,5.37733667e-07
1.662744,1.18192649e+00,2.22069154e-03,-3.19502181e-01,4.12018874e-02,-2.52176368e-04,-1.51321063e-04,-1.12945655e-05,5.18040332e+00,5.25798889e-07
1.663291,1.17825738e+00,-1.19496015e-03,-3.13655612e-01,4.04375504e-02,-2.52095130e-04,-1.42438136e-04,-8.73069814e-06,5.14678131e+00,5.15547898e-07
1.663838,1.17464033e+00,-3.63603532e-03,-3.16428380e-01,4.05258052e-02,-2.51377360e-04,-1.43655565e-04,-8.68354486e-06,5.09275550e+00,5.04218633e-07
1.664385,1.17107472e+00,-6.40590510e-03,-3.15829913e-01,4.00218783e-02,-2.50962009e-04,-1.40938137e-04,-1.02704453e-05,5.10937020e+00,4.97929957e-07
1.664932,1.16755946e+00,-9.75102623e-03,-3.08359757e-01,3.89213663e-02,-2.50933540e-04,-1.30290908e-04,-9.43047951e-06,5.10111546e+00,4.90758480e-07
1.665479,1.16409435e+00,-1.22296336e-02,-3.10930127e-01,3.87745753e-02,-2.50304776e-04,-1.31447390e-04,-1.14012825e-05,5.03444160e+00,4.81421018e-07
1.666026,1.16067890e+00,-1.52505416e-02,-3.06538537e-01,3.79056414e-02,-2.50660245e-04,-1.24120378e-04,-1.20734721e-05,5.04907767e+00,4.76387535e-07
1.666573,1.15731236e+00,-1.79152770e-02,-3.05239579e-01,3.74772781e-02,-2.49594398e-04,-1.21033154e-04,-1.20720361e-05,5.00716356e+00,4.70006494e-07
1.667120,1.15399427e+00,-2.06192679e-02,-3.03185505e-01,3.68761983e-02,-2.48937418e-04,-1.16915320e-04,-1.29433659e-05,5.00429788e+00,4.64348209e-07
1.667667,1.15072391e+00,-2.32335648e-02,-3.02906656e-01,3.68368450e-02,-2.48431043e-04,-1.14574175e-04,-1.04851432e-05,4.99245679e+00,4.59419926e-07
1.668214,1.14750052e+00,-2.59220060e-02,-3.00446923e-01,3.59267161e-02,-2.48179042e-04,-1.09940116e-04,-1.41558259e-05,4.99369093e+00,4.54584663e-07
1.668761,1.14432335e+00,-2.86038216e-02,-2.94636079e-01,3.50536264e-02,-2.47387022e-04,-1.01628292e-04,-1.34353873e-05,4.97108609e+00,4.51473034e-07
1.669308,1.14119206e+00,-3.11132202e-02,-2.97513356e-01,3.51260808e-02,-2.46829309e-04,-1.03154170e-04,-1.35313676e-05,4.93219498e+00,4.48074729e-07
1.669855,1.13810589e+00,-3.38030162e-02,-2.92293098e-01,3.41770860e-02,-2.47460602e-04,-9.47594303e-05,-1.45552306e-05,4.95692986e+00,4.44937996e-07
1.670402,1.13506406e+00,-3.63421490e-02,-2.93181747e-01,3.43356465e-02,-2.46896002e-04,-9.39270429e-05,-1.16208114e-05,4.90849333e+00,4.44016843e-07
1.670949,1.13206592e+00,-3.88899537e-02,-2.97360727e-01,3.42167657e-02,-2.46265932e-04,-9.71018302e-05,-1.51360756e-05,4.92222545e+00,4.41232499e-07
1.671496,1.12911011e+00,-4.15692574e-02,-2.94363784e-01,3.38367466e-02,-2.47925763e-04,-9.04315370e-05,-1.32579344e-05,4.95140383e+00,4.39253307e-07
1.672043,1.12619563e+00,-4.36430537e-02,-2.84861956e-01,3.25312080e-02,-2.45416191e-04,-7.89372153e-05,-1.33095303e-05,4.91543342e+00,4.39595014e-07
1.672590,1.12332236e+00,-4.62873904e-02,-2.88505855e-01,3.25289788e-02,-2.45166756e-04,-8.14327064e-05,-1.50841949e-05,4.86276871e+00,4.40378752e-07
1.673136,1.12048964e+00,-4.86526164e-02,-2.84624453e-01,3.15680657e-02,-2.45136326e-04,-7.49790456e-05,-1.79450409e-05,4.89288279e+00,4.39211716e-07
1.673683,1.11769651e+00,-5.13851638e-02,-2.88350418e-01,3.19638411e-02,-2.45253915e-04,-7.71449389e-05,-1.55951672e-05,4.86504520e+00,4.41534487e-07
1.674230,1.11494200e+00,-5.37985262e-02,-2.85661022e-01,3.11590993e-02,-2.45703231e-04,-7.17244109e-05,-1.83369760e-05,4.89776567e+00,4.40202805e-07
1.674777,1.11222508e+00,-5.63834211e-02,-2.86862324e-01,3.12685141e-02,-2.45471826e-04,-7.11747575e-05,-1.60718063e-05,4.87731115e+00,4.43199002e-07
1.675324,1.10954488e+00,-5.88650688e-02,-2.87229030e-01,3.09204037e-02,-2.44894297e-04,-6.99563023e-05,-1.75340571e-05,4.89822308e+00,4.43244277e-07
1.675871,1.10690030e+00,-6.10858061e-02,-2.84411789e-01,3.03172037e-02,-2.44370740e-04,-6.49374134e-05,-1.81082736e-05,4.91505876e+00,4.44391283e-07
1.676418,1.10429049e+00,-6.31116025e-02,-2.80479580e-01,2.97134531e-02,-2.43214057e-04,-5.90517716e-05,-1.75693932e-05,4.90801694e+00,4.47363164e-07
1.676965,1.10171484e+00,-6.49177011e-02,-2.75148303e-01,2.88715760e-02,-2.41696608e-04,-5.18363777e-05,-1.80499634e-05,4.89848739e+00,4.50610833e-07
1.677512,1.09917286e+00,-6.79744030e-02,-2.80390042e-01,2.93333925e-02,-2.41890545e-04,-5.60010525e-05,-1.65992442e-05,4.87945661e+00,4.54987255e-07
1.678059,1.09666352e+00,-7.03377261e-02,-2.79288046e-01,2.90185476e-02,-2.42062919e-04,-5.25004504e-05,-1.65080584e-05,4.92635696e+00,4.54355465e-07
1.678606,1.09418559e+00,-7.21947376e-02,-2.75242087e-01,2.82468081e-02,-2.40940040e-04,-4.65116383e-05,-1.78892610e-05,4.93130396e+00,4.58025289e-07
1.679153,1.09173839e+00,-7.49512703e-02,-2.77992677e-01,2.81528484e-02,-2.40362636e-04,-4.83693473e-05,-1.92395549e-05,4.92083269e+00,4.62970153e-07
1.679700,1.08932095e+00,-7.68375387e-02,-2.73700920e-01,2.72072042e-02,-2.40572845e-04,-4.10648092e-05,-2.20025074e-05,4.95894181e+00,4.64202404e-07
1.680247,1.08693240e+00,-7.86254714e-02,-2.70378323e-01,2.65591174e-02,-2.38861786e-04,-3.64348723e-05,-2.25029845e-05,4.93019328e+00,4.71275338e-07
1.680794,1.08457216e+00,-8.18843598e-02,-2.75550395e-01,2.71801570e-02,-2.38999891e-04,-4.07117747e-05,-1.89458709e-05,4.93501300e+00,4.75707483e-07
1.681341,1.08223908e+00,-8.42437714e-02,-2.74112104e-01,2.65028984e-02,-2.40312731e-04,-3.59570620e-05,-2.21133410e-05,4.98547480e+00,4.75410946e-07
1.681888,1.07993204e+00,-8.65479982e-02,-2.73268766e-01,2.64932097e-02,-2.40152990e-04,-3.30503682e-05,-1.90497650e-05,4.97498933e+00,4.82242082e-07
1.682435,1.07765023e+00,-8.81493527e-02,-2.69028635e-01,2.58683809e-02,-2.39200229e-04,-2.66236148e-05,-1.91057274e-05,4.98955531e+00,4.86275081e-07
1.682982,1.07539291e+00,-9.14341767e-02,-2.73527218e-01,2.57636987e-02,-2.39176134e-04,-3.04622790e-05,-2.20860424e-05,4.98086150e+00,4.92640294e-07
1.683529,1.07315909e+00,-9.37261003e-02,-2.71897234e-01,2.55019837e-02,-2.40452554e-04,-2.53435421e-05,-2.09436752e-05,5.02724285e+00,4.94297353e-07
1.684076,1.07094772e+00,-9.58145834e-02,-2.70589338e-01,2.50816379e-02,-2.39432620e-04,-2.26553123e-05,-2.15781403e-05,5.02369404e+00,5.01044852e-07
1.684623,1.06875799e+00,-9.81111070e-02,-2.70190541e-01,2.48008975e-02,-2.38735632e-04,-2.08527164e-05,-2.16559324e-05,5.04475799e+00,5.05684641e-07
1.685169,1.06658902e+00,-9.99782726e-02,-2.67846046e-01,2.42301342e-02,-2.38026454e-04,-1.65832516e-05,-2.28557758e-05,5.07219044e+00,5.09965720e-07
1.685716,1.06443996e+00,-1.01594474e-01,-2.64634083e-01,2.37527362e-02,-2.36982214e-04,-1.15175382e-05,-2.23417736e-05,5.08156730e+00,5.15925828e-07
1.686263,1.06231011e+00,-1.03583909e-01,-2.63102184e-01,2.34225767e-02,-2.36033217e-04,-8.58395228e-06,-2.19672405e-05,5.08800578e+00,5.21954005e-07
1.686810,1.06019872e+00,-1.05580960e-01,-2.61468139e-01,2.33686965e-02,-2.35456791e-04,-5.17143119e-06,-1.89886137e-05,5.11047664e+00,5.26925578e-07
1.687357,1.05810495e+00,-1.08992080e-01,-2.65342360e-01,2.32893722e-02,-2.35451071e-04,-8.51514182e-06,-2.11423327e-05,5.12860356e+00,5.31987661e-07
1.687904,1.05602778e+00,-1.10402625e-01,-2.61525223e-01,2.21203275e-02,-2.34933641e-04,-2.09048067e-06,-2.71098635e-05,5.18041525e+00,5.34541673e-07
1.688451,1.05396628e+00,-1.12719275e-01,-2.60729427e-01,2.21185833e-02,-2.35375313e-04,1.14447936e-06,-2.39586168e-05,5.15787083e+00,5.42841507e-07
1.688998,1.05191977e+00,-1.14459866e-01,-2.58432042e-01,2.16433205e-02,-2.34488942e-04,5.12743979e-06,-2.44029894e-05,5.17614884e+00,5.48522652e-07
1.689545,1.04988747e+00,-1.17602987e-01,-2.60894926e-01,2.17525278e-02,-2.34365274e-04,3.36598136e-06,-2.30530868e-05,5.19335481e+00,5.54482708e-07
1.690092,1.04786844e+00,-1.19942888e-01,-2.60683847e-01,2.13934488e-02,-2.33853729e-04,4.92744109e-06,-2.41669623e-05,5.24550267e+00,5.57596134e-07
1.690639,1.04586170e+00,-1.22064256e-01,-2.59654638e-01,2.11926504e-02,-2.33496952e-04,7.72838141e-06,-2.30530763e-05,5.27959244e+00,5.62658395e-07
1.691186,1.04386640e+00,-1.24866611e-01,-2.60982078e-01,2.08853155e-02,-2.32984992e-04,7.10488699e-06,-2.48696925e-05,5.30753677e+00,5.68168302e-07
1.691733,1.04188168e+00,-1.26901849e-01,-2.59151815e-01,2.08187554e-02,-2.33894543e-04,1.23526214e-05,-2.19673077e-05,5.35378147e+00,5.72367883e-07
1.692280,1.03990669e+00,-1.28328210e-01,-2.56228666e-01,2.00529387e-02,-2.32825636e-04,1.70781958e-05,-2.50928374e-05,5.35912916e+00,5.79616313e-07
1.692827,1.03794080e+00,-1.32430574e-01,-2.60957287e-01,2.02077952e-02,-2.33352174e-04,1.25518698e-05,-2.48920508e-05,5.36821420e+00,5.86407775e-07
1.693374,1.03598308e+00,-1.34458527e-01,-2.58515053e-01,1.95322939e-02,-2.35680267e-04,2.04277364e-05,-2.75999657e-05,5.43288517e+00,5.89249259e-07
1.693921,1.03403268e+00,-1.37742883e-01,-2.60518186e-01,1.94811702e-02,-2.36077119e-04,1.96125606e-05,-2.71160615e-05,5.40662512e+00,5.99411774e-07
1.694468,1.03208883e+00,-1.39394002e-01,-2.57751640e-01,1.91956333e-02,-2.36467532e-04,2.57718547e-05,-2.55609424e-05,5.45907422e+00,6.04067554e-07
1.695015,1.03015078e+00,-1.42166549e-01,-2.58417823e-01,1.88684862e-02,-2.36200092e-04,2.61177418e-05,-2.69376705e-05,5.46241977e+00,6.11720419e-07
1.695562,1.02821780e+00,-1.44201955e-01,-2.57077607e-01,1.85177961e-02,-2.35827462e-04,2.93177799e-05,-2.69939110e-05,5.50881210e+00,6.16861257e-07
1.696109,1.02628912e+00,-1.46634111e-01,-2.56911723e-01,1.82042885e-02,-2.35230040e-04,3.04575981e-05,-2.75001304e-05,5.53990279e+00,6.23015289e-07
1.696656,1.02436402e+00,-1.49021645e-01,-2.56375552e-01,1.82837842e-02,-2.35273038e-04,3.28028396e-05,-2.40304057e-05,5.58519847e+00,6.28260580e-07
1.697203,1.02244174e+00,-1.50380307e-01,-2.53276614e-01,1.76002589e-02,-2.34917217e-04,3.87694094e-05,-2.64996739e-05,5.62120137e+00,6.33918244e-07
1.697749,1.02052166e+00,-1.55375226e-01,-2.58535019e-01,1.80178225e-02,-2.36934204e-04,3.44560290e-05,-2.39065323e-05,5.62542396e+00,6.41608793e-07
1.698296,1.01860297e+00,-1.57787425e-01,-2.56918998e-01,1.74609941e-02,-2.39519721e-04,4.19427141e-05,-2.64946979e-05,5.69251258e+00,6.46122800e-07
1.698843,1.01668484e+00,-1.60756943e-01,-2.57515037e-01,1.74585694e-02,-2.39763754e-04,4.27210055e-05,-2.47074001e-05,5.67757829e+00,6.56309245e-07
1.699390,1.01476663e+00,-1.64038100e-01,-2.59124025e-01,1.68644104e-02,-2.39278079e-04,4.11569455e-05,-2.93160635e-05,5.72826345e+00,6.61958906e-07
1.699937,1.01284754e+00,-1.66988529e-01,-2.59601281e-01,1.68186596e-02,-2.39693383e-04,4.23630737e-05,-2.75722718e-05,5.77729775e+00,6.67086390e-07
1.700484,1.01092678e+00,-1.67972881e-01,-2.55742750e-01,1.64128674e-02,-2.39327888e-04,4.96795869e-05,-2.67864322e-05,5.82754029e+00,6.73089789e-07
1.701031,1.00900382e+00,-1.71881577e-01,-2.58145241e-01,1.62041073e-02,-2.40091032e-04,4.81161536e-05,-2.80993658e-05,5.82735479e+00,6.80891723e-07
1.701578,1.00707803e+00,-1.74014525e-01,-2.57543091e-01,1.54539178e-02,-2.38180959e-04,4.81405962e-05,-3.23600913e-05,5.88954387e+00,6.86695812e-07
1.702125,1.00514868e+00,-1.77337445e-01,-2.57523979e-01,1.58050400e-02,-2.41680968e-04,5.41261791e-05,-2.65881864e-05,5.93632002e+00,6.91598099e-07
1.702672,1.00321516e+00,-1.78074567e-01,-2.53477380e-01,1.49753874e-02,-2.40512477e-04,6.09927764e-05,-2.99843014e-05,5.93435870e+00,7.01078713e-07
1.703219,1.00127701e+00,-1.81173244e-01,-2.54293902e-01,1.44973704e-02,-2.40020923e-04,6.01563158e-05,-3.24659924e-05,5.93345875e+00,7.08701115e-07
1.703766,9.99333737e-01,-1.83930157e-01,-2.53179300e-01,1.47118513e-02,-2.42635788e-04,6.68744261e-05,-2.73633773e-05,5.99191633e+00,7.14282358e-07
1.704313,9.97384733e-01,-1.88697896e-01,-2.56628037e-01,1.47611700e-02,-2.43967412e-04,6.36946489e-05,-2.67370442e-05,5.98892883e+00,7.23599691e-07
1.704860,9.95429309e-01,-1.91161119e-01,-2.55773574e-01,1.45210522e-02,-2.44029346e-04,6.65322501e-05,-2.64413077e-05,6.06043109e+00,7.29632614e-07
1.705407,9.93466765e-01,-1.94155536e-01,-2.56089641e-01,1.43952663e-02,-2.43825634e-04,6.66752021e-05,-2.56694274e-05,6.10691428e+00,7.36568219e-07
1.705954,9.91496536e-01,-1.96312670e-01,-2.54793150e-01,1.34515417e-02,-2.43305394e-04,6.98128498e-05,-3.19344858e-05,6.17016480e+00,7.42538823e-07
1.706501,9.89518101e-01,-2.00313573e-01,-2.56281542e-01,1.35519062e-02,-2.45068103e-04,7.05602721e-05,-2.92189546e-05,6.18945413e+00,7.49922723e-07
1.707048,9.87530910e-01,-2.02563218e-01,-2.55174312e-01,1.33299062e-02,-2.44558920e-04,7.28457436e-05,-2.83794365e-05,6.24851387e+00,7.57487145e-07
1.707595,9.85534397e-01,-2.04177671e-01,-2.52870033e-01,1.28092723e-02,-2.43938427e-04,7.74070251e-05,-2.98917666e-05,6.30217320e+00,7.63941854e-07
1.708142,9.83528175e-01,-2.07818352e-01,-2.54239135e-01,1.22612559e-02,-2.43704714e-04,7.53492170e-05,-3.33037144e-05,6.33551761e+00,7.71176956e-07
1.708689,9.81511767e-01,-2.10916447e-01,-2.53549391e-01,1.22283610e-02,-2.46127016e-04,8.14679402e-05,-3.07615760e-05,6.39901964e+00,7.77306144e-07
1.709236,9.79484644e-01,-2.13962609e-01,-2.53617321e-01,1.20593377e-02,-2.46133395e-04,8.19888653e-05,-2.99136738e-05,6.41845174e+00,7.87026179e-07
1.709782,9.77446339e-01,-2.16204974e-01,-2.52297900e-01,1.16631492e-02,-2.45878022e-04,8.50650042e-05,-3.06614588e-05,6.48481601e+00,7.93656643e-07
1.710329,9.75396414e-01,-2.17082255e-01,-2.48982981e-01,1.08890994e-02,-2.44364947e-04,9.03586253e-05,-3.39655217e-05,6.53512364e+00,8.00857341e-07
1.710876,9.73334612e-01,-2.20258186e-01,-2.49171085e-01,1.05502789e-02,-2.44442668e-04,9.05264980e-05,-3.44524246e-05,6.55726751e+00,8.07800927e-07
1.711423,9.71260611e-01,-2.22924017e-01,-2.48563416e-01,1.03223760e-02,-2.44267867e-04,9.18550806e-05,-3.34875667e-05,6.62613940e+00,8.14663160e-07
1.711970,9.69173964e-01,-2.24964259e-01,-2.46886320e-01,1.01279967e-02,-2.44027030e-04,9.53401424e-05,-3.18747350e-05,6.69130518e+00,8.21439016e-07
1.712517,9.67074323e-01,-2.29035774e-01,-2.48331360e-01,9.82075043e-03,-2.44615403e-04,9.34139510e-05,-3.28229218e-05,6.74172433e+00,8.28584955e-07
1.713064,9.64961252e-01,-2.31520580e-01,-2.46855205e-01,9.53104100e-03,-2.45630522e-04,9.90092249e-05,-3.24075279e-05,6.81863853e+00,8.35639557e-07
1.713611,9.62834328e-01,-2.33664495e-01,-2.45413833e-01,9.04084383e-03,-2.45021995e-04,1.01455082e-04,-3.38235596e-05,6.85183042e+00,8.44559630e-07
1.714158,9.60693291e-01,-2.35322123e-01,-2.43223651e-01,8.55747273e-03,-2.44273652e-04,1.05319458e-04,-3.47535335e-05,6.90958142e+00,8.51564320e-07
1.714705,9.58537918e-01,-2.37520947e-01,-2.41692599e-01,8.38328066e-03,-2.44156700e-04,1.08406326e-04,-3.29562811e-05,6.95788021e+00,8.58669558e-07
1.715252,9.56368000e-01,-2.40926632e-01,-2.41888489e-01,7.89797864e-03,-2.44461014e-04,1.08413478e-04,-3.49710377e-05,7.01457603e+00,8.65935332e-07
1.715799,9.54183202e-01,-2.43892196e-01,-2.41584599e-01,7.66486947e-03,-2.44358465e-04,1.08447144e-04,-3.41246949e-05,7.08615916e+00,8.73443264e-07
1.716346,9.51983126e-01,-2.45749476e-01,-2.39309396e-01,7.18858714e-03,-2.44519280e-04,1.14443542e-04,-3.51171760e-05,7.16388018e+00,8.80259813e-07
1.716893,9.49767536e-01,-2.49634104e-01,-2.39836100e-01,7.07059338e-03,-2.45705342e-04,1.14611366e-04,-3.35490980e-05,7.19348552e+00,8.88697063e-07
1.717440,9.47536153e-01,-2.52282020e-01,-2.38900969e-01,6.58784377e-03,-2.45574757e-04,1.16341907e-04,-3.50646872e-05,7.27183995e+00,8.96809516e-07
1.717987,9.45288616e-01,-2.54105957e-01,-2.36563290e-01,6.40083408e-03,-2.45736778e-04,1.22078403e-04,-3.32168482e-05,7.33975872e+00,9.04235729e-07
1.718534,9.43024757e-01,-2.58130245e-01,-2.37157348e-01,6.11466192e-03,-2.46868185e-04,1.21758885e-04,-3.34369960e-05,7.37456029e+00,9.12333326e-07
1.719081,9.40744306e-01,-2.60455290e-01,-2.35280717e-01,6.00099058e-03,-2.47579133e-04,1.27399964e-04,-3.12684305e-05,7.45714080e+00,9.20580756e-07
1.719628,9.38446973e-01,-2.67195224e-01,-2.38750770e-01,5.30601331e-03,-2.50976619e-04,1.24273322e-04,-3.65076412e-05,7.49460676e+00,9.29236681e-07
1.720175,9.36132285e-01,-2.70921943e-01,-2.38050799e-01,5.03551626e-03,-2.53362682e-04,1.30763120e-04,-3.59756183e-05,7.55436088e+00,9.40048306e-07
1.720722,9.33799703e-01,-2.74209839e-01,-2.37545180e-01,4.66903246e-03,-2.53874177e-04,1.31858315e-04,-3.63145696e-05,7.58954655e+00,9.50909292e-07
1.721269,9.31448941e-01,-2.76667278e-01,-2.36074338e-01,4.27300336e-03,-2.53766129e-04,1.34414432e-04,-3.66202901e-05,7.66924371e+00,9.58853681e-07
1.721816,9.29079752e-01,-2.79915968e-01,-2.35466433e-01,4.18342394e-03,-2.54443800e-04,1.35448387e-04,-3.42141006e-05,7.74048735e+00,9.66320374e-07
1.722362,9.26691890e-01,-2.82828098e-01,-2.34299766e-01,3.50629389e-03,-2.54832826e-04,1.38698979e-04,-3.75528746e-05,7.82084648e+00,9.74073078e-07
1.722909,9.24285103e-01,-2.86623457e-01,-2.33841054e-01,3.52555926e-03,-2.56641077e-04,1.41773868e-04,-3.41140973e-05,7.87682719e+00,9.82542835e-07
1.723456,9.21859132e-01,-2.89358558e-01,-2.32425414e-01,2.99802844e-03,-2.56887357e-04,1.45026547e-04,-3.59858425e-05,7.94240701e+00,9.91847360e-07
1.724003,9.19413734e-01,-2.90925712e-01,-2.30138215e-01,2.22335611e-03,-2.55482019e-04,1.47105880e-04,-3.97184823e-05,8.00778346e+00,9.99976840e-07
1.724550,9.16948818e-01,-2.95814193e-01,-2.30709916e-01,2.23427911e-03,-2.58170252e-04,1.48223617e-04,-3.63422594e-05,8.06681862e+00,1.00610624e-06
1.725097,9.14464112e-01,-2.98585658e-01,-2.29620204e-01,1.96175071e-03,-2.58059863e-04,1.48269031e-04,-3.55690184e-05,8.14804627e+00,1.01609076e-06
1.725644,9.11959225e-01,-3.01377603e-01,-2.28445699e-01,1.62316056e-03,-2.58145005e-04,1.49189758e-04,-3.54827577e-05,8.24040763e+00,1.02281725e-06
1.726191,9.09433918e-01,-3.02692272e-01,-2.25352299e-01,8.67861061e-04,-2.57386610e-04,1.56366494e-04,-3.91075757e-05,8.33029330e+00,1.02992151e-06
1.726738,9.06888178e-01,-3.03624500e-01,-2.22347970e-01,3.50298641e-04,-2.55791161e-04,1.59618085e-04,-4.00419427e-05,8.33718368e+00,1.03750664e-06
1.727285,9.04322163e-01,-3.07814803e-01,-2.22387209e-01,-8.99234957e-05,-2.57179031e-04,1.58638117e-04,-4.06904913e-05,8.40522688e+00,1.04296346e-06
1.727832,9.01735698e-01,-3.10897363e-01,-2.20603812e-01,-2.33639858e-04,-2.58684911e-04,1.65688898e-04,-3.82881781e-05,8.50210515e+00,1.05133109e-06
1.728379,8.99128512e-01,-3.16881774e-01,-2.21764782e-01,-1.09253492e-03,-2.61840677e-04,1.66018906e-04,-4.33058540e-05,8.53290605e+00,1.06098287e-06
1.728926,8.96500230e-01,-3.20742002e-01,-2.20782612e-01,-1.32859651e-03,-2.63660316e-04,1.70275916e-04,-4.15687343e-05,8.60096290e+00,1.07246931e-06
1.729473,8.93850375e-01,-3.23689634e-01,-2.19365008e-01,-1.65615082e-03,-2.64136024e-04,1.71883163e-04,-4.08049608e-05,8.67334666e+00,1.08208884e-06
1.730020,8.91178697e-01,-3.26582862e-01,-2.17890882e-01,-2.09931645e-03,-2.64505470e-04,1.73533962e-04,-4.12004202e-05,8.76647749e+00,1.08945890e-06
1.730567,8.88484980e-01,-3.29805068e-01,-2.16567086e-01,-2.20930628e-03,-2.65532645e-04,1.75566840e-04,-3.83993343e-05,8.85938479e+00,1.09674708e-06
1.731114,8.85768990e-01,-3.33161379e-01,-2.15063089e-01,-3.09722128e-03,-2.66353191e-04,1.80251308e-04,-4.33119507e-05,8.94761946e+00,1.10452055e-06
1.731661,8.83030522e-01,-3.34819884e-01,-2.12175079e-01,-3.40200400e-03,-2.65947549e-04,1.85858964e-04,-4.20463469e-05,8.98551039e+00,1.11350385e-06
1.732208,8.80269561e-01,-3.39307305e-01,-2.11752022e-01,-3.90114863e-03,-2.67938878e-04,1.86441453e-04,-4.29113972e-05,9.03819345e+00,1.12011353e-06
1.732755,8.77485915e-01,-3.42948406e-01,-2.11044658e-01,-4.13056145e-03,-2.69020287e-04,1.83930090e-04,-4.10495528e-05,9.14101100e+00,1.12925541e-06
1.733302,8.74679079e-01,-3.46884811e-01,-2.09247195e-01,-4.59549737e-03,-2.71057344e-04,1.93509650e-04,-4.16725729e-05,9.24715235e+00,1.13604493e-06
1.733849,8.71848760e-01,-3.52714349e-01,-2.09532549e-01,-5.06230681e-03,-2.74458174e-04,1.94133405e-04,-4.21985835e-05,9.24699110e+00,1.14700788e-06
1.734395,8.68994544e-01,-3.55193453e-01,-2.07071274e-01,-5.58809148e-03,-2.74593266e-04,1.99775204e-04,-4.32378799e-05,9.35561788e+00,1.15803722e-06
1.734942,8.66116059e-01,-3.58622738e-01,-2.05547177e-01,-6.00857110e-03,-2.75686963e-04,2.01689453e-04,-4.31458483e-05,9.41322946e+00,1.16539498e-06
1.735489,8.63213149e-01,-3.61637761e-01,-2.03698893e-01,-6.32351019e-03,-2.76449411e-04,2.03889819e-04,-4.20722906e-05,9.51620059e+00,1.17303668e-06
1.736036,8.60285533e-01,-3.64429885e-01,-2.01666719e-01,-6.59702943e-03,-2.77038694e-04,2.06247262e-04,-4.07227658e-05,9.61788641e+00,1.18002586e-06
1.736583,8.57332990e-01,-3.67980057e-01,-2.00257141e-01,-6.89093206e-03,-2.78361703e-04,2.06814349e-04,-3.96553958e-05,9.71861768e+00,1.18663365e-06
1.737130,8.54355212e-01,-3.71418772e-01,-1.98847230e-01,-7.68854987e-03,-2.79164419e-04,2.06861747e-04,-4.34775470e-05,9.83335471e+00,1.19386171e-06
1.737677,8.51351801e-01,-3.75375567e-01,-1.97281998e-01,-7.96593646e-03,-2.81016725e-04,2.10907479e-04,-4.19231364e-05,9.92206532e+00,1.20075014e-06
1.738224,8.48322388e-01,-3.75684423e-01,-1.93224357e-01,-8.72062284e-03,-2.78733145e-04,2.18378407e-04,-4.53919045e-05,1.00145309e+01,1.20934501e-06
1.738771,8.45267044e-01,-3.80403379e-01,-1.92228429e-01,-9.24009682e-03,-2.81263511e-04,2.19868011e-04,-4.58597388e-05,1.00000837e+01,1.21295949e-06
1.739318,8.42185713e-01,-3.83272301e-01,-1.90200844e-01,-9.88761733e-03,-2.81744604e-04,2.21037207e-04,-4.76877029e-05,1.01162123e+01,1.22205756e-06
1.739865,8.39077955e-01,-3.87224265e-01,-1.88482509e-01,-1.00851655e-02,-2.83737492e-04,2.24589735e-04,-4.49435698e-05,1.02233760e+01,1.22799268e-06
1.740412,8.35943430e-01,-3.90526158e-01,-1.86289994e-01,-1.09378843e-02,-2.84420407e-04,2.29195991e-04,-4.87988329e-05,1.03185605e+01,1.23611397e-06
1.740959,8.32781838e-01,-3.96250699e-01,-1.85579865e-01,-1.12831083e-02,-2.88163909e-04,2.31009327e-04,-4.70828467e-05,1.03752754e+01,1.24333996e-06
1.741506,8.29592664e-01,-3.99242021e-01,-1.83069498e-01,-1.20407136e-02,-2.88549931e-04,2.36223891e-04,-4.98634136e-05,1.04970050e+01,1.25382860e-06
1.742053,8.26375425e-01,-4.03885410e-01,-1.81512182e-01,-1.22976966e-02,-2.91243728e-04,2.39503471e-04,-4.73336286e-05,1.05566812e+01,1.26037054e-06
1.742600,8.23129762e-01,-4.07245978e-01,-1.79463609e-01,-1.26758311e-02,-2.92594871e-04,2.40748848e-04,-4.64238425e-05,1.06629063e+01,1.26917086e-06
1.743147,8.19855166e-01,-4.09519980e-01,-1.76464367e-01,-1.33302220e-02,-2.92353752e-04,2.46098534e-04,-4.84083166e-05,1.07893167e+01,1.27528181e-06
1.743694,8.16551418e-01,-4.13105353e-01,-1.74307901e-01,-1.37718911e-02,-2.93889649e-04,2.48741065e-04,-4.79250717e-05,1.08482452e+01,1.28018284e-06
1.744241,8.13218309e-01,-4.16073110e-01,-1.71816193e-01,-1.43248578e-02,-2.94665508e-04,2.51502399e-04,-4.86770936e-05,1.09667060e+01,1.28673328e-06
1.744788,8.09855481e-01,-4.18851689e-01,-1.69125791e-01,-1.47320142e-02,-2.95355848e-04,2.54986740e-04,-4.80040501e-05,1.10786469e+01,1.29209814e-06
1.745335,8.06462673e-01,-4.25333426e-01,-1.68566722e-01,-1.55804523e-02,-2.99874832e-04,2.53921727e-04,-5.08270178e-05,1.11850357e+01,1.29712429e-06
1.745882,8.03039158e-01,-4.30718238e-01,-1.66054953e-01,-1.61597547e-02,-3.01969919e-04,2.67262574e-04,-5.10319784e-05,1.13047281e+01,1.30782774e-06
1.746428,7.99584193e-01,-4.41311142e-01,-1.66758042e-01,-1.70515049e-02,-3.10298723e-04,2.69619632e-04,-5.30025017e-05,1.11877836e+01,1.31856170e-06
1.746975,7.96096665e-01,-4.45319484e-01,-1.64263919e-01,-1.73728638e-02,-3.12062216e-04,2.74153417e-04,-5.08488847e-05,1.13249493e+01,1.33695104e-06
1.747522,7.92575343e-01,-4.48467904e-01,-1.61423166e-01,-1.81515956e-02,-3.12697956e-04,2.78105803e-04,-5.34827167e-05,1.14240944e+01,1.34356468e-06
1.748069,7.89019827e-01,-4.54810428e-01,-1.60146663e-01,-1.87080773e-02,-3.17305377e-04,2.79040935e-04,-5.29163776e-05,1.15089591e+01,1.34834511e-06
1.748616,7.85429354e-01,-4.57583585e-01,-1.56460824e-01,-1.93150451e-02,-3.16763759e-04,2.89409531e-04,-5.38184762e-05,1.16582066e+01,1.35855572e-06
1.749163,7.81803373e-01,-4.64827776e-01,-1.55150967e-01,-1.97906454e-02,-3.22140199e-04,2.92432229e-04,-5.21800232e-05,1.15886684e+01,1.36289281e-06
1.749710,7.78141269e-01,-4.68052005e-01,-1.52062403e-01,-2.04943548e-02,-3.22762755e-04,2.97008355e-04,-5.39757439e-05,1.17286774e+01,1.37478706e-06
1.750257,7.74442202e-01,-4.74972433e-01,-1.50833970e-01,-2.14034195e-02,-3.28002861e-04,2.96454063e-04,-5.64741716e-05,1.18146479e+01,1.37898024e-06
1.750804,7.70700530e-01,-4.79827477e-01,-1.47910405e-01,-2.19357953e-02,-3.28164772e-04,3.02791876e-04,-5.54238626e-05,1.19509625e+01,1.38968293e-06
1.751351,7.66915044e-01,-4.83401234e-01,-1.44955867e-01,-2.26925873e-02,-3.31179759e-04,3.08043745e-04,-5.76208394e-05,1.19845210e+01,1.39449475e-06
1.751898,7.63089923e-01,-4.83305939e-01,-1.40526699e-01,-2.34368134e-02,-3.28482836e-04,3.12350348e-04,-6.03211578e-05,1.21014112e+01,1.39861414e-06
1.752445,7.59225108e-01,-4.89995823e-01,-1.38416617e-01,-2.38211620e-02,-3.33370764e-04,3.16814353e-04,-5.71921688e-05,1.21362213e+01,1.39538918e-06
1.752992,7.55320185e-01,-4.90253007e-01,-1.33741443e-01,-2.43669528e-02,-3.30461807e-04,3.24474507e-04,-5.80249818e-05,1.22557133e+01,1.40547818e-06
1.753539,7.51374797e-01,-4.99708935e-01,-1.32613128e-01,-2.55695949e-02,-3.37906219e-04,3.26693432e-04,-6.19108655e-05,1.22100477e+01,1.40257269e-06
1.754086,7.47388188e-01,-5.06683470e-01,-1.30151740e-01,-2.59192212e-02,-3.42499885e-04,3.33212859e-04,-5.81259392e-05,1.23399514e+01,1.41776326e-06
1.754633,7.43358720e-01,-5.12833888e-01,-1.27634826e-01,-2.68647409e-02,-3.46289714e-04,3.36701178e-04,-6.07028480e-05,1.24190803e+01,1.42790389e-06
1.755180,7.39285177e-01,-5.14126554e-01,-1.23299811e-01,-2.73736211e-02,-3.44811820e-04,3.42748130e-04,-6.05855607e-05,1.25469968e+01,1.43600584e-06
1.755727,7.35167044e-01,-5.20032213e-01,-1.20548858e-01,-2.77510675e-02,-3.49184516e-04,3.46124074e-04,-5.75792161e-05,1.25713582e+01,1.43386764e-06
1.756274,7.31003796e-01,-5.24076436e-01,-1.16555691e-01,-2.92740504e-02,-3.48353188e-04,3.56737329e-04,-6.63774225e-05,1.27056033e+01,1.44126179e-06
1.756821,7.26794746e-01,-5.24980447e-01,-1.12036528e-01,-2.95838367e-02,-3.47018793e-04,3.61778730e-04,-6.40018901e-05,1.24066692e+01,1.44395047e-06
1.757368,7.22539895e-01,-5.35416954e-01,-1.10369729e-01,-3.07189818e-02,-3.55799017e-04,3.64458074e-04,-6.60323320e-05,1.24433772e+01,1.44031048e-06
1.757915,7.18238098e-01,-5.38789529e-01,-1.06263137e-01,-3.14241617e-02,-3.55855819e-04,3.71812150e-04,-6.65379528e-05,1.26078326e+01,1.45678670e-06
1.758462,7.13887980e-01,-5.37882865e-01,-1.01339860e-01,-3.17977313e-02,-3.52924663e-04,3.75124638e-04,-6.56681430e-05,1.26165268e+01,1.45750060e-06
1.759008,7.09489661e-01,-5.40087060e-01,-9.72317461e-02,-3.25336580e-02,-3.53146104e-04,3.78304253e-04,-6.70471034e-05,1.26645139e+01,1.44904188e-06
1.759555,7.05043268e-01,-5.43054346e-01,-9.32252369e-02,-3.30946985e-02,-3.54186175e-04,3.82076227e-04,-6.62997270e-05,1.27555035e+01,1.44710995e-06
1.760102,7.00548426e-01,-5.44955013e-01,-8.89629423e-02,-3.39054993e-02,-3.53809501e-04,3.85614992e-04,-6.84764024e-05,1.28562998e+01,1.44662346e-06
1.760649,6.96004820e-01,-5.40475470e-01,-8.30222642e-02,-3.39479716e-02,-3.46636045e-04,3.91054136e-04,-6.59635393e-05,1.29152145e+01,1.44343874e-06
1.761196,6.91413214e-01,-5.47073678e-01,-7.97037671e-02,-3.47684353e-02,-3.51663137e-04,3.94878281e-04,-6.61549569e-05,1.27401409e+01,1.42571110e-06
1.761743,6.86773718e-01,-5.49321530e-01,-7.53704712e-02,-3.53321245e-02,-3.51718858e-04,3.98937187e-04,-6.58565667e-05,1.28841360e+01,1.43280973e-06
1.762290,6.82085473e-01,-5.43221533e-01,-6.94154530e-02,-3.59285599e-02,-3.42755971e-04,4.01855669e-04,-6.98135313e-05,1.29486258e+01,1.42973221e-06
1.762837,6.77349390e-01,-5.43813183e-01,-6.47986731e-02,-3.63138033e-02,-3.41890033e-04,4.04951885e-04,-6.82327973e-05,1.27138512e+01,1.40736029e-06
1.763384,6.72566573e-01,-5.46280182e-01,-6.05413819e-02,-3.72009680e-02,-3.42380140e-04,4.08062894e-04,-7.06981144e-05,1.27608883e+01,1.40038505e-06
1.763931,6.67736912e-01,-5.42474684e-01,-5.50008321e-02,-3.73304524e-02,-3.36075950e-04,4.12327865e-04,-6.87900847e-05,1.28131997e+01,1.39733783e-06
1.764478,6.62860987e-01,-5.39460823e-01,-4.99301418e-02,-3.77198978e-02,-3.31744433e-04,4.13349293e-04,-6.92480487e-05,1.26533397e+01,1.37941534e-06
1.765025,6.57940090e-01,-5.36530230e-01,-4.47464839e-02,-3.77541853e-02,-3.27251659e-04,4.16084380e-04,-6.62416594e-05,1.26456955e+01,1.36365154e-06
1.765572,6.52975330e-01,-5.40418934e-01,-4.06291081e-02,-3.85791818e-02,-3.29628364e-04,4.19248595e-04,-6.75402563e-05,1.25672087e+01,1.34773348e-06
1.766119,6.47966891e-01,-5.36951572e-01,-3.53905325e-02,-3.88895800e-02,-3.23803146e-04,4.22233280e-04,-6.76483799e-05,1.26490363e+01,1.34745632e-06
1.766666,6.42915079e-01,-5.26459523e-01,-2.96479282e-02,-3.87158071e-02,-3.12398526e-04,4.20365199e-04,-6.70188946e-05,1.25060363e+01,1.32945643e-06
1.767213,6.37822168e-01,-5.23818549e-01,-2.48968885e-02,-3.91898061e-02,-3.08942691e-04,4.20533364e-04,-6.83761047e-05,1.23145163e+01,1.29560387e-06
1.767760,6.32690206e-01,-5.23844119e-01,-2.02413607e-02,-3.94261858e-02,-3.07573419e-04,4.23568414e-04,-6.58497134e-05,1.22920416e+01,1.28001010e-06
1.768307,6.27519841e-01,-5.11221693e-01,-1.45036335e-02,-3.92983271e-02,-2.92916435e-04,4.22456868e-04,-6.72280696e-05,1.22527022e+01,1.27017422e-06
1.768854,6.22313247e-01,-5.21505054e-01,-1.07270838e-02,-4.05619945e-02,-3.01866325e-04,4.28383663e-04,-6.86679976e-05,1.17991496e+01,1.23042609e-06
1.769401,6.17071130e-01,-5.18182450e-01,-5.70934484e-03,-4.10721057e-02,-2.95461735e-04,4.31682578e-04,-7.05900164e-05,1.19207629e+01,1.24447996e-06
1.769948,6.11792955e-01,-5.05285943e-01,-4.42842578e-04,-4.02293490e-02,-2.82381898e-04,4.28400409e-04,-6.52669601e-05,1.16621228e+01,1.22553989e-06
1.770495,6.06481451e-01,-4.93691897e-01,4.42722875e-03,-3.98617290e-02,-2.71027608e-04,4.23966638e-04,-6.43243568e-05,1.13421158e+01,1.18508982e-06
1.771041,6.01140328e-01,-4.86271382e-01,8.99119782e-03,-3.98934675e-02,-2.63469651e-04,4.21385757e-04,-6.47337313e-05,1.11334474e+01,1.14814984e-06
1.771588,5.95772494e-01,-4.76600508e-01,1.34889542e-02,-3.98573965e-02,-2.53554417e-04,4.17674933e-04,-6.58615366e-05,1.09874312e+01,1.12097491e-06
1.772135,5.90380621e-01,-4.66583833e-01,1.78898632e-02,-3.94707789e-02,-2.43640760e-04,4.14117781e-04,-6.38190906e-05,1.07633233e+01,1.08862188e-06
1.772682,5.84967774e-01,-4.58814189e-01,2.20777913e-02,-3.93996942e-02,-2.35954978e-04,4.11009209e-04,-6.36197350e-05,1.05377878e+01,1.05570785e-06
1.773229,5.79536751e-01,-4.46509868e-01,2.62114326e-02,-3.86690847e-02,-2.23856413e-04,4.06457781e-04,-6.01096299e-05,1.03663914e+01,1.02814103e-06
1.773776,5.74090709e-01,-4.30865209e-01,2.99343236e-02,-3.80112991e-02,-2.09252605e-04,3.98280257e-04,-5.99264972e-05,1.00444473e+01,9.90433863e-07
1.774323,5.68633921e-01,-4.26464085e-01,3.37133049e-02,-3.81781173e-02,-2.05382609e-04,3.96019475e-04,-6.01830615e-05,9.70482301e+00,9.46073744e-07
1.774870,5.63169458e-01,-4.12318088e-01,3.73070340e-02,-3.72709574e-02,-1.91050290e-04,3.90793054e-04,-5.67066950e-05,9.60640608e+00,9.26989179e-07
1.775417,5.57700307e-01,-4.04371682e-01,4.06991083e-02,-3.71414127e-02,-1.84112696e-04,3.86041677e-04,-5.69041955e-05,9.16258807e+00,8.86498678e-07
1.775964,5.52229957e-01,-3.89889957e-01,4.36808620e-02,-3.64947732e-02,-1.70288939e-04,3.78405862e-04,-5.66525612e-05,8.99971448e+00,8.60288249e-07
1.776511,5.46761885e-01,-3.78093880e-01,4.64994677e-02,-3.59098106e-02,-1.60169308e-04,3.71046177e-04,-5.52630721e-05,8.62818413e+00,8.20616480e-07
1.777058,5.41300123e-01,-3.63437650e-01,4.89918052e-02,-3.49170802e-02,-1.46979916e-04,3.62733788e-04,-5.22048072e-05,8.39621329e+00,7.87590097e-07
1.777605,5.35848712e-01,-3.51126523e-01,5.13520602e-02,-3.42853907e-02,-1.36462212e-04,3.54696574e-04,-5.12860584e-05,8.05303578e+00,7.49774413e-07
1.778152,5.30411771e-01,-3.36465679e-01,5.33289728e-02,-3.32929068e-02,-1.23587893e-04,3.45586641e-04,-4.87752190e-05,7.79856534e+00,7.17670398e-07
1.778699,5.24993409e-01,-3.27889801e-01,5.56646663e-02,-3.30523267e-02,-1.16465065e-04,3.39620150e-04,-4.92121794e-05,7.46937337e+00,6.82533436e-07
1.779246,5.19597182e-01,-3.17679685e-01,5.77778691e-02,-3.23613659e-02,-1.07305726e-04,3.33666105e-04,-4.65424024e-05,7.27341762e+00,6.59178952e-07
1.779793,5.14226025e-01,-3.05258662e-01,5.93268119e-02,-3.16401609e-02,-9.66428738e-05,3.25065804e-04,-4.56413668e-05,7.00755133e+00,6.33966852e-07
1.780340,5.08883453e-01,-2.92895257e-01,6.07134439e-02,-3.05528655e-02,-8.63790743e-05,3.16807562e-04,-4.13698167e-05,6.73159781e+00,6.06302250e-07
1.780887,5.03573260e-01,-2.80928061e-01,6.18926972e-02,-2.99607765e-02,-7.61120023e-05,3.08098070e-04,-4.19584026e-05,6.45080838e+00,5.80493995e-07
1.781434,4.98299168e-01,-2.74849725e-01,6.38209551e-02,-2.97852085e-02,-7.15038837e-05,3.03405979e-04,-4.17895059e-05,6.17386686e+00,5.56867458e-07
1.781981,4.93063937e-01,-2.62002354e-01,6.45899141e-02,-2.86643000e-02,-5.99829855e-05,2.95025412e-04,-3.81120704e-05,6.02380011e+00,5.41464030e-07
1.782528,4.87870510e-01,-2.54319957e-01,6.59423567e-02,-2.83700833e-02,-5.40649950e-05,2.88765233e-04,-3.85573804e-05,5.69999348e+00,5.20405097e-07
1.783075,4.82722056e-01,-2.44080209e-01,6.67616552e-02,-2.75003889e-02,-4.52764051e-05,2.81594785e-04,-3.55869303e-05,5.52601158e+00,5.05276686e-07
1.783621,4.77621318e-01,-2.33227514e-01,6.71448909e-02,-2.69801305e-02,-3.63146402e-05,2.72610427e-04,-3.68449960e-05,5.27989209e+00,4.89978830e-07
1.784168,4.72571514e-01,-2.26140290e-01,6.82948192e-02,-2.62799853e-02,-3.06928889e-05,2.67706379e-04,-3.30599919e-05,5.04234155e+00,4.75693033e-07
1.784715,4.67575358e-01,-2.17400463e-01,6.88666214e-02,-2.58000832e-02,-2.32828469e-05,2.60711783e-04,-3.32233013e-05,4.85849537e+00,4.65326661e-07
1.785262,4.62635264e-01,-2.07554967e-01,6.89638312e-02,-2.50323166e-02,-1.55300296e-05,2.52425103e-04,-3.16793612e-05,4.65674816e+00,4.55483920e-07
1.785809,4.57754005e-01,-1.98282065e-01,6.90221363e-02,-2.42654563e-02,-8.40167399e-06,2.44502975e-04,-2.98561512e-05,4.45986051e+00,4.46931788e-07
1.786356,4.52934383e-01,-1.91023338e-01,6.94442160e-02,-2.38619341e-02,-2.87071110e-06,2.38053451e-04,-2.98693623e-05,4.27614827e+00,4.40250053e-07
1.786903,4.48178784e-01,-1.83468168e-01,6.96895366e-02,-2.32072743e-02,3.05107407e-06,2.31722576e-04,-2.77854970e-05,4.12164939e+00,4.34516462e-07
1.787450,4.43489332e-01,-1.74283315e-01,6.92692929e-02,-2.22944589e-02,1.00626516e-05,2.23609864e-04,-2.50667148e-05,3.95923500e+00,4.30533335e-07
1.787997,4.38868422e-01,-1.68885462e-01,6.98387723e-02,-2.20179712e-02,1.38764352e-05,2.18575279e-04,-2.51034972e-05,3.78282760e+00,4.28787338e-07
1.788544,4.34318069e-01,-1.62429432e-01,7.00009928e-02,-2.14887178e-02,1.89627842e-05,2.12904387e-04,-2.37375027e-05,3.66333162e+00,4.25150570e-07
1.789091,4.29839870e-01,-1.56757313e-01,7.02669941e-02,-2.11148819e-02,2.31132895e-05,2.07559650e-04,-2.32835554e-05,3.52410409e+00,4.23824562e-07
1.789638,4.25435442e-01,-1.49562306e-01,6.98862045e-02,-2.05306973e-02,2.87141869e-05,2.00771723e-04,-2.24037950e-05,3.40435830e+00,4.22091359e-07
1.790185,4.21106476e-01,-1.42014784e-01,6.91902615e-02,-1.99036192e-02,3.42679126e-05,1.93266259e-04,-2.16383475e-05,3.26372875e+00,4.23289370e-07
1.790732,4.16854900e-01,-1.36289896e-01,6.90531881e-02,-1.94248166e-02,3.82266833e-05,1.87609730e-04,-2.05395742e-05,3.12823316e+00,4.25643750e-07
1.791279,4.12682360e-01,-1.33765155e-01,7.01094165e-02,-1.92709172e-02,3.95708821e-05,1.85346348e-04,-1.93339531e-05,3.01919312e+00,4.26273009e-07
1.791826,4.08589717e-01,-1.28183218e-01,6.98717541e-02,-1.88920189e-02,4.42985425e-05,1.79979076e-04,-1.92772210e-05,2.94762293e+00,4.22434173e-07
1.792373,4.04577825e-01,-1.20863059e-01,6.86847805e-02,-1.82494525e-02,4.96527894e-05,1.72167233e-04,-1.87001767e-05,2.83154312e+00,4.24823806e-07
1.792920,4.00648208e-01,-1.17881507e-01,6.92912945e-02,-1.81908931e-02,5.12315116e-05,1.68969357e-04,-1.90590958e-05,2.71014644e+00,4.29975848e-07
1.793467,3.96801900e-01,-1.13174921e-01,6.91201087e-02,-1.76845301e-02,5.49658283e-05,1.64513890e-04,-1.69839116e-05,2.64353743e+00,4.27421799e-07
1.794014,3.93039549e-01,-1.10171775e-01,6.96084645e-02,-1.75029266e-02,5.67017953e-05,1.61405918e-04,-1.63848744e-05,2.54887289e+00,4.29769698e-07
1.794561,3.89361772e-01,-1.06249131e-01,6.95981316e-02,-1.72354880e-02,5.96361305e-05,1.57313891e-04,-1.60457744e-05,2.48490082e+00,4.28053537e-07
1.795108,3.85769016e-01,-1.02528845e-01,6.95980719e-02,-1.69013272e-02,6.21214377e-05,1.53390828e-04,-1.49248473e-05,2.40835889e+00,4.29007111e-07
1.795654,3.82261799e-01,-9.91898743e-02,6.97098812e-02,-1.67455944e-02,6.43978159e-05,1.49701325e-04,-1.51762003e-05,2.33886246e+00,4.29596637e-07
1.796201,3.78840499e-01,-9.36117869e-02,6.85146757e-02,-1.62371618e-02,6.87194309e-05,1.43299453e-04,-1.47404099e-05,2.27499361e+00,4.29563465e-07
1.796748,3.75505724e-01,-9.17973217e-02,6.93240068e-02,-1.62339965e-02,6.93389210e-05,1.41387132e-04,-1.46535269e-05,2.18622781e+00,4.35173666e-07
1.797295,3.72257789e-01,-8.80637266e-02,6.90241344e-02,-1.58738614e-02,7.23174181e-05,1.37385858e-04,-1.34946367e-05,2.14531406e+00,4.31716432e-07
1.797842,3.69096707e-01,-8.43922762e-02,6.86286351e-02,-1.54768453e-02,7.46382980e-05,1.33162168e-04,-1.21268501e-05,2.07961648e+00,4.34027137e-07
1.798389,3.66022720e-01,-8.19900449e-02,6.89466742e-02,-1.54025426e-02,7.60228203e-05,1.30420755e-04,-1.23383230e-05,2.02213923e+00,4.35657650e-07
1.798936,3.63035792e-01,-7.88873728e-02,6.87786415e-02,-1.51552823e-02,7.82192430e-05,1.26851477e-04,-1.17821717e-05,1.97899571e+00,4.34375521e-07
1.799483,3.60135770e-01,-7.60290971e-02,6.86758995e-02,-1.50387423e-02,8.00509708e-05,1.23346233e-04,-1.22444502e-05,1.92861058e+00,4.35377789e-07
1.800030,3.57322511e-01,-7.37445081e-02,6.89446789e-02,-1.47908617e-02,8.13990199e-05,1.20958740e-04,-1.06498661e-05,1.88378623e+00,4.35608017e-07
1.800577,3.54595703e-01,-7.23151686e-02,6.97542985e-02,-1.49478017e-02,8.21418423e-05,1.19388636e-04,-1.18875691e-05,1.84514169e+00,4.34895129e-07
1.801124,3.51954790e-01,-6.84367357e-02,6.87944178e-02,-1.44773808e-02,8.55274570e-05,1.14696688e-04,-1.03953418e-05,1.81635594e+00,4.31935512e-07
1.801671,3.49399411e-01,-6.70589365e-02,6.95742137e-02,-1.44435382e-02,8.57790933e-05,1.13335801e-04,-9.79958210e-06,1.75942073e+00,4.36465894e-07
1.802218,3.46929130e-01,-6.44006458e-02,6.93664616e-02,-1.42266245e-02,8.78425151e-05,1.10111525e-04,-9.29396602e-06,1.73697843e+00,4.33363299e-07
1.802765,3.44543276e-01,-6.16749493e-02,6.90037861e-02,-1.39767988e-02,8.95532938e-05,1.06604618e-04,-8.70128206e-06,1.69939010e+00,4.34538901e-07
1.803312,3.42241310e-01,-6.11916931e-02,7.04388372e-02,-1.42829406e-02,8.91617894e-05,1.06419207e-04,-1.00965563e-05,1.66513648e+00,4.35511243e-07
1.803859,3.40022326e-01,-5.86731074e-02,7.02267134e-02,-1.40071620e-02,9.15075229e-05,1.03465043e-04,-8.80290381e-06,1.65390129e+00,4.30393360e-07
1.804406,3.37885376e-01,-5.74894198e-02,7.10588187e-02,-1.40053416e-02,9.16795530e-05,1.02365635e-04,-8.32134842e-06,1.61884599e+00,4.32230315e-07
1.804953,3.35829566e-01,-5.47144365e-02,7.04692974e-02,-1.37274391e-02,9.40714853e-05,9.86573474e-05,-7.68763088e-06,1.60440913e+00,4.29421216e-07
1.805500,3.33853967e-01,-5.36250608e-02,7.13509578e-02,-1.37839202e-02,9.41959588e-05,9.76689780e-05,-7.67297725e-06,1.57074821e+00,4.31795841e-07
1.806047,3.31957586e-01,-5.11316097e-02,7.09075195e-02,-1.35306875e-02,9.63170754e-05,9.43273923e-05,-6.93997946e-06,1.55954388e+00,4.28957005e-07
1.806594,3.30139340e-01,-4.99451749e-02,7.16587369e-02,-1.36132257e-02,9.65870831e-05,9.30979881e-05,-7.37087298e-06,1.53146085e+00,4.30721190e-07
1.807141,3.28398110e-01,-4.79419145e-02,7.15999314e-02,-1.34010267e-02,9.80821268e-05,9.05754808e-05,-6.29453707e-06,1.52143817e+00,4.28324486e-07
1.807687,3.26732662e-01,-4.60946257e-02,7.16189523e-02,-1.33237543e-02,9.91462346e-05,8.80858587e-05,-6.39819984e-06,1.50163070e+00,4.28772774e-07
1.808234,3.25141796e-01,-4.46611621e-02,7.20508684e-02,-1.33286127e-02,9.97457718e-05,8.63847469e-05,-6.54029697e-06,1.48631670e+00,4.28388060e-07
1.808781,3.23624183e-01,-4.35064999e-02,7.27833946e-02,-1.33331970e-02,1.00048694e-04,8.53128769e-05,-6.16212353e-06,1.47665425e+00,4.26923383e-07
1.809328,3.22178375e-01,-4.16679846e-02,7.27267273e-02,-1.32102131e-02,1.01392081e-04,8.28091176e-05,-5.83324449e-06,1.47078550e+00,4.24871343e-07
1.809875,3.20802941e-01,-3.97133697e-02,7.24570762e-02,-1.30692473e-02,1.02629815e-04,7.99483110e-05,-5.64089333e-06,1.45700468e+00,4.24899680e-07
1.810422,3.19496490e-01,-3.86887158e-02,7.32972171e-02,-1.31457181e-02,1.02744323e-04,7.90972083e-05,-5.74584592e-06,1.44376260e+00,4.24900033e-07
1.810969,3.18257496e-01,-3.68612230e-02,7.31401060e-02,-1.30513495e-02,1.04215831e-04,7.64501445e-05,-5.72635141e-06,1.44238554e+00,4.22497195e-07
1.811516,3.17084390e-01,-3.48729695e-02,7.26809178e-02,-1.28888019e-02,1.05507675e-04,7.33524677e-05,-5.47551543e-06,1.43077896e+00,4.22473298e-07
1.812063,3.15975662e-01,-3.39545614e-02,7.36576858e-02,-1.28623281e-02,1.05463114e-04,7.29764698e-05,-4.33700522e-06,1.41940168e+00,4.22370884e-07
1.812610,3.14929674e-01,-3.28269688e-02,7.43342018e-02,-1.29166590e-02,1.05828087e-04,7.18900888e-05,-4.49460154e-06,1.42135893e+00,4.19797491e-07
1.813157,3.13944685e-01,-3.10870473e-02,7.41214700e-02,-1.29192867e-02,1.07213458e-04,6.91173455e-05,-5.41052202e-06,1.42207097e+00,4.17752577e-07
1.813704,3.13019011e-01,-2.98391855e-02,7.46130051e-02,-1.28474620e-02,1.07723723e-04,6.78773072e-05,-4.48236782e-06,1.41440375e+00,4.17197330e-07
1.814251,3.12150959e-01,-2.81907861e-02,7.44685673e-02,-1.27169013e-02,1.08892174e-04,6.54506569e-05,-3.98851261e-06,1.41488688e+00,4.15493867e-07
1.814798,3.11338811e-01,-2.74539563e-02,7.57364554e-02,-1.28558164e-02,1.08605525e-04,6.55352628e-05,-4.01246136e-06,1.41050997e+00,4.14656276e-07
1.815345,3.10580796e-01,-2.58646970e-02,7.56765452e-02,-1.26966903e-02,1.10034561e-04,6.32707107e-05,-3.10450228e-06,1.41958743e+00,4.11837307e-07
1.815892,3.09875135e-01,-2.46692952e-02,7.61959148e-02,-1.28492263e-02,1.10572273e-04,6.18709123e-05,-4.35565212e-06,1.41601516e+00,4.11245353e-07
1.816439,3.09220088e-01,-2.31413670e-02,7.61895347e-02,-1.26366737e-02,1.11871583e-04,5.98215160e-05,-2.76305295e-06,1.42014142e+00,4.09568900e-07
1.816986,3.08613907e-01,-2.17683231e-02,7.63664897e-02,-1.26237903e-02,1.12608942e-04,5.79887579e-05,-2.92706623e-06,1.41849718e+00,4.08989793e-07
1.817533,3.08054871e-01,-2.06860523e-02,7.70686538e-02,-1.26993908e-02,1.12814261e-04,5.71279830e-05,-3.14735872e-06,1.42204000e+00,4.07903135e-07
1.818080,3.07541230e-01,-1.95782596e-02,7.77188508e-02,-1.27581689e-02,1.13072250e-04,5.61947368e-05,-3.24782428e-06,1.43099319e+00,4.06551999e-07
1.818627,3.07071241e-01,-1.82098837e-02,7.78626256e-02,-1.27583937e-02,1.13969924e-04,5.43023284e-05,-3.44761173e-06,1.44030592e+00,4.05597931e-07
1.819174,3.06643207e-01,-1.67432920e-02,7.77842100e-02,-1.25411699e-02,1.14965433e-04,5.22550873e-05,-1.86561848e-06,1.44535973e+00,4.05518440e-07
1.819721,3.06255493e-01,-1.54921194e-02,7.81146595e-02,-1.24930245e-02,1.15429928e-04,5.08837992e-05,-1.45833980e-06,1.44849220e+00,4.05971007e-07
1.820267,3.05906485e-01,-1.42127073e-02,7.84047203e-02,-1.27124828e-02,1.16254715e-04,4.90815797e-05,-3.59434842e-06,1.45753638e+00,4.06471563e-07
1.820814,3.05594591e-01,-1.29044732e-02,7.86921504e-02,-1.26022694e-02,1.17253663e-04,4.76192493e-05,-2.40002071e-06,1.46453825e+00,4.07684344e-07
1.821361,3.05318265e-01,-1.18088533e-02,7.94317087e-02,-1.27487789e-02,1.17595242e-04,4.68599876e-05,-3.14920425e-06,1.47213992e+00,4.09734688e-07
1.821908,3.05075989e-01,-1.06051321e-02,7.99234776e-02,-1.26589282e-02,1.18170215e-04,4.58691098e-05,-1.91384864e-06,1.48583216e+00,4.12050869e-07
1.822455,3.04866278e-01,-9.21416239e-03,7.98438850e-02,-1.24807237e-02,1.18957207e-04,4.39131725e-05,-7.08934156e-07,1.49749595e+00,4.15228370e-07
1.823002,3.04687729e-01,-8.03011444e-03,8.03916622e-02,-1.26154426e-02,1.19544276e-04,4.28014683e-05,-1.70070281e-06,1.50607090e+00,4.19090087e-07
1.823549,3.04538982e-01,-6.56965408e-03,8.01930528e-02,-1.24176612e-02,1.20922353e-04,4.04932165e-05,-3.84015098e-07,1.51993009e+00,4.23756819e-07
1.824096,3.04418732e-01,-5.47687995e-03,8.10789837e-02,-1.25889514e-02,1.21278817e-04,4.00589799e-05,-1.28255175e-06,1.52639172e+00,4.29434432e-07
1.824643,3.04325704e-01,-4.22690466e-03,8.14055945e-02,-1.26226377e-02,1.21838452e-04,3.87374834e-05,-1.49782857e-06,1.54412708e+00,4.35697289e-07
1.825190,3.04258642e-01,-2.99864913e-03,8.18000453e-02,-1.26963168e-02,1.22326020e-04,3.75491306e-05,-1.97143354e-06,1.55925366e+00,4.42619648e-07
1.825737,3.04216356e-01,-1.79309576e-03,8.23281083e-02,-1.26160485e-02,1.22805065e-04,3.67804776e-05,-7.75598664e-07,1.57569383e+00,4.50299147e-07
1.826284,3.04197688e-01,-4.15840649e-04,8.21984231e-02,-1.24959480e-02,1.23790190e-04,3.46992574e-05,-1.18383424e-07,1.59276389e+00,4.58805678e-07
1.826831,3.04201550e-01,9.56996151e-04,8.20548821e-02,-1.25163692e-02,1.24750643e-04,3.24895471e-05,-8.20465542e-07,1.60526751e+00,4.67936944e-07
1.827378,3.04226933e-01,2.09828943e-03,8.29533213e-02,-1.25676694e-02,1.24995869e-04,3.24259833e-05,-4.56368710e-07,1.61851773e+00,4.77720246e-07
1.827925,3.04272799e-01,3.40685471e-03,8.31655092e-02,-1.26629870e-02,1.25913226e-04,3.08028381e-05,-1.35123931e-06,1.64096162e+00,4.88450798e-07
1.828472,3.04338122e-01,4.84147994e-03,8.27719497e-02,-1.24628520e-02,1.27242573e-04,2.82574807e-05,-8.02841548e-08,1.65800087e+00,4.99717290e-07
1.829019,3.04422000e-01,6.04098233e-03,8.36571450e-02,-1.26131529e-02,1.27699415e-04,2.80691736e-05,-6.88545149e-07,1.66915380e+00,5.11351239e-07
1.829566,3.04523508e-01,7.30674228e-03,8.40489157e-02,-1.26205047e-02,1.28194951e-04,2.71366031e-05,-4.89374094e-07,1.69326415e+00,5.24064516e-07
1.830113,3.04641687e-01,8.64909371e-03,8.40575604e-02,-1.25223485e-02,1.29089271e-04,2.54477618e-05,2.51535137e-07,1.71549462e+00,5.36905620e-07
1.830660,3.04775673e-01,9.90725789e-03,8.46111367e-02,-1.25447101e-02,1.29521882e-04,2.48918009e-05,4.30005272e-07,1.73420515e+00,5.50112850e-07
1.831207,3.04924610e-01,1.12637365e-02,8.46169197e-02,-1.25717334e-02,1.30556679e-04,2.30242898e-05,-4.79085059e-08,1.75916523e+00,5.64015999e-07
1.831754,3.05087669e-01,1.25688758e-02,8.48423202e-02,-1.26801128e-02,1.31125777e-04,2.17874651e-05,-9.92598159e-07,1.77904010e+00,5.78133451e-07
1.832300,3.05264069e-01,1.39769743e-02,8.46307863e-02,-1.24810600e-02,1.32535259e-04,1.95952109e-05,6.08055340e-07,1.80302760e+00,5.92588890e-07
1.832847,3.05453080e-01,1.52928544e-02,8.52782873e-02,-1.25678239e-02,1.33163811e-04,1.91961283e-05,3.29540166e-07,1.81959396e+00,6.07398969e-07
1.833394,3.05653946e-01,1.66111607e-02,8.56697353e-02,-1.25381026e-02,1.33690715e-04,1.85128887e-05,8.72808445e-07,1.84783727e+00,6.23078902e-07
1.833941,3.05865855e-01,1.79847794e-02,8.56588632e-02,-1.25231757e-02,1.34714588e-04,1.67765990e-05,8.05849491e-07,1.87566056e+00,6.38688060e-07
1.834488,3.06088089e-01,1.93290264e-02,8.61640868e-02,-1.25078631e-02,1.35325658e-04,1.63307629e-05,1.33027643e-06,1.89973372e+00,6.54327218e-07
1.835035,3.06319929e-01,2.07164127e-02,8.59041487e-02,-1.23222714e-02,1.36468602e-04,1.42430956e-05,2.57260429e-06,1.92979869e+00,6.70665514e-07
1.835582,3.06560706e-01,2.21255251e-02,8.60201793e-02,-1.24510530e-02,1.37614513e-04,1.26236719e-05,1.20219911e-06,1.95199278e+00,6.86454227e-07
1.836129,3.06809818e-01,2.34790188e-02,8.59239511e-02,-1.25125564e-02,1.38230585e-04,1.10721654e-05,3.32966607e-07,1.97820206e+00,7.02966054e-07
1.836676,3.07066648e-01,2.48994474e-02,8.63163977e-02,-1.24096212e-02,1.39198985e-04,1.04352312e-05,1.69053348e-06,2.00688343e+00,7.19021837e-07
1.837223,3.07330551e-01,2.63152784e-02,8.61781661e-02,-1.23796656e-02,1.40364704e-04,8.53076275e-06,1.65054967e-06,2.03761858e+00,7.36220519e-07
1.837770,3.07600912e-01,2.77394804e-02,8.64979232e-02,-1.24014655e-02,1.41169269e-04,7.83632936e-06,1.63007528e-06,2.06537793e+00,7.52763872e-07
1.838317,3.07877129e-01,2.91614284e-02,8.65705764e-02,-1.23784472e-02,1.42094266e-04,6.61092177e-06,1.77679437e-06,2.09980642e+00,7.70020127e-07
1.838864,3.08158574e-01,3.05854776e-02,8.65159913e-02,-1.23308390e-02,1.43090682e-04,5.13737952e-06,2.01959010e-06,2.13282938e+00,7.86985095e-07
1.839411,3.08444691e-01,3.20736562e-02,8.71306419e-02,-1.24939627e-02,1.43851231e-04,5.11751182e-06,9.77883935e-07,2.16540115e+00,8.03817113e-07
1.839958,3.08734833e-01,3.35603589e-02,8.72195688e-02,-1.23854191e-02,1.45142191e-04,3.80904022e-06,2.08466569e-06,2.20492958e+00,8.21901183e-07
1.840505,3.09028344e-01,3.50883987e-02,8.75809016e-02,-1.25301077e-02,1.46303356e-04,3.02658763e-06,9.82395581e-07,2.23860329e+00,8.39257072e-07
1.841052,3.09324623e-01,3.65849417e-02,8.77009937e-02,-1.24781198e-02,1.47427856e-04,1.97257440e-06,1.58929586e-06,2.27688478e+00,8.57140413e-07
1.841599,3.09623061e-01,3.80191170e-02,8.74026929e-02,-1.23452887e-02,1.48526127e-04,1.36270996e-07,2.44513944e-06,2.31484995e+00,8.74510644e-07
1.842146,3.09923181e-01,3.96497811e-02,8.80127498e-02,-1.25702690e-02,1.49796255e-04,-6.30658813e-08,8.57291000e-07,2.34936559e+00,8.90875293e-07
1.842693,3.10224407e-01,4.12951103e-02,8.85621775e-02,-1.24569534e-02,1.51202514e-04,-2.09490603e-07,2.56752307e-06,2.39208799e+00,9.09498118e-07
1.843240,3.10526000e-01,4.28772112e-02,8.84570733e-02,-1.25234306e-02,1.52954407e-04,-2.33324444e-06,1.76687043e-06,2.43402047e+00,9.28106303e-07
1.843787,3.10827387e-01,4.44223316e-02,8.84292311e-02,-1.24554248e-02,1.54172388e-04,-3.53615774e-06,2.34828064e-06,2.46961784e+00,9.45041559e-07
1.844334,3.11128108e-01,4.60004945e-02,8.86088686e-02,-1.23680485e-02,1.55213902e-04,-3.99982344e-06,3.24047835e-06,2.51186718e+00,9.61934743e-07
1.844880,3.11427617e-01,4.75744169e-02,8.86599974e-02,-1.23395770e-02,1.56356745e-04,-4.89408385e-06,3.37666783e-06,2.55839638e+00,9.79290450e-07
1.845427,3.11725346e-01,4.91010279e-02,8.83699138e-02,-1.23762277e-02,1.57655883e-04,-6.79184459e-06,2.58044328e-06,2.60519583e+00,9.96194381e-07
1.845974,3.12020848e-01,5.05646649e-02,8.79307559e-02,-1.23529887e-02,1.58689961e-04,-8.64723275e-06,2.25904277e-06,2.64663809e+00,1.01195440e-06
1.846521,3.12313794e-01,5.20722533e-02,8.75556775e-02,-1.22705925e-02,1.59872556e-04,-1.03835296e-05,2.62543967e-06,2.68976708e+00,1.02700580e-06
1.847068,3.12603873e-01,5.38282855e-02,8.79153817e-02,-1.23270439e-02,1.61295627e-04,-1.05013821e-05,2.41804762e-06,2.73403231e+00,1.04219763e-06
1.847615,3.12890569e-01,5.54369784e-02,8.77254268e-02,-1.22319763e-02,1.62682330e-04,-1.19243193e-05,3.11942858e-06,2.78880211e+00,1.05992712e-06
1.848162,3.13173321e-01,5.72299573e-02,8.80801172e-02,-1.22417351e-02,1.64137338e-04,-1.19062604e-05,3.30139751e-06,2.83676868e+00,1.07550844e-06
1.848709,3.13451557e-01,5.89357384e-02,8.81257600e-02,-1.23705168e-02,1.65495046e-04,-1.27025127e-05,2.03480306e-06,2.89465414e+00,1.09303646e-06
1.849256,3.13724627e-01,6.07364745e-02,8.81724613e-02,-1.21997714e-02,1.67451255e-04,-1.38921959e-05,3.82329506e-06,2.94867774e+00,1.10910358e-06
1.849803,3.13991988e-01,6.24107933e-02,8.78783460e-02,-1.22488078e-02,1.69086701e-04,-1.57943725e-05,2.98591272e-06,2.99717651e+00,1.12524071e-06
1.850350,3.14253206e-01,6.37905203e-02,8.69987437e-02,-1.20947100e-02,1.70022644e-04,-1.83086067e-05,3.51344254e-06,3.04498248e+00,1.13957714e-06
1.850897,3.14508093e-01,6.59494579e-02,8.77217502e-02,-1.22299246e-02,1.72315915e-04,-1.77640910e-05,2.97687827e-06,3.08785913e+00,1.15095932e-06
1.851444,3.14756131e-01,6.76665427e-02,8.74581082e-02,-1.21536166e-02,1.73864449e-04,-1.92330390e-05,3.46383926e-06,3.15417459e+00,1.16979483e-06
1.851991,3.14996614e-01,6.91902886e-02,8.68512410e-02,-1.19438538e-02,1.74953605e-04,-2.09271804e-05,4.76605622e-06,3.20871918e+00,1.18358169e-06
1.852538,3.15229245e-01,7.08024186e-02,8.62276308e-02,-1.20748600e-02,1.76442735e-04,-2.33820575e-05,2.80568302e-06,3.25923498e+00,1.19535492e-06
1.853085,3.15453839e-01,7.35814684e-02,8.76287055e-02,-1.21383987e-02,1.80175974e-04,-2.20113888e-05,3.89424671e-06,3.29882408e+00,1.20668511e-06
1.853632,3.15669551e-01,7.51789175e-02,8.69133191e-02,-1.19376662e-02,1.81583883e-04,-2.45527564e-05,5.07422122e-06,3.37163953e+00,1.22901852e-06
1.854179,3.15875577e-01,7.69563692e-02,8.65411052e-02,-1.20208327e-02,1.83154518e-04,-2.60081711e-05,3.78928335e-06,3.41433653e+00,1.23916952e-06
1.854726,3.16071673e-01,7.86594401e-02,8.60882759e-02,-1.19934995e-02,1.84436555e-04,-2.72012899e-05,3.57359112e-06,3.46925806e+00,1.25096558e-06
1.855273,3.16257467e-01,8.06028623e-02,8.59705285e-02,-1.20057216e-02,1.86198122e-04,-2.78112176e-05,3.37456938e-06,3.52986349e+00,1.26200367e-06
1.855820,3.16432480e-01,8.22383250e-02,8.53137883e-02,-1.18650016e-02,1.87451114e-04,-2.95508873e-05,4.10180654e-06,3.59701043e+00,1.27478922e-06
1.856367,3.16596315e-01,8.41539177e-02,8.50557611e-02,-1.18906960e-02,1.89183769e-04,-3.04459351e-05,3.60683721e-06,3.64999536e+00,1.28378998e-06
1.856913,3.16748623e-01,8.57085347e-02,8.42285448e-02,-1.16464081e-02,1.90292133e-04,-3.24304123e-05,5.14794352e-06,3.71417743e+00,1.29504504e-06
1.857460,3.16889119e-01,8.85073563e-02,8.49323881e-02,-1.19967872e-02,1.93975860e-04,-3.25123778e-05,2.66029753e-06,3.75852976e+00,1.30209654e-06
1.858007,3.17017143e-01,9.00715509e-02,8.38446594e-02,-1.17167683e-02,1.95411581e-04,-3.61511637e-05,4.56246291e-06,3.82291728e+00,1.31929112e-06
1.858554,3.17132179e-01,9.22076576e-02,8.36348161e-02,-1.18351489e-02,1.97581542e-04,-3.70964294e-05,3.30257432e-06,3.83164599e+00,1.32331402e-06
1.859101,3.17234037e-01,9.37062040e-02,8.25981636e-02,-1.15530530e-02,1.98509800e-04,-3.94137721e-05,5.10360927e-06,3.89105883e+00,1.33363314e-06
1.859648,3.17322464e-01,9.68262603e-02,8.34723057e-02,-1.16494243e-02,2.02606144e-04,-3.85077060e-05,5.22410814e-06,3.92181985e+00,1.33733439e-06
1.860195,3.17396733e-01,9.80731792e-02,8.20332426e-02,-1.15904303e-02,2.03002941e-04,-4.20185408e-05,4.35504259e-06,4.00700347e+00,1.35550269e-06
1.860742,3.17456299e-01,9.80636931e-02,7.95280333e-02,-1.12306647e-02,2.00469840e-04,-4.47731732e-05,4.98350381e-06,4.01215602e+00,1.35465629e-06
1.861289,3.17502043e-01,1.00578994e-01,7.95765970e-02,-1.13272861e-02,2.03354388e-04,-4.48926537e-05,4.25818342e-06,4.02327011e+00,1.34522502e-06
1.861836,3.17534145e-01,1.01304570e-01,7.77286236e-02,-1.10734356e-02,2.02518921e-04,-4.79381475e-05,4.82876922e-06,4.09104489e+00,1.35619444e-06
1.862383,3.17552553e-01,1.02170617e-01,7.61763344e-02,-1.08268096e-02,2.01859069e-04,-4.93958170e-05,5.48926904e-06,4.09162374e+00,1.35039835e-06
1.862930,3.17557921e-01,1.03343628e-01,7.48800405e-02,-1.07683520e-02,2.01873799e-04,-5.09342547e-05,4.66394378e-06,4.12303975e+00,1.34698943e-06
1.863477,3.17550626e-01,1.03768804e-01,7.29265715e-02,-1.04808650e-02,2.00350847e-04,-5.30509460e-05,5.33534117e-06,4.15124856e+00,1.34513443e-06
1.864024,3.17531260e-01,1.04459943e-01,7.12768086e-02,-1.02421238e-02,1.99372966e-04,-5.44407757e-05,5.80149519e-06,4.15588424e+00,1.33672351e-06
1.864571,3.17500580e-01,1.05864348e-01,7.02476420e-02,-1.00064848e-02,1.99862349e-04,-5.52335905e-05,6.95595006e-06,4.17499121e+00,1.33065002e-06
1.865118,3.17458899e-01,1.06626035e-01,6.85952692e-02,-1.00678109e-02,1.99068602e-04,-5.74239592e-05,4.53921889e-06,4.20644031e+00,1.32987855e-06
1.865665,3.17406555e-01,1.07233541e-01,6.69304387e-02,-9.84371249e-03,1.97934550e-04,-5.87303907e-05,4.99245667e-06,4.18610543e+00,1.32213152e-06
1.866212,3.17344203e-01,1.06006892e-01,6.39053814e-02,-9.34251016e-03,1.93123652e-04,-6.10093134e-05,6.34134556e-06,4.19235833e+00,1.31398381e-06
1.866759,3.17273215e-01,1.06215922e-01,6.20360738e-02,-9.19473790e-03,1.91313589e-04,-6.20780145e-05,5.61130743e-06,4.14030191e+00,1.29126677e-06
1.867306,3.17195060e-01,1.04640805e-01,5.89184623e-02,-8.81086052e-03,1.85908074e-04,-6.42017965e-05,5.68214620e-06,4.13565676e+00,1.27997928e-06
1.867853,3.17111281e-01,1.05682275e-01,5.77233936e-02,-8.69031038e-03,1.85842911e-04,-6.45750365e-05,5.62134909e-06,4.07379544e+00,1.25453876e-06
1.868400,3.17023055e-01,1.05550623e-01,5.57164698e-02,-8.47784731e-03,1.83347500e-04,-6.59430488e-05,5.46986977e-06,4.08657028e+00,1.24951534e-06
1.868946,3.16930980e-01,1.04032856e-01,5.28937797e-02,-8.09764866e-03,1.78204068e-04,-6.73226011e-05,5.84082686e-06,4.05708731e+00,1.23458177e-06
1.869493,3.16836578e-01,1.04856004e-01,5.16213343e-02,-8.03446626e-03,1.77761263e-04,-6.76641118e-05,5.14558943e-06,3.99858185e+00,1.20974371e-06
1.870040,3.16740938e-01,1.04422599e-01,4.95656348e-02,-7.62206372e-03,1.74796107e-04,-6.88575406e-05,6.88522251e-06,3.99661971e+00,1.20238162e-06
1.870587,3.16644749e-01,1.03947089e-01,4.75572596e-02,-7.44938184e-03,1.71826152e-04,-6.96582694e-05,6.18347499e-06,3.94375816e+00,1.18469368e-06
1.871134,3.16549136e-01,1.01694639e-01,4.46009979e-02,-6.96473020e-03,1.65495967e-04,-7.07331013e-05,7.26738933e-06,3.90349003e+00,1.16709784e-06
1.871681,3.16455766e-01,9.97898997e-02,4.19415631e-02,-6.80437013e-03,1.59990370e-04,-7.13940971e-05,5.51218709e-06,3.81644680e+00,1.13676987e-06
1.872228,3.16366693e-01,9.93053656e-02,4.01192122e-02,-6.50902926e-03,1.57233571e-04,-7.16995044e-05,6.34805688e-06,3.74284681e+00,1.10957226e-06
1.872775,3.16283270e-01,9.81660961e-02,3.80004138e-02,-6.27443332e-03,1.53209373e-04,-7.22007982e-05,6.10568562e-06,3.70212779e+00,1.09252377e-06
1.873322,3.16206540e-01,9.60286296e-02,3.54682916e-02,-5.87049797e-03,1.47412276e-04,-7.25463483e-05,6.89838891e-06,3.64610068e+00,1.07070385e-06
1.873869,3.16138001e-01,9.49917616e-02,3.35499598e-02,-5.66191184e-03,1.43781790e-04,-7.25722230e-05,6.57038570e-06,3.56995490e+00,1.04237026e-06
1.874416,3.16079013e-01,9.15313032e-02,3.05591013e-02,-5.32171409e-03,1.35685880e-04,-7.29792664e-05,6.03761833e-06,3.52207184e+00,1.02200227e-06
1.874963,3.16031252e-01,9.08321753e-02,2.89353696e-02,-4.90562087e-03,1.32869911e-04,-7.26256450e-05,8.13861897e-06,3.41555879e+00,9.84968676e-07
1.875510,3.15996187e-01,9.11172743e-02,2.76880141e-02,-4.96666612e-03,1.31706930e-04,-7.32023141e-05,6.13752179e-06,3.36851407e+00,9.67595730e-07
1.876057,3.15974098e-01,9.00821460e-02,2.59836294e-02,-4.80795727e-03,1.28164880e-04,-7.31389922e-05,5.68279826e-06,3.32431956e+00,9.55044473e-07
1.876604,3.15965318e-01,8.82906776e-02,2.40276481e-02,-4.38197266e-03,1.23356421e-04,-7.30334827e-05,7.41787339e-06,3.27709267e+00,9.34826813e-07
1.877151,3.15970687e-01,8.75616881e-02,2.25207619e-02,-4.31683729e-03,1.20531839e-04,-7.30064724e-05,6.20562935e-06,3.20678442e+00,9.09492824e-07
1.877698,3.15990891e-01,8.67160368e-02,2.10226181e-02,-3.99280520e-03,1.17475481e-04,-7.28878035e-05,7.57902308e-06,3.16040720e+00,8.90905235e-07
1.878245,3.16026275e-01,8.22421019e-02,1.82750712e-02,-3.72118655e-03,1.08114978e-04,-7.28501022e-05,6.39593867e-06,3.11065670e+00,8.71551430e-07
1.878792,3.16078126e-01,8.17828343e-02,1.70469093e-02,-3.61736006e-03,1.06073477e-04,-7.20915938e-05,5.96470348e-06,2.99017232e+00,8.28950022e-07
1.879339,3.16147471e-01,8.04815245e-02,1.55433646e-02,-3.43057962e-03,1.02369489e-04,-7.18903686e-05,5.97438328e-06,2.96502443e+00,8.13405724e-07
1.879886,3.16234385e-01,8.04481382e-02,1.44988231e-02,-3.25196301e-03,1.00943332e-04,-7.14395338e-05,6.57404614e-06,2.91675571e+00,7.91499551e-07
1.880433,3.16338789e-01,7.81791452e-02,1.28004718e-02,-2.95360362e-03,9.56405291e-05,-7.11152539e-05,7.20111498e-06,2.89426133e+00,7.77737138e-07
1.880980,3.16460780e-01,7.63119036e-02,1.12988856e-02,-2.82260649e-03,9.12331316e-05,-7.04418586e-05,6.42160932e-06,2.83015723e+00,7.49636819e-07
1.881526,3.16600811e-01,7.44197286e-02,9.84705474e-03,-2.62943977e-03,8.68117283e-05,-6.97667649e-05,6.36725590e-06,2.78285434e+00,7.24673165e-07
1.882073,3.16759119e-01,7.55422343e-02,9.20768154e-03,-2.55033704e-03,8.74507584e-05,-6.93620589e-05,6.60923426e-06,2.73634000e+00,6.99559075e-07
1.882620,3.16935182e-01,7.28574501e-02,7.58844266e-03,-2.39377209e-03,8.15477865e-05,-6.94146036e-05,5.94361589e-06,2.73540062e+00,6.91803925e-07
1.883167,3.17128645e-01,7.16089677e-02,6.44237565e-03,-2.17902065e-03,7.83771084e-05,-6.85008248e-05,6.54912187e-06,2.66246058e+00,6.60032451e-07
1.883714,3.17339590e-01,7.01939634e-02,5.27076384e-03,-2.05714088e-03,7.48625564e-05,-6.79533609e-05,6.17945286e-06,2.63369590e+00,6.38546892e-07
1.884261,3.17567696e-01,6.95672297e-02,4.31034407e-03,-1.89513372e-03,7.26835659e-05,-6.73404423e-05,6.57985842e-06,2.59951730e+00,6.15278559e-07
1.884808,3.17812455e-01,6.81801829e-02,3.22514267e-03,-1.71850986e-03,6.92570351e-05,-6.67544989e-05,6.81554212e-06,2.58003508e+00,5.96420061e-07
1.885355,3.18073287e-01,6.79914805e-02,2.37879636e-03,-1.76519457e-03,6.78245513e-05,-6.63511214e-05,5.37528265e-06,2.54937486e+00,5.72934284e-07
1.885902,3.18349480e-01,6.60353681e-02,1.25574696e-03,-1.59818054e-03,6.35071233e-05,-6.58305729e-05,5.52003909e-06,2.53674471e+00,5.55503912e-07
1.886449,3.18640374e-01,6.53544444e-02,3.96530910e-04,-1.50013701e-03,6.13829994e-05,-6.51101648e-05,5.45270147e-06,2.49811083e+00,5.28263710e-07
1.886996,3.18945332e-01,6.53989972e-02,-3.38806703e-04,-1.32384111e-03,6.03285959e-05,-6.45713788e-05,6.40036297e-06,2.48574831e+00,5.08212549e-07
1.887543,3.19263299e-01,6.40185399e-02,-1.27397877e-03,-1.22601405e-03,5.69906215e-05,-6.41734590e-05,6.06526744e-06,2.48167560e+00,4.91374666e-07
1.888090,3.19593319e-01,6.31653021e-02,-2.08466107e-03,-1.09318614e-03,5.46239434e-05,-6.34588767e-05,6.29216618e-06,2.45655654e+00,4.66467674e-07
1.888637,3.19934535e-01,6.24927121e-02,-2.87315250e-03,-1.09724002e-03,5.25067005e-05,-6.30108022e-05,5.26785400e-06,2.44548232e+00,4.44795794e-07
1.889184,3.20285918e-01,6.24279044e-02,-3.57356698e-03,-9.53815177e-04,5.13039429e-05,-6.25446452e-05,5.94579822e-06,2.43578563e+00,4.23387010e-07
1.889731,3.20646296e-01,6.18244572e-02,-4.32816263e-03,-9.54129017e-04,4.92505898e-05,-6.22392287e-05,5.04322756e-06,2.43552098e+00,4.04815207e-07
1.890278,3.21014464e-01,6.08610637e-02,-5.07161522e-03,-7.04567066e-04,4.66701192e-05,-6.16783746e-05,6.54186376e-06,2.42809970e+00,3.83147517e-07
1.890825,3.21389315e-01,5.93896670e-02,-5.83714096e-03,-6.71814763e-04,4.33954736e-05,-6.11745400e-05,5.70926747e-06,2.41531759e+00,3.60243272e-07
1.891372,3.21769803e-01,5.90145964e-02,-6.49674312e-03,-5.22926177e-04,4.18192371e-05,-6.05694839e-05,6.36512766e-06,2.39962979e+00,3.35060040e-07
1.891919,3.22154759e-01,5.84016275e-02,-7.18818035e-03,-5.73887090e-04,3.98100581e-05,-6.03409061e-05,5.00653225e-06,2.40245383e+00,3.15246043e-07
1.892466,3.22542882e-01,5.86962300e-02,-7.80855660e-03,-5.07567652e-04,3.92035493e-05,-5.99133982e-05,5.11657791e-06,2.39977731e+00,2.93763717e-07
1.893013,3.22932784e-01,5.76663966e-02,-8.45695763e-03,-3.08464257e-04,3.65600107e-05,-5.94568413e-05,6.20513727e-06,2.41409323e+00,2.76695518e-07
1.893559,3.23323094e-01,5.68585537e-02,-9.09252383e-03,-3.17001175e-04,3.43395414e-05,-5.90663391e-05,5.26490384e-06,2.40855776e+00,2.54401549e-07
1.894106,3.23712535e-01,5.82906578e-02,-9.70088809e-03,-1.87673488e-04,3.53359005e-05,-5.87901265e-05,6.16562112e-06,2.40975271e+00,2.33213543e-07
1.894653,3.24099588e-01,5.68578111e-02,-1.03732017e-02,-1.43495144e-04,3.18433893e-05,-5.91362215e-05,5.66225159e-06,2.43852740e+00,2.20830078e-07
1.895200,3.24482806e-01,5.74145722e-02,-1.09853310e-02,-5.08427237e-05,3.15939366e-05,-5.87386073e-05,6.01100639e-06,2.42193647e+00,1.96632954e-07
1.895747,3.24860812e-01,5.70819210e-02,-1.15949488e-02,-4.49614079e-05,2.99496546e-05,-5.85865437e-05,5.36136406e-06,2.44530124e+00,1.81651183e-07
1.896294,3.25232109e-01,5.64002859e-02,-1.21597121e-02,8.23656663e-05,2.78735203e-05,-5.81628145e-05,5.89577599e-06,2.45694844e+00,1.63508166e-07
1.896841,3.25595283e-01,5.55657184e-02,-1.27074907e-02,1.24259401e-04,2.56225080e-05,-5.77647942e-05,5.54870081e-06,2.46651818e+00,1.45381310e-07
1.897388,3.25948936e-01,5.48379747e-02,-1.32440218e-02,1.23349159e-04,2.35707768e-05,-5.73445963e-05,4.86034055e-06,2.47616890e+00,1.27423328e-07
1.897935,3.26291657e-01,5.56397780e-02,-1.38685327e-02,3.02184502e-04,2.35881606e-05,-5.69911164e-05,6.13225372e-06,2.48919847e+00,1.10643562e-07
1.898482,3.26621951e-01,5.50497826e-02,-1.44589633e-02,2.89958175e-04,2.14000951e-05,-5.72722041e-05,5.30926413e-06,2.51886597e+00,9.91793244e-08
1.899029,3.26938340e-01,5.55642008e-02,-1.50732272e-02,3.57422318e-04,2.10290788e-05,-5.69411924e-05,5.44296607e-06,2.52782203e+00,8.32596604e-08
1.899576,3.27239376e-01,5.51457746e-02,-1.56146391e-02,4.68278735e-04,1.92363789e-05,-5.67647093e-05,5.89458473e-06,2.55929628e+00,7.22416851e-08
1.900123,3.27523610e-01,5.47644940e-02,-1.61446842e-02,5.06551539e-04,1.75902962e-05,-5.64961563e-05,5.61775168e-06,2.57802809e+00,5.99430434e-08
1.900670,3.27789644e-01,5.46190420e-02,-1.66943519e-02,5.07998191e-04,1.62882861e-05,-5.62419499e-05,5.04338328e-06,2.60051441e+00,4.91724318e-08
1.901217,3.28036088e-01,5.48415361e-02,-1.72763695e-02,6.08593703e-04,1.54685721e-05,-5.59281000e-05,5.49302356e-06,2.62736763e+00,4.06155556e-08
1.901764,3.28261566e-01,5.42337551e-02,-1.77712778e-02,7.02368875e-04,1.33938340e-05,-5.58298548e-05,5.79356285e-06,2.65935360e+00,3.55401311e-08
1.902311,3.28464744e-01,5.42024143e-02,-1.83391946e-02,6.51497621e-04,1.22082113e-05,-5.57172994e-05,4.71503746e-06,2.67931395e+00,3.32959069e-08
1.902858,3.28644328e-01,5.36339372e-02,-1.88325052e-02,7.48101062e-04,1.01633602e-05,-5.56661808e-05,5.14559216e-06,2.70907538e+00,3.43926334e-08
1.903405,3.28799059e-01,5.40953841e-02,-1.94694114e-02,7.38966971e-04,9.65755675e-06,-5.54914679e-05,4.53664351e-06,2.73086015e+00,4.00171817e-08
1.903952,3.28927713e-01,5.37718958e-02,-2.00000591e-02,8.79751579e-04,7.86594335e-06,-5.55260910e-05,5.41602365e-06,2.76916027e+00,4.59918828e-08
1.904499,3.29029109e-01,5.34109643e-02,-2.04761016e-02,9.96993503e-04,6.29056215e-06,-5.51549056e-05,5.97797485e-06,2.79424347e+00,5.49832193e-08
1.905046,3.29102127e-01,5.28578579e-02,-2.09421808e-02,1.06888948e-03,4.33229983e-06,-5.50634354e-05,6.06394617e-06,2.82511623e+00,6.42621413e-08
1.905593,3.29145699e-01,5.33419929e-02,-2.15942628e-02,1.06149968e-03,3.88247106e-06,-5.48710419e-05,5.37195918e-06,2.85226164e+00,7.46078891e-08
1.906139,3.29158801e-01,5.33070671e-02,-2.21452067e-02,1.06882323e-03,2.69493256e-06,-5.47222193e-05,4.90613504e-06,2.89410847e+00,8.39766022e-08
1.906686,3.29140462e-01,5.26255457e-02,-2.25954435e-02,1.13608582e-03,4.14373035e-07,-5.48724320e-05,5.08150732e-06,2.93116301e+00,9.47987918e-08
1.907233,3.29089781e-01,5.20203327e-02,-2.30222555e-02,1.18543151e-03,-1.52266913e-06,-5.46906611e-05,5.06665303e-06,2.95579597e+00,1.07557065e-07
1.907780,3.29005920e-01,5.21957777e-02,-2.36207070e-02,1.22474820e-03,-2.37992983e-06,-5.44706159e-05,4.91799003e-06,2.98671135e+00,1.20403588e-07
1.908327,3.28888096e-01,5.17662883e-02,-2.41229407e-02,1.28337452e-03,-4.32298149e-06,-5.46497244e-05,5.00732513e-06,3.02845394e+00,1.32994222e-07
1.908874,3.28735586e-01,5.19568906e-02,-2.47294447e-02,1.35099342e-03,-5.14920541e-06,-5.43989738e-05,5.12785136e-06,3.05919656e+00,1.47310120e-07
1.909421,3.28547729e-01,5.19035667e-02,-2.52884522e-02,1.39401772e-03,-6.36982621e-06,-5.42862056e-05,5.02115100e-06,3.10215947e+00,1.61128685e-07
1.909968,3.28323922e-01,5.16404870e-02,-2.58021947e-02,1.48576574e-03,-7.94892592e-06,-5.42400810e-05,5.40892890e-06,3.14262617e+00,1.75803399e-07
1.910515,3.28063631e-01,5.15207469e-02,-2.63204677e-02,1.62342331e-03,-9.14942678e-06,-5.39062886e-05,6.17977281e-06,3.17958352e+00,1.91246812e-07
1.911062,3.27766388e-01,5.14601624e-02,-2.68931777e-02,1.65727343e-03,-1.04148213e-05,-5.39003316e-05,5.87722857e-06,3.21997972e+00,2.06680828e-07
1.911609,3.27431785e-01,5.14014539e-02,-2.74563837e-02,1.63647718e-03,-1.15630570e-05,-5.38113318e-05,5.09197470e-06,3.26151548e+00,2.22625488e-07
1.912156,3.27059469e-01,5.07017712e-02,-2.79023557e-02,1.64412405e-03,-1.40246825e-05,-5.42790530e-05,4.73427006e-06,3.30423649e+00,2.38689396e-07
1.912703,3.26649166e-01,5.10065863e-02,-2.85852274e-02,1.80065982e-03,-1.47385366e-05,-5.40787061e-05,5.69183802e-06,3.33239502e+00,2.56003987e-07
1.913250,3.26200655e-01,5.09837396e-02,-2.91724728e-02,1.83407596e-03,-1.58463517e-05,-5.39811327e-05,5.42066823e-06,3.37636539e+00,2.72369554e-07
1.913797,3.25713760e-01,5.03014491e-02,-2.96531536e-02,1.89797365e-03,-1.85118522e-05,-5.46544194e-05,5.56622890e-06,3.42117781e+00,2.88975145e-07
1.914344,3.25188399e-01,5.06095814e-02,-3.03745683e-02,1.96523330e-03,-1.91736588e-05,-5.45611045e-05,5.57349246e-06,3.44781597e+00,3.06853837e-07
1.914891,3.24624533e-01,5.04512296e-02,-3.09477879e-02,1.99544401e-03,-2.05134458e-05,-5.45659704e-05,5.30501895e-06,3.49520066e+00,3.23540516e-07
1.915438,3.24022170e-01,5.02896517e-02,-3.15117832e-02,2.06466846e-03,-2.17977054e-05,-5.44795942e-05,5.43556170e-06,3.53949375e+00,3.40458282e-07
1.915985,3.23381395e-01,5.00625091e-02,-3.20814354e-02,2.08700481e-03,-2.32915660e-05,-5.45958555e-05,5.11264584e-06,3.58429898e+00,3.57285665e-07
1.916532,3.22702359e-01,4.94686376e-02,-3.25630586e-02,2.21859496e-03,-2.56472560e-05,-5.49647425e-05,5.92813893e-06,3.62821646e+00,3.74272628e-07
1.917079,3.21985294e-01,4.92644588e-02,-3.31410440e-02,2.27400035e-03,-2.69710228e-05,-5.49486702e-05,5.85856882e-06,3.66125283e+00,3.91691319e-07
1.917626,3.21230495e-01,4.91325289e-02,-3.37333494e-02,2.28960651e-03,-2.80343446e-05,-5.48383611e-05,5.40929403e-06,3.70687396e+00,4.08406232e-07
1.918172,3.20438279e-01,4.88125049e-02,-3.42980332e-02,2.26584046e-03,-2.96218974e-05,-5.50354219e-05,4.66590192e-06,3.75415929e+00,4.24831841e-07
1.918719,3.19609030e-01,4.87965983e-02,-3.49440154e-02,2.42029907e-03,-3.05513830e-05,-5.48470732e-05,5.62324592e-06,3.79841132e+00,4.41504795e-07
1.919266,3.18743175e-01,4.84980762e-02,-3.56001723e-02,2.45502568e-03,-3.26199808e-05,-5.54911260e-05,5.38208295e-06,3.84261654e+00,4.57678588e-07
1.919813,3.17841200e-01,4.83814764e-02,-3.62413567e-02,2.39872668e-03,-3.36038365e-05,-5.55150080e-05,4.27839822e-06,3.88440734e+00,4.74698945e-07
1.920360,3.16903638e-01,4.82911069e-02,-3.69394698e-02,2.59846051e-03,-3.50178029e-05,-5.56788754e-05,5.70040432e-06,3.93107931e+00,4.90627219e-07
1.920907,3.15931058e-01,4.81696627e-02,-3.75745208e-02,2.63087515e-03,-3.59192475e-05,-5.55883454e-05,5.39353601e-06,3.97086741e+00,5.06803471e-07
1.921454,3.14924077e-01,4.77973789e-02,-3.81891870e-02,2.79158476e-03,-3.79251135e-05,-5.59564980e-05,6.39449391e-06,4.01945443e+00,5.22213124e-07
1.922001,3.13880325e-01,4.82174404e-02,-3.91328657e-02,2.74586191e-03,-3.73572639e-05,-5.41558646e-05,4.98909972e-06,4.05972337e+00,5.38194626e-07
1.922548,3.12800341e-01,4.81726518e-02,-4.00055675e-02,2.92834907e-03,-4.02298409e-05,-5.71128220e-05,6.23282290e-06,4.10145179e+00,5.51540077e-07
1.923095,3.11687860e-01,4.79545521e-02,-4.06839909e-02,2.96065489e-03,-4.15192131e-05,-5.73234291e-05,5.87693000e-06,4.14244175e+00,5.67846928e-07
1.923642,3.10543669e-01,4.75588434e-02,-4.12872672e-02,3.03110666e-03,-4.31584075e-05,-5.75346250e-05,5.97899842e-06,4.19172252e+00,5.82617139e-07
1.924189,3.09368621e-01,4.71098102e-02,-4.18672401e-02,3.11809570e-03,-4.48315453e-05,-5.77063154e-05,6.23933730e-06,4.24033020e+00,5.97125187e-07
1.924736,3.08163636e-01,4.67485371e-02,-4.24804472e-02,3.16090474e-03,-4.61258036e-05,-5.78140365e-05,6.02716040e-06,4.28865935e+00,6.11285878e-07
1.925283,3.06929659e-01,4.62688240e-02,-4.31026354e-02,3.29384431e-03,-4.81460616e-05,-5.81703674e-05,6.71174887e-06,4.33889202e+00,6.24965288e-07
1.925830,3.05667677e-01,4.63169613e-02,-4.39206218e-02,3.27690754e-03,-4.82686142e-05,-5.82277644e-05,5.74242795e-06,4.38475748e+00,6.38870766e-07
1.926377,3.04378629e-01,4.63043697e-02,-4.50662165e-02,3.53791435e-03,-5.13053096e-05,-5.97663492e-05,7.41991432e-06,4.42722191e+00,6.51686462e-07
1.926924,3.03063426e-01,4.62602996e-02,-4.60376925e-02,3.54872789e-03,-5.27034326e-05,-6.05607808e-05,6.60212308e-06,4.45998834e+00,6.67295483e-07
1.927471,3.01723021e-01,4.58222679e-02,-4.66808518e-02,3.68514719e-03,-5.41067366e-05,-6.06563751e-05,7.25316678e-06,4.51101689e+00,6.80893828e-07
1.928018,3.00358421e-01,4.56229147e-02,-4.74423856e-02,3.62836016e-03,-5.45783333e-05,-6.08589109e-05,5.91410735e-06,4.55959193e+00,6.92927901e-07
1.928565,2.98970652e-01,4.52852569e-02,-4.81383853e-02,3.86028927e-03,-5.56672971e-05,-6.08776266e-05,7.50157726e-06,4.60472715e+00,7.04418686e-07
1.929112,2.97560739e-01,4.48799929e-02,-4.89438693e-02,3.92019643e-03,-5.77204828e-05,-6.15965088e-05,7.25521773e-06,4.64193445e+00,7.15528497e-07
1.929659,2.96129782e-01,4.43832581e-02,-4.96111457e-02,3.91132010e-03,-5.91119144e-05,-6.19310951e-05,6.46328248e-06,4.69630284e+00,7.27455517e-07
1.930205,2.94678910e-01,4.38245566e-02,-5.02711842e-02,3.99587255e-03,-6.08499448e-05,-6.22566132e-05,6.64950402e-06,4.75142599e+00,7.38069666e-07
1.930752,2.93209286e-01,4.33721098e-02,-5.07866954e-02,4.08375170e-03,-6.06357803e-05,-6.18356911e-05,6.88261909e-06,4.80670084e+00,7.48397250e-07
1.931299,2.91722042e-01,4.28821386e-02,-5.14924016e-02,4.03097829e-03,-6.19900030e-05,-6.23226688e-05,5.68889081e-06,4.84926906e+00,7.56420094e-07
1.931846,2.90218285e-01,4.22722490e-02,-5.22784665e-02,4.10962918e-03,-6.47760597e-05,-6.31135296e-05,5.84896168e-06,4.90542458e+00,7.65870581e-07
1.932393,2.88699214e-01,4.13857726e-02,-5.26302064e-02,4.37488664e-03,-6.63603634e-05,-6.27085341e-05,7.98569970e-06,4.95931519e+00,7.76019107e-07
1.932940,2.87166136e-01,4.11658629e-02,-5.35917566e-02,4.42111269e-03,-6.70088158e-05,-6.34073264e-05,7.44751267e-06,4.98734806e+00,7.83190937e-07
1.933487,2.85620202e-01,4.04712147e-02,-5.41521217e-02,4.46238085e-03,-6.83163500e-05,-6.35472141e-05,7.19439560e-06,5.04400102e+00,7.91701076e-07
1.934034,2.84062495e-01,3.97466031e-02,-5.47734981e-02,4.63670153e-03,-7.03010971e-05,-6.37795385e-05,8.19669747e-06,5.10740423e+00,7.98683970e-07
1.934581,2.82494249e-01,3.96577328e-02,-5.60113872e-02,4.61960438e-03,-7.11979740e-05,-6.50830133e-05,6.89119593e-06,5.16052331e+00,8.05722889e-07
1.935128,2.80916497e-01,3.90573230e-02,-5.68299692e-02,4.74948478e-03,-7.32414659e-05,-6.56372306e-05,7.39840397e-06,5.21843321e+00,8.14087017e-07
1.935675,2.79330211e-01,3.83506646e-02,-5.73098250e-02,4.90177262e-03,-7.35287247e-05,-6.54439127e-05,8.24814832e-06,5.28124025e+00,8.20890536e-07
1.936222,2.77736517e-01,3.76990422e-02,-5.80587970e-02,4.95947579e-03,-7.51590502e-05,-6.59747010e-05,7.97006312e-06,5.33537191e+00,8.24881617e-07
1.936769,2.76136519e-01,3.69631678e-02,-5.87622834e-02,5.01801362e-03,-7.69996185e-05,-6.64222077e-05,7.77049918e-06,5.40714251e+00,8.30272136e-07
1.937316,2.74531335e-01,3.62765060e-02,-5.94197682e-02,5.16960939e-03,-7.79716800e-05,-6.66373930e-05,8.49158699e-06,5.47974875e+00,8.35098721e-07
1.937863,2.72922054e-01,3.55395592e-02,-6.00710616e-02,5.24454654e-03,-7.91766423e-05,-6.69579039e-05,8.42249271e-06,5.54544016e+00,8.38652030e-07
1.938410,2.71309722e-01,3.47443593e-02,-6.07157118e-02,5.35395153e-03,-8.07605991e-05,-6.72411713e-05,8.70161030e-06,5.62235917e+00,8.41884450e-07
1.938957,2.69695402e-01,3.42479424e-02,-6.16787634e-02,5.38394776e-03,-8.14741061e-05,-6.81519792e-05,7.99413042e-06,5.69764689e+00,8.44731410e-07
1.939504,2.68080011e-01,3.34809668e-02,-6.23990408e-02,5.58926160e-03,-8.31255262e-05,-6.84335268e-05,9.18306306e-06,5.77829528e+00,8.47966249e-07
1.940051,2.66464427e-01,3.28910694e-02,-6.36645217e-02,5.61930497e-03,-8.62896848e-05,-6.98172025e-05,8.24264742e-06,5.84099194e+00,8.49936741e-07
1.940598,2.64849568e-01,3.26973819e-02,-6.51992779e-02,5.89443549e-03,-8.71222043e-05,-7.14195541e-05,9.54146229e-06,5.91371423e+00,8.54481607e-07
1.941145,2.63236022e-01,3.17596225e-02,-6.57313421e-02,5.98871646e-03,-8.84114994e-05,-7.14788648e-05,9.66913090e-06,5.97526636e+00,8.58136567e-07
1.941692,2.61624445e-01,3.08793672e-02,-6.65416023e-02,6.05413847e-03,-9.07024742e-05,-7.20271456e-05,9.33950470e-06,6.06239501e+00,8.57649719e-07
1.942239,2.60015772e-01,2.99659405e-02,-6.72502018e-02,6.19729330e-03,-9.24894239e-05,-7.23131728e-05,9.84995016e-06,6.14729424e+00,8.58235932e-07
1.942785,2.58410887e-01,2.91190251e-02,-6.79334610e-02,6.36566895e-03,-9.32802325e-05,-7.26376817e-05,1.05659223e-05,6.22937344e+00,8.57552677e-07
1.943332,2.56810582e-01,2.82366693e-02,-6.88423552e-02,6.45535890e-03,-9.56090479e-05,-7.32743387e-05,1.03140147e-05,6.31533024e+00,8.55815809e-07
1.943879,2.55215585e-01,2.77576770e-02,-7.02807548e-02,6.59292626e-03,-9.65618650e-05,-7.49635610e-05,1.01957987e-05,6.40489689e+00,8.55170466e-07
1.944426,2.53626351e-01,2.67761341e-02,-7.11351358e-02,6.70337432e-03,-9.91625984e-05,-7.53510339e-05,1.02300670e-05,6.51103921e+00,8.55585821e-07
1.944973,2.52043342e-01,2.57029135e-02,-7.17125857e-02,6.85929879e-03,-1.00884981e-04,-7.53386196e-05,1.08907814e-05,6.59263427e+00,8.53621671e-07
1.945520,2.50467315e-01,2.47022840e-02,-7.26671420e-02,6.90636793e-03,-1.03625963e-04,-7.59503469e-05,1.01882668e-05,6.67313754e+00,8.49642383e-07
1.946067,2.48898966e-01,2.46138666e-02,-7.52300526e-02,7.25540402e-03,-1.04952746e-04,-7.93909658e-05,1.13044348e-05,6.75598947e+00,8.47206199e-07
1.946614,2.47338270e-01,2.35978499e-02,-7.65320138e-02,7.42926101e-03,-1.09154717e-04,-8.00135976e-05,1.15132171e-05,6.84605375e+00,8.50002555e-07
1.947161,2.45785160e-01,2.29310904e-02,-7.82686390e-02,7.69565251e-03,-1.11168900e-04,-8.18616447e-05,1.23097410e-05,6.88257048e+00,8.47956197e-07
1.947708,2.44239848e-01,2.16415964e-02,-7.85906783e-02,7.85899678e-03,-1.12712545e-04,-8.12734916e-05,1.30739373e-05,6.98772345e+00,8.46479578e-07
1.948255,2.42702650e-01,2.01159181e-02,-7.86567426e-02,7.87800978e-03,-1.15429040e-04,-8.01271151e-05,1.25695937e-05,7.05818721e+00,8.38548749e-07
1.948802,2.41174448e-01,1.94403086e-02,-8.07961458e-02,8.11679843e-03,-1.18091448e-04,-8.26321250e-05,1.27015723e-05,7.07833619e+00,8.29657772e-07
1.949349,2.39655551e-01,1.82519943e-02,-8.15476055e-02,8.30044460e-03,-1.19858509e-04,-8.26821010e-05,1.33248341e-05,7.20245034e+00,8.28619695e-07
1.949896,2.38145933e-01,1.71783087e-02,-8.28819009e-02,8.41743937e-03,-1.22515899e-04,-8.37278120e-05,1.28200188e-05,7.28681392e+00,8.21079916e-07
1.950443,2.36645798e-01,1.58270934e-02,-8.33521356e-02,8.67388774e-03,-1.24496743e-04,-8.30667249e-05,1.43320051e-05,7.38841813e+00,8.15839077e-07
1.950990,2.35155436e-01,1.46219695e-02,-8.45653817e-02,8.79434897e-03,-1.27433006e-04,-8.37491617e-05,1.38366318e-05,7.39686719e+00,8.06098887e-07
1.951537,2.33675162e-01,1.32520116e-02,-8.50821727e-02,9.00517213e-03,-1.29331025e-04,-8.32193544e-05,1.47944263e-05,7.47373350e+00,7.99511271e-07
1.952084,2.32205230e-01,1.21264121e-02,-8.67107718e-02,9.18869951e-03,-1.32199772e-04,-8.46079356e-05,1.45413438e-05,7.50939118e+00,7.89220775e-07
1.952631,2.30745710e-01,1.05041818e-02,-8.64813376e-02,9.28685216e-03,-1.33957198e-04,-8.27021578e-05,1.49414099e-05,7.61442033e+00,7.83401250e-07
1.953178,2.29296882e-01,8.96712002e-03,-8.64104156e-02,9.35980007e-03,-1.35239312e-04,-8.14073405e-05,1.49505420e-05,7.59169842e+00,7.69413678e-07
1.953725,2.27859458e-01,7.53953798e-03,-8.66664987e-02,9.58674160e-03,-1.36393730e-04,-8.05968878e-05,1.61590652e-05,7.62425060e+00,7.55874513e-07
1.954272,2.26433904e-01,6.00236201e-03,-8.69637337e-02,9.63554158e-03,-1.38747379e-04,-7.95739005e-05,1.54938521e-05,7.64157449e+00,7.43123932e-07
1.954818,2.25020598e-01,4.55514769e-03,-8.74638346e-02,9.77636560e-03,-1.40506861e-04,-7.90577616e-05,1.56301117e-05,7.63293400e+00,7.30834836e-07
1.955365,2.23619834e-01,2.85859871e-03,-8.64644842e-02,9.72949593e-03,-1.41167016e-04,-7.61208582e-05,1.51777694e-05,7.67355608e+00,7.18849356e-07
1.955912,2.22232189e-01,1.46345386e-03,-8.72648510e-02,1.00054454e-02,-1.42932497e-04,-7.60613726e-05,1.63514733e-05,7.60446011e+00,7.00969046e-07
1.956459,2.20858108e-01,-2.28463496e-06,-8.80000426e-02,1.01454247e-02,-1.45104597e-04,-7.57600106e-05,1.61571478e-05,7.62325095e+00,6.89568263e-07
1.957006,2.19497521e-01,-1.48571290e-03,-8.84942949e-02,1.03100346e-02,-1.46787142e-04,-7.51202452e-05,1.64295777e-05,7.65549887e+00,6.78033611e-07
1.957553,2.18150422e-01,-3.13024220e-03,-8.69607471e-02,1.02390637e-02,-1.46466775e-04,-7.14423968e-05,1.61525097e-05,7.67562083e+00,6.65243214e-07
1.958100,2.16817356e-01,-4.69730257e-03,-8.49516518e-02,1.01362328e-02,-1.44947446e-04,-6.74861753e-05,1.60282811e-05,7.55622611e+00,6.44915957e-07
1.958647,2.15499434e-01,-6.16422625e-03,-8.41961343e-02,1.02107429e-02,-1.44765766e-04,-6.53229368e-05,1.64911880e-05,7.45493994e+00,6.22994737e-07
1.959194,2.14197472e-01,-7.62693885e-03,-8.19601463e-02,1.01056268e-02,-1.42897510e-04,-6.10093530e-05,1.64937285e-05,7.40952304e+00,6.05705459e-07
1.959741,2.12912287e-01,-9.07216197e-03,-8.19465173e-02,1.01686808e-02,-1.43894214e-04,-5.98527703e-05,1.61000376e-05,7.26506488e+00,5.83502534e-07
1.960288,2.11644479e-01,-1.05039432e-02,-8.17329566e-02,1.02519827e-02,-1.44566679e-04,-5.82691236e-05,1.61095027e-05,7.24862813e+00,5.69416307e-07
1.960835,2.10394119e-01,-1.19000010e-02,-8.08224544e-02,1.02327905e-02,-1.44362390e-04,-5.57679636e-05,1.57729927e-05,7.21215427e+00,5.54554165e-07
1.961382,2.09161453e-01,-1.30533922e-02,-7.73791722e-02,1.00320692e-02,-1.40322267e-04,-5.00931215e-05,1.60968341e-05,7.13442114e+00,5.37551347e-07
1.961929,2.07947405e-01,-1.41156761e-02,-7.42547114e-02,9.76697353e-03,-1.36458662e-04,-4.52945897e-05,1.54901399e-05,6.89211643e+00,5.12397888e-07
1.962476,2.06753296e-01,-1.52399928e-02,-7.23936148e-02,9.62958665e-03,-1.34500163e-04,-4.20115888e-05,1.49388761e-05,6.73536248e+00,4.89218671e-07
1.963023,2.05580011e-01,-1.66185947e-02,-7.29963059e-02,9.83435647e-03,-1.36008376e-04,-4.16691102e-05,1.52971494e-05,6.62744308e+00,4.70574059e-07
1.963570,2.04427572e-01,-1.77337432e-02,-7.14077140e-02,9.74070908e-03,-1.34659618e-04,-3.83543597e-05,1.48957034e-05,6.62602248e+00,4.59296934e-07
1.964117,2.03295924e-01,-1.88013466e-02,-6.99536377e-02,9.61319528e-03,-1.33208130e-04,-3.55863610e-05,1.41023227e-05,6.48767258e+00,4.42043854e-07
1.964664,2.02185405e-01,-1.98307234e-02,-6.86507890e-02,9.66003284e-03,-1.31714445e-04,-3.29080822e-05,1.48747432e-05,6.39449485e+00,4.25564574e-07
1.965211,2.01096224e-01,-2.07654409e-02,-6.69229445e-02,9.52041821e-03,-1.29820209e-04,-2.97863535e-05,1.42174615e-05,6.27761025e+00,4.09375888e-07
1.965758,2.00028601e-01,-2.17455120e-02,-6.57804245e-02,9.55067855e-03,-1.28459954e-04,-2.74574218e-05,1.46458304e-05,6.15780539e+00,3.92915874e-07
1.966305,1.98982671e-01,-2.28301244e-02,-6.50757625e-02,9.53698455e-03,-1.28081497e-04,-2.55441833e-05,1.41344034e-05,6.07273066e+00,3.77945822e-07
1.966852,1.97958324e-01,-2.30272982e-02,-6.10294976e-02,9.10191427e-03,-1.22244655e-04,-1.99966349e-05,1.32213212e-05,6.00945312e+00,3.64774511e-07
1.967398,1.96955962e-01,-2.39780385e-02,-6.02835737e-02,9.17003481e-03,-1.21313947e-04,-1.83940615e-05,1.36432487e-05,5.74865624e+00,3.44092011e-07
1.967945,1.95975928e-01,-2.46990197e-02,-5.87018130e-02,9.05801891e-03,-1.19346884e-04,-1.56135523e-05,1.31908771e-05,5.70157044e+00,3.31194132e-07
1.968492,1.95018054e-01,-2.57588238e-02,-5.83820114e-02,9.12392526e-03,-1.19298155e-04,-1.43121516e-05,1.30859779e-05,5.59789742e+00,3.17203518e-07
1.969039,1.94082067e-01,-2.61188632e-02,-5.59921210e-02,8.96458002e-03,-1.15736604e-04,-1.07513624e-05,1.31593688e-05,5.57141962e+00,3.06080661e-07
1.969586,1.93167803e-01,-2.68662759e-02,-5.49254523e-02,8.92418507e-03,-1.14308214e-04,-8.84989278e-06,1.28648182e-05,5.41729219e+00,2.90959713e-07
1.970133,1.92275185e-01,-2.71042053e-02,-5.25691907e-02,8.72753894e-03,-1.10654607e-04,-5.57147294e-06,1.26004490e-05,5.36703767e+00,2.78968212e-07
1.970680,1.91404082e-01,-2.78266946e-02,-5.15860583e-02,8.63447117e-03,-1.09475553e-04,-3.77742115e-06,1.17351606e-05,5.23506791e+00,2.64979580e-07
1.971227,1.90554317e-01,-2.84419812e-02,-5.04280761e-02,8.57511200e-03,-1.07857240e-04,-1.74704994e-06,1.14787954e-05,5.18620585e+00,2.54157448e-07
1.971774,1.89725479e-01,-2.92029387e-02,-4.97295295e-02,8.66854675e-03,-1.06819303e-04,-2.13420719e-07,1.21365471e-05,5.12854266e+00,2.43137681e-07
1.972321,1.88917095e-01,-2.99395701e-02,-4.89447743e-02,8.65539913e-03,-1.05902525e-04,1.48906997e-06,1.17993684e-05,5.09042333e+00,2.32800013e-07
1.972868,1.88128617e-01,-2.92602449e-02,-4.52798966e-02,8.21231502e-03,-9.95858772e-05,5.60821492e-06,1.10477726e-05,5.05197280e+00,2.23062159e-07
1.973415,1.87359916e-01,-3.01760411e-02,-4.50650156e-02,8.36527264e-03,-9.94082910e-05,6.53902736e-06,1.16420105e-05,4.84407909e+00,2.09437371e-07
1.973962,1.86610749e-01,-3.06562227e-02,-4.39092402e-02,8.25800145e-03,-9.79154761e-05,8.62342059e-06,1.08771510e-05,4.84102752e+00,2.00772479e-07
1.974509,1.85880485e-01,-3.13682825e-02,-4.33072647e-02,8.28963057e-03,-9.71161405e-05,9.95646028e-06,1.08115260e-05,4.77748781e+00,1.91816714e-07
1.975056,1.85168538e-01,-3.15612862e-02,-4.18053345e-02,8.18349179e-03,-9.46180772e-05,1.20729202e-05,1.06357176e-05,4.76581947e+00,1.83376801e-07
1.975603,1.84474351e-01,-3.18907357e-02,-4.06511971e-02,8.15785682e-03,-9.25855497e-05,1.36936764e-05,1.07905012e-05,4.70259336e+00,1.74170852e-07
1.976150,1.83797432e-01,-3.22405337e-02,-3.95398348e-02,8.07802358e-03,-9.08292070e-05,1.53769472e-05,1.03371083e-05,4.67048972e+00,1.65446686e-07
1.976697,1.83137219e-01,-3.17793401e-02,-3.72418803e-02,7.81591883e-03,-8.65584963e-05,1.77851392e-05,9.90620966e-06,4.63651147e+00,1.57400348e-07
1.977244,1.82493285e-01,-3.27232103e-02,-3.71633934e-02,7.97332425e-03,-8.66785215e-05,1.86078654e-05,1.02878492e-05,4.53887889e+00,1.48325807e-07
1.977791,1.81865063e-01,-3.33589572e-02,-3.65886733e-02,7.98574810e-03,-8.59796820e-05,1.99358811e-05,9.95309101e-06,4.55929195e+00,1.41600025e-07
1.978338,1.81251772e-01,-3.34145886e-02,-3.52466195e-02,7.92098143e-03,-8.35228129e-05,2.16769284e-05,1.00797705e-05,4.55468945e+00,1.34939301e-07
1.978885,1.80652788e-01,-3.39423667e-02,-3.45758867e-02,7.89701862e-03,-8.25784172e-05,2.29035690e-05,9.55473587e-06,4.50990036e+00,1.27584370e-07
1.979431,1.80067492e-01,-3.42422737e-02,-3.36354488e-02,7.86308029e-03,-8.09678871e-05,2.43081883e-05,9.40621997e-06,4.50932884e+00,1.21289090e-07
1.979978,1.79495219e-01,-3.41679263e-02,-3.22725345e-02,7.75862245e-03,-7.83705964e-05,2.58520778e-05,9.28676748e-06,4.49512336e+00,1.14878889e-07
1.980525,1.78935384e-01,-3.43950030e-02,-3.13437063e-02,7.75990588e-03,-7.65904939e-05,2.70308121e-05,9.49528033e-06,4.46046350e+00,1.08307055e-07
1.981072,1.78387403e-01,-3.46339170e-02,-3.03800827e-02,7.61145178e-03,-7.51749857e-05,2.84926875e-05,8.26783405e-06,4.45526893e+00,1.02187774e-07
1.981619,1.77850646e-01,-3.55309905e-02,-3.02247050e-02,7.77696078e-03,-7.51758962e-05,2.94755551e-05,8.77996891e-06,4.42716426e+00,9.69383627e-08
1.982166,1.77324410e-01,-3.55594787e-02,-2.91008362e-02,7.70313154e-03,-7.31012760e-05,3.09380826e-05,8.62309016e-06,4.45361474e+00,9.19587951e-08
1.982713,1.76808024e-01,-3.58197208e-02,-2.82716430e-02,7.64428192e-03,-7.16532875e-05,3.20342561e-05,8.13922789e-06,4.42917148e+00,8.66706831e-08
1.983260,1.76300886e-01,-3.59007924e-02,-2.72870478e-02,7.63516092e-03,-6.97091471e-05,3.32564670e-05,8.44555308e-06,4.43492875e+00,8.17555914e-08
1.983807,1.75802393e-01,-3.62786576e-02,-2.66261444e-02,7.65532545e-03,-6.85345299e-05,3.42264895e-05,8.41140758e-06,4.42396456e+00,7.68293935e-08
1.984354,1.75311934e-01,-3.65155885e-02,-2.58345155e-02,7.65053741e-03,-6.70696882e-05,3.53008333e-05,8.37704570e-06,4.44250512e+00,7.23450042e-08
1.984901,1.74828891e-01,-3.61391696e-02,-2.45010232e-02,7.52159224e-03,-6.42772804e-05,3.64942406e-05,8.23018313e-06,4.45063170e+00,6.80387399e-08
1.985448,1.74352718e-01,-3.61462380e-02,-2.35562598e-02,7.43483659e-03,-6.24346436e-05,3.74189661e-05,7.75922493e-06,4.42227039e+00,6.36118718e-08
1.985995,1.73882893e-01,-3.66711808e-02,-2.30756656e-02,7.47325771e-03,-6.17081352e-05,3.82609347e-05,7.56746348e-06,4.42815090e+00,5.96256320e-08
1.986542,1.73418823e-01,-3.68912329e-02,-2.23386088e-02,7.48967935e-03,-6.03016500e-05,3.92478558e-05,7.69203344e-06,4.46187941e+00,5.60982582e-08
1.987089,1.72959913e-01,-3.71822096e-02,-2.16656299e-02,7.46641897e-03,-5.91425229e-05,4.01636740e-05,7.28877998e-06,4.47487906e+00,5.26170005e-08
1.987636,1.72505599e-01,-3.78936877e-02,-2.13383082e-02,7.54239402e-03,-5.88018834e-05,4.09331668e-05,7.11533644e-06,4.49606660e+00,4.94087613e-08
1.988183,1.72055293e-01,-3.80630736e-02,-2.05848628e-02,7.56655838e-03,-5.73216693e-05,4.19355115e-05,7.37308549e-06,4.54411218e+00,4.65160811e-08
1.988730,1.71608434e-01,-3.79511741e-02,-1.96425328e-02,7.47267404e-03,-5.54128646e-05,4.28139756e-05,6.94444225e-06,4.55442971e+00,4.35788726e-08
1.989277,1.71164528e-01,-3.84612250e-02,-1.91736027e-02,7.60626497e-03,-5.45556074e-05,4.35952481e-05,7.60187837e-06,4.55816287e+00,4.06827894e-08
1.989824,1.70723077e-01,-3.88851938e-02,-1.85845926e-02,7.56692901e-03,-5.38057875e-05,4.47297421e-05,6.73407992e-06,4.59270113e+00,3.81691079e-08
1.990371,1.70283558e-01,-3.90010673e-02,-1.78351586e-02,7.59324550e-03,-5.22697858e-05,4.56104774e-05,7.03573775e-06,4.60711956e+00,3.60222303e-08
1.990918,1.69845487e-01,-3.87314014e-02,-1.68778482e-02,7.54554877e-03,-5.00672778e-05,4.62270510e-05,7.20132810e-06,4.62214188e+00,3.37014360e-08
1.991465,1.69408439e-01,-3.89441526e-02,-1.62159711e-02,7.52638653e-03,-4.88680686e-05,4.69503908e-05,6.80935141e-06,4.62960778e+00,3.12628423e-08
1.992011,1.68971990e-01,-3.92872864e-02,-1.56434313e-02,7.56048291e-03,-4.78541786e-05,4.76398218e-05,6.72039975e-06,4.66081087e+00,2.92583949e-08
1.992558,1.68535658e-01,-3.97900052e-02,-1.51675914e-02,7.64338915e-03,-4.70753402e-05,4.82938165e-05,6.81672496e-06,4.70192367e+00,2.89253338e-08
1.993105,1.68098997e-01,-4.00129575e-02,-1.45072225e-02,7.58950827e-03,-4.59921042e-05,4.91280801e-05,6.07409429e-06,4.75244409e+00,2.58557795e-08
1.993652,1.67661619e-01,-3.94699836e-02,-1.34614265e-02,7.50764376e-03,-4.34619434e-05,4.98175193e-05,6.32266147e-06,4.77737099e+00,2.42802802e-08
1.994199,1.67223167e-01,-4.01738638e-02,-1.30902950e-02,7.65391657e-03,-4.30057836e-05,5.04354493e-05,6.65504555e-06,4.75603365e+00,2.24311911e-08
1.994746,1.66783280e-01,-4.02237785e-02,-1.23727454e-02,7.66524929e-03,-4.15219637e-05,5.11348883e-05,6.72234257e-06,4.81746496e+00,2.13794561e-08
1.995293,1.66341579e-01,-3.99511347e-02,-1.15283607e-02,7.60709858e-03,-3.95809470e-05,5.15792887e-05,6.61693047e-06,4.84180360e+00,2.00925894e-08
1.995840,1.65897745e-01,-4.00060546e-02,-1.08470024e-02,7.59851853e-03,-3.81963228e-05,5.20460903e-05,6.44149782e-06,4.85844569e+00,1.86680936e-08
1.996387,1.65451469e-01,-4.07931098e-02,-1.04855183e-02,7.70053560e-03,-3.79667185e-05,5.26448054e-05,6.15541218e-06,4.89563693e+00,1.75392695e-08
1.996934,1.65002405e-01,-4.05085050e-02,-9.62199006e-03,7.64060606e-03,-3.60386544e-05,5.35212539e-05,6.04078488e-06,4.96548999e+00,1.70061322e-08
1.997481,1.64550240e-01,-4.02557990e-02,-8.84057853e-03,7.53688875e-03,-3.43101653e-05,5.37529873e-05,5.45434721e-06,4.95119443e+00,1.58624013e-08
1.998028,1.64094717e-01,-4.13117829e-02,-8.55252685e-03,7.77539997e-03,-3.42980713e-05,5.44896795e-05,6.05260700e-06,4.97830675e+00,1.47287836e-08
1.998575,1.63635535e-01,-4.13365974e-02,-7.82490865e-03,7.75002109e-03,-3.28853798e-05,5.54108649e-05,5.72127529e-06,5.05157569e+00,1.48988144e-08
1.999122,1.63172401e-01,-4.15697414e-02,-7.22610226e-03,7.76834786e-03,-3.18184559e-05,5.58088796e-05,5.49707054e-06,5.05995562e+00,1.41284925e-08
1.999669,1.62705062e-01,-4.16399037e-02,-6.56989448e-03,7.82408615e-03,-3.04159254e-05,5.62511186e-05,5.86613467e-06,5.11245627e+00,1.36983204e-08
2.000216,1.62233282e-01,-4.17204444e-02,-5.90535866e-03,7.79068303e-03,-2.91870183e-05,5.67653254e-05,5.33590717e-06,5.14792256e+00,1.33099408e-08
2.000763,1.61756840e-01,-4.13058404e-02,-5.11165746e-03,7.75988239e-03,-2.71619459e-05,5.70403061e-05,5.61526223e-06,5.18256294e+00,1.27909315e-08
2.001310,1.61275546e-01,-4.20429874e-02,-4.65006093e-03,7.90340376e-03,-2.67450870e-05,5.76086991e-05,5.69744228e-06,5.18762394e+00,1.20761719e-08
2.001857,1.60789200e-01,-4.22010228e-02,-4.01917988e-03,7.92177011e-03,-2.55899570e-05,5.80578525e-05,5.48808271e-06,5.26054120e+00,1.24153114e-08
2.002404,1.60297587e-01,-4.19443712e-02,-3.29427453e-03,7.84615158e-03,-2.39653112e-05,5.82714193e-05,5.04362272e-06,5.30620357e+00,1.22017075e-08
2.002951,1.59800542e-01,-4.18803341e-02,-2.63170690e-03,7.86266526e-03,-2.25184872e-05,5.84641961e-05,5.17602920e-06,5.33123414e+00,1.16252986e-08
2.003498,1.59297919e-01,-4.16999502e-02,-1.95550424e-03,7.87067261e-03,-2.09423178e-05,5.85488330e-05,5.36845970e-06,5.37120493e+00,1.14111052e-08
2.004044,1.58789584e-01,-4.21476213e-02,-1.40775266e-03,7.97733443e-03,-2.01804187e-05,5.88605520e-05,5.48000117e-06,5.40645068e+00,1.11640019e-08
2.004591,1.58275395e-01,-4.21905472e-02,-7.57136049e-04,7.96103358e-03,-1.89676057e-05,5.92378836e-05,5.04027399e-06,5.47526733e+00,1.15077802e-08
2.005138,1.57755207e-01,-4.21783600e-02,-1.17562180e-04,7.98365288e-03,-1.76546738e-05,5.93999286e-05,5.07378341e-06,5.51311628e+00,1.12559692e-08
2.005685,1.57228904e-01,-4.21738387e-02,5.20411601e-04,7.98384495e-03,-1.64076493e-05,5.95671522e-05,4.86219838e-06,5.55845257e+00,1.11539922e-08
2.006232,1.56696384e-01,-4.17736973e-02,1.20836476e-03,7.93647091e-03,-1.46768349e-05,5.95596029e-05,4.81190439e-06,5.60464506e+00,1.10165712e-08
2.006779,1.56157566e-01,-4.15476706e-02,1.85219244e-03,7.92749695e-03,-1.32008195e-05,5.94705779e-05,4.83543387e-06,5.62376962e+00,1.05388221e-08
2.007326,1.55612388e-01,-4.20361435e-02,2.42178949e-03,8.04012084e-03,-1.25409781e-05,5.97432494e-05,4.86943276e-06,5.66323918e+00,1.03318008e-08
2.007873,1.55060767e-01,-4.18160559e-02,3.09088028e-03,8.01943955e-03,-1.10140340e-05,5.99874632e-05,4.72054455e-06,5.73678264e+00,1.07307031e-08
2.008420,1.54502627e-01,-4.14331439e-02,3.72998269e-03,7.97513562e-03,-9.44568859e-06,5.97587507e-05,4.61351620e-06,5.75427378e+00,1.02505088e-08
2.008967,1.53937930e-01,-4.18520381e-02,4.32386461e-03,8.07357111e-03,-8.73317056e-06,5.99950371e-05,4.58152460e-06,5.78615873e+00,9.89095371e-09
2.009514,1.53366628e-01,-4.18714557e-02,4.94535921e-03,8.10030218e-03,-7.58197487e-06,6.00748374e-05,4.48693272e-06,5.85736815e+00,1.01616876e-08
2.010061,1.52788664e-01,-4.11073088e-02,5.59535594e-03,7.95704622e-03,-5.65551345e-06,5.98210747e-05,4.01170049e-06,5.90729290e+00,1.00355040e-08
2.010608,1.52204032e-01,-4.16171017e-02,6.21579764e-03,8.12229788e-03,-4.92084935e-06,6.01912186e-05,4.44010657e-06,5.89020492e+00,9.13885637e-09
2.011155,1.51612717e-01,-4.14598792e-02,6.83144393e-03,8.14788971e-03,-3.59714552e-06,6.00909170e-05,4.55848091e-06,5.95529492e+00,9.39102197e-09
2.011702,1.51014694e-01,-4.13961629e-02,7.45307841e-03,8.13434572e-03,-2.47060067e-06,6.00943884e-05,4.14013446e-06,5.99518477e+00,9.13765752e-09
2.012249,1.50409962e-01,-4.12672102e-02,8.06567230e-03,8.16836204e-03,-1.19709762e-06,5.99944147e-05,4.28706694e-06,6.03827531e+00,8.82698933e-09
2.012796,1.49798527e-01,-4.11295660e-02,8.67601730e-03,8.16408664e-03,-7.81583637e-09,5.98820403e-05,4.05903532e-06,6.07882079e+00,8.55537614e-09
2.013343,1.49180406e-01,-4.09338731e-02,9.27571156e-03,8.18271969e-03,1.26675132e-06,5.96795907e-05,4.13965594e-06,6.12162565e+00,8.21953563e-09
2.013890,1.48555626e-01,-4.07871587e-02,9.87085926e-03,8.21250855e-03,2.45149050e-06,5.94479683e-05,4.22128555e-06,6.16113969e+00,7.89631232e-09
2.014437,1.47924221e-01,-4.03912607e-02,1.04601873e-02,8.13009281e-03,3.81656118e-06,5.92537026e-05,3.62104424e-06,6.20699530e+00,7.63122780e-09
2.014984,1.47286237e-01,-4.04039838e-02,1.10759261e-02,8.19980997e-03,4.87973121e-06,5.91628817e-05,3.82501211e-06,6.21841070e+00,6.97930329e-09
2.015531,1.46641724e-01,-3.97870857e-02,1.16127082e-02,8.15468574e-03,6.49371778e-06,5.86596359e-05,3.92626567e-06,6.26810039e+00,6.74387973e-09
2.016077,1.45990745e-01,-3.98771552e-02,1.22384408e-02,8.21359560e-03,7.38267597e-06,5.85939806e-05,3.83242396e-06,6.26925344e+00,6.20517746e-09
2.016624,1.45333369e-01,-4.00397674e-02,1.28655269e-02,8.29080945e-03,8.14203918e-06,5.84575381e-05,3.79900985e-06,6.32737090e+00,5.94361710e-09
2.017171,1.44669638e-01,-3.95274120e-02,1.34212852e-02,8.24025165e-03,9.69544436e-06,5.82267021e-05,3.61944475e-06,6.39529895e+00,5.78081118e-09
2.017718,1.43999625e-01,-3.87819450e-02,1.38750950e-02,8.13889619e-03,1.11224066e-05,5.73651367e-05,3.39554144e-06,6.38399725e+00,5.14191291e-09
2.018265,1.43323444e-01,-3.87260035e-02,1.44725558e-02,8.18715984e-03,1.20713062e-05,5.71208465e-05,3.41448643e-06,6.39588888e+00,4.90093173e-09
2.018812,1.42641196e-01,-3.82825491e-02,1.49952476e-02,8.15379540e-03,1.33712514e-05,5.66813907e-05,3.28445033e-06,6.44723454e+00,4.68423737e-09
2.019359,1.41952976e-01,-3.84396137e-02,1.56498688e-02,8.20818884e-03,1.40781000e-05,5.66447554e-05,2.97720429e-06,6.46229437e+00,4.53866423e-09
2.019906,1.41258876e-01,-3.80688805e-02,1.61944578e-02,8.23774396e-03,1.54632819e-05,5.63218122e-05,3.30245318e-06,6.52215275e+00,4.20688356e-09
2.020453,1.40558993e-01,-3.75774101e-02,1.66690564e-02,8.21154131e-03,1.66367619e-05,5.56283565e-05,3.29999964e-06,6.52302230e+00,4.34688921e-09
2.021000,1.39853455e-01,-3.76757218e-02,1.73194266e-02,8.26882099e-03,1.73586909e-05,5.55296153e-05,3.05034206e-06,6.54774262e+00,4.69597990e-09
2.021547,1.39142373e-01,-3.70619220e-02,1.77812332e-02,8.22971585e-03,1.88423504e-05,5.50060310e-05,3.09253355e-06,6.60516719e+00,4.54378441e-09
2.022094,1.38425873e-01,-3.68320322e-02,1.83324660e-02,8.23146066e-03,1.97705425e-05,5.45974739e-05,2.86636617e-06,6.58229096e+00,5.31372060e-09
2.022641,1.37704094e-01,-3.66818475e-02,1.89074214e-02,8.30707546e-03,2.07305241e-05,5.42071092e-05,3.18916387e-06,6.62041926e+00,5.66063796e-09
2.023188,1.36977165e-01,-3.67322904e-02,1.95414845e-02,8.40101377e-03,2.13950615e-05,5.39089237e-05,3.30196942e-06,6.65758608e+00,6.13974327e-09
2.023735,1.36245207e-01,-3.59346585e-02,1.99366335e-02,8.28286990e-03,2.30470820e-05,5.34290771e-05,2.81799344e-06,6.71916321e+00,6.32162315e-09
2.024282,1.35508373e-01,-3.57798787e-02,2.05171244e-02,8.34358918e-03,2.39387299e-05,5.30518794e-05,2.95294783e-06,6.63365616e+00,7.68156950e-09
2.024829,1.34766829e-01,-3.55444495e-02,2.10694698e-02,8.34796877e-03,2.48189013e-05,5.26575368e-05,2.67751323e-06,6.67246241e+00,8.26395587e-09
2.025376,1.34020721e-01,-3.50392366e-02,2.15021317e-02,8.30844941e-03,2.58557337e-05,5.19681769e-05,2.49569445e-06,6.70468761e+00,8.88337733e-09
2.025923,1.33270213e-01,-3.47611020e-02,2.20228173e-02,8.38884577e-03,2.68130092e-05,5.13897591e-05,3.01283240e-06,6.71563333e+00,9.84938124e-09
2.026470,1.32515479e-01,-3.41033229e-02,2.23925823e-02,8.31084853e-03,2.80189696e-05,5.06813407e-05,2.65861482e-06,6.73400848e+00,1.07150846e-08
2.027017,1.31756704e-01,-3.37919516e-02,2.28965134e-02,8.34420956e-03,2.88830066e-05,5.01116174e-05,2.75068725e-06,6.70727176e+00,1.19571757e-08
2.027564,1.30994077e-01,-3.36459900e-02,2.34897350e-02,8.36619320e-03,2.95971183e-05,4.98022482e-05,2.39796322e-06,6.73489194e+00,1.27964981e-08
2.028111,1.30227766e-01,-3.27821564e-02,2.37320202e-02,8.30561208e-03,3.10134371e-05,4.88086942e-05,2.60603989e-06,6.77077110e+00,1.34080483e-08
2.028657,1.29457972e-01,-3.18547028e-02,2.38792198e-02,8.16385360e-03,3.19480485e-05,4.75136368e-05,2.22713028e-06,6.69872399e+00,1.50765810e-08
2.029204,1.28684940e-01,-3.15621537e-02,2.43844379e-02,8.22534441e-03,3.27678990e-05,4.69525080e-05,2.50316240e-06,6.67594171e+00,1.64239829e-08
2.029751,1.27908886e-01,-3.14658295e-02,2.50287321e-02,8.23749378e-03,3.34726279e-05,4.68409174e-05,1.86990017e-06,6.69650831e+00,1.73353987e-08
2.030298,1.27129990e-01,-3.07073200e-02,2.52636035e-02,8.15474150e-03,3.45096037e-05,4.58353422e-05,1.72139351e-06,6.71376694e+00,1.79825279e-08
2.030845,1.26348457e-01,-3.02264251e-02,2.56422441e-02,8.17604855e-03,3.53078037e-05,4.50053978e-05,2.00680152e-06,6.68060544e+00,1.93753160e-08
2.031392,1.25564520e-01,-2.99369139e-02,2.61468312e-02,8.20936777e-03,3.59840004e-05,4.44780853e-05,1.96918786e-06,6.68598171e+00,2.04659658e-08
2.031939,1.24778389e-01,-2.94903252e-02,2.65507463e-02,8.19219953e-03,3.67281789e-05,4.38024788e-05,1.76915420e-06,6.71188950e+00,2.13345925e-08
2.032486,1.23990273e-01,-2.86989822e-02,2.67079214e-02,8.11787076e-03,3.76283732e-05,4.26586616e-05,1.75820042e-06,6.71860582e+00,2.23692199e-08
2.033033,1.23200418e-01,-2.80524829e-02,2.69438886e-02,8.07251885e-03,3.83375719e-05,4.16484044e-05,1.72484534e-06,6.68129643e+00,2.37941943e-08
2.033580,1.22409082e-01,-2.76566444e-02,2.73718483e-02,8.04256765e-03,3.89652395e-05,4.10863443e-05,1.27728349e-06,6.67190299e+00,2.50081198e-08
2.034127,1.21616503e-01,-2.71667307e-02,2.77339106e-02,8.08029886e-03,3.98393613e-05,4.03208797e-05,1.65971294e-06,6.67506412e+00,2.59696629e-08
2.034674,1.20822914e-01,-2.61393030e-02,2.76284524e-02,7.95603637e-03,4.05559131e-05,3.87210298e-05,1.72724419e-06,6.65120091e+00,2.72402540e-08
2.035221,1.20028595e-01,-2.58179453e-02,2.81110041e-02,7.96464840e-03,4.11549529e-05,3.82767848e-05,1.41032442e-06,6.58897455e+00,2.88260783e-08
2.035768,1.19233812e-01,-2.52025689e-02,2.83395548e-02,7.93434251e-03,4.18617363e-05,3.73437641e-05,1.41503581e-06,6.59653787e+00,2.97699629e-08
2.036315,1.18438811e-01,-2.47045037e-02,2.86561281e-02,7.92287308e-03,4.24351291e-05,3.65751140e-05,1.32903284e-06,6.57162177e+00,3.10570856e-08
2.036862,1.17643851e-01,-2.42455156e-02,2.90043279e-02,7.92673280e-03,4.29959475e-05,3.58642645e-05,1.29016285e-06,6.56713974e+00,3.21759567e-08
2.037409,1.16849183e-01,-2.31197014e-02,2.87297781e-02,7.73454301e-03,4.37296375e-05,3.41865170e-05,9.89148414e-07,6.56538607e+00,3.32738655e-08
2.037956,1.16055110e-01,-2.26488185e-02,2.90506487e-02,7.74115629e-03,4.42298472e-05,3.34537678e-05,1.01296015e-06,6.44734524e+00,3.50537782e-08
2.038503,1.15261936e-01,-2.25610191e-02,2.97551018e-02,7.83807776e-03,4.46387493e-05,3.33691254e-05,9.20815530e-07,6.44300098e+00,3.61673840e-08
2.039050,1.14469888e-01,-2.17540904e-02,2.97673048e-02,7.75373187e-03,4.54964274e-05,3.21958931e-05,8.38981327e-07,6.47762949e+00,3.68843720e-08
2.039597,1.13679223e-01,-2.09487021e-02,2.97049157e-02,7.67520701e-03,4.58640546e-05,3.08545170e-05,9.33925512e-07,6.38235265e+00,3.85411601e-08
2.040144,1.12890263e-01,-2.04963145e-02,3.00386793e-02,7.67604313e-03,4.63236792e-05,3.02182093e-05,7.99196706e-07,6.33742333e+00,3.99366798e-08
2.040690,1.12103294e-01,-1.97610756e-02,3.00467814e-02,7.61966515e-03,4.68332225e-05,2.90416018e-05,8.77761864e-07,6.32816675e+00,4.10582741e-08
2.041237,1.11318605e-01,-1.90010289e-02,2.99895343e-02,7.55379837e-03,4.71644228e-05,2.77809151e-05,9.69341615e-07,6.27029847e+00,4.25177421e-08
2.041784,1.10536512e-01,-1.86421637e-02,3.04284563e-02,7.58844510e-03,4.76020996e-05,2.73514599e-05,8.41210502e-07,6.22092249e+00,4.39222593e-08
2.042331,1.09757298e-01,-1.78147985e-02,3.02813480e-02,7.46895966e-03,4.80376960e-05,2.60435558e-05,5.91315021e-07,6.21891612e+00,4.49836918e-08
2.042878,1.08981259e-01,-1.71218910e-02,3.02657444e-02,7.39308631e-03,4.82905081e-05,2.49543124e-05,4.40670095e-07,6.13431932e+00,4.65417341e-08
2.043425,1.08208722e-01,-1.67330398e-02,3.06626256e-02,7.40251162e-03,4.86446877e-05,2.45255889e-05,1.73802671e-07,6.09038812e+00,4.78834042e-08
2.043972,1.07439971e-01,-1.57798610e-02,3.02883776e-02,7.27033150e-03,4.91163834e-05,2.28677408e-05,2.52920725e-07,6.08249516e+00,4.89601369e-08
2.044519,1.06675324e-01,-1.55613655e-02,3.09768785e-02,7.32351960e-03,4.97258928e-05,2.29201463e-05,-2.47065735e-07,5.94486478e+00,5.07995758e-08
2.045066,1.05915082e-01,-1.48142057e-02,3.08752687e-02,7.25881828e-03,5.02391438e-05,2.16783785e-05,-1.38164223e-07,5.93271198e+00,5.18479834e-08
2.045613,1.05159522e-01,-1.40936008e-02,3.07543977e-02,7.15446393e-03,5.03822554e-05,2.05379487e-05,-3.90159626e-07,5.83772277e+00,5.35198476e-08
2.046160,1.04408982e-01,-1.35453622e-02,3.09077717e-02,7.19695315e-03,5.07512389e-05,1.96692999e-05,1.35135015e-07,5.77925928e+00,5.49448536e-08
2.046707,1.03663767e-01,-1.30638694e-02,3.11849784e-02,7.19255255e-03,5.11344489e-05,1.91109529e-05,-8.84782924e-08,5.72872782e+00,5.63604880e-08
2.047254,1.02924156e-01,-1.22675749e-02,3.08836043e-02,7.03825598e-03,5.11974675e-05,1.77883575e-05,-5.13196644e-07,5.69831343e+00,5.76651544e-08
2.047801,1.02190463e-01,-1.17574840e-02,3.10969261e-02,7.08939490e-03,5.15847034e-05,1.70583132e-05,-7.34642337e-08,5.61080382e+00,5.92131355e-08
2.048348,1.01463001e-01,-1.09877536e-02,3.08393014e-02,6.92632552e-03,5.18570837e-05,1.58228065e-05,-7.40615172e-07,5.56692220e+00,6.06394775e-08
2.048895,1.00742087e-01,-1.05607032e-02,3.12293426e-02,7.00255325e-03,5.23382466e-05,1.53751847e-05,-4.30734257e-07,5.44820983e+00,6.23339897e-08
2.049442,1.00028021e-01,-9.79065838e-03,3.08811643e-02,6.89607731e-03,5.23655259e-05,1.39782050e-05,-4.10695961e-07,5.42244763e+00,6.37156341e-08
2.049989,9.93210981e-02,-9.11017672e-03,3.06855375e-02,6.78925548e-03,5.23460606e-05,1.29067694e-05,-7.12274238e-07,5.33345214e+00,6.53586382e-08
