time_orbits,dist,err_x,err_y,err_z,err_vx,err_vy,err_vz,P_trace,u_p_norm
0.000000,0.00000000e+00,0.00000000e+00,0.00000000e+00,0.00000000e+00,0.00000000e+00,0.00000000e+00,0.00000000e+00,0.00000000e+00,0.00000000e+00
0.001641,8.66733548e+02,4.19838506e-01,5.52205944e-02,-1.77927031e-02,1.55165170e-02,-3.78585474e-03,-4.92511312e-03,8.77612638e-03,1.19624787e-03
0.003282,8.67777587e+02,8.46059595e-01,-7.67973112e-02,-9.36504575e-02,1.55556981e-02,-4.22422361e-03,-4.76859917e-03,5.74126062e-03,1.17895448e-03
0.004923,8.69098193e+02,1.21748554e+00,-1.88224659e-01,-2.51427126e-01,1.56411395e-02,-4.90317287e-03,-5.02692500e-03,5.39305113e-03,1.16294457e-03
0.006563,8.70642658e+02,1.58630609e+00,-3.29939907e-01,-3.77367685e-01,1.57676320e-02,-5.77893622e-03,-5.19159803e-03,5.57712053e-03,1.14911824e-03
0.008204,8.72364696e+02,2.01121766e+00,-5.19650670e-01,-5.18829608e-01,1.61032306e-02,-7.01205923e-03,-5.51439684e-03,5.82447181e-03,1.13749822e-03
0.009845,8.74224219e+02,2.42701779e+00,-7.69728431e-01,-6.61489254e-01,1.63372014e-02,-8.48729492e-03,-5.73441384e-03,6.01494255e-03,1.12870945e-03
0.011486,8.76186990e+02,2.82213592e+00,-9.94305758e-01,-8.34791749e-01,1.62901990e-02,-9.63117666e-03,-6.13063338e-03,6.14157337e-03,1.12336677e-03
0.013127,8.78224135e+02,3.08767093e+00,-1.19080735e+00,-1.02226295e+00,1.52388195e-02,-1.04889273e-02,-6.63118355e-03,6.22509016e-03,1.12182651e-03
0.014768,8.80312041e+02,3.37395434e+00,-1.45916553e+00,-1.10301795e+00,1.43077406e-02,-1.16547127e-02,-6.40841748e-03,6.28439589e-03,1.12396560e-03
0.016409,8.82431490e+02,3.73360052e+00,-1.78287912e+00,-1.26109501e+00,1.40576716e-02,-1.29693903e-02,-6.57088124e-03,6.33177435e-03,1.13063346e-03
0.018050,8.84567236e+02,3.97893306e+00,-2.07463851e+00,-1.38284112e+00,1.28355895e-02,-1.38600179e-02,-6.52225910e-03,6.37405472e-03,1.14178443e-03
0.019690,8.86707923e+02,4.21368044e+00,-2.41647380e+00,-1.47898931e+00,1.17834435e-02,-1.48605813e-02,-6.25047583e-03,6.41407807e-03,1.15673691e-03
0.021331,8.88845626e+02,4.42691173e+00,-2.74961268e+00,-1.58159528e+00,1.06531007e-02,-1.55866105e-02,-6.06198428e-03,6.45356169e-03,1.17559106e-03
0.022972,8.90975597e+02,4.58707049e+00,-3.08715594e+00,-1.66316274e+00,9.36803863e-03,-1.60404487e-02,-5.80423041e-03,6.49299088e-03,1.19806750e-03
0.024613,8.93095949e+02,4.72041757e+00,-3.37528912e+00,-1.79910340e+00,8.07680276e-03,-1.61017830e-02,-5.87680547e-03,6.53306429e-03,1.22441808e-03
0.026254,8.95207344e+02,4.76067537e+00,-3.65576421e+00,-1.86637385e+00,6.27966056e-03,-1.60636661e-02,-5.53220655e-03,6.57376037e-03,1.25353110e-03
0.027895,8.97312741e+02,4.93712159e+00,-4.05042182e+00,-2.01090433e+00,5.72938839e-03,-1.67797819e-02,-5.66899397e-03,6.61480890e-03,1.28445435e-03
0.029536,8.99417070e+02,5.00322589e+00,-4.34686635e+00,-2.13852517e+00,4.44418031e-03,-1.66804650e-02,-5.67038211e-03,6.65671939e-03,1.31798610e-03
0.031176,9.01526972e+02,5.04695802e+00,-4.66924641e+00,-2.23018061e+00,3.25008004e-03,-1.65573627e-02,-5.42314098e-03,6.69892301e-03,1.35217187e-03
0.032817,9.03650600e+02,5.03538544e+00,-4.92319162e+00,-2.33540004e+00,1.83199109e-03,-1.60164537e-02,-5.27834242e-03,6.74191979e-03,1.38785974e-03
0.034458,9.05797400e+02,5.04525499e+00,-5.31044632e+00,-2.41470594e+00,6.43409733e-04,-1.64455956e-02,-5.00953849e-03,6.78534744e-03,1.42336029e-03
0.036099,9.07977981e+02,5.00475298e+00,-5.59618919e+00,-2.48870867e+00,-6.15201119e-04,-1.60438024e-02,-4.80563657e-03,6.82934644e-03,1.45887027e-03
0.037740,9.10203621e+02,4.95945396e+00,-5.87719648e+00,-2.62375914e+00,-1.76194202e-03,-1.56455649e-02,-4.97488082e-03,6.87409003e-03,1.49419863e-03
0.039381,9.12486179e+02,4.88753308e+00,-6.24957008e+00,-2.64445339e+00,-2.84258870e-03,-1.57680132e-02,-4.32273411e-03,6.91955990e-03,1.52871133e-03
0.041022,9.14837536e+02,4.77082864e+00,-6.48614698e+00,-2.73689193e+00,-4.08425717e-03,-1.49335511e-02,-4.28100499e-03,6.96591435e-03,1.56297896e-03
0.042663,9.17269557e+02,4.71134665e+00,-6.80091871e+00,-2.84424658e+00,-4.76028308e-03,-1.47151506e-02,-4.30514857e-03,7.01312152e-03,1.59589153e-03
0.044303,9.19793889e+02,4.56587376e+00,-7.06397344e+00,-2.93237041e+00,-5.92127429e-03,-1.41090952e-02,-4.24573984e-03,7.06132194e-03,1.62699517e-03
0.045944,9.22421893e+02,4.42013295e+00,-7.30299634e+00,-2.97113092e+00,-6.74408222e-03,-1.33694662e-02,-3.75855186e-03,7.11055530e-03,1.65711124e-03
0.047585,9.25164124e+02,4.25068859e+00,-7.54301683e+00,-3.00438181e+00,-7.57217566e-03,-1.26750215e-02,-3.32457951e-03,7.16064475e-03,1.68463706e-03
0.049226,9.28030483e+02,4.08847570e+00,-7.76564496e+00,-3.11843643e+00,-8.23631935e-03,-1.19570425e-02,-3.51347476e-03,7.21199524e-03,1.71107633e-03
0.050867,9.31029764e+02,3.85981340e+00,-7.95495634e+00,-3.14952784e+00,-9.23371502e-03,-1.10762148e-02,-3.14736448e-03,7.26455500e-03,1.73526905e-03
0.052508,9.34169802e+02,3.69059370e+00,-8.20496268e+00,-3.26898103e+00,-9.57244230e-03,-1.07029654e-02,-3.32704642e-03,7.31829090e-03,1.75722752e-03
0.054149,9.37457209e+02,3.50761663e+00,-8.35619950e+00,-3.37063337e+00,-9.89887514e-03,-9.70656002e-03,-3.38758077e-03,7.37333995e-03,1.77749903e-03
0.055789,9.40897123e+02,3.28919297e+00,-8.50172990e+00,-3.39765127e+00,-1.03007382e-02,-8.77183548e-03,-2.88709493e-03,7.42972865e-03,1.79463679e-03
0.057430,9.44493510e+02,3.01375924e+00,-8.68112973e+00,-3.32125226e+00,-1.11580779e-02,-8.19773414e-03,-1.85948171e-03,7.48730699e-03,1.80971234e-03
0.059071,9.48249157e+02,2.76643423e+00,-8.84561956e+00,-3.39370192e+00,-1.18676687e-02,-7.60707639e-03,-2.03116669e-03,7.54608328e-03,1.82183873e-03
0.060712,9.52165716e+02,2.53924762e+00,-8.87971423e+00,-3.45941736e+00,-1.18504315e-02,-6.19628571e-03,-2.00755186e-03,7.60617638e-03,1.83237281e-03
0.062353,9.56242971e+02,2.28770793e+00,-8.98448490e+00,-3.47091431e+00,-1.20954858e-02,-5.43571128e-03,-1.66626524e-03,7.66757518e-03,1.84002434e-03
0.063994,9.60479433e+02,2.03965480e+00,-8.95564611e+00,-3.43101040e+00,-1.21871119e-02,-3.95670337e-03,-1.08645193e-03,7.73024487e-03,1.84582796e-03
0.065635,9.64872249e+02,1.76583148e+00,-9.07006469e+00,-3.37641900e+00,-1.26095757e-02,-3.58830738e-03,-5.28106992e-04,7.79411453e-03,1.84834875e-03
0.067276,9.69417580e+02,1.50706133e+00,-9.08779506e+00,-3.41023339e+00,-1.27405805e-02,-2.65573569e-03,-5.69415132e-04,7.85912893e-03,1.84909119e-03
0.068916,9.74110317e+02,1.26509946e+00,-9.11331507e+00,-3.44349640e+00,-1.25945562e-02,-1.87998446e-03,-5.92205218e-04,7.92523564e-03,1.84716404e-03
0.070557,9.78944074e+02,1.02269480e+00,-9.17070766e+00,-3.52985121e+00,-1.25779175e-02,-1.42431246e-03,-9.38268601e-04,7.99249162e-03,1.84369393e-03
0.072198,9.83911424e+02,7.58615102e-01,-9.20886393e+00,-3.52691871e+00,-1.25212536e-02,-9.33442768e-04,-6.54074262e-04,8.06058704e-03,1.83740654e-03
0.073839,9.89003979e+02,5.27963241e-01,-9.09958680e+00,-3.51363463e+00,-1.23389694e-02,4.56897957e-04,-3.84830409e-04,8.12962051e-03,1.82947222e-03
0.075480,9.94212419e+02,2.71714411e-01,-9.08572171e+00,-3.48995936e+00,-1.22562592e-02,1.01020436e-03,-9.57280286e-05,8.19932107e-03,1.81900798e-03
0.077121,9.99526794e+02,-1.89751386e-02,-9.16176627e+00,-3.43346443e+00,-1.25933662e-02,1.00321254e-03,3.37940196e-04,8.26973662e-03,1.80608446e-03
0.078762,1.00493666e+03,-2.34226094e-01,-9.07329530e+00,-3.51737553e+00,-1.22299533e-02,1.97379556e-03,-1.53109061e-04,8.34064505e-03,1.79226193e-03
0.080402,1.01043068e+03,-4.78201298e-01,-9.00352891e+00,-3.47890028e+00,-1.19500131e-02,2.61782697e-03,2.68783166e-04,8.41204876e-03,1.77632385e-03
0.082043,1.01599696e+03,-6.59866262e-01,-8.84147249e+00,-3.46740489e+00,-1.12175586e-02,3.71977415e-03,4.04296701e-04,8.48387809e-03,1.75939797e-03
0.083684,1.02162285e+03,-8.93108321e-01,-8.75445572e+00,-3.52216163e+00,-1.10819347e-02,4.18080674e-03,1.17340027e-04,8.55592530e-03,1.74076977e-03
0.085325,1.02729574e+03,-1.11710316e+00,-8.68507863e+00,-3.49076565e+00,-1.09226523e-02,4.52741014e-03,3.70167687e-04,8.62794276e-03,1.71968438e-03
0.086966,1.03300287e+03,-1.31019029e+00,-8.54363867e+00,-3.45490038e+00,-1.04804892e-02,5.22673077e-03,6.35707741e-04,8.69993570e-03,1.69744182e-03
0.088607,1.03873126e+03,-1.48081308e+00,-8.36708033e+00,-3.44380680e+00,-9.87673862e-03,5.96390100e-03,7.03787498e-04,8.77178132e-03,1.67504866e-03
0.090248,1.04446755e+03,-1.64280026e+00,-8.13381920e+00,-3.39370628e+00,-9.37130276e-03,6.94516900e-03,9.99587951e-04,8.84332240e-03,1.65118240e-03
0.091889,1.05019845e+03,-1.85688582e+00,-8.06943079e+00,-3.34847515e+00,-9.10891074e-03,6.68763226e-03,1.18387373e-03,8.91440309e-03,1.62514411e-03
0.093529,1.05591072e+03,-2.04660812e+00,-7.97138549e+00,-3.34861430e+00,-8.83501554e-03,6.69469148e-03,1.08201581e-03,8.98492677e-03,1.59874223e-03
0.095170,1.06159120e+03,-2.23268483e+00,-7.79850000e+00,-3.25376601e+00,-8.60153933e-03,7.16972912e-03,1.59708587e-03,9.05464456e-03,1.57076321e-03
0.096811,1.06722712e+03,-2.40707040e+00,-7.70991969e+00,-3.26654350e+00,-8.34502356e-03,7.05965113e-03,1.36673135e-03,9.12352696e-03,1.54230476e-03
0.098452,1.07280433e+03,-2.59514717e+00,-7.54172471e+00,-3.25785282e+00,-8.16429861e-03,7.51586436e-03,1.29369150e-03,9.19156609e-03,1.51255770e-03
0.100093,1.07831148e+03,-2.76208282e+00,-7.42874285e+00,-3.20963059e+00,-7.87595862e-03,7.56108298e-03,1.46771300e-03,9.25833535e-03,1.48245015e-03
0.101734,1.08373651e+03,-2.91924792e+00,-7.24718833e+00,-3.18072328e+00,-7.61774599e-03,8.06917571e-03,1.50810808e-03,9.32399596e-03,1.45233392e-03
0.103375,1.08906728e+03,-3.04088211e+00,-7.06252320e+00,-3.09844773e+00,-7.08495798e-03,8.42339854e-03,1.90669597e-03,9.38822482e-03,1.42201228e-03
0.105015,1.09429185e+03,-3.14452024e+00,-6.83949738e+00,-3.04978797e+00,-6.40445434e-03,8.91367573e-03,2.00261067e-03,9.45087521e-03,1.39056867e-03
0.106656,1.09939851e+03,-3.22553015e+00,-6.62777759e+00,-3.00074853e+00,-5.73648054e-03,9.18938761e-03,2.08581605e-03,9.51202475e-03,1.35991172e-03
0.108297,1.10437576e+03,-3.32990079e+00,-6.40646435e+00,-2.98931978e+00,-5.35989567e-03,9.49631976e-03,1.94137577e-03,9.57151217e-03,1.32875556e-03
0.109938,1.10921266e+03,-3.46016295e+00,-6.23626944e+00,-2.99041174e+00,-5.20858225e-03,9.50504741e-03,1.71629271e-03,9.62893824e-03,1.29624423e-03
0.111579,1.11389876e+03,-3.58041432e+00,-6.06208455e+00,-2.97321255e+00,-4.95721126e-03,9.45925438e-03,1.65662820e-03,9.68437534e-03,1.26367444e-03
0.113220,1.11842389e+03,-3.68937878e+00,-5.89320960e+00,-2.95522994e+00,-4.77707823e-03,9.44297146e-03,1.62089030e-03,9.73788354e-03,1.23177444e-03
0.114861,1.12277821e+03,-3.74599236e+00,-5.67627534e+00,-2.93126154e+00,-4.13723404e-03,9.60760968e-03,1.58977768e-03,9.78916636e-03,1.19897544e-03
0.116501,1.12695217e+03,-3.86355706e+00,-5.48951454e+00,-2.79561166e+00,-4.13200689e-03,9.71164117e-03,2.25476734e-03,9.83818867e-03,1.16651479e-03
0.118142,1.13093679e+03,-3.93711082e+00,-5.30949400e+00,-2.71835515e+00,-3.62195797e-03,9.50633420e-03,2.43807738e-03,9.88462240e-03,1.13404195e-03
0.119783,1.13467021e+03,-4.07137437e+00,-5.14369091e+00,-2.72271894e+00,-3.53869993e-03,9.41069561e-03,2.08772769e-03,9.92855827e-03,1.09461998e-03
0.121424,1.13814599e+03,-4.10475861e+00,-4.89961290e+00,-2.72018974e+00,-3.09832727e-03,9.87114087e-03,1.90898649e-03,9.96916635e-03,1.06230953e-03
0.123065,1.14140990e+03,-4.16123417e+00,-4.68755262e+00,-2.64493885e+00,-2.84530058e-03,1.00474475e-02,2.20385937e-03,1.00067788e-02,1.03026612e-03
0.124706,1.14445429e+03,-4.17129345e+00,-4.45283397e+00,-2.58909191e+00,-2.30966622e-03,1.02879713e-02,2.27693400e-03,1.00416204e-02,9.98586039e-04
0.126347,1.14727182e+03,-4.21148631e+00,-4.23996842e+00,-2.63949592e+00,-1.96655186e-03,1.02361790e-02,1.70765678e-03,1.00735860e-02,9.67189278e-04
0.127988,1.14985541e+03,-4.24266028e+00,-4.02673879e+00,-2.51423917e+00,-1.68121009e-03,1.02904672e-02,2.22841714e-03,1.01027645e-02,9.35555056e-04
0.129628,1.15219848e+03,-4.31142346e+00,-3.86604043e+00,-2.44056296e+00,-1.67774252e-03,1.00384441e-02,2.40484362e-03,1.01287917e-02,9.04321948e-04
0.131269,1.15429490e+03,-4.33806230e+00,-3.66004941e+00,-2.38837018e+00,-1.34392860e-03,1.00147932e-02,2.42491139e-03,1.01518411e-02,8.73191958e-04
0.132910,1.15613882e+03,-4.34737155e+00,-3.45613030e+00,-2.36299331e+00,-1.00235429e-03,1.00342394e-02,2.25044270e-03,1.01717916e-02,8.42782333e-04
0.134551,1.15772473e+03,-4.39600348e+00,-3.27089623e+00,-2.32251549e+00,-8.73017527e-04,9.81705343e-03,2.15539204e-03,1.01885223e-02,8.12744033e-04
0.136192,1.15904744e+03,-4.40369030e+00,-3.09341865e+00,-2.19905079e+00,-6.02448001e-04,9.64440109e-03,2.62831640e-03,1.02020455e-02,7.83270175e-04
0.137833,1.16010208e+03,-4.42146112e+00,-2.88646009e+00,-2.14333826e+00,-4.46716615e-04,9.67877745e-03,2.64734988e-03,1.02123204e-02,7.54078163e-04
0.139474,1.16088422e+03,-4.42757444e+00,-2.70893302e+00,-2.12899984e+00,-2.35272053e-04,9.48192266e-03,2.37980742e-03,1.02191663e-02,7.25242759e-04
0.141114,1.16138976e+03,-4.40660283e+00,-2.49038620e+00,-2.10556513e+00,9.99784301e-05,9.63248033e-03,2.22343960e-03,1.02225869e-02,6.96531655e-04
0.142755,1.16161500e+03,-4.42845757e+00,-2.32154641e+00,-2.05533923e+00,1.27228041e-04,9.48471285e-03,2.23947291e-03,1.02227157e-02,6.68217284e-04
0.144396,1.16155652e+03,-4.50902643e+00,-2.16827752e+00,-1.96980233e+00,-2.72346502e-04,9.33161073e-03,2.52243148e-03,1.02192545e-02,6.40489591e-04
0.146037,1.16121135e+03,-4.46418824e+00,-1.95243942e+00,-1.86501945e+00,2.33927762e-04,9.46173176e-03,2.80026884e-03,1.02122975e-02,6.13259229e-04
0.147678,1.16057670e+03,-4.40197784e+00,-1.76033597e+00,-1.86550631e+00,7.71371820e-04,9.36058090e-03,2.44366181e-03,1.02018442e-02,5.87402897e-04
0.149319,1.15965002e+03,-4.47108215e+00,-1.58685604e+00,-1.91151147e+00,3.92515171e-04,9.29890446e-03,1.85365064e-03,1.01878468e-02,5.60970669e-04
0.150960,1.15842927e+03,-4.41899055e+00,-1.37383570e+00,-1.89388973e+00,8.10582383e-04,9.50894739e-03,1.79779335e-03,1.01701712e-02,5.35678523e-04
0.152601,1.15691260e+03,-4.38655989e+00,-1.18285912e+00,-1.79367962e+00,1.10443380e-03,9.35227832e-03,2.19504408e-03,1.01489469e-02,5.11019981e-04
0.154241,1.15509848e+03,-4.40531523e+00,-1.04407457e+00,-1.69961186e+00,1.07252870e-03,8.84996651e-03,2.46954158e-03,1.01241540e-02,4.86435121e-04
0.155882,1.15298562e+03,-4.33832232e+00,-8.40232379e-01,-1.62295451e+00,1.56730207e-03,8.85767013e-03,2.56313747e-03,1.00958668e-02,4.62493978e-04
0.157523,1.15057306e+03,-4.27571015e+00,-6.68390282e-01,-1.50730771e+00,1.87336202e-03,8.66832366e-03,2.90715724e-03,1.00639422e-02,4.39786221e-04
0.159164,1.14786011e+03,-4.25372982e+00,-4.94399900e-01,-1.49803017e+00,1.90212128e-03,8.57721511e-03,2.55451345e-03,1.00284270e-02,4.16772630e-04
0.160805,1.14484647e+03,-4.23020298e+00,-3.04558245e-01,-1.45543888e+00,1.93799239e-03,8.60468261e-03,2.44694134e-03,9.98935485e-03,3.94540663e-04
0.162446,1.14153217e+03,-4.24686315e+00,-1.87502858e-01,-1.40683788e+00,1.68814651e-03,8.16880638e-03,2.41385448e-03,9.94661878e-03,3.73108702e-04
0.164087,1.13791745e+03,-4.14474521e+00,2.08864773e-02,-1.36007200e+00,2.22563571e-03,8.30991395e-03,2.36279352e-03,9.90042438e-03,3.52431845e-04
0.165727,1.13400289e+03,-4.09892886e+00,2.05222340e-01,-1.36592189e+00,2.25540061e-03,8.40489315e-03,2.04917306e-03,9.85062416e-03,3.32514267e-04
0.167368,1.12978937e+03,-4.11531263e+00,3.61320667e-01,-1.34142402e+00,1.89287898e-03,8.33792221e-03,1.97793185e-03,9.79728776e-03,3.12857442e-04
0.169009,1.12527814e+03,-4.11596338e+00,4.93738760e-01,-1.24081305e+00,1.72686856e-03,8.08699384e-03,2.38768264e-03,9.74045620e-03,2.93212695e-04
0.170650,1.12047068e+03,-4.06206995e+00,6.37413400e-01,-1.22537320e+00,1.99399580e-03,7.68674429e-03,2.12705148e-03,9.68022565e-03,2.74956952e-04
0.172291,1.11536870e+03,-3.98572339e+00,8.12475626e-01,-1.16996448e+00,2.34164295e-03,7.57480106e-03,2.17190413e-03,9.61670049e-03,2.57725060e-04
0.173932,1.10997416e+03,-4.02204074e+00,9.67949812e-01,-1.17950716e+00,1.83566283e-03,7.48407813e-03,1.84543489e-03,9.54972354e-03,2.40974433e-04
0.175573,1.10428943e+03,-4.01989349e+00,1.10909488e+00,-1.15659627e+00,1.70930472e-03,7.33871030e-03,1.73978813e-03,9.47939122e-03,2.24269283e-04
0.177214,1.09831714e+03,-3.99751767e+00,1.22838695e+00,-1.09763174e+00,1.79103983e-03,6.89977465e-03,1.82945117e-03,9.40583595e-03,2.08909163e-04
0.178854,1.09206015e+03,-3.98394459e+00,1.37401669e+00,-9.84438492e-01,1.67932163e-03,7.04772648e-03,2.35867322e-03,9.32926921e-03,1.94258365e-04
0.180495,1.08552173e+03,-3.90896237e+00,1.52823914e+00,-9.88822302e-01,2.00221392e-03,7.07324302e-03,2.02628894e-03,9.24939524e-03,1.80883800e-04
0.182136,1.07870549e+03,-3.82696581e+00,1.66799546e+00,-8.97815662e-01,2.32255981e-03,6.94733825e-03,2.34989675e-03,9.16641450e-03,1.68663592e-04
0.183777,1.07161531e+03,-3.77768843e+00,1.79998384e+00,-8.62573180e-01,2.41884347e-03,6.64406021e-03,2.21301620e-03,9.08048323e-03,1.57077453e-04
0.185418,1.06425530e+03,-3.83413548e+00,1.91422698e+00,-8.51121591e-01,1.82556370e-03,6.51501658e-03,1.98312625e-03,8.99172227e-03,1.46427141e-04
0.187059,1.05662988e+03,-3.77746426e+00,2.05302765e+00,-7.93667174e-01,2.06030909e-03,6.41288439e-03,2.03517404e-03,8.90008286e-03,1.37539372e-04
0.188700,1.04874381e+03,-3.70828439e+00,2.17144389e+00,-7.28529494e-01,2.23064428e-03,6.42487046e-03,2.21107018e-03,8.80562471e-03,1.30106476e-04
0.190340,1.04060222e+03,-3.72671475e+00,2.27636098e+00,-6.35276189e-01,1.88555154e-03,6.25119413e-03,2.53959406e-03,8.70853782e-03,1.24082349e-04
0.191981,1.03221051e+03,-3.68282461e+00,2.41921507e+00,-6.49225669e-01,1.99939149e-03,6.10587797e-03,2.10045575e-03,8.60877709e-03,1.19937640e-04
0.193622,1.02357438e+03,-3.62463842e+00,2.55593608e+00,-6.63078726e-01,2.17454898e-03,6.03464229e-03,1.71590611e-03,8.50665606e-03,1.17238832e-04
0.195263,1.01469980e+03,-3.62655078e+00,2.66246769e+00,-6.47892062e-01,1.94329145e-03,5.88321018e-03,1.65257660e-03,8.40195193e-03,1.16553974e-04
0.196904,1.00559310e+03,-3.61115479e+00,2.75724692e+00,-5.63440639e-01,1.86102753e-03,5.57533595e-03,1.97159376e-03,8.29510066e-03,1.16765657e-04
0.198545,9.96260928e+02,-3.48470500e+00,2.85787601e+00,-4.29676074e-01,2.46526381e-03,5.31286657e-03,2.52708799e-03,8.18616079e-03,1.18283130e-04
0.200186,9.86710285e+02,-3.43351628e+00,2.94901074e+00,-3.72880799e-01,2.48868971e-03,5.02318723e-03,2.53453459e-03,8.07519111e-03,1.21576454e-04
0.201827,9.76948464e+02,-3.44141409e+00,3.04701845e+00,-2.77772235e-01,2.11017399e-03,4.98485135e-03,2.78073860e-03,7.96229606e-03,1.25687730e-04
0.203467,9.66983144e+02,-3.40583128e+00,3.14756699e+00,-2.75839293e-01,2.08469623e-03,4.93415364e-03,2.43275621e-03,7.84726727e-03,1.31248717e-04
0.205108,9.56822340e+02,-3.40194945e+00,3.27302734e+00,-3.02483862e-01,1.88091966e-03,4.98808478e-03,1.93443161e-03,7.73058876e-03,1.37525649e-04
0.206749,9.46474382e+02,-3.39482030e+00,3.32498479e+00,-2.29365529e-01,1.71796462e-03,4.52644830e-03,2.16056476e-03,7.61226359e-03,1.44170901e-04
0.208390,9.35947887e+02,-3.29964120e+00,3.44892099e+00,-2.13059530e-01,2.14742342e-03,4.71180699e-03,1.96961170e-03,7.49270742e-03,1.50837543e-04
0.210031,9.25251911e+02,-3.22255283e+00,3.54779713e+00,-1.87928883e-01,2.37835645e-03,4.64345189e-03,1.83799485e-03,7.37159716e-03,1.58018020e-04
0.211672,9.14395857e+02,-3.26439670e+00,3.60560057e+00,-1.37231911e-01,1.79649085e-03,4.13195666e-03,1.86446849e-03,7.24931494e-03,1.65751106e-04
0.213313,9.03389227e+02,-3.34367758e+00,3.68562941e+00,-1.16286889e-01,1.07633188e-03,4.06384766e-03,1.72393253e-03,7.12605941e-03,1.73728432e-04
0.214953,8.92241892e+02,-3.32721527e+00,3.76481263e+00,-6.57933402e-02,1.11389073e-03,3.87026480e-03,1.79317806e-03,7.00178079e-03,1.81613199e-04
0.216594,8.80964113e+02,-3.27868760e+00,3.82263787e+00,-1.51797813e-02,1.34968877e-03,3.61078966e-03,1.87514809e-03,6.87688144e-03,1.89184733e-04
0.218235,8.69566523e+02,-3.23045821e+00,3.90999792e+00,1.62256120e-03,1.52011436e-03,3.67092114e-03,1.79057087e-03,6.75096056e-03,1.96836290e-04
0.219876,8.58060288e+02,-3.23398769e+00,3.98024444e+00,2.87580157e-02,1.31021534e-03,3.72723795e-03,1.73411379e-03,6.62483100e-03,2.04412131e-04
0.221517,8.46456760e+02,-3.16512630e+00,4.04572367e+00,6.61377920e-02,1.58579573e-03,3.54964075e-03,1.76287812e-03,6.49820176e-03,2.11907151e-04
0.223158,8.34767577e+02,-3.21923115e+00,4.08113236e+00,1.28214721e-01,1.04282862e-03,3.24163341e-03,1.91854146e-03,6.37152246e-03,2.19672604e-04
0.224799,8.23004568e+02,-3.17968346e+00,4.15033180e+00,1.37337176e-01,1.18313115e-03,3.25111139e-03,1.73277539e-03,6.24472915e-03,2.27015024e-04
0.226440,8.11179978e+02,-3.13884469e+00,4.22541119e+00,1.70585786e-01,1.38160758e-03,3.26581867e-03,1.73260922e-03,6.11791399e-03,2.34635241e-04
0.228080,7.99306383e+02,-3.10270259e+00,4.26357390e+00,2.15183024e-01,1.46010608e-03,2.77477131e-03,1.71479274e-03,5.99127943e-03,2.41417432e-04
0.229721,7.87396500e+02,-3.09689989e+00,4.31366258e+00,2.27740051e-01,1.31055482e-03,2.64123967e-03,1.53315247e-03,5.86528150e-03,2.48338559e-04
0.231362,7.75463279e+02,-3.06832990e+00,4.34647625e+00,2.61386197e-01,1.36779879e-03,2.31018048e-03,1.53745338e-03,5.73958142e-03,2.55293672e-04
0.233003,7.63520060e+02,-2.97253524e+00,4.37352248e+00,3.60170793e-01,1.84004527e-03,2.14292421e-03,1.96876092e-03,5.61475956e-03,2.61349308e-04
0.234644,7.51580526e+02,-2.93578775e+00,4.39263400e+00,3.71300908e-01,1.81581553e-03,1.82433420e-03,1.75110759e-03,5.49063824e-03,2.67701844e-04
0.236285,7.39658485e+02,-2.94115340e+00,4.40741407e+00,4.35834570e-01,1.52855845e-03,1.45955820e-03,1.84507361e-03,5.36759090e-03,2.74063388e-04
0.237926,7.27767898e+02,-2.91195647e+00,4.45334021e+00,4.33034516e-01,1.49603630e-03,1.36376149e-03,1.48825577e-03,5.24567115e-03,2.79832493e-04
0.239566,7.15922891e+02,-2.87795094e+00,4.46584976e+00,5.10836153e-01,1.58889638e-03,1.23107589e-03,1.82414954e-03,5.12514678e-03,2.85837697e-04
0.241207,7.04137867e+02,-2.86076589e+00,4.46664668e+00,5.31973138e-01,1.46677918e-03,9.15598061e-04,1.62474352e-03,5.00597911e-03,2.91097804e-04
0.242848,6.92427415e+02,-2.84455861e+00,4.52014153e+00,5.31646077e-01,1.35256698e-03,1.08068101e-03,1.37240412e-03,4.88825825e-03,2.96288431e-04
0.244489,6.80806328e+02,-2.84222001e+00,4.53447864e+00,5.68244762e-01,1.18888225e-03,9.55611134e-04,1.42593405e-03,4.77229119e-03,3.01543105e-04
0.246130,6.69289375e+02,-2.84304319e+00,4.53633825e+00,6.22976216e-01,1.02172535e-03,7.05936879e-04,1.56717019e-03,4.65837082e-03,3.06242351e-04
0.247771,6.57891307e+02,-2.84587448e+00,4.55851591e+00,6.29200451e-01,8.94595934e-04,6.86260010e-04,1.33669479e-03,4.54633358e-03,3.11038519e-04
0.249412,6.46627024e+02,-2.81609322e+00,4.57665801e+00,6.63017662e-01,1.01141923e-03,5.22615993e-04,1.30829680e-03,4.43650589e-03,3.15188991e-04
0.251053,6.35511343e+02,-2.79481445e+00,4.58334828e+00,6.97365617e-01,1.11924309e-03,5.52192922e-04,1.41062525e-03,4.32893376e-03,3.19293611e-04
0.252693,6.24559198e+02,-2.69888257e+00,4.56174644e+00,6.95961419e-01,1.62436271e-03,1.40644308e-05,1.12083956e-03,4.22357015e-03,3.22634238e-04
0.254334,6.13785259e+02,-2.68588224e+00,4.56149375e+00,7.13047842e-01,1.52118728e-03,-9.29433669e-05,1.05178715e-03,4.12100581e-03,3.26109123e-04
0.255975,6.03204049e+02,-2.69425575e+00,4.53467761e+00,7.91226153e-01,1.25303861e-03,-3.73773335e-04,1.37774019e-03,4.02103357e-03,3.29174235e-04
0.257616,5.92829948e+02,-2.61547298e+00,4.54551734e+00,7.67329809e-01,1.76600144e-03,-2.26028558e-04,1.01125377e-03,3.92389242e-03,3.32407894e-04
0.259257,5.82677067e+02,-2.60845132e+00,4.53296763e+00,8.22395256e-01,1.57326600e-03,-3.67165301e-04,1.25707698e-03,3.82951133e-03,3.34787038e-04
0.260898,5.72759175e+02,-2.60294862e+00,4.52434045e+00,8.23989911e-01,1.32961209e-03,-5.21625301e-04,1.00041474e-03,3.73814853e-03,3.37033150e-04
0.262539,5.63089462e+02,-2.59391279e+00,4.49703665e+00,9.14084653e-01,1.21370752e-03,-7.43183964e-04,1.44061718e-03,3.64989368e-03,3.39504351e-04
0.264179,5.53680722e+02,-2.56073121e+00,4.49402702e+00,8.80067985e-01,1.30636606e-03,-7.81949746e-04,9.59412196e-04,3.56471937e-03,3.41611528e-04
0.265820,5.44545170e+02,-2.54430351e+00,4.46966640e+00,9.40326030e-01,1.23321002e-03,-8.55843510e-04,1.23500902e-03,3.48289624e-03,3.42917732e-04
0.267461,5.35694446e+02,-2.51503888e+00,4.40001433e+00,1.01347364e+00,1.36416733e-03,-1.23212559e-03,1.61035826e-03,3.40438811e-03,3.44745836e-04
0.269102,5.27139400e+02,-2.41936263e+00,4.37460371e+00,9.76986052e-01,1.91870465e-03,-1.23770553e-03,1.04670975e-03,3.32944624e-03,3.45891015e-04
0.270743,5.18890065e+02,-2.42495837e+00,4.34948600e+00,1.03107552e+00,1.67779369e-03,-1.20672916e-03,1.30821891e-03,3.25757517e-03,3.46975470e-04
0.272384,5.10955731e+02,-2.46368173e+00,4.38540934e+00,1.07335157e+00,1.18225887e-03,-7.54152922e-04,1.40683183e-03,3.18931951e-03,3.47924643e-04
0.274025,5.03344634e+02,-2.38349900e+00,4.29341205e+00,1.08833319e+00,1.67440445e-03,-1.36595506e-03,1.25793720e-03,3.12467263e-03,3.48537150e-04
0.275666,4.96063632e+02,-2.29897301e+00,4.27023076e+00,1.05699513e+00,2.06169325e-03,-1.40166235e-03,8.30130939e-04,3.06344242e-03,3.48615693e-04
0.277306,4.89118646e+02,-2.25769794e+00,4.21377134e+00,1.09059386e+00,2.06286658e-03,-1.68666137e-03,8.92860744e-04,3.00572121e-03,3.48880668e-04
0.278947,4.82514278e+02,-2.22554660e+00,4.21537072e+00,1.06848250e+00,2.14502742e-03,-1.33701452e-03,6.40626615e-04,2.95163127e-03,3.48941906e-04
0.280588,4.76254054e+02,-2.13814001e+00,4.14097450e+00,1.08660673e+00,2.45066253e-03,-1.81965875e-03,6.66508558e-04,2.90092739e-03,3.48556906e-04
0.282229,4.70339991e+02,-2.08621512e+00,4.07437863e+00,1.12548845e+00,2.47021209e-03,-2.07299067e-03,8.71573438e-04,2.85384273e-03,3.47855005e-04
0.283870,4.64772691e+02,-2.07468749e+00,4.05275931e+00,1.12304158e+00,2.18363526e-03,-1.96501166e-03,6.70111354e-04,2.81028309e-03,3.47373504e-04
0.285511,4.59551389e+02,-2.06580928e+00,4.02572427e+00,1.15499627e+00,1.88035412e-03,-1.92228710e-03,7.49152301e-04,2.77007205e-03,3.46565138e-04
0.287152,4.54673938e+02,-2.01458900e+00,3.98054347e+00,1.19749208e+00,1.96634151e-03,-2.08452683e-03,8.54482432e-04,2.73318348e-03,3.45347637e-04
0.288792,4.50136791e+02,-1.99443340e+00,3.92731373e+00,1.24635901e+00,1.94572340e-03,-2.12964252e-03,1.15217791e-03,2.69978183e-03,3.43945920e-04
0.290433,4.45934890e+02,-1.91166813e+00,3.87425494e+00,1.19721347e+00,2.38549025e-03,-2.13893919e-03,6.20836390e-04,2.66936557e-03,3.41556021e-04
0.292074,4.42062083e+02,-1.88533216e+00,3.86210224e+00,1.17275829e+00,2.23757806e-03,-1.95559836e-03,2.78636934e-04,2.64202482e-03,3.39191580e-04
0.293715,4.38510915e+02,-1.82564005e+00,3.81131169e+00,1.20913981e+00,2.31908044e-03,-2.12559543e-03,4.88142551e-04,2.61761270e-03,3.36174338e-04
0.295356,4.35272587e+02,-1.76579861e+00,3.71334592e+00,1.27604028e+00,2.36790361e-03,-2.59654167e-03,8.36656992e-04,2.59629045e-03,3.33540803e-04
0.296997,4.32336957e+02,-1.72456557e+00,3.69402227e+00,1.25459799e+00,2.40217112e-03,-2.32063876e-03,5.40180125e-04,2.57754681e-03,3.29550020e-04
0.298638,4.29693121e+02,-1.65977259e+00,3.61594134e+00,1.28682961e+00,2.55102036e-03,-2.56184604e-03,6.88264050e-04,2.56142530e-03,3.25198730e-04
0.300278,4.27329222e+02,-1.60287065e+00,3.58120780e+00,1.26073036e+00,2.57589012e-03,-2.46604328e-03,3.57428633e-04,2.54767982e-03,3.19978792e-04
0.301919,4.25232595e+02,-1.54123915e+00,3.51928287e+00,1.25380388e+00,2.70914454e-03,-2.60116994e-03,3.01441975e-04,2.53638014e-03,3.14666304e-04
0.303560,4.23389704e+02,-1.49932564e+00,3.46426530e+00,1.31250019e+00,2.62174848e-03,-2.61273652e-03,7.14280213e-04,2.52719006e-03,3.08591473e-04
0.305201,4.21786522e+02,-1.46876260e+00,3.41424272e+00,1.31689795e+00,2.51574638e-03,-2.59049724e-03,5.98075413e-04,2.52021634e-03,3.02230711e-04
0.306842,4.20408487e+02,-1.38504844e+00,3.40124750e+00,1.26214237e+00,2.80447413e-03,-2.31335474e-03,1.00849346e-04,2.51493105e-03,2.94901416e-04
0.308483,4.19240688e+02,-1.33360362e+00,3.32890190e+00,1.32075698e+00,2.69617334e-03,-2.54435777e-03,5.02393269e-04,2.51145773e-03,2.87151652e-04
0.310124,4.18267807e+02,-1.29791037e+00,3.27090921e+00,1.34000235e+00,2.54636375e-03,-2.59914895e-03,5.54447162e-04,2.50966760e-03,2.79225005e-04
0.311765,4.17474245e+02,-1.19113601e+00,3.23849114e+00,1.30371384e+00,3.02603695e-03,-2.49049733e-03,1.76225163e-04,2.50933801e-03,2.70149665e-04
0.313405,4.16844602e+02,-1.12840952e+00,3.20678535e+00,1.29159290e+00,2.96534291e-03,-2.36281412e-03,6.10350191e-05,2.51007593e-03,2.60841074e-04
0.315046,4.16363347e+02,-1.09108936e+00,3.13037222e+00,1.32899044e+00,2.75358441e-03,-2.63149137e-03,2.76425496e-04,2.51219336e-03,2.51608805e-04
0.316687,4.16014924e+02,-1.01746819e+00,3.12244092e+00,1.32307403e+00,2.84765575e-03,-2.27410449e-03,1.47346199e-04,2.51522363e-03,2.41363475e-04
0.318328,4.15784164e+02,-9.75483531e-01,2.99543566e+00,1.38151425e+00,2.81527868e-03,-2.95154179e-03,5.77589885e-04,2.51914593e-03,2.30934711e-04
0.319969,4.15656032e+02,-8.78976176e-01,2.96395478e+00,1.29831564e+00,3.22733238e-03,-2.67325384e-03,-1.35150281e-04,2.52377793e-03,2.20055580e-04
0.321610,4.15615925e+02,-8.41708466e-01,2.92797396e+00,1.33009354e+00,3.16134310e-03,-2.52984153e-03,1.74499707e-04,2.52900379e-03,2.09130975e-04
0.323251,4.15649670e+02,-7.70038750e-01,2.88313878e+00,1.32969860e+00,3.19673163e-03,-2.51334850e-03,1.38533584e-04,2.53463414e-03,1.97931816e-04
0.324891,4.15743406e+02,-6.90877423e-01,2.84768833e+00,1.30291631e+00,3.40992210e-03,-2.37865881e-03,-8.73072206e-05,2.54072791e-03,1.87033499e-04
0.326532,4.15883608e+02,-6.45032743e-01,2.77434412e+00,1.31651089e+00,3.25505981e-03,-2.63532594e-03,3.34080600e-05,2.54716193e-03,1.76368753e-04
0.328173,4.16057127e+02,-5.77224614e-01,2.77928274e+00,1.31366490e+00,3.31615228e-03,-2.20716540e-03,-1.23860546e-05,2.55353735e-03,1.65950479e-04
0.329814,4.16251386e+02,-5.14173334e-01,2.67394288e+00,1.34750940e+00,3.26223102e-03,-2.71222322e-03,2.48787017e-04,2.56007395e-03,1.55945828e-04
0.331455,4.16454119e+02,-4.56787884e-01,2.55885804e+00,1.34502913e+00,3.17382456e-03,-3.18890359e-03,1.52111051e-04,2.56648687e-03,1.46861043e-04
0.333096,4.16653492e+02,-3.80652587e-01,2.54979553e+00,1.29704405e+00,3.31272513e-03,-2.73083207e-03,-2.64275258e-04,2.57275603e-03,1.38125696e-04
0.334737,4.16838358e+02,-3.19860538e-01,2.50425095e+00,1.31413569e+00,3.25220702e-03,-2.63372883e-03,-1.29143848e-04,2.57873870e-03,1.30356201e-04
0.336378,4.16998102e+02,-2.62643592e-01,2.41381927e+00,1.32987156e+00,3.10496729e-03,-2.92668133e-03,-5.05957083e-05,2.58423634e-03,1.23846158e-04
0.338018,4.17122567e+02,-1.75531571e-01,2.40264997e+00,1.34838035e+00,3.45836437e-03,-2.54477747e-03,1.30400926e-04,2.58931734e-03,1.18376078e-04
0.339659,4.17202256e+02,-1.12565415e-01,2.37002514e+00,1.30918228e+00,3.34277929e-03,-2.41340601e-03,-2.58950053e-04,2.59392294e-03,1.14553456e-04
0.341300,4.17228069e+02,-6.29696511e-02,2.32361415e+00,1.36639705e+00,3.09698126e-03,-2.41727078e-03,1.81822471e-04,2.59800444e-03,1.12459703e-04
0.342941,4.17191391e+02,3.46531487e-02,2.26977621e+00,1.27379142e+00,3.38460852e-03,-2.49159459e-03,-5.47532222e-04,2.60124287e-03,1.11349477e-04
0.344582,4.17084228e+02,9.98391679e-02,2.22094599e+00,1.29312145e+00,3.42972957e-03,-2.43602545e-03,-2.79755040e-04,2.60377748e-03,1.11871848e-04
0.346223,4.16899150e+02,1.65220539e-01,2.19401388e+00,1.29122722e+00,3.41636768e-03,-2.29209791e-03,-2.31550642e-04,2.60555090e-03,1.14331746e-04
0.347864,4.16629306e+02,2.26177621e-01,2.12458405e+00,1.31699648e+00,3.36432895e-03,-2.51973836e-03,-1.50593576e-05,2.60656062e-03,1.17965988e-04
0.349504,4.16268392e+02,2.96830409e-01,2.07920319e+00,1.31319756e+00,3.31744177e-03,-2.44460357e-03,-7.10796941e-05,2.60659822e-03,1.22225161e-04
0.351145,4.15810716e+02,3.55884994e-01,2.01303963e+00,1.30817357e+00,3.10272139e-03,-2.49243121e-03,-1.59865509e-04,2.60559166e-03,1.27433370e-04
0.352786,4.15251234e+02,4.57806837e-01,1.98454045e+00,1.27221059e+00,3.59514865e-03,-2.38856511e-03,-3.89456471e-04,2.60362330e-03,1.33827087e-04
0.354427,4.14585643e+02,5.29317315e-01,1.93586683e+00,1.25170606e+00,3.66320334e-03,-2.37317176e-03,-4.98781695e-04,2.60066886e-03,1.40546296e-04
0.356068,4.13810343e+02,5.93202550e-01,1.90182433e+00,1.28925832e+00,3.76215855e-03,-2.23408343e-03,-1.22157062e-04,2.59663351e-03,1.47761499e-04
0.357709,4.12922483e+02,6.70081910e-01,1.90635638e+00,1.23211916e+00,3.75963808e-03,-1.84406034e-03,-5.06300282e-04,2.59147730e-03,1.55966814e-04
0.359350,4.11919924e+02,7.33702426e-01,1.86633610e+00,1.25782282e+00,3.68806026e-03,-1.91229559e-03,-2.28187089e-04,2.58523482e-03,1.64833806e-04
0.360991,4.10801384e+02,8.21162534e-01,1.85843872e+00,1.21687337e+00,3.75332157e-03,-1.65034231e-03,-4.69087099e-04,2.57803382e-03,1.73589178e-04
0.362631,4.09566429e+02,8.96410588e-01,1.81565441e+00,1.20794711e+00,3.69285063e-03,-1.64589393e-03,-4.53025009e-04,2.56960666e-03,1.82821220e-04
0.364272,4.08215536e+02,9.84063458e-01,1.79714632e+00,1.18510736e+00,3.64032366e-03,-1.50607351e-03,-5.54658411e-04,2.56006180e-03,1.93157123e-04
0.365913,4.06750036e+02,1.04821184e+00,1.71895293e+00,1.17472100e+00,3.52610957e-03,-1.83326742e-03,-6.10660297e-04,2.54950702e-03,2.03659984e-04
0.367554,4.05172288e+02,1.13022863e+00,1.73730935e+00,1.22088431e+00,3.53939100e-03,-1.39336637e-03,-1.59611688e-04,2.53790754e-03,2.14908951e-04
0.369195,4.03485545e+02,1.19229336e+00,1.70358900e+00,1.16188157e+00,3.53262877e-03,-1.46818865e-03,-5.97085374e-04,2.52533036e-03,2.26664988e-04
0.370836,4.01694107e+02,1.26867384e+00,1.70197516e+00,1.16155027e+00,3.46506145e-03,-1.21302720e-03,-5.08760857e-04,2.51161444e-03,2.38902544e-04
0.372477,3.99803279e+02,1.32901554e+00,1.65304781e+00,1.15628610e+00,3.51734085e-03,-1.44733293e-03,-4.80780781e-04,2.49700486e-03,2.51591234e-04
0.374117,3.97819483e+02,1.38395289e+00,1.63588969e+00,1.19785350e+00,3.24623486e-03,-1.26168338e-03,-1.31104986e-04,2.48155001e-03,2.65198783e-04
0.375758,3.95749953e+02,1.43476418e+00,1.55572725e+00,1.10833319e+00,3.16180937e-03,-1.64589234e-03,-8.25757355e-04,2.46534282e-03,2.78972702e-04
0.377399,3.93603055e+02,1.55353640e+00,1.58950965e+00,1.13017290e+00,3.75564586e-03,-1.20372892e-03,-5.40827636e-04,2.44819410e-03,2.94176344e-04
0.379040,3.91388128e+02,1.62133210e+00,1.59605570e+00,1.08459709e+00,3.69129415e-03,-9.69201031e-04,-8.46104568e-04,2.43058975e-03,3.10069534e-04
0.380681,3.89115242e+02,1.68501510e+00,1.56540797e+00,1.13706671e+00,3.59701090e-03,-1.04562301e-03,-3.16481645e-04,2.41221560e-03,3.26171791e-04
0.382322,3.86795490e+02,1.76830005e+00,1.58087201e+00,1.10314974e+00,3.76169838e-03,-8.09465728e-04,-5.96461689e-04,2.39348666e-03,3.43572228e-04
0.383963,3.84440710e+02,1.81575015e+00,1.60670023e+00,1.08935530e+00,3.35908951e-03,-3.83876766e-04,-6.20377756e-04,2.37433527e-03,3.61460712e-04
0.385604,3.82063293e+02,1.90924659e+00,1.61959461e+00,1.04637924e+00,3.54129260e-03,-2.68545930e-04,-8.57890199e-04,2.35501791e-03,3.80609833e-04
0.387244,3.79676514e+02,1.94898828e+00,1.60024053e+00,1.04487637e+00,3.30490706e-03,-3.98177724e-04,-7.35958415e-04,2.33543835e-03,4.00058793e-04
0.388885,3.77294355e+02,2.01007725e+00,1.60533012e+00,1.01116180e+00,3.12580104e-03,-2.52756042e-04,-9.11887404e-04,2.31576308e-03,4.20475795e-04
0.390526,3.74931268e+02,2.09841066e+00,1.64255026e+00,1.05187597e+00,3.28079915e-03,3.55907708e-05,-4.96200407e-04,2.29624819e-03,4.42530640e-04
0.392167,3.72602100e+02,2.11259720e+00,1.57475011e+00,9.74244731e-01,2.83216779e-03,-4.71623966e-04,-1.01832843e-03,2.27671962e-03,4.63762239e-04
0.393808,3.70322365e+02,2.16906371e+00,1.60175091e+00,9.62142721e-01,2.80261439e-03,-1.67411212e-04,-9.41105993e-04,2.25765419e-03,4.87105247e-04
0.395449,3.68107334e+02,2.21778901e+00,1.59625353e+00,9.73530054e-01,2.68991753e-03,-2.18249400e-04,-7.13875333e-04,2.23907247e-03,5.11446282e-04
0.397090,3.65972373e+02,2.30503736e+00,1.63332851e+00,9.17609533e-01,2.91454141e-03,1.16494278e-04,-1.07170679e-03,2.22091364e-03,5.36393025e-04
0.398730,3.63932816e+02,2.30626760e+00,1.60358822e+00,9.38063097e-01,2.38774805e-03,-1.17010051e-04,-7.42034999e-04,2.20347199e-03,5.62039323e-04
0.400371,3.62003558e+02,2.37361555e+00,1.62180931e+00,9.39760541e-01,2.50255924e-03,1.46599770e-05,-6.31699294e-04,2.18685420e-03,5.88604682e-04
0.402012,3.60198920e+02,2.41625685e+00,1.63431598e+00,8.93824683e-01,2.34230935e-03,7.83774045e-05,-9.17519031e-04,2.17131972e-03,6.16535076e-04
0.403653,3.58532344e+02,2.44868960e+00,1.62545778e+00,8.71332076e-01,2.13788285e-03,-5.06530235e-05,-9.67846648e-04,2.15664667e-03,6.44175205e-04
0.405294,3.57016608e+02,2.48019766e+00,1.61073475e+00,8.45808444e-01,2.04027749e-03,-2.55550309e-04,-1.01854687e-03,2.14318207e-03,6.72868853e-04
0.406935,3.55663240e+02,2.51416310e+00,1.62987231e+00,8.00757542e-01,1.98809497e-03,-2.67816403e-04,-1.26190038e-03,2.13106886e-03,7.02050964e-04
0.408576,3.54482556e+02,2.56433286e+00,1.65277681e+00,8.06845828e-01,1.90561504e-03,-5.66871397e-05,-1.01604180e-03,2.12004893e-03,7.30942740e-04
0.410217,3.53483280e+02,2.59244185e+00,1.65006404e+00,7.70184024e-01,1.80558780e-03,-1.30023401e-04,-1.15743525e-03,2.11054751e-03,7.59729638e-04
0.411857,3.52672497e+02,2.56606411e+00,1.60154713e+00,7.57638755e-01,1.13326247e-03,-4.41005811e-04,-1.07696722e-03,2.10247963e-03,7.89157193e-04
0.413498,3.52055148e+02,2.59755936e+00,1.61045618e+00,6.86556224e-01,1.06693888e-03,-2.71584272e-04,-1.44752093e-03,2.09605376e-03,8.18273878e-04
0.415139,3.51634151e+02,2.61775593e+00,1.59546645e+00,7.31993328e-01,1.03478529e-03,-4.61882406e-04,-9.03493628e-04,2.09111724e-03,8.46334714e-04
0.416780,3.51410768e+02,2.60032532e+00,1.58896271e+00,6.84842633e-01,7.12800481e-04,-5.18513440e-04,-1.18370049e-03,2.08768586e-03,8.72767580e-04
0.418421,3.51384112e+02,2.63006543e+00,1.60391177e+00,6.20821509e-01,7.19646808e-04,-4.21535348e-04,-1.47611470e-03,2.08595726e-03,8.98565895e-04
0.420062,3.51550940e+02,2.66155993e+00,1.58511199e+00,6.08590073e-01,7.43653503e-04,-6.51628645e-04,-1.36056421e-03,2.08570922e-03,9.22245754e-04
0.421703,3.51906215e+02,2.63880704e+00,1.55233673e+00,5.78737409e-01,3.64821007e-04,-9.46086708e-04,-1.42557245e-03,2.08683172e-03,9.43584368e-04
0.423343,3.52442790e+02,2.58258885e+00,1.48826647e+00,5.11150804e-01,-2.42576785e-04,-1.25431351e-03,-1.68544475e-03,2.08955738e-03,9.62972054e-04
0.424984,3.53151085e+02,2.59491077e+00,1.49871790e+00,4.72344651e-01,-2.30510440e-04,-1.04892186e-03,-1.71075660e-03,2.09367388e-03,9.79599954e-04
0.426625,3.54019523e+02,2.55562095e+00,1.46522038e+00,4.91992933e-01,-5.74556607e-04,-1.19658138e-03,-1.33938381e-03,2.09931927e-03,9.93942665e-04
0.428266,3.55034687e+02,2.54029128e+00,1.42042113e+00,4.77473703e-01,-6.90229886e-04,-1.44381066e-03,-1.33795454e-03,2.10592236e-03,1.00355870e-03
0.429907,3.56181895e+02,2.48762272e+00,1.36696413e+00,4.29591805e-01,-1.11315583e-03,-1.68970627e-03,-1.50996026e-03,2.11379228e-03,1.00996255e-03
0.431548,3.57444687e+02,2.46766153e+00,1.32315892e+00,4.12058535e-01,-1.18401383e-03,-1.81597180e-03,-1.42595435e-03,2.12271300e-03,1.01264654e-03
0.433189,3.58805364e+02,2.44213557e+00,1.29432949e+00,3.90109660e-01,-1.27062783e-03,-1.84042173e-03,-1.41289573e-03,2.13238747e-03,1.01094719e-03
0.434830,3.60245057e+02,2.38045274e+00,1.26108872e+00,2.92908233e-01,-1.69249250e-03,-1.87188151e-03,-1.95131643e-03,2.14302089e-03,1.00529742e-03
0.436470,3.61743666e+02,2.33287841e+00,1.21375550e+00,2.90949191e-01,-1.88738581e-03,-1.96035491e-03,-1.67887893e-03,2.15417407e-03,9.95536362e-04
0.438111,3.63280401e+02,2.31778986e+00,1.14810424e+00,2.60888951e-01,-1.82372918e-03,-2.32219914e-03,-1.66807075e-03,2.16572040e-03,9.79803157e-04
0.439752,3.64834425e+02,2.19871216e+00,1.06316947e+00,2.37955387e-01,-2.58220187e-03,-2.65985750e-03,-1.58407065e-03,2.17748716e-03,9.61079511e-04
0.441393,3.66383976e+02,2.14925196e+00,1.03254832e+00,1.56132415e-01,-2.67845016e-03,-2.49715954e-03,-1.98111133e-03,2.18949679e-03,9.37825023e-04
0.443034,3.67906864e+02,2.02497468e+00,9.50396647e-01,1.45571162e-01,-3.31985061e-03,-2.67921020e-03,-1.71956517e-03,2.20139740e-03,9.10368385e-04
0.444675,3.69380889e+02,2.01115228e+00,8.85248467e-01,1.02854520e-01,-3.02438401e-03,-2.73057929e-03,-1.77694202e-03,2.21296839e-03,8.77745830e-04
0.446316,3.70784426e+02,1.91912041e+00,8.09720199e-01,9.50562040e-02,-3.37190213e-03,-2.96195114e-03,-1.53411555e-03,2.22431575e-03,8.42019746e-04
0.447956,3.72095834e+02,1.80320727e+00,7.41944779e-01,4.11064034e-02,-3.87869399e-03,-3.07972834e-03,-1.71458135e-03,2.23473732e-03,8.01362813e-04
0.449597,3.73294048e+02,1.81041707e+00,6.80135245e-01,3.38553300e-02,-3.34656210e-03,-2.99717139e-03,-1.49674852e-03,2.24450083e-03,7.57732119e-04
0.451238,3.74358474e+02,1.67906525e+00,6.05455603e-01,-4.21024094e-02,-3.97327599e-03,-3.18236586e-03,-1.83726777e-03,2.25342094e-03,7.11565336e-04
0.452879,3.75268914e+02,1.60542183e+00,5.09957347e-01,-5.55381440e-02,-4.03642524e-03,-3.39072766e-03,-1.63111330e-03,2.26119633e-03,6.63220050e-04
0.454520,3.76005790e+02,1.52057744e+00,4.22453312e-01,-9.67048724e-02,-4.17714281e-03,-3.39883360e-03,-1.64622923e-03,2.26760041e-03,6.12809313e-04
0.456161,3.76550269e+02,1.39320936e+00,3.03541414e-01,-6.89508393e-02,-4.63080977e-03,-3.77299856e-03,-1.14228138e-03,2.27263999e-03,5.60963971e-04
0.457802,3.76884373e+02,1.34991250e+00,2.39065573e-01,-1.27905237e-01,-4.34039754e-03,-3.81294502e-03,-1.44836437e-03,2.27606723e-03,5.07840838e-04
0.459443,3.76991176e+02,1.24213041e+00,1.21406187e-01,-1.34092230e-01,-4.59799333e-03,-4.08768193e-03,-1.25618686e-03,2.27769272e-03,4.55104182e-04
0.461083,3.76854527e+02,1.16992552e+00,3.15219136e-02,-2.14458782e-01,-4.48501085e-03,-4.08044543e-03,-1.60216289e-03,2.27758539e-03,4.04320397e-04
0.462724,3.76458970e+02,1.08145714e+00,-4.60988396e-02,-2.66281863e-01,-4.48821386e-03,-4.06981576e-03,-1.72256575e-03,2.27535196e-03,3.54108572e-04
0.464365,3.75790145e+02,9.35719801e-01,-1.42846366e-01,-2.70064587e-01,-4.93172725e-03,-3.97185654e-03,-1.43221246e-03,2.27109314e-03,3.07241980e-04
0.466006,3.74834440e+02,9.29172189e-01,-2.61542448e-01,-2.76312993e-01,-4.23198507e-03,-4.21628985e-03,-1.21955666e-03,2.26453823e-03,2.62161365e-04
0.467647,3.73579664e+02,8.17189045e-01,-3.63842816e-01,-3.06816527e-01,-4.40805944e-03,-4.44502536e-03,-1.26971149e-03,2.25553031e-03,2.21380261e-04
0.469288,3.72014533e+02,7.53962832e-01,-4.85804679e-01,-3.07797161e-01,-4.20091967e-03,-4.61288152e-03,-1.02911565e-03,2.24415509e-03,1.84443096e-04
0.470929,3.70128875e+02,6.53102448e-01,-6.02355110e-01,-3.22155957e-01,-4.25105149e-03,-4.83719642e-03,-9.57233048e-04,2.23041401e-03,1.52868869e-04
0.472569,3.67913587e+02,5.83736846e-01,-6.94833928e-01,-4.22570598e-01,-4.02148277e-03,-4.70726572e-03,-1.54244343e-03,2.21385906e-03,1.24943331e-04
0.474210,3.65361121e+02,5.63876438e-01,-8.09767453e-01,-4.72436850e-01,-3.42975095e-03,-4.86483089e-03,-1.63474602e-03,2.19490235e-03,1.01453988e-04
0.475851,3.62465597e+02,5.02289124e-01,-9.36811880e-01,-4.42579779e-01,-3.26415848e-03,-5.10381825e-03,-1.06757202e-03,2.17312202e-03,8.16322529e-05
0.477492,3.59223005e+02,4.07834793e-01,-1.05109332e+00,-4.60746653e-01,-3.34837621e-03,-5.19212521e-03,-9.92536965e-04,2.14868266e-03,6.60824865e-05
0.479133,3.55631400e+02,3.88419859e-01,-1.17399812e+00,-4.68226118e-01,-2.76080122e-03,-5.31693624e-03,-8.71296857e-04,2.12144236e-03,5.43327499e-05
0.480774,3.51691344e+02,3.82457906e-01,-1.27617295e+00,-4.99312021e-01,-2.20834356e-03,-5.35203132e-03,-9.94956840e-04,2.09177943e-03,4.56974736e-05
0.482415,3.47406054e+02,3.64554299e-01,-1.40023617e+00,-5.29182754e-01,-1.83595639e-03,-5.52407630e-03,-1.06894003e-03,2.05922271e-03,4.15409946e-05
0.484056,3.42781525e+02,3.58609956e-01,-1.51400527e+00,-4.94174369e-01,-1.34090039e-03,-5.22824809e-03,-5.40693897e-04,2.02419642e-03,4.14376858e-05
0.485696,3.37826518e+02,3.84961950e-01,-1.64256926e+00,-5.33032922e-01,-7.58214820e-04,-5.22520568e-03,-7.22164208e-04,1.98666767e-03,4.47501144e-05
0.487337,3.32552681e+02,3.63493499e-01,-1.73351726e+00,-5.43176876e-01,-6.58758550e-04,-5.01588265e-03,-6.71153748e-04,1.94677767e-03,5.10883810e-05
0.488978,3.26974525e+02,3.98059702e-01,-1.84018915e+00,-5.54255704e-01,-1.10640458e-04,-5.04468563e-03,-6.70260228e-04,1.90477356e-03,5.94096969e-05
0.490619,3.21109348e+02,4.12912290e-01,-1.92783207e+00,-5.70703525e-01,2.24631474e-04,-4.86125199e-03,-6.85763066e-04,1.86069234e-03,6.90932178e-05
0.492260,3.14977014e+02,4.65235510e-01,-2.00766507e+00,-6.07149571e-01,7.82449787e-04,-4.51499833e-03,-8.53008513e-04,1.81478517e-03,7.96913054e-05
0.493901,3.08599658e+02,5.34016481e-01,-2.10000388e+00,-6.27835215e-01,1.34764494e-03,-4.30993971e-03,-8.07750210e-04,1.76718716e-03,9.09427028e-05
0.495542,3.02001602e+02,5.50365517e-01,-2.17082504e+00,-6.37672575e-01,1.38925545e-03,-3.97462971e-03,-6.97838490e-04,1.71806893e-03,1.02589143e-04
0.497182,2.95209241e+02,6.40129787e-01,-2.25871540e+00,-6.16966482e-01,2.01611309e-03,-3.80500950e-03,-3.56740311e-04,1.66790063e-03,1.14338204e-04
0.498823,2.88250611e+02,7.09887216e-01,-2.31747247e+00,-6.21259479e-01,2.33535891e-03,-3.43796182e-03,-3.32959855e-04,1.61666580e-03,1.26297007e-04
0.500464,2.81155389e+02,7.65393984e-01,-2.35337764e+00,-6.20443115e-01,2.46967077e-03,-3.07578521e-03,-2.55780610e-04,1.56471298e-03,1.38180307e-04
0.502105,2.73954764e+02,7.87882289e-01,-2.39403188e+00,-6.35207097e-01,2.26714969e-03,-2.57823765e-03,-2.80632502e-04,1.51245306e-03,1.49911424e-04
0.503746,2.66681052e+02,8.44153384e-01,-2.44139422e+00,-6.20149721e-01,2.36849990e-03,-2.30657132e-03,-5.75821211e-05,1.45990670e-03,1.61403216e-04
0.505387,2.59367712e+02,8.93315505e-01,-2.47753876e+00,-6.38808704e-01,2.42291455e-03,-1.97013116e-03,-2.16489294e-04,1.40751556e-03,1.72261740e-04
0.507028,2.52049004e+02,9.83963192e-01,-2.48592362e+00,-6.97128154e-01,2.81418401e-03,-1.49391852e-03,-6.12714529e-04,1.35545711e-03,1.82987605e-04
0.508668,2.44759722e+02,1.07068921e+00,-2.51739008e+00,-6.26027375e-01,3.01618530e-03,-1.32386978e-03,9.75868152e-05,1.30404707e-03,1.93457972e-04
0.510309,2.37535143e+02,1.10986994e+00,-2.53880851e+00,-6.28665322e-01,2.79027180e-03,-1.17929132e-03,4.08467945e-05,1.25331035e-03,2.02885286e-04
0.511950,2.30411189e+02,1.14324146e+00,-2.52465507e+00,-6.75116940e-01,2.53425941e-03,-8.80493445e-04,-3.19455291e-04,1.20380221e-03,2.11812369e-04
0.513591,2.23423653e+02,1.17468863e+00,-2.52626350e+00,-6.44708095e-01,2.33517784e-03,-6.34737830e-04,-3.17135945e-06,1.15573567e-03,2.20052169e-04
0.515232,2.16607771e+02,1.27108205e+00,-2.51435027e+00,-6.48422805e-01,2.61680355e-03,-3.22681191e-04,-3.53179281e-05,1.10933133e-03,2.28535840e-04
0.516873,2.09997934e+02,1.31285095e+00,-2.48509643e+00,-6.67170539e-01,2.36189716e-03,5.89133930e-05,-1.66644911e-04,1.06459392e-03,2.36149825e-04
0.518514,2.03627806e+02,1.34546166e+00,-2.45204024e+00,-6.50163403e-01,2.10270342e-03,4.56935933e-04,4.72987155e-05,1.02196901e-03,2.43173531e-04
0.520155,1.97529612e+02,1.35108514e+00,-2.45638034e+00,-6.19982202e-01,1.65285805e-03,3.65655450e-04,3.28857799e-04,9.81436777e-04,2.49225491e-04
0.521795,1.91734028e+02,1.40376085e+00,-2.42629591e+00,-6.09335900e-01,1.68681135e-03,6.48240545e-04,3.48918850e-04,9.43341413e-04,2.55511597e-04
0.523436,1.86269027e+02,1.37901910e+00,-2.38535947e+00,-5.96366160e-01,1.08270909e-03,9.53600592e-04,4.39678635e-04,9.07615560e-04,2.61166621e-04
0.525077,1.81159930e+02,1.45979297e+00,-2.37160127e+00,-5.98305677e-01,1.48137081e-03,1.07020847e-03,4.14398915e-04,8.74659890e-04,2.67308537e-04
0.526718,1.76428371e+02,1.47678522e+00,-2.33766877e+00,-6.18881415e-01,1.20235813e-03,1.09501048e-03,1.92536061e-04,8.44417915e-04,2.72314750e-04
0.528359,1.72092583e+02,1.46835861e+00,-2.27470249e+00,-6.07726854e-01,8.25469356e-04,1.50221309e-03,2.71027641e-04,8.16823871e-04,2.76775221e-04
0.530000,1.68166452e+02,1.48145934e+00,-2.27011440e+00,-5.89992605e-01,6.68004676e-04,1.30280487e-03,3.42682204e-04,7.92067750e-04,2.80648214e-04
0.531641,1.64659528e+02,1.47660827e+00,-2.22981013e+00,-5.85154337e-01,3.71377961e-04,1.43507306e-03,3.34353359e-04,7.70094919e-04,2.83811198e-04
0.533281,1.61576395e+02,1.46619764e+00,-2.19458524e+00,-5.63694856e-01,1.49654970e-04,1.50257217e-03,4.70379193e-04,7.50814178e-04,2.85263626e-04
0.534922,1.58916589e+02,1.45943357e+00,-2.15248656e+00,-5.87115643e-01,-3.14461781e-05,1.61715163e-03,2.08389251e-04,7.34336959e-04,2.85799345e-04
0.536563,1.56674770e+02,1.42648065e+00,-2.10253882e+00,-5.94480524e-01,-4.36889893e-04,1.74780417e-03,1.21100646e-04,7.20483133e-04,2.84317434e-04
0.538204,1.54841257e+02,1.39456099e+00,-2.05962782e+00,-5.54665013e-01,-7.67238510e-04,1.73664738e-03,4.40599571e-04,7.09111929e-04,2.80922731e-04
0.539845,1.53402166e+02,1.39518687e+00,-2.04684330e+00,-5.39197871e-01,-7.56387337e-04,1.52449548e-03,4.70652689e-04,7.00229762e-04,2.75687596e-04
0.541486,1.52339880e+02,1.36594511e+00,-2.01590587e+00,-5.21616814e-01,-9.35627680e-04,1.50352825e-03,5.12954245e-04,6.93581982e-04,2.68120136e-04
0.543127,1.51633801e+02,1.35273540e+00,-1.95569756e+00,-5.27204773e-01,-1.01041512e-03,1.68416314e-03,3.63997939e-04,6.89091458e-04,2.58305067e-04
0.544768,1.51260747e+02,1.31961742e+00,-1.94850565e+00,-5.04213495e-01,-1.03352213e-03,1.54965576e-03,4.98913278e-04,6.86654959e-04,2.46783474e-04
0.546408,1.51195896e+02,1.25361942e+00,-1.89474868e+00,-4.94199325e-01,-1.41209885e-03,1.75255978e-03,4.95709616e-04,6.85900896e-04,2.33075435e-04
0.548049,1.51413764e+02,1.24450020e+00,-1.87946808e+00,-4.80023489e-01,-1.26276073e-03,1.58988408e-03,5.51923321e-04,6.86889117e-04,2.17340244e-04
0.549690,1.51888589e+02,1.19125989e+00,-1.83392125e+00,-4.82185380e-01,-1.54724215e-03,1.70659086e-03,4.46492971e-04,6.89480891e-04,2.00486837e-04
0.551331,1.52594749e+02,1.15882988e+00,-1.80638000e+00,-4.61749425e-01,-1.50281595e-03,1.65437878e-03,5.77651723e-04,6.93354029e-04,1.82613965e-04
0.552972,1.53507375e+02,1.10775997e+00,-1.75364715e+00,-4.38054322e-01,-1.77468272e-03,1.81394094e-03,6.95691659e-04,6.98615744e-04,1.64083965e-04
0.554613,1.54602571e+02,1.06671004e+00,-1.73637604e+00,-4.46306326e-01,-1.72149665e-03,1.70844325e-03,4.92517897e-04,7.04900005e-04,1.45249110e-04
0.556254,1.55857615e+02,1.03210849e+00,-1.72459980e+00,-4.38649144e-01,-1.69549014e-03,1.53634570e-03,4.81458547e-04,7.12253994e-04,1.26903682e-04
0.557894,1.57251142e+02,9.78267357e-01,-1.68382531e+00,-4.32907430e-01,-1.91198322e-03,1.59860075e-03,4.65273780e-04,7.20432401e-04,1.08995306e-04
0.559535,1.58763238e+02,9.53398855e-01,-1.67177358e+00,-4.18577896e-01,-1.79391096e-03,1.41126354e-03,5.18467950e-04,7.29338092e-04,9.19873470e-05
0.561176,1.60375429e+02,9.33501069e-01,-1.63633903e+00,-3.99353698e-01,-1.61637901e-03,1.47524874e-03,5.69393118e-04,7.38732479e-04,7.62131000e-05
0.562817,1.62070633e+02,8.59244699e-01,-1.60717652e+00,-4.19733918e-01,-1.75768344e-03,1.50000168e-03,2.80257887e-04,7.48825456e-04,6.34323567e-05
0.564458,1.63832989e+02,8.23701161e-01,-1.61771209e+00,-4.09009173e-01,-1.81270309e-03,1.15209026e-03,3.15098320e-04,7.59327987e-04,5.37095557e-05
0.566099,1.65647970e+02,7.95656396e-01,-1.59680397e+00,-3.61365379e-01,-1.72616164e-03,1.13563202e-03,6.97323178e-04,7.70195243e-04,4.86148420e-05
0.567740,1.67502049e+02,7.33737614e-01,-1.55856298e+00,-3.66445959e-01,-2.15375379e-03,1.24052140e-03,5.63774715e-04,7.81427648e-04,4.83449314e-05
0.569381,1.69382793e+02,7.06992080e-01,-1.54332074e+00,-3.96798649e-01,-1.98111832e-03,1.16238561e-03,1.84729352e-04,7.92724813e-04,5.21003296e-05
0.571021,1.71278693e+02,6.58548636e-01,-1.53535725e+00,-3.47412308e-01,-2.10351145e-03,9.79263709e-04,5.86583721e-04,8.04271242e-04,5.83517560e-05
0.572662,1.73179165e+02,6.18848909e-01,-1.48887603e+00,-3.59216386e-01,-2.09794640e-03,1.19456463e-03,3.67899781e-04,8.15789506e-04,6.61022228e-05
0.574303,1.75074543e+02,5.73594615e-01,-1.48895312e+00,-3.57006466e-01,-2.13464156e-03,9.72794504e-04,3.30233009e-04,8.27358807e-04,7.43287928e-05
0.575944,1.76956015e+02,5.37997751e-01,-1.50601209e+00,-3.02513431e-01,-2.19755293e-03,6.64665686e-04,7.53604407e-04,8.38862240e-04,8.29761041e-05
0.577585,1.78815653e+02,4.89714097e-01,-1.47027659e+00,-3.27921712e-01,-2.10612331e-03,8.76652473e-04,3.85745295e-04,8.50431746e-04,9.14618377e-05
0.579226,1.80646336e+02,4.31647060e-01,-1.45423029e+00,-3.41051679e-01,-2.03918715e-03,8.32218672e-04,1.56903262e-04,8.61672636e-04,9.96836388e-05
0.580867,1.82441831e+02,3.90324349e-01,-1.41960875e+00,-3.28886692e-01,-2.11492306e-03,9.48799711e-04,2.73537307e-04,8.72763592e-04,1.07606749e-04
0.582507,1.84196812e+02,3.68560974e-01,-1.38299888e+00,-3.43337966e-01,-1.97118876e-03,1.11549234e-03,9.49323724e-05,8.83757549e-04,1.15861210e-04
0.584148,1.85906789e+02,3.19870583e-01,-1.37859454e+00,-2.85928570e-01,-2.11631644e-03,9.70931727e-04,5.93411373e-04,8.94428541e-04,1.23886298e-04
0.585789,1.87568116e+02,2.77805153e-01,-1.42020125e+00,-2.61053750e-01,-2.24605687e-03,4.33138498e-04,7.15528279e-04,9.04861615e-04,1.31702598e-04
0.587430,1.89177863e+02,2.42188267e-01,-1.40014467e+00,-2.45382929e-01,-2.20444603e-03,5.02599905e-04,7.20264724e-04,9.14929011e-04,1.39497472e-04
0.589071,1.90733833e+02,1.93493379e-01,-1.35981084e+00,-2.53936256e-01,-2.22795567e-03,7.31818040e-04,5.14038736e-04,9.24696499e-04,1.47096936e-04
0.590712,1.92234487e+02,1.41537010e-01,-1.39687799e+00,-2.42069813e-01,-2.18209103e-03,2.70969367e-04,5.24797733e-04,9.34094744e-04,1.55005982e-04
0.592353,1.93678774e+02,1.00799197e-01,-1.34978983e+00,-2.55694916e-01,-2.12106928e-03,6.22983309e-04,3.19127854e-04,9.43312878e-04,1.62382381e-04
0.593994,1.95066299e+02,5.53533124e-02,-1.35827342e+00,-2.23130054e-01,-2.06554999e-03,4.15408651e-04,5.50961429e-04,9.51970945e-04,1.69482130e-04
0.595634,1.96397183e+02,1.40882474e-02,-1.34261325e+00,-2.32472445e-01,-1.92990287e-03,4.74559624e-04,3.17071627e-04,9.60379279e-04,1.76485573e-04
0.597275,1.97671967e+02,-3.10271139e-02,-1.32195138e+00,-2.33410939e-01,-2.00562150e-03,5.70578986e-04,2.55926015e-04,9.68552282e-04,1.83251755e-04
0.598916,1.98891682e+02,-5.41531524e-02,-1.30496741e+00,-2.28763746e-01,-1.89311328e-03,6.33176876e-04,2.58695233e-04,9.76199064e-04,1.89489504e-04
0.600557,2.00057741e+02,-9.14938882e-02,-1.29691191e+00,-2.00164306e-01,-1.88450931e-03,5.94874067e-04,4.67589402e-04,9.83675130e-04,1.95744953e-04
0.602198,2.01171807e+02,-1.46767771e-01,-1.32163898e+00,-2.23201510e-01,-2.00617911e-03,2.34526788e-04,1.65843133e-04,9.90813859e-04,2.01647810e-04
0.603839,2.02235800e+02,-1.84590697e-01,-1.27836757e+00,-2.00766449e-01,-1.97440047e-03,6.23597267e-04,3.22458230e-04,9.97613543e-04,2.07861253e-04
0.605480,2.03251919e+02,-2.22422799e-01,-1.27202074e+00,-1.77456520e-01,-1.84742041e-03,5.55270739e-04,4.18974304e-04,1.00400281e-03,2.13199302e-04
0.607120,2.04222556e+02,-2.73831906e-01,-1.29756118e+00,-1.23906065e-01,-1.88156942e-03,1.99885607e-04,7.92854306e-04,1.01028120e-03,2.18585101e-04
0.608761,2.05150172e+02,-2.95006166e-01,-1.26021367e+00,-1.33271995e-01,-1.68686958e-03,4.64978774e-04,5.71519657e-04,1.01619525e-03,2.23500244e-04
0.610402,2.06037439e+02,-3.32861032e-01,-1.24213767e+00,-1.48794929e-01,-1.73444634e-03,6.06888745e-04,3.78534482e-04,1.02191714e-03,2.28431880e-04
0.612043,2.06887161e+02,-3.53996463e-01,-1.22762910e+00,-1.33294604e-01,-1.60201364e-03,6.13543742e-04,4.30809108e-04,1.02738244e-03,2.32629416e-04
0.613684,2.07702251e+02,-3.99542125e-01,-1.24061193e+00,-1.55906370e-01,-1.61531978e-03,3.49895318e-04,1.39515516e-04,1.03255355e-03,2.36971014e-04
0.615325,2.08485555e+02,-4.38465146e-01,-1.22642319e+00,-1.45793802e-01,-1.67681656e-03,4.40059746e-04,2.52583077e-04,1.03772932e-03,2.41203723e-04
0.616966,2.09239883e+02,-4.80418384e-01,-1.22919270e+00,-1.44819647e-01,-1.77379239e-03,3.23798267e-04,2.45718747e-04,1.04268670e-03,2.44931658e-04
0.618607,2.09968123e+02,-5.02622669e-01,-1.22132215e+00,-1.14352636e-01,-1.47444033e-03,2.53692431e-04,4.02130858e-04,1.04736890e-03,2.48811103e-04
0.620247,2.10673110e+02,-5.05453053e-01,-1.18970557e+00,-8.40284162e-02,-1.27384323e-03,5.10664300e-04,5.82216797e-04,1.05193680e-03,2.51823114e-04
0.621888,2.11357739e+02,-5.29905576e-01,-1.18835383e+00,-7.43200907e-02,-1.33546727e-03,4.95795047e-04,5.58196949e-04,1.05639333e-03,2.54753737e-04
0.623529,2.12024854e+02,-6.12171123e-01,-1.20892078e+00,-5.59871447e-02,-1.69953164e-03,2.09346449e-04,6.06081903e-04,1.06088726e-03,2.58099084e-04
0.625170,2.12677104e+02,-6.20324224e-01,-1.17860043e+00,-9.01579824e-02,-1.46964362e-03,4.80092009e-04,2.01082503e-04,1.06519305e-03,2.60703227e-04
0.626811,2.13317048e+02,-6.34077094e-01,-1.13607020e+00,-5.07459874e-02,-1.17054063e-03,6.74683578e-04,4.60271862e-04,1.06940099e-03,2.63036583e-04
0.628452,2.13947173e+02,-6.60069052e-01,-1.13069705e+00,-8.03774711e-02,-1.26740243e-03,6.74552317e-04,1.27358495e-04,1.07364097e-03,2.65220380e-04
0.630093,2.14569887e+02,-6.93643484e-01,-1.14018815e+00,-5.31295002e-02,-1.33469307e-03,4.85474976e-04,3.35853772e-04,1.07784182e-03,2.67320927e-04
0.631733,2.15187443e+02,-7.00028833e-01,-1.11832737e+00,-2.65868799e-02,-1.30700338e-03,7.28731033e-04,5.15605366e-04,1.08205099e-03,2.69041817e-04
0.633374,2.15802130e+02,-7.27434062e-01,-1.12736123e+00,-1.56647249e-03,-1.38384761e-03,6.46213838e-04,6.71699449e-04,1.08619112e-03,2.70532264e-04
0.635015,2.16416020e+02,-7.86850893e-01,-1.14000661e+00,-2.50752466e-02,-1.60047650e-03,4.28758463e-04,3.14018262e-04,1.09042019e-03,2.72034456e-04
0.636656,2.17030880e+02,-7.82157966e-01,-1.11773879e+00,-1.03779071e-02,-1.16254647e-03,4.76383259e-04,3.31436224e-04,1.09457434e-03,2.73379461e-04
0.638297,2.17648250e+02,-7.92055318e-01,-1.08961445e+00,-6.10335169e-03,-9.62367993e-04,5.95132830e-04,2.79124629e-04,1.09881452e-03,2.74436486e-04
0.639938,2.18269523e+02,-8.25784567e-01,-1.06987070e+00,9.03023578e-03,-1.09506704e-03,6.77606735e-04,3.79760798e-04,1.10308315e-03,2.75005326e-04
0.641579,2.18896166e+02,-8.11957306e-01,-1.06869109e+00,3.19956979e-02,-8.84739710e-04,6.75272617e-04,5.46315363e-04,1.10753615e-03,2.75683911e-04
0.643220,2.19529396e+02,-8.41230715e-01,-1.04034112e+00,7.81874340e-03,-9.15090416e-04,7.88657846e-04,2.43682638e-04,1.11188547e-03,2.76064304e-04
0.644860,2.20170333e+02,-8.68446365e-01,-1.03010367e+00,5.23914634e-03,-9.21782589e-04,6.83038496e-04,2.22608695e-04,1.11632407e-03,2.76296807e-04
0.646501,2.20819777e+02,-8.62594543e-01,-1.01367591e+00,4.63241159e-02,-6.57933253e-04,6.55149586e-04,5.39368398e-04,1.12083891e-03,2.76424030e-04
0.648142,2.21478355e+02,-8.89520672e-01,-1.00460563e+00,3.46263043e-02,-7.34670495e-04,5.72664853e-04,3.51775324e-04,1.12556853e-03,2.76550550e-04
0.649783,2.22146602e+02,-8.76424596e-01,-9.71392216e-01,4.09977066e-02,-4.75343918e-04,7.67820795e-04,3.55106596e-04,1.13025268e-03,2.76098171e-04
0.651424,2.22824945e+02,-9.01874875e-01,-9.72183947e-01,3.69861958e-02,-6.14256445e-04,6.60523253e-04,2.54230993e-04,1.13515996e-03,2.75814929e-04
0.653065,2.23513596e+02,-9.25229707e-01,-9.87336521e-01,8.41414846e-02,-7.09019791e-04,4.37429883e-04,5.99455059e-04,1.14006679e-03,2.75221250e-04
0.654706,2.24212714e+02,-9.24726814e-01,-9.58893234e-01,8.99777703e-02,-5.66753551e-04,5.98345704e-04,5.39963072e-04,1.14506210e-03,2.74387508e-04
0.656346,2.24922406e+02,-9.16949575e-01,-9.15007768e-01,6.09197832e-02,-3.77912110e-04,8.40594218e-04,2.09830761e-04,1.15005967e-03,2.73235076e-04
0.657987,2.25642665e+02,-9.41409815e-01,-9.08597164e-01,1.02062713e-01,-4.74651516e-04,7.27117708e-04,4.85509877e-04,1.15529606e-03,2.72392712e-04
0.659628,2.26373159e+02,-9.57720760e-01,-8.94979706e-01,1.24140594e-01,-4.08586572e-04,5.55077669e-04,5.49297221e-04,1.16056324e-03,2.71379822e-04
0.661269,2.27113304e+02,-9.33381171e-01,-8.63213828e-01,9.13623997e-02,-3.50453912e-05,6.03288026e-04,1.68097964e-04,1.16594380e-03,2.70128225e-04
0.662910,2.27862476e+02,-9.30920089e-01,-8.62269827e-01,1.11040673e-01,-2.26644025e-05,5.39785251e-04,2.88786065e-04,1.17135831e-03,2.68648432e-04
0.664551,2.28620086e+02,-9.30574345e-01,-8.28153403e-01,1.03350046e-01,-4.34744213e-05,7.62322828e-04,2.04928815e-04,1.17691234e-03,2.66887337e-04
0.666192,2.29385570e+02,-9.67383463e-01,-8.13142046e-01,1.05446767e-01,-2.87260595e-04,7.40407646e-04,1.82232790e-04,1.18248525e-03,2.65172145e-04
0.667833,2.30158314e+02,-9.48971603e-01,-7.78067733e-01,8.33541378e-02,-8.18555989e-05,9.60235950e-04,-2.46408156e-05,1.18800894e-03,2.63114599e-04
0.669473,2.30937609e+02,-9.67849400e-01,-7.80730725e-01,1.28752663e-01,-2.30153175e-04,7.51368495e-04,3.96939538e-04,1.19372982e-03,2.61165118e-04
0.671114,2.31722530e+02,-9.53995793e-01,-7.75640292e-01,9.34176192e-02,-4.92021095e-05,6.68075934e-04,5.06076548e-05,1.19948236e-03,2.59020815e-04
0.672755,2.32512023e+02,-9.56011225e-01,-7.52219333e-01,1.69318383e-01,-1.01215978e-05,7.12526091e-04,6.44826929e-04,1.20533776e-03,2.56978489e-04
0.674396,2.33305073e+02,-9.57500606e-01,-7.46976608e-01,1.49807037e-01,-6.52293849e-05,6.90903478e-04,3.61763868e-04,1.21115337e-03,2.54602105e-04
0.676037,2.34100648e+02,-9.52175019e-01,-7.03551812e-01,1.49764864e-01,-4.61213158e-05,1.07457171e-03,3.40511593e-04,1.21702257e-03,2.52031138e-04
0.677678,2.34897758e+02,-9.51491960e-01,-6.85543691e-01,1.68179140e-01,-3.14278923e-05,1.07501046e-03,4.38911655e-04,1.22293042e-03,2.49675088e-04
0.679319,2.35695244e+02,-9.52625748e-01,-6.86537109e-01,1.49361279e-01,-3.42366312e-05,9.13043141e-04,2.18381229e-04,1.22872899e-03,2.46878289e-04
0.680959,2.36491916e+02,-9.80579296e-01,-6.73770915e-01,1.68669390e-01,-2.61169610e-04,9.29163814e-04,3.47119383e-04,1.23466009e-03,2.44210964e-04
0.682600,2.37286573e+02,-9.43894757e-01,-6.27525714e-01,1.59884483e-01,1.45206205e-04,1.10391846e-03,2.19402872e-04,1.24054950e-03,2.41626321e-04
0.684241,2.38077853e+02,-9.16406195e-01,-6.10554954e-01,1.54074217e-01,3.87719235e-04,9.36590273e-04,9.90106107e-05,1.24638774e-03,2.38900458e-04
0.685882,2.38864275e+02,-9.40647988e-01,-5.96365940e-01,1.78010982e-01,9.72902753e-05,9.31046207e-04,2.83410199e-04,1.25231738e-03,2.36295540e-04
0.687523,2.39644473e+02,-9.66331320e-01,-5.85450130e-01,1.61707418e-01,-7.69543112e-05,8.28721687e-04,7.13348231e-05,1.25807507e-03,2.32864707e-04
0.689164,2.40417245e+02,-9.64357774e-01,-5.76355993e-01,1.62354745e-01,7.27736147e-07,6.89896675e-04,3.50654055e-05,1.26379857e-03,2.30199346e-04
0.690805,2.41181110e+02,-9.28467718e-01,-5.50626344e-01,2.11058120e-01,2.83548866e-04,7.91334532e-04,3.82521780e-04,1.26964779e-03,2.27551923e-04
0.692445,2.41934610e+02,-9.20930196e-01,-5.25183274e-01,2.01440285e-01,3.34214273e-04,8.27328917e-04,2.34837501e-04,1.27517786e-03,2.24126822e-04
0.694086,2.42676514e+02,-9.40747426e-01,-5.10307009e-01,1.88843367e-01,1.29486266e-04,9.19539084e-04,1.40518896e-04,1.28073368e-03,2.20788160e-04
0.695727,2.43405574e+02,-9.15518536e-01,-4.99681347e-01,1.85066190e-01,2.83740778e-04,8.92212959e-04,1.01976759e-04,1.28623893e-03,2.17714580e-04
0.697368,2.44120485e+02,-9.28389784e-01,-4.65626516e-01,1.99165845e-01,1.52587611e-04,1.01581210e-03,1.95028814e-04,1.29153559e-03,2.14278534e-04
0.699009,2.44820007e+02,-8.47867732e-01,-4.25244414e-01,2.02890316e-01,8.28376273e-04,1.11635970e-03,2.03890460e-04,1.29693820e-03,2.11458971e-04
0.700650,2.45502582e+02,-8.89144830e-01,-4.38600920e-01,2.00738697e-01,3.24686263e-04,8.17061693e-04,1.35001158e-04,1.30210809e-03,2.08350929e-04
0.702291,2.46166869e+02,-8.62945308e-01,-4.07567118e-01,1.72614800e-01,4.93456947e-04,9.22481195e-04,-1.03831090e-04,1.30710254e-03,2.04898900e-04
0.703932,2.46811636e+02,-8.69032272e-01,-3.96806522e-01,1.89378449e-01,3.92918291e-04,9.33687884e-04,1.85034577e-05,1.31204901e-03,2.01469827e-04
0.705572,2.47435662e+02,-8.55112927e-01,-3.67205222e-01,1.75173685e-01,4.89872723e-04,1.07451506e-03,-1.26009254e-04,1.31672789e-03,1.97977479e-04
0.707213,2.48037798e+02,-9.10858630e-01,-3.72739759e-01,2.31654872e-01,-2.12002926e-05,9.36161023e-04,3.86464806e-04,1.32129946e-03,1.94590920e-04
0.708854,2.48616852e+02,-8.41791264e-01,-3.32812482e-01,1.78752390e-01,5.52281722e-04,1.12465244e-03,-1.45692250e-04,1.32573303e-03,1.91372418e-04
0.710495,2.49171575e+02,-8.84697618e-01,-3.14834476e-01,2.12575325e-01,8.09059582e-05,9.48645956e-04,1.16097389e-04,1.32997826e-03,1.88215933e-04
0.712136,2.49700735e+02,-8.34322469e-01,-2.75953871e-01,2.00602731e-01,5.51045947e-04,1.17961043e-03,-1.03894553e-05,1.33411359e-03,1.84698779e-04
0.713777,2.50203140e+02,-8.03826459e-01,-2.70683530e-01,2.11254168e-01,7.14130142e-04,8.78815813e-04,8.96416069e-05,1.33797661e-03,1.81517397e-04
0.715418,2.50677473e+02,-7.71311275e-01,-2.36351037e-01,2.02179427e-01,8.34130007e-04,1.03120744e-03,1.02982216e-05,1.34167334e-03,1.78589312e-04
0.717058,2.51122583e+02,-7.80667053e-01,-2.33803175e-01,2.25521591e-01,6.45321181e-04,9.64666777e-04,1.70504162e-04,1.34515555e-03,1.74914434e-04
0.718699,2.51537400e+02,-7.19322312e-01,-2.10689778e-01,2.05662056e-01,1.05237301e-03,8.38351011e-04,-2.05470455e-05,1.34845717e-03,1.71872511e-04
0.720340,2.51920706e+02,-7.44692683e-01,-2.10303342e-01,2.32497204e-01,6.51208411e-04,6.66375702e-04,1.81239664e-04,1.35152718e-03,1.68684160e-04
0.721981,2.52271474e+02,-7.49708577e-01,-1.69930020e-01,1.97180143e-01,5.42877469e-04,8.53755737e-04,-1.06764578e-04,1.35416804e-03,1.64860176e-04
0.723622,2.52588817e+02,-7.54051639e-01,-1.45504514e-01,2.11868605e-01,4.45713027e-04,8.24968777e-04,6.10484428e-05,1.35677059e-03,1.61663396e-04
0.725263,2.52871723e+02,-7.48406365e-01,-1.38539136e-01,1.87157823e-01,4.49220903e-04,6.64654697e-04,-1.64270795e-04,1.35907006e-03,1.58315528e-04
0.726904,2.53119143e+02,-7.14569810e-01,-1.13896157e-01,1.99034877e-01,7.06170793e-04,8.26480478e-04,-4.09517954e-05,1.36120229e-03,1.55110989e-04
0.728545,2.53330128e+02,-6.76751498e-01,-8.59755749e-02,2.49973375e-01,9.03372071e-04,9.90976321e-04,3.99342861e-04,1.36293927e-03,1.52035883e-04
0.730185,2.53503852e+02,-6.95390727e-01,-8.26222145e-02,2.22860142e-01,6.33259400e-04,8.11336883e-04,7.75868134e-05,1.36432059e-03,1.48556009e-04
0.731826,2.53639438e+02,-7.04547503e-01,-6.23938120e-02,2.24498140e-01,4.20607475e-04,7.98209156e-04,2.40628938e-05,1.36567311e-03,1.45742598e-04
0.733467,2.53735923e+02,-6.49254735e-01,-6.26009916e-02,2.26758418e-01,7.83344394e-04,7.95280676e-04,9.13554451e-05,1.36672831e-03,1.42587203e-04
0.735108,2.53792481e+02,-6.71923688e-01,-3.03314760e-02,2.15340944e-01,4.78674363e-04,9.37157191e-04,-1.72976534e-05,1.36723475e-03,1.38982055e-04
0.736749,2.53808517e+02,-6.45996879e-01,-3.30907142e-03,1.54218361e-01,6.41386105e-04,9.58776802e-04,-5.24836799e-04,1.36749926e-03,1.35580259e-04
0.738390,2.53783292e+02,-6.49938752e-01,6.07955610e-03,2.14063868e-01,4.87640925e-04,7.64057118e-04,6.92114527e-05,1.36765996e-03,1.32943391e-04
0.740031,2.53715928e+02,-6.24147631e-01,4.06046558e-02,2.02627714e-01,6.41743004e-04,1.06853748e-03,-1.65294911e-05,1.36751310e-03,1.29844559e-04
0.741671,2.53605785e+02,-6.14024880e-01,5.30474939e-02,2.26250882e-01,6.30277861e-04,1.17709008e-03,1.90961970e-04,1.36684164e-03,1.26693546e-04
0.743312,2.53452297e+02,-5.81278553e-01,6.71041185e-02,2.13848964e-01,8.32538093e-04,9.78676609e-04,6.81909345e-05,1.36586837e-03,1.23288282e-04
0.744953,2.53254806e+02,-6.18199964e-01,9.36158212e-02,2.09179588e-01,4.11378578e-04,8.85156176e-04,-2.91472668e-05,1.36459570e-03,1.20297481e-04
0.746594,2.53012606e+02,-6.11066786e-01,1.24028852e-01,1.95192561e-01,3.81341997e-04,9.64593542e-04,-1.08268794e-04,1.36315525e-03,1.17676841e-04
0.748235,2.52725013e+02,-5.40813566e-01,1.23948422e-01,2.40795119e-01,8.69161605e-04,6.29713380e-04,2.28977469e-04,1.36125239e-03,1.15059644e-04
0.749876,2.52391313e+02,-5.63730622e-01,1.56111028e-01,1.76696874e-01,5.30280873e-04,7.44438863e-04,-3.45936927e-04,1.35918749e-03,1.12166108e-04
0.751517,2.52010905e+02,-5.25179995e-01,1.63082362e-01,1.94122750e-01,7.81552482e-04,6.49262347e-04,-1.38456146e-04,1.35654667e-03,1.09012656e-04
0.753158,2.51583290e+02,-4.55908991e-01,1.78318014e-01,1.98524964e-01,1.20362122e-03,6.81080145e-04,-7.48620633e-05,1.35370781e-03,1.06657785e-04
0.754798,2.51107935e+02,-4.91399723e-01,1.98653040e-01,2.48737254e-01,7.25522415e-04,6.07638238e-04,3.23175377e-04,1.35047941e-03,1.03449684e-04
0.756439,2.50584413e+02,-4.79034328e-01,2.25993881e-01,2.31012092e-01,7.00173950e-04,7.68853932e-04,1.16444722e-04,1.34697969e-03,1.01096274e-04
0.758080,2.50012275e+02,-5.12711404e-01,2.41021478e-01,2.42945987e-01,3.50044004e-04,8.00583175e-04,1.85235347e-04,1.34312104e-03,9.80462365e-05
0.759721,2.49391151e+02,-4.45842546e-01,2.48633664e-01,2.32075065e-01,8.80601437e-04,8.91647183e-04,1.11919224e-04,1.33883122e-03,9.53679750e-05
0.761362,2.48720674e+02,-4.66005272e-01,2.70192654e-01,2.42079186e-01,5.81524404e-04,9.16998026e-04,1.43751176e-04,1.33413454e-03,9.28363807e-05
0.763003,2.48000513e+02,-4.04499889e-01,2.83810926e-01,2.29382954e-01,1.00121811e-03,8.12929413e-04,7.97550603e-06,1.32908851e-03,9.03032495e-05
0.764644,2.47230266e+02,-3.97366249e-01,3.09399014e-01,2.18537344e-01,8.48358440e-04,7.99909569e-04,-1.17875562e-04,1.32383519e-03,8.81395882e-05
0.766284,2.46409528e+02,-3.83187394e-01,3.35291029e-01,1.77786546e-01,7.95046889e-04,9.28087593e-04,-4.14903619e-04,1.31812846e-03,8.55824592e-05
0.767925,2.45538038e+02,-3.56820624e-01,3.48913618e-01,1.76094926e-01,9.00295339e-04,7.67643189e-04,-3.61954073e-04,1.31211150e-03,8.29568515e-05
0.769566,2.44615485e+02,-3.43424505e-01,3.66557106e-01,1.74608475e-01,8.89389522e-04,9.43198438e-04,-2.66093689e-04,1.30558625e-03,8.06961794e-05
0.771207,2.43641685e+02,-3.59891459e-01,3.86801537e-01,2.18595997e-01,5.88651478e-04,1.09328440e-03,1.55014903e-04,1.29880190e-03,7.84994305e-05
0.772848,2.42616502e+02,-3.42801201e-01,4.09021288e-01,2.21641356e-01,6.57535324e-04,1.06366528e-03,1.80179300e-04,1.29164201e-03,7.57892239e-05
0.774489,2.41539759e+02,-3.32586039e-01,4.26601184e-01,2.63888783e-01,6.47706680e-04,1.03987400e-03,4.52089727e-04,1.28403996e-03,7.35709777e-05
0.776130,2.40411286e+02,-2.82551134e-01,4.17365159e-01,1.99880490e-01,9.69836888e-04,8.25903100e-04,-1.25628699e-04,1.27625912e-03,7.14657409e-05
0.777771,2.39230866e+02,-2.66456844e-01,4.58290339e-01,1.96400958e-01,9.51050542e-04,1.01328616e-03,-1.31700556e-04,1.26806428e-03,6.96865370e-05
0.779411,2.37998390e+02,-2.66191721e-01,4.63039834e-01,2.15485204e-01,7.84948331e-04,8.82602122e-04,6.07817796e-05,1.25947101e-03,6.77860318e-05
0.781052,2.36713762e+02,-2.55426394e-01,4.90587488e-01,2.28445243e-01,7.90878978e-04,9.98322171e-04,1.64677528e-04,1.25041161e-03,6.55142032e-05
0.782693,2.35376959e+02,-2.51052739e-01,4.99619681e-01,1.84897575e-01,7.39618057e-04,9.20635613e-04,-2.43121043e-04,1.24111128e-03,6.34982197e-05
0.784334,2.33987942e+02,-2.16431833e-01,5.19216412e-01,2.09022660e-01,8.93873428e-04,1.04422672e-03,1.65042588e-05,1.23141998e-03,6.19611077e-05
0.785975,2.32546686e+02,-2.41233581e-01,5.43699889e-01,2.02964700e-01,5.90777649e-04,1.16834733e-03,-1.21867774e-05,1.22158247e-03,5.98025754e-05
0.787616,2.31053221e+02,-2.26244015e-01,5.44654499e-01,1.81566708e-01,5.89266091e-04,9.48491921e-04,-2.22737781e-04,1.21105231e-03,5.82971658e-05
0.789257,2.29507586e+02,-2.00949112e-01,5.83459790e-01,1.73222005e-01,6.87219120e-04,1.04969184e-03,-2.64886051e-04,1.20029377e-03,5.64691838e-05
0.790897,2.27909837e+02,-1.28007691e-01,5.66791300e-01,1.61305869e-01,1.19151972e-03,7.93499981e-04,-3.27172555e-04,1.18936235e-03,5.51608795e-05
0.792538,2.26260011e+02,-1.21129026e-01,6.05920808e-01,1.67325266e-01,1.00683486e-03,8.91319375e-04,-2.58001411e-04,1.17786072e-03,5.36713819e-05
0.794179,2.24558240e+02,-1.26054873e-01,6.14585191e-01,1.47615959e-01,8.06850202e-04,7.65501861e-04,-3.72173770e-04,1.16627854e-03,5.17538933e-05
0.795820,2.22804616e+02,-1.20914443e-01,6.21257121e-01,1.91009353e-01,7.30233395e-04,7.66790273e-04,4.61348592e-05,1.15421656e-03,5.06186149e-05
0.797461,2.20999354e+02,-6.66599602e-02,6.35612653e-01,1.69582166e-01,1.08283239e-03,7.74566356e-04,-1.21294125e-04,1.14160824e-03,4.91222951e-05
0.799102,2.19142737e+02,-8.62402201e-02,6.63232116e-01,1.80245327e-01,7.08629022e-04,7.81245994e-04,-2.77294549e-05,1.12889353e-03,4.79853376e-05
0.800743,2.17235001e+02,-5.29245160e-02,6.77785277e-01,1.71932231e-01,8.57977362e-04,7.45899449e-04,-9.87373250e-05,1.11578501e-03,4.68249788e-05
0.802384,2.15276440e+02,-6.46390916e-02,6.79780758e-01,1.56760596e-01,6.02668234e-04,5.88564131e-04,-2.30804544e-04,1.10247690e-03,4.56112479e-05
0.804024,2.13267337e+02,-3.40506400e-02,6.91225135e-01,1.57137876e-01,7.37289804e-04,5.76219448e-04,-1.50832054e-04,1.08885982e-03,4.47460395e-05
0.805665,2.11208038e+02,-2.27765507e-02,7.25292268e-01,1.83775662e-01,7.17478790e-04,7.44118659e-04,5.86960055e-05,1.07474940e-03,4.36029478e-05
0.807306,2.09098981e+02,-9.42968557e-03,7.55260590e-01,1.54731669e-01,7.28602935e-04,8.63377080e-04,-2.31968410e-04,1.06036850e-03,4.27544354e-05
0.808947,2.06940648e+02,-7.12915581e-03,7.68720105e-01,1.52854478e-01,6.72350235e-04,8.80630175e-04,-2.01225256e-04,1.04581694e-03,4.18608759e-05
0.810588,2.04733521e+02,1.54404549e-02,7.58641412e-01,1.54268700e-01,8.03566060e-04,7.38610728e-04,-1.69527411e-04,1.03096987e-03,4.12230726e-05
0.812229,2.02478137e+02,1.40473258e-02,7.87085596e-01,1.50690120e-01,6.26583456e-04,7.78623176e-04,-1.77585118e-04,1.01584213e-03,4.07406178e-05
0.813870,2.00175070e+02,-2.01347658e-03,8.23560872e-01,1.74257510e-01,4.07233944e-04,1.10812584e-03,4.90067336e-05,1.00027419e-03,4.03740659e-05
0.815510,1.97824991e+02,6.89534996e-02,7.98888695e-01,1.30440810e-01,9.24022056e-04,6.28314152e-04,-3.39885232e-04,9.84513225e-04,3.99906184e-05
0.817151,1.95428544e+02,5.08067764e-02,8.31294698e-01,1.62450866e-01,5.95966233e-04,7.09173289e-04,2.69441322e-05,9.68635788e-04,3.93877246e-05
0.818792,1.92986380e+02,4.55613805e-02,8.53413041e-01,1.60791167e-01,4.27092197e-04,7.26660750e-04,7.49519265e-06,9.52475827e-04,3.92991421e-05
0.820433,1.90499224e+02,5.76480652e-02,8.47501990e-01,1.45052212e-01,4.44699340e-04,4.35724795e-04,-1.35745284e-04,9.35864707e-04,3.92060462e-05
0.822074,1.87967864e+02,9.91351459e-02,8.66725310e-01,1.22362282e-01,7.24045473e-04,4.82397420e-04,-2.92276840e-04,9.19235668e-04,3.92747065e-05
0.823715,1.85393173e+02,1.00798141e-01,8.64019014e-01,1.54515761e-01,5.68546963e-04,3.50420422e-04,5.77153054e-05,9.02392469e-04,3.94733939e-05
0.825356,1.82776027e+02,1.26359827e-01,8.84982592e-01,1.89859869e-01,6.83351010e-04,5.18133655e-04,3.26568402e-04,8.85377189e-04,3.97430415e-05
0.826997,1.80117408e+02,1.13088037e-01,8.95061628e-01,1.15566092e-01,4.72262575e-04,5.27672141e-04,-3.33323191e-04,8.68069228e-04,3.97769527e-05
0.828637,1.77418357e+02,1.38786352e-01,9.10116974e-01,1.42607738e-01,6.27100619e-04,6.63451060e-04,-7.38493159e-05,8.50525460e-04,4.04557459e-05
0.830278,1.74680031e+02,1.54758956e-01,9.28026883e-01,1.27725565e-01,7.09665219e-04,7.88548932e-04,-1.87192420e-04,8.32869393e-04,4.08717701e-05
0.831919,1.71903621e+02,1.78331802e-01,9.32576801e-01,1.15106148e-01,7.70679408e-04,6.77521046e-04,-2.44174674e-04,8.15117643e-04,4.14320144e-05
0.833560,1.69090310e+02,1.67318038e-01,9.39047743e-01,1.05646118e-01,5.74362126e-04,6.44956566e-04,-2.93292428e-04,7.97162322e-04,4.20259937e-05
0.835201,1.66241339e+02,1.77760173e-01,9.68587945e-01,1.26428886e-01,5.47764247e-04,7.55324461e-04,-4.25097455e-05,7.78965094e-04,4.28855742e-05
0.836842,1.63358058e+02,1.94729419e-01,9.78708713e-01,1.17616428e-01,6.01637699e-04,6.96867836e-04,-1.26433621e-04,7.60724299e-04,4.36884298e-05
0.838483,1.60441856e+02,1.70345633e-01,9.83179073e-01,1.04271228e-01,2.82719142e-04,6.41553444e-04,-2.21222814e-04,7.42543391e-04,4.44380354e-05
0.840123,1.57494126e+02,1.94286733e-01,9.90190219e-01,8.14696342e-02,4.09215852e-04,5.63657908e-04,-4.04004673e-04,7.24092398e-04,4.54351973e-05
0.841764,1.54516355e+02,2.11874219e-01,9.74016669e-01,1.00760305e-01,4.93504220e-04,3.05716280e-04,-1.58319014e-04,7.05713052e-04,4.62688096e-05
0.843405,1.51510069e+02,2.08152014e-01,1.01026947e+00,1.17012316e-01,3.67121346e-04,5.87341115e-04,2.14844077e-05,6.87191135e-04,4.73784555e-05
0.845046,1.48476950e+02,2.30738388e-01,1.00423635e+00,7.68347571e-02,5.17130477e-04,3.94129238e-04,-2.88691867e-04,6.68577491e-04,4.84323278e-05
0.846687,1.45418708e+02,2.34826485e-01,9.83440029e-01,6.39127535e-02,4.13007443e-04,7.42070689e-05,-3.45127298e-04,6.50081263e-04,4.95170191e-05
0.848328,1.42337039e+02,2.54223882e-01,1.01076760e+00,8.61690600e-02,5.63796030e-04,4.36257114e-04,-9.69120387e-05,6.31511549e-04,5.07619328e-05
0.849969,1.39233904e+02,2.81495190e-01,1.00666554e+00,8.60349799e-02,7.04897790e-04,3.16815622e-04,-1.20284193e-04,6.12814211e-04,5.21658800e-05
0.851610,1.36111277e+02,2.73991023e-01,1.03279279e+00,4.66074186e-02,5.33483729e-04,5.99219276e-04,-4.77285981e-04,5.94515392e-04,5.31999030e-05
0.853250,1.32971142e+02,2.89211911e-01,1.02935417e+00,9.28701989e-02,5.49829524e-04,3.16986549e-04,-1.91395283e-05,5.75847072e-04,5.45599661e-05
0.854891,1.29815478e+02,2.92584326e-01,1.01929400e+00,8.46660131e-02,4.67196812e-04,7.53772079e-05,-8.16819490e-05,5.57661220e-04,5.55301800e-05
0.856532,1.26646250e+02,2.97008590e-01,1.01236267e+00,6.95692145e-02,4.36956097e-04,2.00851471e-05,-1.83042950e-04,5.39284231e-04,5.68700795e-05
0.858173,1.23465657e+02,2.92942590e-01,1.02428018e+00,4.39099636e-02,3.26148738e-04,1.05236565e-04,-3.55304833e-04,5.21051365e-04,5.82008426e-05
0.859814,1.20275972e+02,3.34778876e-01,1.04348516e+00,4.70355446e-02,5.89323407e-04,9.53606166e-05,-2.49457445e-04,5.02997359e-04,5.94965747e-05
0.861455,1.17079526e+02,3.22693269e-01,1.03332624e+00,7.61808046e-02,3.82402661e-04,1.46411816e-06,4.17221016e-05,4.85159970e-04,6.06218698e-05
0.863096,1.13878613e+02,3.28484951e-01,1.00913891e+00,5.39470491e-02,2.99180216e-04,-4.11329037e-04,-1.27945393e-04,4.67484887e-04,6.17831287e-05
0.864736,1.10675566e+02,3.39407191e-01,1.03058409e+00,2.79206747e-02,3.36701440e-04,-1.15667648e-04,-3.08891827e-04,4.49938153e-04,6.29886281e-05
0.866377,1.07472976e+02,3.58195609e-01,1.03096711e+00,3.35007198e-02,5.10795324e-04,5.08317262e-05,-2.41007479e-04,4.32690586e-04,6.43106483e-05
0.868018,1.04273575e+02,3.34798566e-01,1.04650088e+00,4.51876758e-02,2.26941808e-04,1.49867171e-04,-8.34930106e-05,4.15552987e-04,6.57012370e-05
0.869659,1.01080080e+02,3.51592101e-01,1.02708119e+00,1.48994894e-02,2.86054506e-04,-2.11721239e-04,-3.17754310e-04,3.98936291e-04,6.64284663e-05
0.871300,9.78950252e+01,3.60284657e-01,1.02640354e+00,2.51202107e-02,3.28896112e-04,-1.83989182e-04,-1.41176296e-04,3.82429076e-04,6.76201477e-05
0.872941,9.47212789e+01,3.34566728e-01,1.00664338e+00,2.01268016e-02,5.69098410e-05,-3.07670262e-04,-1.79457770e-04,3.66200596e-04,6.88795106e-05
0.874582,9.15617653e+01,3.72254540e-01,1.02953404e+00,2.77471257e-02,3.76267709e-04,-4.41661406e-06,-9.53805737e-05,3.50391064e-04,7.00062326e-05
0.876223,8.84196108e+01,3.84271816e-01,1.00289369e+00,1.62356490e-02,3.96963237e-04,-2.19104949e-04,-1.78112495e-04,3.34969220e-04,7.08149842e-05
0.877863,8.52978685e+01,4.02801579e-01,9.92300752e-01,3.81222366e-02,4.58412638e-04,-3.88160334e-04,9.45080023e-05,3.19884874e-04,7.17596298e-05
0.879504,8.21996639e+01,3.90706935e-01,9.86134350e-01,-3.10793005e-03,3.23744390e-04,-2.90613082e-04,-2.95983601e-04,3.05269505e-04,7.25837487e-05
0.881145,7.91282743e+01,3.87312388e-01,9.68107006e-01,-6.45290729e-03,1.92312652e-04,-5.08720544e-04,-2.56335445e-04,2.90929876e-04,7.35850544e-05
0.882786,7.60870904e+01,4.08129222e-01,9.79808844e-01,2.27259933e-03,3.34799246e-04,-3.73085243e-04,-1.05160337e-04,2.77158492e-04,7.41980657e-05
0.884427,7.30796548e+01,4.26116519e-01,9.70808613e-01,-3.22820250e-03,4.41127796e-04,-4.49901675e-04,-1.43475092e-04,2.63851889e-04,7.47188078e-05
0.886068,7.01096274e+01,4.12961443e-01,9.41957150e-01,-5.17247427e-03,2.46945743e-04,-6.59339339e-04,-1.46954698e-04,2.51023678e-04,7.52016539e-05
0.887709,6.71808181e+01,4.28175254e-01,9.34161915e-01,-9.59074410e-03,3.14706311e-04,-6.93334453e-04,-1.45078955e-04,2.38700180e-04,7.56813928e-05
0.889349,6.42973595e+01,4.27052291e-01,9.21881585e-01,-2.99411487e-02,2.58054995e-04,-6.53680091e-04,-3.01264855e-04,2.26912915e-04,7.59809007e-05
0.890990,6.14636726e+01,4.23503825e-01,8.94066104e-01,-1.33260820e-02,1.82820223e-04,-8.00422494e-04,-8.79717642e-05,2.15649372e-04,7.61855636e-05
0.892631,5.86844294e+01,4.36422784e-01,8.80483645e-01,-2.41522740e-02,2.81729328e-04,-6.79779527e-04,-2.15318853e-04,2.04964060e-04,7.64621111e-05
0.894272,5.59648468e+01,4.43009832e-01,8.70302796e-01,-1.57716995e-02,2.85276198e-04,-7.24766203e-04,-7.89138074e-05,1.94827306e-04,7.64180938e-05
0.895913,5.33104922e+01,4.49903052e-01,8.45372342e-01,-2.04102264e-02,2.71834972e-04,-9.98768917e-04,-4.95545931e-05,1.85255799e-04,7.61597766e-05
0.897554,5.07273920e+01,4.61167785e-01,8.30781841e-01,-2.15910757e-02,3.06855979e-04,-1.03616144e-03,-1.43661119e-05,1.76298918e-04,7.56971495e-05
0.899195,4.82222789e+01,4.64039580e-01,8.17577665e-01,-3.60678039e-02,2.77456181e-04,-9.88622339e-04,-1.24887699e-04,1.68004670e-04,7.49886165e-05
0.900835,4.58027803e+01,4.72089947e-01,8.07135312e-01,-4.41650707e-02,2.92820784e-04,-9.02771633e-04,-1.58871031e-04,1.60201359e-04,7.44010942e-05
0.902476,4.34776523e+01,4.71882664e-01,7.61950040e-01,-3.60958260e-02,2.53083444e-04,-1.07728947e-03,-8.49412524e-05,1.53081257e-04,7.35330430e-05
0.904117,4.12566566e+01,4.85360029e-01,7.56858513e-01,-4.67640413e-02,3.28625940e-04,-9.58536970e-04,-1.65038864e-04,1.46529225e-04,7.25610442e-05
0.905758,3.91509596e+01,4.83841919e-01,7.29846552e-01,-5.40659061e-02,2.38906313e-04,-1.01143278e-03,-2.15573460e-04,1.40571569e-04,7.14636128e-05
0.907399,3.71732306e+01,5.07490411e-01,7.21869965e-01,-5.60099389e-02,4.02354704e-04,-8.59458969e-04,-2.20482661e-04,1.35242160e-04,7.02822632e-05
0.909040,3.53377827e+01,5.14552134e-01,6.89388229e-01,-5.51466251e-02,4.08808815e-04,-1.08891782e-03,-1.28369923e-04,1.30512118e-04,6.89527421e-05
0.910681,3.36603641e+01,5.18083815e-01,6.70238491e-01,-6.98691108e-02,3.70664650e-04,-1.07453406e-03,-2.37769849e-04,1.26418069e-04,6.78255863e-05
0.912322,3.21581959e+01,5.27365860e-01,6.43443634e-01,-6.02206082e-02,3.94056784e-04,-1.13383850e-03,-1.32403222e-04,1.22895404e-04,6.72050137e-05
0.913962,3.08494873e+01,5.44184911e-01,6.07410106e-01,-6.09599215e-02,4.77097269e-04,-1.29756856e-03,-1.06846016e-04,1.19969089e-04,6.73368049e-05
0.915603,2.97525661e+01,5.55223690e-01,5.81891908e-01,-5.79030219e-02,4.94275637e-04,-1.34570353e-03,-4.98919038e-05,1.17621524e-04,6.86919723e-05
0.917244,2.88846682e+01,5.65702008e-01,5.68541186e-01,-6.14555900e-02,4.40065498e-04,-1.13660571e-03,-1.56220201e-04,1.15838579e-04,7.18209048e-05
0.918885,2.82603617e+01,5.58345071e-01,5.51992935e-01,-7.76369226e-02,3.17651800e-04,-1.17723289e-03,-2.43798818e-04,1.14606120e-04,7.69791123e-05
0.920526,2.78896431e+01,5.79685554e-01,5.13999342e-01,-7.74137130e-02,3.75126719e-04,-1.26956356e-03,-2.76073587e-04,1.13959217e-04,8.46945695e-05
0.922167,2.77762956e+01,5.89807682e-01,4.89261753e-01,-7.50357707e-02,3.80118319e-04,-1.33038812e-03,-1.92859339e-04,1.13885060e-04,9.49124760e-05
0.923808,2.79168537e+01,5.91067604e-01,4.56298062e-01,-8.71609808e-02,2.69134295e-04,-1.42509773e-03,-2.90737267e-04,1.14270261e-04,1.06741203e-04
0.925448,2.83006826e+01,5.96565604e-01,4.32570919e-01,-1.00295256e-01,2.65102863e-04,-1.47769499e-03,-3.33277277e-04,1.15244112e-04,1.19632911e-04
0.927089,2.89110127e+01,6.03296455e-01,3.92312780e-01,-9.99288876e-02,2.85367159e-04,-1.65895524e-03,-2.60226498e-04,1.16608561e-04,1.32001260e-04
0.928730,2.97268174e+01,6.27887826e-01,3.60761869e-01,-1.10559076e-01,4.75467093e-04,-1.73610371e-03,-2.76968854e-04,1.18577429e-04,1.43514511e-04
0.930371,3.07248239e+01,6.31657325e-01,3.12630234e-01,-1.03402532e-01,3.86013865e-04,-1.92592685e-03,-1.59900544e-04,1.20944276e-04,1.53564416e-04
0.932012,3.18815313e+01,6.25283970e-01,2.80660438e-01,-1.13703180e-01,1.75420868e-04,-1.89168053e-03,-2.32641139e-04,1.23780041e-04,1.61413590e-04
0.933653,3.31746757e+01,6.35012632e-01,2.32054845e-01,-1.20295394e-01,1.89152607e-04,-2.03267891e-03,-2.41026490e-04,1.27036377e-04,1.67697743e-04
0.935294,3.45840868e+01,6.47746173e-01,2.04959382e-01,-1.24994419e-01,2.12692408e-04,-1.93071175e-03,-2.28020084e-04,1.30610751e-04,1.72139930e-04
0.936935,3.60921434e+01,6.42582383e-01,1.61892911e-01,-1.30047509e-01,1.38167659e-04,-1.99892854e-03,-1.98276334e-04,1.34652239e-04,1.75088705e-04
0.938575,3.76838612e+01,6.53825515e-01,1.23547290e-01,-1.35154079e-01,1.95785845e-04,-1.99224206e-03,-2.02217095e-04,1.39007740e-04,1.76434953e-04
0.940216,3.93467612e+01,6.61308528e-01,7.70907844e-02,-1.25947226e-01,2.20780244e-04,-2.05537042e-03,-5.89877971e-05,1.43733653e-04,1.76395038e-04
0.941857,4.10706142e+01,6.55944231e-01,3.29920538e-02,-1.37860450e-01,1.59204247e-04,-2.09583922e-03,-1.24364952e-04,1.48849339e-04,1.75401468e-04
0.943498,4.28471940e+01,6.53652704e-01,1.51712829e-03,-1.38675825e-01,2.21759403e-05,-1.98177552e-03,-1.13369216e-04,1.54178920e-04,1.72969648e-04
0.945139,4.46699665e+01,6.67720097e-01,-4.22892611e-02,-1.34192645e-01,1.75692832e-05,-1.99879656e-03,-6.34598384e-05,1.59843903e-04,1.69944764e-04
0.946780,4.65337342e+01,6.52977863e-01,-9.38014319e-02,-1.50744110e-01,-9.80821890e-05,-2.09151279e-03,-1.78263138e-04,1.65795135e-04,1.65712331e-04
0.948421,4.84343634e+01,6.58947810e-01,-1.33579365e-01,-1.45963769e-01,4.86991798e-05,-2.08323272e-03,-7.27324398e-05,1.72148781e-04,1.61184477e-04
0.950061,5.03684313e+01,6.56075129e-01,-1.68219054e-01,-1.45969943e-01,2.45996916e-05,-2.01383293e-03,-4.85427010e-05,1.78644225e-04,1.55689684e-04
0.951702,5.23331761e+01,6.55132271e-01,-1.99738645e-01,-1.62970895e-01,-1.41920821e-05,-1.92619812e-03,-1.79379412e-04,1.85569408e-04,1.49947566e-04
0.953343,5.43261659e+01,6.68154297e-01,-2.48047018e-01,-1.52743801e-01,1.02120903e-04,-2.00596177e-03,-5.71550187e-05,1.92682959e-04,1.43661873e-04
0.954984,5.63452614e+01,6.53199104e-01,-2.83072736e-01,-1.53386771e-01,-1.45648151e-04,-1.91680814e-03,-4.52457987e-05,2.00071729e-04,1.36868733e-04
0.956625,5.83884684e+01,6.62067022e-01,-3.09996853e-01,-1.52747128e-01,-2.93078272e-05,-1.79760644e-03,-1.94773568e-05,2.07879420e-04,1.30146810e-04
0.958266,6.04537237e+01,6.50111101e-01,-3.65552483e-01,-1.46006679e-01,-1.97587279e-04,-1.94875836e-03,4.78667533e-05,2.15782375e-04,1.23412969e-04
0.959907,6.25389657e+01,6.24973234e-01,-3.94313805e-01,-1.76227660e-01,-4.72704246e-04,-1.81064151e-03,-2.36806205e-04,2.23921702e-04,1.16337904e-04
0.961548,6.46420174e+01,6.41674365e-01,-4.15873163e-01,-1.59511660e-01,-2.47623128e-04,-1.67260787e-03,-2.80808292e-05,2.32401202e-04,1.09846170e-04
0.963188,6.67604380e+01,6.32918908e-01,-4.71369742e-01,-1.36043980e-01,-4.39800849e-04,-1.79880778e-03,1.77329907e-04,2.41122076e-04,1.02697791e-04
0.964829,6.88916318e+01,6.17890556e-01,-4.89295818e-01,-1.54914398e-01,-5.19033561e-04,-1.61123576e-03,-3.86965425e-05,2.50022850e-04,9.66099904e-05
0.966470,7.10328338e+01,5.97378068e-01,-5.17035242e-01,-1.55464586e-01,-7.40610280e-04,-1.51922363e-03,-1.38032130e-05,2.59213415e-04,9.03633324e-05
0.968111,7.31810344e+01,5.96204161e-01,-5.53810412e-01,-1.54197610e-01,-7.37571690e-04,-1.49439035e-03,-8.61273698e-06,2.68441288e-04,8.44068393e-05
0.969752,7.53330573e+01,5.81203879e-01,-5.80480279e-01,-1.43691596e-01,-8.71661846e-04,-1.38592682e-03,7.98191115e-05,2.77905128e-04,7.90330049e-05
0.971393,7.74855851e+01,5.45182527e-01,-6.09944380e-01,-1.39004688e-01,-1.10947576e-03,-1.34119096e-03,1.19783320e-04,2.87562910e-04,7.41044403e-05
0.973034,7.96351504e+01,5.21176249e-01,-6.13310899e-01,-1.58396898e-01,-1.26203642e-03,-1.04193389e-03,-7.13297640e-05,2.97288894e-04,6.95326819e-05
0.974674,8.17781908e+01,5.13987083e-01,-6.66786274e-01,-1.49292408e-01,-1.18622451e-03,-1.25374293e-03,2.29857384e-05,3.07232038e-04,6.53096073e-05
0.976315,8.39110009e+01,5.04292202e-01,-6.97164838e-01,-1.48468785e-01,-1.28034695e-03,-1.19277579e-03,1.16724641e-05,3.17162877e-04,6.19545801e-05
0.977956,8.60299376e+01,4.52203412e-01,-7.11038370e-01,-1.39509069e-01,-1.60383626e-03,-1.02902755e-03,7.92597536e-05,3.27166344e-04,5.88282317e-05
0.979597,8.81313688e+01,4.48667161e-01,-7.45306505e-01,-1.32853508e-01,-1.44219301e-03,-1.10020829e-03,1.46359615e-04,3.37315966e-04,5.61834287e-05
0.981238,9.02116060e+01,4.00060058e-01,-7.74259081e-01,-1.36409328e-01,-1.67025665e-03,-1.12588822e-03,8.96701403e-05,3.47462586e-04,5.38983492e-05
0.982879,9.22670336e+01,3.89196349e-01,-7.71423919e-01,-1.32547848e-01,-1.58397115e-03,-8.12207061e-04,1.13454183e-04,3.57463536e-04,5.21109046e-05
0.984520,9.42941747e+01,3.61426465e-01,-8.07896321e-01,-1.34076652e-01,-1.62437846e-03,-8.90902080e-04,9.78144185e-05,3.67543879e-04,5.06174541e-05
0.986161,9.62896189e+01,3.44864725e-01,-8.00571875e-01,-1.52091678e-01,-1.53218818e-03,-5.82001844e-04,-7.11651349e-05,3.77524040e-04,4.97013790e-05
0.987801,9.82501682e+01,2.90262836e-01,-8.26161894e-01,-1.33346488e-01,-1.79704175e-03,-6.26562832e-04,1.02901866e-04,3.87426499e-04,4.91190911e-05
0.989442,1.00172690e+02,2.54803983e-01,-8.41561105e-01,-1.35887306e-01,-1.71240456e-03,-6.20353408e-04,5.74211394e-05,3.97292209e-04,4.87484229e-05
0.991083,1.02054104e+02,2.18639389e-01,-8.67902859e-01,-1.41136413e-01,-1.71388395e-03,-6.96121905e-04,7.53741652e-06,4.07007236e-04,4.86763750e-05
0.992724,1.03891496e+02,1.52900838e-01,-8.83974643e-01,-1.26775324e-01,-2.02648277e-03,-6.55507061e-04,1.26596442e-04,4.16546016e-04,4.90867477e-05
0.994365,1.05682201e+02,1.34457959e-01,-8.84668477e-01,-1.48716551e-01,-1.89990057e-03,-4.49508644e-04,-8.20126405e-05,4.25838075e-04,4.97112066e-05
0.996006,1.07423668e+02,9.06055707e-02,-8.83599251e-01,-1.30546646e-01,-1.96604251e-03,-2.96090325e-04,9.60699000e-05,4.35109637e-04,5.04605273e-05
0.997647,1.09113464e+02,5.58471456e-02,-8.94864079e-01,-1.10419172e-01,-1.93377789e-03,-3.09988109e-04,2.83570752e-04,4.44015738e-04,5.16488116e-05
0.999287,1.10749328e+02,1.63748820e-02,-9.05882235e-01,-1.32985639e-01,-1.86980348e-03,-3.44245405e-04,3.74915815e-05,4.52757601e-04,5.26627242e-05
1.000928,1.12329039e+02,-2.55158720e-02,-8.93750266e-01,-1.22300845e-01,-1.97973912e-03,-3.92119886e-05,1.14005649e-04,4.61296705e-04,5.40177046e-05
1.002569,1.13850649e+02,-6.30223252e-02,-8.84496946e-01,-1.17091148e-01,-1.96809915e-03,1.40242417e-04,1.35148956e-04,4.69463173e-04,5.57116990e-05
1.004210,1.15312352e+02,-1.19112360e-01,-8.89994073e-01,-1.12879675e-01,-2.09940942e-03,1.33430448e-04,1.47446088e-04,4.77425527e-04,5.73230765e-05
1.005851,1.16712407e+02,-1.46425675e-01,-8.73060938e-01,-1.20616565e-01,-1.95904366e-03,3.16145127e-04,5.15116288e-05,4.85050509e-04,5.88903085e-05
1.007492,1.18049223e+02,-1.85686911e-01,-8.59803744e-01,-1.13143142e-01,-1.96481762e-03,4.57851869e-04,1.00953140e-04,4.92493515e-04,6.05549959e-05
1.009133,1.19321308e+02,-2.37935732e-01,-8.53725994e-01,-1.09830124e-01,-2.02649361e-03,4.85063490e-04,1.01894503e-04,4.99562095e-04,6.20310862e-05
1.010774,1.20527325e+02,-2.76135852e-01,-8.58928365e-01,-1.09991910e-01,-2.00169400e-03,4.48697017e-04,9.94570114e-05,5.06107936e-04,6.34156754e-05
1.012414,1.21666094e+02,-2.98627647e-01,-8.24607890e-01,-1.15229237e-01,-1.79697673e-03,7.28189769e-04,2.50538951e-05,5.12603737e-04,6.48208343e-05
1.014055,1.22736561e+02,-3.31428954e-01,-8.22859329e-01,-8.83105561e-02,-1.78626581e-03,6.99017902e-04,2.39105181e-04,5.18443449e-04,6.61673995e-05
1.015696,1.23737874e+02,-3.89820897e-01,-7.84372734e-01,-1.08354757e-01,-1.93642016e-03,1.03564974e-03,2.33042333e-05,5.24008005e-04,6.69219766e-05
1.017337,1.24669335e+02,-4.26158277e-01,-7.78547329e-01,-9.76660923e-02,-1.90698728e-03,1.01424332e-03,1.49129095e-04,5.29217193e-04,6.79099297e-05
1.018978,1.25530363e+02,-4.69821151e-01,-7.38063473e-01,-1.01180592e-01,-1.93211485e-03,1.28543372e-03,9.30872035e-05,5.34072418e-04,6.86005590e-05
1.020619,1.26320535e+02,-4.78666711e-01,-7.18993524e-01,-7.45049339e-02,-1.62149986e-03,1.28507812e-03,3.32684659e-04,5.38515350e-04,6.89495958e-05
1.022260,1.27039491e+02,-4.94527103e-01,-6.69344532e-01,-1.20306399e-01,-1.33872769e-03,1.42826882e-03,-1.52348399e-04,5.42607235e-04,6.92009616e-05
1.023900,1.27687025e+02,-5.17598194e-01,-6.52015575e-01,-7.87512936e-02,-1.27705500e-03,1.42697122e-03,2.65254418e-04,5.46249196e-04,6.89743783e-05
1.025541,1.28263118e+02,-5.52711833e-01,-6.34603274e-01,-7.89700803e-02,-1.28475588e-03,1.37984135e-03,2.18755289e-04,5.49457247e-04,6.83676475e-05
1.027182,1.28767862e+02,-6.04431225e-01,-6.09487559e-01,-9.76354695e-02,-1.40573378e-03,1.29726490e-03,1.82425217e-05,5.52279375e-04,6.78931174e-05
1.028823,1.29201465e+02,-6.34307720e-01,-5.92852495e-01,-8.75141230e-02,-1.34353630e-03,1.18379363e-03,8.81455809e-05,5.54767791e-04,6.69047599e-05
1.030464,1.29564226e+02,-6.46580398e-01,-5.51065918e-01,-9.09549204e-02,-1.16395760e-03,1.35717639e-03,4.14952323e-05,5.56822198e-04,6.56919833e-05
1.032105,1.29856684e+02,-6.56441781e-01,-4.93790318e-01,-7.58029994e-02,-9.33917466e-04,1.52263892e-03,1.35558430e-04,5.58531377e-04,6.43961130e-05
1.033746,1.30079474e+02,-6.93448651e-01,-4.68877797e-01,-6.30532980e-02,-9.90183322e-04,1.45077940e-03,2.27034229e-04,5.59729043e-04,6.26242407e-05
1.035387,1.30233329e+02,-6.75787751e-01,-4.31882998e-01,-8.87817176e-02,-6.03208434e-04,1.54516024e-03,-2.15141114e-05,5.60607680e-04,6.08312679e-05
1.037027,1.30319170e+02,-7.03093351e-01,-3.86078002e-01,-8.35096329e-02,-6.66967817e-04,1.75484772e-03,1.59546768e-05,5.60947179e-04,5.87194834e-05
1.038668,1.30338109e+02,-7.12006304e-01,-3.62625968e-01,-8.75832505e-02,-5.93809385e-04,1.69756577e-03,-7.55182066e-06,5.61084507e-04,5.68384492e-05
1.040309,1.30291336e+02,-7.15690619e-01,-3.13018962e-01,-7.32533104e-02,-5.30275008e-04,1.95975840e-03,1.19705712e-04,5.60669531e-04,5.46991834e-05
1.041950,1.30180144e+02,-7.37350841e-01,-2.84170254e-01,-6.86805762e-02,-5.38620985e-04,1.97991793e-03,1.36452393e-04,5.60076287e-04,5.20218961e-05
1.043591,1.30005764e+02,-7.53841432e-01,-2.63573572e-01,-7.34683606e-02,-5.04187060e-04,1.80150591e-03,8.26721585e-05,5.59019610e-04,4.96267445e-05
1.045232,1.29769483e+02,-7.73954862e-01,-2.41683445e-01,-5.43008236e-02,-4.54087969e-04,1.54473875e-03,2.36297669e-04,5.57660467e-04,4.69940705e-05
1.046873,1.29472587e+02,-7.54694477e-01,-1.74350838e-01,-6.03587069e-02,-1.84060872e-04,1.83892727e-03,1.10343441e-04,5.55812238e-04,4.47859567e-05
1.048513,1.29116703e+02,-7.58154941e-01,-1.53679598e-01,-6.40986809e-02,-1.59516012e-04,1.78660491e-03,4.07873517e-05,5.53794295e-04,4.19456448e-05
1.050154,1.28703380e+02,-7.47009795e-01,-1.14925203e-01,-5.37655484e-02,6.63942453e-05,1.82607572e-03,1.14371326e-04,5.51309962e-04,3.91495756e-05
1.051795,1.28234247e+02,-7.61209215e-01,-1.03387402e-01,-3.64827179e-02,-2.17691174e-05,1.52523700e-03,2.27091225e-04,5.48616192e-04,3.68077344e-05
1.053436,1.27710905e+02,-7.48719639e-01,-4.48787612e-02,-2.94614036e-02,1.34172638e-04,1.85121635e-03,2.64809163e-04,5.45563735e-04,3.40539925e-05
1.055077,1.27135098e+02,-7.76760743e-01,-3.12929449e-02,-2.93913648e-02,-4.37568702e-05,1.55785397e-03,2.27343713e-04,5.42275180e-04,3.14629016e-05
1.056718,1.26508457e+02,-7.74252032e-01,1.55945734e-02,-1.26317443e-02,3.52724320e-05,1.75841488e-03,3.08798323e-04,5.38597666e-04,2.89135691e-05
1.058359,1.25832790e+02,-7.66421029e-01,3.65844069e-02,-2.48715714e-02,1.63206036e-04,1.56499847e-03,1.81532127e-04,5.34775322e-04,2.65034717e-05
1.060000,1.25109844e+02,-7.71622171e-01,7.03038070e-02,-4.83982319e-02,1.12741372e-04,1.65882602e-03,-6.22405479e-05,5.30588158e-04,2.41933632e-05
1.061640,1.24341496e+02,-7.54491570e-01,1.05170803e-01,-5.93444567e-02,2.98967654e-04,1.56548374e-03,-1.59241009e-04,5.26253857e-04,2.19579031e-05
1.063281,1.23529525e+02,-7.61332837e-01,1.16842666e-01,-2.29394534e-02,2.38207927e-04,1.25818823e-03,2.15360835e-04,5.21598370e-04,1.96858896e-05
1.064922,1.22675641e+02,-7.34713590e-01,1.54978270e-01,-2.94306153e-02,5.07409086e-04,1.28057482e-03,8.95100464e-05,5.16703278e-04,1.75742392e-05
1.066563,1.21781718e+02,-7.55446248e-01,1.80919034e-01,-4.46618469e-02,2.80650154e-04,1.22079376e-03,-3.76238821e-05,5.11748423e-04,1.56422364e-05
1.068204,1.20849611e+02,-7.57162814e-01,2.10228619e-01,-2.11926157e-02,2.26774639e-04,1.25529018e-03,1.78852820e-04,5.06451630e-04,1.37208746e-05
1.069845,1.19881258e+02,-7.35650117e-01,2.44213636e-01,-3.84092967e-02,4.01123543e-04,1.36332460e-03,1.73760210e-05,5.00982685e-04,1.19648026e-05
1.071486,1.18878595e+02,-7.35478368e-01,2.47233926e-01,-4.88110213e-03,3.55275428e-04,1.06780003e-03,2.84390456e-04,4.95428556e-04,1.03619580e-05
1.073126,1.17843462e+02,-7.17829932e-01,2.73103459e-01,-3.58622725e-02,4.85422209e-04,1.03831830e-03,-5.03904777e-05,4.89601232e-04,8.86380087e-06
1.074767,1.16777775e+02,-7.09060863e-01,3.13998549e-01,-3.14677075e-02,5.10914635e-04,1.01018557e-03,-2.67267368e-05,4.83733356e-04,7.81272636e-06
1.076408,1.15683391e+02,-6.96702528e-01,3.31903200e-01,-9.98477119e-04,5.61936687e-04,9.59218107e-04,2.68797470e-04,4.77616516e-04,6.82046327e-06
1.078049,1.14562284e+02,-6.64251929e-01,3.30307152e-01,-5.70143643e-03,7.54259808e-04,7.11346983e-04,1.95559903e-04,4.71515902e-04,6.35412240e-06
1.079690,1.13416339e+02,-6.62015741e-01,3.69867669e-01,-2.31402362e-03,6.30836053e-04,7.50085205e-04,1.59091712e-04,4.65157505e-04,6.26837883e-06
1.081331,1.12247511e+02,-6.84285386e-01,3.78554393e-01,3.92597108e-03,3.64269019e-04,7.95591670e-04,1.98135600e-04,4.58789420e-04,6.61196548e-06
1.082972,1.11057800e+02,-6.58459444e-01,3.99120978e-01,2.19308809e-03,5.13018291e-04,8.99895508e-04,1.75926479e-04,4.52296388e-04,6.89273666e-06
1.084612,1.09849262e+02,-6.24745950e-01,4.23882623e-01,3.75742028e-03,7.31268551e-04,8.99732956e-04,1.64303936e-04,4.45837804e-04,8.05821065e-06
1.086253,1.08623847e+02,-6.48185782e-01,4.44762035e-01,5.35888188e-03,4.06092785e-04,8.14089852e-04,1.21830783e-04,4.39233252e-04,9.09284220e-06
1.087894,1.07383473e+02,-6.22596646e-01,4.32613280e-01,-5.86158744e-03,5.67413057e-04,5.38017601e-04,-1.64978721e-05,4.32565156e-04,1.02366708e-05
1.089535,1.06130033e+02,-6.04657292e-01,4.95781691e-01,-1.18611108e-02,6.45438584e-04,1.05641241e-03,-4.72754148e-05,4.25882400e-04,1.13590807e-05
1.091176,1.04865655e+02,-6.23963755e-01,4.94380806e-01,-1.73039544e-02,3.53509821e-04,8.20103912e-04,-1.00669643e-04,4.19327908e-04,1.27421952e-05
1.092817,1.03592181e+02,-5.71315934e-01,5.10909808e-01,-1.79278416e-02,7.72975028e-04,7.79729680e-04,-9.87202917e-05,4.12525748e-04,1.38754971e-05
1.094458,1.02311622e+02,-5.87869573e-01,5.02957207e-01,9.15758653e-04,5.09468173e-04,6.53039698e-04,9.03927992e-05,4.05860825e-04,1.51611499e-05
1.096099,1.01025886e+02,-5.77795395e-01,5.16801232e-01,1.88516225e-02,4.90861726e-04,5.41390473e-04,1.97340479e-04,3.99161104e-04,1.62389658e-05
1.097739,9.97368989e+01,-5.59761634e-01,5.33835436e-01,3.09460355e-02,5.25518192e-04,4.57416073e-04,2.57738297e-04,3.92556922e-04,1.75973944e-05
1.099380,9.84465170e+01,-5.35745846e-01,5.57696836e-01,3.81025946e-03,6.56807590e-04,5.43735763e-04,-2.37020872e-05,3.85879855e-04,1.88967809e-05
1.101021,9.71567443e+01,-5.41432421e-01,5.52270967e-01,1.39155351e-02,5.37089572e-04,5.07879744e-04,1.09783909e-04,3.79322313e-04,2.00899418e-05
1.102662,9.58695488e+01,-5.27859751e-01,5.79733705e-01,-4.00427467e-03,5.46315537e-04,5.16082539e-04,-1.24572452e-04,3.72823345e-04,2.12798302e-05
1.104303,9.45868281e+01,-5.24156965e-01,5.65931799e-01,9.33174080e-03,4.68790240e-04,2.71171659e-04,1.03676732e-05,3.66381034e-04,2.24577577e-05
1.105944,9.33103620e+01,-5.08896143e-01,5.86299110e-01,6.15026578e-03,5.19624112e-04,3.91543674e-04,-4.16757161e-05,3.59957720e-04,2.35030652e-05
1.107585,9.20421452e+01,-4.91649478e-01,5.88618982e-01,1.81446992e-02,5.73220472e-04,3.54388063e-04,6.56753427e-05,3.53690017e-04,2.46509868e-05
1.109225,9.07840861e+01,-4.64167399e-01,5.88381441e-01,2.45013096e-02,7.17682986e-04,2.74785803e-04,1.25136393e-04,3.47490826e-04,2.57885076e-05
1.110866,8.95380271e+01,-4.71240386e-01,6.16516851e-01,3.29654609e-02,5.31880020e-04,5.13299393e-04,1.83115098e-04,3.41404043e-04,2.67820314e-05
1.112507,8.83058944e+01,-4.61215070e-01,6.02907337e-01,3.24352470e-02,5.72650684e-04,3.13952835e-04,1.05148646e-04,3.35463464e-04,2.80540724e-05
1.114148,8.70894497e+01,-4.60228912e-01,5.92689513e-01,4.00699061e-02,4.98154557e-04,1.38980293e-04,1.63086295e-04,3.29524766e-04,2.90277430e-05
1.115789,8.58904047e+01,-4.43028879e-01,6.13741613e-01,2.20403012e-02,5.78837320e-04,2.94265081e-04,4.23686479e-06,3.23809986e-04,3.00029861e-05
1.117430,8.47104816e+01,-4.36611037e-01,6.23794686e-01,4.07291911e-02,4.31234791e-04,1.03953725e-04,1.48669868e-04,3.18257699e-04,3.11848272e-05
1.119071,8.35512010e+01,-4.20329250e-01,6.33944045e-01,3.83184306e-02,4.75767167e-04,1.92772051e-04,1.22544776e-04,3.12748094e-04,3.19811880e-05
1.120712,8.24142810e+01,-4.11650454e-01,6.28747614e-01,2.40358497e-02,5.01512675e-04,1.41258419e-04,-2.82666533e-05,3.07665796e-04,3.34018224e-05
1.122352,8.13012111e+01,-4.02394825e-01,6.18687387e-01,3.25991543e-02,5.85495279e-04,1.72531503e-04,6.87628845e-05,3.02372304e-04,3.40898895e-05
1.123993,8.02136144e+01,-3.91657592e-01,6.30786551e-01,4.04142652e-02,5.60792920e-04,1.54498663e-04,1.16815614e-04,2.97437825e-04,3.50559159e-05
1.125634,7.91528747e+01,-3.79535647e-01,6.43335698e-01,4.65561836e-02,4.79976568e-04,7.59316779e-05,1.02175127e-04,2.92505761e-04,3.58335088e-05
1.127275,7.81203479e+01,-3.80712102e-01,6.47331359e-01,2.74048024e-02,3.36739161e-04,8.74678456e-06,-8.05302378e-05,2.87915251e-04,3.70477471e-05
1.128916,7.71171553e+01,-3.50202492e-01,6.30140738e-01,3.26112861e-02,4.76124282e-04,-2.79750232e-04,-4.50035302e-05,2.83341135e-04,3.77466535e-05
1.130557,7.61443769e+01,-3.47941922e-01,6.27038026e-01,4.41346556e-02,5.11782968e-04,-1.58347210e-04,1.06356342e-04,2.79054994e-04,3.85478525e-05
1.132198,7.52031284e+01,-3.33176015e-01,6.46427896e-01,4.36603158e-02,5.94044393e-04,8.66292693e-05,9.80297981e-05,2.74974765e-04,3.93588539e-05
1.133838,7.42945293e+01,-3.30545863e-01,6.43138124e-01,4.37411902e-02,5.59352255e-04,7.25726718e-05,7.90298646e-05,2.70961582e-04,4.00866301e-05
1.135479,7.34196100e+01,-3.17336089e-01,6.18212674e-01,3.18325025e-02,4.84417221e-04,-2.65924408e-04,-7.46213210e-05,2.67156386e-04,4.07053696e-05
1.137120,7.25790306e+01,-3.13496908e-01,6.37152842e-01,4.66934111e-02,4.52676591e-04,-4.30843889e-05,5.09380384e-05,2.63610623e-04,4.16560808e-05
1.138761,7.17734456e+01,-3.04705803e-01,6.48401086e-01,4.90091043e-02,4.70692264e-04,7.56289505e-05,8.28412203e-05,2.60019929e-04,4.18545576e-05
1.140402,7.10036292e+01,-2.87103022e-01,6.28824162e-01,4.56436889e-02,5.78675311e-04,-9.07217531e-05,5.29961144e-05,2.56847876e-04,4.26861843e-05
1.142043,7.02698895e+01,-2.75322104e-01,6.20858731e-01,4.88594006e-02,4.74980364e-04,-2.39829735e-04,4.59334525e-05,2.53803741e-04,4.33835081e-05
1.143684,6.95723789e+01,-2.67150571e-01,6.32431799e-01,5.56701198e-02,3.81094671e-04,-1.95645021e-04,8.21317929e-05,2.50761880e-04,4.37915420e-05
1.145325,6.89112608e+01,-2.65696977e-01,6.35796818e-01,3.28155928e-02,3.44435752e-04,-1.17938375e-04,-1.37803599e-04,2.48166149e-04,4.45591126e-05
1.146965,6.82864859e+01,-2.47602200e-01,6.18583132e-01,4.91350702e-02,4.70148154e-04,-2.06229490e-04,3.10103005e-05,2.45520842e-04,4.47156063e-05
1.148606,6.76981155e+01,-2.39916074e-01,6.14716036e-01,6.04926479e-02,4.98249945e-04,-1.64938202e-04,1.47314684e-04,2.43141818e-04,4.51455352e-05
1.150247,6.71459939e+01,-2.11684241e-01,6.24245460e-01,5.19406926e-02,6.61091736e-04,-5.68966392e-05,5.03209170e-05,2.40916141e-04,4.55738876e-05
1.151888,6.66299177e+01,-2.08462903e-01,6.09542994e-01,5.63556583e-02,6.55562815e-04,-1.35648422e-04,8.63086139e-05,2.38753511e-04,4.56058803e-05
1.153529,6.61495402e+01,-2.11954095e-01,6.05382181e-01,5.85039793e-02,4.87420178e-04,-1.48035612e-04,9.39710470e-05,2.36931693e-04,4.61130438e-05
1.155170,6.57041156e+01,-2.04882655e-01,6.05521289e-01,5.31815556e-02,5.25256236e-04,-1.02882628e-04,6.37959012e-05,2.35134371e-04,4.62363096e-05
1.156811,6.52929766e+01,-1.83537469e-01,6.08906060e-01,4.63040060e-02,6.75417073e-04,-4.51777224e-05,3.67153950e-06,2.33478389e-04,4.61323636e-05
1.158451,6.49154447e+01,-1.82838010e-01,5.98002754e-01,3.75204483e-02,5.10370713e-04,-1.78227336e-04,-8.15068533e-05,2.32023386e-04,4.63633752e-05
1.160092,6.45704943e+01,-1.79001070e-01,5.92914548e-01,4.89833235e-02,3.06398463e-04,-2.70099592e-04,4.09691641e-06,2.30728546e-04,4.67035393e-05
1.161733,6.42568697e+01,-1.58585829e-01,5.77981066e-01,5.44119074e-02,4.21872376e-04,-3.45760984e-04,3.64137654e-05,2.29460296e-04,4.65885113e-05
1.163374,6.39734658e+01,-1.60554226e-01,5.63827379e-01,4.46954156e-02,2.72330204e-04,-4.33321199e-04,-4.90057725e-05,2.28377904e-04,4.64223678e-05
1.165015,6.37191038e+01,-1.51198503e-01,5.76715262e-01,4.42704762e-02,2.21351765e-04,-2.85845430e-04,-7.42496495e-05,2.27439275e-04,4.63475516e-05
1.166656,6.34925360e+01,-1.44321176e-01,5.63199902e-01,5.67629483e-02,3.03565604e-04,-3.39370280e-04,4.80715443e-05,2.26580404e-04,4.60166380e-05
1.168297,6.32925704e+01,-1.15633844e-01,5.61322653e-01,4.99879304e-02,4.52798609e-04,-3.07512570e-04,-9.54834473e-06,2.25832731e-04,4.55641789e-05
1.169938,6.31179828e+01,-1.19210084e-01,5.62468713e-01,5.58573262e-02,2.85930631e-04,-2.65549115e-04,2.95125933e-05,2.25093122e-04,4.50128377e-05
1.171578,6.29674248e+01,-1.10448662e-01,5.50482870e-01,5.89845069e-02,3.66945060e-04,-3.12817254e-04,5.51763665e-05,2.24635138e-04,4.47296326e-05
1.173219,6.28394573e+01,-9.87368190e-02,5.47608697e-01,5.02151148e-02,3.92111628e-04,-2.97642933e-04,-2.12197445e-05,2.24206140e-04,4.43130061e-05
1.174860,6.27326503e+01,-7.80489901e-02,5.42080016e-01,4.19643106e-02,5.33304606e-04,-2.88367703e-04,-9.40849274e-05,2.23775812e-04,4.34427214e-05
1.176501,6.26456748e+01,-8.70848729e-02,5.31185049e-01,4.89617949e-02,3.42406800e-04,-3.34396969e-04,-2.50626754e-05,2.23480024e-04,4.28340537e-05
1.178142,6.25770315e+01,-6.85239271e-02,5.22724722e-01,4.61742702e-02,5.16385784e-04,-3.44087765e-04,-3.77933348e-05,2.23256844e-04,4.20136646e-05
1.179783,6.25253294e+01,-4.44394128e-02,5.15441508e-01,5.30578029e-02,6.02159328e-04,-3.56845034e-04,1.17283956e-05,2.23059155e-04,4.12361582e-05
1.181424,6.24891154e+01,-5.82931520e-02,4.99649559e-01,6.57733243e-02,3.47743835e-04,-4.34692915e-04,1.26735061e-04,2.23010740e-04,4.06770324e-05
1.183064,6.24668014e+01,-4.89533998e-02,4.89131736e-01,5.48179387e-02,3.53253528e-04,-4.71039572e-04,-7.19976705e-06,2.22997973e-04,3.98801248e-05
1.184705,6.24569187e+01,-3.85641747e-02,4.96945862e-01,6.01064647e-02,3.28415191e-04,-3.07053409e-04,3.39279285e-05,2.22954900e-04,3.90151114e-05
1.186346,6.24580690e+01,-8.73460031e-03,4.84793130e-01,5.13850910e-02,4.21992680e-04,-3.69936147e-04,-6.21921196e-05,2.23013455e-04,3.80146957e-05
1.187987,6.24688936e+01,-2.88828615e-03,4.78963958e-01,4.79745423e-02,3.28592387e-04,-3.56588606e-04,-9.90462772e-05,2.23086487e-04,3.71232248e-05
1.189628,6.24879451e+01,1.01283975e-03,4.59292782e-01,4.97915349e-02,2.84711009e-04,-4.64646853e-04,-7.57751190e-05,2.23230873e-04,3.61859832e-05
1.191269,6.25138268e+01,1.32359085e-03,4.62463899e-01,4.73258287e-02,2.17324399e-04,-3.54271330e-04,-7.55994387e-05,2.23374895e-04,3.51024973e-05
1.192910,6.25452724e+01,7.67645591e-03,4.57708412e-01,4.40589956e-02,2.40338848e-04,-3.37841666e-04,-1.09983727e-04,2.23560481e-04,3.41000531e-05
1.194551,6.25810493e+01,1.32435181e-02,4.47244569e-01,4.54784365e-02,2.39927441e-04,-3.72701640e-04,-7.44669909e-05,2.23691478e-04,3.28027077e-05
1.196191,6.26199886e+01,4.89050389e-02,4.29289043e-01,5.46762610e-02,4.22877684e-04,-4.50432805e-04,-4.21083669e-06,2.23903436e-04,3.17541539e-05
1.197832,6.26609953e+01,4.21256595e-02,4.36022854e-01,5.61287890e-02,3.15951791e-04,-3.12025750e-04,2.01208046e-05,2.24156987e-04,3.07002721e-05
1.199473,6.27029208e+01,3.67496760e-02,4.17987568e-01,5.98022313e-02,3.30296643e-04,-4.34531301e-04,4.74341390e-05,2.24343831e-04,2.93761814e-05
1.201114,6.27446797e+01,3.46613439e-02,4.10581271e-01,3.25807608e-02,2.46630436e-04,-4.06123474e-04,-2.13458452e-04,2.24522627e-04,2.81677685e-05
1.202755,6.27852077e+01,6.52936345e-02,4.01491577e-01,5.97786387e-02,4.12778970e-04,-4.26522757e-04,6.15284623e-05,2.24738436e-04,2.69596665e-05
1.204396,6.28235253e+01,5.78904420e-02,3.82112776e-01,3.96375733e-02,2.42072465e-04,-5.20545579e-04,-1.44691213e-04,2.24875078e-04,2.58249277e-05
1.206037,6.28586350e+01,7.00620414e-02,3.85687279e-01,4.31196185e-02,3.19612124e-04,-4.16909955e-04,-8.43177282e-05,2.25052010e-04,2.45484179e-05
1.207677,6.28896460e+01,9.51607105e-02,3.64623490e-01,5.01272647e-02,5.44552827e-04,-5.58558914e-04,-1.37020023e-05,2.25196547e-04,2.33171359e-05
1.209318,6.29157488e+01,8.23477620e-02,3.64253041e-01,5.03968895e-02,4.24342545e-04,-4.84386541e-04,1.24126193e-06,2.25361741e-04,2.20858940e-05
1.210959,6.29360978e+01,9.30563446e-02,3.51444700e-01,4.90467551e-02,1.92546098e-04,-4.37458340e-04,-3.03961977e-05,2.25462953e-04,2.10558033e-05
1.212600,6.29497896e+01,9.25543568e-02,3.37913939e-01,5.24234013e-02,2.05752108e-04,-4.97404132e-04,1.38539492e-06,2.25529807e-04,1.98868222e-05
1.214241,6.29560307e+01,9.92061442e-02,3.36346268e-01,3.73569518e-02,2.09820986e-04,-4.26729679e-04,-1.64517041e-04,2.25633568e-04,1.87084177e-05
1.215882,6.29540835e+01,1.11977220e-01,3.31179795e-01,4.53287440e-02,1.83967470e-04,-3.48640354e-04,-9.39347613e-05,2.25620867e-04,1.75486678e-05
1.217523,6.29432792e+01,1.14033734e-01,3.09774925e-01,4.44175293e-02,2.13110671e-04,-5.12935926e-04,-8.24964852e-05,2.25655062e-04,1.63689805e-05
1.219164,6.29229987e+01,1.29842552e-01,3.14416907e-01,4.76028219e-02,1.95533211e-04,-3.48636094e-04,-4.23640245e-05,2.25587070e-04,1.52597605e-05
1.220804,6.28926269e+01,1.33993835e-01,3.02897875e-01,6.33566250e-02,1.92405503e-04,-3.94274752e-04,9.29810550e-05,2.25473468e-04,1.42747445e-05
1.222445,6.28515904e+01,1.28741468e-01,2.91378133e-01,4.41284621e-02,1.38582114e-04,-4.37047197e-04,-1.03652998e-04,2.25410914e-04,1.32589256e-05
1.224086,6.27993583e+01,1.52570130e-01,2.88302096e-01,4.71826562e-02,2.99000439e-04,-3.97340660e-04,-7.57523408e-05,2.25169553e-04,1.20947819e-05
1.225727,6.27354948e+01,1.47796389e-01,2.67146621e-01,5.10330045e-02,7.53013973e-05,-4.67755067e-04,-4.29072482e-05,2.24855257e-04,1.10187244e-05
1.227368,6.26594982e+01,1.50744861e-01,2.77112765e-01,4.37756598e-02,2.27879782e-05,-2.75535847e-04,-1.16572355e-04,2.24653629e-04,1.02527946e-05
1.229009,6.25708852e+01,1.54606634e-01,2.53774296e-01,4.82683450e-02,5.75898256e-05,-4.34978183e-04,-7.72997159e-05,2.24351068e-04,9.41486534e-06
1.230650,6.24692981e+01,1.86323089e-01,2.38712070e-01,4.47562864e-02,3.89387148e-04,-5.15274764e-04,-8.64500996e-05,2.23925013e-04,8.39179335e-06
1.232290,6.23545090e+01,1.71795780e-01,2.47559881e-01,4.77608534e-02,2.24175400e-04,-3.69082336e-04,-4.72857847e-05,2.23436064e-04,7.64500961e-06
1.233931,6.22262077e+01,1.75954689e-01,2.34058188e-01,4.30806894e-02,2.56244358e-04,-4.26054327e-04,-9.64459069e-05,2.22975218e-04,7.08051210e-06
1.235572,6.20841156e+01,1.71076407e-01,2.09429148e-01,4.76428707e-02,3.08381138e-04,-6.69862895e-04,-3.77366253e-05,2.22402969e-04,6.45990110e-06
1.237213,6.19280368e+01,1.88856610e-01,2.19938173e-01,4.14710152e-02,3.18080707e-04,-4.09735501e-04,-9.13485079e-05,2.21825311e-04,6.16970216e-06
1.238854,6.17577334e+01,1.80614471e-01,2.07482468e-01,4.56399226e-02,1.95913615e-04,-4.77025022e-04,-4.51307913e-05,2.21156154e-04,5.99101424e-06
1.240495,6.15729892e+01,1.83226016e-01,1.88523023e-01,3.93652055e-02,8.43359411e-05,-5.07427699e-04,-9.92099013e-05,2.20494136e-04,6.01186072e-06
1.242136,6.13736043e+01,1.98910538e-01,1.78802099e-01,4.62221460e-02,1.61102626e-04,-4.78234014e-04,-1.06012798e-05,2.19799995e-04,6.17683471e-06
1.243777,6.11594490e+01,2.13899270e-01,1.70266081e-01,4.57442321e-02,4.27816439e-04,-5.71384742e-04,-1.49265628e-06,2.18917148e-04,6.44751705e-06
1.245417,6.09305054e+01,2.22412233e-01,1.81800505e-01,3.69866758e-02,3.21067176e-04,-3.05471072e-04,-9.95904828e-05,2.18064774e-04,7.00901793e-06
1.247058,6.06866980e+01,2.03417781e-01,1.75547913e-01,5.56716696e-02,1.94601123e-04,-3.70825831e-04,9.10224151e-05,2.17126406e-04,7.40034769e-06
1.248699,6.04279949e+01,2.22914074e-01,1.54337395e-01,5.64911624e-02,2.33532983e-04,-4.29149285e-04,5.92515444e-05,2.16082745e-04,8.07979697e-06
1.250340,6.01544253e+01,2.33661480e-01,1.67199804e-01,4.84530179e-02,2.06385611e-04,-1.59278038e-04,-2.22111909e-05,2.15076357e-04,8.60235036e-06
1.251981,5.98659784e+01,2.44218487e-01,1.50543173e-01,4.08854390e-02,2.52247790e-04,-2.51775812e-04,-1.14928116e-04,2.13980660e-04,9.33397791e-06
1.253622,5.95627261e+01,2.22753105e-01,1.34985912e-01,3.73475380e-02,-1.82156622e-05,-3.21987384e-04,-1.23718918e-04,2.12867750e-04,1.00332747e-05
1.255263,5.92447787e+01,2.42237980e-01,1.37866837e-01,4.33563585e-02,8.70236949e-05,-1.89797245e-04,-4.26170342e-05,2.11652939e-04,1.07942602e-05
1.256903,5.89122943e+01,2.44503282e-01,1.17730941e-01,5.08546739e-02,1.84489759e-05,-2.75773571e-04,2.84913230e-05,2.10408520e-04,1.15082204e-05
1.258544,5.85654766e+01,2.51684152e-01,1.27294924e-01,5.85641226e-02,1.28759748e-04,-1.93447480e-04,7.67709687e-05,2.09071340e-04,1.23535583e-05
1.260185,5.82045803e+01,2.52877187e-01,1.14391011e-01,4.53710682e-02,8.83922173e-05,-2.50507702e-04,-5.38720697e-05,2.07760633e-04,1.30300772e-05
1.261826,5.78298894e+01,2.48693021e-01,1.17740612e-01,5.14956177e-02,1.36236272e-04,-2.78958605e-04,2.22699651e-05,2.06324433e-04,1.37983501e-05
1.263467,5.74417577e+01,2.65023920e-01,9.75702462e-02,5.08909875e-02,2.83164429e-04,-4.31862616e-04,1.96905240e-05,2.04895109e-04,1.45985900e-05
1.265108,5.70406043e+01,2.70127371e-01,8.99481063e-02,3.12906959e-02,2.21965961e-04,-3.91837024e-04,-1.52059228e-04,2.03421159e-04,1.54266366e-05
1.266749,5.66268444e+01,2.64367496e-01,7.37426260e-02,5.08692488e-02,1.83898821e-04,-5.28029844e-04,5.06747916e-05,2.01909429e-04,1.62366417e-05
1.268390,5.62009391e+01,2.71469642e-01,8.18347464e-02,4.24033019e-02,1.32312840e-04,-2.99455800e-04,-2.77857460e-05,2.00312900e-04,1.70318463e-05
1.270030,5.57633491e+01,2.82037766e-01,6.99020682e-02,2.97720175e-02,9.00321870e-05,-2.51734321e-04,-1.50165193e-04,1.98735058e-04,1.78355673e-05
1.271671,5.53145610e+01,2.84587273e-01,8.49743418e-02,3.02844515e-02,1.16564383e-04,-8.24399881e-05,-1.36099940e-04,1.97173876e-04,1.86535503e-05
1.273312,5.48551347e+01,2.84009139e-01,5.63749147e-02,3.45685695e-02,1.91742741e-04,-4.39092532e-04,-9.39186305e-05,1.95446530e-04,1.94707188e-05
1.274953,5.43858569e+01,2.87752696e-01,7.01993767e-02,5.75732667e-02,1.23987609e-04,-1.50916089e-04,1.55034222e-04,1.93812874e-04,2.03375821e-05
1.276594,5.39073889e+01,2.89416788e-01,4.52522828e-02,4.67995763e-02,1.17229199e-04,-3.41435424e-04,2.56325115e-05,1.92055417e-04,2.12177555e-05
1.278235,5.34204960e+01,2.91520534e-01,5.63619570e-02,5.64064196e-02,2.04304996e-04,-2.87711073e-04,1.21415337e-04,1.90369189e-04,2.20024710e-05
1.279876,5.29260266e+01,3.01922361e-01,3.73189116e-02,4.01123253e-02,2.63257467e-04,-4.24136463e-04,-3.62497097e-05,1.88604967e-04,2.29348042e-05
1.281516,5.24248994e+01,3.10716868e-01,2.57972640e-02,4.06176069e-02,3.30243232e-04,-4.95104112e-04,-2.33451988e-05,1.86842835e-04,2.36855799e-05
1.283157,5.19180713e+01,3.13296053e-01,2.49580103e-02,3.75605532e-02,3.06894397e-04,-4.52040350e-04,-4.93919065e-05,1.85034284e-04,2.46648737e-05
1.284798,5.14065137e+01,3.19522028e-01,3.51380638e-02,5.49062164e-02,3.40540676e-04,-3.27720652e-04,1.21538261e-04,1.83319314e-04,2.55672096e-05
1.286439,5.08911275e+01,3.11834707e-01,2.53136237e-02,3.62843124e-02,2.13633730e-04,-3.65576576e-04,-6.40028393e-05,1.81604317e-04,2.65949230e-05
1.288080,5.03729188e+01,3.21980247e-01,3.48230726e-02,4.64684661e-02,1.61872348e-04,-5.63481003e-05,5.56590208e-05,1.79780460e-04,2.74445179e-05
1.289721,4.98528910e+01,3.36860934e-01,5.18647676e-03,3.53677066e-02,2.57176117e-04,-3.06443753e-04,-5.27794352e-05,1.78002111e-04,2.84560575e-05
1.291362,4.93322152e+01,3.29660767e-01,5.13460538e-03,3.70344731e-02,1.22413871e-04,-2.13231852e-04,-1.80632146e-05,1.76289994e-04,2.94741026e-05
1.293002,4.88120180e+01,3.22088791e-01,1.51373106e-02,4.70766882e-02,3.60609270e-05,-1.17146665e-04,8.76823339e-05,1.74511525e-04,3.05183026e-05
1.294643,4.82934998e+01,3.45279153e-01,-1.76920465e-03,3.17933843e-02,1.91929877e-04,-2.00747812e-04,-5.49453326e-05,1.72845555e-04,3.16115219e-05
1.296284,4.77779134e+01,3.32221653e-01,1.93251761e-02,2.16121958e-02,8.22558382e-05,-4.53930480e-05,-1.43135295e-04,1.71173260e-04,3.26451274e-05
1.297925,4.72664772e+01,3.47210844e-01,-6.37772311e-03,4.03925117e-02,1.78879155e-04,-2.05895646e-04,3.82793679e-05,1.69502313e-04,3.36827059e-05
1.299566,4.67605917e+01,3.38156182e-01,-1.06107567e-02,4.24859111e-02,9.08934802e-05,-2.43429423e-04,4.45087062e-05,1.67925667e-04,3.49137700e-05
1.301207,4.62616055e+01,3.44221205e-01,2.65765446e-03,3.62607836e-02,1.42975986e-04,-1.20580741e-04,-2.79350175e-05,1.66319151e-04,3.61297602e-05
1.302848,4.57708657e+01,3.46990100e-01,-3.04526686e-03,3.34245200e-02,1.07060459e-04,-4.22733222e-05,-4.83351718e-05,1.64753574e-04,3.71415620e-05
1.304489,4.52896756e+01,3.50831036e-01,-7.04489001e-03,3.02357570e-02,1.15550001e-04,-6.75983290e-05,-5.92601326e-05,1.63246983e-04,3.85032470e-05
1.306129,4.48194019e+01,3.42516563e-01,-1.57457454e-02,3.54601796e-02,2.03871868e-05,-1.69071804e-04,1.72596960e-06,1.61762972e-04,3.96186101e-05
1.307770,4.43615444e+01,3.65040555e-01,-1.91447397e-02,3.52967187e-02,2.23709846e-04,-1.90575665e-04,1.11312829e-05,1.60324556e-04,4.08573058e-05
1.309411,4.39174705e+01,3.57415726e-01,-2.28004251e-02,2.66534090e-02,9.33345836e-05,-1.25170328e-04,-6.83322627e-05,1.58965862e-04,4.22505396e-05
1.311052,4.34884903e+01,3.57255699e-01,-3.11804062e-02,3.02272927e-02,1.02411048e-04,-2.65099069e-04,-2.89546922e-05,1.57634998e-04,4.34912026e-05
1.312693,4.30759700e+01,3.59430175e-01,-1.68852570e-02,3.68202871e-02,1.15741811e-04,-1.09293870e-04,3.77922244e-05,1.56397766e-04,4.50166550e-05
1.314334,4.26810665e+01,3.47933620e-01,-2.26933774e-02,2.64820732e-02,-4.29441083e-05,-7.39684138e-05,-7.45175477e-05,1.55175972e-04,4.64316827e-05
1.315975,4.23049222e+01,3.55626221e-01,-2.14053155e-02,3.58432393e-02,5.41265075e-05,-1.62674770e-04,1.89429096e-05,1.54106259e-04,4.80499215e-05
1.317615,4.19486533e+01,3.56598448e-01,-2.00567692e-02,3.35455062e-02,5.67313746e-05,-1.96014324e-04,-8.30635368e-06,1.53037548e-04,4.95826667e-05
1.319256,4.16133734e+01,3.49239534e-01,-2.86221298e-02,3.79111491e-02,-4.79576446e-05,-1.22768423e-04,3.66590178e-05,1.52068156e-04,5.12098078e-05
1.320897,4.12999091e+01,3.59272207e-01,-2.70967492e-02,3.10550175e-02,6.99105292e-06,1.00673654e-05,-1.98114373e-05,1.51123092e-04,5.30987086e-05
1.322538,4.10088358e+01,3.56548168e-01,-1.56929889e-02,2.24079634e-02,-2.40147051e-05,1.58262746e-04,-8.50396073e-05,1.50280977e-04,5.46576992e-05
1.324179,4.07407283e+01,3.58929900e-01,-4.01782019e-02,3.23441732e-02,-2.58934539e-05,1.62559932e-05,4.05065656e-05,1.49511882e-04,5.65863084e-05
1.325820,4.04962228e+01,3.54394515e-01,-3.40633213e-02,2.95953019e-02,-5.49554630e-05,-1.11301459e-05,2.54619397e-06,1.48826600e-04,5.83872305e-05
1.327461,4.02757839e+01,3.56288447e-01,-3.17571222e-02,1.63602359e-02,-2.24343703e-05,-5.13948642e-05,-1.24039862e-04,1.48183300e-04,5.99686083e-05
1.329102,4.00798487e+01,3.53342241e-01,-2.76213476e-02,3.31602589e-02,-3.61519019e-05,-7.98928653e-05,3.63278805e-05,1.47617961e-04,6.14782926e-05
1.330742,3.99086317e+01,3.49932522e-01,-4.76839770e-02,2.09956615e-02,-7.05504597e-05,-2.44636692e-04,-7.74072759e-05,1.47083569e-04,6.30204216e-05
1.332383,3.97621668e+01,3.42001914e-01,-5.38959645e-02,2.54389231e-02,-1.52079835e-04,-3.30288084e-04,-3.87870722e-05,1.46688367e-04,6.49302814e-05
1.334024,3.96402273e+01,3.52090742e-01,-2.06962865e-02,2.75813023e-02,-4.17407510e-05,1.90219812e-04,5.93680913e-06,1.46352260e-04,6.68320788e-05
1.335665,3.95420310e+01,3.45105283e-01,-4.23406000e-02,2.34257952e-02,-1.17155588e-04,-9.72472965e-05,-2.85471894e-05,1.46077471e-04,6.84258960e-05
1.337306,3.94670790e+01,3.39736599e-01,-3.60252747e-02,2.15776859e-02,-1.48595372e-04,-6.90694959e-05,-4.45597408e-05,1.45843852e-04,6.99130124e-05
1.338947,3.94146897e+01,3.28238194e-01,-5.10552307e-02,1.22551744e-02,-2.38928841e-04,-1.46153136e-04,-1.21270567e-04,1.45702363e-04,7.12761056e-05
1.340588,3.93840432e+01,3.34962759e-01,-4.35681092e-02,2.44112625e-02,-1.45945664e-04,-1.37655511e-04,-5.76848229e-06,1.45587562e-04,7.22394275e-05
1.342228,3.93742160e+01,3.26893986e-01,-5.58972154e-02,1.63938265e-02,-2.28094235e-04,-3.84564982e-04,-8.85198081e-05,1.45622427e-04,7.39233124e-05
1.343869,3.93841792e+01,3.20044399e-01,-5.28796451e-02,2.41294331e-02,-2.80512840e-04,-3.79200514e-04,2.94592972e-06,1.45585882e-04,7.42059240e-05
1.345510,3.94128172e+01,3.24004458e-01,-5.58057013e-02,1.39487875e-02,-1.96533663e-04,-3.40004549e-04,-8.55248289e-05,1.45695024e-04,7.55121651e-05
1.347151,3.94585864e+01,3.06961683e-01,-5.33550755e-02,6.59327982e-03,-3.18880452e-04,-2.41848264e-04,-1.46254236e-04,1.45721982e-04,7.55972097e-05
1.348792,3.95200376e+01,3.00307445e-01,-4.67850307e-02,8.53935018e-03,-3.78301858e-04,-2.83323671e-04,-1.29338546e-04,1.45896439e-04,7.59303031e-05
1.350433,3.95955962e+01,2.91486778e-01,-6.52875040e-02,1.20544952e-02,-3.91705734e-04,-3.86771748e-04,-7.58889270e-05,1.46179369e-04,7.67402968e-05
1.352074,3.96835233e+01,2.94431722e-01,-6.00372767e-02,1.04476908e-02,-3.05283173e-04,-2.68151434e-04,-7.72374154e-05,1.46366075e-04,7.64088378e-05
1.353715,3.97819758e+01,2.88218460e-01,-4.70474449e-02,2.95046059e-02,-3.06597636e-04,-9.18064311e-05,1.15403464e-04,1.46640137e-04,7.61038165e-05
1.355355,3.98889414e+01,2.79401017e-01,-6.10565426e-02,3.84558206e-03,-3.46145877e-04,-2.12142782e-04,-1.23490112e-04,1.46964294e-04,7.59597071e-05
1.356996,4.00024802e+01,2.69781286e-01,-7.51777338e-02,4.08964594e-03,-3.74876187e-04,-3.03964196e-04,-1.05207702e-04,1.47275983e-04,7.51158354e-05
1.358637,4.01207350e+01,2.67552747e-01,-5.09668329e-02,1.32303675e-02,-3.32483862e-04,3.49702624e-06,5.40083852e-06,1.47580531e-04,7.40473064e-05
1.360278,4.02415886e+01,2.51580657e-01,-6.37603602e-02,6.25077440e-03,-4.41713783e-04,-1.49738055e-04,-6.21042688e-05,1.47991334e-04,7.30238904e-05
1.361919,4.03631252e+01,2.48001955e-01,-5.81402340e-02,1.09833604e-02,-4.34522624e-04,-1.48011080e-04,-1.98224939e-05,1.48224976e-04,7.05235726e-05
1.363560,4.04836619e+01,2.28285871e-01,-6.44060954e-02,1.39783383e-02,-5.30978548e-04,-1.72595737e-04,8.71329917e-06,1.48584724e-04,6.88743166e-05
1.365201,4.06012559e+01,2.25438401e-01,-6.20362072e-02,1.03950267e-02,-4.61080215e-04,-1.17065765e-04,-1.96527888e-05,1.48948338e-04,6.69394823e-05
1.366841,4.07139239e+01,2.25088972e-01,-4.77090708e-02,-5.35190273e-03,-4.69193732e-04,-1.00848638e-04,-1.75023313e-04,1.49274717e-04,6.42920299e-05
1.368482,4.08197850e+01,2.06251042e-01,-7.08368665e-02,1.76657286e-03,-5.67543024e-04,-3.04179274e-04,-9.32755202e-05,1.49584408e-04,6.16498749e-05
1.370123,4.09170193e+01,1.92950718e-01,-8.11268622e-02,-6.95580316e-04,-5.74902330e-04,-3.26419551e-04,-9.20788386e-05,1.49860937e-04,5.90425042e-05
1.371764,4.10037448e+01,1.82019964e-01,-6.75245870e-02,1.86168251e-03,-6.06934107e-04,-1.64110691e-04,-6.02161336e-05,1.50074950e-04,5.56871725e-05
1.373405,4.10781419e+01,1.67678270e-01,-8.78726398e-02,1.14836158e-02,-6.08225161e-04,-2.74380571e-04,5.81573597e-05,1.50341434e-04,5.28094482e-05
1.375046,4.11383743e+01,1.74664932e-01,-7.28357779e-02,-4.84274825e-03,-4.38111735e-04,-6.80969089e-05,-8.46442322e-05,1.50513697e-04,4.94056692e-05
1.376687,4.11826137e+01,1.62327811e-01,-7.61336788e-02,-2.99968653e-03,-4.76946732e-04,-1.08347726e-04,-5.59489010e-05,1.50638264e-04,4.58950285e-05
1.378328,4.12091892e+01,1.31886507e-01,-8.47973647e-02,-1.19251555e-02,-6.54916292e-04,-1.36874614e-04,-1.25631514e-04,1.50717964e-04,4.22780314e-05
1.379968,4.12164350e+01,1.33140328e-01,-8.39218180e-02,-3.46596700e-03,-5.64214975e-04,-1.68697265e-04,-4.14182215e-05,1.50749591e-04,3.85385734e-05
1.381609,4.12028170e+01,1.10923872e-01,-1.04166515e-01,-1.23835102e-02,-7.37157299e-04,-4.34943366e-04,-1.35669604e-04,1.50668935e-04,3.44126605e-05
1.383250,4.11670093e+01,1.07299014e-01,-8.12057771e-02,-1.02170718e-02,-6.57561656e-04,-1.80815019e-04,-8.86724502e-05,1.50618687e-04,3.10237391e-05
1.384891,4.11074056e+01,9.31677507e-02,-9.24620682e-02,-1.12708098e-02,-6.69705253e-04,-2.31863819e-04,-8.64308586e-05,1.50458860e-04,2.72686739e-05
1.386532,4.10225770e+01,7.94016982e-02,-8.70817404e-02,-1.67079438e-02,-6.14375991e-04,-5.45518425e-05,-1.02788038e-04,1.50208077e-04,2.38610692e-05
1.388173,4.09111094e+01,8.03983924e-02,-9.70727539e-02,-1.43761604e-02,-5.85452892e-04,-2.79316792e-04,-8.52814810e-05,1.49864426e-04,2.02964765e-05
1.389814,4.07718295e+01,6.60584044e-02,-1.10083777e-01,-1.30044122e-02,-6.00439553e-04,-3.27257641e-04,-5.68392753e-05,1.49440999e-04,1.69990576e-05
1.391454,4.06035443e+01,4.28823416e-02,-1.15250710e-01,-1.28227321e-02,-6.61800538e-04,-2.75729599e-04,-2.79139631e-05,1.48987229e-04,1.42483229e-05
1.393095,4.04050214e+01,3.97380135e-02,-1.22656913e-01,-1.49759021e-02,-5.21992030e-04,-2.25292086e-04,-3.46587985e-05,1.48449132e-04,1.15097090e-05
1.394736,4.01751741e+01,2.70612598e-02,-1.24739788e-01,-2.44107843e-02,-5.63854483e-04,-2.52046513e-04,-1.16039860e-04,1.47795637e-04,9.20724721e-06
1.396377,3.99130438e+01,1.51771132e-02,-1.38090384e-01,-1.28761507e-02,-5.68997811e-04,-3.63380650e-04,-4.74556233e-06,1.47074718e-04,7.19569170e-06
1.398018,3.96178158e+01,3.97134714e-03,-1.43283513e-01,-3.14211986e-02,-5.65848173e-04,-3.69687364e-04,-1.80898180e-04,1.46239551e-04,5.33948667e-06
1.399659,3.92888251e+01,2.97459168e-03,-1.20812503e-01,-1.49954814e-02,-4.72790513e-04,-1.14272420e-04,-4.25953959e-06,1.45322505e-04,3.80191820e-06
1.401300,3.89255561e+01,-1.36703427e-02,-1.35694345e-01,-1.80699068e-02,-5.64373049e-04,-2.79138674e-04,-4.20755022e-05,1.44319770e-04,2.80275634e-06
1.402941,3.85277476e+01,-1.87661999e-02,-1.52261874e-01,-2.06233693e-02,-5.74043878e-04,-4.78630645e-04,-8.17691894e-05,1.43232443e-04,2.55601140e-06
1.404581,3.80953978e+01,-2.69723834e-02,-1.39603063e-01,-2.61444222e-02,-4.32719947e-04,-1.69476684e-04,-9.65859559e-05,1.42078654e-04,2.96326114e-06
1.406222,3.76287224e+01,-3.15174538e-02,-1.66920930e-01,-1.97221953e-02,-3.70434436e-04,-3.81613451e-04,-2.13747417e-05,1.40790545e-04,3.78733289e-06
1.407863,3.71282480e+01,-5.23882162e-02,-1.79855928e-01,-2.10593545e-02,-5.55377474e-04,-5.10216204e-04,-3.96588986e-05,1.39522587e-04,4.84529224e-06
1.409504,3.65948571e+01,-6.38279120e-02,-1.94032274e-01,-1.86490963e-02,-5.71963068e-04,-5.76602224e-04,-2.18866544e-06,1.38086531e-04,6.03099949e-06
1.411145,3.60297958e+01,-6.04248839e-02,-2.15898301e-01,-2.49807235e-02,-4.56094248e-04,-7.13561002e-04,-6.41866989e-05,1.36629857e-04,7.31642176e-06
1.412786,3.54346125e+01,-6.54758271e-02,-2.10197558e-01,-3.07009537e-02,-4.57232990e-04,-5.88787411e-04,-1.06663454e-04,1.35106662e-04,8.66784877e-06
1.414427,3.48111789e+01,-6.22809780e-02,-2.18391685e-01,-2.58512552e-02,-3.61365738e-04,-5.96017369e-04,-4.10717393e-05,1.33553066e-04,1.00947103e-05
1.416067,3.41617346e+01,-7.71334707e-02,-2.38088694e-01,-3.71136449e-02,-3.69246299e-04,-6.13817752e-04,-1.32988302e-04,1.31918880e-04,1.16169652e-05
1.417708,3.34888548e+01,-7.51541667e-02,-2.46282546e-01,-3.31294828e-02,-3.30637249e-04,-6.38868359e-04,-8.80762697e-05,1.30287690e-04,1.32113730e-05
1.419349,3.27954325e+01,-7.31530898e-02,-2.71478193e-01,-2.76789038e-02,-2.37986648e-04,-7.50046885e-04,-2.12366420e-05,1.28669253e-04,1.49190201e-05
1.420990,3.20847105e+01,-7.44333919e-02,-2.67790842e-01,-2.56461879e-02,-2.19432975e-04,-6.04324249e-04,-1.75916187e-06,1.26979421e-04,1.67153740e-05
1.422631,3.13602679e+01,-6.59083237e-02,-2.88212765e-01,-3.02605522e-02,-1.35418536e-04,-7.31865434e-04,-4.80140023e-05,1.25284952e-04,1.85379549e-05
1.424272,3.06259912e+01,-6.44895154e-02,-2.85867750e-01,-3.31751131e-02,2.92142376e-05,-4.85178245e-04,-5.12097798e-05,1.23628521e-04,2.05363155e-05
1.425913,2.98858907e+01,-5.67984617e-02,-2.98019708e-01,-2.58041552e-02,4.60441164e-05,-5.66533106e-04,2.86494182e-05,1.22016649e-04,2.27548473e-05
1.427554,2.91443759e+01,-6.45687279e-02,-3.02801386e-01,-3.29830502e-02,3.13348902e-05,-4.38035947e-04,-2.84063331e-05,1.20375254e-04,2.50116688e-05
1.429194,2.84062206e+01,-6.05749195e-02,-3.05444040e-01,-3.14075053e-02,-1.75921807e-07,-4.35516189e-04,-1.12369402e-05,1.18799844e-04,2.72568179e-05
1.430835,2.76764035e+01,-5.28335054e-02,-3.20354162e-01,-2.88182624e-02,8.02394761e-05,-4.64363086e-04,1.95734618e-05,1.17332224e-04,3.00359185e-05
1.432476,2.69597274e+01,-3.74451849e-02,-3.21934316e-01,-2.75565634e-02,1.54946549e-04,-4.36609920e-04,1.70419620e-05,1.15875217e-04,3.26303929e-05
1.434117,2.62612742e+01,-3.96594253e-02,-3.21081167e-01,-3.08823354e-02,9.42709071e-05,-3.46632260e-04,-1.12848588e-05,1.14508805e-04,3.54690222e-05
1.435758,2.55862482e+01,-3.24840734e-02,-3.23578112e-01,-2.59321558e-02,1.29524947e-04,-2.91070401e-04,3.77152105e-05,1.13192364e-04,3.84180923e-05
1.437399,2.49396854e+01,-2.94754487e-02,-3.36726380e-01,-3.83235105e-02,2.29577317e-04,-2.73023686e-04,-7.52846696e-05,1.11991444e-04,4.17417936e-05
1.439040,2.43261346e+01,-2.03111238e-02,-3.40229219e-01,-2.61794765e-02,2.05318644e-04,-2.71019605e-04,3.52877076e-05,1.10871942e-04,4.53407534e-05
1.440680,2.37500648e+01,-1.50034765e-02,-3.32654782e-01,-2.89745767e-02,2.66813539e-04,-1.08434026e-04,1.47262767e-05,1.09814005e-04,4.83041093e-05
1.442321,2.32157002e+01,-3.26661488e-02,-3.50446246e-01,-3.32372099e-02,9.51777510e-05,-2.08076092e-04,-2.26186767e-05,1.08915328e-04,5.22355714e-05
1.443962,2.27264984e+01,-6.81217073e-05,-3.33350634e-01,-2.96470340e-02,4.23488306e-04,2.56644973e-05,1.57596395e-05,1.08047188e-04,5.55138935e-05
1.445603,2.22849462e+01,-2.21600339e-02,-3.46579633e-01,-2.77336096e-02,8.41697343e-05,-1.02087345e-04,2.69835798e-05,1.07295119e-04,5.86218206e-05
1.447244,2.18933701e+01,6.02825740e-03,-3.35702740e-01,-2.92299623e-02,2.20613589e-04,-7.46672771e-06,5.42844423e-06,1.06664380e-04,6.15599273e-05
1.448885,2.15531143e+01,4.14309512e-03,-3.35131381e-01,-3.08422392e-02,8.29139892e-05,-8.17958973e-06,-1.07564704e-05,1.06112290e-04,6.40798016e-05
1.450526,2.12648074e+01,-3.56491324e-03,-3.33157264e-01,-2.90385233e-02,-8.72948346e-06,3.41859294e-05,-1.69791128e-06,1.05628236e-04,6.57529392e-05
1.452167,2.10281556e+01,7.54902417e-03,-3.29917008e-01,-2.31495583e-02,1.28513345e-04,8.59827575e-05,6.37551492e-05,1.05275010e-04,6.79012800e-05
1.453807,2.08414080e+01,1.48995534e-02,-3.27027749e-01,-2.42214922e-02,1.16798129e-04,9.70473097e-05,4.21845561e-05,1.04999237e-04,6.89969628e-05
1.455448,2.07023083e+01,-5.30133554e-03,-3.20448562e-01,-3.29315814e-02,-8.56930177e-05,1.49851936e-04,-4.93311823e-05,1.04791036e-04,6.88708308e-05
1.457089,2.06083660e+01,-7.93772641e-03,-3.11477540e-01,-2.37881882e-02,-9.15150231e-05,2.22592810e-04,4.02711824e-05,1.04604050e-04,6.74683383e-05
1.458730,2.05563730e+01,2.54781155e-02,-3.06136855e-01,-2.30399862e-02,2.24161957e-04,2.37944270e-04,4.34617816e-05,1.04560227e-04,6.64371983e-05
1.460371,2.05421935e+01,1.71375454e-02,-3.00846676e-01,-2.03240095e-02,9.37483849e-05,2.54979096e-04,6.33545577e-05,1.04535295e-04,6.39441141e-05
1.462012,2.05618741e+01,3.11079095e-03,-2.91491463e-01,-2.27726729e-02,5.78679894e-05,3.04983327e-04,3.33858103e-05,1.04549105e-04,6.04231946e-05
1.463653,2.06113784e+01,6.19088894e-03,-2.82284729e-01,-2.20826629e-02,1.93765259e-04,3.30755872e-04,4.83348578e-05,1.04626346e-04,5.68082782e-05
1.465293,2.06864831e+01,-1.39182502e-02,-2.76177994e-01,-2.54191000e-02,-3.89844471e-06,3.31647932e-04,1.70075514e-06,1.04736582e-04,5.23263830e-05
1.466934,2.07833234e+01,-9.73671552e-03,-2.61329125e-01,-1.70552963e-02,9.13268331e-05,3.98205588e-04,8.27871254e-05,1.04923638e-04,4.80999373e-05
1.468575,2.08979353e+01,-9.04503147e-03,-2.61339558e-01,-2.16867640e-02,5.08997287e-05,3.33069035e-04,3.18628646e-05,1.05079451e-04,4.27228075e-05
1.470216,2.10268030e+01,-3.97326524e-04,-2.52217348e-01,-2.41148680e-02,2.06894105e-04,3.41264583e-04,7.71247872e-06,1.05288638e-04,3.75298444e-05
1.471857,2.11665318e+01,-9.86570310e-03,-2.42490222e-01,-1.69321538e-02,1.34532682e-04,3.49325476e-04,7.70991999e-05,1.05532191e-04,3.25753679e-05
1.473498,2.13141842e+01,-1.84535503e-02,-2.35403334e-01,-2.48554690e-02,1.52321245e-05,3.57086301e-04,-1.47943992e-05,1.05767396e-04,2.70118636e-05
1.475139,2.14672360e+01,-2.18119357e-02,-2.22480821e-01,-1.30950058e-02,-1.49002014e-04,4.53069184e-04,9.93487578e-05,1.06006015e-04,2.19704091e-05
1.476779,2.16233257e+01,-1.35763850e-02,-2.21868646e-01,-1.56206901e-02,-1.49867172e-05,3.64012570e-04,6.16385128e-05,1.06267544e-04,1.73882188e-05
1.478420,2.17801907e+01,-3.34066499e-02,-2.05448168e-01,-1.65743820e-02,-1.58383008e-04,4.33510176e-04,4.42180445e-05,1.06510236e-04,1.29353997e-05
1.480061,2.19359092e+01,-3.41454280e-02,-2.04209732e-01,-1.67551458e-02,-2.94185591e-04,4.31766848e-04,4.22173867e-05,1.06763097e-04,8.92587609e-06
1.481702,2.20888007e+01,-2.69363248e-02,-1.97784672e-01,-1.76635378e-02,-1.96192468e-04,4.25219448e-04,3.46312954e-05,1.07018077e-04,5.55899647e-06
1.483343,2.22372334e+01,-3.37682741e-02,-1.91485409e-01,-1.94033043e-02,-2.36735940e-04,4.08277000e-04,1.21529236e-05,1.07254905e-04,3.02017674e-06
1.484984,2.23797552e+01,-4.27333500e-02,-1.84621073e-01,-1.73411696e-02,-2.25658206e-04,3.64807680e-04,2.77868447e-05,1.07507816e-04,2.49243439e-06
1.486625,2.25150499e+01,-4.61874594e-02,-1.71114259e-01,-1.50775870e-02,-9.83154668e-05,3.52857242e-04,3.21662325e-05,1.07725443e-04,3.85914766e-06
1.488266,2.26419206e+01,-4.18167005e-02,-1.78036570e-01,-1.90822577e-02,-1.97347125e-05,2.07730602e-04,-7.18948697e-06,1.07958972e-04,5.66038316e-06
1.489906,2.27593388e+01,-5.41963375e-02,-1.62829614e-01,-1.78419574e-02,-7.32874908e-05,2.65742342e-04,3.22886744e-06,1.08164303e-04,7.30197354e-06
1.491547,2.28664613e+01,-4.61086401e-02,-1.70472251e-01,-1.58142765e-02,-1.51082584e-05,1.60504578e-04,2.00826057e-05,1.08331581e-04,8.91572552e-06
1.493188,2.29626253e+01,-6.68270990e-02,-1.46404864e-01,-1.35894716e-02,-2.03370025e-04,3.46345327e-04,3.80307611e-05,1.08482429e-04,1.02737492e-05
1.494829,2.30473918e+01,-6.62882314e-02,-1.51535295e-01,-1.82537971e-02,-1.43655307e-04,2.22131870e-04,-1.50368495e-05,1.08638105e-04,1.17193222e-05
1.496470,2.31204858e+01,-7.48861062e-02,-1.45323961e-01,-1.49103474e-02,-3.16309722e-04,3.27395610e-04,1.79462446e-05,1.08768877e-04,1.31260410e-05
1.498111,2.31818767e+01,-7.35314657e-02,-1.38302039e-01,-1.56110548e-02,-2.46055042e-04,3.25858463e-04,5.71522209e-06,1.08848772e-04,1.43868046e-05
1.499752,2.32317162e+01,-9.13553132e-02,-1.41108864e-01,-1.57378250e-02,-3.99174270e-04,2.60181952e-04,5.29476342e-06,1.08987106e-04,1.59435176e-05
1.501392,2.32702779e+01,-9.76167884e-02,-1.30946138e-01,-2.07724057e-02,-4.18135569e-04,3.23052112e-04,-3.97184562e-05,1.09013711e-04,1.74035492e-05
1.503033,2.32970543e+01,-1.11667295e-01,-1.16976140e-01,-1.02780348e-02,-4.57221121e-04,3.70502763e-04,5.69819072e-05,1.09053169e-04,1.87995608e-05
1.504674,2.33135654e+01,-1.05423388e-01,-1.25271445e-01,-8.42090819e-03,-2.31362127e-04,1.44073434e-04,5.86174670e-05,1.09083723e-04,2.04922303e-05
1.506315,2.33205448e+01,-1.27833946e-01,-1.06606822e-01,-1.23625751e-02,-4.56617121e-04,3.47252202e-04,1.64833847e-05,1.09139247e-04,2.22869519e-05
1.507956,2.33188580e+01,-1.20106299e-01,-1.13598669e-01,-1.11785738e-02,-3.81046492e-04,2.83194160e-04,3.63043273e-05,1.09139527e-04,2.38515865e-05
1.509597,2.33094763e+01,-1.34231010e-01,-1.04606818e-01,-1.11696806e-02,-4.02339657e-04,2.79086112e-04,2.61089936e-05,1.09058720e-04,2.53218523e-05
1.511238,2.32934451e+01,-1.32124073e-01,-1.00957391e-01,-1.40294438e-02,-3.34958455e-04,2.92909663e-04,9.33915795e-07,1.09066894e-04,2.71535524e-05
1.512879,2.32717860e+01,-1.36969392e-01,-1.05857518e-01,-7.84846587e-03,-3.67771323e-04,2.58625355e-04,5.42186352e-05,1.09023692e-04,2.85505435e-05
1.514519,2.32456590e+01,-1.34175238e-01,-1.12323889e-01,-8.82174864e-03,-3.24031669e-04,2.19739795e-04,4.50448384e-05,1.08995205e-04,3.02146425e-05
1.516160,2.32161715e+01,-1.46803197e-01,-9.56862794e-02,-7.39429532e-03,-3.33397852e-04,2.76548198e-04,5.16083751e-05,1.08938547e-04,3.16031974e-05
1.517801,2.31845915e+01,-1.53867763e-01,-8.57289553e-02,-1.25117123e-02,-3.05536879e-04,2.82696797e-04,4.18876715e-06,1.08850692e-04,3.29675529e-05
1.519442,2.31520808e+01,-1.47304035e-01,-9.90953642e-02,-9.91448214e-03,-1.29406278e-04,3.85445704e-05,2.59312570e-05,1.08818085e-04,3.45635023e-05
1.521083,2.31195774e+01,-1.57415879e-01,-9.75039354e-02,-1.19301189e-02,-3.14626891e-04,2.27172032e-04,8.98093955e-06,1.08761402e-04,3.58674587e-05
1.522724,2.30883443e+01,-1.64000666e-01,-9.10840376e-02,-3.74999744e-03,-2.70693520e-04,1.82653716e-04,8.30896954e-05,1.08670724e-04,3.68216101e-05
1.524365,2.30595175e+01,-1.67734957e-01,-9.69138292e-02,-6.71020994e-03,-1.98958162e-04,3.26626134e-05,4.07882102e-05,1.08620810e-04,3.82020431e-05
1.526005,2.30339622e+01,-1.67376511e-01,-9.65574149e-02,-8.38658277e-03,-2.15444693e-04,1.39334946e-04,2.87649973e-05,1.08593234e-04,3.93475570e-05
1.527646,2.30126573e+01,-1.78656109e-01,-7.88839477e-02,-1.07072929e-02,-1.91630336e-04,1.30213323e-04,-7.84731206e-06,1.08549308e-04,4.04623894e-05
1.529287,2.29965486e+01,-1.85643399e-01,-7.70076161e-02,-8.72088435e-03,-2.69793512e-04,2.32270270e-04,1.12569644e-05,1.08509388e-04,4.13446116e-05
1.530928,2.29866148e+01,-1.82447060e-01,-7.77536745e-02,-6.82543779e-03,-2.71494333e-04,3.43399150e-04,3.25772132e-05,1.08495438e-04,4.20385502e-05
1.532569,2.29836427e+01,-1.84063300e-01,-8.28581235e-02,-5.10174964e-03,-2.34251284e-04,2.37349644e-04,4.54971256e-05,1.08507974e-04,4.30327813e-05
1.534210,2.29881420e+01,-1.88586961e-01,-5.84770943e-02,-8.94593074e-03,-2.09493723e-04,3.60879523e-04,6.79481274e-06,1.08503925e-04,4.36010567e-05
1.535851,2.30006790e+01,-1.79044573e-01,-8.75923143e-02,-7.20180021e-03,-1.05108344e-04,1.19883668e-04,2.02144340e-05,1.08537442e-04,4.44675498e-05
1.537492,2.30215017e+01,-1.87958489e-01,-6.98970741e-02,-3.76254312e-03,-1.66624258e-04,3.00452830e-04,5.08468011e-05,1.08561268e-04,4.48972204e-05
1.539132,2.30511157e+01,-1.88193450e-01,-6.84831140e-02,-6.14277844e-03,-1.42160354e-04,2.98009530e-04,3.04973707e-05,1.08581852e-04,4.49074538e-05
1.540773,2.30898612e+01,-1.89523855e-01,-6.93198833e-02,-1.11220138e-02,-1.10040814e-04,1.84055849e-04,-2.66075109e-05,1.08700121e-04,4.58335764e-05
1.542414,2.31376257e+01,-1.79503074e-01,-8.04882161e-02,-8.94215719e-03,1.57885177e-05,4.67719694e-05,-9.27631353e-07,1.08779925e-04,4.62458081e-05
1.544055,2.31942506e+01,-1.90960306e-01,-6.98407553e-02,-3.14297350e-03,-8.02718335e-05,1.46559746e-04,4.66413599e-05,1.08890177e-04,4.63697991e-05
1.545696,2.32598358e+01,-1.92535525e-01,-7.15699099e-02,-6.48344494e-03,-5.99630033e-05,3.70187875e-05,-4.35779244e-06,1.08976351e-04,4.62979592e-05
1.547337,2.33343308e+01,-1.93652476e-01,-5.13057460e-02,-4.04795444e-03,-4.99658876e-05,1.43054375e-04,9.76160554e-06,1.09079638e-04,4.60324966e-05
1.548978,2.34176083e+01,-1.92573622e-01,-4.13218523e-02,-5.20670389e-03,-7.58608469e-05,4.61535116e-04,5.82098433e-06,1.09253684e-04,4.60560109e-05
1.550618,2.35096002e+01,-1.87445447e-01,-6.63471701e-02,-4.63715936e-03,-2.52100085e-05,2.43405935e-04,8.25001687e-06,1.09388227e-04,4.53863334e-05
1.552259,2.36099863e+01,-1.81196546e-01,-7.71052711e-02,-4.33194300e-03,5.66939116e-05,4.16756267e-05,1.03756542e-05,1.09579665e-04,4.55191642e-05
1.553900,2.37181319e+01,-1.88641316e-01,-5.93114727e-02,-6.30026240e-03,-1.04094490e-05,1.55256759e-04,-1.07343788e-05,1.09774169e-04,4.51643895e-05
1.555541,2.38337679e+01,-1.87368844e-01,-5.79174430e-02,4.93516538e-04,8.82491806e-06,2.65404694e-04,5.79588988e-05,1.09983053e-04,4.46482408e-05
1.557182,2.39566109e+01,-1.93888516e-01,-5.60485535e-02,1.12212390e-04,-4.76478831e-05,3.18150676e-04,5.94290878e-05,1.10185665e-04,4.37352029e-05
1.558823,2.40862341e+01,-1.83506877e-01,-3.80185478e-02,-6.94723839e-03,5.26885855e-05,5.19907427e-04,-6.72772328e-06,1.10456881e-04,4.35680872e-05
1.560464,2.42221103e+01,-1.83618251e-01,-5.40807341e-02,-3.77619229e-03,5.02088868e-05,2.79054767e-04,1.71924538e-05,1.10664952e-04,4.27368517e-05
1.562105,2.43636337e+01,-1.82607189e-01,-5.89652357e-02,-2.73224950e-03,4.69889455e-05,-3.75900462e-05,1.82641142e-05,1.10922383e-04,4.22939105e-05
1.563745,2.45098702e+01,-1.71125095e-01,-3.09886402e-02,-2.76984524e-03,1.48493953e-04,3.08921501e-04,1.42387680e-05,1.11217845e-04,4.16640268e-05
1.565386,2.46602892e+01,-1.78489406e-01,-4.95579901e-02,-3.18323075e-03,5.40942250e-05,-6.07840859e-05,-7.31263351e-07,1.11504032e-04,4.11971926e-05
1.567027,2.48141474e+01,-1.75626751e-01,-3.99625839e-02,-2.67159101e-03,6.39843334e-05,3.74377485e-05,-8.89868674e-07,1.11798518e-04,4.04290035e-05
1.568668,2.49708206e+01,-1.72993005e-01,-3.48157485e-02,4.77491734e-03,6.19134939e-05,-1.83518644e-05,6.60830096e-05,1.12054569e-04,3.94519249e-05
1.570309,2.51297065e+01,-1.72028350e-01,-4.79809315e-02,-1.75716399e-03,5.21259771e-05,-1.71220532e-04,-9.98319512e-06,1.12366821e-04,3.85486383e-05
1.571950,2.52901852e+01,-1.71057555e-01,-3.11919492e-02,-2.98530589e-03,4.25972205e-05,-4.78146735e-05,-2.54069487e-05,1.12672060e-04,3.77289932e-05
1.573591,2.54517462e+01,-1.66837470e-01,-3.05268095e-02,-2.30017907e-03,8.54154068e-05,3.59384752e-05,-1.07607283e-05,1.12992766e-04,3.66397354e-05
1.575231,2.56139625e+01,-1.61121114e-01,-2.38171916e-02,-1.25600109e-03,1.44498189e-04,2.19155006e-04,3.82818747e-06,1.13271131e-04,3.51015898e-05
1.576872,2.57765736e+01,-1.57837657e-01,-2.09318593e-02,-7.64259591e-04,1.68843271e-04,2.60003877e-04,2.18683092e-05,1.13597933e-04,3.43698160e-05
1.578513,2.59390743e+01,-1.51646683e-01,1.61460148e-03,1.17196594e-02,1.90839482e-04,3.31728246e-04,1.24259337e-04,1.13863715e-04,3.29871663e-05
1.580154,2.61011037e+01,-1.56738979e-01,-1.21953134e-02,-2.57355882e-04,1.26013068e-04,2.27317107e-04,-6.25027265e-06,1.14190281e-04,3.20976044e-05
1.581795,2.62620739e+01,-1.58159872e-01,-1.51839742e-02,3.27303803e-03,6.55793850e-05,9.67165675e-05,2.18786240e-05,1.14533466e-04,3.14097265e-05
1.583436,2.64213516e+01,-1.42188509e-01,-1.73065861e-02,5.31544601e-03,1.74484048e-04,-3.42915276e-05,3.23632484e-05,1.14843893e-04,3.03769428e-05
1.585077,2.65784374e+01,-1.39600523e-01,-1.45349362e-02,4.11473014e-03,1.72473126e-04,1.43952004e-05,2.05016735e-05,1.15167550e-04,2.94794453e-05
1.586718,2.67328831e+01,-1.39435421e-01,-5.70840560e-03,7.27270120e-03,1.53377902e-04,1.19993015e-04,5.40638354e-05,1.15475761e-04,2.84078818e-05
1.588358,2.68843749e+01,-1.38975738e-01,-5.03328531e-03,7.30624454e-04,1.11469080e-04,3.06802961e-05,-2.53892827e-05,1.15769577e-04,2.73549177e-05
1.589999,2.70325253e+01,-1.38580733e-01,-9.94916138e-03,5.36729455e-03,9.73476706e-05,-3.64367565e-06,2.27867687e-05,1.16067143e-04,2.63424782e-05
1.591640,2.71769579e+01,-1.30577288e-01,-8.05485837e-03,-5.69200498e-04,1.65475831e-04,4.16378511e-05,-3.60374609e-05,1.16354670e-04,2.52635343e-05
1.593281,2.73174226e+01,-1.28991163e-01,2.82523225e-03,2.63689767e-03,1.44439611e-04,1.22979210e-04,-7.82728863e-06,1.16633427e-04,2.42299752e-05
1.594922,2.74536516e+01,-1.23601988e-01,8.36326590e-03,1.46375084e-03,1.95304091e-04,2.16536929e-04,-1.13726372e-05,1.16906492e-04,2.32111272e-05
1.596563,2.75853712e+01,-1.19144094e-01,1.28284787e-02,9.33445634e-03,2.27825230e-04,2.86711769e-04,5.43053223e-05,1.17192589e-04,2.23898402e-05
1.598204,2.77123043e+01,-1.19609053e-01,1.87290135e-03,-2.63549662e-04,1.62505156e-04,7.21361117e-05,-4.20062060e-05,1.17484664e-04,2.15441883e-05
1.599844,2.78340943e+01,-1.10286428e-01,1.22648607e-02,2.47794674e-03,2.19770805e-04,1.61256281e-04,-1.63432525e-05,1.17674286e-04,2.05222523e-05
1.601485,2.79505488e+01,-1.06390913e-01,1.77715249e-02,6.34268764e-03,2.11641457e-04,1.78631749e-04,1.33525318e-05,1.17923100e-04,1.95778751e-05
1.603126,2.80614417e+01,-1.03852005e-01,1.12155705e-02,1.16346150e-02,2.19745013e-04,1.42913291e-04,6.11036720e-05,1.18172162e-04,1.88521360e-05
1.604767,2.81664891e+01,-1.08017260e-01,9.13255558e-03,1.06747267e-02,1.42335555e-04,9.23134647e-05,4.60743233e-05,1.18370063e-04,1.79056240e-05
1.606408,2.82655076e+01,-1.03898368e-01,6.57627624e-03,4.57737470e-03,1.90441899e-04,1.30160676e-04,-1.08268905e-05,1.18573250e-04,1.69490227e-05
1.608049,2.83583470e+01,-9.57494914e-02,2.34294007e-02,8.37669506e-03,2.68031977e-04,3.27955013e-04,3.30362060e-05,1.18781989e-04,1.61873377e-05
1.609690,2.84448405e+01,-9.08763208e-02,2.82519082e-02,5.79041621e-03,2.71163590e-04,3.18477397e-04,5.87210147e-06,1.18998784e-04,1.56184707e-05
1.611331,2.85248056e+01,-9.34067300e-02,1.50653633e-02,1.10678773e-02,1.28726759e-04,-2.04695227e-06,4.75972163e-05,1.19158568e-04,1.48981617e-05
1.612971,2.85979691e+01,-9.05197645e-02,2.91323659e-03,6.56462032e-03,7.88283415e-05,-2.03275194e-04,2.15560524e-06,1.19333911e-04,1.43889789e-05
1.614612,2.86640082e+01,-9.47777997e-02,2.24377802e-02,1.92814726e-03,-7.83371138e-05,-1.96290987e-04,-5.60578991e-05,1.19407770e-04,1.35952648e-05
1.616253,2.87227737e+01,-7.29834550e-02,4.62443105e-02,1.54559371e-03,9.35332892e-05,6.73834976e-07,-5.97099267e-05,1.19567671e-04,1.29661823e-05
1.617894,2.87741610e+01,-7.37606379e-02,1.82034513e-02,5.09346362e-03,1.05736958e-04,-1.82965303e-04,-1.70126470e-05,1.19689570e-04,1.23560456e-05
1.619535,2.88180432e+01,-7.76764975e-02,3.23752511e-02,5.36339797e-03,4.79455830e-05,-2.47898066e-05,-8.49620013e-06,1.19762598e-04,1.15334442e-05
1.621176,2.88543818e+01,-7.77492376e-02,2.16364681e-02,4.48710003e-03,8.84033306e-06,-1.71926293e-04,-2.09025158e-05,1.19864191e-04,1.09803324e-05
1.622817,2.88830453e+01,-7.09549826e-02,2.44631207e-02,1.26466589e-02,1.17288261e-04,-3.62811424e-05,7.15727319e-05,1.19917547e-04,1.03623887e-05
1.624457,2.89040193e+01,-7.44152273e-02,1.58408062e-02,1.46579595e-03,8.54028007e-05,-8.21439985e-05,-4.32759567e-05,1.20009247e-04,9.84498446e-06
1.626098,2.89172725e+01,-6.21439305e-02,3.82153909e-02,7.55089648e-03,1.61750305e-04,1.03433555e-04,1.05290848e-05,1.19930102e-04,8.91536152e-06
1.627739,2.89228725e+01,-5.77101539e-02,4.33440916e-02,6.90661529e-03,1.29527244e-04,4.59123548e-05,-2.04013875e-07,1.19964263e-04,8.39643403e-06
1.629380,2.89207182e+01,-5.47072497e-02,3.70726493e-02,4.89744095e-03,1.73817147e-04,4.54775977e-05,-7.54649012e-06,1.19993512e-04,8.07119189e-06
1.631021,2.89107095e+01,-5.70842703e-02,3.97069791e-02,7.48282044e-03,3.72416458e-05,-9.04900203e-05,1.34192089e-05,1.19994605e-04,7.56338585e-06
1.632662,2.88927470e+01,-5.35195958e-02,4.66360412e-02,1.52765258e-02,4.40103145e-05,-3.63588441e-05,8.20950887e-05,1.19950713e-04,7.11312062e-06
1.634303,2.88667913e+01,-5.46057239e-02,4.67703010e-02,9.98347331e-03,4.12421964e-05,-1.65855938e-06,1.08304275e-05,1.19894590e-04,6.63073985e-06
1.635944,2.88328516e+01,-5.18777707e-02,4.23643981e-02,5.84342204e-03,6.27896715e-05,-3.59417570e-05,-2.68110233e-05,1.19803477e-04,6.03543224e-06
1.637584,2.87909357e+01,-3.49908669e-02,5.56232072e-02,5.82030905e-03,2.07340884e-04,9.09587832e-05,-3.70197793e-05,1.19707825e-04,5.61119555e-06
1.639225,2.87410782e+01,-4.75103919e-02,5.08542705e-02,9.45050342e-03,4.59063201e-05,3.98343079e-05,3.84527371e-06,1.19627626e-04,5.27063492e-06
1.640866,2.86832933e+01,-3.18775196e-02,7.26704295e-02,7.96360429e-03,2.32012411e-04,3.11994668e-04,-6.12712205e-06,1.19488043e-04,4.72121162e-06
1.642507,2.86176586e+01,-3.45411181e-02,4.37078879e-02,-9.26576680e-04,1.96165701e-04,3.18289506e-05,-8.68738988e-05,1.19343591e-04,4.32036985e-06
1.644148,2.85441386e+01,-1.87778310e-02,6.52757818e-02,1.48188046e-02,1.69205288e-04,2.73692983e-05,6.37998259e-05,1.19187023e-04,3.98057310e-06
1.645789,2.84627233e+01,-3.28521154e-02,5.45551599e-02,9.75313971e-03,4.25962508e-05,-4.98162774e-05,9.52940352e-06,1.19024377e-04,3.64996544e-06
1.647430,2.83733975e+01,-1.52612971e-02,7.32767435e-02,2.76110315e-03,2.30105904e-04,1.98018900e-04,-5.32611913e-05,1.18867975e-04,3.34544868e-06
1.649070,2.82762363e+01,-2.71972888e-02,6.19656598e-02,1.01970064e-02,6.43008037e-05,4.41259212e-05,1.80136725e-05,1.18663897e-04,3.06028538e-06
1.650711,2.81712724e+01,-2.16964042e-02,6.62777381e-02,1.07785458e-02,8.33233077e-05,4.41567756e-05,1.85746025e-05,1.18418635e-04,2.56429690e-06
1.652352,2.80585897e+01,-2.36341821e-02,6.42187002e-02,4.78958885e-03,-4.25246017e-06,-4.75165721e-05,-4.83812994e-05,1.18190621e-04,2.35113502e-06
1.653993,2.79382036e+01,-1.99419723e-02,5.65579147e-02,1.45253351e-02,-1.83198654e-05,-1.62892818e-04,5.77062671e-05,1.17968071e-04,2.08588206e-06
1.655634,2.78101351e+01,-1.13752554e-02,7.25539219e-02,3.09019557e-03,4.90408859e-05,-1.44070028e-05,-5.89803526e-05,1.17713995e-04,1.86939643e-06
1.657275,2.76744729e+01,-1.51983173e-02,6.66976195e-02,3.91584402e-03,2.71015167e-05,-3.33980921e-05,-4.74983733e-05,1.17411896e-04,1.57749149e-06
1.658916,2.75313155e+01,-1.90426527e-02,6.74876760e-02,7.06543312e-03,-1.35488398e-04,-1.64714645e-04,-1.90913332e-05,1.17090586e-04,1.32452076e-06
1.660557,2.73807190e+01,6.85920477e-04,7.73926301e-02,9.23135032e-03,1.95115952e-05,-1.00976346e-04,7.79322310e-06,1.16787862e-04,1.17943115e-06
1.662197,2.72227544e+01,-8.85597605e-03,6.62364909e-02,9.68195969e-03,-1.34564642e-05,-1.11643365e-04,1.51224148e-05,1.16493874e-04,1.08222866e-06
1.663838,2.70575174e+01,-1.14978780e-02,7.44776322e-02,5.33490814e-03,-3.60217199e-05,-5.05411236e-06,-2.75727768e-05,1.16120762e-04,9.64941874e-07
1.665479,2.68851800e+01,-3.68974893e-03,7.21782006e-02,5.18005721e-03,2.33097368e-05,-4.82244780e-05,-3.18574954e-05,1.15793758e-04,1.05647574e-06
1.667120,2.67058442e+01,3.34897476e-03,8.45041867e-02,7.37723034e-03,-4.38789805e-05,-7.79935240e-05,-1.67858774e-05,1.15430681e-04,1.15221241e-06
1.668761,2.65195958e+01,-1.83037499e-03,8.07070260e-02,7.30932932e-03,-2.13925193e-05,-3.33977931e-05,-8.56499837e-06,1.15092627e-04,1.34162405e-06
1.670402,2.63265391e+01,2.65717471e-03,7.63586451e-02,9.71876779e-03,-5.82072872e-05,-1.49631714e-04,1.82584189e-05,1.14707533e-04,1.41399344e-06
1.672043,2.61267976e+01,1.83815014e-02,9.64500397e-02,9.98909549e-03,9.73453074e-05,6.99655380e-05,1.89113448e-05,1.14294422e-04,1.59476789e-06
1.673683,2.59205757e+01,1.58909449e-02,9.98382441e-02,6.04768791e-03,3.89287121e-05,7.79134944e-05,-2.30971721e-05,1.13912318e-04,1.80466562e-06
1.675324,2.57079881e+01,1.83065705e-02,8.78265654e-02,1.18049915e-02,9.02759034e-05,1.91232344e-06,3.55436278e-05,1.13549463e-04,2.01679775e-06
1.676965,2.54891216e+01,2.62428339e-02,9.00282951e-02,5.30750210e-03,9.46114969e-05,-4.42263723e-05,-2.91585545e-05,1.13101197e-04,2.23455281e-06
1.678606,2.52641205e+01,2.17782710e-02,9.61378458e-02,9.69198006e-03,3.76828961e-05,3.48328060e-05,1.47300231e-05,1.12662112e-04,2.32761792e-06
1.680247,2.50331775e+01,1.70229758e-02,8.53442150e-02,1.17987535e-02,1.08400027e-05,-5.17573644e-05,3.48409707e-05,1.12246790e-04,2.66021127e-06
1.681888,2.47964430e+01,1.82697045e-02,9.29478089e-02,7.50488409e-03,4.47094777e-05,3.76732210e-05,-9.00629105e-06,1.11781730e-04,2.85926622e-06
1.683529,2.45541175e+01,3.00933381e-02,1.00016285e-01,5.25326760e-03,1.86870770e-04,1.54437753e-04,-2.70739202e-05,1.11345092e-04,2.97982564e-06
1.685169,2.43064124e+01,2.65559750e-02,1.03957922e-01,9.94055321e-03,6.46495268e-05,1.08916183e-04,2.31263410e-05,1.10890113e-04,3.21365651e-06
1.686810,2.40534412e+01,2.19076487e-02,9.87037909e-02,8.38996958e-03,1.60373463e-05,5.25118414e-05,6.24199642e-06,1.10443752e-04,3.40305326e-06
1.688451,2.37953397e+01,2.17764750e-02,9.57478628e-02,9.88667005e-03,-4.33473236e-05,-3.22434577e-05,2.29290942e-05,1.09960886e-04,3.57374652e-06
1.690092,2.35323149e+01,3.16879213e-02,1.06596634e-01,8.60406775e-03,6.85757209e-05,9.57187355e-05,1.77113940e-05,1.09508287e-04,3.77433714e-06
1.691733,2.32645917e+01,3.25704453e-02,1.03463588e-01,5.64789927e-03,-3.74446959e-05,-5.32658358e-05,-1.64093794e-05,1.09023969e-04,3.97932074e-06
1.693374,2.29923104e+01,2.88400521e-02,9.39656223e-02,1.01767322e-02,-3.27879441e-05,-9.75536826e-05,3.05453854e-05,1.08551661e-04,4.11029094e-06
1.695015,2.27156307e+01,3.86871570e-02,1.10410531e-01,6.15907769e-03,1.01496460e-04,1.05845948e-04,-7.32984485e-06,1.08089523e-04,4.31478067e-06
1.696656,2.24348272e+01,3.32247175e-02,1.02277673e-01,1.47411022e-02,6.12758199e-06,-1.42142548e-05,7.54680668e-05,1.07599839e-04,4.47842367e-06
1.698296,2.21501048e+01,3.73763776e-02,1.11421236e-01,8.06343040e-03,7.41670829e-05,1.03615374e-04,1.20207975e-05,1.07103729e-04,4.65524294e-06
1.699937,2.18617251e+01,2.96855068e-02,9.64307161e-02,5.56616850e-03,1.59207045e-05,-2.30380501e-05,-9.23220071e-06,1.06646994e-04,4.79618171e-06
1.701578,2.15698803e+01,4.38625244e-02,1.07464628e-01,2.44021589e-03,8.71375444e-05,2.85011367e-05,-4.21905680e-05,1.06138276e-04,4.99821187e-06
1.703219,2.12748407e+01,4.40436245e-02,1.06058023e-01,2.05856740e-03,6.62942104e-05,4.62830802e-06,-3.99658308e-05,1.05671585e-04,5.13857112e-06
1.704860,2.09768451e+01,4.13327202e-02,1.09778501e-01,9.50007190e-03,1.85708764e-05,2.22525060e-05,3.74066926e-05,1.05210288e-04,5.30475211e-06
1.706501,2.06760656e+01,4.55458255e-02,1.18282247e-01,9.07212313e-03,1.36484357e-04,1.73219300e-04,2.99245061e-05,1.04733164e-04,5.46391541e-06
1.708142,2.03728096e+01,4.33495591e-02,1.05568538e-01,1.36146891e-03,4.94021397e-05,-6.94241224e-06,-4.92686119e-05,1.04264901e-04,5.61817051e-06
1.709782,2.00673116e+01,5.05567392e-02,1.13458307e-01,1.20876513e-03,9.60813771e-05,5.02374250e-05,-4.58031553e-05,1.03774563e-04,5.77804585e-06
1.711423,1.97598352e+01,5.05000830e-02,1.19173240e-01,8.79284182e-03,1.37514414e-04,1.35750001e-04,2.90584919e-05,1.03311926e-04,5.96442128e-06
1.713064,1.94506929e+01,3.53606656e-02,1.13056881e-01,1.70568238e-04,-7.24317050e-05,1.99100867e-05,-6.00535542e-05,1.02840087e-04,6.09981250e-06
1.714705,1.91401047e+01,5.21160045e-02,1.13122314e-01,3.30240289e-03,6.72985967e-05,2.00026360e-07,-2.18037140e-05,1.02399182e-04,6.22001893e-06
1.716346,1.88283190e+01,4.68974243e-02,1.17744068e-01,4.19868737e-03,6.30445785e-05,8.24227218e-05,-1.29911954e-05,1.01954116e-04,6.37787229e-06
1.717987,1.85156508e+01,3.50438109e-02,1.01516595e-01,6.84862163e-04,8.36367123e-07,-3.85017412e-05,-4.90924710e-05,1.01515446e-04,6.51927681e-06
1.719628,1.82023574e+01,4.84826122e-02,1.18778480e-01,4.69325031e-03,1.68720353e-04,1.53317411e-04,-6.97840041e-06,1.01056457e-04,6.68577139e-06
1.721269,1.78888924e+01,6.33469004e-02,1.27191844e-01,3.80328481e-03,3.33466630e-04,2.48354769e-04,-1.49200711e-05,1.00642115e-04,6.81214074e-06
1.722909,1.75756118e+01,5.53513184e-02,1.23197478e-01,1.86358173e-03,1.42493773e-04,1.29679672e-04,-3.22099723e-05,1.00225352e-04,6.88801587e-06
1.724550,1.72627417e+01,4.35627070e-02,1.09605747e-01,2.25786919e-03,1.51239607e-04,8.46936495e-05,-2.37534164e-05,9.98033735e-05,6.99690137e-06
1.726191,1.69505912e+01,5.61463833e-02,1.21135411e-01,2.32384444e-03,2.76471685e-04,1.92546342e-04,-2.85515115e-05,9.94133374e-05,7.16796800e-06
1.727832,1.66395133e+01,5.15540950e-02,1.14898474e-01,5.71572007e-05,2.79618385e-04,1.61196171e-04,-4.82304777e-05,9.89795350e-05,7.33482781e-06
1.729473,1.63299222e+01,5.50981605e-02,1.11548810e-01,3.36555407e-03,2.91472172e-04,1.16678144e-04,-1.41441396e-05,9.86039944e-05,7.39230384e-06
1.731114,1.60221020e+01,5.02099227e-02,1.14087054e-01,2.51099157e-03,9.76032035e-05,4.72029710e-05,-2.02926690e-05,9.82272169e-05,7.51336566e-06
1.732755,1.57162592e+01,5.40299039e-02,1.22133871e-01,3.97904966e-03,1.64768557e-04,1.40843759e-04,-2.35676817e-06,9.78413100e-05,7.60165131e-06
1.734395,1.54127302e+01,6.11816198e-02,1.20005380e-01,6.73449153e-04,1.46682068e-04,6.60837662e-05,-3.40167964e-05,9.74953148e-05,7.68695973e-06
1.736036,1.51118168e+01,3.34799310e-02,1.05645034e-01,4.84600233e-03,-2.02141802e-04,-1.14126898e-04,8.99190899e-06,9.71608190e-05,7.75294721e-06
1.737677,1.48136562e+01,6.10128772e-02,1.21834621e-01,-1.28970028e-03,1.00530502e-04,5.84008751e-05,-4.99734379e-05,9.67915881e-05,7.89485058e-06
1.739318,1.45187682e+01,5.86174972e-02,1.18718959e-01,1.79487409e-03,2.02976063e-04,9.43448113e-05,-1.48953237e-05,9.64699030e-05,7.94242556e-06
1.740959,1.42276501e+01,4.74398340e-02,1.12700898e-01,1.41013130e-03,7.85004312e-05,3.02023175e-05,-1.34802945e-05,9.61313586e-05,8.02983572e-06
1.742600,1.39406992e+01,5.99069806e-02,1.17873548e-01,-1.56783911e-03,1.17141858e-04,4.04059000e-05,-4.32888803e-05,9.58121321e-05,8.13050075e-06
1.744241,1.36582368e+01,4.96242401e-02,1.13115061e-01,3.87501533e-03,-8.27691173e-05,-4.70378898e-05,1.04374899e-05,9.55427875e-05,8.14136693e-06
1.745882,1.33803765e+01,5.93537117e-02,1.15940601e-01,4.83457662e-03,8.50555607e-05,1.44704313e-05,2.06368906e-05,9.52383443e-05,8.23666802e-06
1.747522,1.31075316e+01,5.12920218e-02,1.11562682e-01,8.23484863e-04,-2.14626108e-05,-3.87798559e-05,-2.20795274e-05,9.49693246e-05,8.28825307e-06
1.749163,1.28400424e+01,4.61257171e-02,1.11827907e-01,1.39224824e-03,-1.61363382e-04,-6.73335864e-05,-9.38172487e-06,9.46981833e-05,8.32279189e-06
1.750804,1.25782517e+01,3.82727743e-02,1.08105520e-01,5.44457716e-04,-1.64314627e-04,-7.35456296e-05,-2.02382989e-05,9.44530300e-05,8.37169489e-06
1.752445,1.23225187e+01,3.41732548e-02,1.04628909e-01,6.21331753e-03,-1.53200722e-04,-8.41189872e-05,3.26110003e-05,9.41988416e-05,8.35152083e-06
1.754086,1.20732356e+01,5.62436474e-02,1.12272317e-01,1.88146880e-03,4.57137913e-05,-1.14028466e-05,-8.68258300e-06,9.39625211e-05,8.39290882e-06
1.755727,1.18308768e+01,4.89671881e-02,1.10469254e-01,2.52449227e-03,5.08917686e-06,-1.48949737e-05,8.26500312e-07,9.37564991e-05,8.41166202e-06
1.757368,1.15957956e+01,5.86052114e-02,1.10563968e-01,1.97748750e-05,1.19819225e-04,-6.86574929e-06,-2.20311459e-05,9.35174321e-05,8.38219674e-06
1.759008,1.13684527e+01,5.17881343e-02,1.07381716e-01,1.00020464e-03,2.15503972e-05,-3.95253025e-05,-1.04653142e-05,9.33240536e-05,8.38605009e-06
1.760649,1.11490452e+01,5.03056956e-02,1.06101616e-01,1.76862705e-03,-2.61227506e-05,-5.17986597e-05,-1.95228482e-06,9.31303116e-05,8.37519850e-06
1.762290,1.09378119e+01,4.02182188e-02,1.03355174e-01,-3.33149980e-04,-1.81235356e-04,-8.09721309e-05,-1.59042193e-05,9.29594972e-05,8.40790464e-06
1.763931,1.07348971e+01,5.47236982e-02,1.05272935e-01,8.46274846e-04,-8.19732069e-05,-6.09145786e-05,-2.19749294e-07,9.27822987e-05,8.33985757e-06
1.765572,1.05406697e+01,4.75234097e-02,1.04712094e-01,4.49295750e-04,-1.28786932e-04,-5.78107589e-05,-3.44779734e-06,9.26095359e-05,8.26814379e-06
1.767213,1.03553602e+01,6.03017607e-02,1.04420062e-01,-5.96563450e-04,6.56401147e-06,-4.96236561e-05,-1.23919048e-05,9.24841338e-05,8.28978592e-06
1.768854,1.01791828e+01,5.79647795e-02,1.03061696e-01,1.15385114e-04,-3.45834310e-05,-5.33833527e-05,-2.89490642e-06,9.23219570e-05,8.08881492e-06
1.770495,1.00124968e+01,5.52748440e-02,1.01469844e-01,-9.52722490e-04,2.25134348e-05,-5.42081357e-05,-1.36823261e-05,9.22030343e-05,8.07687364e-06
1.772135,9.85544979e+00,4.67450713e-02,1.02323550e-01,1.01333603e-03,-4.55149676e-05,-3.16511359e-05,8.44444959e-06,9.20913138e-05,8.05444445e-06
1.773776,9.70814719e+00,4.82417474e-02,9.85076803e-02,-8.46677548e-04,-2.09641500e-05,-6.22234107e-05,-1.08620575e-05,9.19629504e-05,7.85518306e-06
1.775417,9.57073649e+00,5.02397590e-02,9.65290143e-02,-2.32866352e-03,6.86286549e-05,-7.17703448e-05,-2.71370488e-05,9.18705197e-05,7.81207578e-06
1.777058,9.44322662e+00,3.94819207e-02,9.72560983e-02,1.05901769e-03,-1.46655895e-05,-5.55529937e-05,5.29712387e-06,9.17678703e-05,7.56327446e-06
1.778699,9.32562598e+00,5.62033183e-02,9.45533683e-02,4.68725007e-04,1.56993651e-04,-7.21244547e-05,-2.03900735e-06,9.16823887e-05,7.53225917e-06
1.780340,9.21790952e+00,4.90126043e-02,9.34472218e-02,-1.37512890e-03,1.79877400e-04,-8.60624662e-05,-2.02982976e-05,9.16072112e-05,7.30955418e-06
1.781981,9.12013824e+00,4.44399419e-02,9.15939663e-02,-9.13544323e-04,2.87955243e-05,-7.79279631e-05,-1.08935824e-05,9.15366004e-05,7.31710329e-06
1.783621,9.03207380e+00,6.09698834e-02,8.68845435e-02,-1.62133881e-03,2.16196357e-04,-1.19791729e-04,-1.80597919e-05,9.14805262e-05,7.24966960e-06
1.785262,8.95350021e+00,6.14086835e-02,8.67831117e-02,-1.91408062e-03,1.75899525e-04,-9.70704453e-05,-1.58647985e-05,9.14333779e-05,7.26584965e-06
1.786903,8.88413131e+00,5.14474694e-02,8.71661097e-02,-2.18741265e-03,5.53248516e-05,-8.22342709e-05,-1.58641574e-05,9.13676456e-05,6.98187193e-06
1.788544,8.82369081e+00,3.75653985e-02,8.87408897e-02,-5.26117017e-04,-4.91499250e-05,-6.20186381e-05,1.00449275e-06,9.13347976e-05,7.04548413e-06
1.790185,8.77169303e+00,4.42603500e-02,8.49418575e-02,4.04936276e-04,3.66465294e-05,-9.29515268e-05,8.87000942e-06,9.13091253e-05,7.07789290e-06
1.791826,8.72775808e+00,5.50993369e-02,8.13437126e-02,-2.17866906e-03,1.42900422e-04,-1.21470164e-04,-1.57855868e-05,9.12693179e-05,6.69272047e-06
1.793467,8.69163497e+00,3.86049257e-02,8.50663205e-02,-1.97077279e-03,2.27779134e-05,-8.72739840e-05,-1.28800219e-05,9.12444283e-05,6.60703654e-06
1.795108,8.66285666e+00,4.89220992e-02,7.93522229e-02,-3.04201650e-03,1.20911176e-04,-1.32929941e-04,-2.01611312e-05,9.12185551e-05,6.22640927e-06
1.796748,8.64108802e+00,4.68889110e-02,7.83321433e-02,-2.46321996e-03,-1.01739638e-04,-2.69647719e-05,-8.51507360e-06,9.12047816e-05,6.32848748e-06
1.798389,8.62567605e+00,4.33866920e-02,7.60626639e-02,-2.46315134e-03,-6.48555515e-05,-6.82512520e-05,-8.55565564e-06,9.12030758e-05,6.45212946e-06
1.800030,8.61605005e+00,4.32487570e-02,7.52079212e-02,-3.11001785e-03,-9.28904920e-05,-4.45837592e-05,-1.23079912e-05,9.11943896e-05,6.20172935e-06
1.801671,8.61174746e+00,4.31737529e-02,7.71866732e-02,-1.73507255e-03,-1.09500021e-04,2.24434451e-06,2.07121680e-06,9.11909476e-05,5.96310809e-06
1.803312,8.61225483e+00,4.95694727e-02,6.68859103e-02,-2.41072533e-03,-3.83611866e-05,-8.80744425e-05,-4.91469490e-06,9.11940886e-05,5.96043352e-06
1.804953,8.61712564e+00,4.81037371e-02,7.06002482e-02,-4.06452373e-03,-5.84716435e-05,-3.20602559e-05,-1.85640992e-05,9.11827275e-05,5.36335274e-06
1.806594,8.62596648e+00,4.51240131e-02,6.85711830e-02,-2.22580575e-03,-1.92230987e-05,-9.15657915e-05,-2.55603729e-06,9.12001065e-05,5.32944766e-06
1.808234,8.63823342e+00,4.31505175e-02,6.58182272e-02,-7.17165932e-04,-6.96132436e-05,-7.18376785e-05,1.22483867e-05,9.12154863e-05,5.22993343e-06
1.809875,8.65341404e+00,4.89429392e-02,6.31650736e-02,-1.03902289e-03,-3.49938361e-07,-9.11585088e-05,9.74881929e-06,9.12129310e-05,4.61441983e-06
1.811516,8.67109552e+00,4.84475591e-02,6.32794572e-02,-1.89066057e-03,-8.84888428e-05,6.05790869e-06,6.08900910e-06,9.12360746e-05,4.58038939e-06
1.813157,8.69067674e+00,3.95755724e-02,6.83555737e-02,-1.85353170e-03,-1.76042655e-04,7.87464587e-05,5.28298949e-06,9.12448623e-05,4.27889812e-06
1.814798,8.71161942e+00,4.72438270e-02,5.67298699e-02,-3.35866994e-03,-1.77880294e-04,6.34198016e-05,-5.64334928e-06,9.12624754e-05,4.00433504e-06
1.816439,8.73343190e+00,4.54972944e-02,5.86313207e-02,-2.32285241e-03,-1.64590884e-04,7.38741335e-05,4.48741117e-06,9.12667460e-05,3.57241984e-06
1.818080,8.75567913e+00,4.47669087e-02,5.66199977e-02,-1.80186589e-03,-2.11678847e-04,1.24936667e-04,1.03323125e-05,9.12918612e-05,3.27653914e-06
1.819721,8.77789574e+00,5.78840846e-02,3.96266350e-02,-3.15276988e-03,-1.61621471e-05,-9.49802347e-05,-3.95792801e-06,9.12935862e-05,2.77943536e-06
1.821361,8.79972446e+00,5.69279497e-02,3.51931750e-02,-4.51588717e-03,-5.73056127e-05,-7.17289017e-05,-1.32798379e-05,9.13071668e-05,2.46056533e-06
1.823002,8.82072534e+00,5.19346560e-02,4.28793690e-02,-4.05260989e-03,-3.86700817e-05,-5.38360468e-05,-8.85948421e-06,9.13341212e-05,2.10847599e-06
1.824643,8.84046123e+00,4.43896316e-02,5.28238145e-02,-1.64639012e-03,-4.32807298e-05,-2.28336311e-05,1.38113365e-05,9.13521509e-05,1.80954585e-06
1.826284,8.85852866e+00,5.22420360e-02,3.90988213e-02,-1.39290033e-03,-4.27983481e-05,-3.20762626e-05,1.45016873e-05,9.13577762e-05,1.39600090e-06
1.827925,8.87454124e+00,5.05727841e-02,3.92632905e-02,-2.71932840e-03,-4.84109301e-05,-1.94234325e-05,-4.30742337e-07,9.13627607e-05,1.14477053e-06
1.829566,8.88807982e+00,4.73070722e-02,4.03191584e-02,-3.16440976e-03,-4.32013524e-05,-4.84461840e-05,-5.74905674e-06,9.13873028e-05,9.37241859e-07
1.831207,8.89876485e+00,5.58056767e-02,2.27717878e-02,-7.03794768e-04,3.58380013e-05,-1.92416356e-04,1.81808464e-05,9.13814560e-05,7.75402758e-07
1.832847,8.90625955e+00,4.20229604e-02,4.85775627e-02,3.65447163e-04,-1.14682788e-04,1.11858326e-04,2.59882297e-05,9.13913114e-05,8.33300973e-07
1.834488,8.91018121e+00,5.21595700e-02,2.38004170e-02,-4.18469102e-03,-3.22794229e-05,-7.73270743e-05,-2.04878921e-05,9.13991915e-05,1.00352706e-06
1.836129,8.91019318e+00,5.35367861e-02,2.02669709e-02,-2.43728091e-03,-4.06355453e-05,-4.14431897e-05,1.14430182e-06,9.14043313e-05,1.24751089e-06
1.837770,8.90597351e+00,4.41035794e-02,3.83208700e-02,-7.33023975e-04,-6.91127542e-05,4.14059545e-05,1.31928616e-05,9.13988261e-05,1.48424398e-06
1.839411,8.89725094e+00,5.92944641e-02,8.29734743e-03,-3.22764379e-03,7.20728754e-05,-2.28400177e-04,-9.83490098e-06,9.13840854e-05,1.77241483e-06
1.841052,8.88381219e+00,5.39104937e-02,1.64334545e-02,-1.90832380e-03,-4.80660412e-05,1.68744248e-05,4.19604074e-06,9.13817736e-05,2.09296604e-06
1.842693,8.86539609e+00,5.33516234e-02,2.00273103e-02,-3.60972213e-03,-3.14293887e-05,2.06675485e-05,-1.02534025e-05,9.13746924e-05,2.44980558e-06
1.844334,8.84179798e+00,5.42601315e-02,1.74267140e-02,-1.06256238e-03,3.91796710e-06,-4.30258380e-05,1.49701410e-05,9.13494583e-05,2.73543371e-06
1.845974,8.81290971e+00,6.04044217e-02,3.92619190e-04,-2.33443846e-03,8.23968881e-05,-2.35209358e-04,4.52552023e-06,9.13263536e-05,3.08305421e-06
1.847615,8.77868053e+00,5.51582655e-02,9.58972104e-03,-1.04447789e-03,-1.10639154e-05,-2.15092865e-05,1.68041427e-05,9.13073646e-05,3.52954911e-06
1.849256,8.73901035e+00,5.92828889e-02,2.87963385e-03,-2.56819120e-03,-1.76586831e-05,5.40908301e-05,-1.14930076e-07,9.12748246e-05,3.96742366e-06
1.850897,8.69385128e+00,5.39608094e-02,1.51869523e-02,-3.52870816e-03,-8.68676118e-05,2.53538938e-04,-1.13384616e-05,9.12534159e-05,4.48067401e-06
1.852538,8.64315422e+00,6.34131486e-02,-2.13937179e-02,-1.74174205e-03,4.54514998e-05,-2.17076403e-04,5.85320852e-06,9.12089989e-05,4.92622533e-06
1.854179,8.58713250e+00,5.67783807e-02,8.40869111e-03,-3.04398970e-03,-1.52585905e-05,6.86348754e-05,-5.95981978e-06,9.11741568e-05,5.41989755e-06
1.855820,8.52593010e+00,6.78444434e-02,-2.07448235e-02,-8.46915313e-04,7.35555833e-05,-1.58666424e-04,1.79742128e-05,9.11184468e-05,5.87068453e-06
1.857460,8.45984993e+00,6.25136214e-02,-4.92799066e-03,-2.91874722e-03,3.26902153e-05,-7.36606237e-05,-3.72365676e-06,9.10988554e-05,6.59834425e-06
1.859101,8.38907366e+00,6.38326231e-02,-1.76636906e-02,-1.43163940e-03,3.45134376e-05,-1.72098534e-04,9.45737891e-06,9.10476690e-05,7.10990014e-06
1.860742,8.31399853e+00,6.78859041e-02,-1.47666355e-02,-1.92273944e-03,4.60564694e-05,-2.29845238e-05,4.82807142e-06,9.09901253e-05,7.65529566e-06
1.862383,8.23497740e+00,6.53255866e-02,-2.00878150e-02,-2.31666224e-03,1.45717183e-05,-6.54676577e-05,4.16386833e-07,9.09358197e-05,8.27469451e-06
1.864024,8.15240315e+00,6.95108502e-02,-1.42263526e-02,9.97830362e-04,3.95309047e-05,6.56984067e-05,2.78418191e-05,9.08975138e-05,9.02667129e-06
1.865665,8.06672876e+00,6.89589851e-02,-1.71715862e-02,-2.67867155e-03,3.86633005e-05,-2.45533198e-05,-4.97498062e-06,9.08378825e-05,9.54132660e-06
1.867306,7.97861886e+00,7.21279631e-02,-2.90721741e-02,-2.43595993e-03,7.03154614e-05,-2.06599942e-04,-2.25586890e-06,9.07870342e-05,1.02565146e-05
1.868946,7.88879723e+00,7.35049228e-02,-3.19354711e-02,-2.82792384e-03,6.29536043e-05,-1.65051722e-04,-7.30511737e-06,9.07351336e-05,1.09988112e-05
1.870587,7.79804392e+00,7.44217506e-02,-2.45179824e-02,-3.44529728e-04,6.05706794e-05,-1.07058187e-04,1.65238543e-05,9.06722746e-05,1.15487472e-05
1.872228,7.70715671e+00,7.54104373e-02,-2.81948774e-02,-2.05137924e-03,5.85736405e-05,-1.90845280e-04,-9.00257596e-07,9.06099438e-05,1.19936189e-05
1.873869,7.61711891e+00,7.74464513e-02,-1.53902969e-02,-1.08014444e-03,6.43877464e-05,-6.99612886e-05,6.89682271e-06,9.05610013e-05,1.27266326e-05
1.875510,7.52877301e+00,7.95642793e-02,-3.34197541e-02,-3.87061465e-03,7.38855475e-05,-8.26647125e-05,-2.01980873e-05,9.05110247e-05,1.34997413e-05
1.877151,7.44293420e+00,8.12493758e-02,-2.30777860e-02,-2.05931028e-03,6.90767215e-05,-9.11810468e-05,1.56504650e-06,9.04669306e-05,1.42795661e-05
1.878792,7.36046649e+00,7.96012729e-02,-4.95927954e-02,-3.10888168e-03,4.15945998e-05,-2.40704784e-04,-7.79720757e-06,9.04101161e-05,1.48295946e-05
1.880433,7.28246538e+00,8.30202559e-02,-2.83328014e-02,-2.37058882e-03,7.00246619e-05,4.18684856e-05,-8.72322763e-07,9.03676448e-05,1.55642924e-05
1.882073,7.20959204e+00,8.16379057e-02,-4.02976456e-02,-1.83455746e-03,2.09748450e-05,-1.93199449e-04,4.51891684e-06,9.03305822e-05,1.62679001e-05
1.883714,7.14282738e+00,8.13587542e-02,-5.65894256e-02,-1.69169888e-03,-1.98730335e-06,-3.28939504e-04,5.21201676e-06,9.02841982e-05,1.65349042e-05
1.885355,7.08338170e+00,8.27869819e-02,-4.64452230e-02,-2.74380511e-03,4.35286076e-05,-3.67549294e-05,-7.51323914e-06,9.02515717e-05,1.71743173e-05
1.886996,7.03181037e+00,8.72079890e-02,-3.92711913e-02,-1.03850978e-03,5.30106941e-05,-5.19175605e-05,1.01271027e-05,9.02414588e-05,1.84505841e-05
1.888637,6.98860395e+00,8.37210171e-02,-4.91355427e-02,-4.27036778e-03,-2.55240761e-05,-2.26938760e-04,-1.95764456e-05,9.02064751e-05,1.79977383e-05
1.890278,6.95492935e+00,8.75262669e-02,-4.84751206e-02,-4.10175421e-03,-2.15011933e-05,-2.52314865e-04,-1.56720912e-05,9.01829258e-05,1.86671338e-05
1.891919,6.93133049e+00,8.80412799e-02,-4.40582896e-02,-4.58647567e-03,-3.79750850e-05,-2.05994634e-04,-1.78845816e-05,9.01723543e-05,1.90254718e-05
1.893559,6.91814762e+00,9.18607823e-02,-3.76088333e-02,-2.95010214e-03,-3.32645959e-05,-1.74040360e-04,-2.04568317e-07,9.01679474e-05,1.94036326e-05
1.895200,6.91558926e+00,8.85147541e-02,-4.42174928e-02,-3.40060747e-03,-1.08027695e-04,-2.76053020e-04,-3.72156677e-06,9.01673668e-05,1.95938098e-05
1.896841,6.92391075e+00,9.18050122e-02,-3.96951342e-02,-2.32171115e-03,8.36077614e-07,-7.30351655e-05,2.92512311e-06,9.01799874e-05,2.05447524e-05
1.898482,6.94273986e+00,8.74069818e-02,-4.83029881e-02,-9.01374376e-04,-6.13339984e-05,-1.63946846e-04,1.69949958e-05,9.01864022e-05,2.05356901e-05
1.900123,6.97197746e+00,8.40362231e-02,-5.35150183e-02,-1.12523733e-03,-4.53298434e-05,-1.15897348e-04,1.13594169e-05,9.01906552e-05,2.00055214e-05
1.901764,7.01150591e+00,8.51652982e-02,-5.41368936e-02,-1.78715478e-03,-2.64288201e-05,-9.44182071e-05,5.69057857e-06,9.02109745e-05,1.99331854e-05
1.903405,7.06086045e+00,9.33531947e-02,-4.71709128e-02,-1.66037236e-03,1.18859528e-04,5.76742604e-05,5.14248335e-06,9.02491610e-05,2.07296271e-05
1.905046,7.11922055e+00,8.86318419e-02,-4.96932858e-02,-1.74355639e-03,6.54807524e-05,3.26958382e-05,3.14547851e-06,9.02866073e-05,2.05293001e-05
1.906686,7.18600997e+00,9.00989223e-02,-5.00212204e-02,-1.56032544e-03,5.71322332e-05,1.12762779e-05,4.11264452e-06,9.03251780e-05,2.03831459e-05
1.908327,7.26064364e+00,8.18804805e-02,-5.63196410e-02,-2.82240970e-03,5.86374111e-05,3.77952920e-05,-1.07950463e-05,9.03534053e-05,1.94988021e-05
1.909968,7.34251446e+00,7.50584000e-02,-6.28888680e-02,-1.86443840e-03,-4.63434786e-05,-4.95057197e-05,1.77742829e-06,9.03961847e-05,1.88080653e-05
1.911609,7.43088361e+00,7.62915718e-02,-5.79716049e-02,-3.78472829e-04,3.46700184e-05,4.72645631e-05,1.32641110e-05,9.04529312e-05,1.84571440e-05
1.913250,7.52486571e+00,8.48170857e-02,-5.59736493e-02,-3.97836739e-03,2.19183046e-05,-8.90527666e-06,-1.90569369e-05,9.05158996e-05,1.78275657e-05
1.914891,7.62362731e+00,7.81077644e-02,-5.51640196e-02,-2.52074551e-03,1.24761213e-05,3.49249275e-05,-5.68628990e-06,9.05748366e-05,1.69448834e-05
1.916532,7.72638132e+00,6.71906255e-02,-6.52076011e-02,-1.19476701e-03,-1.40242238e-04,-8.22588370e-05,1.37096959e-05,9.06217421e-05,1.56135221e-05
1.918172,7.83242429e+00,6.99922497e-02,-6.27064743e-02,-2.96530692e-03,-7.12104965e-05,-3.14573124e-05,-3.75294955e-06,9.06877732e-05,1.47108870e-05
1.919813,7.94079139e+00,6.72760247e-02,-6.05143444e-02,-3.20981416e-03,3.30693735e-08,3.45548612e-05,-8.86837829e-06,9.07656266e-05,1.39979542e-05
1.921454,8.05049439e+00,7.32978092e-02,-5.86111204e-02,-1.83951096e-03,1.03427962e-04,7.06121661e-05,8.59800380e-07,9.08339400e-05,1.27922714e-05
1.923095,8.16063848e+00,7.19095573e-02,-6.23608902e-02,-1.14291703e-03,6.83992161e-05,2.34950490e-05,8.68601147e-06,9.08859165e-05,1.12896666e-05
1.924736,8.27039409e+00,7.67692777e-02,-5.78323625e-02,-3.12667455e-03,1.38571612e-05,2.28532042e-05,-1.06142418e-05,9.09729318e-05,1.02653827e-05
1.926377,8.37889962e+00,6.75462204e-02,-6.21524917e-02,-2.89297457e-03,-1.65789802e-04,-4.67299305e-05,-1.55244707e-06,9.10378647e-05,8.98740960e-06
1.928018,8.48532395e+00,5.65173905e-02,-6.62286950e-02,6.64416769e-04,-1.67298684e-04,-4.60847465e-05,3.03564803e-05,9.11188634e-05,7.92692085e-06
1.929659,8.58881749e+00,5.36502608e-02,-6.34914374e-02,-1.60663788e-03,-2.26521143e-04,-2.86020323e-05,9.02214740e-06,9.11797261e-05,6.82975190e-06
1.931299,8.68858546e+00,5.11993637e-02,-6.74819999e-02,-2.03872128e-03,-3.28408791e-04,-8.21744352e-05,8.11574270e-06,9.12509296e-05,5.77045450e-06
1.932940,8.78387342e+00,5.88584026e-02,-6.53598278e-02,-2.92388502e-03,-1.58603616e-05,2.23270298e-06,-7.24117407e-06,9.13057923e-05,4.76424973e-06
1.934581,8.87393798e+00,3.76519753e-02,-7.06817518e-02,-1.00850603e-03,-2.46737842e-04,-4.94572253e-05,1.29588984e-05,9.13598159e-05,3.82850480e-06
1.936222,8.95810987e+00,3.76589898e-02,-6.94403096e-02,-2.39752709e-03,-1.96916495e-04,-2.71527541e-05,-1.02758931e-06,9.14290878e-05,2.96675159e-06
1.937863,9.03575961e+00,5.25477380e-02,-6.60245519e-02,-1.04868152e-03,-8.16155564e-05,2.16068969e-06,1.46469630e-05,9.14806961e-05,2.06058802e-06
1.939504,9.10631115e+00,3.69074108e-02,-6.95702019e-02,-3.24938805e-03,-2.50598384e-04,-2.75133905e-05,-2.22899435e-06,9.15305153e-05,1.20571707e-06
1.941145,9.16928484e+00,3.53886509e-02,-6.84635287e-02,-6.97209998e-04,-3.59396130e-04,-1.76547137e-05,2.73296182e-05,9.15659507e-05,4.81650265e-07
1.942785,9.22428310e+00,4.32040889e-02,-6.94413346e-02,-3.51173889e-03,-2.63397533e-04,-1.68069033e-05,-1.11573749e-06,9.16140529e-05,7.61842001e-07
1.944426,9.27093093e+00,2.35294001e-02,-7.22567757e-02,-1.14189794e-04,-1.97475289e-04,-1.03830896e-05,2.20024446e-05,9.16562942e-05,1.74028238e-06
1.946067,9.30885611e+00,3.90853095e-03,-7.47458031e-02,-3.09845699e-04,-4.57105410e-04,-2.93733951e-05,2.71584716e-05,9.16841756e-05,2.59315562e-06
1.947708,9.33784242e+00,1.22378317e-02,-7.47677001e-02,2.26974079e-04,-4.94682042e-04,-2.17959295e-05,3.30612949e-05,9.16998769e-05,3.32680088e-06
1.949349,9.35778908e+00,7.11377305e-03,-7.36397415e-02,-1.63461866e-03,-4.34187069e-04,1.08704520e-05,1.42134016e-05,9.16920119e-05,3.98828527e-06
1.950990,9.36863194e+00,4.46028775e-03,-7.88516006e-02,-3.60450054e-03,-4.64891143e-04,-2.24324581e-05,-4.20844404e-06,9.17215004e-05,4.75764631e-06
1.952631,9.37027732e+00,-1.44391937e-02,-7.39924443e-02,-3.07898028e-03,-5.92848330e-04,4.46264976e-05,8.86961253e-07,9.17116805e-05,5.29499897e-06
1.954272,9.36280701e+00,-1.51802708e-02,-7.47529411e-02,-1.04253374e-03,-6.81300161e-04,6.08779120e-05,2.38482460e-05,9.17188596e-05,5.82062194e-06
1.955912,9.34638704e+00,-2.27614070e-02,-7.61676547e-02,-9.76484762e-04,-6.34079597e-04,6.35842306e-05,1.99435446e-05,9.16898924e-05,6.19041503e-06
1.957553,9.32123098e+00,-1.17993909e-02,-7.79588790e-02,-1.63437240e-04,-4.21449993e-04,5.31336517e-05,2.28555673e-05,9.16836152e-05,6.66067044e-06
1.959194,9.28741322e+00,-1.96681258e-02,-7.89385370e-02,1.42847708e-03,-3.38265282e-04,3.51691796e-05,2.84341826e-05,9.16569582e-05,7.00612696e-06
1.960835,9.24511164e+00,-3.76653891e-02,-7.66159916e-02,1.60681878e-03,-5.74667516e-04,8.68716331e-05,3.33343464e-05,9.16234311e-05,7.22106463e-06
1.962476,9.19473512e+00,-3.40034975e-02,-7.43383850e-02,-4.92111324e-03,-4.40975953e-04,1.10891432e-04,-3.33188361e-05,9.15887583e-05,7.47091058e-06
1.964117,9.13657835e+00,-4.05543805e-02,-7.52843692e-02,-8.36736026e-04,-3.35487309e-04,8.01098425e-05,4.23654028e-06,9.15584689e-05,7.77570877e-06
1.965758,9.07087815e+00,-4.79978009e-02,-7.52037868e-02,3.78913286e-04,-2.46795245e-04,5.05457261e-05,9.52914615e-06,9.15012019e-05,7.90654820e-06
1.967398,8.99796170e+00,-4.78589436e-02,-7.37451214e-02,-7.69818329e-04,-3.05711317e-04,9.52378592e-05,2.06872478e-06,9.14465030e-05,8.00345548e-06
1.969039,8.91828552e+00,-6.00266650e-02,-7.17767437e-02,5.51357223e-04,-4.13405364e-04,1.26662723e-04,1.66071535e-05,9.14059852e-05,8.14405831e-06
1.970680,8.83236912e+00,-6.96581707e-02,-6.70928817e-02,1.11349697e-03,-4.62642135e-04,1.82275089e-04,2.05278043e-05,9.13331573e-05,8.06337183e-06
1.972321,8.74079697e+00,-6.27215020e-02,-7.08701129e-02,1.88278643e-03,-2.40164221e-04,1.00152955e-04,2.16262592e-05,9.12771608e-05,8.10416740e-06
1.973962,8.64385828e+00,-5.39653776e-02,-7.40143731e-02,1.30629813e-03,-1.72908558e-05,1.29199674e-05,6.49617562e-06,9.12117608e-05,8.08350597e-06
1.975603,8.54182649e+00,-7.25557721e-02,-6.55120144e-02,1.17590622e-03,-1.91476336e-04,9.61816029e-05,6.97499287e-06,9.11377327e-05,7.99576532e-06
1.977244,8.43523804e+00,-8.10829738e-02,-6.07429449e-02,-6.59460865e-04,-1.56281767e-04,8.85751433e-05,-1.44737047e-05,9.10897502e-05,8.05718788e-06
1.978885,8.32451616e+00,-8.05713453e-02,-6.20521877e-02,2.17734644e-03,-1.64962481e-04,8.82968694e-05,1.36742246e-05,9.10051658e-05,7.86924601e-06
1.980525,8.21015979e+00,-7.75519571e-02,-5.89323528e-02,5.34221657e-04,-1.82615583e-04,1.45555659e-04,-4.33106956e-07,9.09326064e-05,7.67162893e-06
1.982166,8.09275048e+00,-8.29038004e-02,-5.95427749e-02,6.78848852e-05,-1.20875579e-04,8.11499447e-05,-9.67273069e-06,9.08513090e-05,7.49310097e-06
1.983807,7.97279750e+00,-8.69694118e-02,-5.15406778e-02,1.65922251e-03,-6.20237253e-05,9.53472366e-05,2.47517448e-06,9.07899082e-05,7.41866503e-06
1.985448,7.85065893e+00,-9.43621527e-02,-4.79632934e-02,2.90112349e-04,-1.53442339e-04,1.44838638e-04,-1.03629495e-05,9.07136248e-05,7.24298591e-06
1.987089,7.72692950e+00,-9.22326175e-02,-4.91883096e-02,1.23742019e-03,-9.91804320e-05,1.11890744e-04,-1.15229506e-06,9.06355079e-05,6.88677447e-06
1.988730,7.60210777e+00,-9.24928631e-02,-4.54126063e-02,8.94095540e-04,-4.64002001e-05,1.00990532e-04,-1.08788087e-05,9.05585495e-05,6.68789614e-06
1.990371,7.47654337e+00,-9.97921723e-02,-3.66630789e-02,2.89409556e-03,-1.37695522e-04,2.03032045e-04,1.25572328e-05,9.04903623e-05,6.49230322e-06
1.992011,7.35071916e+00,-1.11075645e-01,-2.56776562e-02,1.84143205e-03,-1.88610568e-04,2.53928253e-04,1.61716107e-06,9.04182571e-05,6.21813397e-06
1.993652,7.22515058e+00,-9.55512331e-02,-4.11945820e-02,8.72881920e-04,-7.71717145e-06,6.79800826e-05,-9.80569621e-06,9.03410481e-05,5.95276620e-06
1.995293,7.10018936e+00,-9.58044095e-02,-3.76193533e-02,-1.70667162e-04,1.53682699e-05,6.51629268e-05,-2.20570956e-05,9.02705775e-05,5.71145966e-06
1.996934,6.97617257e+00,-9.97425304e-02,-3.17353525e-02,3.36359938e-03,-3.36878112e-05,1.23929068e-04,1.34286850e-05,9.02132892e-05,5.48948603e-06
1.998575,6.85348283e+00,-8.92792372e-02,-4.10422993e-02,2.15517383e-03,8.17833111e-05,-4.15976733e-06,1.12174968e-06,9.01450886e-05,5.19580314e-06
2.000216,6.73249136e+00,-1.02928700e-01,-1.74066180e-02,4.96723344e-03,-6.99881346e-05,2.55099716e-04,2.86098970e-05,9.00779474e-05,4.93763844e-06
2.001857,6.61367738e+00,-1.03992262e-01,-1.23899322e-02,3.12730951e-03,-3.97473684e-05,2.21063542e-04,4.53823769e-06,9.00202201e-05,4.69124880e-06
2.003498,6.49735574e+00,-1.11097459e-01,6.41396213e-04,3.67768534e-03,-5.83744663e-05,2.61633473e-04,7.91763813e-06,8.99526596e-05,4.46195535e-06
2.005138,6.38390526e+00,-1.04219350e-01,-3.14515674e-03,2.32436525e-03,4.18430326e-05,1.36005782e-04,-1.02906418e-05,8.98975710e-05,4.25784706e-06
2.006779,6.27347040e+00,-1.03283231e-01,-2.03136433e-03,1.79160441e-03,5.22110176e-05,1.17322074e-04,-1.34481858e-05,8.98350833e-05,4.03838276e-06
2.008420,6.16633358e+00,-1.00737169e-01,-2.36275825e-03,2.85030454e-03,6.47750846e-05,9.59210699e-05,2.49964489e-07,8.97928287e-05,3.80619871e-06
2.010061,6.06271497e+00,-1.02099721e-01,3.36059102e-04,2.74238245e-03,3.90927230e-05,1.18690146e-04,1.47555543e-06,8.97466479e-05,3.66951685e-06
2.011702,5.96286786e+00,-9.86106281e-02,3.36061581e-03,4.31341149e-03,7.50271290e-05,1.04074602e-04,1.51706015e-05,8.96924191e-05,3.47616597e-06
2.013343,5.86701199e+00,-9.81433867e-02,3.71292756e-03,2.81847786e-03,1.01319172e-04,-8.13100326e-05,-4.55109742e-06,8.96518318e-05,3.39687405e-06
2.014984,5.77518930e+00,-9.89893633e-02,2.50545631e-02,2.79074317e-03,6.92471175e-05,1.85446465e-04,-2.99809891e-06,8.96113860e-05,3.35685945e-06
2.016624,5.68759237e+00,-9.72546414e-02,2.16235205e-02,2.97800833e-03,7.08301885e-05,1.43972174e-04,-1.57360275e-06,8.95685429e-05,3.23619187e-06
2.018265,5.60440927e+00,-9.54434577e-02,2.42667159e-02,2.45151277e-03,7.73892644e-05,1.90306096e-04,-5.11420479e-06,8.95378212e-05,3.28364698e-06
2.019906,5.52579098e+00,-9.24866919e-02,3.08237847e-02,3.90491531e-03,9.96103383e-05,3.64905126e-04,1.31950556e-05,8.95014078e-05,3.22615466e-06
2.021547,5.45194563e+00,-9.08815592e-02,2.90768246e-02,2.12499111e-03,1.16220900e-04,3.75352969e-04,-1.89152752e-06,8.94704858e-05,3.16554615e-06
2.023188,5.38303323e+00,-8.88493271e-02,2.16758635e-02,3.06145362e-03,1.26086670e-04,1.70986785e-04,4.51311542e-06,8.94334649e-05,3.07809050e-06
2.024829,5.31903004e+00,-8.51628550e-02,3.61209216e-02,4.00470028e-03,1.38832009e-04,2.04741247e-04,9.58823303e-06,8.94106054e-05,3.32003279e-06
2.026470,5.25977565e+00,-8.45451990e-02,3.32524966e-02,2.48609715e-03,1.11340631e-04,7.77586551e-05,-7.65373272e-06,8.93879921e-05,3.64669111e-06
2.028111,5.20510981e+00,-7.88966408e-02,5.05788613e-02,2.51888451e-03,1.77268036e-04,3.18114446e-04,-2.68408340e-06,8.93682906e-05,3.62667571e-06
2.029751,5.15514733e+00,-7.99643939e-02,3.76482931e-02,3.16827229e-03,1.48337806e-04,1.64424489e-04,2.75998647e-06,8.93518501e-05,3.89962058e-06
2.031392,5.10975012e+00,-7.97457122e-02,3.78894270e-02,2.41224425e-03,1.38045201e-04,1.48628153e-04,-7.07432941e-06,8.93285129e-05,3.95454622e-06
2.033033,5.06883727e+00,-7.55399373e-02,4.36209358e-02,2.67191190e-03,2.12408949e-04,2.93152158e-04,-9.10626705e-08,8.93139147e-05,3.89942389e-06
2.034674,5.03247110e+00,-7.58962388e-02,4.03160585e-02,3.13784067e-03,1.79556545e-04,1.88657859e-04,4.78918268e-06,8.92947671e-05,3.97127519e-06
2.036315,5.00054982e+00,-7.42901939e-02,4.20161403e-02,3.45862354e-03,1.56791754e-04,1.30884127e-04,6.86743833e-06,8.92815218e-05,4.07858406e-06
2.037956,4.97286519e+00,-6.78154655e-02,4.88927699e-02,3.80937224e-03,1.62792574e-04,1.09378348e-04,9.06695613e-06,8.92698900e-05,4.24496513e-06
2.039597,4.94916722e+00,-6.99374328e-02,4.40630276e-02,2.93922717e-03,1.15121459e-04,4.35506325e-05,1.95679096e-06,8.92682242e-05,4.70761465e-06
2.041237,4.92909765e+00,-6.77906990e-02,4.49171452e-02,1.74558929e-03,1.01712776e-05,-9.31167362e-05,-1.23981963e-05,8.92566971e-05,4.80020722e-06
2.042878,4.91239164e+00,-6.19116586e-02,5.08621928e-02,2.46898638e-03,6.51342921e-05,-2.09638508e-05,-3.59685257e-06,8.92480632e-05,4.79619780e-06
2.044519,4.89891998e+00,-5.29817814e-02,5.84673359e-02,3.86357157e-03,1.16374811e-04,2.55565126e-05,9.08560595e-06,8.92406123e-05,4.73929171e-06
2.046160,4.88848736e+00,-5.67796415e-02,5.43223294e-02,3.12729461e-03,-1.95802806e-05,-8.51341512e-05,-6.05052067e-07,8.92462515e-05,5.17445267e-06
2.047801,4.88076213e+00,-3.90917814e-02,6.77071490e-02,2.21817721e-03,1.86989606e-04,8.40082411e-05,-7.17939094e-06,8.92382795e-05,4.98778978e-06
2.049442,4.87575155e+00,-3.42029759e-02,7.01746167e-02,1.62290900e-03,1.84419684e-04,7.60839432e-05,-1.28345782e-05,8.92371914e-05,4.96799274e-06
2.051083,4.87328860e+00,-4.72144266e-02,5.74567155e-02,1.68247121e-03,9.93206079e-05,-6.47442261e-06,-8.78794399e-06,8.92351006e-05,5.02313793e-06
2.052724,4.87306682e+00,-2.84192593e-02,6.80675205e-02,1.92747886e-03,3.09389495e-04,1.25836831e-04,-5.32455380e-06,8.92430281e-05,5.02303051e-06
2.054364,4.87497062e+00,-4.00378736e-02,6.07006425e-02,2.66376931e-03,1.15716093e-04,1.03240185e-05,3.43644881e-06,8.92357115e-05,4.78076969e-06
2.056005,4.87884104e+00,-3.98469124e-02,5.87198024e-02,3.11090304e-03,6.49799952e-05,-3.34691134e-05,6.83968265e-06,8.92341886e-05,4.65136903e-06
2.057646,4.88436095e+00,-4.75962254e-02,5.51033647e-02,3.91701187e-03,-1.38494839e-04,-1.11648407e-04,1.29125279e-05,8.92469779e-05,5.06964714e-06
2.059287,4.89111567e+00,-4.50389832e-02,5.55227193e-02,2.73569096e-03,-1.69625545e-04,-1.18575890e-04,9.32734080e-07,8.92480189e-05,4.98379362e-06
2.060928,4.89894557e+00,-3.32590786e-02,6.03308579e-02,2.88584606e-03,-1.31723715e-04,-8.74606884e-05,2.65510880e-06,8.92480272e-05,4.81087458e-06
2.062569,4.90768393e+00,-2.74181491e-02,5.96874086e-02,3.93623801e-03,-1.56827695e-04,-1.06957173e-04,1.33011041e-05,8.92491833e-05,4.70209349e-06
2.064210,4.91715679e+00,-2.71521748e-02,5.93243973e-02,2.96920630e-03,-1.85857421e-04,-1.02731800e-04,2.53199193e-06,8.92477462e-05,4.45307115e-06
2.065850,4.92722579e+00,-2.21849004e-02,5.97687286e-02,1.44732423e-03,-4.85367061e-05,-5.88186798e-05,-1.17383563e-05,8.92621596e-05,4.51583518e-06
2.067491,4.93775160e+00,-1.69616168e-02,6.02104466e-02,1.86135949e-03,3.66645981e-05,-3.80522984e-05,-6.28564740e-06,8.92593096e-05,4.12502845e-06
2.069132,4.94870622e+00,1.84979865e-03,6.36900641e-02,2.58885985e-03,2.68941461e-04,9.37401364e-06,2.12839693e-06,8.92672510e-05,4.10652924e-06
2.070773,4.96005175e+00,-5.13708781e-03,5.99712754e-02,2.32912086e-03,2.21267874e-04,-2.15686406e-05,-5.66696103e-07,8.92687879e-05,3.71243235e-06
2.072414,4.97169345e+00,-1.52319400e-02,5.80852994e-02,1.03304094e-03,9.38808630e-05,-3.55907123e-05,-1.42577572e-05,8.92768223e-05,3.73304496e-06
2.074055,4.98340891e+00,-7.56792798e-03,5.74786221e-02,2.62036900e-03,1.21054918e-04,-4.07823745e-05,4.04348225e-06,8.92743715e-05,3.37714669e-06
2.075696,4.99512420e+00,-1.64135616e-02,5.61580795e-02,1.79409581e-03,2.16907776e-05,-4.63153849e-05,-4.97934648e-06,8.92788294e-05,3.26435258e-06
2.077336,5.00668774e+00,-8.89637512e-03,5.68007398e-02,1.17750859e-03,1.20285077e-04,-3.54222744e-05,-1.00566861e-05,8.92863554e-05,3.23617162e-06
2.078977,5.01801327e+00,4.88984942e-05,5.44638040e-02,2.15639050e-03,2.72863654e-04,-6.28367459e-05,-9.81186737e-07,8.92836138e-05,2.81697158e-06
2.080618,5.02913268e+00,-3.82612947e-03,5.40642676e-02,2.69856757e-03,2.36448855e-04,-6.88229135e-05,3.53199467e-06,8.92854954e-05,2.56554022e-06
2.082259,5.03998185e+00,8.74875980e-03,5.31762281e-02,1.29707091e-03,1.32302587e-04,-5.58154828e-05,-5.34631087e-06,8.92949602e-05,2.67833900e-06
2.083900,5.05036756e+00,-5.88616352e-03,5.31233414e-02,2.17244416e-03,1.26222212e-04,-6.73920122e-05,-3.34491767e-07,8.93036323e-05,2.67229589e-06
2.085541,5.06015110e+00,4.75530604e-03,5.19211197e-02,1.47895591e-03,2.27675052e-04,-7.44465434e-05,-8.38170921e-06,8.93092901e-05,2.48598889e-06
2.087182,5.06929628e+00,1.04165976e-02,4.96278913e-02,5.64079987e-04,2.11997677e-04,-8.22197987e-05,-1.47132831e-05,8.93131576e-05,2.38343601e-06
2.088823,5.07774316e+00,5.80901406e-03,4.94800915e-02,2.16726115e-03,5.33912914e-05,-5.61872539e-05,3.73187568e-06,8.93075404e-05,2.10811236e-06
2.090463,5.08542567e+00,2.43845050e-03,4.96385860e-02,1.74294007e-03,-5.37951466e-05,-2.87116456e-05,-1.01914957e-06,8.93112271e-05,2.03185014e-06
2.092104,5.09221249e+00,1.50271570e-02,4.46352006e-02,6.55478970e-04,-3.34973798e-05,-4.12452041e-05,-9.67380845e-06,8.93112039e-05,1.85005907e-06
2.093745,5.09803392e+00,1.77353830e-02,4.46706287e-02,2.95172995e-03,-1.27561603e-05,-2.71179423e-05,1.45316080e-05,8.93298777e-05,2.02495899e-06
2.095386,5.10278947e+00,2.08917861e-02,4.23478811e-02,2.33343811e-03,-8.86640955e-05,-7.14152932e-06,1.08643589e-05,8.93190289e-05,1.68741098e-06
2.097027,5.10645762e+00,1.73777868e-02,4.28517185e-02,1.24036176e-03,-5.15059623e-05,-1.53858553e-05,-2.06215890e-06,8.93321254e-05,1.75651687e-06
2.098668,5.10896654e+00,2.65670714e-02,3.66659994e-02,1.74091672e-04,3.61934168e-05,-6.72532883e-05,-1.25681135e-05,8.93210237e-05,1.38047198e-06
2.100309,5.11037937e+00,5.27845934e-03,4.49083107e-02,2.06323300e-03,-1.39392924e-04,1.29661679e-05,5.29890360e-06,8.93294979e-05,1.36537812e-06
2.101949,5.11060886e+00,2.27435455e-02,3.77774610e-02,1.95538588e-04,7.95685897e-06,-3.61663230e-05,-1.24812312e-05,8.93314971e-05,1.28743388e-06
2.103590,5.10965354e+00,3.46752376e-02,3.11498325e-02,2.60427667e-04,2.10159310e-04,-1.38744878e-04,-1.43193138e-05,8.93187238e-05,9.43331775e-07
2.105231,5.10760599e+00,2.01023522e-02,3.62874195e-02,1.01192137e-03,-6.01314378e-05,-1.40666919e-05,-2.29675035e-06,8.93206409e-05,9.05548481e-07
2.106872,5.10439638e+00,2.21500120e-02,3.37618992e-02,9.27178455e-04,1.49824249e-04,-1.40078273e-04,-1.00666380e-05,8.93269116e-05,9.26567350e-07
2.108513,5.10003644e+00,3.16700031e-02,2.87484118e-02,6.93403968e-04,1.31657965e-04,-1.18341515e-04,-7.11926127e-06,8.93227375e-05,7.88182850e-07
2.110154,5.09452973e+00,1.96755202e-02,3.66839242e-02,8.54618259e-04,-3.57807357e-05,-1.52424043e-06,-3.41199122e-06,8.93227721e-05,7.97141556e-07
2.111795,5.08781446e+00,2.71123406e-02,3.13730560e-02,7.20586375e-04,5.40228855e-05,-6.01990572e-05,-4.82383106e-06,8.93198906e-05,7.73662790e-07
2.113436,5.07991650e+00,2.94676707e-02,2.78378308e-02,7.05307316e-04,4.16208589e-05,-6.31469276e-05,-5.24778272e-06,8.93147640e-05,6.94138197e-07
2.115076,5.07085693e+00,3.52740309e-02,2.21133040e-02,2.99073894e-04,1.48452795e-04,-1.52889300e-04,-1.11150639e-05,8.93028506e-05,5.88812477e-07
2.116717,5.06067906e+00,3.62334281e-02,1.80045793e-02,1.84688818e-03,1.84358926e-04,-2.10853221e-04,2.91817351e-06,8.93090981e-05,7.15641427e-07
2.118358,5.04940441e+00,2.90743074e-02,2.53586273e-02,8.08184320e-06,1.33240357e-04,-1.50806311e-04,-1.53181539e-05,8.92961062e-05,6.00239094e-07
2.119999,5.03707664e+00,3.40927481e-02,2.06962859e-02,1.85047243e-04,1.75016036e-04,-1.88488450e-04,-1.23632574e-05,8.92950399e-05,6.71929361e-07
2.121640,5.02369770e+00,2.10474096e-02,3.28566250e-02,1.82659337e-03,5.99276879e-05,-7.46512688e-05,2.70466452e-06,8.92945498e-05,7.78151122e-07
2.123281,5.00926535e+00,2.70588389e-02,2.49261421e-02,1.65931499e-03,1.42031405e-04,-1.76042752e-04,-3.17229690e-07,8.92867552e-05,7.88277277e-07
2.124922,4.99385136e+00,2.22396752e-02,3.12042866e-02,6.80438659e-04,-1.32558226e-05,-8.53427112e-06,-4.10845903e-06,8.92753930e-05,8.60032802e-07
2.126562,4.97744735e+00,3.46552631e-02,1.64407894e-02,-4.15734412e-04,1.33391388e-04,-1.80590235e-04,-1.42811733e-05,8.92660675e-05,8.71204252e-07
2.128203,4.96009881e+00,2.78358072e-02,2.25033611e-02,-3.07046106e-04,3.38014595e-05,-7.99904047e-05,-1.13839621e-05,8.92700217e-05,1.02963784e-06
2.129844,4.94178265e+00,2.83847561e-02,2.45585943e-02,3.78974677e-04,1.36229179e-05,-2.76620525e-05,-3.35153921e-06,8.92642338e-05,1.13468028e-06
2.131485,4.92250764e+00,3.03534715e-02,2.08090611e-02,1.78295863e-03,7.68820261e-06,-3.20611796e-05,1.12871172e-05,8.92524669e-05,1.16959759e-06
2.133126,4.90229167e+00,3.81116671e-02,1.01416885e-02,3.79324134e-04,1.50912854e-05,-4.67497774e-05,6.01027449e-07,8.92471680e-05,1.31853479e-06
2.134767,4.88114400e+00,3.87770774e-02,8.44578825e-03,1.33178829e-03,-2.66405837e-06,-2.28438280e-05,1.13205944e-05,8.92414686e-05,1.41859915e-06
2.136408,4.85911367e+00,4.11730923e-02,2.09195201e-03,-2.21763014e-04,3.80523026e-05,-9.87754793e-05,-5.49945424e-06,8.92233992e-05,1.36408812e-06
2.138049,4.83631715e+00,2.73309617e-02,2.17531006e-02,1.74071905e-03,-1.60268799e-04,1.91973904e-04,1.95427185e-05,8.92161432e-05,1.49113827e-06
2.139689,4.81270815e+00,2.86953183e-02,1.82120456e-02,-6.27090881e-05,-1.84455375e-04,2.27626818e-04,6.04377121e-06,8.92095527e-05,1.60557035e-06
2.141330,4.78825288e+00,3.97154548e-02,1.89292654e-03,-3.54164448e-04,-5.85752404e-05,5.41944172e-05,3.47060450e-06,8.92010833e-05,1.72186704e-06
2.142971,4.76302491e+00,3.27262366e-02,1.35881197e-02,2.21349760e-04,-1.51847788e-04,2.25144845e-04,1.17166724e-05,8.91965028e-05,1.88465866e-06
2.144612,4.73705658e+00,2.33695975e-02,2.87212428e-02,1.14393969e-03,-1.98788089e-04,3.15106448e-04,1.57913158e-05,8.91794312e-05,1.79347191e-06
2.146253,4.71044054e+00,3.14020252e-02,1.36853700e-02,1.84863773e-03,-3.93037018e-05,3.76909577e-05,1.41142880e-05,8.91736660e-05,1.85412369e-06
2.147894,4.68332583e+00,4.09849152e-02,-2.11997438e-03,-4.70551176e-04,5.81697992e-05,-1.20313021e-04,-7.96316798e-06,8.91614103e-05,1.83988845e-06
2.149535,4.65587262e+00,3.52811261e-02,8.32128032e-03,2.93936543e-05,-2.10660425e-05,3.13593837e-05,-6.42993439e-07,8.91518981e-05,1.98157752e-06
2.151175,4.62807774e+00,3.85695410e-02,-5.36806179e-04,5.36587548e-04,-1.76619501e-05,1.24909989e-05,9.40224610e-06,8.91450092e-05,2.06545103e-06
2.152816,4.59997252e+00,3.82527339e-02,1.98135211e-03,-1.14302968e-04,5.30927695e-05,-1.21349034e-04,-6.58013073e-06,8.91325085e-05,2.14201524e-06
2.154457,4.57168204e+00,3.20026862e-02,1.22781085e-02,-3.94418989e-04,-4.44499107e-05,6.83313007e-05,-4.05691781e-06,8.91254729e-05,2.24050953e-06
2.156098,4.54324553e+00,3.41858542e-02,6.50274744e-03,6.34097580e-04,-4.44439511e-05,7.47209390e-05,1.04665248e-05,8.91070506e-05,2.20463998e-06
2.157739,4.51472257e+00,3.32748001e-02,1.04634497e-02,8.72455230e-04,-4.80958930e-05,1.16611763e-04,1.12317102e-05,8.91003902e-05,2.27950968e-06
2.159380,4.48618479e+00,3.34165969e-02,8.26482313e-03,-3.73236558e-04,-5.99251049e-05,1.45271016e-04,9.05924073e-07,8.90925968e-05,2.41520412e-06
2.161021,4.45767331e+00,3.75728292e-02,-7.55988236e-03,-5.44539604e-04,-2.09274551e-05,7.09201742e-06,-4.84543548e-07,8.90804507e-05,2.48511054e-06
2.162662,4.42928886e+00,3.21753616e-02,1.38076536e-02,8.45353683e-04,-7.55615593e-05,2.38138245e-04,1.22913971e-05,8.90715323e-05,2.60066252e-06
2.164302,4.40104394e+00,3.65268861e-02,-1.32612720e-03,-2.56975653e-04,-1.67934675e-05,4.41134052e-05,-7.44053804e-07,8.90626075e-05,2.64673860e-06
2.165943,4.37307649e+00,3.59909261e-02,-2.78142116e-03,9.28033047e-04,-4.68909901e-06,-3.50066478e-05,6.42518249e-06,8.90498637e-05,2.65109213e-06
2.167584,4.34552096e+00,3.39927319e-02,1.97627961e-03,1.29593105e-03,-4.47458641e-05,1.19090259e-04,1.49805840e-05,8.90435317e-05,2.80432253e-06
2.169225,4.31837700e+00,3.42350115e-02,-3.98682560e-03,-1.91131747e-04,-2.22749967e-05,-2.27843859e-05,-4.54004764e-06,8.90323470e-05,2.81069223e-06
2.170866,4.29177140e+00,3.62846515e-02,-2.20703830e-03,-2.51322232e-04,1.78637744e-06,-1.02827611e-05,-3.62502845e-06,8.90267918e-05,2.91848037e-06
2.172507,4.26574167e+00,3.57792592e-02,-4.04255904e-03,6.24786928e-04,-2.54344722e-05,1.49864393e-04,1.46457115e-05,8.90179249e-05,3.11003690e-06
2.174148,4.24026097e+00,3.50766366e-02,-3.14609486e-03,-3.80659972e-06,-1.64656514e-05,5.02031955e-05,2.85930688e-06,8.90071383e-05,3.08180242e-06
2.175788,4.21546814e+00,3.62275290e-02,-6.12905277e-03,2.10067949e-04,-1.23083291e-05,1.47796905e-04,1.14895177e-05,8.90068041e-05,3.37680304e-06
2.177429,4.19132783e+00,3.61637388e-02,-7.06436778e-03,6.83592035e-04,-8.02642771e-06,9.98911866e-05,1.37216383e-05,8.89927271e-05,3.31341678e-06
2.179070,4.16797983e+00,3.61859671e-02,-2.51157445e-03,1.55996306e-03,-4.46719505e-06,1.42490277e-04,2.16197651e-05,8.89796567e-05,3.15426775e-06
2.180711,4.14558889e+00,3.44577052e-02,-4.54006288e-03,1.81124669e-03,-1.79605199e-05,8.99550129e-05,2.12287974e-05,8.89782926e-05,3.37912801e-06
2.182352,4.12419276e+00,3.54820469e-02,-1.94989187e-03,2.02921856e-04,-4.19699728e-06,7.79348183e-05,1.50549111e-06,8.89677332e-05,3.27663303e-06
2.183993,4.10393072e+00,3.41172517e-02,-1.25425395e-02,1.68718494e-04,-1.96243394e-05,-1.17607239e-04,-4.72170647e-06,8.89576075e-05,3.21309318e-06
2.185634,4.08502638e+00,3.50926846e-02,-1.04789076e-02,4.54449345e-05,-9.72490210e-06,-8.68017705e-05,-3.99408092e-06,8.89556174e-05,3.36868529e-06
2.187275,4.06748804e+00,3.51799468e-02,-4.24158775e-03,1.47710258e-04,-1.22933932e-05,-8.39243225e-05,-7.04657832e-06,8.89509299e-05,3.44944971e-06
2.188915,4.05133315e+00,3.51937591e-02,-2.25653669e-03,1.01261955e-04,-1.14176436e-05,-5.12504433e-05,-6.22743272e-06,8.89458408e-05,3.54840835e-06
2.190556,4.03660415e+00,3.49407227e-02,-4.85025604e-03,1.26962090e-04,-2.75888330e-05,-1.56899141e-04,-1.10193012e-05,8.89398077e-05,3.45034165e-06
2.192197,4.02341481e+00,3.12547668e-02,-2.50431066e-02,-2.06043611e-04,-4.96196470e-05,-2.56573885e-04,-7.35099502e-06,8.89390426e-05,3.62665301e-06
2.193838,4.01178571e+00,3.32421007e-02,-1.22806316e-02,2.11479910e-04,-1.17818324e-05,-3.36932846e-05,5.14480408e-07,8.89300452e-05,3.74545427e-06
2.195479,4.00158189e+00,3.52768064e-02,-1.38247478e-03,7.25191935e-04,3.21454493e-07,3.29974683e-05,3.38842349e-06,8.89321687e-05,3.97414929e-06
2.197120,3.99276364e+00,2.82055411e-02,-3.14753484e-02,-7.45684042e-04,-6.84397405e-05,-2.52038845e-04,-1.22201006e-05,8.89245861e-05,3.83223098e-06
2.198761,3.98554161e+00,3.23368977e-02,-1.32590685e-02,1.40407005e-05,-5.31905768e-05,-1.58056544e-04,-8.93175759e-06,8.89177047e-05,3.72431151e-06
2.200401,3.97988892e+00,3.10387990e-02,-1.80725352e-02,-9.72532824e-05,-2.37413239e-05,-6.64247517e-05,-1.99338025e-06,8.89229616e-05,4.09164516e-06
2.202042,3.97563908e+00,3.00596749e-02,-1.52611810e-02,5.34254131e-04,-1.32720235e-05,1.37696347e-05,7.61285878e-06,8.89236044e-05,4.26920697e-06
2.203683,3.97271898e+00,3.52231052e-02,-3.40230315e-03,7.97071524e-04,5.24756879e-05,1.58167493e-04,1.14902649e-05,8.89255428e-05,4.51035059e-06
2.205324,3.97102634e+00,2.91494517e-02,-1.95527791e-02,-1.16407047e-03,-3.59487476e-05,-7.51098234e-05,-1.25300864e-05,8.89226689e-05,4.43180760e-06
2.206965,3.97072195e+00,3.73878634e-02,1.33172676e-03,1.13001490e-03,3.05337846e-05,9.34663973e-05,7.60928412e-06,8.89190718e-05,4.40670679e-06
2.208606,3.97175687e+00,3.40534142e-02,-4.12197442e-03,7.32303161e-04,-2.30708993e-05,-1.21682443e-05,1.89424880e-06,8.89234206e-05,4.35465385e-06
2.210247,3.97416541e+00,3.55901278e-02,-4.08523356e-03,-4.57040555e-04,-7.37593860e-05,-1.45918822e-04,-1.91818512e-05,8.89156736e-05,3.86855774e-06
2.211888,3.97817708e+00,3.94019041e-02,5.57442933e-03,1.81925672e-04,2.08222437e-05,6.49789642e-05,-4.74079647e-06,8.89193981e-05,4.17840806e-06
2.213528,3.98358573e+00,4.25159635e-02,1.01072137e-02,1.94949054e-03,4.67190834e-05,1.00076572e-04,1.17704015e-05,8.89255002e-05,4.50151894e-06
2.215169,3.99012037e+00,3.01052105e-02,-1.35479968e-02,1.04697328e-04,-3.92504999e-05,-6.52675046e-05,-1.84778621e-06,8.89243434e-05,4.46155785e-06
2.216810,3.99782614e+00,2.95585255e-02,-1.18089996e-02,1.37132280e-04,-3.25517732e-05,-2.79904094e-05,-1.01305873e-06,8.89317217e-05,4.60987339e-06
2.218451,4.00667856e+00,3.15389703e-02,-1.14848170e-02,-5.50742830e-04,2.83849220e-05,4.01540643e-05,-2.37816961e-06,8.89297821e-05,4.55319771e-06
2.220092,4.01657605e+00,3.43817902e-02,-5.90613705e-03,4.55240260e-04,4.94801063e-06,1.91701557e-05,1.08611827e-06,8.89311597e-05,4.52714876e-06
2.221733,4.02748702e+00,2.30737291e-02,-2.12711176e-02,-5.72208587e-04,-1.60241746e-04,-2.04450754e-04,-1.47744393e-05,8.89359410e-05,4.39714690e-06
2.223374,4.03950699e+00,2.56754649e-02,-1.73164945e-02,-3.72387015e-04,-3.23864143e-06,1.02822113e-05,-8.65525880e-07,8.89401562e-05,4.73538138e-06
2.225014,4.05239200e+00,2.46119784e-02,-1.79063200e-02,-1.48225937e-03,-2.52631014e-05,-1.49596055e-05,-1.34693083e-05,8.89463341e-05,4.80473289e-06
2.226655,4.06600662e+00,2.08524073e-02,-2.00743280e-02,2.94625912e-04,-1.76290587e-05,1.36670245e-05,8.39240018e-06,8.89488652e-05,4.81745510e-06
2.228296,4.08024059e+00,2.03782773e-02,-2.15646455e-02,-1.24484541e-03,-2.25471408e-05,-6.31368480e-06,-7.79032373e-06,8.89568477e-05,4.97405862e-06
2.229937,4.09496425e+00,3.44573914e-02,-4.71417780e-03,8.16159344e-04,1.82394689e-04,2.25780085e-04,1.81492364e-05,8.89600007e-05,5.02214361e-06
2.231578,4.10995760e+00,2.32600305e-02,-1.66764944e-02,-3.63577067e-04,9.93057151e-05,1.28640715e-04,9.19485862e-06,8.89672055e-05,5.15076441e-06
2.233219,4.12515767e+00,2.31890802e-02,-1.57017491e-02,-3.90954871e-04,1.17063637e-04,1.50089848e-04,9.57953623e-06,8.89707656e-05,5.13614992e-06
2.234860,4.14048988e+00,2.36401379e-02,-1.46254710e-02,-7.75498673e-04,3.73694340e-05,7.09359144e-05,-6.76884097e-07,8.89713949e-05,4.73154156e-06
2.236501,4.15598382e+00,1.76726329e-02,-2.01386758e-02,2.99974702e-04,4.55069388e-05,7.18613626e-05,1.48160305e-05,8.89792517e-05,4.88856974e-06
2.238141,4.17155692e+00,3.40448057e-02,-5.54122005e-03,6.10113319e-04,2.01519294e-04,2.01482207e-04,1.76204928e-05,8.89839171e-05,4.87383853e-06
2.239782,4.18705724e+00,1.45574637e-02,-2.09394022e-02,-1.41146678e-03,6.71453610e-06,4.04953594e-05,-2.18605570e-06,8.89907103e-05,4.69891496e-06
2.241423,4.20250049e+00,8.03470403e-03,-2.64449536e-02,-7.72827406e-04,-6.79564940e-05,-2.86819609e-05,2.60155676e-06,8.89925551e-05,4.62269137e-06
2.243064,4.21789815e+00,1.79421267e-02,-1.70257078e-02,4.87282400e-04,1.02727734e-05,4.24890250e-05,1.23593554e-05,8.89967087e-05,4.49250554e-06
2.244705,4.23316452e+00,2.13546044e-02,-1.51484810e-02,-4.59702025e-04,1.38977715e-04,1.28081391e-04,8.40118194e-06,8.90076772e-05,4.69021814e-06
2.246346,4.24811413e+00,2.42845857e-02,-1.22242911e-02,3.11177347e-06,7.34325527e-05,7.74690807e-05,5.46207590e-06,8.90129180e-05,4.66330268e-06
2.247987,4.26268082e+00,1.46158330e-02,-1.81928256e-02,-5.72447614e-04,-1.20205957e-04,-5.91684005e-05,-7.30081953e-06,8.90121079e-05,4.21928289e-06
2.249627,4.27696429e+00,1.09456079e-02,-1.98988701e-02,-1.56057603e-04,-2.34509710e-04,-1.35207949e-04,-8.54178176e-06,8.90194731e-05,4.18137130e-06
2.251268,4.29097130e+00,1.02783304e-02,-1.91914561e-02,-4.55554136e-04,-9.24891336e-05,-2.87796280e-05,-2.37103395e-06,8.90226617e-05,4.08669911e-06
2.252909,4.30462789e+00,1.43114317e-02,-1.70251961e-02,-1.14000987e-03,-1.35056376e-04,-6.72938581e-05,-1.47520323e-05,8.90268981e-05,3.91425799e-06
2.254550,4.31796048e+00,1.06538223e-02,-1.91304591e-02,-6.82861041e-04,-1.63653841e-04,-8.42113587e-05,-8.58405252e-06,8.90271584e-05,3.72200651e-06
2.256191,4.33092221e+00,3.35885984e-03,-2.24054837e-02,-1.63817897e-03,-1.18453807e-04,-4.70791850e-05,-1.15950893e-05,8.90396710e-05,3.85480945e-06
2.257832,4.34331816e+00,2.27788917e-02,-1.06980175e-02,-7.32874004e-04,1.65648693e-04,1.17321130e-04,3.76191032e-06,8.90420999e-05,3.97585853e-06
2.259473,4.35489873e+00,9.09361791e-03,-1.63285366e-02,-4.08160544e-04,7.47181664e-05,8.22369245e-05,9.37436333e-06,8.90435786e-05,3.86701502e-06
2.261113,4.36557848e+00,8.30663192e-03,-1.75947697e-02,-2.52497964e-04,4.54410631e-05,5.29933797e-05,9.27423493e-06,8.90481446e-05,3.74393408e-06
2.262754,4.37526800e+00,1.06576611e-02,-1.61241590e-02,3.77799170e-04,9.57948848e-05,7.31577311e-05,1.56003206e-05,8.90593603e-05,3.93706864e-06
2.264395,4.38383425e+00,1.92674385e-03,-2.05079039e-02,-3.91314513e-05,-8.41975192e-05,-2.52703529e-05,4.24334413e-06,8.90532396e-05,3.44690367e-06
2.266036,4.39138138e+00,9.70667868e-03,-1.41601940e-02,4.81165733e-04,7.40662771e-05,7.36807965e-05,1.39760385e-05,8.90561249e-05,3.39527696e-06
2.267677,4.39782307e+00,1.24532914e-02,-1.36685899e-02,-5.43868712e-04,1.39567625e-04,9.12469732e-05,5.65976527e-06,8.90584666e-05,3.21150768e-06
2.269318,4.40307735e+00,1.09384030e-02,-1.31746623e-02,1.44249910e-04,2.17761157e-05,3.94150316e-05,6.84586158e-06,8.90599187e-05,3.11808192e-06
2.270959,4.40711406e+00,2.73139640e-03,-1.77501049e-02,-6.08073402e-04,-7.70516900e-05,-2.02733702e-05,-3.26111960e-06,8.90621203e-05,2.95947033e-06
2.272600,4.40994564e+00,7.89739907e-03,-1.45802998e-02,-8.12700219e-04,-9.43171972e-05,-2.52133343e-05,-8.71122029e-06,8.90662511e-05,2.80872101e-06
2.274240,4.41154802e+00,1.16333928e-02,-1.22315524e-02,-6.53370730e-04,-1.65452633e-05,1.29861689e-05,-4.68422211e-06,8.90648743e-05,2.66368328e-06
2.275881,4.41184643e+00,-3.71707347e-03,-1.86140568e-02,-7.14545830e-04,-1.69534316e-04,-5.43590694e-05,-5.09531389e-06,8.90633959e-05,2.51164619e-06
2.277522,4.41081656e+00,1.25529829e-02,-1.13668058e-02,-1.66944447e-04,9.95771584e-05,6.04998777e-05,6.21026778e-06,8.90605573e-05,2.35096306e-06
2.279163,4.40835086e+00,6.89758997e-03,-1.19844855e-02,3.64407410e-04,5.32480522e-05,5.12449981e-05,1.15505600e-05,8.90615802e-05,2.30279096e-06
2.280804,4.40435799e+00,7.44473536e-03,-1.14807982e-02,7.85067512e-04,3.80267874e-05,4.17905089e-05,1.35383416e-05,8.90672407e-05,2.25060537e-06
2.282445,4.39875057e+00,3.79659818e-03,-1.31533353e-02,-9.35367525e-05,1.48210983e-05,2.28154086e-05,4.20309954e-06,8.90618441e-05,2.10115882e-06
2.284086,4.39151182e+00,-1.04299669e-03,-1.36523472e-02,-5.25809557e-04,-1.40901555e-04,-2.68458563e-05,-4.65714377e-06,8.90581777e-05,1.87573831e-06
2.285726,4.38266715e+00,1.00667849e-02,-9.91845081e-03,-6.13661509e-05,-7.99758179e-05,-1.20692393e-05,-4.59710749e-06,8.90573421e-05,1.71972714e-06
2.287367,4.37217134e+00,2.26896917e-03,-1.24479006e-02,-7.81900841e-04,1.17578367e-05,2.12549500e-05,-3.23118221e-06,8.90512861e-05,1.62618349e-06
2.289008,4.35994755e+00,-3.78556427e-03,-1.38270769e-02,-6.26554737e-04,-1.99222600e-04,-4.82208697e-05,-8.48137730e-06,8.90400906e-05,1.39430596e-06
2.290649,4.34598633e+00,-7.76780991e-03,-1.52542651e-02,-8.65876987e-04,-1.74911891e-04,-4.31878518e-05,-8.15382581e-06,8.90407025e-05,1.31060166e-06
2.292290,4.33024023e+00,-8.33614616e-03,-1.54848164e-02,-1.13887648e-03,-1.52053040e-04,-3.87496644e-05,-8.58235712e-06,8.90373707e-05,1.24384718e-06
2.293931,4.31265142e+00,-8.83882027e-03,-1.41972624e-02,-1.45233021e-03,-2.10728222e-04,-4.73553793e-05,-1.33500494e-05,8.90342078e-05,1.11083489e-06
2.295572,4.29320385e+00,-1.97814120e-02,-1.68466748e-02,-1.44785481e-03,-1.50379239e-04,-2.20325363e-05,-5.94807644e-06,8.90248149e-05,9.83560901e-07
2.297213,4.27184551e+00,-3.69878997e-03,-1.17835710e-02,-7.69579837e-04,3.03475397e-05,3.12695560e-05,2.57294990e-06,8.90142416e-05,8.60377599e-07
2.298853,4.24849816e+00,-9.90613587e-03,-1.20824121e-02,-6.74987199e-04,-5.82962804e-05,1.27278770e-05,7.51621739e-07,8.90134009e-05,7.95695884e-07
2.300494,4.22313199e+00,-1.84067542e-02,-1.43354013e-02,-2.16685655e-03,-2.07486712e-04,-3.10419637e-05,-1.76514860e-05,8.89971714e-05,6.14505504e-07
2.302135,4.19576425e+00,5.50184703e-03,-7.95266639e-03,2.67681410e-04,-1.16380353e-04,-1.30939738e-05,5.00748605e-07,8.89947823e-05,5.30844745e-07
2.303776,4.16635496e+00,-1.20844936e-03,-1.07068872e-02,-7.55499200e-04,-1.08988010e-04,-2.14986381e-05,-6.00107141e-06,8.89799317e-05,4.34223967e-07
2.305417,4.13489414e+00,-4.28933995e-03,-1.00323653e-02,-1.09928058e-03,-7.14540009e-05,2.00386042e-07,-5.80548100e-06,8.89773267e-05,3.49552780e-07
2.307058,4.10134834e+00,1.89270234e-03,-7.98388716e-03,3.03826605e-04,-5.72447478e-05,4.16530780e-06,6.51564421e-06,8.89609682e-05,3.24400682e-07
2.308699,4.06573846e+00,-1.83360300e-02,-1.36551592e-02,-1.55018880e-03,-2.44604389e-04,-4.98720476e-05,-1.18201935e-05,8.89460412e-05,3.19914444e-07
2.310339,4.02808337e+00,-7.56182132e-03,-1.14400540e-02,-2.83031211e-04,-6.23672493e-05,-1.08440436e-05,3.77651728e-06,8.89403263e-05,2.19433688e-07
2.311980,3.98834094e+00,-2.29610379e-03,-9.50207913e-03,1.85200165e-04,-1.08430737e-04,-1.79605883e-05,3.05314782e-06,8.89280604e-05,2.59092449e-07
2.313621,3.94650750e+00,-1.86160956e-02,-1.25828158e-02,-1.17550203e-03,-1.81525376e-04,-2.80152909e-05,-6.93154448e-06,8.89132462e-05,3.39697570e-07
2.315262,3.90261375e+00,-3.85528671e-03,-1.07418601e-02,-1.22806335e-03,4.55883873e-06,-2.73228617e-06,-6.30647782e-06,8.89063441e-05,3.75541526e-07
2.316903,3.85664460e+00,1.15029524e-02,-5.99210289e-03,-4.80463703e-04,1.91389242e-04,4.97217090e-05,2.22976598e-06,8.88933435e-05,4.56292211e-07
2.318544,3.80859453e+00,-6.85538192e-03,-1.12229654e-02,-5.83314473e-04,1.62494946e-05,-9.91423075e-07,1.03930687e-06,8.88701349e-05,5.85061177e-07
2.320185,3.75855750e+00,-3.61798147e-02,-1.66447074e-02,-2.14815829e-03,-3.04063974e-04,-6.07315846e-05,-1.54073212e-05,8.88595279e-05,6.63785235e-07
2.321826,3.70663165e+00,-3.13598368e-02,-1.72293181e-02,-1.08750944e-03,-2.98061672e-04,-7.38056493e-05,-6.12535125e-06,8.88428054e-05,7.74132032e-07
2.323466,3.65293439e+00,-2.31472984e-02,-1.35549539e-02,-1.48886387e-03,-6.00778573e-05,-5.74670723e-06,-2.85363682e-06,8.88239771e-05,8.74209162e-07
2.325107,3.59752360e+00,-9.06206487e-03,-1.23249562e-02,-3.67594559e-04,1.09424082e-04,1.07800330e-05,9.41620147e-06,8.88075048e-05,9.71529973e-07
2.326748,3.54041622e+00,-1.87362393e-02,-1.44243482e-02,-1.64849161e-03,5.58872488e-05,-3.13640722e-06,-1.10137598e-06,8.87987213e-05,1.07573573e-06
2.328389,3.48167393e+00,-5.32260560e-03,-1.16694339e-02,-1.13269492e-03,1.89879847e-04,2.42522605e-05,4.56169357e-06,8.87788669e-05,1.18343386e-06
2.330030,3.42138968e+00,-9.33300874e-03,-1.36001586e-02,-1.46754671e-03,1.20946841e-04,7.56907161e-07,2.34939494e-07,8.87631778e-05,1.29567349e-06
2.331671,3.35968924e+00,-1.41799838e-02,-1.44426097e-02,-3.90487040e-04,8.07553941e-05,-5.30284115e-06,1.12870792e-05,8.87455447e-05,1.40309794e-06
2.333312,3.29676050e+00,-3.97182095e-02,-1.81279452e-02,-2.20311369e-03,-1.77308417e-04,-4.01061607e-05,-7.89829096e-06,8.87343324e-05,1.55723254e-06
2.334952,3.23278862e+00,-1.49835059e-02,-1.42134056e-02,-5.28888530e-04,5.04236957e-05,-2.11637179e-06,7.30383113e-06,8.87186096e-05,1.71101150e-06
2.336593,3.16792557e+00,-1.30722518e-02,-1.56009704e-02,-8.85391536e-04,5.19166084e-05,-1.66521396e-05,2.98208889e-06,8.86972359e-05,1.74909163e-06
2.338234,3.10247446e+00,-2.96012997e-02,-1.72401228e-02,-1.74300887e-03,-1.38276318e-04,-3.16065674e-05,-5.11283567e-06,8.86793660e-05,1.86414445e-06
2.339875,3.03671653e+00,-1.90625389e-02,-1.68524706e-02,-1.40438094e-03,6.53661004e-05,-1.52512232e-05,3.10512989e-06,8.86675884e-05,2.05825499e-06
2.341516,2.97079150e+00,-2.32586819e-02,-1.77478042e-02,-1.51388117e-03,5.79725883e-05,-1.86259336e-05,2.38061985e-06,8.86515621e-05,2.18621847e-06
2.343157,2.90489523e+00,-2.32477707e-02,-1.74217702e-02,-1.98239218e-03,1.51320535e-04,-8.95022301e-06,7.75825780e-07,8.86370578e-05,2.38524628e-06
2.344798,2.83920005e+00,-1.81039828e-02,-1.80314843e-02,-7.83625162e-04,1.50400224e-04,-1.34898176e-05,9.65579303e-06,8.86211339e-05,2.52369129e-06
2.346439,2.77404899e+00,-1.19380639e-02,-1.86104655e-02,-1.34169842e-03,7.88121010e-05,-1.87885902e-05,-5.13344583e-07,8.86054878e-05,2.53679985e-06
2.348079,2.70991788e+00,-2.45560789e-04,-1.97718612e-02,-5.49415645e-04,2.44646123e-04,-2.74418888e-05,9.21832111e-06,8.85901531e-05,2.66761160e-06
2.349720,2.64714249e+00,-1.20577524e-02,-2.02929549e-02,-1.25382204e-03,2.16350938e-04,-3.05266592e-05,4.84599521e-06,8.85805279e-05,3.02117455e-06
2.351361,2.58593363e+00,-1.16758382e-02,-2.09164656e-02,-1.36157315e-03,1.84163719e-04,-3.12488392e-05,2.34471010e-06,8.85659769e-05,3.26144076e-06
2.353002,2.52649629e+00,-3.47531727e-02,-1.94018676e-02,-1.98253473e-03,-2.37000486e-04,2.34277851e-06,-9.30484515e-06,8.85580632e-05,3.41756559e-06
2.354643,2.46949950e+00,-1.70484261e-02,-2.17659555e-02,-1.61931644e-03,-6.47425856e-05,-1.60716996e-05,-6.02148745e-06,8.85475403e-05,3.72090200e-06
2.356284,2.41530969e+00,-1.02189771e-02,-2.22372980e-02,-1.35678236e-03,1.11292646e-04,-2.90951551e-05,7.11306966e-07,8.85324477e-05,3.72919565e-06
2.357925,2.36413403e+00,-4.92232232e-03,-2.42241300e-02,-8.22226088e-04,1.60004860e-04,-4.49909158e-05,5.44010886e-06,8.85260467e-05,4.26944088e-06
2.359565,2.31605426e+00,-2.98576007e-02,-2.02249419e-02,-1.45537208e-03,-1.45995030e-04,1.35378460e-05,-2.50140989e-06,8.85180317e-05,4.66242187e-06
2.361206,2.27160068e+00,-2.07318481e-02,-2.20329811e-02,-7.76430936e-04,-1.09881701e-04,1.61333251e-05,3.09691341e-06,8.85064388e-05,4.49012801e-06
2.362847,2.23121563e+00,-2.20444955e-02,-2.20739602e-02,-1.38268239e-03,-1.33904306e-04,2.44551610e-05,-3.66418632e-06,8.85006374e-05,4.83116912e-06
2.364488,2.19508013e+00,-6.24347826e-03,-2.64561358e-02,-5.19046941e-04,7.22531119e-05,-2.98820939e-05,5.26873922e-06,8.84935717e-05,5.07552098e-06
2.366129,2.16307136e+00,-2.91041585e-02,-1.85518719e-02,-2.16961580e-03,-2.09449623e-04,7.21513951e-05,-1.22216812e-05,8.84901909e-05,5.58716124e-06
2.367770,2.13545098e+00,-2.52891587e-02,-1.96818107e-02,-1.44507575e-03,-2.01968740e-04,7.81668275e-05,-4.59901716e-06,8.84841744e-05,5.59661204e-06
2.369411,2.11239955e+00,-2.22326783e-02,-2.03570319e-02,-1.77614557e-03,-1.13323311e-04,4.83185541e-05,-6.90392753e-06,8.84837798e-05,6.55975346e-06
2.371052,2.09357156e+00,-3.48068915e-02,-1.35832445e-02,-1.28374977e-03,-3.37823263e-04,1.71565738e-04,-2.73992359e-06,8.84785956e-05,6.45956056e-06
2.372692,2.07922651e+00,-2.00913722e-02,-2.04788252e-02,-1.36720299e-03,-2.18561934e-04,1.24986861e-04,-3.83092174e-06,8.84740673e-05,6.19153416e-06
2.374333,2.06911005e+00,-2.02804747e-02,-2.01193500e-02,-8.82780139e-04,-2.34584423e-04,1.43900195e-04,-1.11749289e-07,8.84745215e-05,6.82917038e-06
2.375974,2.06273164e+00,-1.81905598e-02,-2.06685582e-02,-1.15690827e-03,-1.31958264e-04,9.27142839e-05,-1.58356690e-06,8.84707327e-05,6.30543004e-06
2.377615,2.05983628e+00,-2.98660881e-02,-1.08059451e-02,-1.00915175e-03,-1.62432313e-04,1.32304823e-04,3.55831192e-07,8.84709650e-05,6.78812667e-06
2.379256,2.05992983e+00,-2.61349513e-02,-1.26644707e-02,-1.20177337e-03,-1.04798850e-04,9.65378475e-05,-1.56867885e-06,8.84735311e-05,7.18791737e-06
2.380897,2.06251285e+00,-1.25553575e-02,-2.16350529e-02,-1.31885029e-03,2.11953662e-05,1.06504156e-05,-3.00532663e-06,8.84741998e-05,7.04326594e-06
2.382538,2.06713328e+00,-1.35219950e-02,-1.94824008e-02,-1.14632647e-03,-1.26207888e-04,1.53427935e-04,-2.14572913e-06,8.84748189e-05,6.44109610e-06
2.384178,2.07362358e+00,-2.37281889e-02,-8.80041495e-03,-7.71163838e-04,-1.10247476e-04,1.47443080e-04,2.20497969e-06,8.84734630e-05,5.60430510e-06
2.385819,2.08167020e+00,-1.62941223e-02,-1.48905709e-02,-8.50310812e-04,4.02935521e-05,-8.49561726e-07,1.38739910e-06,8.84757122e-05,5.75468559e-06
2.387460,2.09051166e+00,-1.24367066e-02,-1.74819322e-02,-9.69787577e-04,1.35863074e-04,-9.71437812e-05,-4.40563751e-07,8.84747142e-05,5.20507204e-06
2.389101,2.09963524e+00,-1.81074967e-02,-1.10330779e-02,-4.82876027e-05,4.26258747e-05,-7.58241858e-07,8.32628225e-06,8.84787200e-05,5.18146733e-06
2.390742,2.10874977e+00,-1.45773975e-02,-1.22758742e-02,-6.93012875e-04,5.31919511e-06,6.20929536e-05,1.37510384e-06,8.84828628e-05,4.35279195e-06
2.392383,2.11774596e+00,-1.27340711e-02,-1.32837061e-02,-7.34872819e-04,4.61245937e-06,6.72866907e-05,4.53974555e-07,8.84800255e-05,3.44092206e-06
2.394024,2.12649561e+00,-1.25160484e-02,-1.38278442e-02,-5.98530552e-04,3.06782334e-05,1.48905665e-05,1.11266213e-06,8.84833571e-05,3.14263264e-06
2.395665,2.13469972e+00,-1.50245106e-02,-8.35665034e-03,-1.00315922e-03,4.37429243e-05,1.20972125e-06,-2.48087320e-06,8.84846815e-05,2.54342754e-06
2.397305,2.14212070e+00,-7.35032253e-03,-1.77428861e-02,-4.29224020e-04,1.01837683e-04,-8.06334002e-05,3.00051391e-06,8.84853319e-05,2.03577076e-06
2.398946,2.14851461e+00,-1.27026243e-02,-8.98503316e-03,-5.32477288e-04,-7.61125878e-06,8.07408626e-05,1.65963213e-06,8.84876672e-05,1.53135138e-06
2.400587,2.15377146e+00,-9.11544436e-03,-1.33011524e-02,-3.30451860e-04,4.64022393e-05,-6.44218242e-06,2.96947020e-06,8.84872981e-05,9.81643201e-07
2.402228,2.15776650e+00,-9.58500271e-03,-1.22853935e-02,-8.43359632e-04,-4.47892735e-05,1.38450449e-04,-1.09038410e-06,8.84901893e-05,7.51316932e-07
2.403869,2.16036233e+00,-8.61367052e-03,-1.31354824e-02,8.37774578e-05,1.19772198e-05,3.27756385e-05,6.62476365e-06,8.84908133e-05,3.89063052e-07
2.405510,2.16140256e+00,-1.76973790e-02,7.03455632e-03,9.96590355e-05,-1.03668717e-04,2.69917484e-04,6.56390387e-06,8.84908792e-05,1.48693680e-07
2.407151,2.16079490e+00,-1.17890759e-02,-5.26188771e-03,-4.87367889e-04,-2.21666420e-05,9.43595228e-05,5.51722576e-07,8.84864723e-05,1.83875616e-07
2.408791,2.15846398e+00,-1.14686391e-02,-4.50688079e-03,-2.71322609e-04,-3.76892085e-05,1.30169770e-04,2.93578547e-06,8.84880515e-05,3.11980823e-07
2.410432,2.15432426e+00,-1.43036516e-02,2.54967372e-03,-2.46926069e-04,-1.01830480e-04,2.70876522e-04,3.49907059e-06,8.84874638e-05,4.41950990e-07
2.412073,2.14833720e+00,-1.15400420e-02,-4.42271287e-03,-1.49368828e-04,-6.74215454e-05,1.79477408e-04,4.21553710e-06,8.84853769e-05,5.58601814e-07
2.413714,2.14049457e+00,-1.34673899e-02,2.43241662e-03,7.07033481e-05,-5.49458507e-05,1.66593468e-04,5.06763263e-06,8.84853565e-05,6.55358057e-07
2.415355,2.13081805e+00,-1.53832391e-02,6.15861112e-03,-1.99855480e-04,-7.87415305e-05,2.11056256e-04,1.68160741e-06,8.84810265e-05,7.23458842e-07
2.416996,2.11935940e+00,-7.78457460e-03,-1.48079148e-02,-5.73485466e-04,3.08845648e-05,-9.10055296e-05,-2.85545105e-06,8.84822323e-05,8.78292379e-07
2.418637,2.10614116e+00,-1.70106687e-02,1.13475820e-02,-3.12277053e-04,-5.32995069e-05,1.46926897e-04,1.14953418e-08,8.84807865e-05,1.00793633e-06
2.420278,2.09130986e+00,-1.44873136e-02,4.36075773e-03,-4.45563470e-04,-2.17468899e-05,5.76303157e-05,-1.22863214e-06,8.84757832e-05,1.08927653e-06
2.421918,2.07498089e+00,-1.54305855e-02,6.30469436e-03,-5.69160924e-04,-1.62588335e-05,3.55243378e-05,-3.05893803e-06,8.84742834e-05,1.33496356e-06
2.423559,2.05721149e+00,-1.60022244e-02,6.48866117e-03,-2.13150017e-04,5.48921065e-06,-5.14283165e-05,-1.40026017e-07,8.84726129e-05,1.58178922e-06
2.425200,2.03813654e+00,-1.53917995e-02,4.67332604e-03,-5.62475549e-04,1.18385197e-06,-3.20594589e-05,-3.69234549e-06,8.84673795e-05,1.64529296e-06
2.426841,2.01799722e+00,-1.81320669e-02,1.60754599e-02,-7.58648082e-05,-2.02213318e-05,6.26673012e-05,7.97489920e-07,8.84666928e-05,1.93143123e-06
2.428482,1.99700585e+00,-1.53994128e-02,-5.39178765e-05,-4.15930374e-04,-1.75723381e-05,6.38269761e-06,-1.95611056e-06,8.84636517e-05,2.06056102e-06
2.430123,1.97543378e+00,-1.60920050e-02,1.11711982e-04,-4.42256553e-04,-1.78159451e-05,-1.61119989e-05,-2.05533711e-06,8.84593089e-05,2.16465104e-06
2.431764,1.95350704e+00,-1.82527914e-02,1.20917740e-02,1.25549456e-04,1.17387102e-05,-1.44847136e-04,5.28060958e-08,8.84553462e-05,2.64940232e-06
2.433404,1.93126441e+00,-1.71076805e-02,2.62346107e-03,-2.60712761e-04,2.02641128e-05,-2.20553270e-04,-3.68782550e-06,8.84517011e-05,2.83588431e-06
2.435045,1.90893927e+00,-1.57300107e-02,-9.55553891e-03,-6.77324015e-04,1.12507220e-05,-1.64128312e-04,-4.76964531e-06,8.84489353e-05,3.02265807e-06
2.436686,1.88685666e+00,-1.79996127e-02,3.70174515e-03,-2.12503962e-04,-1.45402154e-05,1.81609241e-05,3.25585665e-07,8.84469506e-05,3.15495193e-06
2.438327,1.86541395e+00,-1.92929096e-02,1.55039019e-02,-2.05370912e-04,-3.31272713e-05,2.42190566e-04,2.08996410e-06,8.84424972e-05,3.02903869e-06
2.439968,1.84506270e+00,-1.96436409e-02,1.67619783e-02,-3.51605264e-04,-2.68531103e-05,1.71169606e-04,-1.17339045e-07,8.84408830e-05,3.47518519e-06
2.441609,1.82598301e+00,-1.94034654e-02,6.92631318e-03,-1.06081935e-03,-2.15672104e-05,1.49459145e-04,-4.74677277e-06,8.84381389e-05,3.61158429e-06
2.443250,1.80844836e+00,-1.90463718e-02,1.09026057e-03,-1.76090910e-04,-1.28650167e-05,3.46261058e-05,3.56159778e-06,8.84350760e-05,3.81800808e-06
2.444891,1.79253936e+00,-1.95162728e-02,7.42648005e-03,-2.98036695e-04,-1.45709263e-05,1.74226620e-05,4.15112212e-07,8.84326898e-05,4.19448868e-06
2.446531,1.77823497e+00,-2.10137478e-02,-6.30477375e-03,-6.14076536e-04,-3.53761956e-05,-2.42204366e-04,-5.28775873e-06,8.84306649e-05,4.57118692e-06
2.448172,1.76541709e+00,-1.81445419e-02,2.28991550e-02,-5.33512011e-04,1.12025787e-05,1.92779912e-04,-1.00395617e-06,8.84300304e-05,4.56002543e-06
2.449813,1.75457184e+00,-1.97324912e-02,9.42600602e-03,-2.87199571e-04,1.06647693e-05,1.33256695e-04,3.63463138e-06,8.84268150e-05,4.38636273e-06
2.451454,1.74591516e+00,-2.27824200e-02,-6.43790238e-03,-8.46545369e-04,-2.39902655e-05,-6.68157903e-05,-2.48299148e-06,8.84262451e-05,4.63692416e-06
2.453095,1.73932200e+00,-2.02301736e-02,7.34000484e-03,-8.65782905e-04,4.19778422e-05,2.33930875e-04,8.53557067e-07,8.84253782e-05,4.38501855e-06
2.454736,1.73513245e+00,-2.06729217e-02,4.45278018e-03,-5.91285107e-04,2.41910213e-05,1.26699748e-04,2.23812801e-06,8.84236173e-05,4.41971479e-06
2.456377,1.73327621e+00,-1.76520918e-02,1.44185603e-02,-3.04175707e-04,1.36242076e-05,7.53497636e-05,1.09529297e-06,8.84244797e-05,4.84432081e-06
2.458017,1.73348672e+00,-1.84250282e-02,9.88171806e-03,-4.25051464e-04,8.49704400e-07,8.71275412e-06,-3.74780448e-07,8.84256157e-05,5.28280205e-06
2.459658,1.73552566e+00,-2.25092917e-02,2.85917877e-04,-1.39613940e-03,-2.50737287e-05,-5.41418742e-05,-8.69911418e-06,8.84246642e-05,5.08345071e-06
2.461299,1.73937439e+00,-2.19820549e-02,-2.73880695e-04,-8.19664566e-04,1.98534589e-06,-1.11414141e-05,-1.01437071e-06,8.84252262e-05,4.97665690e-06
2.462940,1.74504670e+00,-2.51506495e-02,-5.76796273e-03,-4.77472650e-04,-2.04988225e-05,-4.89283383e-05,2.27962840e-06,8.84282885e-05,5.21835519e-06
2.464581,1.75222980e+00,-2.12842995e-02,1.56438816e-03,-1.00263127e-03,-3.90877201e-05,-8.96073153e-05,-6.42502217e-06,8.84278260e-05,5.08805536e-06
2.466222,1.76070445e+00,-2.20763299e-02,8.73970686e-04,-3.01307965e-04,-3.94340188e-05,-8.31136942e-05,7.18568345e-07,8.84263478e-05,4.45088371e-06
2.467863,1.77048092e+00,-2.65666456e-02,-6.75314634e-03,-1.17554474e-03,-1.41036824e-04,-2.49035145e-04,-1.11647563e-05,8.84278999e-05,4.51109840e-06
2.469503,1.78121617e+00,-2.20090144e-02,1.54904447e-04,-6.59072404e-04,-8.32399559e-05,-1.53290974e-04,-5.15997808e-06,8.84337681e-05,5.31318124e-06
2.471144,1.79263845e+00,-1.45296872e-02,1.21314882e-02,5.08527137e-05,-1.86406259e-05,-4.77631243e-05,1.52486631e-06,8.84311440e-05,4.30445471e-06
2.472785,1.80496251e+00,-1.79446924e-02,5.67206297e-03,-2.37653840e-04,-2.46151545e-05,-6.78991879e-05,1.06675733e-07,8.84342410e-05,4.28258016e-06
2.474426,1.81800050e+00,-1.17216821e-02,1.31589261e-02,-4.10197982e-05,-9.29430486e-06,-4.45480977e-05,-7.34592291e-07,8.84374270e-05,4.15494960e-06
2.476067,1.83158882e+00,-1.91068096e-02,3.84000887e-03,-4.04790046e-04,-8.57876365e-06,-4.10157658e-05,-8.78890057e-07,8.84378246e-05,3.79008627e-06
2.477708,1.84574227e+00,-1.54830597e-02,7.97243989e-03,-3.59629216e-04,3.89685201e-05,1.85813639e-05,7.75915516e-07,8.84399134e-05,3.50023467e-06
2.479349,1.86053226e+00,-4.09759743e-03,1.89829917e-02,1.64900549e-04,1.43160194e-04,1.21078822e-04,6.33782368e-06,8.84407497e-05,3.16460959e-06
2.480990,1.87590245e+00,-4.72938287e-03,1.79371946e-02,-1.24816579e-04,9.58722102e-05,7.42078986e-05,1.40158711e-06,8.84435422e-05,3.13153644e-06
2.482630,1.89162428e+00,-1.12853576e-04,2.09850480e-02,6.12112811e-04,1.64182073e-04,1.30325672e-04,9.45224241e-06,8.84463770e-05,3.03976310e-06
2.484271,1.90758242e+00,-2.01891308e-02,1.54544136e-03,-6.43885311e-04,-6.79738307e-05,-8.73106726e-05,-4.46819034e-06,8.84489651e-05,2.80909424e-06
2.485912,1.92349730e+00,-2.38758964e-02,-2.02269675e-03,-6.33102771e-04,-1.06592340e-05,-3.53038887e-05,2.34072120e-07,8.84506646e-05,2.57552333e-06
2.487553,1.93931989e+00,-8.38882428e-03,1.12910662e-02,1.52469913e-04,4.07114573e-05,1.25251792e-05,3.61296108e-06,8.84535587e-05,2.41518130e-06
2.489194,1.95505861e+00,-9.02275761e-03,1.04932310e-02,-3.11366260e-04,3.50040245e-05,8.66888472e-06,-3.24012564e-07,8.84538926e-05,2.07456592e-06
2.490835,1.97062871e+00,-1.25491149e-02,6.74730944e-03,-4.75698245e-04,1.15960440e-05,-1.33103616e-05,-6.53737283e-07,8.84580022e-05,2.04758906e-06
2.492476,1.98588156e+00,-2.32859165e-02,-9.75364510e-04,-1.17717435e-03,-1.00803989e-06,-1.56230027e-05,-3.72584499e-06,8.84618275e-05,1.86919886e-06
2.494116,2.00082314e+00,-2.74272186e-03,1.32966631e-02,3.94422373e-04,1.21583250e-04,6.72521523e-05,8.05153990e-06,8.84607361e-05,1.48799354e-06
2.495757,2.01552438e+00,-1.68973426e-03,1.34793248e-02,3.39021561e-05,1.32631382e-04,7.35381715e-05,4.26521032e-06,8.84657541e-05,1.51904950e-06
2.497398,2.02984001e+00,-8.24387616e-04,1.36853056e-02,-6.21081470e-05,1.86334203e-05,-2.58068906e-06,-2.53406873e-06,8.84681340e-05,1.45320251e-06
2.499039,2.04364231e+00,-2.18659673e-02,-4.82517593e-04,-5.79972472e-05,-1.01495999e-04,-8.15703786e-05,1.22837304e-06,8.84691834e-05,1.24474702e-06
2.500680,2.05687562e+00,3.05324135e-03,1.49204799e-02,6.10015661e-04,2.25016826e-04,1.21624855e-04,1.12876603e-05,8.84707840e-05,9.50962564e-07
2.502321,2.06963414e+00,-3.09741310e-03,1.09151070e-02,2.73956293e-04,1.09349688e-04,5.14176787e-05,4.87104168e-06,8.84739153e-05,9.27570801e-07
2.503962,2.08183517e+00,-2.26717098e-02,-1.07862837e-03,-8.89030278e-04,-5.04967582e-05,-4.40352449e-05,-4.83174295e-06,8.84765622e-05,9.02488754e-07
2.505603,2.09337489e+00,-4.11402390e-03,9.70318090e-03,-5.08687272e-04,5.85029660e-05,2.31517658e-05,-3.07268083e-06,8.84781487e-05,7.28124879e-07
2.507243,2.10423373e+00,-2.24760614e-02,-1.08521978e-03,-3.58542744e-04,-7.04091978e-05,-5.15857580e-05,4.85551723e-07,8.84816206e-05,7.54969635e-07
2.508884,2.11435335e+00,6.42605919e-03,1.41463827e-02,6.69922256e-04,5.57060263e-05,1.64430258e-05,4.29331702e-06,8.84825336e-05,6.12143273e-07
2.510525,2.12375073e+00,-2.39083782e-02,-1.81075274e-03,-5.85375850e-04,-1.34244205e-04,-8.16584894e-05,-4.52500565e-06,8.84842274e-05,5.59469613e-07
2.512166,2.13235716e+00,-4.46000686e-03,7.67833179e-03,1.43064618e-05,-2.27311912e-05,-2.51678621e-05,-1.77051783e-06,8.84840024e-05,4.03304795e-07
2.513807,2.14017330e+00,-3.46851036e-03,7.87829675e-03,-1.16291695e-04,-7.93578388e-05,-5.06450859e-05,-5.16373165e-06,8.84874711e-05,4.30913990e-07
2.515448,2.14717193e+00,-1.29195343e-02,4.48974098e-03,-7.21135862e-04,-1.15847945e-04,-5.57232174e-05,-8.22963861e-06,8.84868799e-05,3.22595103e-07
2.517089,2.15337833e+00,-8.23755624e-03,5.70827523e-03,9.16384190e-05,9.35244946e-05,3.01485672e-05,6.55173484e-06,8.84877180e-05,2.66346521e-07
2.518729,2.15884871e+00,-1.22858733e-02,3.53827973e-03,-3.97023637e-04,3.50482506e-05,1.05089924e-06,8.29502002e-07,8.84864242e-05,2.22128448e-07
2.520370,2.16358091e+00,-1.47851792e-02,3.48301859e-03,2.51337894e-05,3.86288701e-05,1.33061248e-05,5.58259051e-06,8.84895233e-05,2.82904271e-07
2.522011,2.16753169e+00,-3.73296088e-03,7.41220045e-03,-9.09321020e-05,9.16774138e-05,3.04675498e-05,2.18173753e-06,8.84931103e-05,3.47288150e-07
2.523652,2.17068854e+00,6.74097273e-03,1.16503614e-02,5.82972277e-04,3.84536818e-05,1.14539802e-05,2.69363050e-06,8.84903390e-05,3.64495887e-07
2.525293,2.17304331e+00,5.18035039e-03,1.03212289e-02,3.56165670e-04,-6.30674699e-05,-3.20220548e-05,-2.44781452e-06,8.84910660e-05,4.60145394e-07
2.526934,2.17453847e+00,-2.62520460e-04,7.98533317e-03,3.72545622e-04,7.92267827e-05,1.86031095e-05,5.06565862e-06,8.84922335e-05,4.74322889e-07
2.528575,2.17519769e+00,-4.62257995e-03,6.42081865e-03,-4.92384105e-05,3.37597937e-05,3.63717323e-06,5.95559190e-07,8.84925607e-05,4.88981781e-07
2.530216,2.17506021e+00,-1.93410924e-02,1.83048725e-03,-9.41831095e-04,-1.39268347e-04,-4.93586411e-05,-9.28527507e-06,8.84935157e-05,5.53231577e-07
2.531856,2.17412495e+00,1.20237454e-02,1.20704113e-02,3.55876719e-04,1.39417687e-04,4.21282364e-05,2.31525926e-06,8.84887294e-05,5.10759117e-07
2.533497,2.17245632e+00,3.35266281e-03,9.23810724e-03,7.79761081e-04,1.60181588e-04,4.61504325e-05,1.04829100e-05,8.84891772e-05,5.64276083e-07
2.535138,2.17006101e+00,1.19396440e-03,7.91063651e-03,1.47836691e-06,1.42942467e-04,3.45448039e-05,3.75656041e-06,8.84908240e-05,6.15295232e-07
2.536779,2.16694965e+00,1.20079191e-03,8.35227982e-03,6.26074130e-04,6.60793757e-05,1.63769412e-05,7.05252355e-06,8.84919710e-05,6.93860065e-07
2.538420,2.16310911e+00,-1.04066475e-02,5.76012672e-03,2.22879602e-04,-1.39328523e-05,-1.16434188e-08,4.20126935e-06,8.84915840e-05,7.65693867e-07
2.540061,2.15853564e+00,8.89381037e-03,1.06818329e-02,5.79432262e-05,1.75408711e-04,4.72456044e-05,2.13251684e-06,8.84887894e-05,7.44225756e-07
2.541702,2.15331013e+00,1.99973298e-03,8.61034445e-03,2.49588423e-04,2.07970695e-05,4.81569421e-06,1.49101383e-06,8.84884423e-05,7.81083526e-07
2.543342,2.14743261e+00,-4.86560906e-03,7.00242577e-03,1.98740081e-04,-1.83447772e-05,-4.69826463e-06,1.33024299e-06,8.84875648e-05,8.49412160e-07
2.544983,2.14089967e+00,1.20635507e-02,1.15551658e-02,9.48436106e-04,1.18026955e-04,3.21881682e-05,7.19229278e-06,8.84855381e-05,8.53211010e-07
2.546624,2.13375754e+00,7.14709754e-03,1.00838287e-02,3.04225316e-04,7.38048322e-05,1.76754687e-05,6.03504821e-07,8.84844246e-05,8.88597435e-07
2.548265,2.12602800e+00,-6.69333377e-03,7.19312745e-03,8.47984702e-05,1.47057247e-05,5.32934135e-06,1.34164781e-06,8.84881402e-05,1.03961534e-06
2.549906,2.11772583e+00,2.04055129e-02,1.21679279e-02,1.03415035e-03,2.25144904e-04,4.29033081e-05,8.42304804e-06,8.84793988e-05,8.53908364e-07
2.551547,2.10898912e+00,2.68290968e-03,8.83728721e-03,4.84851309e-04,1.68183332e-05,3.15319032e-06,2.18117403e-06,8.84804174e-05,9.87808207e-07
2.553188,2.09973307e+00,-1.23211277e-02,6.13318430e-03,-3.10582270e-04,-1.13800975e-04,-2.05815025e-05,-3.94184774e-06,8.84794701e-05,1.05482354e-06
2.554829,2.08992449e+00,1.89251922e-02,1.13674295e-02,4.96598822e-04,2.01839880e-04,3.22740375e-05,4.92894529e-06,8.84788901e-05,1.05352723e-06
2.556469,2.07967448e+00,2.14287618e-03,8.81799187e-03,2.60622839e-04,4.17776836e-05,7.20625252e-06,3.17211478e-06,8.84752657e-05,1.05414909e-06
2.558110,2.06900966e+00,3.62049757e-03,9.05270137e-03,7.98762732e-04,5.40138566e-05,8.35562456e-06,8.34189184e-06,8.84722679e-05,1.04600243e-06
2.559751,2.05797244e+00,2.12376103e-03,9.06961911e-03,-2.14007798e-04,1.13597030e-09,3.67092639e-06,-3.58471399e-06,8.84732986e-05,1.15633365e-06
2.561392,2.04655615e+00,-1.14682656e-03,8.36144508e-03,7.69992589e-04,7.25705734e-05,7.50300823e-06,9.59695565e-06,8.84712381e-05,1.14563160e-06
2.563033,2.03482591e+00,1.01962981e-02,9.92454544e-03,3.96070477e-04,1.61356084e-04,1.83053573e-05,4.69189179e-06,8.84656612e-05,1.04935838e-06
2.564674,2.02290568e+00,-8.26612328e-03,8.11570022e-03,-1.01385859e-04,1.12769647e-04,9.51812626e-06,4.93967824e-06,8.84661862e-05,1.11267670e-06
2.566315,2.01084972e+00,7.34360991e-03,1.01010610e-02,1.59306544e-04,3.03683352e-04,2.87763840e-05,8.80230434e-06,8.84630104e-05,1.04449974e-06
2.567955,1.99879359e+00,-7.25542563e-03,9.54128996e-03,-1.45181878e-04,1.09049596e-04,1.71459286e-05,4.51201831e-06,8.84632142e-05,1.14529017e-06
2.569596,1.98671203e+00,7.15182534e-03,9.93609682e-03,1.36231753e-04,1.95752148e-04,1.56092195e-05,5.67207313e-06,8.84610879e-05,1.15196860e-06
2.571237,1.97462979e+00,5.55441328e-03,9.49577698e-03,-5.18774549e-06,1.73430548e-04,8.63159658e-06,4.09885791e-06,8.84600843e-05,1.28279906e-06
2.572878,1.96249067e+00,3.66590331e-03,9.26686477e-03,-3.92834682e-05,4.74907645e-05,3.05508615e-06,1.34271467e-07,8.84598580e-05,1.44222492e-06
2.574519,1.95023946e+00,-1.93341461e-02,9.14189220e-03,-8.83035170e-04,-2.53230430e-04,1.62501779e-06,-1.09545549e-05,8.84556637e-05,1.37073725e-06
2.576160,1.93780307e+00,5.85274464e-03,9.88523279e-03,1.15617779e-04,2.14466700e-05,8.28253588e-06,-1.01008959e-08,8.84558752e-05,1.55337080e-06
2.577801,1.92522129e+00,2.05450621e-02,8.83120619e-03,8.22323561e-04,1.23388958e-04,-2.12457609e-06,5.34286368e-06,8.84511770e-05,1.36870329e-06
2.579442,1.91265244e+00,9.33364868e-03,9.24023760e-03,5.83809544e-04,3.74769234e-05,-4.67814311e-07,3.64709847e-06,8.84486448e-05,1.41611826e-06
2.581082,1.90013184e+00,-6.43690722e-03,1.04337319e-02,2.72551969e-05,-4.86796891e-05,7.06561345e-06,-7.30448730e-09,8.84465583e-05,1.28015251e-06
2.582723,1.88771840e+00,6.21905153e-03,9.58808632e-03,5.64503091e-04,9.22515370e-05,-5.16407754e-06,5.73097432e-06,8.84475753e-05,1.53440889e-06
2.584364,1.87540321e+00,2.76713348e-03,9.75665996e-03,2.34267943e-04,5.51119154e-05,-3.41624367e-06,2.64658083e-06,8.84425676e-05,1.25754320e-06
2.586005,1.86330186e+00,6.31137790e-03,9.73497953e-03,1.09900029e-04,1.00937866e-04,-6.76513034e-06,2.01467421e-06,8.84425004e-05,1.45593415e-06
2.587646,1.85143025e+00,-4.81921015e-03,1.09296328e-02,-3.32008977e-04,-6.86008664e-05,1.18373842e-05,-3.92357037e-06,8.84410613e-05,1.44342113e-06
2.589287,1.83982083e+00,8.29983444e-03,8.68180195e-03,7.21641138e-04,9.17995744e-05,-1.61026650e-05,7.49035171e-06,8.84378141e-05,1.41841171e-06
2.590928,1.82851820e+00,5.33851861e-03,9.94809623e-03,4.51121223e-04,4.31470679e-05,-1.49581696e-06,4.04593233e-06,8.84359460e-05,1.43537969e-06
2.592568,1.81747181e+00,7.96454125e-03,9.44136814e-03,5.25798215e-04,3.92821264e-05,-2.24966184e-06,3.30120942e-06,8.84378475e-05,1.66073801e-06
2.594209,1.80666212e+00,-4.07881187e-03,1.19812665e-02,-1.04650295e-04,7.91847139e-05,-9.97605158e-06,2.23135802e-06,8.84312744e-05,1.24636939e-06
2.595850,1.79633054e+00,9.58352503e-04,1.11769927e-02,1.13179471e-04,2.15977968e-05,2.39135132e-06,1.20099779e-06,8.84294758e-05,1.27103592e-06
2.597491,1.78648561e+00,9.02257784e-03,9.08665812e-03,1.02497970e-04,3.43901421e-05,-3.98221216e-06,-1.54481506e-06,8.84297990e-05,1.42716828e-06
2.599132,1.77703844e+00,1.34948465e-02,7.76154733e-03,2.21467592e-04,1.27086972e-04,-3.06840623e-05,2.25489769e-06,8.84302663e-05,1.56947257e-06
2.600773,1.76799792e+00,-7.41672315e-04,1.15776800e-02,-1.03473135e-04,-6.32524601e-05,2.00017958e-05,-2.19765416e-06,8.84279225e-05,1.51238221e-06
2.602414,1.75932553e+00,1.66192287e-02,6.42726071e-03,2.08055174e-04,8.16490692e-05,-2.28773693e-05,4.28912091e-07,8.84286487e-05,1.66894177e-06
2.604055,1.75102833e+00,1.18651324e-02,7.41107413e-03,6.89326975e-04,-7.00827393e-05,1.94536522e-05,1.73472234e-06,8.84256081e-05,1.72720133e-06
2.605695,1.74306482e+00,1.09911987e-02,7.65222986e-03,3.21544194e-04,2.91924960e-06,-5.77787649e-06,2.32617239e-07,8.84243000e-05,1.64641200e-06
2.607336,1.73546216e+00,2.76205331e-03,1.04612619e-02,-1.23934295e-04,1.49520981e-04,-5.87746409e-05,3.38654395e-06,8.84244630e-05,1.56336793e-06
2.608977,1.72838679e+00,-3.84722561e-03,1.29953874e-02,-8.91213124e-05,3.35505757e-05,-1.57755262e-05,2.34243865e-06,8.84256248e-05,1.77405571e-06
2.610618,1.72186261e+00,6.62160567e-03,9.08334274e-03,1.55868293e-04,1.17481207e-04,-4.83380709e-05,3.57023078e-06,8.84226881e-05,1.58473467e-06
2.612259,1.71586975e+00,-1.48537952e-03,1.23059351e-02,-3.04509718e-04,-1.03548912e-04,4.38546117e-05,-5.49921960e-06,8.84227071e-05,1.79682041e-06
2.613900,1.71016677e+00,5.96647582e-03,9.26496268e-03,3.37158213e-04,-5.27726376e-05,2.45081064e-05,-5.26715962e-08,8.84224759e-05,1.87451613e-06
2.615541,1.70474673e+00,-5.90862978e-04,1.27421260e-02,1.56162000e-04,-1.03854570e-04,5.31165208e-05,-1.93306583e-06,8.84218858e-05,1.88147901e-06
2.617181,1.69962036e+00,6.25480008e-03,9.20328851e-03,4.30753812e-04,-8.50654610e-05,4.17241795e-05,-1.34809956e-06,8.84195542e-05,1.85158465e-06
2.618822,1.69475373e+00,3.07451583e-03,1.07650120e-02,3.07972108e-04,-1.17401604e-04,5.87974932e-05,-2.49636247e-06,8.84193220e-05,1.90495813e-06
2.620463,1.69009344e+00,4.13111919e-03,1.00179045e-02,-1.30445106e-04,-1.62838778e-04,8.32718637e-05,-7.98846639e-06,8.84179584e-05,1.80175315e-06
2.622104,1.68569363e+00,2.20274770e-02,-4.25402843e-04,7.15476611e-04,9.60491541e-05,-6.51375525e-05,3.90322451e-06,8.84184330e-05,1.89485152e-06
2.623745,1.68168575e+00,1.70296211e-02,2.47168804e-03,3.07640126e-04,3.60633521e-05,-2.85123056e-05,-2.41720204e-07,8.84181527e-05,1.79940285e-06
2.625386,1.67808570e+00,9.04063618e-03,6.88904957e-03,9.77396971e-06,-6.19262975e-05,2.94859927e-05,-3.63417264e-06,8.84167294e-05,1.76196393e-06
2.627027,1.67478153e+00,5.62446399e-03,9.54287863e-03,1.17740605e-04,-8.97263596e-05,5.58553615e-05,-2.43761546e-06,8.84189086e-05,2.01839534e-06
2.628668,1.67167668e+00,1.93639248e-03,1.16837974e-02,1.01734682e-04,-1.59603140e-04,1.02387964e-04,-3.81150650e-06,8.84152634e-05,1.63115977e-06
2.630308,1.66879019e+00,1.63825607e-02,1.30742179e-03,7.89045732e-04,-1.06979932e-05,-8.82201982e-07,3.01894927e-06,8.84165498e-05,1.89931144e-06
2.631949,1.66608953e+00,-1.75964114e-03,1.42557593e-02,5.16209506e-05,-1.79548595e-04,1.23205551e-04,-4.58875857e-06,8.84138841e-05,1.61181171e-06
2.633590,1.66361657e+00,1.82163327e-02,-6.48648772e-04,4.38550596e-04,6.29404681e-05,-5.71673809e-05,4.84836224e-07,8.84133465e-05,1.54960056e-06
2.635231,1.66155342e+00,4.20105642e-03,9.50947104e-03,5.32687945e-05,-8.92860526e-05,5.67681390e-05,-3.59831106e-06,8.84122950e-05,1.37692615e-06
2.636872,1.65982808e+00,-7.25571929e-03,1.89583296e-02,-2.66772922e-04,-1.58053164e-04,1.18968380e-04,-4.48160375e-06,8.84144130e-05,1.65788608e-06
2.638513,1.65827494e+00,8.48054645e-03,5.72086992e-03,6.41813769e-04,4.03791892e-05,-4.64956839e-05,5.78928504e-06,8.84155136e-05,1.58021365e-06
2.640154,1.65702277e+00,1.30459291e-02,2.08470970e-03,2.59987050e-04,6.11801736e-05,-6.05122446e-05,1.04094114e-06,8.84137932e-05,1.54512002e-06
2.641794,1.65612327e+00,-2.13858324e-03,1.54423661e-02,-1.52049743e-04,2.49813761e-05,-3.14933676e-05,1.40190193e-06,8.84137350e-05,1.38550120e-06
2.643435,1.65560590e+00,1.86981715e-03,1.14221472e-02,-3.62666957e-04,8.85919827e-05,-9.35281874e-05,3.93500554e-07,8.84152998e-05,1.43518178e-06
2.645076,1.65551596e+00,1.12713290e-02,2.17711746e-03,6.00550968e-04,1.55143325e-04,-1.61657506e-04,8.58292795e-06,8.84127414e-05,1.19300033e-06
2.646717,1.65593451e+00,5.22046083e-03,7.77370334e-03,4.00275587e-05,7.88466660e-05,-9.02545696e-05,2.26638376e-06,8.84140995e-05,1.32521402e-06
2.648358,1.65671421e+00,6.91193025e-03,5.79214778e-03,-1.59211913e-04,1.03986124e-04,-1.19269143e-04,1.09738540e-06,8.84137633e-05,1.26386101e-06
2.649999,1.65781779e+00,7.40513676e-03,5.84887787e-03,-1.90101504e-04,1.31442577e-04,-1.44231947e-04,2.09798915e-06,8.84154554e-05,1.39719897e-06
2.651640,1.65923476e+00,8.96961582e-03,3.38609661e-03,3.32798623e-04,4.32936364e-05,-5.36617356e-05,3.23300539e-06,8.84145102e-05,1.36793558e-06
2.653280,1.66086306e+00,1.28191866e-02,-1.40986784e-03,3.50782599e-04,1.70779001e-04,-2.07958815e-04,6.68007446e-06,8.84143015e-05,1.38644717e-06
2.654921,1.66275000e+00,6.03904625e-03,5.62130061e-03,-7.76226547e-05,1.16937169e-04,-1.56208387e-04,3.22253205e-06,8.84147167e-05,1.29830960e-06
2.656562,1.66494635e+00,1.27722089e-02,-2.05009760e-03,6.37521780e-04,9.92438196e-05,-1.27943993e-04,7.07928507e-06,8.84155136e-05,1.38263453e-06
2.658203,1.66733808e+00,3.35605638e-03,9.25270526e-03,-1.76228998e-04,3.05025743e-06,-1.14511382e-05,-1.13835598e-06,8.84164051e-05,1.44283666e-06
2.659844,1.66978043e+00,3.42838559e-03,9.38817478e-03,-2.63223210e-04,3.31002910e-05,-4.95831162e-05,-9.36739697e-07,8.84162461e-05,1.31812745e-06
2.661485,1.67231397e+00,3.45761315e-03,9.42020481e-03,-4.95656553e-04,5.95743555e-05,-8.43359608e-05,-1.75635532e-06,8.84181127e-05,1.39560262e-06
2.663126,1.67492325e+00,1.04780050e-03,1.21970813e-02,-5.07333959e-04,-2.31269770e-05,2.45705832e-05,-4.27954046e-06,8.84146167e-05,1.06708267e-06
2.664767,1.67758496e+00,8.85351658e-03,1.30259839e-03,-8.46041446e-05,1.41851589e-04,-2.11304451e-04,3.88151206e-06,8.84166175e-05,1.12999842e-06
2.666407,1.68035019e+00,5.03389130e-03,7.05063596e-03,-1.69835274e-04,1.10066709e-04,-1.65157529e-04,3.84020599e-06,8.84185134e-05,1.24681487e-06
2.668048,1.68322061e+00,6.86263013e-03,2.11305930e-03,1.59506014e-04,3.92042348e-05,-7.95026592e-05,3.07626487e-06,8.84182948e-05,1.15883772e-06
2.669689,1.68616117e+00,7.46849738e-03,1.43788698e-03,-1.48132196e-04,5.38713490e-05,-9.94606225e-05,6.61539910e-07,8.84169721e-05,1.21217126e-06
2.671330,1.68907280e+00,7.74533463e-03,7.81034747e-04,1.26174969e-04,2.42504979e-06,-1.50303698e-05,4.37912634e-07,8.84194679e-05,1.31256472e-06
2.672971,1.69186659e+00,9.87475706e-03,-2.21091103e-03,1.96169975e-04,9.74371779e-05,-1.67799335e-04,4.57458103e-06,8.84202456e-05,1.21970329e-06
2.674612,1.69457545e+00,4.42383628e-03,5.81155637e-03,1.71901393e-04,-3.31662976e-06,-8.69713415e-06,2.47837483e-06,8.84185547e-05,1.09033256e-06
2.676253,1.69715247e+00,1.15039665e-02,-6.65203842e-03,3.96832770e-04,4.82095639e-05,-9.75143031e-05,3.52666792e-06,8.84198554e-05,1.20150751e-06
2.677893,1.69956810e+00,5.35297886e-03,4.90267840e-03,-1.60984566e-04,-2.40592905e-05,3.95775201e-05,-2.45089167e-06,8.84191007e-05,1.03969066e-06
2.679534,1.70179303e+00,7.30409549e-03,1.65908924e-04,1.49489344e-04,2.83723098e-05,-6.75227652e-05,2.47500845e-06,8.84193956e-05,1.05907141e-06
2.681175,1.70382470e+00,2.41241175e-03,9.29114553e-03,-4.80913003e-04,-1.64529418e-05,1.83940428e-05,-4.01137959e-06,8.84202514e-05,1.05643547e-06
2.682816,1.70562165e+00,1.10330084e-02,-7.35872769e-03,5.16217817e-04,3.62319838e-05,-7.98544407e-05,4.14822182e-06,8.84202516e-05,1.09084124e-06
2.684457,1.70719097e+00,1.10583345e-02,-8.76050335e-03,7.04459984e-04,2.24755828e-05,-6.22775717e-05,5.54803373e-06,8.84207744e-05,1.03683114e-06
2.686098,1.70851982e+00,8.66410780e-03,-4.19833255e-03,3.71163516e-05,2.23064710e-05,-6.15159670e-05,-1.30143500e-08,8.84202578e-05,1.02701935e-06
2.687739,1.70956998e+00,1.21023967e-02,-1.21565893e-02,2.51371103e-04,1.42357134e-05,-4.54457022e-05,-7.62735483e-07,8.84209176e-05,1.07871882e-06
2.689380,1.71030177e+00,8.03228727e-04,1.15351930e-02,-2.38097041e-04,-6.98016153e-05,1.34555634e-04,-4.36425884e-06,8.84214464e-05,1.03790468e-06
2.691020,1.71066083e+00,1.73343249e-03,9.83384898e-03,-3.77034237e-04,-8.73053648e-05,1.85776078e-04,-6.90774727e-06,8.84227249e-05,1.09908476e-06
2.692661,1.71059139e+00,-1.94366551e-03,1.93661337e-02,-3.18765652e-04,-1.17532234e-04,2.71752189e-04,-5.63465932e-06,8.84203272e-05,9.46527506e-07
2.694302,1.71011302e+00,5.75235287e-03,1.88255119e-04,3.73031378e-04,-5.37869419e-05,1.11261764e-04,2.45112337e-07,8.84176636e-05,6.96242918e-07
2.695943,1.70929173e+00,2.57234000e-03,7.30130952e-03,-1.20997509e-04,-2.17406652e-05,3.62794043e-05,-1.24462313e-06,8.84227820e-05,9.87534430e-07
2.697584,1.70805451e+00,8.37263351e-03,-8.27182858e-03,2.21656511e-04,4.26571185e-06,-4.01857385e-05,5.63013030e-07,8.84197383e-05,7.39222346e-07
2.699225,1.70646518e+00,5.20006541e-03,-1.41862509e-04,2.29540819e-04,-3.08473190e-05,5.60000793e-05,-4.69030132e-07,8.84185528e-05,7.22423085e-07
2.700866,1.70446312e+00,3.77616959e-04,1.31157376e-02,-2.76310359e-04,-4.87937752e-05,1.18079249e-04,-3.08386838e-06,8.84229535e-05,8.74854655e-07
2.702506,1.70200065e+00,4.66178511e-03,1.75610638e-03,6.64259976e-05,1.95777346e-05,-6.51372283e-05,2.40023660e-06,8.84200598e-05,6.74994062e-07
2.704147,1.69919208e+00,9.83110214e-03,-1.56203381e-02,8.17713098e-04,-7.87757099e-06,-1.56927863e-05,4.09100451e-06,8.84180559e-05,6.19030173e-07
2.705788,1.69601769e+00,5.17666399e-03,-1.09083503e-03,9.81936218e-05,-5.59746965e-05,1.46410564e-04,-3.35582507e-06,8.84190690e-05,7.45118653e-07
2.707429,1.69237154e+00,3.85128427e-03,3.20996525e-03,-2.16334427e-05,-2.52135211e-05,6.81900064e-05,-1.72467609e-06,8.84196231e-05,6.67005552e-07
2.709070,1.68826551e+00,7.91775182e-03,-1.03263840e-02,5.09612861e-04,7.67268131e-06,-3.97281094e-05,2.25798779e-06,8.84189695e-05,6.62138557e-07
2.710711,1.68371021e+00,5.27500746e-03,-1.57880244e-03,-2.50639058e-05,-4.18470211e-05,1.25475153e-04,-4.81671496e-06,8.84168321e-05,5.81371438e-07
2.712352,1.67866593e+00,4.23440065e-03,-7.78739128e-04,6.58677341e-05,-4.46636031e-05,1.22528416e-04,-3.18735921e-06,8.84194904e-05,6.89495160e-07
2.713993,1.67309455e+00,2.72467923e-03,4.79876300e-03,-1.22864181e-04,-1.97073772e-05,5.43780726e-05,-1.95254091e-06,8.84185474e-05,6.09870806e-07
2.715633,1.66703969e+00,1.47087344e-03,8.23845753e-03,-7.76000044e-04,-4.47271225e-05,1.33697397e-04,-8.97743084e-06,8.84151024e-05,5.07497415e-07
2.717274,1.66051179e+00,6.14372772e-03,-7.12309541e-03,6.82972482e-05,-2.49070460e-05,7.82766862e-05,-2.67997621e-06,8.84147567e-05,4.68593607e-07
2.718915,1.65348923e+00,4.02279528e-03,-1.94162373e-03,-1.42813039e-04,-3.28356999e-05,9.37517173e-05,-4.20169870e-06,8.84133042e-05,4.42624716e-07
2.720556,1.64595112e+00,3.56182929e-03,-1.50665516e-04,1.24906796e-04,-4.13914944e-05,1.34006031e-04,-2.20388037e-06,8.84138539e-05,4.76389678e-07
2.722197,1.63789768e+00,5.69008907e-03,-7.83168348e-03,1.04932588e-04,-2.32658605e-05,7.39505660e-05,-2.93832005e-06,8.84128582e-05,4.34277646e-07
2.723838,1.62933078e+00,5.25838260e-03,-6.10241807e-03,1.89047342e-04,-2.59180694e-05,9.16377119e-05,-2.67117591e-06,8.84095868e-05,3.53354430e-07
2.725479,1.62026636e+00,3.68700102e-03,-1.24340643e-03,-1.88110007e-04,-4.30709630e-05,1.53499833e-04,-6.44298295e-06,8.84097724e-05,3.70267243e-07
2.727119,1.61070069e+00,4.85209726e-03,-5.08209720e-03,7.49546908e-04,1.46768139e-06,-1.66733197e-05,6.08950455e-06,8.84058820e-05,2.49041418e-07
2.728760,1.60067787e+00,4.80890866e-03,-6.84195962e-03,1.08275878e-04,2.02800906e-05,-1.08425064e-04,1.33245036e-06,8.84068810e-05,2.70212786e-07
2.730401,1.59018293e+00,4.69713724e-03,-5.43768072e-03,4.41998234e-05,4.61827902e-06,-3.00427612e-05,-9.84403944e-07,8.84064072e-05,2.69163837e-07
2.732042,1.57918216e+00,2.69638159e-03,1.53558224e-03,-3.71133927e-04,-2.46436107e-05,8.55577573e-05,-6.21207050e-06,8.84042974e-05,2.42112683e-07
2.733683,1.56765936e+00,2.98957625e-03,-9.30237120e-04,-2.79070905e-04,-2.54476235e-05,8.49073883e-05,-5.44268926e-06,8.84024901e-05,2.13404987e-07
2.735324,1.55562317e+00,5.15868034e-03,-9.20096384e-03,2.55132888e-05,-3.44741215e-05,1.50586622e-04,-5.99749619e-06,8.84017666e-05,2.26232227e-07
2.736965,1.54303071e+00,2.64040984e-03,2.56951808e-03,-1.13090502e-04,-3.39321814e-05,1.62594523e-04,-4.79048477e-06,8.84015152e-05,2.14447662e-07
2.738606,1.52987979e+00,5.71596116e-03,-1.38413061e-02,5.87622956e-04,2.45087407e-05,-1.35262117e-04,6.25782732e-06,8.83974990e-05,1.66135009e-07
2.740246,1.51625062e+00,4.06869416e-03,-6.58197361e-03,2.66363965e-04,1.64179449e-06,-2.78625341e-05,1.69278323e-06,8.83956278e-05,1.71347822e-07
2.741887,1.50213569e+00,5.16200690e-03,-1.26280393e-02,4.53540578e-04,1.98653748e-05,-1.21493407e-04,4.61782825e-06,8.83942443e-05,1.58028697e-07
2.743528,1.48753996e+00,5.00966200e-03,-1.21570661e-02,2.02731432e-05,8.46794648e-06,-6.24787964e-05,-1.10370202e-06,8.83942423e-05,1.07994809e-07
2.745169,1.47243565e+00,7.25440304e-03,-2.38687758e-02,6.51693979e-04,1.66720993e-05,-9.76062390e-05,3.35675966e-06,8.83923454e-05,9.41707687e-08
2.746810,1.45681626e+00,3.27577187e-03,-5.51810694e-03,3.08791581e-04,-8.78562334e-06,1.66800528e-05,2.10478894e-06,8.83886641e-05,1.19942001e-07
2.748451,1.44068433e+00,3.11771976e-03,-2.64878208e-03,2.16723833e-04,-1.41389203e-05,7.59443995e-05,1.43681903e-07,8.83891760e-05,7.46176676e-08
2.750092,1.42403183e+00,3.65403764e-03,-6.81613798e-03,2.47665673e-04,-1.88907848e-06,-7.80820914e-07,8.83335911e-07,8.83855156e-05,1.55473418e-07
2.751732,1.40689497e+00,4.60957939e-03,-1.11377197e-02,4.00301111e-04,2.95913040e-05,-1.78138862e-04,6.24167338e-06,8.83840690e-05,1.58091037e-07
2.753373,1.38930803e+00,3.78460620e-03,-9.69816948e-03,3.37064218e-04,1.07580020e-05,-1.01964202e-04,3.77705070e-06,8.83811078e-05,2.23078425e-07
2.755014,1.37128382e+00,4.45910726e-03,-1.49122966e-02,1.80727111e-04,3.33474477e-05,-2.59489324e-04,4.79585244e-06,8.83818233e-05,1.55384089e-07
2.756655,1.35283763e+00,3.16989879e-03,-5.58830378e-03,-1.14235194e-04,1.52089047e-06,-4.11265189e-05,-1.59778567e-06,8.83786205e-05,1.72506293e-07
2.758296,1.33395375e+00,2.67875844e-03,-4.31490661e-03,-4.02969929e-05,2.97043791e-06,-7.11374894e-05,7.06886540e-07,8.83769471e-05,1.90746423e-07
2.759937,1.31464170e+00,3.52303796e-03,-6.93989266e-03,3.41661515e-04,1.01167311e-05,-8.84977299e-05,4.55208467e-06,8.83725232e-05,3.45485838e-07
2.761578,1.29496079e+00,3.15268726e-03,-4.38924833e-03,-4.60522601e-05,-2.58326697e-06,2.64563401e-06,-1.08824324e-06,8.83724981e-05,2.30821964e-07
2.763219,1.27484977e+00,2.16748936e-03,4.36918271e-03,-3.38988407e-04,-1.57894925e-05,1.32094177e-04,-4.83562867e-06,8.83709063e-05,1.99609635e-07
2.764859,1.25426343e+00,2.25548660e-03,3.80593785e-03,-1.89930078e-04,-1.13969881e-06,2.03155066e-05,-7.98515728e-07,8.83689663e-05,2.51305050e-07
2.766500,1.23325971e+00,4.74031106e-03,-1.71972364e-02,3.04191740e-04,1.88436630e-05,-1.55917534e-04,3.36263360e-06,8.83671976e-05,2.86296400e-07
2.768141,1.21190246e+00,3.73899080e-03,-9.32794229e-03,2.88206012e-04,-1.27028473e-05,1.28808470e-04,-2.81136963e-06,8.83641626e-05,2.86729286e-07
2.769782,1.19014260e+00,3.03535720e-03,-3.02667235e-03,-3.73335875e-06,-9.00542670e-06,9.88284814e-05,-3.13294336e-06,8.83620060e-05,2.87332849e-07
2.771423,1.16798203e+00,3.05015396e-03,-2.47718532e-03,1.50185630e-04,1.44746459e-06,-1.30645575e-06,1.48476147e-06,8.83610809e-05,2.86667999e-07
2.773064,1.14547902e+00,2.96764757e-03,-6.48024166e-04,4.91645501e-05,-1.51242001e-06,3.57514824e-05,1.19910502e-08,8.83582387e-05,3.59504281e-07
2.774705,1.12268792e+00,3.46823908e-03,-9.51310555e-03,-7.33664369e-06,2.98582724e-06,-5.98229093e-05,-7.03600729e-07,8.83572300e-05,3.51743950e-07
2.776345,1.09960769e+00,3.29247002e-03,-8.35360385e-03,1.18674562e-04,-6.04310101e-06,6.04217145e-05,-2.41622152e-06,8.83540669e-05,3.83762609e-07
2.777986,1.07622988e+00,4.20356449e-03,-2.49456996e-02,5.72849086e-04,6.36480836e-07,-6.23361786e-05,8.47330080e-07,8.83516256e-05,4.21280452e-07
2.779627,1.05259425e+00,3.68295741e-03,-1.08113422e-02,3.17620307e-04,4.07456656e-06,-4.55727815e-05,2.01626388e-06,8.83528996e-05,3.78556319e-07
2.781268,1.02866339e+00,4.24042131e-03,-2.38815910e-02,6.74221721e-04,6.49877562e-06,-1.20359736e-04,3.78608720e-06,8.83481030e-05,4.62564579e-07
2.782909,1.00457039e+00,3.08916636e-03,-2.84980618e-03,4.12899385e-04,-2.15902602e-06,2.38731399e-05,2.75681551e-06,8.83464462e-05,4.76031752e-07
2.784550,9.80303275e-01,3.90426710e-03,-1.56526129e-02,3.28881252e-04,2.77114395e-06,9.56534590e-06,-9.50674758e-07,8.83450922e-05,4.40078425e-07
2.786191,9.55850199e-01,3.10544569e-03,6.22819639e-03,-5.40512107e-05,-2.19878164e-06,1.44113699e-04,-2.35222061e-06,8.83437396e-05,4.78705999e-07
2.787832,9.31298122e-01,3.26509869e-03,5.60742077e-03,-2.55186839e-04,-1.13539455e-06,2.23062015e-05,-1.31448275e-06,8.83403286e-05,5.99179776e-07
2.789472,9.06780507e-01,3.89338472e-03,8.42225720e-03,-3.59910472e-04,3.89631103e-06,4.61074749e-05,-2.20680595e-06,8.83381794e-05,7.35926823e-07
2.791113,8.82360864e-01,3.59152400e-03,-2.07850785e-02,5.57551087e-04,-4.23482377e-06,-3.49879325e-04,9.87553753e-06,8.83372253e-05,7.81745242e-07
2.792754,8.58288872e-01,3.49800149e-03,-1.47482424e-02,4.20717920e-04,-8.53131712e-06,-2.32713205e-04,7.04536492e-06,8.83349647e-05,8.37750442e-07
2.794395,8.34630128e-01,4.74688814e-03,6.50522745e-03,-2.43232686e-04,2.95208162e-06,-1.27427696e-05,3.34087833e-07,8.83346272e-05,7.74935083e-07
2.796036,8.11252686e-01,4.50347793e-03,3.94079348e-03,-1.39663046e-04,-2.07158779e-07,-2.98539232e-05,9.70425478e-07,8.83331046e-05,6.84659805e-07
2.797677,7.88121607e-01,3.25240627e-03,-1.45760328e-02,3.72726905e-04,-6.28411742e-06,-9.97170401e-05,2.96529412e-06,8.83315530e-05,6.69653530e-07
2.799318,7.65283216e-01,3.45884820e-03,-1.26483741e-02,5.35382240e-04,-5.96503032e-06,-8.61646404e-05,4.48728846e-06,8.83299046e-05,6.72413704e-07
2.800958,7.42768928e-01,3.03413042e-03,-1.33857951e-02,3.88279949e-04,1.50979944e-05,1.37637725e-04,-3.79345417e-06,8.83285512e-05,6.42666101e-07
2.802599,7.20463766e-01,5.34304199e-03,2.42225141e-03,-1.32345507e-04,3.21811283e-05,2.21355594e-04,-7.13160769e-06,8.83273749e-05,6.50545835e-07
2.804240,6.98270437e-01,2.35912855e-03,-1.77322730e-02,4.36341124e-04,8.48178113e-06,4.96045683e-05,-2.22935885e-06,8.83265644e-05,6.88421957e-07
2.805881,6.76256058e-01,5.76705497e-03,1.51971143e-03,5.47885470e-05,3.65045218e-05,1.83949337e-04,-4.45176156e-06,8.83259745e-05,7.36613686e-07
2.807522,6.54459239e-01,5.20715234e-03,-2.84615630e-03,1.84631942e-04,2.65084834e-05,1.13447748e-04,-2.61250654e-06,8.83241681e-05,6.94931709e-07
2.809163,6.33126269e-01,2.05246696e-03,-1.68012998e-02,4.36737662e-04,-1.57779661e-05,-6.82632144e-05,9.64099552e-07,8.83225526e-05,7.40933065e-07
2.810804,6.12587348e-01,5.54858239e-03,-1.95866612e-03,1.07848725e-04,1.26694088e-05,5.34067270e-05,-1.54413959e-06,8.83220853e-05,7.17482199e-07
2.812445,5.92823137e-01,5.71457170e-03,-2.38541234e-03,3.06427585e-04,-2.99002490e-05,-1.02411334e-04,4.39769681e-06,8.83207695e-05,8.27385345e-07
2.814085,5.74057202e-01,4.43924767e-03,-6.68863681e-03,2.70680575e-04,-1.50363912e-05,-5.06133126e-05,1.49602243e-06,8.83199997e-05,7.83483130e-07
2.815726,5.56358211e-01,6.45354281e-03,-1.25802536e-03,1.36189820e-04,-5.71641630e-05,-1.63941568e-04,4.20409009e-06,8.83193904e-05,7.76398938e-07
2.817367,5.39847607e-01,6.99872502e-03,-4.70003869e-04,1.25923746e-04,-1.51990377e-05,-5.35972478e-05,1.55427254e-06,8.83187147e-05,7.25956349e-07
2.819008,5.24503603e-01,2.75528781e-03,-1.00323683e-02,3.86080934e-04,-6.43154848e-05,-1.51394790e-04,4.19115209e-06,8.83174265e-05,8.25718625e-07
2.820649,5.10566401e-01,-5.34781576e-03,-2.59504084e-02,6.66101414e-04,-1.51154415e-04,-3.12250302e-04,6.82166907e-06,8.83177538e-05,6.69795572e-07
2.822290,4.98138988e-01,3.84215784e-03,-7.39525454e-03,2.07783300e-04,-6.97568494e-05,-1.37643606e-04,2.42282505e-06,8.83171736e-05,6.36881906e-07
2.823931,4.87067491e-01,5.40324271e-04,-1.27067945e-02,4.39851092e-04,-5.09569314e-05,-9.77247969e-05,2.77554521e-06,8.83167002e-05,6.38166702e-07
2.825571,4.77258233e-01,8.53347690e-03,-2.54053189e-05,1.44527016e-04,8.20526235e-07,-1.07600929e-05,3.68005544e-07,8.83165408e-05,8.08661430e-07
2.827212,4.68560621e-01,5.65497329e-03,-4.25728188e-03,2.29629020e-04,2.03287459e-05,1.83867468e-05,-2.07414202e-07,8.83160970e-05,8.57854209e-07
2.828853,4.60976987e-01,5.26300687e-03,-4.93618504e-03,3.11484742e-04,2.45136678e-05,2.81108216e-05,2.29510986e-07,8.83148777e-05,4.91185624e-07
2.830494,4.54639448e-01,-1.50083943e-03,-1.22154190e-02,3.18466842e-04,8.89819243e-05,1.05142948e-04,-2.11666543e-06,8.83150573e-05,9.48778933e-07
2.832135,4.49154453e-01,5.48985697e-03,-4.47945706e-03,2.72136880e-04,5.79034573e-05,6.72995352e-05,-9.38530694e-07,8.83154783e-05,1.21370589e-06
2.833776,4.44299210e-01,4.72574073e-03,-5.49616563e-03,1.77601912e-04,-1.54071233e-05,-6.78643881e-06,-6.94010664e-07,8.83150083e-05,9.09769430e-07
2.835417,4.40316589e-01,-6.20578110e-03,-1.43864736e-02,3.89784199e-04,-1.05098064e-04,-7.65074422e-05,1.22755756e-06,8.83144416e-05,5.80578305e-07
2.837058,4.37402094e-01,-2.02682712e-03,-1.02117140e-02,2.61806878e-04,-5.10704944e-05,-2.98553931e-05,-9.16166624e-08,8.83147627e-05,7.12463470e-07
2.838698,4.35431333e-01,6.75646577e-03,-3.65474649e-03,1.59774394e-04,-5.93481130e-05,-3.25831374e-05,-6.44520553e-07,8.83143683e-05,2.58277409e-07
2.840339,4.34530961e-01,-2.69654616e-04,-7.99902528e-03,3.44340732e-04,-3.75376658e-07,8.38535313e-06,8.51178574e-07,8.83139632e-05,2.62652034e-07
2.841980,4.34491917e-01,8.94052981e-03,-2.48000693e-03,2.87274042e-04,5.13782565e-05,3.17450982e-05,1.88125200e-07,8.83153652e-05,1.15180753e-06
2.843621,4.34858806e-01,1.48078156e-02,3.73371415e-04,2.31905005e-04,1.39404576e-04,7.58378958e-05,-5.64859258e-07,8.83145790e-05,7.26686467e-07
2.845262,4.35576479e-01,-5.08173524e-03,-9.19892591e-03,2.44875106e-04,-3.48749962e-05,-1.04818695e-05,-1.40091086e-07,8.83149494e-05,8.88670567e-07
2.846903,4.36656538e-01,1.57789952e-02,-2.61488200e-04,2.61819132e-04,1.52486354e-04,6.94496309e-05,8.76070156e-08,8.83144620e-05,3.91617660e-07
2.848544,4.38072586e-01,2.22160070e-02,1.52857370e-03,3.84934521e-04,3.05165541e-04,1.14199518e-04,1.94018085e-06,8.83146727e-05,4.81248604e-07
2.850184,4.39695267e-01,3.14030201e-03,-5.06728194e-03,3.34546873e-04,6.67628244e-05,3.17639978e-05,1.05178279e-06,8.83145212e-05,2.86508644e-07
2.851825,4.41539926e-01,1.97979899e-02,-5.54224629e-04,3.62852243e-04,1.65763550e-04,5.29605782e-05,8.53774599e-07,8.83149184e-05,3.26736201e-07
2.853466,4.43473216e-01,6.86942886e-04,-5.52560220e-03,1.75235083e-04,4.26067824e-05,1.67502840e-05,-1.44020522e-07,8.83153377e-05,3.22519865e-07
2.855107,4.45453762e-01,1.12752733e-02,-3.35431698e-03,4.18480007e-04,4.71932462e-05,1.56084534e-05,1.23671568e-06,8.83153990e-05,1.46529727e-07
2.856748,4.47443597e-01,9.63745331e-03,-3.86077766e-03,3.03560520e-04,-4.14588284e-05,-6.44509140e-07,-8.13264869e-07,8.83151257e-05,6.15176805e-08
2.858389,4.49398161e-01,5.81363920e-04,-5.08408393e-03,3.46986202e-05,-1.36258756e-04,-1.15829181e-05,-3.44634633e-06,8.83152088e-05,8.75111765e-08
2.860030,4.51256423e-01,9.27582495e-03,-4.02963080e-03,2.34919939e-04,-8.93508571e-05,-2.57696541e-06,-1.85742238e-06,8.83151114e-05,1.54097237e-07
2.861670,4.52958977e-01,-5.19934303e-03,-5.09519438e-03,8.41413807e-05,-1.02923866e-04,-1.88668012e-06,-1.40054207e-06,8.83152256e-05,1.42680905e-07
2.863311,4.54427614e-01,-1.19551701e-02,-4.94881141e-03,-7.29641183e-05,-1.18162306e-04,5.64034795e-07,-2.01538552e-06,8.83159084e-05,1.48691374e-07
2.864952,4.55598255e-01,-2.74487789e-04,-4.62013340e-03,1.31296593e-04,8.73911455e-05,1.82459363e-06,1.57283994e-06,8.83159436e-05,2.02675659e-07
2.866593,4.56407964e-01,1.31396318e-02,-5.18595933e-03,3.66761062e-04,1.49749717e-04,-6.90566764e-06,2.60106046e-06,8.83161703e-05,2.46709533e-07
2.868234,4.56818788e-01,2.14548371e-03,-4.94694623e-03,1.34518018e-04,2.20893750e-06,-3.89855016e-06,-2.76798425e-07,8.83161402e-05,2.81760480e-07
2.869875,4.56825846e-01,8.02340066e-03,-5.38390589e-03,3.33735222e-04,1.39746079e-04,-1.72589251e-05,3.34502554e-06,8.83158582e-05,3.24201694e-07
2.871516,4.56399401e-01,-1.22761647e-02,-3.06088132e-03,-2.15073378e-05,-2.92589258e-05,9.99228035e-07,3.51511759e-07,8.83157950e-05,3.94019653e-07
2.873157,4.55560549e-01,1.32733296e-03,-4.84506197e-03,2.43804111e-04,2.06137122e-04,-3.40627998e-05,5.01629971e-06,8.83153578e-05,4.82272050e-07
2.874797,4.54222671e-01,-1.32614396e-02,-2.16040171e-03,-1.81684173e-04,3.34648257e-05,-6.84004455e-06,2.30100102e-07,8.83164065e-05,7.67257312e-07
2.876438,4.52352205e-01,4.34917789e-03,-5.86000580e-03,2.67183671e-04,2.43898118e-04,-5.69947200e-05,5.62211080e-06,8.83157841e-05,7.34124863e-07
2.878079,4.49904537e-01,-7.04149800e-03,-3.16083579e-03,1.90429343e-05,1.32677973e-04,-3.78096532e-05,3.44892567e-06,8.83154280e-05,7.24063570e-07
2.879720,4.46966838e-01,-5.54051383e-04,-5.00071112e-03,2.69978986e-04,9.68229764e-05,-3.06411300e-05,3.50342676e-06,8.83153819e-05,7.77961483e-07
2.881361,4.43656805e-01,-6.53950847e-03,-3.19783750e-03,-5.00265291e-05,2.19003196e-05,-1.01062687e-05,2.24421448e-08,8.83154319e-05,8.20401100e-07
2.883002,4.40081834e-01,-7.48251217e-04,-5.37048842e-03,2.18527192e-04,-8.61522595e-06,-3.82534728e-07,3.74505019e-07,8.83150281e-05,7.90240010e-07
2.884643,4.36415593e-01,4.50873911e-03,-7.76912773e-03,3.41170204e-04,1.50543555e-05,-1.27477413e-05,8.35722456e-07,8.83149050e-05,7.73443904e-07
2.886283,4.32794520e-01,-6.29235504e-04,-5.80676476e-03,1.34670143e-04,-6.29843992e-05,2.19781874e-05,-1.96064342e-06,8.83147898e-05,8.29648692e-07
2.887924,4.29336495e-01,-3.69377949e-03,-4.44165251e-03,2.21338197e-04,-3.10468497e-05,8.00500353e-06,7.20866645e-07,8.83149910e-05,9.67981499e-07
2.889565,4.26010878e-01,-1.12256661e-02,-4.00109694e-04,-1.67526705e-04,-1.54724473e-04,7.96774164e-05,-5.03054287e-06,8.83146149e-05,9.64232202e-07
2.891206,4.22964541e-01,1.88130695e-04,-7.15321699e-03,3.41254311e-04,1.75401787e-05,-2.04283834e-05,1.91477025e-06,8.83147915e-05,1.15305579e-06
2.892847,4.20119990e-01,-7.40285906e-03,-2.34224833e-03,6.33148775e-05,8.05356995e-06,-1.45771592e-05,1.51967390e-06,8.83147472e-05,1.25994436e-06
2.894488,4.17453118e-01,-8.57045055e-03,-1.40614750e-03,-5.65397358e-05,1.92306655e-05,-2.45597333e-05,1.37807744e-06,8.83151867e-05,1.52501968e-06
2.896129,4.14927800e-01,-9.65156932e-03,-2.46898222e-04,-1.11494798e-04,-6.90348355e-05,4.62321043e-05,-2.60602778e-06,8.83151613e-05,1.56723616e-06
2.897770,4.12725442e-01,8.56092796e-04,-9.45472400e-03,3.79983758e-04,2.55442960e-05,-3.60237662e-05,1.71923620e-06,8.83145007e-05,1.10344435e-06
2.899410,4.11073315e-01,-2.84591653e-03,-6.29951963e-03,3.12965505e-04,-8.38678953e-06,-2.28722332e-06,9.85030578e-07,8.83142451e-05,1.08177938e-06
2.901051,4.10090119e-01,-2.01322953e-03,-7.59535339e-03,2.71246753e-04,2.50083209e-05,-3.89216576e-05,1.73634847e-06,8.83144966e-05,1.25259366e-06
2.902692,4.09742813e-01,-5.23884562e-03,-4.05265777e-03,8.99303922e-05,1.86371160e-06,-8.70956037e-06,3.31304384e-07,8.83140442e-05,1.03817644e-06
2.904333,4.10119476e-01,-1.41188415e-02,7.73750298e-03,-4.30877018e-04,-8.38203928e-05,1.08529495e-04,-4.75452134e-06,8.83145769e-05,1.36140092e-06
2.905974,4.11274308e-01,-1.35441250e-02,7.98544876e-03,-4.12368354e-04,-5.68607087e-05,9.40080777e-05,-3.72475540e-06,8.83135256e-05,7.87480694e-07
2.907615,4.13357847e-01,-8.63686770e-03,1.45355240e-03,-1.96165875e-04,-1.52365856e-05,4.33965714e-05,-2.24174612e-06,8.83138249e-05,8.13667556e-07
2.909256,4.16161236e-01,-2.92657632e-03,-8.51994607e-03,4.01829395e-04,-1.98081610e-05,4.23519667e-05,-1.19746401e-06,8.83147472e-05,9.78952545e-07
2.910896,4.19746025e-01,-8.37321090e-03,2.02513470e-03,-2.23308323e-04,-3.49779115e-05,8.05025976e-05,-4.23252424e-06,8.83146293e-05,8.26765465e-07
2.912537,4.24114923e-01,-8.76394916e-03,3.92299452e-03,-1.40569865e-04,-3.31379785e-05,8.78685939e-05,-3.00752066e-06,8.83148337e-05,8.01469787e-07
2.914178,4.29193973e-01,-4.98379070e-03,-5.22780753e-03,2.11240127e-04,7.69147760e-07,1.51316735e-06,1.46244823e-07,8.83153747e-05,1.01479833e-06
2.915819,4.34880709e-01,-4.48690242e-03,-6.89597868e-03,2.89415067e-04,-2.32772607e-05,7.03613366e-05,-3.16187672e-06,8.83157772e-05,9.11696015e-07
2.917460,4.41166285e-01,-3.28732855e-03,-1.20260437e-02,5.44466439e-04,-1.47565185e-05,3.09724634e-05,-1.23447248e-06,8.83162413e-05,9.68297307e-07
2.919101,4.47984937e-01,-4.42219193e-03,-8.73125507e-03,3.55803337e-04,-3.22345840e-05,1.13254178e-04,-5.47712917e-06,8.83163720e-05,8.61184085e-07
2.920742,4.55405691e-01,-5.54273961e-03,-4.35783922e-03,2.62012169e-04,-2.27279707e-05,9.78800393e-05,-3.50848706e-06,8.83165043e-05,7.04314663e-07
2.922383,4.63360298e-01,-6.88562450e-03,4.53562003e-03,-8.06790212e-05,-4.01796860e-06,1.07701256e-05,1.19585748e-06,8.83167095e-05,8.29326902e-07
2.924023,4.71679772e-01,-6.63347138e-03,5.49864899e-03,-2.69008407e-04,1.03276979e-06,-1.47567552e-05,9.06081640e-07,8.83172481e-05,8.13617292e-07
2.925664,4.80299342e-01,-5.31751370e-03,-1.22588359e-02,6.84065148e-04,1.03169041e-05,-2.07463388e-04,1.10994717e-05,8.83176512e-05,7.90653034e-07
2.927305,4.89106117e-01,-6.05985709e-03,8.72456838e-04,-1.43159372e-05,1.83905650e-06,-8.51990661e-05,4.41172177e-06,8.83174730e-05,5.27540476e-07
2.928946,4.98102442e-01,-5.86963989e-03,1.01983059e-02,-5.00768404e-04,-4.28154500e-09,-1.17294480e-04,5.37735879e-06,8.83181704e-05,6.37659931e-07
2.930587,5.07226886e-01,-6.08303677e-03,-1.14557889e-03,3.34913641e-05,-3.93608624e-06,-4.96066304e-05,2.00839619e-06,8.83187717e-05,5.00281722e-07
2.932228,5.16485864e-01,-4.30863576e-03,2.03259287e-02,-7.83828548e-04,-3.15320774e-06,-7.82935090e-05,5.44982877e-06,8.83191031e-05,4.42391964e-07
2.933869,5.25834635e-01,-6.42214033e-03,-5.27926922e-03,3.08813123e-04,-3.15490629e-05,-2.88048174e-04,1.42370089e-05,8.83191686e-05,3.90487385e-07
2.935509,5.35195662e-01,-8.75812703e-03,-2.09533040e-02,9.65650337e-04,-6.02703430e-05,-3.93405736e-04,1.84358268e-05,8.83202124e-05,3.45498195e-07
2.937150,5.44525295e-01,-3.63991285e-03,1.16040044e-02,-6.32458546e-04,-2.78531132e-05,-1.50103009e-04,6.54117424e-06,8.83207187e-05,3.74049517e-07
2.938791,5.53780286e-01,-5.40211580e-03,1.58517262e-03,1.86618477e-05,-7.92784483e-05,-3.40713011e-04,1.74502264e-05,8.83222305e-05,4.48019040e-07
2.940432,5.62870324e-01,-3.58476381e-03,8.87641980e-03,-5.41280325e-04,-7.07364058e-05,-2.55820920e-04,1.14417117e-05,8.83220724e-05,3.57003545e-07
2.942073,5.71793162e-01,-5.53532586e-03,2.44202224e-04,6.05714085e-05,-4.25447597e-05,-1.15699194e-04,6.56925845e-06,8.83229240e-05,3.21227199e-07
2.943714,5.80555075e-01,-6.61323455e-03,-2.77636607e-03,1.87550650e-04,-6.48261292e-05,-1.70593402e-04,9.07259612e-06,8.83226747e-05,2.58137468e-07
2.945355,5.89135237e-01,-3.69232377e-03,6.69081064e-03,-4.14113740e-04,-5.25572840e-07,4.63099638e-05,-3.04416130e-06,8.83245197e-05,3.19186032e-07
2.946996,5.97532606e-01,-3.24081783e-03,7.19512235e-03,-2.98580660e-04,-1.48053912e-05,-1.43080678e-05,1.35726278e-06,8.83231438e-05,1.22127732e-07
2.948636,6.05759505e-01,-9.34445336e-03,-8.74661661e-03,6.06506350e-04,-4.09530649e-05,-7.06224465e-05,5.19931315e-06,8.83248008e-05,2.52841131e-07
2.950277,6.13774984e-01,-3.74973306e-03,5.07004696e-03,-1.53406392e-04,4.92407108e-05,1.24151533e-04,-5.70774867e-06,8.83236530e-05,3.68516659e-08
2.951918,6.21646174e-01,-6.84165404e-03,-1.67270153e-03,1.08511625e-04,2.22166049e-05,5.38041234e-05,-2.85127302e-06,8.83244380e-05,8.09609297e-08
2.953559,6.29320050e-01,-5.90603580e-03,4.44547487e-04,1.64071694e-04,4.04382094e-05,8.69986955e-05,-3.19904522e-06,8.83260803e-05,2.16310794e-07
2.955200,6.36766891e-01,-8.56915919e-03,-4.62911492e-03,4.14230381e-04,6.17474088e-05,1.19520527e-04,-5.36502345e-06,8.83267404e-05,1.66450471e-07
2.956841,6.43998865e-01,-5.25674374e-03,1.81617188e-03,4.36513990e-05,1.22120758e-04,2.13479638e-04,-1.12930263e-05,8.83264282e-05,7.85619794e-08
2.958482,6.51052156e-01,-9.07005171e-03,-4.55314514e-03,3.42760215e-04,7.40040969e-05,1.17030945e-04,-6.71972559e-06,8.83280412e-05,2.06807250e-07
2.960122,6.57864220e-01,-5.79365637e-03,1.27426270e-03,-1.77091401e-05,5.59559101e-05,8.18309090e-05,-5.23173699e-06,8.83277046e-05,1.40934257e-07
2.961763,6.64401821e-01,-2.40928109e-03,6.38378458e-03,-3.56279354e-04,5.11944100e-05,7.15521126e-05,-5.28924957e-06,8.83287294e-05,3.11779941e-07
2.963404,6.70615945e-01,1.85551904e-04,1.01836336e-02,-1.68870448e-04,-1.76066854e-05,-3.26548976e-05,4.47590663e-06,8.83284195e-05,2.42359481e-07
2.965045,6.76481633e-01,-6.47960558e-03,8.80580520e-04,2.49627563e-04,-8.37765086e-05,-1.11706242e-04,7.92800558e-06,8.83288292e-05,2.96538608e-07
2.966686,6.81939714e-01,-1.24542571e-03,7.51395261e-03,-3.50434518e-04,1.80678248e-06,3.73670623e-06,-6.86351110e-07,8.83294121e-05,2.80791482e-07
2.968327,6.87010177e-01,-7.71477489e-03,-2.61882905e-04,1.42501996e-04,-9.79408721e-05,-1.08425525e-04,6.51393847e-06,8.83302727e-05,3.26531811e-07
2.969968,6.91651500e-01,-6.08504539e-04,8.40626538e-03,-3.04575776e-04,4.30097330e-05,6.47965782e-05,-2.77241269e-06,8.83305399e-05,3.21434303e-07
2.971609,6.95921165e-01,-5.98467010e-03,2.23819859e-03,-1.10232271e-04,3.80818923e-05,5.17917537e-05,-4.09464235e-06,8.83305243e-05,2.27640855e-07
2.973249,6.99869373e-01,-1.38371807e-03,7.08872292e-03,-1.60187088e-04,9.06687126e-05,9.92834211e-05,-5.16995699e-06,8.83312024e-05,2.42472427e-07
2.974890,7.03510144e-01,-7.41807836e-03,1.15424301e-03,1.64580907e-05,2.16851448e-05,2.16364819e-05,-2.66625442e-06,8.83304554e-05,1.24853693e-07
2.976531,7.06884510e-01,-2.70787413e-03,5.65183107e-03,-1.51764607e-04,5.50650093e-05,4.18797964e-05,-3.16112364e-06,8.83310212e-05,1.20761480e-07
2.978172,7.09964340e-01,-2.11946991e-04,8.08849377e-03,-3.30822059e-04,1.41862147e-04,1.24356019e-04,-8.78178040e-06,8.83320550e-05,2.08123858e-07
2.979813,7.12714025e-01,4.02673146e-03,1.12645644e-02,-4.48698509e-04,2.39252571e-04,1.98482246e-04,-1.32581517e-05,8.83332762e-05,2.17444361e-07
2.981454,7.15193544e-01,-2.27936525e-02,-1.05075810e-02,1.29843180e-03,-8.18917858e-05,-6.77645006e-05,7.01995293e-06,8.83322749e-05,1.29862448e-07
2.983095,7.17360179e-01,2.41604434e-03,9.61556440e-03,-2.60281545e-04,6.43845267e-05,4.79987555e-05,-2.51957810e-06,8.83340097e-05,2.54624120e-07
2.984735,7.19182303e-01,-4.82297572e-03,4.36382117e-03,9.37078160e-05,1.20556337e-05,1.46519813e-05,-2.57730269e-07,8.83337933e-05,3.05524077e-07
2.986376,7.20639989e-01,8.16962365e-03,1.29831645e-02,-5.02452503e-04,-7.59287833e-07,-9.34609794e-07,1.56191863e-06,8.83329556e-05,1.73128078e-07
2.988017,7.21755897e-01,1.01877323e-02,1.42324989e-02,-6.71233511e-04,9.79968800e-06,1.02700371e-05,4.84379701e-07,8.83333402e-05,2.49276430e-07
2.989658,7.22516256e-01,-1.05835627e-02,1.05663102e-03,3.78870807e-04,-2.08026401e-04,-1.18487352e-04,1.10788834e-05,8.83322690e-05,1.09080374e-07
2.991299,7.22923946e-01,-1.60289453e-02,-1.65596121e-03,5.64779538e-04,-1.92251673e-04,-9.74651730e-05,9.03900493e-06,8.83327902e-05,1.09826679e-07
2.992940,7.22979834e-01,4.67858394e-03,9.85495855e-03,-5.20162871e-04,-1.07607851e-04,-4.56003413e-05,4.44577944e-06,8.83340164e-05,2.10198595e-07
2.994581,7.22673693e-01,7.95195994e-03,1.13319320e-02,-5.96507935e-04,4.90381537e-05,4.01387896e-05,-2.53759428e-06,8.83346430e-05,2.30452066e-07
2.996222,7.22049122e-01,-4.23992363e-03,5.09367385e-03,1.01539912e-04,-9.25025356e-05,-3.18792488e-05,5.28775725e-06,8.83332353e-05,8.36996344e-08
2.997862,7.21110013e-01,-6.98709602e-03,4.10710917e-03,3.11658251e-04,-3.40745146e-05,6.20969036e-06,2.80052237e-06,8.83344419e-05,1.94695632e-07
2.999503,7.19836868e-01,-1.84788359e-02,-5.63341293e-04,6.55255420e-04,-2.41589801e-04,-7.68976482e-05,1.07196615e-05,8.83334547e-05,1.15526375e-07
3.001144,7.18238106e-01,6.23394530e-03,9.15146256e-03,-4.52944165e-04,1.30941551e-04,6.53672634e-05,-6.24242560e-06,8.83333186e-05,9.18721026e-08
3.002785,7.16419757e-01,-1.56283497e-02,1.32868407e-03,6.98997245e-04,-1.77135269e-04,-5.01902837e-05,9.45073250e-06,8.83332382e-05,1.19425962e-07
3.004426,7.14361359e-01,-1.05612594e-02,3.28272098e-03,3.42631703e-04,5.69443038e-05,2.78640125e-05,-2.61963972e-06,8.83335532e-05,1.40755660e-07
3.006067,7.12083063e-01,6.16524523e-03,8.38509766e-03,-2.64168937e-04,1.39215247e-04,4.17305443e-05,-4.75986306e-06,8.83330036e-05,1.62592211e-07
3.007708,7.09619678e-01,-4.99614495e-03,5.00118677e-03,1.88416354e-04,-6.72397512e-05,-1.71425191e-05,4.04307761e-06,8.83334287e-05,2.06243917e-07
3.009348,7.06893823e-01,4.50662979e-04,6.51767859e-03,5.70631340e-06,-7.43596506e-06,1.34661421e-06,2.02685004e-06,8.83327902e-05,1.98494862e-07
3.010989,7.03928073e-01,1.71650978e-02,9.67788990e-03,-9.50006506e-04,9.78784522e-05,1.70102042e-05,-4.77175437e-06,8.83333911e-05,2.72221354e-07
3.012630,7.00730168e-01,-1.14569947e-03,6.04750758e-03,7.46541343e-05,1.97560582e-05,5.02798834e-06,6.76567383e-07,8.83328272e-05,2.70896537e-07
3.014271,6.97282363e-01,5.29608300e-03,6.93417332e-03,-4.03738636e-04,5.99169143e-05,8.99326053e-06,-3.06662069e-06,8.83320630e-05,2.44748296e-07
3.015912,6.93618648e-01,1.26981298e-03,6.15923257e-03,-1.34161103e-04,7.93862477e-05,9.44844427e-06,-3.08222041e-06,8.83323762e-05,2.79337813e-07
3.017553,6.89782665e-01,3.88175911e-03,6.27342344e-03,-7.37637826e-05,1.90892812e-04,9.36560751e-06,-6.49565022e-06,8.83310699e-05,3.06704249e-07
3.019194,6.85868800e-01,7.43450174e-03,6.36976306e-03,-1.97454186e-04,1.41464401e-04,-5.29493971e-06,-4.15217014e-06,8.83305262e-05,3.14156681e-07
3.020835,6.81851436e-01,5.83927852e-03,6.07368436e-03,-2.08294778e-04,1.44762049e-04,-9.41183648e-06,-5.47202612e-06,8.83309277e-05,3.02514902e-07
3.022475,6.77687259e-01,-4.92943550e-03,5.64770442e-03,2.85883655e-04,-6.68174524e-05,-1.49190811e-05,3.76108546e-06,8.83302513e-05,3.05752473e-07
3.024116,6.73294927e-01,9.99017277e-04,5.66969026e-03,-2.18620799e-05,5.08998879e-06,-8.84808816e-06,4.04769514e-07,8.83304155e-05,3.17042370e-07
3.025757,6.68671919e-01,-7.58225143e-03,5.91481437e-03,4.65588360e-04,5.51303454e-05,-8.42649486e-06,-9.73180097e-07,8.83295542e-05,3.35512196e-07
3.027398,6.63919539e-01,1.21749904e-03,5.52331585e-03,5.32153489e-05,1.73534787e-04,-2.01993817e-05,-6.59338282e-06,8.83297305e-05,3.27700389e-07
3.029039,6.59105330e-01,8.99886658e-03,4.70402804e-03,-3.42493070e-04,1.28967828e-04,-3.02152632e-05,-5.36683741e-06,8.83286556e-05,3.47063509e-07
3.030680,6.54240166e-01,1.40832587e-02,3.83413476e-03,-6.85264367e-04,2.99127331e-04,-5.44010290e-05,-1.41390261e-05,8.83283642e-05,3.34578773e-07
3.032321,6.49327575e-01,-7.59772933e-03,6.24886497e-03,3.31752600e-04,1.15281324e-04,-3.40777499e-05,-5.37473187e-06,8.83286083e-05,3.28056983e-07
3.033961,6.44337980e-01,-5.65564341e-04,5.36925526e-03,-4.29662114e-05,1.65473144e-04,-4.71142376e-05,-8.08558845e-06,8.83278688e-05,3.81794548e-07
3.035602,6.39334055e-01,1.37382464e-02,2.71750734e-03,-5.29323980e-04,2.69267391e-04,-7.46101911e-05,-1.12024749e-05,8.83275259e-05,3.41547251e-07
3.037243,6.34306350e-01,-8.48552535e-03,7.00727266e-03,2.48884819e-04,5.10547260e-05,-2.90333742e-05,-3.79400343e-06,8.83281136e-05,3.41198658e-07
3.038884,6.29142875e-01,1.46014121e-03,4.76192807e-03,-2.66428064e-05,1.34387684e-04,-5.13344038e-05,-6.08329667e-06,8.83264702e-05,3.30703461e-07
3.040525,6.23902920e-01,-1.26103310e-02,8.37473991e-03,6.09875898e-04,-2.80699344e-05,-7.26398973e-06,1.26705884e-06,8.83269452e-05,3.00105822e-07
3.042166,6.18534380e-01,-2.01864300e-02,1.05373573e-02,9.30744139e-04,-2.06899586e-04,4.36816423e-05,9.08463145e-06,8.83257277e-05,3.06087652e-07
3.043807,6.12994017e-01,1.58871383e-02,1.17004180e-04,-6.09426099e-04,1.81434981e-04,-7.11795496e-05,-7.54109507e-06,8.83250652e-05,2.68027712e-07
3.045447,6.07393886e-01,-6.90100489e-03,7.17925257e-03,2.89992715e-04,1.28910231e-06,-1.77813481e-05,-8.52646493e-07,8.83249333e-05,2.73236803e-07
3.047088,6.01744927e-01,1.08340926e-03,4.55826006e-03,1.07103418e-07,1.16289284e-04,-5.79686586e-05,-5.42430916e-06,8.83251270e-05,2.65158690e-07
3.048729,5.96039869e-01,3.94818859e-03,3.26034107e-03,-2.39363271e-04,6.71896277e-05,-4.33020326e-05,-4.17503397e-06,8.83248758e-05,2.38951476e-07
3.050370,5.90230982e-01,8.36127191e-03,1.58502321e-03,-2.73084890e-04,-7.61132466e-05,1.59141787e-05,4.26729583e-06,8.83239694e-05,2.15424295e-07
3.052011,5.84240474e-01,3.80374602e-03,3.21549592e-03,1.49562182e-05,-1.37693175e-04,4.82032065e-05,7.73450829e-06,8.83232128e-05,2.01469797e-07
3.053652,5.78035818e-01,1.86270309e-03,4.03343228e-03,3.85986410e-05,4.25756420e-06,-1.00097116e-05,1.89923223e-07,8.83234900e-05,2.05281377e-07
3.055293,5.71671894e-01,5.96276034e-03,1.75946470e-03,-1.61663930e-04,-8.24881125e-06,-5.92742007e-06,9.38462318e-07,8.83226807e-05,1.74976615e-07
3.056934,5.65185415e-01,-1.83609841e-02,1.41407116e-02,9.55946258e-04,-1.87659517e-04,9.04793120e-05,8.88243771e-06,8.83216847e-05,2.20157555e-07
3.058574,5.58595923e-01,8.46489283e-03,1.93579804e-05,-4.51614629e-04,7.21839795e-05,-5.05437117e-05,-4.80420903e-06,8.83219111e-05,1.66736486e-07
3.060215,5.51977507e-01,1.28841172e-03,4.03439115e-03,-9.53842976e-05,-1.25274893e-06,-1.22547738e-05,-1.36656035e-06,8.83208332e-05,3.01447211e-07
3.061856,5.45366923e-01,3.20337110e-03,2.66998555e-03,-7.51664838e-05,6.51770678e-05,-5.50350188e-05,-3.62459980e-06,8.83211089e-05,1.99322960e-07
3.063497,5.38743909e-01,2.12213280e-02,-8.66753165e-03,-9.96494698e-04,2.85816811e-04,-1.96377214e-04,-1.50729515e-05,8.83215787e-05,1.29717346e-07
3.065138,5.32133061e-01,-4.18998716e-03,7.50654074e-03,4.30960392e-04,6.69797540e-06,-1.56714876e-05,4.84232469e-07,8.83213060e-05,1.20268820e-07
3.066779,5.25452580e-01,1.02698870e-02,-2.58402357e-03,-3.79196177e-04,1.86336644e-04,-1.42444599e-04,-9.77962472e-06,8.83204213e-05,1.70656166e-07
3.068420,5.18812163e-01,7.04189463e-03,-5.89967966e-04,-2.02738521e-04,1.78555372e-04,-1.46804641e-04,-9.61020448e-06,8.83197610e-05,1.72411150e-07
3.070060,5.12256717e-01,1.12465045e-02,-3.93426619e-03,-3.54217324e-04,2.15444939e-04,-1.81175126e-04,-1.09584971e-05,8.83200451e-05,1.38602061e-07
3.071701,5.05790779e-01,6.47504426e-05,4.73972529e-03,1.30213392e-04,1.81497386e-04,-1.61771577e-04,-1.08410931e-05,8.83186433e-05,2.63873642e-07
3.073342,4.99462345e-01,-2.86943761e-03,6.98297610e-03,3.90037106e-04,1.17544389e-04,-1.18685397e-04,-6.44293845e-06,8.83185512e-05,3.17557860e-07
3.074983,4.93270232e-01,3.80808233e-04,4.36444576e-03,2.82686410e-05,1.59303806e-04,-1.59378929e-04,-1.08742958e-05,8.83185259e-05,2.74180978e-07
3.076624,4.87215418e-01,6.39286462e-03,-1.04342683e-03,-2.85870909e-04,1.96121745e-04,-2.00812790e-04,-1.29354647e-05,8.83179167e-05,2.64407981e-07
3.078265,4.81306908e-01,-7.75287765e-03,1.21728367e-02,6.36084898e-04,-1.15659659e-04,9.07044514e-05,6.58485002e-06,8.83182356e-05,8.54422518e-08
3.079906,4.75326413e-01,7.55623078e-03,-2.61045033e-03,-2.21399171e-04,4.57583780e-05,-6.10605692e-05,-2.47501699e-06,8.83177682e-05,3.61023973e-08
3.081547,4.69311570e-01,3.38365265e-03,1.60544263e-03,2.16649090e-05,6.08466500e-05,-7.67305662e-05,-3.68164835e-06,8.83171201e-05,1.38432802e-07
3.083187,4.63334349e-01,7.82702161e-03,-3.43070286e-03,-4.20241362e-04,6.32628218e-05,-8.18387649e-05,-5.26339702e-06,8.83175521e-05,5.59320238e-08
3.084828,4.57345188e-01,7.05186553e-03,-2.89441409e-03,-2.27397254e-04,1.17590133e-04,-1.44727746e-04,-7.52445458e-06,8.83170257e-05,3.57794942e-08
3.086469,4.51410178e-01,1.05957640e-02,-7.17922704e-03,-5.28174307e-04,6.67306054e-05,-9.20865130e-05,-4.74727174e-06,8.83163587e-05,9.05258859e-08
3.088110,4.45520373e-01,-8.79088512e-03,1.60064095e-02,9.52046581e-04,-1.10228864e-04,1.29125971e-04,8.99775548e-06,8.83170948e-05,2.12027107e-07
3.089751,4.39513085e-01,-1.87674516e-03,7.90033582e-03,4.28144098e-04,-3.61282906e-05,4.29900766e-05,3.34113461e-06,8.83156716e-05,8.89952319e-08
3.091392,4.33492069e-01,-8.16294247e-03,1.65980900e-02,9.18299709e-04,-8.68725945e-05,1.16687991e-04,7.32193416e-06,8.83159808e-05,8.48627207e-08
3.093033,4.27424484e-01,8.17728743e-03,-6.02035221e-03,-3.63176467e-04,-2.03273391e-05,2.28459472e-05,2.05843908e-06,8.83153424e-05,5.06831900e-08
3.094673,4.21327538e-01,8.55336864e-03,-6.87341270e-03,-4.54991957e-04,-7.57981582e-05,1.06209041e-04,6.01353556e-06,8.83148976e-05,8.01922183e-08
3.096314,4.15135906e-01,1.67493014e-02,-2.00972426e-02,-1.18642219e-03,-3.90038846e-07,-6.31353524e-06,-2.98618387e-07,8.83151689e-05,2.65164723e-07
3.097955,4.08858636e-01,2.67225808e-03,1.92071454e-03,1.49606129e-05,-3.16475453e-05,4.56013465e-05,2.44250765e-06,8.83144280e-05,1.13221899e-07
3.099596,4.02614932e-01,1.08258482e-02,-1.24399736e-02,-7.44761702e-04,5.28974147e-05,-1.04725086e-04,-5.43276257e-06,8.83142456e-05,1.06419612e-07
3.101237,3.96486726e-01,4.56690026e-03,-1.65812549e-03,-1.70775861e-04,3.24855235e-05,-7.33040120e-05,-3.95110438e-06,8.83140134e-05,9.89899436e-08
3.102878,3.90465824e-01,4.02521222e-03,-9.60895741e-04,-1.64863111e-04,5.32716865e-05,-1.15118191e-04,-6.32368144e-06,8.83141384e-05,1.08862890e-07
3.104519,3.84601121e-01,1.64301240e-04,6.92535749e-03,2.62057113e-04,-2.44565488e-05,3.71313848e-05,1.76300220e-06,8.83135449e-05,2.21737055e-07
3.106160,3.78904196e-01,-7.22760707e-04,9.44943214e-03,3.57980534e-04,-3.21618264e-05,6.23389392e-05,2.73264038e-06,8.83135999e-05,9.74559469e-08
3.107800,3.73294823e-01,3.07665147e-03,8.48566257e-04,-6.83866760e-05,1.22571765e-05,-4.11464325e-05,-2.24371221e-06,8.83131085e-05,1.75972231e-07
3.109441,3.67808337e-01,8.67947812e-03,-1.35385842e-02,-7.30879634e-04,8.24266543e-05,-2.20154538e-04,-1.07870573e-05,8.83137879e-05,1.71401798e-07
3.111082,3.62459509e-01,5.55247143e-03,-5.97629561e-03,-2.34028596e-04,1.72076556e-05,-5.45302757e-05,-1.34780972e-06,8.83136348e-05,2.15308437e-07
3.112723,3.57235491e-01,9.08429013e-04,7.41329303e-03,3.30484953e-04,-3.25048491e-05,8.84828512e-05,4.51587629e-06,8.83126387e-05,1.13698803e-07
3.114364,3.52117530e-01,2.83708179e-03,1.41626302e-03,-5.87452695e-06,2.17108794e-06,-1.86645664e-05,-1.30877275e-06,8.83126493e-05,1.28733040e-07
3.116005,3.47148176e-01,1.48251621e-03,6.44758435e-03,3.09639966e-04,-6.42610106e-07,-9.76895640e-06,-3.14831299e-07,8.83120994e-05,2.45264222e-07
3.117646,3.42382652e-01,3.96072326e-03,-3.05270443e-03,-1.16435745e-04,5.68862520e-05,-2.45149571e-04,-1.18366565e-05,8.83121580e-05,2.47864958e-07
3.119286,3.37959412e-01,4.05874220e-03,-4.11868946e-03,-2.43221057e-04,5.21805885e-05,-2.59258829e-04,-1.31541224e-05,8.83121866e-05,2.35408641e-07
3.120927,3.33962361e-01,3.84261561e-03,-4.04986148e-03,-1.79817841e-04,1.47097350e-05,-1.08804909e-04,-4.93658018e-06,8.83116789e-05,2.94008270e-07
3.122568,3.30281141e-01,2.33101663e-03,4.76080417e-03,2.76809684e-04,1.70294905e-06,-3.04018422e-05,-9.71518575e-07,8.83119476e-05,1.36121160e-07
3.124209,3.26775965e-01,2.38770500e-03,5.67808038e-03,2.90199330e-04,-3.26875331e-06,1.27687773e-05,8.69603565e-07,8.83120707e-05,2.02132189e-07
3.125850,3.23371765e-01,3.29057008e-03,-2.06646906e-03,-5.03340244e-05,-1.45900757e-06,4.99780724e-07,6.47225189e-07,8.83117013e-05,1.94821526e-07
3.127491,3.20084389e-01,3.14766144e-03,-4.96219172e-05,-8.55315452e-06,-1.95154383e-05,2.13441348e-04,1.07921035e-05,8.83108951e-05,1.44344100e-07
3.129132,3.16876271e-01,2.72605128e-03,7.21159662e-03,3.88355440e-04,-1.04379148e-05,1.47928971e-04,7.74930005e-06,8.83111661e-05,1.79383776e-07
3.130773,3.13757930e-01,3.00124738e-03,9.38408509e-03,4.47478166e-04,-5.85322903e-06,2.17972736e-04,1.07500205e-05,8.83108953e-05,1.99865011e-07
3.132413,3.10712898e-01,2.94557098e-03,-6.38570226e-03,-3.21256503e-04,-2.99451790e-06,2.27832739e-05,1.09337068e-06,8.83116829e-05,5.42121935e-07
3.134054,3.07653897e-01,3.11960307e-03,1.62875416e-03,1.92050896e-04,-6.05754449e-07,2.02708058e-05,1.98710281e-06,8.83115440e-05,2.16023473e-07
3.135695,3.04671017e-01,2.41635237e-03,-8.89953895e-03,-4.63868394e-04,-1.93661979e-06,3.11603414e-06,-1.41934318e-07,8.83112890e-05,4.25593902e-07
3.137336,3.01754748e-01,1.42629486e-03,-1.53549854e-02,-8.37910238e-04,-1.22229484e-05,-6.63219363e-05,-4.06962190e-06,8.83109447e-05,2.45252097e-07
3.138977,2.99002577e-01,3.90536029e-03,6.78577562e-03,4.07112935e-04,2.08190579e-05,1.84668064e-04,9.89993049e-06,8.83112329e-05,4.15420658e-07
3.140618,2.96231887e-01,2.60526765e-03,-2.09451832e-03,-3.67429858e-05,7.29972886e-06,7.30698153e-05,4.32546871e-06,8.83109331e-05,3.34357037e-07
3.142259,2.93512869e-01,1.89655882e-03,-6.02869658e-03,-3.18987780e-04,1.27332423e-05,9.36593633e-05,4.63298136e-06,8.83104985e-05,1.73299983e-07
3.143899,2.90915841e-01,3.93723090e-03,3.69071732e-03,2.31390402e-04,4.11486601e-05,2.05063104e-04,1.09208532e-05,8.83103386e-05,1.53513089e-07
3.145540,2.88336753e-01,3.66517273e-03,2.22279535e-03,1.53734814e-04,3.24901228e-05,1.42552855e-04,7.65665385e-06,8.83109559e-05,5.73992769e-07
3.147181,2.85721481e-01,3.33796166e-03,6.20371354e-04,1.14343191e-05,3.00228520e-05,1.15871071e-04,5.76072447e-06,8.83110453e-05,5.26272375e-07
3.148822,2.83088507e-01,3.55756923e-03,1.03051343e-03,3.52386154e-05,6.71483092e-05,2.14355954e-04,1.10744220e-05,8.83108064e-05,5.70422665e-07
3.150463,2.80350429e-01,3.37523448e-03,4.56685309e-04,2.11459646e-05,8.01575347e-05,2.30884116e-04,1.22707491e-05,8.83108996e-05,6.41761653e-07
3.152104,2.77488698e-01,4.10578553e-03,2.11935433e-03,1.72523278e-04,7.81682712e-05,2.06419172e-04,1.15709917e-05,8.83105410e-05,4.14156179e-07
3.153745,2.74514963e-01,1.22161035e-03,-4.69943402e-03,-1.27034957e-04,8.96699330e-05,2.16197003e-04,1.28062483e-05,8.83104049e-05,5.55348722e-07
3.155386,2.71406637e-01,6.34754011e-04,-5.51557453e-03,-2.21653401e-04,5.20067851e-05,1.26428365e-04,7.49280952e-06,8.83102035e-05,3.37037832e-07
3.157026,2.68329606e-01,-1.78853577e-04,-6.72845631e-03,-2.73367142e-04,4.31807600e-05,1.01736114e-04,6.24400728e-06,8.83101528e-05,2.99565501e-07
3.158667,2.65314773e-01,5.37744810e-03,3.26280676e-03,3.03393796e-04,1.20984326e-04,2.26174205e-04,1.33768633e-05,8.83102707e-05,5.00397294e-07
3.160308,2.62276198e-01,-6.53663855e-03,-1.62888851e-02,-9.31015095e-04,-7.70144229e-05,-1.04052502e-04,-6.69069566e-06,8.83097344e-05,1.12859501e-07
3.161949,2.59502549e-01,-2.30107285e-03,-8.74252957e-03,-4.33387332e-04,3.23895107e-05,6.78728863e-05,3.96069972e-06,8.83096564e-05,1.44761796e-07
3.163590,2.56942617e-01,3.71229788e-03,2.24184381e-04,8.52639630e-05,1.24300764e-04,1.93658157e-04,1.13650766e-05,8.83096360e-05,2.74151261e-07
3.165231,2.54399993e-01,-8.44214357e-03,-1.57469136e-02,-8.48588208e-04,-2.56403288e-05,-1.42844970e-05,-6.93453179e-07,8.83099818e-05,3.58420807e-07
3.166872,2.51932027e-01,9.29139355e-03,6.72409423e-03,4.85791059e-04,9.89556747e-05,1.35759165e-04,8.23074273e-06,8.83098463e-05,2.54450651e-07
3.168512,2.49507927e-01,4.24433049e-03,4.75136700e-04,6.88154654e-05,2.14761159e-06,1.21989644e-05,3.47440432e-07,8.83102090e-05,3.46290396e-07
3.170153,2.47186017e-01,-1.08794965e-02,-1.55658441e-02,-9.00658380e-04,-1.15185441e-04,-1.09446791e-04,-7.02966605e-06,8.83094876e-05,9.31274679e-08
3.171794,2.45156672e-01,-9.69945643e-04,-4.80962145e-03,-2.65703030e-04,4.65452481e-05,5.58690099e-05,3.15434150e-06,8.83096128e-05,1.27200356e-07
3.173435,2.43289226e-01,-1.17324249e-03,-4.76600617e-03,-2.87272479e-04,1.13744676e-04,1.17260816e-04,7.08983521e-06,8.83093625e-05,1.67136706e-07
3.175076,2.41454120e-01,4.88254773e-03,5.58206307e-04,1.94379208e-04,2.38513893e-04,2.16823304e-04,1.53154391e-05,8.83094235e-05,2.27404279e-07
3.176717,2.39556120e-01,-4.00671762e-03,-6.79659704e-03,-3.53295048e-04,1.91253720e-05,2.75359276e-05,1.95559461e-06,8.83094935e-05,2.16164540e-07
3.178358,2.37727240e-01,8.83860009e-03,3.27489356e-03,3.37569261e-04,1.08066186e-04,9.41159339e-05,6.54270249e-06,8.83091885e-05,8.18118777e-08
3.179999,2.36030534e-01,2.78700461e-03,-1.30215803e-03,3.13777542e-05,-2.93081310e-05,-1.00015574e-05,-5.59011790e-07,8.83093024e-05,1.00450302e-07
3.181639,2.34495757e-01,3.60977465e-03,-8.00886575e-04,5.20668276e-05,7.97604775e-05,5.94780602e-05,4.53054108e-06,8.83092444e-05,6.95570653e-08
3.183280,2.33077559e-01,4.22979787e-03,-4.41255722e-04,7.21528853e-05,5.84233239e-05,4.13288557e-05,3.25019359e-06,8.83094605e-05,9.75817316e-08
3.184921,2.31751761e-01,3.42669333e-03,-1.00950469e-03,3.43367397e-05,-5.04568392e-05,-2.28144749e-05,-1.87610161e-06,8.83091490e-05,1.52561060e-07
3.186562,2.30641933e-01,-4.33575172e-03,-5.10502100e-03,-2.95985340e-04,-2.49923969e-04,-1.24416562e-04,-1.05494553e-05,8.83090489e-05,3.22001527e-07
3.188203,2.29890159e-01,6.53086426e-03,3.87265280e-04,1.62322171e-04,-6.07292884e-05,-2.70917636e-05,-2.52295688e-06,8.83087085e-05,4.76322960e-07
3.189844,2.29436538e-01,3.45201657e-03,-1.08544940e-03,1.51302704e-06,-1.33297520e-04,-6.00296693e-05,-5.85743562e-06,8.83093131e-05,8.62042205e-08
3.191485,2.29169101e-01,1.19749563e-02,2.21754749e-03,3.89835089e-04,1.50559563e-04,5.74704712e-05,5.91883363e-06,8.83090306e-05,1.22768514e-07
3.193125,2.28987644e-01,-2.39193370e-03,-3.30363250e-03,-2.32979487e-04,-4.91297147e-05,-1.90487477e-05,-2.45446564e-06,8.83092980e-05,1.03872073e-07
3.194766,2.28820592e-01,-6.62869636e-03,-4.61179494e-03,-3.38156635e-04,-6.60622055e-05,-2.36225423e-05,-2.52688181e-06,8.83093760e-05,1.00110268e-07
3.196407,2.28702627e-01,4.93639403e-03,-8.28470823e-04,1.05818645e-04,1.37440107e-04,4.09212670e-05,5.03313385e-06,8.83093595e-05,8.54063692e-08
3.198048,2.28621903e-01,1.70483888e-02,2.31366915e-03,5.48672423e-04,1.22165733e-04,3.34818964e-05,4.74236295e-06,8.83092234e-05,5.26874147e-08
3.199689,2.28566925e-01,1.61035045e-02,1.64914608e-03,4.62153286e-04,1.40897417e-04,3.24147740e-05,4.74080489e-06,8.83094114e-05,5.55492105e-08
3.201330,2.28510190e-01,-2.56611796e-03,-2.66839579e-03,-1.67550543e-04,-2.32815933e-05,-5.29019058e-06,-8.47051764e-07,8.83092554e-05,6.59668026e-08
3.202971,2.28476427e-01,-1.51477167e-02,-4.85559213e-03,-5.29290238e-04,-3.53468165e-04,-6.36312241e-05,-1.08559176e-05,8.83091895e-05,9.31575121e-08
3.204612,2.28550850e-01,-4.04933877e-03,-2.66162521e-03,-2.16745595e-04,-1.84617717e-04,-2.86137402e-05,-5.93070075e-06,8.83090989e-05,1.20394087e-07
3.206252,2.28717087e-01,3.35411726e-04,-1.93811871e-03,-8.44863923e-05,-1.71436587e-04,-2.40960538e-05,-5.47009648e-06,8.83091323e-05,1.56339240e-07
3.207893,2.28971246e-01,2.65335457e-03,-1.70692811e-03,1.82534393e-05,-1.82957075e-04,-2.27227836e-05,-5.38307215e-06,8.83094037e-05,8.76638309e-08
3.209534,2.29287293e-01,6.84252392e-03,-1.47999260e-03,1.02374741e-04,-5.11069609e-05,-9.48148492e-06,-1.91002455e-06,8.83093948e-05,6.82956912e-08
3.211175,2.29603775e-01,1.42813172e-02,-1.23078026e-03,2.85982410e-04,-6.20044992e-05,-9.84687678e-06,-2.21256446e-06,8.83095936e-05,7.75212330e-08
3.212816,2.29913785e-01,1.19653505e-02,-1.55110307e-03,1.98580642e-04,-2.40449135e-05,-7.60673208e-06,-1.34177500e-06,8.83094416e-05,7.46485943e-08
3.214457,2.30210673e-01,-3.73176264e-03,-1.79920778e-03,-1.60505200e-04,-6.36382355e-06,-5.93028029e-06,-4.64062434e-07,8.83094730e-05,9.26215288e-08
3.216098,2.30448421e-01,1.04320016e-02,-2.03923841e-03,2.17404311e-04,3.81824295e-08,-6.35067878e-06,3.92031919e-08,8.83095078e-05,1.16260114e-07
3.217738,2.30629229e-01,-8.25910138e-03,-1.43894430e-03,-1.93697815e-04,-2.16175988e-04,4.60248945e-06,-4.76292518e-06,8.83092598e-05,8.66550341e-08
3.219379,2.30825472e-01,-1.56033195e-02,-7.53802917e-04,-4.63167488e-04,-1.36207559e-04,5.98461311e-06,-3.88771785e-06,8.83089603e-05,9.91962388e-08
3.221020,2.31039317e-01,-1.06699736e-02,-7.78911081e-04,-3.10944562e-04,-1.55590724e-04,1.33023601e-05,-3.70173484e-06,8.83092719e-05,1.05572057e-07
3.222661,2.31252334e-01,-9.26543990e-03,-7.02629484e-04,-2.40401093e-04,-1.44872741e-04,1.50687223e-05,-3.13011832e-06,8.83093619e-05,8.98490366e-08
3.224302,2.31472693e-01,-3.74662660e-03,-1.20744646e-03,-1.51223810e-04,-5.48958659e-05,7.37910448e-06,-1.44354968e-06,8.83090137e-05,9.42617740e-08
3.225943,2.31659057e-01,2.61954947e-03,-2.18089303e-03,-2.98663969e-05,8.81423862e-05,-1.45748469e-05,1.42608508e-06,8.83097281e-05,2.78700874e-07
3.227584,2.31733259e-01,4.11662802e-04,-1.84089570e-03,-8.10551468e-05,1.32414533e-04,-2.35348162e-05,2.18468702e-06,8.83090621e-05,1.20731246e-07
3.229225,2.31730135e-01,-2.71903418e-03,-1.12898650e-03,-4.06857833e-05,6.08260070e-05,-1.02625040e-05,1.78299245e-06,8.83091646e-05,1.36414936e-07
3.230865,2.31663187e-01,-2.54036984e-03,-1.17294527e-03,-7.04818416e-05,4.40697642e-05,-7.81466694e-06,1.08356090e-06,8.83092765e-05,1.83521004e-07
3.232506,2.31525466e-01,-7.57034377e-03,2.14341933e-04,-1.80748908e-04,-1.00222261e-04,2.75186315e-05,-1.69001369e-06,8.83092673e-05,1.46820185e-07
3.234147,2.31355501e-01,-4.70470629e-03,-4.23710598e-04,-1.10055138e-04,-5.01876085e-05,1.49571304e-05,-6.64361337e-07,8.83093716e-05,1.76197632e-07
3.235788,2.31178580e-01,-1.87640748e-02,3.78528933e-03,-3.32562464e-04,-1.89042394e-04,5.74031253e-05,-2.84640237e-06,8.83095185e-05,2.41769361e-07
3.237429,2.31020369e-01,-2.27659404e-03,-1.05447487e-03,-4.23580898e-05,5.00207895e-06,-4.25637078e-07,4.63706258e-07,8.83093169e-05,1.94007103e-07
3.239070,2.30810723e-01,-6.54954877e-03,4.65585475e-04,-1.15913664e-04,7.02722106e-05,-2.30078720e-05,1.30373116e-06,8.83091715e-05,2.69375592e-07
3.240711,2.30470801e-01,-1.98898534e-03,-1.02800329e-03,-3.54594479e-05,1.10923003e-04,-3.79981159e-05,2.05752723e-06,8.83093749e-05,4.21836039e-07
3.242351,2.29948403e-01,2.92844578e-03,-3.03775599e-03,-1.22119758e-05,-2.04078790e-06,2.46285643e-06,8.22923302e-08,8.83092269e-05,2.48806305e-07
3.243992,2.29351848e-01,3.31022369e-03,-3.27630782e-03,-3.14964533e-05,-1.13305096e-04,4.67985644e-05,-1.62051420e-06,8.83093217e-05,1.51052816e-07
3.245633,2.28825601e-01,6.06321908e-03,-4.72041377e-03,3.30738186e-05,-2.15301169e-04,9.21685764e-05,-2.40781835e-06,8.83093124e-05,1.57205024e-07
3.247274,2.28491991e-01,-6.82957145e-04,-1.66385353e-03,-8.23578574e-05,-1.36712648e-04,5.87522451e-05,-1.86019171e-06,8.83095494e-05,2.67490089e-07
3.248915,2.28322149e-01,-7.77511724e-03,1.94890072e-03,-1.76486631e-04,-2.92532580e-04,1.42644152e-04,-3.60403005e-06,8.83089917e-05,2.30054091e-07
3.250556,2.28426309e-01,-1.34997593e-02,5.20684711e-03,-9.36061935e-05,-2.28129505e-04,1.17472453e-04,-1.51310892e-06,8.83089184e-05,1.69693844e-07
3.252197,2.28784182e-01,-1.03323489e-02,3.79304470e-03,-1.17178495e-04,-5.60380554e-05,2.76348219e-05,-6.00325567e-07,8.83088572e-05,1.74097582e-07
3.253837,2.29248750e-01,-1.15683002e-02,4.73845088e-03,-1.72522550e-04,1.85033471e-05,-1.40094069e-05,-3.07037808e-07,8.83095143e-05,8.04013768e-07
3.255478,2.29509638e-01,-1.32036940e-03,-1.47571416e-03,-1.12833652e-04,1.70867880e-04,-1.10249339e-04,6.61348357e-07,8.83089142e-05,3.86160208e-07
3.257119,2.29623560e-01,-3.20965636e-03,-1.08568894e-04,-7.15643256e-05,4.09845376e-05,-2.38773183e-05,3.64764429e-07,8.83092124e-05,5.65505503e-07
3.258760,2.29633717e-01,-1.05635396e-03,-1.56232876e-03,-1.05911379e-04,4.67155657e-05,-2.97235552e-05,-8.42579300e-09,8.83093555e-05,6.35122589e-07
3.260401,2.29560672e-01,6.97553541e-04,-2.97816968e-03,-1.23325988e-04,2.22652878e-05,-1.55917593e-05,-4.12670214e-07,8.83092520e-05,3.79438971e-07
3.262042,2.29509725e-01,-4.21180110e-03,8.57427547e-04,-9.59042024e-05,7.17396723e-05,-5.41230987e-05,1.50188094e-07,8.83091436e-05,5.90495413e-07
3.263683,2.29434244e-01,-3.90654841e-03,6.35533534e-04,-8.70477462e-05,-6.22008918e-05,5.46764521e-05,-8.12898703e-08,8.83087285e-05,2.69497919e-07
3.265324,2.29543815e-01,4.39859157e-03,-6.52460293e-03,-1.02460562e-04,7.46262066e-05,-6.48338982e-05,-1.65433012e-07,8.83092618e-05,6.52936835e-07
3.266964,2.29623074e-01,-7.86869056e-03,4.55161717e-03,-6.09843532e-05,-5.53516174e-05,5.22464394e-05,1.49036373e-07,8.83089776e-05,2.07379082e-07
3.268605,2.29908974e-01,-1.51372400e-04,-2.70215161e-03,-1.90681522e-05,1.03981122e-05,-9.73667359e-06,5.34310663e-07,8.83090911e-05,4.55017646e-07
3.270246,2.30285275e-01,6.64428414e-03,-9.77787100e-03,-1.46695705e-04,1.14394541e-06,-1.25921392e-06,-3.76810720e-07,8.83090110e-05,3.58155557e-07
3.271887,2.30799450e-01,-7.47479421e-03,5.11658945e-03,-2.91730382e-05,-1.12340095e-04,1.21179479e-04,6.35633023e-07,8.83090075e-05,2.02162696e-07
3.273528,2.31609126e-01,-5.17110442e-03,2.86290653e-03,-7.58483425e-05,-8.41150785e-05,9.55543436e-05,2.70591004e-07,8.83090355e-05,3.51043481e-07
3.275169,2.32708084e-01,2.64022371e-03,-6.44327724e-03,-1.02204615e-04,1.94238865e-05,-2.71858326e-05,-2.47009858e-07,8.83089732e-05,1.71476246e-07
3.276810,2.34054806e-01,-4.09557912e-03,1.89495756e-03,-5.60906819e-05,-1.94071893e-05,1.99453081e-05,-7.47901065e-08,8.83095419e-05,9.55593207e-07
3.278450,2.35367470e-01,-4.70326445e-03,2.80571534e-03,2.39822181e-05,-1.11978942e-05,1.32199153e-05,5.92404983e-07,8.83091763e-05,8.26258643e-07
3.280091,2.36660298e-01,-3.25904845e-03,1.12843837e-03,1.88726492e-06,-2.53202140e-05,3.64905540e-05,8.34005986e-07,8.83094806e-05,9.15997688e-07
3.281732,2.38039484e-01,-7.68413045e-03,7.96304869e-03,1.35400225e-05,-9.61353136e-05,1.46315019e-04,1.40788181e-06,8.83092445e-05,4.19170856e-07
3.283373,2.39772156e-01,-7.00168984e-03,7.36030732e-03,5.51194049e-05,-1.68778750e-04,2.67736664e-04,3.37015565e-06,8.83094106e-05,5.28112336e-07
3.285014,2.41999321e-01,-4.17305288e-03,3.17891802e-03,3.63341721e-05,-9.58493909e-05,1.59397584e-04,2.39691591e-06,8.83091910e-05,2.58648007e-07
3.286655,2.44665531e-01,-9.36188142e-03,1.27083362e-02,1.22253101e-04,-1.09165671e-04,1.91662104e-04,2.43270761e-06,8.83094067e-05,7.18743426e-07
3.288296,2.47599016e-01,1.42573918e-03,-6.59551584e-03,-1.17532832e-04,3.63093018e-05,-7.08628791e-05,-8.60856499e-07,8.83098109e-05,1.33049349e-06
3.289937,2.50395476e-01,6.39864951e-04,-5.25152246e-03,-2.30025120e-04,5.25274145e-05,-1.04970498e-04,-2.64497798e-06,8.83095718e-05,9.57910401e-07
3.291577,2.52971228e-01,-7.99842884e-03,1.25331025e-02,9.35930726e-05,-1.93155601e-05,4.12344668e-05,1.83621492e-07,8.83097039e-05,1.18912557e-06
3.293218,2.55415533e-01,6.10828291e-04,-5.80647775e-03,-1.31129902e-04,4.45256337e-05,-9.72237150e-05,-1.36850362e-06,8.83097753e-05,1.22803494e-06
3.294859,2.57680469e-01,-5.27358252e-03,7.86563806e-03,1.07354537e-04,-6.59895483e-05,1.61630201e-04,3.02626511e-06,8.83095913e-05,6.39193509e-07
3.296500,2.60077991e-01,-4.52128542e-04,-3.41695325e-03,-1.31447353e-04,3.28683104e-05,-7.63352670e-05,-1.49149307e-06,8.83096127e-05,7.06461490e-07
3.298141,2.62464087e-01,-5.61181528e-03,1.00812069e-02,1.24309360e-04,-6.63063197e-05,1.82295030e-04,3.14799233e-06,8.83096391e-05,5.13177172e-07
3.299782,2.65068816e-01,4.59198970e-05,-4.83997123e-03,-9.57550894e-05,-2.98981668e-05,8.49288510e-05,1.73230351e-06,8.83101680e-05,8.21615189e-07
3.301423,2.67849367e-01,1.11458973e-03,-7.93529746e-03,-1.74168875e-04,-3.06695551e-05,9.61253632e-05,1.76736934e-06,8.83096792e-05,3.32365047e-07
3.303063,2.70850740e-01,1.52172225e-03,-9.55246941e-03,-1.59245549e-04,1.77349051e-05,-5.37993618e-05,-4.80405771e-07,8.83098978e-05,6.41932187e-07
3.304704,2.73848803e-01,8.92933719e-04,-7.83219807e-03,-1.27066954e-04,2.03610347e-05,-6.46617571e-05,-6.55917443e-07,8.83099119e-05,7.29342287e-07
3.306345,2.76741636e-01,2.23807724e-03,-1.27033950e-02,-2.67086004e-04,5.15301167e-05,-1.73979194e-04,-3.24653152e-06,8.83098355e-05,8.19244175e-07
3.307986,2.79410889e-01,2.50091110e-03,-1.38785321e-02,-2.32969241e-04,4.23235394e-05,-1.49237240e-04,-2.23339539e-06,8.83101865e-05,9.72550517e-07
3.309627,2.81746981e-01,-1.73462637e-03,2.01354859e-03,-4.06296275e-05,2.70325806e-05,-9.75276032e-05,-2.34368403e-06,8.83104104e-05,1.16707856e-06
3.311268,2.83658797e-01,-1.45176225e-03,7.80928972e-04,-1.45639383e-05,1.41010124e-05,-5.50299489e-05,-1.08849133e-06,8.83105342e-05,1.22557144e-06
3.312909,2.85190173e-01,-2.44327967e-03,5.32628990e-03,6.40368256e-05,-2.49667007e-06,1.70210067e-05,2.11784675e-07,8.83105263e-05,1.03521474e-06
3.314550,2.86518758e-01,-8.68204057e-04,-1.02846541e-03,-5.08302279e-05,2.04478253e-05,-8.30114360e-05,-1.66971335e-06,8.83104707e-05,9.49312439e-07
3.316190,2.87578039e-01,-1.17684276e-03,2.51838619e-04,2.03322622e-05,4.31023349e-05,-1.95484480e-04,-3.42663818e-06,8.83101659e-05,7.77953726e-07
3.317831,2.88304268e-01,2.40816687e-03,-1.71541166e-02,-3.53475991e-04,5.10647874e-05,-2.45333891e-04,-4.79123085e-06,8.83104221e-05,7.70880634e-07
3.319472,2.88671616e-01,-1.27720956e-03,1.51564801e-03,6.17737412e-05,2.83651707e-05,-1.36787911e-04,-2.20857270e-06,8.83102614e-05,6.82011346e-07
3.321113,2.88737339e-01,-6.86028998e-04,-1.00307127e-03,-1.03309606e-05,2.12309302e-06,1.40661388e-05,4.86833524e-07,8.83101056e-05,4.04602791e-07
3.322754,2.88626498e-01,4.45346770e-04,-7.04110749e-03,-1.35016002e-04,1.67551792e-05,-7.36195477e-05,-1.32632921e-06,8.83103134e-05,4.66372390e-07
3.324395,2.88319399e-01,4.13490346e-04,-6.74882392e-03,-1.46559510e-04,1.95237672e-05,-9.55302010e-05,-2.11571150e-06,8.83103705e-05,4.62910473e-07
3.326036,2.87776176e-01,1.08263206e-03,-1.08817496e-02,-2.67930183e-04,2.29852805e-05,-1.26956949e-04,-3.06040207e-06,8.83105228e-05,4.86008154e-07
3.327676,2.86907891e-01,9.65780827e-04,-9.92820928e-03,-2.02061293e-04,4.30081255e-05,-2.72105589e-04,-5.51392686e-06,8.83104076e-05,5.63883330e-07
3.329317,2.85596266e-01,-1.44518560e-03,6.23681641e-03,1.48842605e-04,1.30560133e-05,-8.26944218e-05,-1.44939238e-06,8.83104537e-05,5.45908890e-07
3.330958,2.83899678e-01,-1.83638578e-03,9.25156531e-03,1.36639659e-04,6.67701509e-06,-2.90700376e-05,-1.03300360e-06,8.83099058e-05,1.97460493e-07
3.332599,2.81937289e-01,-7.05591468e-04,1.57050744e-03,4.75555552e-05,2.02871554e-05,-1.42822720e-04,-2.61506211e-06,8.83102162e-05,3.25031875e-07
3.334240,2.79667147e-01,5.79821750e-04,-7.81852501e-03,-9.74172513e-05,2.32716981e-05,-1.77437927e-04,-3.03790472e-06,8.83105059e-05,3.55414184e-07
3.335881,2.77088020e-01,-2.33433931e-04,-1.28769876e-03,-2.39112323e-05,-4.92122650e-06,5.74835511e-05,8.10208053e-07,8.83099838e-05,1.06116112e-07
3.337522,2.74272263e-01,-9.99932488e-05,-1.69215201e-03,-4.49518099e-05,-8.60497633e-06,9.27928554e-05,1.42015348e-06,8.83101646e-05,1.16186584e-07
3.339163,2.71229639e-01,1.32621556e-04,-2.90147885e-03,-9.93592357e-05,-1.72576329e-05,1.78533435e-04,2.66137597e-06,8.83100964e-05,6.36906843e-08
3.340803,2.67984955e-01,2.88882565e-04,-3.59006255e-03,-5.14018269e-05,-7.38585620e-06,1.12078381e-04,1.97467807e-06,8.83095733e-05,9.46897701e-08
3.342444,2.64538103e-01,-3.98496086e-04,2.65193878e-03,1.02742538e-04,5.76886091e-06,-6.75732678e-06,2.56809834e-07,8.83097404e-05,5.90094124e-08
3.344085,2.60841835e-01,-4.51292956e-04,3.37899644e-03,1.43384884e-04,8.97118939e-06,-5.24428501e-05,-2.69402459e-07,8.83098831e-05,1.12571921e-07
3.345726,2.56855872e-01,5.76199701e-04,-4.71224556e-03,-8.26296226e-05,3.84982401e-05,-3.27180663e-04,-5.83995009e-06,8.83099962e-05,1.41429724e-07
3.347367,2.52546730e-01,1.15062371e-03,-1.11439488e-02,-1.40954441e-04,3.76709710e-05,-3.54297001e-04,-5.75523068e-06,8.83097147e-05,9.85710195e-08
3.349008,2.47917802e-01,3.58104351e-04,-2.72119412e-03,-4.95388077e-05,2.14018205e-05,-2.06917516e-04,-3.83119318e-06,8.83097182e-05,6.20003143e-08
3.350649,2.42996975e-01,2.40114372e-03,-2.06363760e-02,-3.13397002e-04,4.07643593e-05,-3.87188646e-04,-6.46966778e-06,8.83095275e-05,4.24222295e-08
3.352289,2.37773952e-01,-5.76179119e-05,1.47311997e-04,9.70765626e-06,1.61601599e-05,-1.86016417e-04,-3.20801469e-06,8.83095326e-05,3.63558822e-08
3.353930,2.32258949e-01,-8.23553013e-04,7.64810243e-03,1.78593321e-04,1.18736975e-05,-1.40372738e-04,-1.94114036e-06,8.83089318e-05,6.11134236e-08
3.355571,2.26494371e-01,-6.70307579e-04,6.23705384e-03,7.10586994e-05,3.24334762e-06,-6.28780244e-05,-1.55507018e-06,8.83092620e-05,3.17777253e-08
3.357212,2.20492457e-01,-7.52125524e-04,6.69002285e-03,1.40774507e-04,3.51593278e-06,-6.42785298e-05,-8.69564033e-07,8.83091473e-05,2.40435396e-08
3.358853,2.14270680e-01,-1.28723878e-03,1.12031800e-02,2.39539959e-04,-1.88475245e-05,1.32767927e-04,2.30453516e-06,8.83089563e-05,6.35800798e-08
3.360494,2.07897240e-01,-1.02125009e-04,6.57643094e-04,7.89541438e-05,-8.15267010e-06,4.81925414e-05,8.89505478e-07,8.83086251e-05,1.98861386e-07
3.362135,2.01423344e-01,7.72284232e-04,-7.76754720e-03,-2.77129378e-05,6.44528501e-06,-8.01406392e-05,-7.84592992e-07,8.83087228e-05,7.60073105e-08
3.363776,1.94773065e-01,-9.26411060e-05,-7.46249421e-06,9.05225119e-06,-1.51912671e-05,1.11355846e-04,9.73610155e-07,8.83088749e-05,4.66082970e-08
3.365416,1.87986252e-01,1.50103681e-04,-3.11782301e-03,-2.06808166e-05,-1.51699938e-06,-1.78282319e-05,-4.90227425e-07,8.83085917e-05,1.16798261e-07
3.367057,1.81135328e-01,6.89883111e-04,-8.48617028e-03,-7.06664436e-05,1.55068439e-05,-1.72228580e-04,-2.15618670e-06,8.83083461e-05,1.22771626e-07
3.368698,1.74160274e-01,-4.01723586e-05,-1.50562145e-03,4.33870564e-05,1.13872904e-05,-1.35609242e-04,-1.36684166e-06,8.83084559e-05,9.21384075e-08
3.370339,1.66999693e-01,-1.06323590e-03,8.50928262e-03,7.59849617e-05,2.95729249e-06,-5.48203105e-05,-1.20883477e-06,8.83080960e-05,7.97416387e-08
3.371980,1.59752909e-01,-1.72708587e-03,1.52695571e-02,1.64541497e-04,1.03745293e-05,-1.28880376e-04,-1.81331638e-06,8.83080084e-05,1.19945751e-07
3.373621,1.52393984e-01,4.71019828e-04,-9.10785609e-03,-9.57084108e-05,2.76051968e-05,-3.36701592e-04,-3.92178490e-06,8.83078637e-05,8.78920745e-08
3.375262,1.44775329e-01,-1.12210514e-03,9.48518148e-03,9.44307919e-05,1.68704400e-06,-4.18641914e-05,-8.85046988e-07,8.83080633e-05,2.24429764e-07
3.376902,1.36969816e-01,-2.20851308e-03,2.47303202e-02,2.80959622e-04,-1.25127463e-05,1.45314172e-04,1.39730919e-06,8.83080666e-05,1.17816285e-07
3.378543,1.29205890e-01,-3.50012253e-05,-6.77053470e-03,-6.10680303e-05,9.06063680e-06,-1.69023035e-04,-1.92833891e-06,8.83077097e-05,2.14985103e-07
3.380184,1.21508303e-01,-8.01542003e-04,5.66334233e-03,1.00868412e-04,1.08663734e-06,-3.26402268e-05,-1.53175572e-07,8.83075616e-05,3.53198528e-07
3.381825,1.13941068e-01,-1.25047373e-04,-1.23795442e-02,-1.35163624e-04,1.45612382e-06,-6.75993842e-05,-1.09797719e-06,8.83077725e-05,1.41700748e-07
3.383466,1.06469614e-01,-6.00783715e-04,-1.75920304e-03,-1.63292108e-05,-3.26321175e-06,4.74372022e-05,1.55456962e-07,8.83074559e-05,5.96333012e-07
3.385107,9.93615452e-02,-6.80641252e-04,-2.35910251e-03,2.79229904e-06,-3.11961744e-06,5.57469642e-05,5.18842213e-07,8.83074806e-05,4.63298360e-07
