time_orbits,dist,err_x,err_y,err_z,err_vx,err_vy,err_vz,P_trace,u_p_norm
0.000000,0.00000000e+00,0.00000000e+00,0.00000000e+00,0.00000000e+00,0.00000000e+00,0.00000000e+00,0.00000000e+00,0.00000000e+00,0.00000000e+00
0.001641,8.66733570e+02,4.51365134e-01,4.35766324e-02,-2.35874166e-02,1.55202353e-02,-3.82427226e-03,-4.95681824e-03,8.77598310e-03,1.19617343e-03
0.003282,8.67777661e+02,8.14312176e-01,-4.85868980e-02,-1.11930723e-01,1.54241000e-02,-4.19142126e-03,-4.88273147e-03,5.74128502e-03,1.17888508e-03
0.004923,8.69098390e+02,1.16173983e+00,-1.35886366e-01,-2.61999207e-01,1.53999607e-02,-4.77736939e-03,-5.06624535e-03,5.39315843e-03,1.16305696e-03
0.006563,8.70643022e+02,1.67136126e+00,-3.62296529e-01,-3.82686280e-01,1.62668451e-02,-6.08834258e-03,-5.17788751e-03,5.57723823e-03,1.14903235e-03
0.008204,8.72365145e+02,2.07897451e+00,-5.64625956e-01,-5.44611663e-01,1.64607859e-02,-7.34647312e-03,-5.59506369e-03,5.82463746e-03,1.13746702e-03
0.009845,8.74224706e+02,2.43910416e+00,-7.52731708e-01,-6.96425971e-01,1.62433614e-02,-8.39672618e-03,-5.91943269e-03,6.01515859e-03,1.12885803e-03
0.011486,8.76187519e+02,2.80483281e+00,-9.67520827e-01,-8.60872826e-01,1.60264119e-02,-9.50741433e-03,-6.24105350e-03,6.14179138e-03,1.12337771e-03
0.013127,8.78224848e+02,3.12354503e+00,-1.18803165e+00,-9.96830860e-01,1.54438559e-02,-1.04601952e-02,-6.34062937e-03,6.22532825e-03,1.12189680e-03
0.014768,8.80312777e+02,3.35236212e+00,-1.41523472e+00,-1.15773480e+00,1.41733576e-02,-1.13305688e-02,-6.64013008e-03,6.28479901e-03,1.12432136e-03
0.016409,8.82432156e+02,3.68374153e+00,-1.69600476e+00,-1.31498167e+00,1.37659011e-02,-1.23776924e-02,-6.81191084e-03,6.33212714e-03,1.13083507e-03
0.018050,8.84567750e+02,4.02221850e+00,-2.06182785e+00,-1.45315795e+00,1.33009168e-02,-1.38322057e-02,-6.80750716e-03,6.37432826e-03,1.14162698e-03
0.019690,8.86708080e+02,4.22356261e+00,-2.43764378e+00,-1.48148644e+00,1.18714227e-02,-1.50403290e-02,-6.07826740e-03,6.41445542e-03,1.15682937e-03
0.021331,8.88845286e+02,4.40297943e+00,-2.69936317e+00,-1.61659534e+00,1.05641863e-02,-1.51949793e-02,-6.18129590e-03,6.45370836e-03,1.17565122e-03
0.022972,8.90974721e+02,4.63094912e+00,-3.05417658e+00,-1.78135616e+00,9.66028057e-03,-1.59989351e-02,-6.40135304e-03,6.49348329e-03,1.19872519e-03
0.024613,8.93094425e+02,4.72274918e+00,-3.29973535e+00,-1.88532415e+00,8.02061274e-03,-1.58145942e-02,-6.16377629e-03,6.53371043e-03,1.22473823e-03
0.026254,8.95205117e+02,4.81977262e+00,-3.61926438e+00,-1.98027117e+00,6.63427148e-03,-1.60993152e-02,-5.96275739e-03,6.57418010e-03,1.25335535e-03
0.027895,8.97309812e+02,4.92170786e+00,-3.95750961e+00,-2.09626022e+00,5.41459599e-03,-1.64397812e-02,-5.88766225e-03,6.61538267e-03,1.28458860e-03
0.029536,8.99413514e+02,5.03120190e+00,-4.33867225e+00,-2.13713215e+00,4.48425236e-03,-1.69297760e-02,-5.28686635e-03,6.65704997e-03,1.31752293e-03
0.031176,9.01522904e+02,5.08259626e+00,-4.69753840e+00,-2.27949543e+00,3.18590517e-03,-1.71621396e-02,-5.54577780e-03,6.69923851e-03,1.35179659e-03
0.032817,9.03646317e+02,5.08389705e+00,-4.92747581e+00,-2.42062235e+00,1.82666283e-03,-1.64273722e-02,-5.62898829e-03,6.74226010e-03,1.38761657e-03
0.034458,9.05793222e+02,5.06970680e+00,-5.29840442e+00,-2.45114647e+00,5.26018538e-04,-1.66663700e-02,-4.99155687e-03,6.78567665e-03,1.42297335e-03
0.036099,9.07974203e+02,5.02518460e+00,-5.57323866e+00,-2.55229677e+00,-7.29091088e-04,-1.61439775e-02,-4.96048960e-03,6.82958383e-03,1.45852156e-03
0.037740,9.10200518e+02,4.98988433e+00,-5.88432732e+00,-2.66067461e+00,-1.79323764e-03,-1.58862672e-02,-4.90005823e-03,6.87443722e-03,1.49441709e-03
0.039381,9.12483792e+02,4.92615879e+00,-6.19620625e+00,-2.76114316e+00,-2.87743761e-03,-1.56003843e-02,-4.82881382e-03,6.91996520e-03,1.52900635e-03
0.041022,9.14835982e+02,4.76944177e+00,-6.46641301e+00,-2.77870386e+00,-4.42255325e-03,-1.49993142e-02,-4.21742587e-03,6.96628650e-03,1.56296668e-03
0.042663,9.17269116e+02,4.65366827e+00,-6.80494583e+00,-2.76463481e+00,-5.38858618e-03,-1.48562434e-02,-3.51053462e-03,7.01324168e-03,1.59517280e-03
0.044303,9.19794912e+02,4.50377457e+00,-7.07226569e+00,-2.81436330e+00,-6.43634672e-03,-1.42691714e-02,-3.30890811e-03,7.06129335e-03,1.62659195e-03
0.045944,9.22424675e+02,4.38879511e+00,-7.28875524e+00,-2.94505589e+00,-7.03321110e-03,-1.33212778e-02,-3.63029035e-03,7.11038622e-03,1.65645820e-03
0.047585,9.25168932e+02,4.21808722e+00,-7.52042104e+00,-2.97038591e+00,-7.88789084e-03,-1.26140887e-02,-3.21631225e-03,7.16079519e-03,1.68490394e-03
0.049226,9.28037400e+02,4.06604087e+00,-7.73503228e+00,-3.12432241e+00,-8.48997105e-03,-1.18695680e-02,-3.69833195e-03,7.21215400e-03,1.71097758e-03
0.050867,9.31039061e+02,3.89217865e+00,-7.97195024e+00,-3.19065320e+00,-9.09146730e-03,-1.13517061e-02,-3.49039082e-03,7.26478459e-03,1.73515347e-03
0.052508,9.34181667e+02,3.67613997e+00,-8.11338622e+00,-3.23586375e+00,-9.82442994e-03,-1.02403649e-02,-3.17820168e-03,7.31862673e-03,1.75713578e-03
0.054149,9.37471830e+02,3.45029623e+00,-8.34248142e+00,-3.22775607e+00,-1.05116120e-02,-9.83605389e-03,-2.58405393e-03,7.37363459e-03,1.77678339e-03
0.055789,9.40914985e+02,3.20859295e+00,-8.55361948e+00,-3.20665924e+00,-1.11595587e-02,-9.30363333e-03,-2.01640287e-03,7.42981384e-03,1.79375643e-03
0.057430,9.44515289e+02,2.99430283e+00,-8.63863757e+00,-3.29087147e+00,-1.14294464e-02,-8.03002104e-03,-2.17638249e-03,7.48735766e-03,1.80899742e-03
0.059071,9.48275354e+02,2.75278340e+00,-8.82059635e+00,-3.32694011e+00,-1.18864515e-02,-7.52736633e-03,-2.00771552e-03,7.54632728e-03,1.82166334e-03
0.060712,9.52196489e+02,2.50789778e+00,-8.88556235e+00,-3.32485990e+00,-1.21646729e-02,-6.30425179e-03,-1.63095180e-03,7.60653888e-03,1.83186396e-03
0.062353,9.56278565e+02,2.27881203e+00,-8.94434339e+00,-3.42336090e+00,-1.22821592e-02,-5.27899486e-03,-1.95610067e-03,7.66804129e-03,1.84013516e-03
0.063994,9.60520106e+02,2.01080193e+00,-8.96120210e+00,-3.40982257e+00,-1.25887698e-02,-4.14308326e-03,-1.48660424e-03,7.73079756e-03,1.84592598e-03
0.065635,9.64918382e+02,1.76018111e+00,-9.07121257e+00,-3.40218551e+00,-1.26938001e-02,-3.73713173e-03,-1.12645529e-03,7.79468643e-03,1.84870455e-03
0.067276,9.69469385e+02,1.50978297e+00,-9.16712027e+00,-3.40262781e+00,-1.27630230e-02,-3.26505513e-03,-8.60789600e-04,7.85983467e-03,1.84925456e-03
0.068916,9.74167860e+02,1.25161888e+00,-9.19100709e+00,-3.46132118e+00,-1.28809922e-02,-2.36695941e-03,-1.05712006e-03,7.92609597e-03,1.84747744e-03
0.070557,9.79007505e+02,9.93793173e-01,-9.22377514e+00,-3.51853173e+00,-1.29506854e-02,-1.64443818e-03,-1.14628263e-03,7.99334585e-03,1.84364765e-03
0.072198,9.83980942e+02,7.55718927e-01,-9.24339071e+00,-3.52820271e+00,-1.27672509e-02,-1.01542722e-03,-9.31522516e-04,8.06153413e-03,1.83771212e-03
0.073839,9.89079680e+02,5.33081268e-01,-9.13086433e+00,-3.59860014e+00,-1.24862980e-02,4.19905546e-04,-1.14633602e-03,8.13065283e-03,1.82950216e-03
0.075480,9.94294363e+02,2.83460587e-01,-9.08095592e+00,-3.55455413e+00,-1.23894367e-02,1.18857694e-03,-5.90089180e-04,8.20049195e-03,1.81945546e-03
0.077121,9.99614947e+02,7.82463978e-02,-8.98179567e+00,-3.60266898e+00,-1.19339916e-02,2.09687825e-03,-7.27574330e-04,8.27091335e-03,1.80769096e-03
0.078762,1.00503061e+03,-1.93774283e-01,-9.00123500e+00,-3.64303294e+00,-1.20798126e-02,2.20804502e-03,-7.70360688e-04,8.34199395e-03,1.79310209e-03
0.080402,1.01053012e+03,-4.11632773e-01,-8.87427497e+00,-3.60625386e+00,-1.17509826e-02,3.15808767e-03,-3.32966902e-04,8.41353662e-03,1.77770996e-03
0.082043,1.01610158e+03,-6.66095063e-01,-8.82922209e+00,-3.52481411e+00,-1.16899199e-02,3.49914147e-03,2.98195788e-04,8.48526373e-03,1.75930119e-03
0.083684,1.02173292e+03,-8.92455068e-01,-8.75309532e+00,-3.43185676e+00,-1.13896578e-02,3.96359457e-03,9.01336988e-04,8.55722018e-03,1.74011870e-03
0.085325,1.02741143e+03,-1.07999829e+00,-8.60201557e+00,-3.43851155e+00,-1.09232864e-02,4.81671890e-03,8.33819325e-04,8.62953003e-03,1.72039513e-03
0.086966,1.03312406e+03,-1.30165129e+00,-8.49025333e+00,-3.40599967e+00,-1.07267455e-02,5.32365122e-03,1.02115870e-03,8.70155237e-03,1.69783691e-03
0.088607,1.03885796e+03,-1.48277935e+00,-8.33014625e+00,-3.40894640e+00,-1.02515259e-02,5.97961717e-03,9.19224196e-04,8.77336367e-03,1.67496901e-03
0.090248,1.04459995e+03,-1.68382594e+00,-8.23485605e+00,-3.33769671e+00,-9.93602980e-03,6.10854271e-03,1.31304966e-03,8.84487977e-03,1.65043896e-03
0.091889,1.05033685e+03,-1.87903631e+00,-8.11508616e+00,-3.26717864e+00,-9.62066249e-03,6.40827542e-03,1.65596216e-03,8.91601973e-03,1.62453860e-03
0.093529,1.05605551e+03,-2.08969704e+00,-8.01828995e+00,-3.30059174e+00,-9.46657995e-03,6.55897365e-03,1.24534332e-03,8.98658468e-03,1.59746001e-03
0.095170,1.06174292e+03,-2.26213990e+00,-7.85865237e+00,-3.26401729e+00,-9.04968189e-03,7.03748371e-03,1.35769766e-03,9.05639763e-03,1.56995759e-03
0.096811,1.06738581e+03,-2.43635988e+00,-7.72412526e+00,-3.23887417e+00,-8.79751353e-03,7.21319676e-03,1.37290808e-03,9.12545700e-03,1.55063061e-03
0.098452,1.07297024e+03,-2.58393209e+00,-7.53796402e+00,-3.20701482e+00,-8.24691262e-03,7.79653608e-03,1.47802055e-03,9.19359704e-03,1.51325764e-03
0.100093,1.07848486e+03,-2.75809107e+00,-7.42254256e+00,-3.13939589e+00,-7.95668403e-03,7.78540918e-03,1.74608381e-03,9.26045103e-03,1.48316916e-03
0.101734,1.08391729e+03,-2.95570072e+00,-7.31695834e+00,-3.15595201e+00,-7.91162526e-03,7.73469514e-03,1.46463256e-03,9.32614603e-03,1.45257024e-03
0.103375,1.08925545e+03,-3.08171696e+00,-7.08018231e+00,-3.12543765e+00,-7.42617654e-03,8.48514944e-03,1.49720122e-03,9.39041510e-03,1.42235348e-03
0.105015,1.09448746e+03,-3.19438144e+00,-6.89288195e+00,-3.11629955e+00,-6.85719433e-03,8.75613845e-03,1.41542148e-03,9.45317956e-03,1.39142101e-03
0.106656,1.09960163e+03,-3.30966809e+00,-6.71015702e+00,-3.13339002e+00,-6.38187247e-03,8.94109393e-03,1.19466029e-03,9.51435689e-03,1.36007149e-03
0.108297,1.10458656e+03,-3.34155676e+00,-6.42369891e+00,-3.08694239e+00,-5.46446933e-03,9.70496170e-03,1.41275673e-03,9.57391571e-03,1.32882899e-03
0.109938,1.10943115e+03,-3.45443193e+00,-6.23603842e+00,-2.98466758e+00,-5.22586679e-03,9.74274383e-03,1.87712067e-03,9.63157297e-03,1.29711657e-03
0.111579,1.11412483e+03,-3.59314497e+00,-6.12122383e+00,-2.93540324e+00,-5.09659747e-03,9.29633970e-03,1.95012512e-03,9.68713082e-03,1.26425167e-03
0.113220,1.11865748e+03,-3.71607425e+00,-5.91884379e+00,-2.86854758e+00,-4.98072804e-03,9.56666218e-03,2.13603602e-03,9.74077486e-03,1.23168012e-03
0.114861,1.12301938e+03,-3.81373014e+00,-5.73497614e+00,-2.85780615e+00,-4.64842748e-03,9.59838210e-03,1.94474369e-03,9.79201977e-03,1.19915952e-03
0.116501,1.12720106e+03,-3.88439372e+00,-5.54191104e+00,-2.76692073e+00,-4.21233099e-03,9.64665685e-03,2.25134319e-03,9.84112903e-03,1.16697222e-03
0.118142,1.13119325e+03,-3.88055581e+00,-5.25122838e+00,-2.79285228e+00,-3.43482164e-03,1.02842999e-02,1.86036468e-03,9.88792111e-03,1.13561752e-03
0.119783,1.13498711e+03,-3.96335677e+00,-5.09982953e+00,-2.68105418e+00,-3.22932414e-03,9.88950897e-03,2.31905776e-03,9.93193910e-03,1.10288356e-03
0.121424,1.13857435e+03,-4.02261057e+00,-4.90915338e+00,-2.54302713e+00,-2.90838920e-03,9.88602635e-03,2.86647792e-03,9.97358436e-03,1.06979115e-03
0.123065,1.14194702e+03,-4.12951104e+00,-4.72592390e+00,-2.50435777e+00,-3.00285955e-03,9.88762732e-03,2.72590718e-03,1.00125638e-02,1.03791741e-03
0.124706,1.14509756e+03,-4.12914074e+00,-4.46935604e+00,-2.49352423e+00,-2.41294948e-03,1.02476231e-02,2.41089328e-03,1.00486441e-02,1.00670414e-03
0.126347,1.14801872e+03,-4.15364861e+00,-4.27025783e+00,-2.49001389e+00,-2.00437683e-03,1.01413567e-02,2.14626544e-03,1.00817765e-02,9.75167579e-04
0.127988,1.15070363e+03,-4.14636642e+00,-4.01763417e+00,-2.43744110e+00,-1.48586971e-03,1.04263341e-02,2.24042143e-03,1.01120134e-02,9.43736012e-04
0.129628,1.15314580e+03,-4.19686637e+00,-3.83931068e+00,-2.39280418e+00,-1.39845993e-03,1.01484658e-02,2.27288413e-03,1.01392014e-02,9.12760179e-04
0.131269,1.15533911e+03,-4.29876229e+00,-3.69596116e+00,-2.32201516e+00,-1.63129171e-03,9.79032433e-03,2.42806135e-03,1.01634844e-02,8.80954513e-04
0.132910,1.15727786e+03,-4.33311208e+00,-3.47669908e+00,-2.37878887e+00,-1.40097953e-03,9.99699876e-03,1.81531226e-03,1.01846500e-02,8.50284889e-04
0.134551,1.15895668e+03,-4.39506494e+00,-3.31666032e+00,-2.29927511e+00,-1.37810365e-03,9.75373766e-03,2.10297348e-03,1.02024838e-02,8.19956412e-04
0.136192,1.16037054e+03,-4.45761395e+00,-3.15965418e+00,-2.24302724e+00,-1.35803938e-03,9.49703001e-03,2.15439659e-03,1.02170393e-02,7.90036054e-04
0.137833,1.16151473e+03,-4.36061638e+00,-2.90218478e+00,-2.13161925e+00,-3.45792447e-04,9.87181591e-03,2.54884560e-03,1.02283414e-02,7.60984477e-04
0.139474,1.16238478e+03,-4.40181121e+00,-2.71345191e+00,-2.08897366e+00,-3.72087553e-04,9.83461974e-03,2.44166508e-03,1.02363186e-02,7.32338202e-04
0.141114,1.16297661e+03,-4.35955094e+00,-2.51631287e+00,-1.97351295e+00,1.17117880e-04,9.74088146e-03,2.78247002e-03,1.02408179e-02,7.04254295e-04
0.142755,1.16328644e+03,-4.30039310e+00,-2.31355046e+00,-1.93075915e+00,6.54017814e-04,9.64316808e-03,2.66594968e-03,1.02418783e-02,6.76505740e-04
0.144396,1.16331080e+03,-4.31514841e+00,-2.11843049e+00,-1.93174508e+00,6.53085888e-04,9.62340528e-03,2.31612993e-03,1.02394857e-02,6.48512305e-04
0.146037,1.16304668e+03,-4.40781102e+00,-1.96360813e+00,-1.92477862e+00,1.58526215e-04,9.39097080e-03,2.07152519e-03,1.02334779e-02,6.21068542e-04
0.147678,1.16249143e+03,-4.41247530e+00,-1.76582030e+00,-1.91040878e+00,2.79530525e-04,9.44831945e-03,1.88563983e-03,1.02239480e-02,5.94199285e-04
0.149319,1.16164265e+03,-4.42658687e+00,-1.61069969e+00,-1.87840097e+00,3.59974860e-04,9.14131737e-03,1.85377462e-03,1.02107356e-02,5.68147473e-04
0.150960,1.16049821e+03,-4.41711701e+00,-1.40881207e+00,-1.90830696e+00,5.57213957e-04,9.23239503e-03,1.46119771e-03,1.01940809e-02,5.42584073e-04
0.152601,1.15905626e+03,-4.33655928e+00,-1.19294541e+00,-1.83171171e+00,1.13680093e-03,9.36497947e-03,1.78450457e-03,1.01737719e-02,5.18011934e-04
0.154241,1.15731524e+03,-4.39164967e+00,-1.07272999e+00,-1.72593232e+00,8.03024975e-04,8.88106421e-03,2.21308192e-03,1.01499022e-02,4.93234673e-04
0.155882,1.15527395e+03,-4.39385510e+00,-8.90646725e-01,-1.60555681e+00,8.21797179e-04,8.93252752e-03,2.69381266e-03,1.01224150e-02,4.69035879e-04
0.157523,1.15293154e+03,-4.32061166e+00,-7.30029562e-01,-1.55171412e+00,1.34638859e-03,8.64927411e-03,2.63797174e-03,1.00912506e-02,4.45765314e-04
0.159164,1.15028733e+03,-4.22808661e+00,-5.07197987e-01,-1.49924249e+00,1.87250972e-03,8.89692044e-03,2.62160954e-03,1.00564956e-02,4.23204452e-04
0.160805,1.14734098e+03,-4.22673588e+00,-3.10125280e-01,-1.55606811e+00,1.73258861e-03,8.97908138e-03,1.98108820e-03,1.00181785e-02,4.01497779e-04
0.162446,1.14409246e+03,-4.17547490e+00,-1.45118769e-01,-1.46788490e+00,1.92877522e-03,8.77280296e-03,2.30707384e-03,9.97609844e-03,3.79889186e-04
0.164087,1.14054204e+03,-4.14554587e+00,2.84481040e-02,-1.43347198e+00,1.99803931e-03,8.69280813e-03,2.22898168e-03,9.93054349e-03,3.58469094e-04
0.165727,1.13669030e+03,-4.15782095e+00,1.50407136e-01,-1.43798806e+00,1.79912580e-03,8.19664942e-03,1.94030891e-03,9.88143915e-03,3.38241759e-04
0.167368,1.13253802e+03,-4.10427053e+00,3.41893978e-01,-1.36091272e+00,1.98441476e-03,8.36086850e-03,2.19648594e-03,9.82893766e-03,3.18358145e-04
0.169009,1.12808637e+03,-4.10880084e+00,4.47244235e-01,-1.30700998e+00,1.83489891e-03,7.80722989e-03,2.26642649e-03,9.77280747e-03,2.99038642e-04
0.170650,1.12333673e+03,-4.19523794e+00,5.65975401e-01,-1.21694299e+00,1.15846495e-03,7.58473051e-03,2.55339628e-03,9.71340427e-03,2.79968559e-04
0.172291,1.11829085e+03,-4.17668508e+00,7.28068100e-01,-1.20697421e+00,1.26331679e-03,7.59648093e-03,2.29195772e-03,9.65037416e-03,2.62099693e-04
0.173932,1.11295077e+03,-4.08401316e+00,9.15031617e-01,-1.18882188e+00,1.79377821e-03,7.75190152e-03,2.11745049e-03,9.58396936e-03,2.45391306e-04
0.175573,1.10731880e+03,-4.05931381e+00,1.04191486e+00,-1.16155793e+00,1.82806463e-03,7.43517387e-03,1.97889857e-03,9.51424194e-03,2.29211906e-04
0.177214,1.10139750e+03,-4.04378339e+00,1.18622464e+00,-1.08954984e+00,1.75714925e-03,7.33774769e-03,2.22571116e-03,9.44125474e-03,2.13969986e-04
0.178854,1.09518976e+03,-4.01513822e+00,1.32996596e+00,-1.02280536e+00,1.79706551e-03,7.26131412e-03,2.34118735e-03,9.36510642e-03,1.98905502e-04
0.180495,1.08869877e+03,-3.97664011e+00,1.45015710e+00,-9.34887914e-01,1.91425591e-03,7.00540568e-03,2.56161420e-03,9.28577102e-03,1.84935796e-04
0.182136,1.08192801e+03,-3.85670141e+00,1.62379441e+00,-8.95276709e-01,2.47902254e-03,7.12526575e-03,2.45839355e-03,9.20331773e-03,1.72441331e-04
0.183777,1.07488132e+03,-3.79417153e+00,1.77200657e+00,-8.59260843e-01,2.58736456e-03,7.05870180e-03,2.33651726e-03,9.11781526e-03,1.60693565e-04
0.185418,1.06756279e+03,-3.72061288e+00,1.90532095e+00,-8.11387527e-01,2.75241573e-03,6.87411261e-03,2.31878571e-03,9.02935628e-03,1.50147716e-04
0.187059,1.05997681e+03,-3.74585480e+00,2.02974365e+00,-7.97005912e-01,2.25959038e-03,6.68832222e-03,2.11649039e-03,8.93800687e-03,1.40837736e-04
0.188700,1.05212807e+03,-3.72658134e+00,2.14940025e+00,-7.74500023e-01,2.12814583e-03,6.47391852e-03,1.97453596e-03,8.84389619e-03,1.32611741e-04
0.190340,1.04402154e+03,-3.71709498e+00,2.24363872e+00,-6.40573419e-01,1.96023672e-03,6.16915079e-03,2.53385671e-03,8.74714199e-03,1.25824918e-04
0.191981,1.03566252e+03,-3.73828766e+00,2.38052419e+00,-6.10961683e-01,1.62301099e-03,6.25594267e-03,2.36536831e-03,8.64782977e-03,1.20522042e-04
0.193622,1.02705664e+03,-3.61449018e+00,2.49245400e+00,-6.10141123e-01,2.25002344e-03,5.95241166e-03,2.04472147e-03,8.54575953e-03,1.17867661e-04
0.195263,1.01820987e+03,-3.57722602e+00,2.60824673e+00,-5.33271278e-01,2.25603386e-03,5.85055082e-03,2.26101316e-03,8.44140975e-03,1.16088110e-04
0.196904,1.00912847e+03,-3.51655162e+00,2.73113819e+00,-4.62047922e-01,2.37326676e-03,5.81643360e-03,2.39734719e-03,8.33476281e-03,1.16014879e-04
0.198545,9.99819068e+02,-3.53892863e+00,2.82695854e+00,-3.98060957e-01,1.97174944e-03,5.60535451e-03,2.49026728e-03,8.22583174e-03,1.17549745e-04
0.200186,9.90288535e+02,-3.64477298e+00,2.90133816e+00,-3.39423796e-01,1.10804849e-03,5.28891146e-03,2.54319544e-03,8.11481619e-03,1.20641963e-04
0.201827,9.80544032e+02,-3.58793843e+00,2.98068930e+00,-2.89265454e-01,1.39583803e-03,4.96075827e-03,2.49902364e-03,8.00185309e-03,1.24495633e-04
0.203467,9.70593101e+02,-3.55636150e+00,3.09347632e+00,-2.79320819e-01,1.48645574e-03,4.96762559e-03,2.22302602e-03,7.88709021e-03,1.29480544e-04
0.205108,9.60443624e+02,-3.48288586e+00,3.20096940e+00,-2.37277050e-01,1.84336387e-03,4.92821778e-03,2.18888665e-03,7.77042798e-03,1.35381394e-04
0.206749,9.50103897e+02,-3.47817385e+00,3.31652852e+00,-2.82292682e-01,1.66686485e-03,4.92567213e-03,1.60658983e-03,7.65209694e-03,1.41897574e-04
0.208390,9.39582472e+02,-3.41414901e+00,3.39263958e+00,-1.59029635e-01,1.90074828e-03,4.72715182e-03,2.20439689e-03,7.53243401e-03,1.48508834e-04
0.210031,9.28888252e+02,-3.34688710e+00,3.48692982e+00,-1.29056663e-01,2.10446193e-03,4.61365432e-03,2.09770291e-03,7.41123381e-03,1.55397451e-04
0.211672,9.18030571e+02,-3.31059791e+00,3.58376748e+00,-1.15783043e-01,2.07608025e-03,4.52148697e-03,1.90167703e-03,7.28869655e-03,1.62970124e-04
0.213313,9.07019008e+02,-3.28232103e+00,3.66406206e+00,-1.30446604e-01,2.00815593e-03,4.30782796e-03,1.52143776e-03,7.16517944e-03,1.70678435e-04
0.214953,8.95863396e+02,-3.30045335e+00,3.75280205e+00,-7.68010848e-02,1.65433067e-03,4.28090811e-03,1.67006667e-03,7.04071614e-03,1.78393913e-04
0.216594,8.84573960e+02,-3.21957259e+00,3.81510095e+00,-6.42977642e-03,1.96076251e-03,3.99392807e-03,1.88090422e-03,6.91529807e-03,1.85797810e-04
0.218235,8.73161333e+02,-3.18015623e+00,3.86286858e+00,5.29247472e-02,1.94564261e-03,3.63550224e-03,1.98831360e-03,6.78930848e-03,1.93598723e-04
0.219876,8.61636347e+02,-3.16910926e+00,3.93154410e+00,1.30925895e-01,1.73708883e-03,3.53730502e-03,2.22132756e-03,6.66277646e-03,2.01184756e-04
0.221517,8.50010229e+02,-3.17519751e+00,3.98586954e+00,1.39325259e-01,1.49397385e-03,3.29271262e-03,1.91355026e-03,6.53581023e-03,2.09214480e-04
0.223158,8.38294418e+02,-3.20276908e+00,4.07764757e+00,1.45097977e-01,1.12831554e-03,3.42026791e-03,1.68799028e-03,6.40860162e-03,2.16912035e-04
0.224799,8.26500732e+02,-3.17416984e+00,4.12593493e+00,2.11148225e-01,1.17179032e-03,3.18038951e-03,1.91050671e-03,6.28114327e-03,2.24352798e-04
0.226440,8.14641360e+02,-3.06192126e+00,4.18630021e+00,2.02662106e-01,1.77632110e-03,3.02489491e-03,1.54479100e-03,6.15386018e-03,2.31279454e-04
0.228080,8.02728769e+02,-3.01881580e+00,4.19917909e+00,2.84882088e-01,1.79845048e-03,2.55593479e-03,1.86657301e-03,6.02675433e-03,2.38446905e-04
0.229721,7.90775643e+02,-2.99475617e+00,4.24757771e+00,2.89033902e-01,1.70999911e-03,2.40474724e-03,1.63905627e-03,5.90004081e-03,2.45480085e-04
0.231362,7.78794978e+02,-2.97422110e+00,4.32523229e+00,3.11342125e-01,1.55088313e-03,2.55543208e-03,1.55612109e-03,5.77373944e-03,2.52073770e-04
0.233003,7.66800148e+02,-2.97723711e+00,4.36646357e+00,3.11800995e-01,1.34742756e-03,2.32796936e-03,1.36488773e-03,5.64790310e-03,2.59225138e-04
0.234644,7.54804604e+02,-3.07062117e+00,4.37970610e+00,4.19954821e-01,5.48374206e-04,2.00024492e-03,1.92994054e-03,5.52312099e-03,2.65945223e-04
0.236285,7.42821991e+02,-2.99168174e+00,4.42300393e+00,4.18299211e-01,1.01982247e-03,1.92490907e-03,1.64030129e-03,5.39941292e-03,2.71674433e-04
0.237926,7.30866308e+02,-3.03299959e+00,4.43170642e+00,5.31109119e-01,6.04878043e-04,1.64871129e-03,2.14951816e-03,5.27663946e-03,2.77908941e-04
0.239566,7.18951778e+02,-2.95979574e+00,4.46252301e+00,5.40865929e-01,1.05901975e-03,1.53504913e-03,1.86405593e-03,5.15515564e-03,2.83525054e-04
0.241207,7.07092790e+02,-2.95092427e+00,4.49235826e+00,5.68420924e-01,1.02125668e-03,1.43768986e-03,1.75589437e-03,5.03497220e-03,2.89292725e-04
0.242848,6.95303926e+02,-2.89388519e+00,4.49795940e+00,5.95723107e-01,1.30771899e-03,1.16501375e-03,1.66866144e-03,4.91644092e-03,2.94412154e-04
0.244489,6.83599850e+02,-2.77926593e+00,4.53324985e+00,5.55041816e-01,1.89510427e-03,1.13476457e-03,1.14266675e-03,4.79946417e-03,2.98799725e-04
0.246130,6.71995483e+02,-2.88489541e+00,4.56528528e+00,5.72665961e-01,8.71133765e-04,1.11318564e-03,1.08211530e-03,4.68437069e-03,3.04270786e-04
0.247771,6.60505584e+02,-2.88804897e+00,4.55863645e+00,6.37940011e-01,7.52309637e-04,8.05264323e-04,1.38616282e-03,4.57130604e-03,3.09034958e-04
0.249412,6.49144985e+02,-2.83429019e+00,4.56032217e+00,6.68462311e-01,1.04307247e-03,6.07297729e-04,1.42110430e-03,4.46039135e-03,3.13098516e-04
0.251053,6.37928672e+02,-2.77631699e+00,4.56890856e+00,6.86700248e-01,1.32303308e-03,4.84034991e-04,1.34956939e-03,4.35162750e-03,3.17076172e-04
0.252693,6.26871622e+02,-2.76477009e+00,4.55953121e+00,7.35969193e-01,1.24086055e-03,2.54855154e-04,1.45527309e-03,4.24531169e-03,3.20850191e-04
0.254334,6.15988619e+02,-2.70976227e+00,4.54772263e+00,7.79364511e-01,1.45830038e-03,3.26629728e-05,1.53040083e-03,4.14140205e-03,3.23941415e-04
0.255975,6.05294420e+02,-2.67542842e+00,4.54516895e+00,7.59484933e-01,1.47583373e-03,-9.74273204e-05,1.13232999e-03,4.04027019e-03,3.27372544e-04
0.257616,5.94803354e+02,-2.65488717e+00,4.54130440e+00,7.97459471e-01,1.39326154e-03,-1.69393583e-04,1.21704176e-03,3.94183318e-03,3.30167081e-04
0.259257,5.84529634e+02,-2.66428885e+00,4.55229147e+00,8.37370167e-01,1.18379666e-03,-1.11224838e-04,1.31715354e-03,3.84624845e-03,3.33444793e-04
0.260898,5.74487196e+02,-2.63539397e+00,4.51474806e+00,8.82426421e-01,1.22344748e-03,-4.71861702e-04,1.43832790e-03,3.75350946e-03,3.35654310e-04
0.262539,5.64689550e+02,-2.57730975e+00,4.48292387e+00,9.08366521e-01,1.47907684e-03,-7.09200088e-04,1.37815919e-03,3.66400802e-03,3.37818591e-04
0.264179,5.55149704e+02,-2.55875675e+00,4.43118467e+00,9.72807754e-01,1.37336954e-03,-1.04640053e-03,1.57485997e-03,3.57765138e-03,3.39736519e-04
0.265820,5.45880037e+02,-2.49625396e+00,4.39578380e+00,1.01801646e+00,1.65639539e-03,-1.15940217e-03,1.62144721e-03,3.49467374e-03,3.41572917e-04
0.267461,5.36892387e+02,-2.44538316e+00,4.39322315e+00,9.90618818e-01,1.77465086e-03,-1.04733988e-03,1.15215507e-03,3.41465466e-03,3.42771010e-04
0.269102,5.28198014e+02,-2.45276403e+00,4.36412709e+00,1.02833374e+00,1.50212786e-03,-1.14766643e-03,1.18737666e-03,3.33818792e-03,3.44716195e-04
0.270743,5.19807275e+02,-2.43710199e+00,4.35192787e+00,1.03141984e+00,1.39978108e-03,-1.14372965e-03,9.90937604e-04,3.26494850e-03,3.45543803e-04
0.272384,5.11729715e+02,-2.36470806e+00,4.33156382e+00,1.02781985e+00,1.77544516e-03,-1.17600587e-03,8.09291796e-04,3.19536853e-03,3.46495530e-04
0.274025,5.03973792e+02,-2.37015142e+00,4.32487556e+00,1.03058364e+00,1.51384536e-03,-1.12022478e-03,7.10551035e-04,3.12926408e-03,3.47209913e-04
0.275666,4.96546931e+02,-2.27762851e+00,4.24298672e+00,1.06200450e+00,2.01021953e-03,-1.63458205e-03,8.25984554e-04,3.06670461e-03,3.47394404e-04
0.277306,4.89455461e+02,-2.28887932e+00,4.21524525e+00,1.10017116e+00,1.59004736e-03,-1.64687742e-03,9.88087511e-04,3.00768256e-03,3.47555847e-04
0.278947,4.82704407e+02,-2.25411129e+00,4.19729720e+00,1.08973055e+00,1.67204743e-03,-1.57690617e-03,7.03989873e-04,2.95240167e-03,3.47903115e-04
0.280588,4.76297537e+02,-2.23244984e+00,4.16694428e+00,1.13836553e+00,1.66798845e-03,-1.60456037e-03,9.48932007e-04,2.90056687e-03,3.47998705e-04
0.282229,4.70237399e+02,-2.15572270e+00,4.09404566e+00,1.12339214e+00,1.98781932e-03,-1.95791451e-03,6.57602317e-04,2.85212032e-03,3.47025118e-04
0.283870,4.64525135e+02,-2.11608931e+00,4.09447777e+00,1.14031825e+00,2.03839404e-03,-1.66630010e-03,7.04230014e-04,2.80724356e-03,3.46444316e-04
0.285511,4.59160610e+02,-2.10113533e+00,4.05889321e+00,1.15050839e+00,1.87901723e-03,-1.75088838e-03,6.55157535e-04,2.76575103e-03,3.45656516e-04
0.287152,4.54142136e+02,-2.07707189e+00,4.00611499e+00,1.18173463e+00,1.79930127e-03,-1.93486584e-03,7.95551602e-04,2.72775454e-03,3.44385716e-04
0.288792,4.49466503e+02,-2.01418102e+00,3.93363261e+00,1.23244879e+00,2.06409557e-03,-2.19956112e-03,9.88968185e-04,2.69310762e-03,3.42971106e-04
0.290433,4.45129331e+02,-1.98066156e+00,3.93643740e+00,1.18494764e+00,1.99762207e-03,-1.92240956e-03,4.38059642e-04,2.66129636e-03,3.40634370e-04
0.292074,4.41124868e+02,-1.93423170e+00,3.90725507e+00,1.19466302e+00,2.05228350e-03,-1.84778495e-03,4.41314240e-04,2.63298195e-03,3.38340982e-04
0.293715,4.37445859e+02,-1.85555119e+00,3.84936310e+00,1.21391005e+00,2.40809491e-03,-2.06301824e-03,4.99855599e-04,2.60756438e-03,3.35688434e-04
0.295356,4.34083992e+02,-1.81007666e+00,3.78321690e+00,1.20066111e+00,2.41117511e-03,-2.30420443e-03,2.88361767e-04,2.58517676e-03,3.32708197e-04
0.296997,4.31029421e+02,-1.76167471e+00,3.72796801e+00,1.24539292e+00,2.45305174e-03,-2.41915399e-03,6.11037483e-04,2.56545278e-03,3.28726183e-04
0.298638,4.28271532e+02,-1.69298460e+00,3.68170176e+00,1.25306968e+00,2.60643081e-03,-2.40476950e-03,6.05026921e-04,2.54836484e-03,3.24508848e-04
0.300278,4.25798685e+02,-1.66981390e+00,3.66081406e+00,1.23369034e+00,2.36200593e-03,-2.20643901e-03,3.11428886e-04,2.53384678e-03,3.19853465e-04
0.301919,4.23598303e+02,-1.60247892e+00,3.60160553e+00,1.27387746e+00,2.53500783e-03,-2.35014555e-03,5.91113923e-04,2.52168456e-03,3.14434925e-04
0.303560,4.21657106e+02,-1.54402189e+00,3.52990615e+00,1.28937121e+00,2.58870136e-03,-2.54164626e-03,5.76986256e-04,2.51180119e-03,3.08740722e-04
0.305201,4.19960984e+02,-1.49589046e+00,3.43709057e+00,1.34189549e+00,2.57160142e-03,-2.87546168e-03,8.75636272e-04,2.50411605e-03,3.02515233e-04
0.306842,4.18495313e+02,-1.42278848e+00,3.44334925e+00,1.29718493e+00,2.73960994e-03,-2.40048477e-03,3.83315440e-04,2.49813322e-03,2.95127319e-04
0.308483,4.17245324e+02,-1.36680856e+00,3.34582817e+00,1.32319916e+00,2.71783153e-03,-2.78446116e-03,4.80025898e-04,2.49401715e-03,2.87691115e-04
0.310124,4.16195599e+02,-1.31020700e+00,3.31084435e+00,1.30630861e+00,2.71163238e-03,-2.59126808e-03,2.64289152e-04,2.49168731e-03,2.79705039e-04
0.311765,4.15330566e+02,-1.21721811e+00,3.22677268e+00,1.30254689e+00,3.03069245e-03,-2.85085616e-03,1.69068043e-04,2.49072030e-03,2.70833833e-04
0.313405,4.14634696e+02,-1.17553520e+00,3.16959621e+00,1.33335302e+00,2.84850303e-03,-2.83039614e-03,3.91001200e-04,2.49102981e-03,2.61609384e-04
0.315046,4.14092363e+02,-1.11766412e+00,3.10312438e+00,1.32777843e+00,2.81243435e-03,-2.91083362e-03,3.03256573e-04,2.49259303e-03,2.51844898e-04
0.316687,4.13688069e+02,-1.04273601e+00,3.02606739e+00,1.31552748e+00,2.92460992e-03,-3.05307303e-03,1.23113800e-04,2.49521280e-03,2.41914564e-04
0.318328,4.13406438e+02,-1.00427734e+00,3.06562218e+00,1.35947762e+00,2.77714135e-03,-2.29300075e-03,4.46296268e-04,2.49881774e-03,2.31259347e-04
0.319969,4.13232466e+02,-9.39707787e-01,2.95638256e+00,1.37786230e+00,2.86540075e-03,-2.82028847e-03,4.56890823e-04,2.50325417e-03,2.21058176e-04
0.321610,4.13151212e+02,-8.83652232e-01,2.90041779e+00,1.37791802e+00,2.83420447e-03,-2.80493196e-03,3.45881829e-04,2.50816142e-03,2.10204582e-04
0.323251,4.13148065e+02,-7.82114864e-01,2.80166910e+00,1.30776033e+00,3.15343871e-03,-3.10329330e-03,-2.35498855e-04,2.51356458e-03,1.98963487e-04
0.324891,4.13208903e+02,-7.22047503e-01,2.80672808e+00,1.31058353e+00,3.09292139e-03,-2.59601087e-03,-1.72313654e-04,2.51930768e-03,1.87849007e-04
0.326532,4.13320134e+02,-6.75787596e-01,2.76364873e+00,1.34006663e+00,2.94697113e-03,-2.53854694e-03,8.63675046e-05,2.52555058e-03,1.77241769e-04
0.328173,4.13468419e+02,-5.90969550e-01,2.68542431e+00,1.33527625e+00,3.17053795e-03,-2.73849652e-03,-1.42820136e-06,2.53194197e-03,1.67064787e-04
0.329814,4.13640915e+02,-5.15668746e-01,2.62099367e+00,1.31859942e+00,3.26624737e-03,-2.82465580e-03,-1.38183910e-04,2.53823062e-03,1.56740167e-04
0.331455,4.13825325e+02,-4.74719539e-01,2.59994839e+00,1.36557848e+00,3.05999754e-03,-2.60244814e-03,2.21332438e-04,2.54448472e-03,1.47358460e-04
0.333096,4.14009837e+02,-3.99135697e-01,2.59562342e+00,1.32486343e+00,3.17955790e-03,-2.26074441e-03,-1.64396233e-04,2.55067777e-03,1.38561768e-04
0.334737,4.14183129e+02,-3.32008152e-01,2.56279881e+00,1.35609377e+00,3.21606951e-03,-2.21986253e-03,6.40592647e-05,2.55649559e-03,1.30732515e-04
0.336378,4.14334398e+02,-2.61532627e-01,2.42703719e+00,1.30657322e+00,3.24892786e-03,-2.91283742e-03,-3.76663234e-04,2.56200376e-03,1.24176207e-04
0.338018,4.14453178e+02,-2.03633189e-01,2.41612740e+00,1.34078836e+00,3.20897644e-03,-2.54451750e-03,-9.69801844e-05,2.56722050e-03,1.18985535e-04
0.339659,4.14529687e+02,-1.14276758e-01,2.39536783e+00,1.28555014e+00,3.41031260e-03,-2.29431288e-03,-5.31258555e-04,2.57174223e-03,1.14988692e-04
0.341300,4.14554721e+02,-7.80052674e-02,2.30711957e+00,1.28146127e+00,3.13075164e-03,-2.60745227e-03,-4.54797034e-04,2.57579027e-03,1.12381987e-04
0.342941,4.14519508e+02,2.11007280e-02,2.27647579e+00,1.27393167e+00,3.44133115e-03,-2.48125470e-03,-4.15101066e-04,2.57914070e-03,1.11673939e-04
0.344582,4.14415978e+02,7.73777007e-02,2.26265313e+00,1.33354606e+00,3.34630172e-03,-2.24816194e-03,5.78161516e-05,2.58176786e-03,1.12861582e-04
0.346223,4.14236545e+02,1.32968720e-01,2.18632714e+00,1.32650405e+00,3.24418021e-03,-2.50048291e-03,-1.66492455e-05,2.58362541e-03,1.14938841e-04
0.347864,4.13974147e+02,2.18749207e-01,2.14475989e+00,1.26180288e+00,3.41851711e-03,-2.39183673e-03,-5.35009965e-04,2.58462998e-03,1.18126964e-04
0.349504,4.13622358e+02,2.89435131e-01,2.10317040e+00,1.25232258e+00,3.44510294e-03,-2.33248699e-03,-4.92560485e-04,2.58473439e-03,1.22417746e-04
0.351145,4.13175402e+02,3.75493576e-01,2.04509630e+00,1.25679723e+00,3.60360509e-03,-2.41867867e-03,-3.67445216e-04,2.58382905e-03,1.28192937e-04
0.352786,4.12628194e+02,4.50268507e-01,2.00646919e+00,1.23382275e+00,3.62541444e-03,-2.31752097e-03,-4.70475537e-04,2.58193596e-03,1.34310370e-04
0.354427,4.11976289e+02,5.13633572e-01,1.98281009e+00,1.19889099e+00,3.56434658e-03,-2.13213574e-03,-7.00722718e-04,2.57922016e-03,1.41466985e-04
0.356068,4.11215919e+02,5.81080446e-01,1.94761034e+00,1.22100291e+00,3.52011490e-03,-2.09868823e-03,-3.83007084e-04,2.57525330e-03,1.48894170e-04
0.357709,4.10344140e+02,6.37968563e-01,1.88249727e+00,1.27495894e+00,3.42054547e-03,-2.20428103e-03,9.23817783e-05,2.57029322e-03,1.56626288e-04
0.359350,4.09358813e+02,7.34857087e-01,1.91767489e+00,1.28158151e+00,3.65969824e-03,-1.57620678e-03,7.06898094e-05,2.56427877e-03,1.65843527e-04
0.360991,4.08258560e+02,8.18696798e-01,1.84847477e+00,1.27529528e+00,3.76910455e-03,-1.87883970e-03,-1.50251656e-05,2.55714352e-03,1.74725423e-04
0.362631,4.07042950e+02,9.02243819e-01,1.87749551e+00,1.25519181e+00,3.82946196e-03,-1.34354167e-03,-1.62692972e-04,2.54889166e-03,1.84113622e-04
0.364272,4.05712408e+02,9.49703033e-01,1.83496764e+00,1.22896265e+00,3.55365286e-03,-1.43583167e-03,-2.86588859e-04,2.53952230e-03,1.94156281e-04
0.365913,4.04268302e+02,1.01763464e+00,1.76465311e+00,1.18805381e+00,3.53230658e-03,-1.72924818e-03,-5.86931053e-04,2.52923473e-03,2.04641414e-04
0.367554,4.02713062e+02,1.09884000e+00,1.75308191e+00,1.20732907e+00,3.61016095e-03,-1.50965602e-03,-3.64236310e-04,2.51778982e-03,2.15887385e-04
0.369195,4.01050050e+02,1.17007464e+00,1.73373493e+00,1.22782653e+00,3.58593274e-03,-1.41499973e-03,-1.56501410e-04,2.50537546e-03,2.27815324e-04
0.370836,3.99283569e+02,1.25146388e+00,1.74912947e+00,1.17596691e+00,3.63249551e-03,-1.06734918e-03,-5.62571627e-04,2.49196156e-03,2.40363756e-04
0.372477,3.97418939e+02,1.34943769e+00,1.69979162e+00,1.18462948e+00,3.82240171e-03,-1.29645787e-03,-3.80707646e-04,2.47747466e-03,2.53264895e-04
0.374117,3.95462658e+02,1.40355446e+00,1.68559919e+00,1.21314078e+00,3.61419768e-03,-1.16703960e-03,-1.15351659e-04,2.46229646e-03,2.66954452e-04
0.375758,3.93422041e+02,1.46940855e+00,1.69986603e+00,1.16582671e+00,3.51592354e-03,-8.30657082e-04,-4.85864872e-04,2.44626980e-03,2.81345683e-04
0.377399,3.91305340e+02,1.53970018e+00,1.66122329e+00,1.12461610e+00,3.50147232e-03,-9.92888493e-04,-7.77481394e-04,2.42959200e-03,2.96571566e-04
0.379040,3.89121845e+02,1.62693022e+00,1.62606697e+00,1.12007694e+00,3.65304786e-03,-1.10952604e-03,-6.84395464e-04,2.41216009e-03,3.12217799e-04
0.380681,3.86881918e+02,1.67159893e+00,1.63416564e+00,1.09975555e+00,3.38612655e-03,-8.24491292e-04,-7.46075522e-04,2.39413442e-03,3.28719835e-04
0.382322,3.84596648e+02,1.76244418e+00,1.63760820e+00,1.04222654e+00,3.55746706e-03,-6.57412644e-04,-1.04542338e-03,2.37570445e-03,3.46231443e-04
0.383963,3.82277927e+02,1.82223065e+00,1.63744639e+00,1.05799683e+00,3.45262226e-03,-5.45535149e-04,-7.57069132e-04,2.35689056e-03,3.64399754e-04
0.385604,3.79938490e+02,1.85689943e+00,1.58989265e+00,1.08233816e+00,3.13328538e-03,-8.19618025e-04,-4.88978284e-04,2.33770591e-03,3.83331153e-04
0.387244,3.77591835e+02,1.95597879e+00,1.59914028e+00,1.02301651e+00,3.44821461e-03,-6.31964801e-04,-8.63518574e-04,2.31855173e-03,4.03257208e-04
0.388885,3.75232889e+02,1.99671916e+00,1.57053409e+00,1.01947883e+00,3.15390933e-03,-7.10966565e-04,-7.49757244e-04,2.29908789e-03,4.22124360e-04
0.390526,3.72875887e+02,2.09520251e+00,1.64281075e+00,9.99843871e-01,3.38598486e-03,-6.62148697e-05,-8.34403000e-04,2.27957282e-03,4.43724570e-04
0.392167,3.70554844e+02,2.09931042e+00,1.58081815e+00,9.99546832e-01,2.82710705e-03,-5.71109133e-04,-7.36887683e-04,2.26026619e-03,4.66072446e-04
0.393808,3.68285086e+02,2.16110147e+00,1.60081916e+00,1.05070770e+00,2.82359937e-03,-3.00777978e-04,-2.64380558e-04,2.24116162e-03,4.88931710e-04
0.395449,3.66082084e+02,2.21953752e+00,1.61431579e+00,9.86832150e-01,2.78926354e-03,-1.80151242e-04,-7.36193792e-04,2.22266814e-03,5.13298495e-04
0.397090,3.63961199e+02,2.27810477e+00,1.62878784e+00,9.66936522e-01,2.75018668e-03,-6.26294292e-05,-7.91729931e-04,2.20466362e-03,5.38315794e-04
0.398730,3.61937608e+02,2.30409007e+00,1.60976798e+00,9.22578379e-01,2.45926575e-03,-2.55187945e-04,-1.06654258e-03,2.18744127e-03,5.64224701e-04
0.400371,3.60026148e+02,2.34456477e+00,1.63036211e+00,9.01674569e-01,2.31740285e-03,-7.75984698e-05,-1.03406973e-03,2.17095889e-03,5.90691989e-04
0.402012,3.58241079e+02,2.40656410e+00,1.64435730e+00,8.96545229e-01,2.35140546e-03,-2.67781390e-05,-9.37065892e-04,2.15542868e-03,6.18237585e-04
0.403653,3.56595943e+02,2.45459344e+00,1.65429311e+00,8.80514995e-01,2.31793834e-03,3.30647059e-05,-9.76049236e-04,2.14101844e-03,6.46192014e-04
0.405294,3.55103239e+02,2.44362338e+00,1.61384646e+00,8.23519101e-01,1.80716505e-03,-3.51130423e-04,-1.28821062e-03,2.12779504e-03,6.74866551e-04
0.406935,3.53774285e+02,2.47697900e+00,1.62061137e+00,8.42213766e-01,1.71266508e-03,-3.02208908e-04,-9.43585773e-04,2.11572899e-03,7.03550086e-04
0.408576,3.52619214e+02,2.50963883e+00,1.61208941e+00,8.10086500e-01,1.61366610e-03,-3.76468178e-04,-1.07504879e-03,2.10489805e-03,7.32611360e-04
0.410217,3.51646620e+02,2.53285345e+00,1.62328155e+00,7.37057745e-01,1.45741830e-03,-3.16013141e-04,-1.48026527e-03,2.09574015e-03,7.62331883e-04
0.411857,3.50809066e+02,2.56200771e+00,1.58610101e+00,7.10546744e-01,1.32926978e-03,-4.90571292e-04,-1.47421383e-03,2.08781029e-03,7.83584960e-04
0.413498,3.50113113e+02,2.55009308e+00,1.54842005e+00,7.15898381e-01,9.71576748e-04,-7.57265514e-04,-1.23454685e-03,2.08058968e-03,8.11373933e-04
0.415139,3.49616468e+02,2.64595180e+00,1.60173415e+00,6.90718716e-01,1.49698340e-03,-3.08003214e-04,-1.26635388e-03,2.07500185e-03,8.38842076e-04
0.416780,3.49320013e+02,2.63898966e+00,1.56610013e+00,7.05355107e-01,1.10439094e-03,-6.63039604e-04,-9.82842022e-04,2.07105040e-03,8.65242769e-04
0.418421,3.49222498e+02,2.65379704e+00,1.57608137e+00,6.22554963e-01,9.50662418e-04,-6.02567364e-04,-1.46701445e-03,2.06870156e-03,8.90309790e-04
0.420062,3.49320466e+02,2.62986316e+00,1.55337546e+00,6.37663932e-01,5.09294233e-04,-7.65336777e-04,-1.19295595e-03,2.06785107e-03,9.13356237e-04
0.421703,3.49608277e+02,2.62974740e+00,1.52895751e+00,6.04214677e-01,3.73973300e-04,-9.05389827e-04,-1.29015043e-03,2.06851917e-03,9.34003632e-04
0.423343,3.50078354e+02,2.62278664e+00,1.51652442e+00,5.48714873e-01,1.48883352e-04,-9.69727363e-04,-1.47886467e-03,2.07076928e-03,9.52778827e-04
0.424984,3.50720951e+02,2.52387224e+00,1.44815598e+00,5.16914255e-01,-7.77614263e-04,-1.42595350e-03,-1.57017734e-03,2.07431372e-03,9.68250816e-04
0.426625,3.51524374e+02,2.57938872e+00,1.44924097e+00,4.51469192e-01,-2.89032997e-04,-1.27927995e-03,-1.84885784e-03,2.07932535e-03,9.81160693e-04
0.428266,3.52475244e+02,2.56276568e+00,1.41501891e+00,4.88026353e-01,-5.17896844e-04,-1.43054601e-03,-1.29204122e-03,2.08552556e-03,9.90284087e-04
0.429907,3.53558485e+02,2.53279360e+00,1.37412379e+00,4.06233313e-01,-7.69663377e-04,-1.59818936e-03,-1.74139601e-03,2.09283604e-03,9.95970611e-04
0.431548,3.54757438e+02,2.44523014e+00,1.33152561e+00,3.44711901e-01,-1.46339689e-03,-1.74977500e-03,-1.97017332e-03,2.10130223e-03,9.98024882e-04
0.433189,3.56053820e+02,2.44557928e+00,1.30264675e+00,2.80142759e-01,-1.33412189e-03,-1.78935605e-03,-2.14464103e-03,2.11062371e-03,9.95472223e-04
0.434830,3.57428607e+02,2.37210722e+00,1.21717432e+00,3.20484250e-01,-1.81591554e-03,-2.26431068e-03,-1.49337422e-03,2.12060067e-03,9.88773907e-04
0.436470,3.58861960e+02,2.34776281e+00,1.19492679e+00,2.80215042e-01,-1.84685760e-03,-2.09264148e-03,-1.59987306e-03,2.13105687e-03,9.77358479e-04
0.438111,3.60333151e+02,2.28308003e+00,1.13365134e+00,2.19965237e-01,-2.17694570e-03,-2.29775571e-03,-1.80084682e-03,2.14217064e-03,9.62112980e-04
0.439752,3.61820796e+02,2.18857765e+00,1.06728586e+00,2.13309825e-01,-2.72216918e-03,-2.49755231e-03,-1.57522381e-03,2.15349343e-03,9.42179224e-04
0.441393,3.63303113e+02,2.12558927e+00,1.03049830e+00,1.69307016e-01,-2.92096074e-03,-2.41679725e-03,-1.66523844e-03,2.16496921e-03,9.18265342e-04
0.443034,3.64758066e+02,2.08555477e+00,9.49114716e-01,1.43927706e-01,-2.84507924e-03,-2.71472838e-03,-1.60389729e-03,2.17629164e-03,8.89832010e-04
0.444675,3.66163985e+02,1.98098238e+00,8.93114862e-01,8.75670063e-02,-3.34895160e-03,-2.73324722e-03,-1.78436795e-03,2.18733643e-03,8.56641823e-04
0.446316,3.67499125e+02,1.90299914e+00,7.96746699e-01,6.20268506e-02,-3.49799206e-03,-3.09022379e-03,-1.71950313e-03,2.19794550e-03,8.20369905e-04
0.447956,3.68742198e+02,1.78582670e+00,7.24128180e-01,6.26570605e-02,-3.97212696e-03,-3.15533094e-03,-1.43600302e-03,2.20793293e-03,7.80533361e-04
0.449597,3.69872141e+02,1.77684323e+00,6.55765887e-01,-2.49730947e-03,-3.49148048e-03,-3.17975652e-03,-1.71917728e-03,2.21708962e-03,7.36701739e-04
0.451238,3.70868705e+02,1.69476773e+00,5.76393589e-01,-4.45420476e-02,-3.69960790e-03,-3.30860920e-03,-1.75871598e-03,2.22545002e-03,6.90406692e-04
0.452879,3.71711964e+02,1.58983005e+00,4.95286029e-01,-9.01465252e-02,-4.00833924e-03,-3.44987918e-03,-1.81168690e-03,2.23276847e-03,6.42464150e-04
0.454520,3.72382594e+02,1.46717343e+00,3.71477417e-01,-2.04906806e-02,-4.43425919e-03,-3.89030734e-03,-9.70458367e-04,2.23857449e-03,5.92059484e-04
0.456161,3.72862230e+02,1.39874439e+00,2.95144116e-01,-1.10176647e-01,-4.32258468e-03,-3.86809124e-03,-1.52730215e-03,2.24297031e-03,5.40663330e-04
0.457802,3.73133328e+02,1.28037390e+00,2.33256328e-01,-2.07983046e-01,-4.67173105e-03,-3.71269595e-03,-2.05199548e-03,2.24589230e-03,4.88571161e-04
0.459443,3.73179036e+02,1.19568881e+00,1.38135218e-01,-2.24402113e-01,-4.64375922e-03,-3.88008860e-03,-1.80842087e-03,2.24718683e-03,4.37624870e-04
0.461083,3.72983430e+02,1.13699217e+00,2.06247098e-02,-2.00259386e-01,-4.45143226e-03,-4.20215009e-03,-1.30763483e-03,2.24645081e-03,3.86449809e-04
0.462724,3.72531802e+02,1.05113491e+00,-6.47606120e-02,-2.19592927e-01,-4.46233456e-03,-4.20019033e-03,-1.19692936e-03,2.24379927e-03,3.37921628e-04
0.464365,3.71810091e+02,9.52251119e-01,-1.64416454e-01,-2.41915122e-01,-4.52991852e-03,-4.31111836e-03,-1.19996868e-03,2.23906570e-03,2.92193332e-04
0.466006,3.70805163e+02,8.57633302e-01,-2.64019513e-01,-2.61261429e-01,-4.55854730e-03,-4.41455573e-03,-1.16994403e-03,2.23216921e-03,2.49030838e-04
0.467647,3.69504959e+02,7.44177666e-01,-3.68544934e-01,-2.97886591e-01,-4.68564813e-03,-4.55129410e-03,-1.25438438e-03,2.22296069e-03,2.10144753e-04
0.469288,3.67898405e+02,7.61613406e-01,-4.86177044e-01,-3.45769649e-01,-3.74556693e-03,-4.79745673e-03,-1.38097138e-03,2.21124919e-03,1.74313514e-04
0.470929,3.65975947e+02,6.68131721e-01,-5.97245600e-01,-3.31041319e-01,-3.86889227e-03,-4.92469860e-03,-1.02225457e-03,2.19711116e-03,1.43180862e-04
0.472569,3.63729027e+02,6.52058074e-01,-7.25573075e-01,-3.50505873e-01,-3.31698632e-03,-5.20909549e-03,-1.03005843e-03,2.18051850e-03,1.16628482e-04
0.474210,3.61150428e+02,5.61890443e-01,-8.12058447e-01,-4.02688872e-01,-3.34879236e-03,-5.08507614e-03,-1.24245708e-03,2.16134761e-03,9.47785451e-05
0.475851,3.58234508e+02,4.97471219e-01,-9.48670252e-01,-4.39217386e-01,-3.16183302e-03,-5.39804480e-03,-1.30511557e-03,2.13945426e-03,7.64061341e-05
0.477492,3.54977653e+02,4.58441850e-01,-1.05286573e+00,-4.39913889e-01,-2.79178972e-03,-5.35939549e-03,-1.03986726e-03,2.11489825e-03,6.17209749e-05
0.479133,3.51378409e+02,3.85366692e-01,-1.19319914e+00,-4.55344387e-01,-2.76435080e-03,-5.65402417e-03,-9.40636498e-04,2.08779527e-03,5.05742093e-05
0.480774,3.47437736e+02,3.55881054e-01,-1.29396982e+00,-4.81876375e-01,-2.35642863e-03,-5.51114475e-03,-9.85731408e-04,2.05793824e-03,4.32365206e-05
0.482415,3.43159189e+02,3.80158972e-01,-1.40632733e+00,-4.92826675e-01,-1.56664728e-03,-5.49392615e-03,-8.85892178e-04,2.02573634e-03,3.98752723e-05
0.484056,3.38549045e+02,4.18293202e-01,-1.51421767e+00,-5.24808515e-01,-8.17258765e-04,-5.45724705e-03,-9.60193302e-04,1.99107659e-03,4.05699890e-05
0.485696,3.33616384e+02,3.96384558e-01,-1.60090863e+00,-5.56009591e-01,-6.77092749e-04,-5.18807972e-03,-1.00935323e-03,1.95381557e-03,4.48669034e-05
0.487337,3.28373111e+02,4.39975286e-01,-1.71278725e+00,-5.59784464e-01,-2.07112220e-05,-5.17494862e-03,-8.67915160e-04,1.91443521e-03,5.16147765e-05
0.488978,3.22833845e+02,4.84681489e-01,-1.82227277e+00,-5.36280491e-01,4.55616652e-04,-5.10988396e-03,-5.49395891e-04,1.87271087e-03,6.02685245e-05
0.490619,3.17015860e+02,4.76642709e-01,-1.92206598e+00,-5.77504108e-01,4.69480942e-04,-4.97872721e-03,-7.81655817e-04,1.82919105e-03,6.99885051e-05
0.492260,3.10939040e+02,5.21024973e-01,-2.01012368e+00,-5.58491836e-01,8.92340104e-04,-4.72663232e-03,-5.05670433e-04,1.78374218e-03,8.06314732e-05
0.493901,3.04625500e+02,5.39605054e-01,-2.09145111e+00,-6.12875477e-01,1.02234776e-03,-4.47618645e-03,-8.45002992e-04,1.73684698e-03,9.18043211e-05
0.495542,2.98099475e+02,6.12111862e-01,-2.15117595e+00,-6.45849929e-01,1.57721094e-03,-4.07630407e-03,-9.50978099e-04,1.68858715e-03,1.03314373e-04
0.497182,2.91387073e+02,6.31248233e-01,-2.23796681e+00,-5.90269966e-01,1.56364290e-03,-3.94180236e-03,-3.36467421e-04,1.63902226e-03,1.15113187e-04
0.498823,2.84516230e+02,6.42282532e-01,-2.27844220e+00,-5.91993629e-01,1.50855481e-03,-3.44488493e-03,-2.58966347e-04,1.58873837e-03,1.26740260e-04
0.500464,2.77516376e+02,7.18649364e-01,-2.31193349e+00,-6.37267033e-01,1.96461052e-03,-2.96313371e-03,-5.41213670e-04,1.53776176e-03,1.38616868e-04
0.502105,2.70418199e+02,8.56575664e-01,-2.37452797e+00,-6.57572988e-01,2.78594963e-03,-2.79109324e-03,-6.19941487e-04,1.48629324e-03,1.50427187e-04
0.503746,2.63253580e+02,8.88126015e-01,-2.41375143e+00,-6.45460878e-01,2.55073466e-03,-2.44556353e-03,-4.24878666e-04,1.43476903e-03,1.61828602e-04
0.505387,2.56055484e+02,9.77248080e-01,-2.45463799e+00,-6.13027632e-01,2.87558373e-03,-2.20074467e-03,-7.37787889e-05,1.38343260e-03,1.72732070e-04
0.507028,2.48857727e+02,1.03021138e+00,-2.45941563e+00,-6.21968461e-01,2.84186630e-03,-1.68221772e-03,-7.02625981e-05,1.33243414e-03,1.83230510e-04
0.508668,2.41694683e+02,1.07374996e+00,-2.46753636e+00,-6.39774792e-01,2.73932412e-03,-1.28035357e-03,-1.95795893e-04,1.28204356e-03,1.93152952e-04
0.510309,2.34601179e+02,1.13022486e+00,-2.49494658e+00,-6.26947786e-01,2.65226417e-03,-1.11920009e-03,-4.40875673e-05,1.23254713e-03,2.02997901e-04
0.511950,2.27612295e+02,1.15560783e+00,-2.47474835e+00,-6.38572864e-01,2.39706206e-03,-6.08483808e-04,-1.12746997e-04,1.18431687e-03,2.11621474e-04
0.513591,2.20762876e+02,1.22440586e+00,-2.48584636e+00,-6.55614014e-01,2.49833682e-03,-4.79652773e-04,-1.85572078e-04,1.13736177e-03,2.20177312e-04
0.515232,2.14087626e+02,1.27306692e+00,-2.48192635e+00,-6.11647551e-01,2.40536770e-03,-2.34898965e-04,2.53248610e-04,1.09194956e-03,2.28209160e-04
0.516873,2.07620527e+02,1.32722017e+00,-2.45104470e+00,-6.03797651e-01,2.37129921e-03,1.91834405e-04,2.97585233e-04,1.04840539e-03,2.35726532e-04
0.518514,2.01394325e+02,1.36128733e+00,-2.43337539e+00,-6.31300923e-01,2.16308407e-03,3.97421138e-04,4.04932827e-05,1.00695453e-03,2.42869152e-04
0.520155,1.95440470e+02,1.37426687e+00,-2.42665500e+00,-5.85747682e-01,1.78408572e-03,4.62011732e-04,4.22486759e-04,9.67585876e-04,2.49522272e-04
0.521795,1.89788783e+02,1.39214856e+00,-2.39219337e+00,-6.39924463e-01,1.54085760e-03,7.35179691e-04,-7.85891884e-05,9.30526268e-04,2.55726625e-04
0.523436,1.84466566e+02,1.42253826e+00,-2.36270756e+00,-6.14355446e-01,1.38503289e-03,9.16539543e-04,1.61689657e-04,8.95967858e-04,2.62068011e-04
0.525077,1.79498241e+02,1.44546971e+00,-2.32599680e+00,-6.17813469e-01,1.23311292e-03,1.11537595e-03,1.04677996e-04,8.63988046e-04,2.67577100e-04
0.526718,1.74904839e+02,1.44931754e+00,-2.28456090e+00,-5.98912959e-01,9.28487016e-04,1.30243373e-03,2.79191656e-04,8.34658207e-04,2.72641832e-04
0.528359,1.70703687e+02,1.45840574e+00,-2.25671024e+00,-5.86475056e-01,7.49323218e-04,1.33124980e-03,3.19079293e-04,8.08004918e-04,2.77066659e-04
0.530000,1.66908089e+02,1.44373256e+00,-2.22263029e+00,-5.93091063e-01,3.25712108e-04,1.44150855e-03,2.28966921e-04,7.84102945e-04,2.81397496e-04
0.531641,1.63526647e+02,1.45411149e+00,-2.16941924e+00,-5.68127325e-01,2.38163194e-04,1.66138598e-03,4.22461021e-04,7.63001533e-04,2.84150102e-04
0.533281,1.60562955e+02,1.44974829e+00,-2.14758320e+00,-5.62020124e-01,5.32129674e-05,1.57436456e-03,4.34628108e-04,7.44538632e-04,2.85870555e-04
0.534922,1.58016009e+02,1.43182243e+00,-2.10803028e+00,-5.50592981e-01,-2.20026323e-04,1.63313520e-03,4.77567397e-04,7.28803275e-04,2.86196571e-04
0.536563,1.55879952e+02,1.42961868e+00,-2.07463032e+00,-5.66114305e-01,-3.02087615e-04,1.64117998e-03,2.43837729e-04,7.15601879e-04,2.84763964e-04
0.538204,1.54144436e+02,1.41556366e+00,-2.03221938e+00,-5.32507007e-01,-4.52163601e-04,1.72951958e-03,5.14521834e-04,7.04830709e-04,2.81099225e-04
0.539845,1.52795061e+02,1.39041666e+00,-2.02281329e+00,-5.47400684e-01,-6.60539977e-04,1.50144771e-03,2.70130731e-04,6.96490816e-04,2.75707778e-04
0.541486,1.51814043e+02,1.38015110e+00,-1.98231992e+00,-5.07106769e-01,-6.93634128e-04,1.58115042e-03,5.76458226e-04,6.90435428e-04,2.68383300e-04
0.543127,1.51180453e+02,1.32954654e+00,-1.95481827e+00,-4.93217944e-01,-1.05266140e-03,1.55429679e-03,6.18908861e-04,6.86255836e-04,2.57964510e-04
0.544768,1.50871448e+02,1.28619891e+00,-1.89188669e+00,-5.10912388e-01,-1.27678990e-03,1.82639477e-03,3.83197137e-04,6.84138177e-04,2.46060894e-04
0.546408,1.50862368e+02,1.24863995e+00,-1.86820422e+00,-5.09704029e-01,-1.41038039e-03,1.69067086e-03,3.57520149e-04,6.83897307e-04,2.32474945e-04
0.548049,1.51127962e+02,1.21173677e+00,-1.81098249e+00,-5.10069417e-01,-1.49732147e-03,1.90668903e-03,3.02495791e-04,6.85169337e-04,2.16860453e-04
0.549690,1.51642733e+02,1.18068004e+00,-1.80495855e+00,-4.47547652e-01,-1.52822148e-03,1.61579538e-03,8.03090540e-04,6.88091214e-04,2.00408404e-04
0.551331,1.52381551e+02,1.15125092e+00,-1.79571264e+00,-4.73817871e-01,-1.50446251e-03,1.41274892e-03,4.43296323e-04,6.92183978e-04,1.82387834e-04
0.552972,1.53320085e+02,1.10478917e+00,-1.75644673e+00,-4.43575302e-01,-1.63743194e-03,1.48276117e-03,6.21499329e-04,6.97587767e-04,1.64157922e-04
0.554613,1.54434849e+02,1.06203159e+00,-1.71708177e+00,-4.44906977e-01,-1.68564864e-03,1.54739581e-03,5.15315184e-04,7.03905452e-04,1.45328435e-04
0.556254,1.55703617e+02,1.02671799e+00,-1.71575748e+00,-4.40403680e-01,-1.69779060e-03,1.27005954e-03,4.68131783e-04,7.11355173e-04,1.26785174e-04
0.557894,1.57105623e+02,9.80236505e-01,-1.66185890e+00,-4.41862444e-01,-1.77314461e-03,1.51521161e-03,3.66821269e-04,7.19469880e-04,1.08855948e-04
0.559535,1.58621410e+02,9.24286195e-01,-1.65250727e+00,-4.13360809e-01,-1.97112232e-03,1.34248360e-03,5.38798377e-04,7.28453414e-04,9.18859562e-05
0.561176,1.60232972e+02,8.96773283e-01,-1.61960534e+00,-4.13073684e-01,-1.84089876e-03,1.38969910e-03,4.59463559e-04,7.37893762e-04,7.66052736e-05
0.562817,1.61923615e+02,8.56594775e-01,-1.59592806e+00,-4.05322867e-01,-1.84379308e-03,1.37342720e-03,4.20150566e-04,7.47942004e-04,6.34878320e-05
0.564458,1.63677868e+02,8.39139088e-01,-1.58813312e+00,-4.17125625e-01,-1.66677750e-03,1.20740512e-03,2.72093740e-04,7.58589320e-04,5.40215141e-05
0.566099,1.65481384e+02,7.66802413e-01,-1.56660377e+00,-4.02084990e-01,-1.99749448e-03,1.20111716e-03,3.47363112e-04,7.69187813e-04,4.84124576e-05
0.567740,1.67321078e+02,7.50951215e-01,-1.51553789e+00,-3.53886738e-01,-1.78120714e-03,1.43858362e-03,7.21123946e-04,7.80339843e-04,4.77892865e-05
0.569381,1.69184660e+02,6.82066267e-01,-1.50590743e+00,-3.80089588e-01,-2.09327897e-03,1.26438403e-03,3.62402920e-04,7.91653844e-04,5.11936981e-05
0.571021,1.71060935e+02,6.53425010e-01,-1.50808560e+00,-3.57848688e-01,-2.00620521e-03,1.00960952e-03,4.65930704e-04,8.03021780e-04,5.71778351e-05
0.572662,1.72939631e+02,6.16223863e-01,-1.49167543e+00,-3.63672327e-01,-1.98136440e-03,9.63101414e-04,3.33109743e-04,8.14415869e-04,6.47344606e-05
0.574303,1.74811317e+02,5.87782776e-01,-1.46066297e+00,-3.52957327e-01,-1.89344696e-03,1.04005686e-03,3.51571459e-04,8.25929369e-04,7.26746188e-05
0.575944,1.76667387e+02,5.19239833e-01,-1.42685250e+00,-3.63320491e-01,-2.17619216e-03,1.16626941e-03,2.22089252e-04,8.37300913e-04,8.10197701e-05
0.577585,1.78500148e+02,4.84623430e-01,-1.42107733e+00,-3.46320950e-01,-2.12039669e-03,1.01118676e-03,3.29607931e-04,8.48574999e-04,8.93517324e-05
0.579226,1.80302739e+02,4.38214871e-01,-1.39602871e+00,-3.27805891e-01,-2.16291751e-03,1.03141712e-03,4.43955954e-04,8.59611017e-04,9.73816143e-05
0.580867,1.82069168e+02,4.18322322e-01,-1.39382003e+00,-3.01196226e-01,-1.95521818e-03,8.88977529e-04,5.69775955e-04,8.70572160e-04,1.05636118e-04
0.582507,1.83794213e+02,3.61994438e-01,-1.39371338e+00,-3.23250050e-01,-2.11544829e-03,7.22167766e-04,2.84657797e-04,8.81305951e-04,1.13775324e-04
0.584148,1.85473485e+02,3.13462205e-01,-1.38256293e+00,-3.05730563e-01,-2.16347892e-03,7.24243566e-04,3.90007653e-04,8.91706542e-04,1.21791761e-04
0.585789,1.87103406e+02,2.78107123e-01,-1.38028802e+00,-2.60518051e-01,-2.09636589e-03,5.75932601e-04,7.19902874e-04,9.01892319e-04,1.29306345e-04
0.587430,1.88681138e+02,2.34456626e-01,-1.36012299e+00,-2.70343563e-01,-2.10561745e-03,6.59267484e-04,5.01618518e-04,9.11817084e-04,1.37269111e-04
0.589071,1.90204488e+02,2.09519065e-01,-1.31769710e+00,-2.40355453e-01,-1.95532518e-03,9.37738911e-04,7.00184697e-04,9.21417832e-04,1.44931465e-04
0.590712,1.91671961e+02,1.45478317e-01,-1.32977004e+00,-2.39929687e-01,-2.18592320e-03,6.63813391e-04,6.06013482e-04,9.30685070e-04,1.52090865e-04
0.592353,1.93082716e+02,9.96459396e-02,-1.33769737e+00,-2.56963355e-01,-2.20224442e-03,4.76561912e-04,3.46385568e-04,9.39516895e-04,1.59370101e-04
0.593994,1.94436393e+02,6.67874143e-02,-1.30108697e+00,-2.12004477e-01,-2.09650912e-03,7.23451752e-04,7.14013266e-04,9.48026932e-04,1.66456142e-04
0.595634,1.95733164e+02,1.95882808e-02,-1.31169267e+00,-2.30811586e-01,-2.13763414e-03,5.18760470e-04,4.25894522e-04,9.56220488e-04,1.73213269e-04
0.597275,1.96973645e+02,-2.29415374e-02,-1.30511326e+00,-1.95468020e-01,-2.13284937e-03,4.93372375e-04,6.91439060e-04,9.64107209e-04,1.79989598e-04
0.598916,1.98158845e+02,-5.66154403e-02,-1.26401850e+00,-2.20665262e-01,-2.04544244e-03,7.79182156e-04,3.86166578e-04,9.71635926e-04,1.86382083e-04
0.600557,1.99290167e+02,-1.20637189e-01,-1.29918527e+00,-2.30718223e-01,-2.23158095e-03,3.61041067e-04,2.64159662e-04,9.78753088e-04,1.92710346e-04
0.602198,2.00369299e+02,-1.57892094e-01,-1.28343741e+00,-2.08556497e-01,-2.17513772e-03,4.27830947e-04,4.01505162e-04,9.85611964e-04,1.98650811e-04
0.603839,2.01398207e+02,-1.77081653e-01,-1.26513626e+00,-1.91772955e-01,-1.96477113e-03,4.98013522e-04,4.69364926e-04,9.92156317e-04,2.04255344e-04
0.605480,2.02379063e+02,-2.05210618e-01,-1.26210287e+00,-1.90820195e-01,-1.84398957e-03,4.67770669e-04,3.68399996e-04,9.98416064e-04,2.09839795e-04
0.607120,2.03314228e+02,-2.54705147e-01,-1.25526211e+00,-1.71813679e-01,-1.91119707e-03,4.80593156e-04,4.80645551e-04,1.00432787e-03,2.15210979e-04
0.608761,2.04206287e+02,-2.93623882e-01,-1.27014579e+00,-1.44347067e-01,-1.91361088e-03,2.80278184e-04,6.00440967e-04,1.01012732e-03,2.20022913e-04
0.610402,2.05057890e+02,-3.38379533e-01,-1.23458513e+00,-1.47002486e-01,-1.93887863e-03,5.69558844e-04,4.81571166e-04,1.01547346e-03,2.24798857e-04
0.612043,2.05871925e+02,-3.79275445e-01,-1.25101262e+00,-1.22240973e-01,-1.94363003e-03,3.51600732e-04,6.23550651e-04,1.02077079e-03,2.29516440e-04
0.613684,2.06651198e+02,-4.03746642e-01,-1.20826584e+00,-1.05593984e-01,-1.82056678e-03,6.74189882e-04,6.44270091e-04,1.02578610e-03,2.33789421e-04
0.615325,2.07398653e+02,-4.29359768e-01,-1.19865470e+00,-1.36312692e-01,-1.69227270e-03,6.86970581e-04,2.87210745e-04,1.03061033e-03,2.37921922e-04
0.616966,2.08117203e+02,-4.75752034e-01,-1.21608111e+00,-1.22718764e-01,-1.77371935e-03,4.10347883e-04,3.46368104e-04,1.03513478e-03,2.41444756e-04
0.618607,2.08809808e+02,-4.53462179e-01,-1.16811593e+00,-9.58305424e-02,-1.27190022e-03,7.26704721e-04,4.99833119e-04,1.03977445e-03,2.45077024e-04
0.620247,2.09479213e+02,-5.23388447e-01,-1.20831521e+00,-7.98134879e-02,-1.61678254e-03,3.29439220e-04,5.42544138e-04,1.04416537e-03,2.49005394e-04
0.621888,2.10128241e+02,-5.41032626e-01,-1.17369544e+00,-9.21814280e-02,-1.46982581e-03,5.82752353e-04,3.64117279e-04,1.04840746e-03,2.51922506e-04
0.623529,2.10759748e+02,-5.83228091e-01,-1.16470483e+00,-8.50562828e-02,-1.54930768e-03,5.78153147e-04,3.74817641e-04,1.05245473e-03,2.54602570e-04
0.625170,2.11376553e+02,-6.08587933e-01,-1.15833012e+00,-5.80513123e-02,-1.46520855e-03,5.59448055e-04,5.39641722e-04,1.05649802e-03,2.57329116e-04
0.626811,2.11981272e+02,-6.06955106e-01,-1.13095977e+00,-3.63333957e-02,-1.18196104e-03,7.11064934e-04,6.38870668e-04,1.06057410e-03,2.59971167e-04
0.628452,2.12576371e+02,-6.49091993e-01,-1.11730128e+00,-2.51067948e-02,-1.31487065e-03,7.28384184e-04,6.22909111e-04,1.06446763e-03,2.62029321e-04
0.630093,2.13164356e+02,-6.78574213e-01,-1.14814165e+00,-5.91517612e-02,-1.29233626e-03,3.45243512e-04,2.63349497e-04,1.06836757e-03,2.64170577e-04
0.631733,2.13747398e+02,-7.08797469e-01,-1.12679431e+00,-4.68831832e-02,-1.29921247e-03,4.93340206e-04,2.75247506e-04,1.07232831e-03,2.66109420e-04
0.633374,2.14327681e+02,-7.41119138e-01,-1.10853312e+00,-3.12507264e-02,-1.29809108e-03,6.02879458e-04,3.89513840e-04,1.07621409e-03,2.67842588e-04
0.635015,2.14907271e+02,-7.25669188e-01,-1.10048428e+00,-1.15901258e-03,-9.15043412e-04,5.74236781e-04,5.76079525e-04,1.08024935e-03,2.69425674e-04
0.636656,2.15487933e+02,-7.60546904e-01,-1.09448450e+00,3.90362209e-02,-1.01685454e-03,5.19984585e-04,8.06643084e-04,1.08410894e-03,2.70489195e-04
0.638297,2.16071418e+02,-7.88666234e-01,-1.09052079e+00,7.83149555e-03,-1.05733423e-03,4.77950512e-04,3.85375822e-04,1.08816345e-03,2.71661797e-04
0.639938,2.16659190e+02,-8.06987217e-01,-1.08703032e+00,3.60326414e-02,-1.00924710e-03,4.46688969e-04,5.82827210e-04,1.09231143e-03,2.72746305e-04
0.641579,2.17252606e+02,-8.49011065e-01,-1.07334619e+00,-7.57628334e-03,-1.17832270e-03,4.86516376e-04,1.08196580e-04,1.09635504e-03,2.73229727e-04
0.643220,2.17852997e+02,-8.45619486e-01,-1.05941601e+00,2.15671868e-02,-9.20742684e-04,5.36864621e-04,3.36832490e-04,1.10058334e-03,2.73880102e-04
0.644860,2.18461393e+02,-8.23019981e-01,-1.03102027e+00,4.84699509e-02,-5.61062569e-04,6.62771419e-04,4.37412644e-04,1.10478734e-03,2.73986900e-04
0.646501,2.19078680e+02,-8.61712408e-01,-1.00782192e+00,4.19890525e-02,-7.73991899e-04,7.55006453e-04,3.25040177e-04,1.10909720e-03,2.74043130e-04
0.648142,2.19705704e+02,-8.94914374e-01,-1.00907437e+00,5.67390970e-02,-8.92738073e-04,6.51652223e-04,4.14505687e-04,1.11361439e-03,2.74315263e-04
0.649783,2.20343066e+02,-8.87379329e-01,-9.80142586e-01,8.18381306e-02,-6.60302571e-04,7.81742659e-04,5.74958600e-04,1.11804015e-03,2.73913534e-04
0.651424,2.20991256e+02,-8.99237233e-01,-9.74410228e-01,6.05236789e-02,-6.27195784e-04,7.07194834e-04,3.07941367e-04,1.12270358e-03,2.73664870e-04
0.653065,2.21650550e+02,-8.85167848e-01,-9.44089612e-01,7.00967235e-02,-3.74280284e-04,8.10972198e-04,3.31014797e-04,1.12726265e-03,2.72841504e-04
0.654706,2.22321160e+02,-8.96230984e-01,-9.18842696e-01,6.07056946e-02,-3.71480016e-04,8.89265189e-04,1.90071436e-04,1.13208203e-03,2.72234965e-04
0.656346,2.23003061e+02,-9.25561304e-01,-9.34133202e-01,6.97001221e-02,-5.51444585e-04,6.04226146e-04,2.20164073e-04,1.13703142e-03,2.71497162e-04
0.657987,2.23696083e+02,-9.27737927e-01,-8.96171758e-01,7.91089787e-02,-4.63975180e-04,8.20464057e-04,2.52822267e-04,1.14195652e-03,2.70362807e-04
0.659628,2.24400107e+02,-9.49910995e-01,-8.90315375e-01,7.19255438e-02,-5.58045468e-04,7.36977386e-04,1.42894415e-04,1.14708189e-03,2.69432063e-04
0.661269,2.25114761e+02,-9.26612011e-01,-8.65254665e-01,1.13783237e-01,-2.40330170e-04,8.29656113e-04,5.00125420e-04,1.15226561e-03,2.68234801e-04
0.662910,2.25839558e+02,-9.38745857e-01,-8.46475679e-01,6.04050878e-02,-2.55797771e-04,8.58011129e-04,-3.77687598e-05,1.15746934e-03,2.66658459e-04
0.664551,2.26573889e+02,-9.47231435e-01,-8.29737901e-01,9.56823144e-02,-3.00957113e-04,8.74580539e-04,2.67774041e-04,1.16290060e-03,2.65262906e-04
0.666192,2.27317117e+02,-9.65804282e-01,-8.21552578e-01,7.43029057e-02,-3.62427243e-04,7.94882318e-04,5.67396153e-05,1.16819115e-03,2.63433420e-04
0.667833,2.28068566e+02,-9.73654309e-01,-8.14700698e-01,1.23884599e-01,-3.84708420e-04,6.90037684e-04,4.96565533e-04,1.17361840e-03,2.61448910e-04
0.669473,2.28827392e+02,-9.43478858e-01,-7.74320039e-01,1.27995744e-01,-9.14117112e-05,9.04628342e-04,4.41621863e-04,1.17927286e-03,2.59916246e-04
0.671114,2.29592656e+02,-9.34915386e-01,-7.48548716e-01,1.27559103e-01,2.01977435e-05,9.61391705e-04,3.57375710e-04,1.18476658e-03,2.57647075e-04
0.672755,2.30363431e+02,-9.44426176e-01,-7.54646404e-01,1.61083761e-01,-6.33201598e-05,7.36696789e-04,5.42225158e-04,1.19046924e-03,2.55691768e-04
0.674396,2.31138560e+02,-9.31312474e-01,-7.34529906e-01,1.32927136e-01,1.13955019e-04,8.11471925e-04,1.65698940e-04,1.19624592e-03,2.53481354e-04
0.676037,2.31916926e+02,-9.90159132e-01,-7.28523858e-01,1.18293349e-01,-4.20272682e-04,6.98347436e-04,2.13833089e-06,1.20188592e-03,2.51080708e-04
0.677678,2.32697458e+02,-9.52651806e-01,-6.85672951e-01,1.60301907e-01,-1.71418780e-05,9.62426679e-04,3.41617255e-04,1.20768509e-03,2.48701284e-04
0.679319,2.33478977e+02,-9.42265207e-01,-6.75609299e-01,1.34132958e-01,8.62496890e-05,8.60058596e-04,8.06984855e-05,1.21335190e-03,2.45981629e-04
0.680959,2.34260240e+02,-9.44401730e-01,-6.46506718e-01,1.28279946e-01,1.02404080e-04,9.67935266e-04,-1.35714321e-06,1.21910510e-03,2.43263958e-04
0.682600,2.35040046e+02,-9.82078704e-01,-6.32461357e-01,1.42576850e-01,-1.99097068e-04,9.31720367e-04,1.51749282e-04,1.22491750e-03,2.40782715e-04
0.684241,2.35817069e+02,-9.66675376e-01,-6.44743022e-01,1.64504800e-01,-3.73929940e-05,6.55311060e-04,2.92267968e-04,1.23069514e-03,2.37999243e-04
0.685882,2.36589873e+02,-9.72291874e-01,-6.30958499e-01,1.90983443e-01,-4.50293948e-05,6.70574040e-04,4.36393044e-04,1.23652293e-03,2.35343160e-04
0.687523,2.37357127e+02,-9.79756422e-01,-5.87550901e-01,1.73176825e-01,-9.13902547e-05,9.10664114e-04,2.45392921e-04,1.24209245e-03,2.32146522e-04
0.689164,2.38117609e+02,-9.52210966e-01,-5.50780964e-01,1.60786888e-01,1.52505156e-04,1.05967516e-03,1.27223224e-04,1.24772673e-03,2.29219110e-04
0.690805,2.38869953e+02,-8.89051406e-01,-5.01304524e-01,1.58806866e-01,6.66004983e-04,1.30273372e-03,9.35397575e-05,1.25334285e-03,2.26333023e-04
0.692445,2.39612767e+02,-9.46839710e-01,-5.22325545e-01,1.74285822e-01,8.39377528e-05,9.06554537e-04,1.88402666e-04,1.25889613e-03,2.23245809e-04
0.694086,2.40344648e+02,-9.38463980e-01,-5.15863985e-01,1.94738592e-01,1.45331245e-04,8.09674811e-04,3.36150459e-04,1.26447489e-03,2.20425918e-04
0.695727,2.41064139e+02,-9.10813463e-01,-4.87091242e-01,1.89110453e-01,3.65561746e-04,9.30766382e-04,2.13101991e-04,1.26992280e-03,2.17273619e-04
0.697368,2.41769914e+02,-9.06721811e-01,-4.76951462e-01,1.76343661e-01,3.32015100e-04,8.09834257e-04,6.17839414e-05,1.27504342e-03,2.13826729e-04
0.699009,2.42460655e+02,-8.91195203e-01,-4.34859977e-01,2.04750289e-01,3.86823594e-04,1.03533642e-03,2.09247355e-04,1.28034984e-03,2.10880926e-04
0.700650,2.43135040e+02,-8.80546577e-01,-4.21119641e-01,1.80221911e-01,4.14779296e-04,9.56219093e-04,-8.79126855e-07,1.28540982e-03,2.07623425e-04
0.702291,2.43791718e+02,-8.95865167e-01,-3.93518603e-01,1.59589202e-01,2.38797936e-04,1.03974721e-03,-1.71115067e-04,1.29042662e-03,2.04269703e-04
0.703932,2.44429395e+02,-8.39301866e-01,-3.83433910e-01,1.89048676e-01,6.72433639e-04,9.27962053e-04,7.91558526e-05,1.29517943e-03,2.00947150e-04
0.705572,2.45046716e+02,-8.58068176e-01,-3.81610389e-01,2.03476273e-01,4.29949052e-04,7.82629190e-04,1.56119814e-04,1.29995135e-03,1.97734197e-04
0.707213,2.45642361e+02,-8.72813879e-01,-3.43108129e-01,1.78127277e-01,2.72943969e-04,9.83409304e-04,-9.98914497e-05,1.30444523e-03,1.94134441e-04
0.708854,2.46215157e+02,-8.45938861e-01,-3.23281411e-01,1.85747615e-01,4.39258166e-04,9.79991235e-04,-1.15983470e-05,1.30880879e-03,1.90875847e-04
0.710495,2.46763846e+02,-8.50700723e-01,-3.22218499e-01,2.09581391e-01,3.14079429e-04,8.06818161e-04,1.50850011e-04,1.31302542e-03,1.87656843e-04
0.712136,2.47287180e+02,-8.20466894e-01,-2.96022377e-01,1.96845207e-01,5.23657865e-04,8.92303621e-04,1.44017442e-05,1.31715056e-03,1.84456781e-04
0.713777,2.47783933e+02,-8.29499371e-01,-2.91644233e-01,1.89283542e-01,3.86208670e-04,7.51316135e-04,-5.98463910e-06,1.32087962e-03,1.80757051e-04
0.715418,2.48252985e+02,-8.49127609e-01,-2.63815365e-01,2.07488419e-01,1.75405656e-04,8.47198869e-04,1.63878207e-04,1.32453007e-03,1.77465020e-04
0.717058,2.48693224e+02,-8.04131878e-01,-2.42658299e-01,2.19425066e-01,5.01574750e-04,8.61405077e-04,2.44482279e-04,1.32792912e-03,1.74208097e-04
0.718699,2.49103507e+02,-7.95568451e-01,-2.28328232e-01,2.29895739e-01,5.14823185e-04,8.35655837e-04,2.54184088e-04,1.33126692e-03,1.71004887e-04
0.720340,2.49482713e+02,-7.64278501e-01,-1.97097901e-01,2.19591658e-01,7.16759874e-04,9.40351905e-04,1.15273439e-04,1.33413735e-03,1.67455745e-04
0.721981,2.49829786e+02,-7.64368723e-01,-1.78788468e-01,1.97730924e-01,6.16909277e-04,9.45960724e-04,-1.06809404e-04,1.33698309e-03,1.64211570e-04
0.723622,2.50143661e+02,-7.07501379e-01,-1.56322469e-01,2.25363387e-01,9.95598248e-04,9.62909439e-04,1.60079444e-04,1.33946151e-03,1.60991391e-04
0.725263,2.50423318e+02,-7.20806259e-01,-1.46491545e-01,2.55319892e-01,7.37848587e-04,8.80696224e-04,3.82729160e-04,1.34178324e-03,1.57815334e-04
0.726904,2.50667759e+02,-6.96859177e-01,-1.23754007e-01,2.42273861e-01,8.12071061e-04,9.15488822e-04,2.43251969e-04,1.34380376e-03,1.54582799e-04
0.728545,2.50876025e+02,-7.08811372e-01,-9.71104529e-02,2.34554202e-01,5.99285879e-04,9.82079551e-04,1.30570628e-04,1.34550074e-03,1.51053558e-04
0.730185,2.51047281e+02,-6.72737814e-01,-7.40280563e-02,1.97997019e-01,8.15850909e-04,9.91925181e-04,-1.56498754e-04,1.34691476e-03,1.47862905e-04
0.731826,2.51180594e+02,-6.95651225e-01,-6.73361996e-02,1.99764634e-01,4.86727517e-04,8.75491161e-04,-8.80097800e-05,1.34820060e-03,1.44604576e-04
0.733467,2.51275065e+02,-6.46815195e-01,-4.03440952e-02,2.20150548e-01,8.19802210e-04,9.49614307e-04,1.14972039e-04,1.34911023e-03,1.41507107e-04
0.735108,2.51329874e+02,-6.18190627e-01,-2.40961803e-02,1.96104648e-01,9.24042990e-04,8.96387308e-04,-8.36731018e-05,1.34966459e-03,1.38349791e-04
0.736749,2.51344205e+02,-6.27492593e-01,1.64137789e-03,2.22154422e-01,7.24418650e-04,9.46295246e-04,1.74305106e-04,1.34999860e-03,1.35078804e-04
0.738390,2.51317284e+02,-6.13787351e-01,1.41767661e-02,2.31309845e-01,7.05036182e-04,8.82668252e-04,1.61520666e-04,1.35007611e-03,1.32109905e-04
0.740031,2.51248320e+02,-6.34478087e-01,3.02778949e-02,2.25112238e-01,4.14640904e-04,8.60926688e-04,5.16793407e-05,1.34984855e-03,1.29038940e-04
0.741671,2.51136578e+02,-5.86879937e-01,4.78057976e-02,2.13015730e-01,7.47984967e-04,8.53020270e-04,-6.83889521e-05,1.34924368e-03,1.25795034e-04
0.743312,2.50981344e+02,-6.03254084e-01,6.30214204e-02,2.20067694e-01,4.99077484e-04,8.26775451e-04,-5.07309532e-06,1.34835614e-03,1.22847447e-04
0.744953,2.50781946e+02,-5.52597753e-01,9.03091115e-02,2.79818930e-01,8.39810953e-04,9.13746550e-04,4.84882782e-04,1.34713649e-03,1.19913280e-04
0.746594,2.50537738e+02,-5.42475664e-01,1.05341202e-01,2.35987503e-01,7.83954062e-04,8.58150058e-04,4.31135705e-05,1.34550260e-03,1.16859486e-04
0.748235,2.50248074e+02,-4.89742644e-01,1.24853260e-01,2.17035585e-01,1.08024352e-03,8.86432151e-04,-1.06522960e-04,1.34375585e-03,1.14311732e-04
0.749876,2.49912295e+02,-5.23089122e-01,1.38976147e-01,2.22427503e-01,6.23771490e-04,8.37937703e-04,-8.55175194e-05,1.34149985e-03,1.11129335e-04
0.751517,2.49529881e+02,-5.52729014e-01,1.60011347e-01,2.32068579e-01,3.00325756e-04,8.78366044e-04,3.22945366e-06,1.33901422e-03,1.07985948e-04
0.753158,2.49100354e+02,-5.32171541e-01,1.78153994e-01,2.01225668e-01,4.41765887e-04,8.62497338e-04,-2.39915822e-04,1.33608765e-03,1.05129954e-04
0.754798,2.48623208e+02,-4.40107553e-01,1.93559372e-01,1.87191443e-01,1.14470737e-03,8.25530135e-04,-3.17522770e-04,1.33285270e-03,1.02644580e-04
0.756439,2.48097859e+02,-4.89381159e-01,2.25032935e-01,2.25532775e-01,5.34982875e-04,9.60990618e-04,4.20787964e-05,1.32932841e-03,1.00004191e-04
0.758080,2.47523903e+02,-4.52924511e-01,2.35611186e-01,2.27622063e-01,7.51067870e-04,8.32465274e-04,6.66934450e-05,1.32520425e-03,9.69882741e-05
0.759721,2.46900926e+02,-4.21911229e-01,2.38033378e-01,1.76721677e-01,8.99918707e-04,6.93165077e-04,-3.84819058e-04,1.32111816e-03,9.44343625e-05
0.761362,2.46228397e+02,-4.08184832e-01,2.68125702e-01,1.87722494e-01,8.72850355e-04,8.25379542e-04,-2.57019458e-04,1.31649679e-03,9.19701884e-05
0.763003,2.45505960e+02,-4.23880722e-01,2.89263635e-01,2.03163703e-01,6.15364791e-04,8.51591482e-04,-8.45767688e-05,1.31152967e-03,8.92413657e-05
0.764644,2.44733267e+02,-4.15654948e-01,3.09155136e-01,2.05115229e-01,5.86798249e-04,8.67489369e-04,-5.17606465e-05,1.30609553e-03,8.67556063e-05
0.766284,2.43909998e+02,-3.83640868e-01,3.24151398e-01,1.62239270e-01,7.66882418e-04,8.50730672e-04,-3.91781414e-04,1.30050907e-03,8.44152870e-05
0.767925,2.43035812e+02,-3.28543585e-01,3.53919728e-01,1.76182839e-01,1.10611664e-03,9.44307682e-04,-2.15439456e-04,1.29428419e-03,8.20409591e-05
0.769566,2.42110466e+02,-3.59590416e-01,3.74560628e-01,2.22092014e-01,6.96670211e-04,9.59954850e-04,1.55298727e-04,1.28794625e-03,7.96578814e-05
0.771207,2.41133680e+02,-2.96031927e-01,3.67880227e-01,2.00933583e-01,1.11824917e-03,7.33218832e-04,-7.44133898e-05,1.28117688e-03,7.75180802e-05
0.772848,2.40105178e+02,-3.24158148e-01,4.00385946e-01,2.11969664e-01,7.44166856e-04,8.70177450e-04,3.74933615e-05,1.27402735e-03,7.48629905e-05
0.774489,2.39024799e+02,-3.31745673e-01,4.33519499e-01,1.95169191e-01,5.67860683e-04,1.00064176e-03,-9.79997792e-05,1.26651123e-03,7.27481552e-05
0.776130,2.37892373e+02,-2.90038560e-01,4.22432724e-01,2.07697865e-01,8.61564013e-04,7.18243694e-04,1.39592836e-05,1.25860773e-03,7.05192756e-05
0.777771,2.36707713e+02,-2.85482794e-01,4.56527004e-01,2.12224332e-01,8.01821534e-04,8.65387040e-04,2.92044561e-05,1.25030752e-03,6.84085147e-05
0.779411,2.35470704e+02,-2.51808301e-01,4.59572589e-01,1.82063947e-01,9.40416506e-04,7.30896937e-04,-2.45704833e-04,1.24173954e-03,6.67466467e-05
0.781052,2.34181190e+02,-2.21974576e-01,4.85903081e-01,1.57279155e-01,1.04170822e-03,8.39300440e-04,-4.49508646e-04,1.23288723e-03,6.47250375e-05
0.782693,2.32839095e+02,-2.19641259e-01,4.86402166e-01,2.31118086e-01,8.84752257e-04,6.78345270e-04,2.45170903e-04,1.22349155e-03,6.26445115e-05
0.784334,2.31444376e+02,-2.01289284e-01,5.06834855e-01,1.91069978e-01,8.68775242e-04,7.15086387e-04,-8.59466037e-05,1.21379360e-03,6.08086970e-05
0.785975,2.29997004e+02,-1.93032847e-01,5.13394538e-01,1.95307139e-01,7.94109832e-04,6.43376417e-04,-3.83327453e-05,1.20385240e-03,5.89975921e-05
0.787616,2.28496983e+02,-1.68251086e-01,5.40813817e-01,1.61369577e-01,8.59278135e-04,7.30558617e-04,-3.22265837e-04,1.19330701e-03,5.72200542e-05
0.789257,2.26944392e+02,-1.56312848e-01,5.65939324e-01,2.08280843e-01,8.02045011e-04,8.20245950e-04,1.21738725e-04,1.18266413e-03,5.57904087e-05
0.790897,2.25339298e+02,-1.12852834e-01,5.68942543e-01,1.79650677e-01,1.06308509e-03,6.69268491e-04,-1.36165665e-04,1.17153748e-03,5.37958544e-05
0.792538,2.23681804e+02,-1.56037061e-01,6.00340078e-01,1.84907985e-01,5.04882728e-04,8.06958313e-04,-2.35216112e-05,1.16013076e-03,5.24280980e-05
0.794179,2.21972024e+02,-1.43414522e-01,6.09287365e-01,1.79848750e-01,5.25149080e-04,7.36619433e-04,-5.22864387e-05,1.14837786e-03,5.07498181e-05
0.795820,2.20210118e+02,-1.13462462e-01,6.44327861e-01,1.96209360e-01,6.67150438e-04,9.13554105e-04,1.00779364e-04,1.13628416e-03,4.95555118e-05
0.797461,2.18396313e+02,-1.26351540e-01,6.47629238e-01,1.73937174e-01,4.65422610e-04,7.52008902e-04,-1.13552643e-04,1.12375647e-03,4.79305068e-05
0.799102,2.16530833e+02,-9.15538647e-02,6.63929838e-01,1.83414697e-01,6.69671026e-04,7.55712452e-04,-6.51394273e-06,1.11107704e-03,4.67452962e-05
0.800743,2.14613918e+02,-5.38650996e-02,6.80198309e-01,1.73148202e-01,8.72931862e-04,7.68526021e-04,-8.45772110e-05,1.09802516e-03,4.56927475e-05
0.802384,2.12645868e+02,-3.30701354e-02,6.78581264e-01,1.93551634e-01,8.93407860e-04,6.11278858e-04,9.40750625e-05,1.08458900e-03,4.46251013e-05
0.804024,2.10627018e+02,-8.17201098e-02,7.17870899e-01,1.89943169e-01,3.89812943e-04,8.17425681e-04,9.48504823e-05,1.07081766e-03,4.31395577e-05
0.805665,2.08557775e+02,-4.93190787e-02,7.19843209e-01,2.02286898e-01,6.10155502e-04,6.69625247e-04,1.71729164e-04,1.05682973e-03,4.24749584e-05
0.807306,2.06438532e+02,-2.82532461e-02,7.40989572e-01,1.76577021e-01,6.74966677e-04,7.26929874e-04,-4.02512886e-05,1.04246350e-03,4.17541589e-05
0.808947,2.04269769e+02,-1.03445064e-02,7.61397152e-01,1.65712724e-01,6.67034939e-04,7.82482407e-04,-1.25020358e-04,1.02789091e-03,4.13466573e-05
0.810588,2.02051993e+02,2.85719034e-02,7.54515972e-01,1.26663148e-01,8.43415431e-04,5.85520840e-04,-3.88917375e-04,1.01302878e-03,4.04384011e-05
0.812229,1.99785733e+02,2.04986465e-03,7.79443294e-01,1.48051844e-01,4.69955872e-04,6.91939357e-04,-1.41396470e-04,9.97866358e-04,3.99187920e-05
0.813870,1.97471573e+02,2.40968217e-02,8.03376555e-01,1.68434400e-01,5.99238357e-04,7.50932482e-04,6.77434374e-05,9.82269954e-04,3.92518947e-05
0.815510,1.95110183e+02,4.18895148e-02,8.02539392e-01,1.54694797e-01,6.38318477e-04,6.01585117e-04,-5.77675795e-05,9.66628727e-04,3.90680394e-05
0.817151,1.92702222e+02,7.44959146e-02,8.18881596e-01,1.21018887e-01,7.99976396e-04,6.21536056e-04,-3.59995940e-04,9.50602651e-04,3.89651182e-05
0.818792,1.90248452e+02,5.59425421e-02,8.57767084e-01,1.29636271e-01,5.11203072e-04,8.52767556e-04,-2.20183500e-04,9.34442221e-04,3.85520505e-05
0.820433,1.87749669e+02,6.66545360e-02,8.52747739e-01,1.28936106e-01,5.24138436e-04,6.39627372e-04,-2.00417917e-04,9.17961290e-04,3.85332344e-05
0.822074,1.85206674e+02,8.21614687e-02,8.58839733e-01,1.13306544e-01,5.38690088e-04,5.86029685e-04,-3.54620594e-04,9.01276827e-04,3.88432179e-05
0.823715,1.82620364e+02,1.28417308e-01,8.74868060e-01,1.30661703e-01,8.53048833e-04,6.06770633e-04,-1.30126868e-04,8.84396447e-04,3.89755476e-05
0.825356,1.79991727e+02,1.19408943e-01,8.84635610e-01,1.19836249e-01,6.41819303e-04,5.66700965e-04,-2.18913013e-04,8.67343500e-04,3.91159517e-05
0.826997,1.77321734e+02,1.33263985e-01,8.94273440e-01,1.41752741e-01,6.60628597e-04,5.37833811e-04,2.37588351e-05,8.50019078e-04,3.95932200e-05
0.828637,1.74611450e+02,1.59887630e-01,8.97305917e-01,1.28294151e-01,7.83750045e-04,4.51280248e-04,-6.61033133e-05,8.32556417e-04,3.99533479e-05
0.830278,1.71862015e+02,1.68577413e-01,9.22142448e-01,1.25041993e-01,7.27195616e-04,5.60691590e-04,-9.62416026e-05,8.14898451e-04,4.06438739e-05
0.831919,1.69074634e+02,1.38113879e-01,9.28112749e-01,9.92621963e-02,3.51359718e-04,4.81373389e-04,-2.89666873e-04,7.97118200e-04,4.11830023e-05
0.833560,1.66250504e+02,1.43380026e-01,9.58198097e-01,1.10057777e-01,3.18157496e-04,6.55155884e-04,-1.52719749e-04,7.79187860e-04,4.19716937e-05
0.835201,1.63390940e+02,1.45489851e-01,9.54101195e-01,1.28221205e-01,2.71092616e-04,4.75246829e-04,3.06975768e-06,7.61079260e-04,4.28472707e-05
0.836842,1.60497301e+02,1.63455436e-01,9.68137902e-01,1.10109836e-01,3.55148283e-04,5.02751011e-04,-1.64771073e-04,7.42959749e-04,4.37155187e-05
0.838483,1.57571016e+02,1.97585581e-01,9.71061459e-01,1.11281742e-01,6.26100270e-04,4.14858564e-04,-1.31635212e-04,7.24719921e-04,4.45162262e-05
0.840123,1.54613588e+02,1.95514024e-01,9.85735837e-01,8.65968827e-02,4.98851936e-04,4.54675587e-04,-3.21842192e-04,7.06387101e-04,4.55571263e-05
0.841764,1.51626602e+02,1.91674150e-01,9.93995526e-01,1.25123116e-01,3.76240007e-04,4.29130335e-04,7.11865315e-05,6.87991802e-04,4.66191044e-05
0.843405,1.48611676e+02,2.14709335e-01,1.00176207e+00,9.48630619e-02,4.97784155e-04,4.00106705e-04,-1.73256070e-04,6.69561474e-04,4.76843660e-05
0.845046,1.45570534e+02,2.29537672e-01,9.94571302e-01,1.03099588e-01,5.12237282e-04,2.29988959e-04,-7.06538584e-05,6.51029389e-04,4.89818941e-05
0.846687,1.42504911e+02,2.16208632e-01,1.00977128e+00,5.58960180e-02,3.12498537e-04,2.96706130e-04,-4.97811178e-04,6.32553678e-04,5.01436665e-05
0.848328,1.39416622e+02,2.58083828e-01,1.02551502e+00,9.07647640e-02,6.08716139e-04,3.67331124e-04,-1.24563330e-04,6.14146235e-04,5.13097600e-05
0.849969,1.36307596e+02,2.45919865e-01,1.02462296e+00,9.74252667e-02,3.99808365e-04,2.60056583e-04,-4.11257113e-05,5.95548199e-04,5.27223429e-05
0.851610,1.33179793e+02,2.60665812e-01,1.01548275e+00,5.59071982e-02,4.52845303e-04,1.13951066e-04,-3.89427385e-04,5.77291640e-04,5.37763783e-05
0.853250,1.30035204e+02,2.66973444e-01,1.02974996e+00,5.02347939e-02,4.28875608e-04,1.94057963e-04,-3.69379462e-04,5.58957838e-04,5.50480510e-05
0.854891,1.26875944e+02,2.77026040e-01,1.02040024e+00,6.51153992e-02,4.52180450e-04,4.07010543e-05,-1.81944240e-04,5.40689234e-04,5.64247599e-05
0.856532,1.23704159e+02,2.89522399e-01,1.04822118e+00,6.15906935e-02,4.61880114e-04,2.67766853e-04,-1.59438342e-04,5.22545939e-04,5.77086776e-05
0.858173,1.20522142e+02,2.95204301e-01,1.04145812e+00,5.26779446e-02,4.45721961e-04,1.41127729e-04,-2.26630117e-04,5.04583004e-04,5.89328708e-05
0.859814,1.17332181e+02,2.96679459e-01,1.02640988e+00,3.51098110e-02,3.71880628e-04,-6.06211924e-05,-3.26089824e-04,4.86642394e-04,6.02748843e-05
0.861455,1.14136634e+02,3.04526200e-01,1.03773701e+00,3.10372399e-02,3.55551316e-04,1.41828875e-05,-3.20308558e-04,4.68925391e-04,6.16486838e-05
0.863096,1.10937941e+02,3.34012035e-01,1.04633310e+00,4.20682880e-02,5.14412111e-04,7.68659594e-05,-1.67577427e-04,4.51462516e-04,6.28852026e-05
0.864736,1.07738640e+02,3.28454759e-01,1.03850576e+00,2.32152973e-02,3.90713310e-04,-3.23234373e-05,-3.03373748e-04,4.34219364e-04,6.40369756e-05
0.866377,1.04541257e+02,3.23582383e-01,1.02708745e+00,4.87283758e-02,2.82524679e-04,-1.65252952e-04,-1.05596154e-05,4.17110983e-04,6.53710986e-05
0.868018,1.01348381e+02,3.35643341e-01,1.03385695e+00,3.70470809e-02,3.38512871e-04,-9.80550829e-05,-1.13607002e-04,4.00329479e-04,6.66144422e-05
0.869659,9.81627347e+01,3.33140160e-01,1.03221367e+00,3.00766497e-02,2.54148473e-04,-1.12023426e-04,-1.59536657e-04,3.83877035e-04,6.77091219e-05
0.871300,9.49871178e+01,3.48081158e-01,1.02115018e+00,2.99621731e-02,3.12397774e-04,-2.18873363e-04,-1.18040006e-04,3.67654538e-04,6.88493450e-05
0.872941,9.18243857e+01,3.63595854e-01,1.01557539e+00,8.22562672e-03,3.94061252e-04,-2.52177241e-04,-2.94369117e-04,3.51831674e-04,6.98938479e-05
0.874582,8.86774673e+01,3.57343800e-01,1.00375542e+00,-2.56629716e-03,2.60636323e-04,-3.53404814e-04,-3.33886380e-04,3.36286985e-04,7.09738591e-05
0.876223,8.55493479e+01,3.71242804e-01,9.88865033e-01,1.05660816e-02,3.37257169e-04,-4.62061254e-04,-1.56437230e-04,3.21128746e-04,7.20311649e-05
0.877863,8.24430836e+01,3.70612253e-01,1.00728567e+00,2.40633906e-02,2.75299207e-04,-2.36043601e-04,2.12878316e-06,3.06476281e-04,7.28058990e-05
0.879504,7.93618652e+01,3.86290290e-01,9.65446287e-01,-3.72757663e-03,3.75183114e-04,-5.91178687e-04,-2.36049742e-04,2.92151460e-04,7.36925302e-05
0.881145,7.63089168e+01,3.77947199e-01,9.79971776e-01,-6.24661222e-03,2.30490676e-04,-3.89347920e-04,-2.28376423e-04,2.78233438e-04,7.46112840e-05
0.882786,7.32876741e+01,3.80783833e-01,9.54575190e-01,-6.27384495e-03,2.09779017e-04,-5.63373600e-04,-1.99548727e-04,2.64836734e-04,7.53103394e-05
0.884427,7.03016197e+01,4.00644275e-01,9.39578645e-01,-6.02064260e-03,3.35912078e-04,-6.19334247e-04,-1.63495187e-04,2.51950090e-04,7.58538156e-05
0.886068,6.73544423e+01,3.99737653e-01,9.34079588e-01,-6.32550323e-03,2.77241643e-04,-5.85345153e-04,-1.26259016e-04,2.39560300e-04,7.62868253e-05
0.887709,6.44499935e+01,3.90914041e-01,9.23264286e-01,-2.55348496e-02,1.52190789e-04,-6.00255015e-04,-2.91324473e-04,2.27631767e-04,7.67910061e-05
0.889349,6.15923610e+01,4.01097794e-01,9.19087606e-01,-2.66986189e-02,1.97692866e-04,-5.62121447e-04,-2.58060380e-04,2.16185322e-04,7.73182253e-05
0.890990,5.87859546e+01,4.18464941e-01,8.94181991e-01,-2.36320017e-02,3.31280667e-04,-7.15944651e-04,-1.90378958e-04,2.05387750e-04,7.74123398e-05
0.892631,5.60353859e+01,4.28072464e-01,8.72465752e-01,-3.23405724e-02,3.57778067e-04,-8.07731220e-04,-2.27731655e-04,1.95199615e-04,7.72209448e-05
0.894272,5.33456064e+01,4.41134845e-01,8.64551674e-01,-3.17483840e-02,4.04856767e-04,-7.68649820e-04,-1.68905981e-04,1.85404249e-04,7.74935193e-05
0.895913,5.07221730e+01,4.29855085e-01,8.43167713e-01,-3.16798016e-02,2.39803225e-04,-8.42653966e-04,-1.50824853e-04,1.76359049e-04,7.70314954e-05
0.897554,4.81710770e+01,4.51048370e-01,8.23824143e-01,-4.71431469e-02,3.79773244e-04,-8.81692003e-04,-2.77476748e-04,1.67863855e-04,7.65512503e-05
0.899195,4.56990787e+01,4.49505739e-01,8.02983720e-01,-4.02631080e-02,2.93714315e-04,-9.18207689e-04,-1.73530544e-04,1.59944401e-04,7.59399122e-05
0.900835,4.33137926e+01,4.47883631e-01,7.71701621e-01,-3.49229352e-02,2.26576799e-04,-1.05342697e-03,-8.13263196e-05,1.52584325e-04,7.52677127e-05
0.902476,4.10238945e+01,4.60868858e-01,7.68857342e-01,-3.97580081e-02,2.96153219e-04,-9.11417856e-04,-1.08089502e-04,1.45890119e-04,7.41543060e-05
0.904117,3.88392961e+01,4.72220611e-01,7.43271885e-01,-4.71644238e-02,3.46589694e-04,-9.91229978e-04,-1.56343643e-04,1.39729658e-04,7.31007183e-05
0.905758,3.67713367e+01,4.78248780e-01,7.32341944e-01,-5.33993377e-02,3.32951878e-04,-9.14424989e-04,-1.80700826e-04,1.34231357e-04,7.16052743e-05
0.907399,3.48329683e+01,4.86716734e-01,7.09452935e-01,-5.27329948e-02,3.50670425e-04,-9.61737166e-04,-1.39699390e-04,1.29283331e-04,7.01223223e-05
0.909040,3.30388826e+01,4.94870466e-01,6.92914448e-01,-5.89293104e-02,3.60435060e-04,-9.55228852e-04,-1.65799266e-04,1.24898162e-04,6.87530410e-05
0.910681,3.14055425e+01,5.04217834e-01,6.50724736e-01,-5.56700702e-02,3.86369523e-04,-1.18150656e-03,-1.11435467e-04,1.21138027e-04,6.73139464e-05
0.912322,2.99508300e+01,5.13489757e-01,6.21720473e-01,-4.73671771e-02,3.84034371e-04,-1.21865406e-03,-2.34647133e-05,1.18006898e-04,6.61586982e-05
0.913962,2.86936770e+01,5.20729995e-01,6.06285473e-01,-5.23175644e-02,3.65695500e-04,-1.15539289e-03,-5.55337000e-05,1.15318977e-04,6.61690904e-05
0.915603,2.76532544e+01,5.36834971e-01,5.70686648e-01,-6.09230694e-02,4.32554055e-04,-1.27958860e-03,-1.31662389e-04,1.13289839e-04,6.70247010e-05
0.917244,2.68472514e+01,5.38270893e-01,5.72942949e-01,-7.69499375e-02,3.62561963e-04,-1.05297953e-03,-2.61321761e-04,1.11743837e-04,6.98583429e-05
0.918885,2.62901800e+01,5.48046600e-01,5.38420895e-01,-7.70212061e-02,3.64750645e-04,-1.21221226e-03,-2.27921573e-04,1.10694504e-04,7.51363846e-05
0.920526,2.59912054e+01,5.62291913e-01,5.08477008e-01,-6.52689595e-02,3.93781042e-04,-1.30021107e-03,-1.05774566e-04,1.10281592e-04,8.29805770e-05
0.922167,2.59523826e+01,5.71339525e-01,4.82569073e-01,-8.75199512e-02,3.73939823e-04,-1.35038231e-03,-3.03691188e-04,1.10306605e-04,9.35016689e-05
0.923808,2.61678508e+01,5.76700039e-01,4.51380279e-01,-9.32182379e-02,3.21110451e-04,-1.44650946e-03,-3.25321800e-04,1.10855885e-04,1.05794686e-04
0.925448,2.66241253e+01,5.86021216e-01,4.24823848e-01,-9.56456320e-02,3.12390003e-04,-1.48230211e-03,-2.93221727e-04,1.11875906e-04,1.18604172e-04
0.927089,2.73016366e+01,5.94165071e-01,3.92425480e-01,-9.86325300e-02,2.81412443e-04,-1.56353656e-03,-2.74103440e-04,1.13397812e-04,1.30999221e-04
0.928730,2.81769888e+01,6.02971518e-01,3.49837255e-01,-1.09013512e-01,2.83871257e-04,-1.72271588e-03,-3.11632363e-04,1.15317685e-04,1.42072194e-04
0.930371,2.92253551e+01,6.20531896e-01,3.12836899e-01,-1.04880748e-01,3.57431414e-04,-1.79618064e-03,-2.20185258e-04,1.17754983e-04,1.51694361e-04
0.932012,3.04223354e+01,6.20132895e-01,2.78224161e-01,-9.85555884e-02,2.61313537e-04,-1.82225179e-03,-1.10003654e-04,1.20544183e-04,1.59163690e-04
0.933653,3.17454037e+01,6.29253156e-01,2.39886678e-01,-1.14821078e-01,2.59330586e-04,-1.86964102e-03,-2.28287578e-04,1.23739136e-04,1.65005155e-04
0.935294,3.31746255e+01,6.05906975e-01,2.02074317e-01,-1.31803458e-01,-2.95724154e-05,-1.89877586e-03,-3.21584007e-04,1.27251410e-04,1.69102739e-04
0.936935,3.46930092e+01,6.40769375e-01,1.52225985e-01,-1.23107240e-01,2.46881066e-04,-2.02244846e-03,-1.88385953e-04,1.31187402e-04,1.71396823e-04
0.938575,3.62862983e+01,6.33991364e-01,1.15542095e-01,-1.28590452e-01,9.99574924e-05,-2.00353386e-03,-1.91454372e-04,1.35409538e-04,1.72542604e-04
0.940216,3.79429014e+01,6.45775864e-01,7.88967002e-02,-1.31633785e-01,1.53877580e-04,-1.96576088e-03,-1.62956332e-04,1.39993801e-04,1.72065511e-04
0.941857,3.96535053e+01,6.44786797e-01,3.24071957e-02,-1.44171033e-01,9.35806090e-05,-2.01405965e-03,-2.42435725e-04,1.44846181e-04,1.70363301e-04
0.943498,4.14107324e+01,6.41375566e-01,4.72719601e-03,-1.43935873e-01,3.47248846e-05,-1.91445641e-03,-1.72809819e-04,1.49963509e-04,1.68217755e-04
0.945139,4.32087343e+01,6.40259194e-01,-5.08326893e-02,-1.41849369e-01,-2.35802491e-05,-2.06601525e-03,-1.09951372e-04,1.55478102e-04,1.64766505e-04
0.946780,4.50429563e+01,6.50718959e-01,-8.24252519e-02,-1.37374112e-01,4.44060551e-05,-1.98265239e-03,-3.01523237e-05,1.61242917e-04,1.60615966e-04
0.948421,4.69097829e+01,6.56238569e-01,-1.14655756e-01,-1.48567450e-01,4.92429970e-05,-1.88430628e-03,-9.37156256e-05,1.67251757e-04,1.55346043e-04
0.950061,4.88063740e+01,6.47334807e-01,-1.42781217e-01,-1.53310340e-01,-4.28658311e-05,-1.75507694e-03,-1.22878631e-04,1.73498829e-04,1.49885399e-04
0.951702,5.07304003e+01,6.62215267e-01,-1.92456510e-01,-1.39712961e-01,8.57229569e-05,-1.86798528e-03,4.07154307e-05,1.80051852e-04,1.44044066e-04
0.953343,5.26797953e+01,6.73083280e-01,-2.46684044e-01,-1.48447052e-01,1.40980302e-04,-2.01034093e-03,-2.02876298e-05,1.86946285e-04,1.37921010e-04
0.954984,5.46526929e+01,6.60996268e-01,-2.74274517e-01,-1.48903372e-01,-1.40500621e-05,-1.87369113e-03,-1.26278446e-05,1.94027445e-04,1.31182250e-04
0.956625,5.66473573e+01,6.47769066e-01,-3.00984060e-01,-1.45648661e-01,-1.45202677e-04,-1.74798610e-03,1.45978596e-05,2.01367351e-04,1.24461078e-04
0.958266,5.86620000e+01,6.52104380e-01,-3.41190208e-01,-1.32351132e-01,-1.30006118e-04,-1.77399524e-03,1.52275574e-04,2.09063859e-04,1.17768466e-04
0.959907,6.06946736e+01,6.53447124e-01,-3.67290524e-01,-1.43416886e-01,-1.31049055e-04,-1.66317077e-03,4.18375130e-05,2.16880114e-04,1.10960173e-04
0.961548,6.27433176e+01,6.19758913e-01,-4.00192459e-01,-1.56110860e-01,-4.39421563e-04,-1.61209829e-03,-7.17910816e-05,2.24826422e-04,1.04020239e-04
0.963188,6.48057271e+01,6.19644022e-01,-4.56084988e-01,-1.56098322e-01,-4.16995579e-04,-1.79167079e-03,-4.87019277e-05,2.33199424e-04,9.76778504e-05
0.964829,6.68794178e+01,6.33551589e-01,-4.72575462e-01,-1.56961768e-01,-2.66792859e-04,-1.58377918e-03,-3.66039908e-05,2.41791932e-04,9.13496264e-05
0.966470,6.89616920e+01,5.97865936e-01,-5.00771318e-01,-1.59149060e-01,-5.74194024e-04,-1.50909912e-03,-5.24480891e-05,2.50424090e-04,8.55033707e-05
0.968111,7.10497012e+01,5.81788580e-01,-5.42994200e-01,-1.42497450e-01,-6.99543296e-04,-1.55726641e-03,1.02780245e-04,2.59373519e-04,7.97864632e-05
0.969752,7.31403840e+01,5.65723900e-01,-5.57080834e-01,-1.54870529e-01,-7.66650419e-04,-1.35887166e-03,-3.89477727e-05,2.68346452e-04,7.47272004e-05
0.971393,7.52305786e+01,5.49478211e-01,-5.78170415e-01,-1.32549537e-01,-8.28142167e-04,-1.24741696e-03,1.60531343e-04,2.77556447e-04,6.99301301e-05
0.973034,7.73169497e+01,5.34607825e-01,-6.13879857e-01,-1.38573503e-01,-8.57833512e-04,-1.29417240e-03,9.13858449e-05,2.86867639e-04,6.59096847e-05
0.974674,7.93960586e+01,5.32678357e-01,-6.48072199e-01,-1.40286694e-01,-7.72320260e-04,-1.33186854e-03,5.59753210e-05,2.96309237e-04,6.20925414e-05
0.976315,8.14643740e+01,5.07459290e-01,-6.68142963e-01,-1.36457263e-01,-9.21466828e-04,-1.22559396e-03,1.02994570e-04,3.05839812e-04,5.87093655e-05
0.977956,8.35183844e+01,4.69657488e-01,-6.80698877e-01,-1.43889232e-01,-1.15072995e-03,-1.05659724e-03,2.60346365e-06,3.15485537e-04,5.59938520e-05
0.979597,8.55546301e+01,4.51656533e-01,-7.09061489e-01,-1.40003048e-01,-1.15916872e-03,-1.06344718e-03,4.03923400e-05,3.24994853e-04,5.34316806e-05
0.981238,8.75696696e+01,4.07961605e-01,-7.29290993e-01,-1.57215908e-01,-1.38618534e-03,-9.86232357e-04,-1.00162626e-04,3.34629730e-04,5.13392178e-05
0.982879,8.95601143e+01,3.80096739e-01,-7.67757946e-01,-1.28911111e-01,-1.45431918e-03,-1.07371593e-03,1.66896749e-04,3.44297946e-04,4.94754316e-05
0.984520,9.15226167e+01,3.65483326e-01,-7.72119531e-01,-1.56998557e-01,-1.38805125e-03,-8.85105705e-04,-1.17639104e-04,3.53918752e-04,4.86582273e-05
0.986161,9.34539981e+01,3.24730886e-01,-8.10287640e-01,-1.33517778e-01,-1.54402616e-03,-9.92776380e-04,9.37906186e-05,3.63349460e-04,4.75424929e-05
0.987801,9.53511635e+01,2.77132927e-01,-8.24755684e-01,-1.25984804e-01,-1.74332400e-03,-8.77600885e-04,1.70224682e-04,3.72863073e-04,4.71522123e-05
0.989442,9.72111652e+01,2.51999276e-01,-8.33525496e-01,-1.44791428e-01,-1.70719146e-03,-7.46955007e-04,-2.62749719e-05,3.82171962e-04,4.70612053e-05
0.991083,9.90312262e+01,2.25548671e-01,-8.44688553e-01,-1.17908063e-01,-1.65933724e-03,-6.80009335e-04,2.14578429e-04,3.91417756e-04,4.72148346e-05
0.992724,1.00808656e+02,1.68955647e-01,-8.32163973e-01,-1.26476265e-01,-1.90093027e-03,-3.86293861e-04,1.22706005e-04,4.00589712e-04,4.77501783e-05
0.994365,1.02540901e+02,1.34064767e-01,-8.47002767e-01,-1.27610367e-01,-1.90696472e-03,-3.59191605e-04,9.85114827e-05,4.09471458e-04,4.82675399e-05
0.996006,1.04225524e+02,9.47825238e-02,-8.50172043e-01,-1.22167940e-01,-1.94309011e-03,-2.23292921e-04,1.71416030e-04,4.18264378e-04,4.91374555e-05
0.997647,1.05860223e+02,7.88187878e-02,-8.78905489e-01,-1.17971891e-01,-1.78030651e-03,-3.68636413e-04,1.61406640e-04,4.26881813e-04,5.02863674e-05
0.999287,1.07442785e+02,2.06689363e-02,-8.74640438e-01,-1.30730304e-01,-2.00207568e-03,-1.90401314e-04,8.19084380e-06,4.35176698e-04,5.16255795e-05
1.000928,1.08971209e+02,-9.69761061e-03,-8.71035365e-01,-1.41832070e-01,-1.92528501e-03,-9.09654542e-06,-7.69276885e-05,4.43345856e-04,5.29029263e-05
1.002569,1.10443594e+02,-4.91410954e-02,-8.60969787e-01,-1.28185031e-01,-1.93508763e-03,1.61356956e-04,6.14674668e-05,4.51160247e-04,5.45120226e-05
1.004210,1.11858218e+02,-9.82309928e-02,-8.69216777e-01,-9.86549940e-02,-2.04160048e-03,1.39302313e-04,3.25923496e-04,4.58784868e-04,5.61681445e-05
1.005851,1.13213409e+02,-1.43014754e-01,-8.49139236e-01,-1.16231987e-01,-2.08058213e-03,3.88153052e-04,1.32930447e-04,4.66100080e-04,5.78008264e-05
1.007492,1.14507643e+02,-1.77395038e-01,-8.54283108e-01,-1.03695501e-01,-2.04098177e-03,3.60564345e-04,2.20387323e-04,4.73073885e-04,5.94033461e-05
1.009133,1.15739507e+02,-2.35415423e-01,-8.49259566e-01,-1.21106633e-01,-2.19622609e-03,4.44137667e-04,2.93756434e-05,4.79793202e-04,6.09777802e-05
1.010774,1.16907748e+02,-2.43218275e-01,-8.24480789e-01,-1.25377068e-01,-1.84535488e-03,6.68182740e-04,-6.73334605e-05,4.86075787e-04,6.24331352e-05
1.012414,1.18011258e+02,-2.96579724e-01,-8.02374915e-01,-1.05277504e-01,-1.95712873e-03,8.43452892e-04,1.17621064e-04,4.92127893e-04,6.37438881e-05
1.014055,1.19049075e+02,-3.24851556e-01,-8.13321068e-01,-8.43068343e-02,-1.82565601e-03,6.53188879e-04,2.63155872e-04,4.97801747e-04,6.50524192e-05
1.015696,1.20020298e+02,-3.60620742e-01,-7.79077339e-01,-1.08446036e-01,-1.78120021e-03,8.90392722e-04,1.66758764e-05,5.03209305e-04,6.62067485e-05
1.017337,1.20924185e+02,-3.83535022e-01,-7.64319101e-01,-8.43708961e-02,-1.62372951e-03,9.30011080e-04,2.27671542e-04,5.08242138e-04,6.70610688e-05
1.018978,1.21760114e+02,-4.27316665e-01,-7.26551543e-01,-8.21777039e-02,-1.70904955e-03,1.14962948e-03,1.85028217e-04,5.12958269e-04,6.78199349e-05
1.020619,1.22527670e+02,-4.58564482e-01,-7.05083351e-01,-7.44303898e-02,-1.62229427e-03,1.18533446e-03,2.46614941e-04,5.17049135e-04,6.81402271e-05
1.022260,1.23226559e+02,-4.95035062e-01,-7.01327806e-01,-8.09683818e-02,-1.59067358e-03,1.09567535e-03,1.80417426e-04,5.21032136e-04,6.79889713e-05
1.023900,1.23856496e+02,-5.29656125e-01,-6.74573425e-01,-7.55555710e-02,-1.56821411e-03,1.18694130e-03,1.94243191e-04,5.24512137e-04,6.79646071e-05
1.025541,1.24417450e+02,-5.48489139e-01,-6.34854251e-01,-1.08383177e-01,-1.39748074e-03,1.38811724e-03,-1.01507766e-04,5.27604866e-04,6.75791656e-05
1.027182,1.24909581e+02,-5.96849874e-01,-6.06621954e-01,-8.06458683e-02,-1.52592872e-03,1.43068597e-03,1.55775220e-04,5.30384759e-04,6.71519199e-05
1.028823,1.25333152e+02,-5.97749794e-01,-5.63053823e-01,-7.14632288e-02,-1.20941139e-03,1.60518021e-03,2.28880597e-04,5.32733534e-04,6.61915206e-05
1.030464,1.25688524e+02,-6.03127372e-01,-5.29300339e-01,-8.85087211e-02,-9.39942744e-04,1.67005590e-03,4.62645052e-05,5.34663354e-04,6.49070347e-05
1.032105,1.25976179e+02,-6.50498995e-01,-4.90932636e-01,-7.76012360e-02,-1.16059448e-03,1.77045430e-03,1.66561551e-04,5.36446510e-04,6.37520165e-05
1.033746,1.26196741e+02,-6.37806831e-01,-4.59140872e-01,-7.64425425e-02,-8.00614165e-04,1.73367173e-03,1.56907995e-04,5.37492450e-04,6.23012936e-05
1.035387,1.26351023e+02,-6.75020774e-01,-4.34601272e-01,-6.98231488e-02,-9.19265873e-04,1.64495039e-03,1.95014058e-04,5.38278678e-04,6.04336932e-05
1.037027,1.26439793e+02,-6.93055951e-01,-3.94901388e-01,-6.51892237e-02,-8.60358788e-04,1.74517646e-03,2.07331563e-04,5.38838183e-04,5.83219979e-05
1.038668,1.26463942e+02,-6.93641764e-01,-3.75252427e-01,-6.29342504e-02,-6.29750558e-04,1.62139675e-03,1.75507698e-04,5.38880058e-04,5.62852592e-05
1.040309,1.26424486e+02,-7.20035116e-01,-3.43966891e-01,-8.87630271e-02,-6.78387733e-04,1.63571915e-03,-7.08879709e-05,5.38636981e-04,5.39236322e-05
1.041950,1.26322510e+02,-7.36341911e-01,-3.12157909e-01,-9.05940999e-02,-6.63367401e-04,1.62780633e-03,-7.81822930e-05,5.38019542e-04,5.19235777e-05
1.043591,1.26159260e+02,-7.35301544e-01,-2.75942678e-01,-6.73813879e-02,-4.84806585e-04,1.65970752e-03,1.48309952e-04,5.37046852e-04,4.94187610e-05
1.045232,1.25936070e+02,-7.32982346e-01,-2.34117556e-01,-6.28889934e-02,-3.19611517e-04,1.70471872e-03,1.73785294e-04,5.35689735e-04,4.68887110e-05
1.046873,1.25654342e+02,-7.40486317e-01,-1.92562633e-01,-4.48473371e-02,-2.58380979e-04,1.77364668e-03,3.20319180e-04,5.34150286e-04,4.42229376e-05
1.048513,1.25315448e+02,-7.34293282e-01,-1.57180208e-01,-6.51822301e-02,-8.95979405e-05,1.75186542e-03,9.36300862e-05,5.32055298e-04,4.17912773e-05
1.050154,1.24920901e+02,-7.59602963e-01,-1.33535127e-01,-6.97866921e-02,-2.62603436e-04,1.64355668e-03,1.97139373e-05,5.29847500e-04,3.93183570e-05
1.051795,1.24472180e+02,-7.64340649e-01,-9.73955372e-02,-5.73356420e-02,-2.07472478e-04,1.67165660e-03,1.31297529e-04,5.27277636e-04,3.65198362e-05
1.053436,1.23970829e+02,-7.67016946e-01,-6.91410119e-02,-3.84284615e-02,-1.45694343e-04,1.63155605e-03,2.74017923e-04,5.24420704e-04,3.40178939e-05
1.055077,1.23418457e+02,-7.43274421e-01,-2.81606281e-02,-5.10520726e-02,1.39384399e-04,1.69464020e-03,8.07519969e-05,5.21195059e-04,3.14281114e-05
1.056718,1.22816763e+02,-7.64764159e-01,-2.12101051e-02,-3.48856974e-02,-4.73550539e-05,1.44733545e-03,2.20998505e-04,5.17843992e-04,2.89804374e-05
1.058359,1.22167350e+02,-7.48595048e-01,3.77866651e-02,-3.92412712e-02,1.25383268e-04,1.70030825e-03,1.34885087e-04,5.14100178e-04,2.66586274e-05
1.060000,1.21472015e+02,-7.63585896e-01,4.77337067e-02,-5.95126590e-03,2.39600711e-05,1.49096316e-03,3.98377841e-04,5.10197569e-04,2.41940602e-05
1.061640,1.20732454e+02,-7.37557321e-01,9.70834584e-02,-4.52171580e-02,2.68933567e-04,1.63931359e-03,-1.97734611e-05,5.05975801e-04,2.19682282e-05
1.063281,1.19950501e+02,-7.27499843e-01,1.13557082e-01,-1.38395288e-02,3.44367942e-04,1.47077991e-03,3.02442077e-04,5.01592162e-04,1.97458566e-05
1.064922,1.19127906e+02,-7.24703871e-01,1.37458178e-01,-2.20774086e-02,3.30853234e-04,1.39277186e-03,1.80432731e-04,4.96964344e-04,1.76579334e-05
1.066563,1.18266438e+02,-7.17909625e-01,1.62388243e-01,-4.24468846e-02,3.70012751e-04,1.33365620e-03,-2.28872917e-05,4.92096407e-04,1.55762791e-05
1.068204,1.17367872e+02,-7.16261670e-01,1.96425013e-01,-2.93118251e-02,3.51649046e-04,1.39679775e-03,9.74086252e-05,4.87191939e-04,1.37088724e-05
1.069845,1.16433992e+02,-7.08800879e-01,2.04751705e-01,-3.43312678e-02,3.63427026e-04,1.21012934e-03,4.29792833e-05,4.82012502e-04,1.19566815e-05
1.071486,1.15466650e+02,-6.80317521e-01,2.21208877e-01,-1.78807555e-02,5.84154438e-04,1.07132550e-03,1.58053441e-04,4.76486780e-04,1.01860376e-05
1.073126,1.14467723e+02,-6.87858081e-01,2.54708897e-01,-1.49043456e-02,4.45529634e-04,1.14235731e-03,1.48053647e-04,4.71067593e-04,8.69767444e-06
1.074767,1.13439021e+02,-6.88841762e-01,2.85756333e-01,-1.25421655e-02,3.91141739e-04,1.18760690e-03,1.17314439e-04,4.65426060e-04,7.37258384e-06
1.076408,1.12382392e+02,-6.98329305e-01,2.99792029e-01,-6.04216983e-03,2.73928693e-04,1.09179903e-03,1.64997094e-04,4.59705396e-04,6.38075044e-06
1.078049,1.11299636e+02,-6.89641836e-01,3.20595896e-01,-1.63148371e-02,3.25831375e-04,1.05414898e-03,4.96054147e-05,4.53778210e-04,5.67740735e-06
1.079690,1.10192649e+02,-6.71145296e-01,3.40444716e-01,-5.49265506e-05,4.48584014e-04,1.00885201e-03,1.92849929e-04,4.47791139e-04,5.48926120e-06
1.081331,1.09063300e+02,-6.43324003e-01,3.71635053e-01,-9.72830893e-03,6.25009024e-04,1.07449827e-03,5.99898265e-05,4.41678444e-04,5.66645144e-06
1.082972,1.07913486e+02,-6.42634217e-01,3.73976234e-01,-1.39903269e-02,5.25222708e-04,8.89681174e-04,-3.59289200e-06,4.35571189e-04,6.39598453e-06
1.084612,1.06745020e+02,-6.54522714e-01,3.88752320e-01,-1.77251755e-03,3.36635361e-04,8.24323955e-04,1.26674449e-04,4.29295436e-04,7.22238809e-06
1.086253,1.05559789e+02,-6.11580599e-01,4.16700387e-01,-2.19733166e-02,6.50358863e-04,8.88029079e-04,-5.07927709e-05,4.23044387e-04,8.25682497e-06
1.087894,1.04359670e+02,-5.98718964e-01,4.43271396e-01,1.12424717e-02,6.75187079e-04,9.62957985e-04,2.30281625e-04,4.16726446e-04,9.47594386e-06
1.089535,1.03146593e+02,-5.85001742e-01,4.44407898e-01,1.59890519e-03,6.94800571e-04,7.55670591e-04,1.01499938e-04,4.10223683e-04,1.04838852e-05
1.091176,1.01922464e+02,-6.03839432e-01,4.65427941e-01,1.66548047e-02,4.03376605e-04,7.89180139e-04,1.95901121e-04,4.03911487e-04,1.17354935e-05
1.092817,1.00689102e+02,-5.63701227e-01,4.65880303e-01,-2.10969488e-02,6.99917207e-04,6.26235214e-04,-1.53722057e-04,3.97517286e-04,1.30264573e-05
1.094458,9.94483556e+01,-5.81698414e-01,4.80504789e-01,6.84678222e-03,4.11953613e-04,6.24579095e-04,1.22366565e-04,3.91168518e-04,1.42493426e-05
1.096099,9.82020864e+01,-5.68712817e-01,4.85592897e-01,9.19821180e-03,4.71845000e-04,5.29830925e-04,1.47237441e-04,3.84753568e-04,1.54943973e-05
1.097739,9.69521792e+01,-5.34771181e-01,5.01179793e-01,6.10274599e-03,6.82410858e-04,5.36317898e-04,8.10948770e-05,3.78330810e-04,1.65555925e-05
1.099380,9.57005660e+01,-5.26737437e-01,5.12636333e-01,1.53666110e-02,6.22004784e-04,5.37498092e-04,1.72834802e-04,3.72150969e-04,1.78646111e-05
1.101021,9.44490687e+01,-5.41032772e-01,5.25333090e-01,1.81086075e-02,3.71879552e-04,5.39452214e-04,1.30338896e-04,3.65765801e-04,1.89080842e-05
1.102662,9.31996027e+01,-5.16738703e-01,5.49738956e-01,3.99628134e-03,5.21132609e-04,6.47816862e-04,-7.82269142e-06,3.59536014e-04,2.02152219e-05
1.104303,9.19540604e+01,-5.12614921e-01,5.40410424e-01,3.33476095e-02,4.81613561e-04,4.32881928e-04,2.53411231e-04,3.53356093e-04,2.14674803e-05
1.105944,9.07142639e+01,-5.07380006e-01,5.62297204e-01,1.51873963e-02,4.48346808e-04,5.34630247e-04,6.56884294e-05,3.47295972e-04,2.26211019e-05
1.107585,8.94820582e+01,-4.82048549e-01,5.43808183e-01,1.72524615e-02,6.03494430e-04,2.40572587e-04,5.17361768e-05,3.41211777e-04,2.36263483e-05
1.109225,8.82592257e+01,-4.77246546e-01,5.67390817e-01,2.73705692e-02,5.52244400e-04,3.83275841e-04,1.39100961e-04,3.35304593e-04,2.48031921e-05
1.110866,8.70475577e+01,-4.66257366e-01,5.78982450e-01,2.08517311e-02,5.69401547e-04,4.10996330e-04,5.13137106e-05,3.29485326e-04,2.58674532e-05
1.112507,8.58488653e+01,-4.55650107e-01,5.90455896e-01,1.49139518e-02,5.70060067e-04,4.26436476e-04,-2.36415786e-05,3.23753189e-04,2.68900585e-05
1.114148,8.46649269e+01,-4.47439952e-01,5.72803586e-01,1.78495408e-02,5.45039336e-04,1.67038443e-04,7.38903207e-06,3.18095328e-04,2.78363929e-05
1.115789,8.34973932e+01,-4.33063720e-01,5.99563805e-01,2.98125326e-02,5.85962377e-04,3.53537833e-04,1.26158366e-04,3.12614368e-04,2.90165797e-05
1.117430,8.23480207e+01,-4.33602148e-01,5.97959161e-01,2.60715701e-02,4.76367682e-04,2.57058684e-04,6.51308596e-05,3.07271936e-04,2.99807436e-05
1.119071,8.12184102e+01,-4.13848465e-01,5.90148801e-01,1.97106066e-02,5.65395368e-04,1.21711068e-04,2.82169662e-06,3.02053203e-04,3.09460666e-05
1.120712,8.01100832e+01,-4.10669403e-01,5.94534690e-01,3.00701214e-02,5.10773386e-04,1.01920986e-04,9.96915103e-05,2.96898046e-04,3.18902268e-05
1.122352,7.90246357e+01,-3.90282705e-01,6.12371208e-01,3.72379061e-02,5.78797289e-04,2.16729779e-04,1.29489737e-04,2.91946417e-04,3.26400421e-05
1.123993,7.79636065e+01,-3.91316215e-01,6.21028938e-01,3.24256148e-02,4.69591914e-04,2.51707815e-04,6.24947412e-05,2.87213195e-04,3.37686577e-05
1.125634,7.69283410e+01,-3.71429539e-01,6.31484474e-01,2.75136045e-02,5.61582610e-04,3.10953241e-04,9.48794064e-06,2.82627227e-04,3.47329058e-05
1.127275,7.59202282e+01,-3.53970632e-01,6.03710911e-01,3.79530845e-02,6.21505287e-04,-2.22981616e-05,9.80733493e-05,2.78088854e-04,3.55146774e-05
1.128916,7.49404980e+01,-3.62797484e-01,6.22618623e-01,3.41232262e-02,4.03128417e-04,1.46544658e-04,4.23764622e-05,2.73752268e-04,3.61565263e-05
1.130557,7.39902786e+01,-3.43047105e-01,6.18666083e-01,2.91004036e-02,5.28520776e-04,7.32727068e-05,-5.87682584e-06,2.69629057e-04,3.71917140e-05
1.132198,7.30706796e+01,-3.37525704e-01,6.09574044e-01,2.30024338e-02,4.57651336e-04,-4.55351194e-05,-7.42631617e-05,2.65572333e-04,3.77240276e-05
1.133838,7.21827253e+01,-3.14808987e-01,6.15536498e-01,4.76396425e-02,5.75370843e-04,-2.24803870e-06,1.26672017e-04,2.61795689e-04,3.86222774e-05
1.135479,7.13272976e+01,-3.29308288e-01,6.34420654e-01,3.99787775e-02,3.81263981e-04,1.55335072e-04,1.16780385e-05,2.58215414e-04,3.95637190e-05
1.137120,7.05051856e+01,-3.10258454e-01,6.08770020e-01,6.08705206e-02,4.59549246e-04,-1.10449455e-04,2.06858861e-04,2.54743210e-04,4.01117840e-05
1.138761,6.97170089e+01,-3.10803589e-01,6.09708775e-01,5.92292923e-02,3.65195516e-04,-8.94259748e-05,1.53656449e-04,2.51438478e-04,4.08429701e-05
1.140402,6.89632598e+01,-2.80662490e-01,6.15755971e-01,3.83198067e-02,5.63291395e-04,-9.98260713e-06,-5.94925707e-05,2.48323456e-04,4.14405071e-05
1.142043,6.82444577e+01,-2.74367791e-01,6.05475691e-01,4.88654912e-02,5.07043141e-04,-1.10743097e-04,4.08698768e-05,2.45292146e-04,4.18575676e-05
1.143684,6.75609562e+01,-2.59408039e-01,6.00361295e-01,3.61144842e-02,5.54580706e-04,-1.59066279e-04,-6.90413954e-05,2.42468343e-04,4.24043512e-05
1.145325,6.69129468e+01,-2.50307024e-01,6.06233785e-01,3.72839412e-02,5.46271446e-04,-8.96162146e-05,-4.84043060e-05,2.39883512e-04,4.30322457e-05
1.146965,6.63004805e+01,-2.47058115e-01,6.01815097e-01,4.75620532e-02,5.09428818e-04,-1.19616787e-04,3.67423728e-05,2.37477759e-04,4.37047280e-05
1.148606,6.57234588e+01,-2.28493795e-01,5.88876256e-01,4.98141967e-02,5.90359160e-04,-2.23818487e-04,4.32472026e-05,2.35116405e-04,4.39450499e-05
1.150247,6.51817689e+01,-2.28989855e-01,5.67735651e-01,5.81670248e-02,4.70369996e-04,-4.02201593e-04,1.04161576e-04,2.32887154e-04,4.41004482e-05
1.151888,6.46750561e+01,-2.08858341e-01,5.93165838e-01,4.27876750e-02,5.75167466e-04,-1.07577448e-04,-4.37931341e-05,2.30925593e-04,4.44871438e-05
1.153529,6.42029556e+01,-2.09736896e-01,5.79462309e-01,4.18421184e-02,4.67680219e-04,-2.34706162e-04,-3.73027453e-05,2.29040156e-04,4.47067806e-05
1.155170,6.37649561e+01,-1.92442952e-01,5.91298381e-01,6.62688000e-02,5.46507719e-04,-1.15390197e-04,1.96983199e-04,2.27312819e-04,4.48370030e-05
1.156811,6.33605072e+01,-1.85638051e-01,5.93255505e-01,4.64960811e-02,5.07156875e-04,-8.68757164e-05,-1.05375354e-06,2.25788243e-04,4.51437918e-05
1.158451,6.29888013e+01,-1.80243850e-01,5.59913831e-01,6.14033298e-02,4.58856225e-04,-3.57299350e-04,1.25677943e-04,2.24387576e-04,4.53205744e-05
1.160092,6.26488941e+01,-1.75014184e-01,5.76751343e-01,5.43280548e-02,4.17897724e-04,-1.74741832e-04,4.45111641e-05,2.23067035e-04,4.52789864e-05
1.161733,6.23399209e+01,-1.58329596e-01,5.63927052e-01,5.18936764e-02,4.78008412e-04,-2.79659293e-04,2.53265995e-05,2.21877139e-04,4.51809942e-05
1.163374,6.20608416e+01,-1.39828946e-01,5.49165145e-01,5.56465473e-02,5.60610064e-04,-3.82584493e-04,6.19684523e-05,2.20864570e-04,4.52086466e-05
1.165015,6.18105065e+01,-1.49362230e-01,5.59283543e-01,4.56638121e-02,3.72353877e-04,-2.40586139e-04,-1.92453652e-05,2.19930201e-04,4.50412743e-05
1.166656,6.15876642e+01,-1.20729314e-01,5.36163300e-01,5.77881907e-02,5.74797548e-04,-4.14155144e-04,9.57911975e-05,2.19113404e-04,4.48080378e-05
1.168297,6.13910971e+01,-1.10984096e-01,5.46001416e-01,5.84850517e-02,5.73809549e-04,-2.58820222e-04,8.70065723e-05,2.18428310e-04,4.46167702e-05
1.169938,6.12196158e+01,-1.27146501e-01,5.30462061e-01,5.29964070e-02,2.92242276e-04,-3.60904626e-04,1.61441377e-05,2.17710003e-04,4.39969239e-05
1.171578,6.10718223e+01,-1.06166613e-01,5.38786117e-01,6.22187849e-02,4.21518569e-04,-2.24205371e-04,9.98427517e-05,2.17226615e-04,4.36275281e-05
1.173219,6.09463348e+01,-1.02866463e-01,5.13857146e-01,5.22322925e-02,3.74597065e-04,-4.22747106e-04,-2.33427767e-06,2.16808866e-04,4.32374976e-05
1.174860,6.08417367e+01,-1.02862461e-01,5.24326503e-01,4.70723715e-02,2.93263469e-04,-2.51665107e-04,-4.91246147e-05,2.16476902e-04,4.28096706e-05
1.176501,6.07565965e+01,-7.39343329e-02,5.24790614e-01,4.86547667e-02,4.78964338e-04,-2.04669775e-04,-2.61108488e-05,2.16127048e-04,4.19353665e-05
1.178142,6.06895828e+01,-7.75301322e-02,5.06165448e-01,5.12286576e-02,3.67561720e-04,-3.35877289e-04,-1.28531893e-05,2.15963181e-04,4.14181073e-05
1.179783,6.06391926e+01,-7.31256288e-02,4.98999969e-01,4.82238631e-02,3.40744500e-04,-3.51987340e-04,-6.56205575e-05,2.15826865e-04,4.07779364e-05
1.181424,6.06039552e+01,-5.21157245e-02,4.89132630e-01,5.59226961e-02,4.69244460e-04,-3.68761941e-04,1.35550432e-05,2.15734937e-04,3.99670663e-05
1.183064,6.05824914e+01,-5.97072661e-02,4.87421838e-01,5.14646046e-02,3.23158131e-04,-3.18045079e-04,-2.00770830e-05,2.15738562e-04,3.92573669e-05
1.184705,6.05733629e+01,-3.05211587e-02,4.76782150e-01,5.15394708e-02,5.23223086e-04,-3.53485485e-04,-1.94147494e-05,2.15699924e-04,3.82356432e-05
1.186346,6.05753042e+01,-2.95012623e-02,4.70849473e-01,5.26598179e-02,4.31268834e-04,-3.66929840e-04,-7.15510976e-06,2.15738884e-04,3.72564523e-05
1.187987,6.05869805e+01,-1.10008726e-02,4.56015592e-01,5.03306254e-02,4.99221381e-04,-4.23961256e-04,-2.42187370e-05,2.15793411e-04,3.63301677e-05
1.189628,6.06070395e+01,-1.83071434e-02,4.52737264e-01,6.09948665e-02,3.55013985e-04,-3.97404235e-04,8.01585167e-05,2.15990064e-04,3.54515455e-05
1.191269,6.06341104e+01,3.72257954e-03,4.45863551e-01,5.64703414e-02,4.77876948e-04,-3.93251388e-04,2.52130311e-05,2.16084997e-04,3.43730090e-05
1.192910,6.06669888e+01,-5.10057452e-03,4.37782329e-01,6.26657069e-02,3.08910896e-04,-3.87775305e-04,6.96093868e-05,2.16291560e-04,3.34977149e-05
1.194551,6.07043543e+01,-6.88549903e-03,4.22988580e-01,5.46850407e-02,2.18594157e-04,-4.50580647e-04,-8.62592766e-06,2.16417515e-04,3.22235819e-05
1.196191,6.07450229e+01,1.35387750e-02,4.17973396e-01,6.14329838e-02,3.27739238e-04,-4.18841355e-04,5.98677037e-05,2.16603042e-04,3.10791126e-05
1.197832,6.07878621e+01,2.76452648e-02,4.19755737e-01,6.30527241e-02,4.08379279e-04,-3.30251316e-04,6.28893299e-05,2.16904261e-04,3.01304311e-05
1.199473,6.08317294e+01,3.60873851e-02,4.09998697e-01,5.64132210e-02,4.13388780e-04,-3.63366759e-04,-1.07060687e-06,2.17091746e-04,2.89883731e-05
1.201114,6.08755861e+01,4.48938213e-02,3.97468804e-01,5.31985781e-02,4.11973876e-04,-4.21457470e-04,-1.42515147e-05,2.17302340e-04,2.77659200e-05
1.202755,6.09184154e+01,5.06233657e-02,3.80347236e-01,5.08263438e-02,3.76152973e-04,-5.32455176e-04,-4.61913829e-05,2.17468609e-04,2.65447302e-05
1.204396,6.09592041e+01,4.75218959e-02,3.84632151e-01,5.83525766e-02,2.82922159e-04,-4.06762092e-04,3.65307255e-05,2.17693979e-04,2.54863460e-05
1.206037,6.09969444e+01,4.68958694e-02,3.71191814e-01,5.58686045e-02,2.11620298e-04,-4.59545264e-04,3.15480521e-06,2.17848209e-04,2.42815707e-05
1.207677,6.10307116e+01,7.70997416e-02,3.72404889e-01,3.83580970e-02,4.48445322e-04,-3.67580265e-04,-1.53663500e-04,2.18044057e-04,2.31487720e-05
1.209318,6.10596751e+01,7.82539582e-02,3.68615243e-01,4.89957202e-02,3.76075091e-04,-3.35357352e-04,-4.15021048e-05,2.18157825e-04,2.18374809e-05
1.210959,6.10830331e+01,9.14531930e-02,3.36486651e-01,4.72841324e-02,4.24228401e-04,-5.58126612e-04,-7.34240384e-05,2.18255410e-04,2.07576313e-05
1.212600,6.11000131e+01,8.54454490e-02,3.45987794e-01,4.47630991e-02,2.79860454e-04,-3.75517859e-04,-1.00146483e-04,2.18350032e-04,1.95638750e-05
1.214241,6.11098172e+01,1.04971550e-01,3.45483327e-01,5.07783529e-02,4.08031778e-04,-3.01969784e-04,-1.07033808e-05,2.18405404e-04,1.82975871e-05
1.215882,6.11117399e+01,1.15764095e-01,3.21093476e-01,6.88120516e-02,4.54300386e-04,-4.69843488e-04,1.57672382e-04,2.18528167e-04,1.74032498e-05
1.217523,6.11051044e+01,9.62926332e-02,3.03461248e-01,5.20996069e-02,2.01734990e-04,-5.40181987e-04,-3.29075663e-06,2.18476936e-04,1.62412286e-05
1.219164,6.10892578e+01,1.27647327e-01,3.01167451e-01,5.69302307e-02,4.37425202e-04,-4.73622980e-04,3.57208906e-05,2.18444084e-04,1.50217060e-05
1.220804,6.10636580e+01,1.12376959e-01,3.01140694e-01,5.64174560e-02,2.19163921e-04,-3.80431665e-04,1.90197253e-05,2.18349151e-04,1.40401261e-05
1.222445,6.10276951e+01,1.12712682e-01,2.89904740e-01,5.31688870e-02,1.72814309e-04,-4.26263786e-04,5.42256069e-06,2.18240239e-04,1.28844095e-05
1.224086,6.09808286e+01,1.32272020e-01,2.92510742e-01,4.76119728e-02,3.13318890e-04,-3.19419602e-04,-8.15385041e-05,2.18091256e-04,1.19270169e-05
1.225727,6.09225996e+01,1.52386409e-01,2.81629843e-01,5.46361120e-02,4.36767550e-04,-3.59570861e-04,2.46118288e-06,2.17887802e-04,1.09113015e-05
1.227368,6.08525745e+01,1.57201884e-01,2.62929275e-01,5.28070304e-02,4.06570388e-04,-4.65580564e-04,-1.50058509e-05,2.17605540e-04,9.95684500e-06
1.229009,6.07703520e+01,1.50628389e-01,2.54490645e-01,4.37351654e-02,2.55222081e-04,-4.39683203e-04,-1.12390200e-04,2.17236789e-04,9.04566490e-06
1.230650,6.06755300e+01,1.54997582e-01,2.53154792e-01,4.54890254e-02,2.64012179e-04,-3.64282943e-04,-9.51873602e-05,2.17033667e-04,8.40217222e-06
1.232290,6.05677131e+01,1.51454794e-01,2.31480100e-01,5.25141454e-02,1.55001218e-04,-4.86883026e-04,-2.25869427e-06,2.16539817e-04,7.48331737e-06
1.233931,6.04466122e+01,1.66970165e-01,2.37625884e-01,5.21841787e-02,2.48061359e-04,-3.46448694e-04,-7.99659913e-06,2.16130217e-04,6.89569992e-06
1.235572,6.03119168e+01,1.64493928e-01,2.34764634e-01,5.02101331e-02,1.87129195e-04,-3.21682804e-04,-4.57566210e-07,2.15706585e-04,6.42043223e-06
1.237213,6.01633231e+01,1.80874526e-01,2.09409010e-01,4.77017920e-02,3.07852167e-04,-4.88247835e-04,-1.48311007e-05,2.15058528e-04,6.01681014e-06
1.238854,6.00006589e+01,1.84062388e-01,2.05278355e-01,5.26742715e-02,2.89687278e-04,-4.63829930e-04,2.11088285e-05,2.14536872e-04,6.02033113e-06
1.240495,5.98237406e+01,1.86602823e-01,1.96434641e-01,4.22599646e-02,2.72441482e-04,-4.51813377e-04,-7.76698543e-05,2.13913976e-04,5.90903212e-06
1.242136,5.96323967e+01,1.94726912e-01,1.95754285e-01,4.02865366e-02,2.98660216e-04,-3.77593611e-04,-7.75787214e-05,2.13080201e-04,5.92842114e-06
1.243777,5.94265267e+01,2.11377329e-01,1.84278272e-01,5.84472214e-02,4.06394482e-04,-4.07330990e-04,8.59336351e-05,2.12355572e-04,6.32118077e-06
1.245417,5.92060575e+01,2.07653585e-01,1.76159085e-01,4.04937770e-02,2.92741304e-04,-4.04908940e-04,-7.79477599e-05,2.11472824e-04,6.60626883e-06
1.247058,5.89709382e+01,2.04208744e-01,1.74971877e-01,5.38703245e-02,2.02229156e-04,-3.35148156e-04,7.88428049e-05,2.10622611e-04,7.08059189e-06
1.248699,5.87211184e+01,2.15217412e-01,1.63934983e-01,3.97276373e-02,2.46142939e-04,-3.69369527e-04,-7.45206556e-05,2.09621232e-04,7.73633552e-06
1.250340,5.84566249e+01,2.03653325e-01,1.70816820e-01,4.28666790e-02,7.65865209e-05,-2.30216263e-04,-3.22067989e-05,2.08617247e-04,8.36801173e-06
1.251981,5.81774717e+01,2.15912431e-01,1.69315744e-01,5.87215194e-02,1.76552026e-04,-1.93808831e-04,1.22605737e-04,2.07707151e-04,9.09655295e-06
1.253622,5.78837165e+01,2.19874330e-01,1.30408429e-01,4.60813994e-02,1.68266464e-04,-4.92003581e-04,1.51522980e-06,2.06541220e-04,9.60847587e-06
1.255263,5.75755405e+01,2.35719214e-01,1.30778032e-01,4.38968412e-02,2.74040311e-04,-4.03812131e-04,-3.76828304e-05,2.05429713e-04,1.04524746e-05
1.256903,5.72530946e+01,2.29605620e-01,1.40704104e-01,4.90747501e-02,1.70017609e-04,-2.38704921e-04,1.60666067e-05,2.04235342e-04,1.12197672e-05
1.258544,5.69165563e+01,2.42409953e-01,1.16853136e-01,4.82360587e-02,2.36439611e-04,-3.90040773e-04,7.48260448e-06,2.02956190e-04,1.18779214e-05
1.260185,5.65661858e+01,2.46931068e-01,9.68269806e-02,4.95429123e-02,2.45620348e-04,-5.14222307e-04,2.14352353e-05,2.01750142e-04,1.26604314e-05
1.261826,5.62022547e+01,2.51022854e-01,1.12527795e-01,3.61953320e-02,2.31856540e-04,-2.92451657e-04,-9.53907386e-05,2.00421895e-04,1.35383846e-05
1.263467,5.58250469e+01,2.46436218e-01,9.87815456e-02,4.75159623e-02,1.54200862e-04,-3.81978573e-04,2.45822870e-05,1.99075923e-04,1.43748557e-05
1.265108,5.54349138e+01,2.71965765e-01,8.00566170e-02,3.71347179e-02,3.59253600e-04,-4.86633467e-04,-6.39222617e-05,1.97621668e-04,1.50128653e-05
1.266749,5.50323188e+01,2.53571087e-01,9.02216188e-02,3.87763983e-02,1.33935828e-04,-3.17321539e-04,-3.49104248e-05,1.96148507e-04,1.58648884e-05
1.268390,5.46176898e+01,2.71598337e-01,8.65330742e-02,3.57021708e-02,2.72454672e-04,-2.76656621e-04,-5.97839775e-05,1.94660125e-04,1.66018149e-05
1.270030,5.41915354e+01,2.57883395e-01,7.46759009e-02,3.45841555e-02,8.11632960e-05,-3.34285896e-04,-7.12606034e-05,1.93122948e-04,1.74757950e-05
1.271671,5.37543896e+01,2.89538560e-01,6.20468426e-02,3.96856198e-02,3.48138397e-04,-3.83874660e-04,-1.67103926e-05,1.91556040e-04,1.82924090e-05
1.273312,5.33068913e+01,2.86260560e-01,5.92223926e-02,3.88541609e-02,2.48459382e-04,-3.38843687e-04,-1.20053182e-05,1.89971852e-04,1.91233456e-05
1.274953,5.28496657e+01,2.88309891e-01,5.03347483e-02,3.48778284e-02,2.31959859e-04,-3.69040916e-04,-7.03790537e-05,1.88425739e-04,2.00497519e-05
1.276594,5.23833738e+01,2.89731490e-01,5.53927225e-02,4.30163696e-02,1.95669695e-04,-2.50775432e-04,2.47856574e-06,1.86712767e-04,2.07971905e-05
1.278235,5.19087723e+01,3.06296757e-01,4.19402436e-02,4.52730356e-02,3.18275444e-04,-3.21711584e-04,3.54801009e-05,1.85096689e-04,2.16309070e-05
1.279876,5.14266628e+01,3.14603410e-01,5.36056154e-02,3.28144892e-02,3.29616792e-04,-1.69992560e-04,-7.74306625e-05,1.83446792e-04,2.26763761e-05
1.281516,5.09378697e+01,2.88600013e-01,4.72488164e-02,2.77507701e-02,3.38656527e-05,-1.69293969e-04,-1.11732733e-04,1.81744601e-04,2.33788798e-05
1.283157,5.04432685e+01,3.06890374e-01,3.74216726e-02,3.94094688e-02,1.87188253e-04,-2.28324066e-04,3.02599303e-06,1.80116093e-04,2.44044466e-05
1.284798,4.99438137e+01,3.22633385e-01,2.50975978e-02,3.98479873e-02,2.99833540e-04,-2.67556010e-04,8.04422475e-06,1.78367615e-04,2.51508156e-05
1.286439,4.94405445e+01,3.07446489e-01,3.80284621e-02,3.96513454e-02,1.21615698e-04,-1.23362483e-04,-8.83659149e-06,1.76774572e-04,2.63211142e-05
1.288080,4.89343930e+01,3.24529235e-01,2.47955267e-02,2.13244841e-02,2.43131964e-04,-2.07975509e-04,-1.90207807e-04,1.75036380e-04,2.73340074e-05
1.289721,4.84265117e+01,3.20721000e-01,3.54808281e-02,3.88960519e-02,1.71137873e-04,-7.62793414e-05,-2.55434225e-06,1.73375141e-04,2.82261080e-05
1.291362,4.79180042e+01,3.26850016e-01,1.07119458e-02,3.24010053e-02,1.95257235e-04,-2.70796375e-04,-5.94801981e-05,1.71711719e-04,2.91793921e-05
1.293002,4.74101204e+01,3.28766082e-01,-2.24634624e-03,4.05820321e-02,1.78882958e-04,-3.36601796e-04,2.08566230e-05,1.70027433e-04,3.01068210e-05
1.294643,4.69041509e+01,3.38144438e-01,8.08914399e-03,3.31131889e-02,2.30778394e-04,-1.73656337e-04,-4.60284400e-05,1.68414916e-04,3.12324054e-05
1.296284,4.64013032e+01,3.38156432e-01,2.99864474e-03,3.42211741e-02,1.98899589e-04,-1.72009760e-04,-3.31593224e-05,1.66765885e-04,3.21881889e-05
1.297925,4.59028712e+01,3.32997708e-01,-8.79575542e-03,3.03646208e-02,8.68818490e-05,-2.45115084e-04,-7.90126764e-05,1.65166588e-04,3.33552296e-05
1.299566,4.54101951e+01,3.41656385e-01,-8.70567002e-03,3.63488056e-02,1.42725541e-04,-1.90203033e-04,-1.73951842e-05,1.63607735e-04,3.44268913e-05
1.301207,4.49245789e+01,3.31007515e-01,-4.65230760e-03,3.88296078e-02,2.22197289e-05,-1.40891988e-04,2.04701272e-05,1.62185098e-04,3.58365417e-05
1.302848,4.44472782e+01,3.33077314e-01,8.61753440e-03,3.12086303e-02,2.45746247e-05,1.99222893e-05,-4.85947801e-05,1.60661912e-04,3.68447576e-05
1.304489,4.39796682e+01,3.28811163e-01,-7.89601855e-03,3.15269024e-02,-4.08804329e-05,-1.21725683e-04,-3.82084107e-05,1.59211114e-04,3.80165467e-05
1.306129,4.35231634e+01,3.35552664e-01,-9.20476099e-03,3.16288352e-02,1.11346079e-05,-1.09424084e-04,-3.44082393e-05,1.57849353e-04,3.93740798e-05
1.307770,4.30791076e+01,3.52383017e-01,-7.79666378e-03,4.04700696e-02,1.55889064e-04,-7.69824524e-05,4.19046710e-05,1.56500687e-04,4.07553484e-05
1.309411,4.26488233e+01,3.55884977e-01,-8.25242206e-03,3.18101274e-02,1.68857589e-04,-7.74956464e-05,-3.49916659e-05,1.55238660e-04,4.21472254e-05
1.311052,4.22336168e+01,3.50978793e-01,3.03219646e-03,3.06436107e-02,9.80861712e-05,5.12958644e-05,-4.87309226e-05,1.53967546e-04,4.33866219e-05
1.312693,4.18347928e+01,3.48016587e-01,-2.50150958e-02,3.10639055e-02,5.17264987e-05,-1.92824454e-04,-3.53562860e-05,1.52783744e-04,4.48000512e-05
1.314334,4.14536511e+01,3.41717868e-01,-1.92786064e-02,2.15210382e-02,-2.93020405e-05,-1.28916881e-04,-1.20446181e-04,1.51710470e-04,4.65847767e-05
1.315975,4.10912798e+01,3.51321843e-01,-1.09615068e-02,2.91276324e-02,4.73471450e-05,-1.24186760e-05,-4.57148058e-05,1.50579401e-04,4.77615011e-05
1.317615,4.07487994e+01,3.61396346e-01,-1.40986175e-02,2.95500151e-02,1.33404568e-04,-3.67571041e-05,-3.50292250e-05,1.49622714e-04,4.95081820e-05
1.319256,4.04271500e+01,3.48144089e-01,-9.22299632e-03,3.42132879e-02,-4.89847006e-06,1.30841924e-05,1.30978253e-05,1.48728184e-04,5.13085864e-05
1.320897,4.01271472e+01,3.47196025e-01,-3.14128139e-02,2.05560983e-02,-1.20696549e-05,-1.93504233e-04,-1.16358905e-04,1.47864033e-04,5.28963503e-05
1.322538,3.98497041e+01,3.49859768e-01,-2.41832232e-02,2.98264438e-02,-2.68899562e-07,-9.41249599e-05,-7.23769684e-06,1.47052748e-04,5.45871500e-05
1.324179,3.95954596e+01,3.57418674e-01,-3.22345907e-02,2.52394875e-02,6.22997567e-05,-1.69566647e-04,-4.24466641e-05,1.46368643e-04,5.65099522e-05
1.325820,3.93648757e+01,3.55328579e-01,-2.78325516e-02,2.38362854e-02,3.27634220e-05,-1.12504715e-04,-4.01692661e-05,1.45699942e-04,5.81755565e-05
1.327461,3.91583261e+01,3.52250893e-01,-3.53776175e-02,3.08381910e-02,-5.18793914e-06,-1.54168388e-04,2.28746061e-05,1.45054821e-04,5.95828223e-05
1.329102,3.89761114e+01,3.50432597e-01,-4.60366444e-02,1.79004947e-02,-1.60378089e-05,-2.49833414e-04,-1.02449205e-04,1.44623314e-04,6.18411953e-05
1.330742,3.88181871e+01,3.35645846e-01,-3.59177057e-02,3.16846753e-02,-1.44521079e-04,-1.40389522e-04,3.90470893e-05,1.44171865e-04,6.35309887e-05
1.332383,3.86844094e+01,3.43542179e-01,-2.97861752e-02,2.14913486e-02,-5.19979661e-05,-4.61527901e-05,-4.83563726e-05,1.43715901e-04,6.47133757e-05
1.334024,3.85745643e+01,3.38669075e-01,-4.88394984e-02,2.44212782e-02,-9.97941437e-05,-2.28419158e-04,-1.09976720e-05,1.43468882e-04,6.67905401e-05
1.335665,3.84881719e+01,3.33253893e-01,-3.70106598e-02,1.55545987e-02,-1.44620436e-04,-9.07081923e-05,-8.94674833e-05,1.43195965e-04,6.81722667e-05
1.337306,3.84245877e+01,3.37724023e-01,-2.98471900e-02,2.01552391e-02,-8.31243540e-05,-1.73764751e-05,-4.53093014e-05,1.43025858e-04,6.97217822e-05
1.338947,3.83829491e+01,3.28057452e-01,-3.09054757e-02,1.54348180e-02,-1.62134810e-04,-3.26366795e-05,-8.18822193e-05,1.42934463e-04,7.12696745e-05
1.340588,3.83622816e+01,3.25281637e-01,-3.47491916e-02,2.08807762e-02,-1.67350645e-04,-6.46298966e-05,-1.44096909e-05,1.42847026e-04,7.22781438e-05
1.342228,3.83615538e+01,3.19229458e-01,-3.88153834e-02,2.14526786e-02,-2.00886281e-04,-1.01040900e-04,-1.22510655e-05,1.42847436e-04,7.34211231e-05
1.343869,3.83795682e+01,3.15558699e-01,-5.11112006e-02,2.18272404e-02,-2.09959135e-04,-1.95823556e-04,-1.09544474e-05,1.42857399e-04,7.40765178e-05
1.345510,3.84151051e+01,3.11480530e-01,-4.03977600e-02,1.55975076e-02,-2.22034929e-04,-7.46416513e-05,-7.46845711e-05,1.42968652e-04,7.49567380e-05
1.347151,3.84666733e+01,3.00275698e-01,-5.06668008e-02,1.76133960e-02,-2.87655429e-04,-1.34560998e-04,-3.69211187e-05,1.43059777e-04,7.52060890e-05
1.348792,3.85328096e+01,2.95746946e-01,-3.90173957e-02,2.95608839e-02,-2.85838323e-04,-3.05907348e-06,9.38567334e-05,1.43257593e-04,7.57119922e-05
1.350433,3.86117035e+01,2.88112959e-01,-3.74559172e-02,9.59226866e-03,-3.17857183e-04,1.57902667e-05,-1.02601987e-04,1.43497216e-04,7.59461768e-05
1.352074,3.87015064e+01,2.80479842e-01,-4.74293545e-02,1.08994335e-02,-3.35400500e-04,-9.26761638e-05,-8.09920015e-05,1.43750521e-04,7.58574205e-05
1.353715,3.88005073e+01,2.82911773e-01,-5.89509427e-02,3.58097094e-03,-2.74899898e-04,-1.79410806e-04,-1.37082493e-04,1.44031176e-04,7.54069520e-05
1.355355,3.89069665e+01,2.73130457e-01,-5.17681447e-02,7.79739607e-03,-3.24106023e-04,-9.08108164e-05,-7.61854518e-05,1.44300962e-04,7.45895734e-05
1.356996,3.90189384e+01,2.66865439e-01,-5.48918256e-02,7.20894801e-03,-3.23366842e-04,-1.05725261e-04,-5.50719616e-05,1.44584997e-04,7.35065654e-05
1.358637,3.91345326e+01,2.57930478e-01,-5.52762050e-02,1.91408130e-03,-3.64703017e-04,-9.58813629e-05,-9.95193577e-05,1.44930466e-04,7.23219685e-05
1.360278,3.92517717e+01,2.49901754e-01,-4.93206374e-02,6.57738447e-03,-3.78265942e-04,-2.87095217e-05,-3.85231324e-05,1.45213549e-04,7.06033380e-05
1.361919,3.93687062e+01,2.39788411e-01,-4.42771305e-02,9.13320442e-03,-4.04106455e-04,1.04876138e-05,-1.83609327e-05,1.45591969e-04,6.91455328e-05
1.363560,3.94833222e+01,2.33349791e-01,-5.68753297e-02,9.99529125e-04,-4.14908028e-04,-1.07211047e-04,-9.58458462e-05,1.45897786e-04,6.68244899e-05
1.365201,3.95938823e+01,2.10857394e-01,-6.66786695e-02,1.03365895e-02,-5.42133647e-04,-1.71270991e-04,4.61547788e-06,1.46205440e-04,6.46761513e-05
1.366841,3.96985689e+01,2.03297014e-01,-6.41904962e-02,2.39933895e-03,-5.16253311e-04,-1.14691743e-04,-5.58820105e-05,1.46466036e-04,6.19829517e-05
1.368482,3.97954728e+01,1.91892894e-01,-5.50506745e-02,-4.45719865e-03,-5.39202728e-04,-1.50813652e-05,-1.17851311e-04,1.46766708e-04,5.93256271e-05
1.370123,3.98826338e+01,1.78052631e-01,-8.31776245e-02,1.19363472e-02,-5.91153244e-04,-2.71992011e-04,6.83073789e-05,1.46984695e-04,5.60761504e-05
1.371764,3.99583944e+01,1.74530832e-01,-8.03685684e-02,-1.50887321e-02,-5.24654081e-04,-2.16579730e-04,-1.93010031e-04,1.47219502e-04,5.31273844e-05
1.373405,4.00209996e+01,1.65756393e-01,-6.63916280e-02,3.16983293e-04,-5.08825719e-04,-4.35054863e-05,-2.24644900e-05,1.47354339e-04,4.95663844e-05
1.375046,4.00686850e+01,1.57437545e-01,-5.98834350e-02,4.73257679e-03,-5.04104785e-04,2.00122590e-05,2.55932054e-05,1.47548885e-04,4.63570562e-05
1.376687,4.00996583e+01,1.45233931e-01,-8.35542635e-02,5.72855894e-03,-5.43436015e-04,-2.01061779e-04,3.46516060e-05,1.47639235e-04,4.26257458e-05
1.378328,4.01124240e+01,1.30550017e-01,-7.90663706e-02,-1.03251496e-02,-5.80426829e-04,-1.04911876e-04,-1.20949184e-04,1.47617011e-04,3.86322214e-05
1.379968,4.01054823e+01,1.16648232e-01,-8.67404852e-02,-6.13534245e-03,-5.95910311e-04,-1.35242227e-04,-7.40194708e-05,1.47576666e-04,3.49319633e-05
1.381609,4.00773020e+01,1.08611177e-01,-7.87849415e-02,-1.00421351e-02,-5.66730905e-04,-2.40081807e-05,-9.69932851e-05,1.47508713e-04,3.12946779e-05
1.383250,4.00263794e+01,9.86553218e-02,-8.42949070e-02,-1.53034236e-02,-5.53587063e-04,-3.58163010e-05,-1.34367472e-04,1.47352482e-04,2.75484169e-05
1.384891,3.99513031e+01,9.85897236e-02,-8.74894760e-02,-7.45823009e-03,-4.52181942e-04,-5.74287845e-05,-4.25548562e-05,1.47212748e-04,2.43118848e-05
1.386532,3.98506698e+01,9.16132801e-02,-7.95115814e-02,-6.36559136e-03,-4.15591047e-04,4.87915024e-05,-1.19970963e-05,1.46904222e-04,2.07446392e-05
1.388173,3.97232001e+01,6.81543612e-02,-9.83818148e-02,-7.18453621e-03,-5.55740426e-04,-1.09193841e-04,-7.26681751e-06,1.46571431e-04,1.74590717e-05
1.389814,3.95676868e+01,5.60290239e-02,-1.04168956e-01,-1.09786501e-02,-5.64384539e-04,-1.42650677e-04,-4.13200505e-05,1.46130170e-04,1.46125230e-05
1.391454,3.93829777e+01,4.54105630e-02,-1.11653508e-01,-1.65770105e-02,-5.44019173e-04,-1.82188796e-04,-8.48990559e-05,1.45615226e-04,1.19434720e-05
1.393095,3.91680034e+01,2.22856137e-02,-1.18150109e-01,-2.62694167e-02,-6.52906743e-04,-2.34128536e-04,-1.70872195e-04,1.45042337e-04,9.65794245e-06
1.394736,3.89217846e+01,2.67720479e-02,-1.16138496e-01,-1.91088966e-02,-4.86961789e-04,-1.85758572e-04,-7.97290208e-05,1.44352219e-04,7.36329722e-06
1.396377,3.86434886e+01,1.28310696e-02,-1.20856010e-01,-1.81422161e-02,-5.32914461e-04,-2.05998197e-04,-6.45437786e-05,1.43587504e-04,5.43539235e-06
1.398018,3.83324270e+01,4.37239679e-03,-1.37810747e-01,-1.60890039e-02,-5.11663905e-04,-3.33811384e-04,-4.02843536e-05,1.42758950e-04,3.99146267e-06
1.399659,3.79880904e+01,-1.74341640e-02,-1.48903133e-01,-2.28305792e-02,-6.07861246e-04,-3.90228170e-04,-8.70809684e-05,1.41850636e-04,2.93679599e-06
1.401300,3.76101660e+01,-1.30194500e-02,-1.40046826e-01,-1.96273855e-02,-4.43786802e-04,-2.50286170e-04,-5.31032772e-05,1.40835089e-04,2.41230841e-06
1.402941,3.71985475e+01,-2.40915902e-02,-1.55894343e-01,-2.71576293e-02,-4.47907303e-04,-3.71881459e-04,-1.13272314e-04,1.39744189e-04,2.67323766e-06
1.404581,3.67534129e+01,-4.58640781e-02,-1.73043254e-01,-1.46930401e-02,-5.56001389e-04,-4.68280144e-04,2.19153014e-05,1.38554450e-04,3.47577651e-06
1.406222,3.62752479e+01,-4.61782216e-02,-1.78985086e-01,-2.44109300e-02,-4.46949298e-04,-4.50688325e-04,-7.15017517e-05,1.37306699e-04,4.45411885e-06
1.407863,3.57648244e+01,-3.34556435e-02,-1.70351953e-01,-2.68555083e-02,-2.30980241e-04,-2.94910476e-04,-7.84709077e-05,1.36004633e-04,5.62005196e-06
1.409504,3.52232085e+01,-4.95190770e-02,-1.91034043e-01,-1.80301402e-02,-2.91764095e-04,-4.02803474e-04,1.24880347e-05,1.34579835e-04,6.83252340e-06
1.411145,3.46518604e+01,-6.03003598e-02,-2.02772980e-01,-2.53794429e-02,-3.09353660e-04,-4.20408867e-04,-5.07206313e-05,1.33160886e-04,8.15679844e-06
1.412786,3.40525096e+01,-5.76216489e-02,-2.15243306e-01,-2.07387816e-02,-2.31901590e-04,-4.73720010e-04,1.22310742e-05,1.31733871e-04,9.53415785e-06
1.414427,3.34272227e+01,-5.75412253e-02,-2.29655769e-01,-2.17463717e-02,-1.68324891e-04,-5.07930185e-04,4.25383513e-06,1.30178489e-04,1.10063405e-05
1.416067,3.27784561e+01,-4.57280060e-02,-2.16573153e-01,-1.99287711e-02,-2.36876402e-05,-2.98628480e-04,2.70157201e-05,1.28669597e-04,1.25914914e-05
1.417708,3.21089182e+01,-6.32324550e-02,-2.38580830e-01,-3.18063237e-02,-1.32467812e-04,-4.16666291e-04,-7.33507942e-05,1.27053185e-04,1.41585137e-05
1.419349,3.14217680e+01,-6.35270911e-02,-2.55020691e-01,-2.72892939e-02,-1.15608902e-04,-4.90238643e-04,-1.94399529e-05,1.25516055e-04,1.59235973e-05
1.420990,3.07203538e+01,-7.46784301e-02,-2.76195386e-01,-2.54299382e-02,-1.92748830e-04,-5.85364537e-04,-3.11401794e-07,1.23902658e-04,1.77830024e-05
1.422631,3.00084782e+01,-5.24251571e-02,-2.67971163e-01,-3.14447110e-02,4.76812979e-05,-3.98904188e-04,-4.54853306e-05,1.22323358e-04,1.97079840e-05
1.424272,2.92900472e+01,-5.97554057e-02,-2.84940974e-01,-3.71948202e-02,-6.48915066e-06,-4.62762831e-04,-9.07970436e-05,1.20742278e-04,2.17079345e-05
1.425913,2.85693967e+01,-4.82226014e-02,-2.93593309e-01,-3.04911976e-02,1.21017303e-04,-4.24403850e-04,-1.90843564e-05,1.19188277e-04,2.38121437e-05
1.427554,2.78509871e+01,-4.42829865e-02,-2.87846583e-01,-2.75682267e-02,1.29060533e-04,-2.90449639e-04,1.14550296e-05,1.17787419e-04,2.63694290e-05
1.429194,2.71392918e+01,-4.36142887e-02,-3.10078662e-01,-2.66515250e-02,1.33475680e-04,-4.19356776e-04,2.54767194e-05,1.16288470e-04,2.85661883e-05
1.430835,2.64393038e+01,-3.21660562e-02,-3.12675507e-01,-3.08954263e-02,2.33728885e-04,-3.44899250e-04,-1.71557067e-05,1.14873393e-04,3.10134910e-05
1.432476,2.57558918e+01,-3.65810303e-02,-3.23901859e-01,-3.29443725e-02,1.52633467e-04,-3.78159845e-04,-4.33472130e-05,1.13578218e-04,3.38645260e-05
1.434117,2.50939193e+01,-4.62114042e-02,-3.32567766e-01,-3.39962256e-02,8.14772734e-06,-3.83919464e-04,-4.48541437e-05,1.12354273e-04,3.70285268e-05
1.435758,2.44583430e+01,-2.01116160e-02,-3.21809010e-01,-2.82545036e-02,2.34518055e-04,-2.05399127e-04,1.32830612e-05,1.11164923e-04,3.98705931e-05
1.437399,2.38538173e+01,-6.21158391e-03,-3.15992281e-01,-2.39908446e-02,3.25536206e-04,-9.09752966e-05,5.19828341e-05,1.10066504e-04,4.29124644e-05
1.439040,2.32845871e+01,-3.59388968e-03,-3.24774868e-01,-2.57783218e-02,2.85716684e-04,-1.49791606e-04,3.23038736e-05,1.09071735e-04,4.61215826e-05
1.440680,2.27547480e+01,-7.47778843e-03,-3.35675327e-01,-2.89788414e-02,2.10320308e-04,-1.84791075e-04,1.22819268e-06,1.08116042e-04,4.89717985e-05
1.442321,2.22682132e+01,-1.31478423e-03,-3.29985923e-01,-3.05686304e-02,2.27551152e-04,-8.35669677e-05,-1.04177349e-05,1.07320764e-04,5.25075238e-05
1.443962,2.18277372e+01,4.48801883e-03,-3.24910865e-01,-3.07155780e-02,2.07251826e-04,-9.93609451e-06,-8.68477812e-06,1.06631477e-04,5.61995906e-05
1.445603,2.14352997e+01,-2.10183832e-03,-3.32703254e-01,-2.75493929e-02,9.92708787e-05,-6.19463017e-05,1.72897331e-05,1.05958983e-04,5.84773810e-05
1.447244,2.10926526e+01,1.74973637e-02,-3.20421627e-01,-2.55103723e-02,2.53382317e-04,8.07070201e-05,3.11612934e-05,1.05403011e-04,6.09346734e-05
1.448885,2.08002961e+01,1.16825072e-02,-3.24374003e-01,-2.60562426e-02,1.29868485e-04,4.44877537e-05,2.56488107e-05,1.04981953e-04,6.37079921e-05
1.450526,2.05578358e+01,2.65675499e-03,-3.23014728e-01,-2.69939244e-02,4.92496590e-06,5.30086970e-05,1.28758767e-05,1.04588922e-04,6.49057548e-05
1.452167,2.03644840e+01,8.34191635e-03,-3.23964022e-01,-2.85986140e-02,5.15882472e-05,4.76537941e-05,1.07410568e-06,1.04279749e-04,6.56846696e-05
1.453807,2.02185068e+01,1.03088241e-02,-3.09063743e-01,-1.98909896e-02,5.51492245e-05,1.88354545e-04,7.83573439e-05,1.04060006e-04,6.59907816e-05
1.455448,2.01172353e+01,9.31134644e-03,-3.06259596e-01,-2.70681484e-02,2.49291861e-05,2.01482748e-04,8.54976158e-06,1.03911930e-04,6.54933354e-05
1.457089,2.00575506e+01,5.03179623e-03,-3.05122573e-01,-2.05919832e-02,-2.25288987e-05,1.84790425e-04,6.78031320e-05,1.03820062e-04,6.41012713e-05
1.458730,2.00359828e+01,1.11386711e-03,-2.89625467e-01,-2.76699603e-02,-6.97989776e-05,2.94711235e-04,-6.90769003e-06,1.03803562e-04,6.23014396e-05
1.460371,2.00487292e+01,1.29126863e-02,-2.89467474e-01,-2.43869459e-02,5.14316884e-05,2.51781055e-04,2.07927315e-05,1.03820853e-04,5.94298539e-05
1.462012,2.00917227e+01,3.71059908e-03,-2.76013414e-01,-1.80900491e-02,-6.60237337e-05,3.31766068e-04,7.56969563e-05,1.03918215e-04,5.64109434e-05
1.463653,2.01608748e+01,3.91106062e-03,-2.65078787e-01,-2.43050001e-02,-6.49089280e-05,3.81146714e-04,6.64894156e-06,1.04011936e-04,5.20842492e-05
1.465293,2.02524316e+01,-8.79843014e-03,-2.65435396e-01,-2.55177970e-02,-1.63217082e-04,3.12022489e-04,-4.00015301e-06,1.04133650e-04,4.73850463e-05
1.466934,2.03628007e+01,-1.83519550e-02,-2.51877550e-01,-2.19425472e-02,-2.28473128e-04,3.86823343e-04,2.83090583e-05,1.04303418e-04,4.26120819e-05
1.468575,2.04885042e+01,-2.51204266e-02,-2.42745538e-01,-2.08181441e-02,-2.40708747e-04,4.00964385e-04,3.49816640e-05,1.04477192e-04,3.75038803e-05
1.470216,2.06262648e+01,1.90826003e-03,-2.47808411e-01,-2.17163821e-02,3.87671431e-05,2.84143550e-04,1.56559806e-05,1.04704430e-04,3.26491315e-05
1.471857,2.07728453e+01,-1.11023386e-02,-2.27487746e-01,-2.12022980e-02,-7.81730591e-05,4.11997406e-04,1.51267651e-05,1.04937723e-04,2.77543911e-05
1.473498,2.09255361e+01,-5.89751289e-03,-2.27766465e-01,-2.22056656e-02,-1.82176797e-05,3.37622837e-04,4.47266939e-06,1.05195657e-04,2.30696934e-05
1.475139,2.10818428e+01,-1.62518910e-02,-2.12082367e-01,-2.09475009e-02,-1.07058198e-04,4.22876053e-04,1.47026622e-05,1.05448657e-04,1.84445286e-05
1.476779,2.12395832e+01,-1.75888312e-02,-2.09884399e-01,-1.88946174e-02,-1.00281550e-04,3.68417655e-04,3.09611808e-05,1.05694149e-04,1.41363843e-05
1.478420,2.13968167e+01,-2.08587590e-02,-2.02050793e-01,-2.06863950e-02,-8.56031899e-05,3.63314603e-04,5.15319752e-06,1.05920609e-04,1.00516246e-05
1.480061,2.15517933e+01,-2.11687283e-02,-1.98061903e-01,-1.96683767e-02,-7.44804004e-05,3.28388112e-04,7.33113044e-06,1.06207002e-04,6.87194240e-06
1.481702,2.17028363e+01,-3.92178656e-02,-1.91733486e-01,-2.28287561e-02,-2.33440316e-04,3.27352302e-04,-2.15749151e-05,1.06435305e-04,3.95750906e-06
1.483343,2.18485436e+01,-3.56439000e-02,-1.80701689e-01,-1.61647667e-02,-1.71919926e-04,3.63863654e-04,2.90347155e-05,1.06677680e-04,2.38987762e-06
1.484984,2.19876215e+01,-4.15448713e-02,-1.65125581e-01,-1.41730478e-02,-1.89628712e-04,4.42727064e-04,4.73998840e-05,1.06897624e-04,3.17385513e-06
1.486625,2.21189213e+01,-5.85873165e-02,-1.67324385e-01,-1.99580161e-02,-3.15577040e-04,3.39598836e-04,-1.54653399e-05,1.07124797e-04,4.78384069e-06
1.488266,2.22414251e+01,-3.43467960e-02,-1.69872876e-01,-6.48837107e-03,-4.62797260e-05,2.48868063e-04,1.14383748e-04,1.07335581e-04,6.42434929e-06
1.489906,2.23542356e+01,-4.57774273e-02,-1.57725007e-01,-1.82977946e-02,-1.26435506e-04,2.98882499e-04,-6.52296171e-06,1.07516315e-04,7.96788836e-06
1.491547,2.24566487e+01,-4.75893660e-02,-1.62109342e-01,-1.89718509e-02,-1.15318969e-04,1.91905406e-04,-5.74952811e-06,1.07679874e-04,9.41430980e-06
1.493188,2.25481241e+01,-6.29914855e-02,-1.50434370e-01,-5.06213889e-03,-2.28549790e-04,2.50022615e-04,1.26989968e-04,1.07829554e-04,1.07872510e-05
1.494829,2.26283245e+01,-7.51980913e-02,-1.33810850e-01,-1.77877432e-02,-3.00471450e-04,3.56068320e-04,-8.70212087e-06,1.07990259e-04,1.21796655e-05
1.496470,2.26970865e+01,-8.79988562e-02,-1.27641700e-01,-1.25068335e-02,-3.72847928e-04,3.51289034e-04,4.01011346e-05,1.08075037e-04,1.34318759e-05
1.498111,2.27544403e+01,-8.71670763e-02,-1.28170926e-01,-1.13045906e-02,-3.17206509e-04,2.96654641e-04,4.27945317e-05,1.08179260e-04,1.48617811e-05
1.499752,2.28005700e+01,-6.59650177e-02,-1.42989906e-01,-1.95812453e-02,-7.77990750e-05,1.11449102e-04,-4.29949953e-05,1.08283988e-04,1.63879288e-05
1.501392,2.28357775e+01,-9.89735544e-02,-1.17663943e-01,-1.37584141e-02,-3.64089233e-04,3.20650684e-04,1.74143315e-05,1.08354781e-04,1.78683311e-05
1.503033,2.28606472e+01,-9.93559725e-02,-1.25031882e-01,-1.81132784e-02,-2.85848631e-04,1.75228349e-04,-2.60027415e-05,1.08334112e-04,1.92312194e-05
1.504674,2.28758625e+01,-1.05994149e-01,-1.15345665e-01,-1.60959806e-02,-2.85581962e-04,2.20491268e-04,-4.80227003e-06,1.08394783e-04,2.08707394e-05
1.506315,2.28821090e+01,-1.21316291e-01,-1.12572257e-01,-1.57365733e-02,-3.87789007e-04,2.22069180e-04,-5.38754780e-06,1.08429591e-04,2.25852198e-05
1.507956,2.28802334e+01,-1.04845665e-01,-1.23413365e-01,-1.09607115e-02,-1.58468053e-04,6.29134171e-05,3.43081211e-05,1.08384968e-04,2.39428751e-05
1.509597,2.28711616e+01,-1.28986047e-01,-1.01226347e-01,-1.19262719e-02,-3.37200856e-04,2.50736407e-04,1.85744068e-05,1.08375474e-04,2.55725420e-05
1.511238,2.28546753e+01,-1.34437806e-01,-9.89567651e-02,-8.14706631e-03,-3.43944702e-04,2.38886174e-04,5.12214763e-05,1.08366090e-04,2.70087909e-05
1.512879,2.28318435e+01,-1.21918497e-01,-1.04502396e-01,-1.19454203e-02,-1.46139478e-04,1.23397037e-04,1.04636922e-05,1.08283979e-04,2.82950084e-05
1.514519,2.28049576e+01,-1.37729463e-01,-1.03106274e-01,-9.80135424e-03,-2.64481452e-04,1.21763683e-04,2.47584315e-05,1.08274910e-04,3.00094796e-05
1.516160,2.27750269e+01,-1.50385189e-01,-8.76282269e-02,-1.17589471e-02,-3.33948046e-04,2.43515263e-04,-7.84021968e-06,1.08214073e-04,3.13268529e-05
1.517801,2.27432761e+01,-1.45842334e-01,-9.91189208e-02,-1.32611841e-02,-2.25062136e-04,9.65579469e-05,-1.20434245e-05,1.08152346e-04,3.26699618e-05
1.519442,2.27107781e+01,-1.53024871e-01,-9.45166342e-02,-9.12394457e-03,-2.39824069e-04,1.12960972e-04,2.91237388e-05,1.08087700e-04,3.39208659e-05
1.521083,2.26786255e+01,-1.50989571e-01,-9.58165903e-02,-1.02254240e-02,-1.68448125e-04,7.29213575e-05,1.26874296e-05,1.08028094e-04,3.51250087e-05
1.522724,2.26478240e+01,-1.52407393e-01,-9.71382293e-02,-7.13260283e-03,-1.57444962e-04,5.65798355e-05,3.65146064e-05,1.08011958e-04,3.65647825e-05
1.524365,2.26193111e+01,-1.64534866e-01,-8.54917082e-02,-8.69499601e-03,-2.28080616e-04,1.47462558e-04,2.10556627e-05,1.07940011e-04,3.74799462e-05
1.526005,2.25941499e+01,-1.62155100e-01,-8.65746588e-02,-5.37866610e-03,-1.65693295e-04,1.30079539e-04,5.46176935e-05,1.07921595e-04,3.87745439e-05
1.527646,2.25731677e+01,-1.62664059e-01,-8.42610792e-02,-8.49924557e-03,-1.28652768e-04,1.36953286e-04,2.05932003e-05,1.07868121e-04,3.95889676e-05
1.529287,2.25572035e+01,-1.68583076e-01,-8.55425418e-02,-7.18386698e-03,-1.55718985e-04,1.18344116e-04,3.14478123e-05,1.07846134e-04,4.04627861e-05
1.530928,2.25470161e+01,-1.65439721e-01,-9.50962962e-02,-1.03611818e-02,-9.10365218e-05,9.39015728e-06,-2.64013226e-06,1.07820862e-04,4.12144032e-05
1.532569,2.25433092e+01,-1.75518370e-01,-8.05164953e-02,-4.80956955e-03,-1.51494245e-04,1.15886803e-04,4.29556198e-05,1.07789007e-04,4.17228860e-05
1.534210,2.25467651e+01,-1.81291576e-01,-6.82407845e-02,-9.69131290e-03,-1.63842235e-04,2.10353541e-04,-9.73215002e-06,1.07795343e-04,4.24011739e-05
1.535851,2.25579081e+01,-1.82077170e-01,-6.45692925e-02,-2.73410017e-03,-1.36186892e-04,2.17215299e-04,5.10510926e-05,1.07833631e-04,4.32048594e-05
1.537492,2.25771532e+01,-1.74056239e-01,-8.82034599e-02,-3.41659080e-03,-3.01472449e-05,-5.25923364e-05,3.53789511e-05,1.07846231e-04,4.35293466e-05
1.539132,2.26046735e+01,-1.84220784e-01,-5.63553896e-02,-3.60080315e-03,-1.08488190e-04,2.48407580e-04,3.35547863e-05,1.07911822e-04,4.41060469e-05
1.540773,2.26407464e+01,-1.84860411e-01,-7.22158577e-02,-6.71600618e-03,-8.86029842e-05,5.36377466e-05,2.73228154e-07,1.07939695e-04,4.41027683e-05
1.542414,2.26854997e+01,-1.85661712e-01,-6.60863511e-02,-6.74820571e-03,-7.10516360e-05,1.01946525e-04,3.29783837e-07,1.08034271e-04,4.45221572e-05
1.544055,2.27389013e+01,-1.83899869e-01,-5.63919254e-02,-4.69061365e-03,-3.73729665e-05,1.73345711e-04,1.73317263e-05,1.08112108e-04,4.44961891e-05
1.545696,2.28009790e+01,-1.78787829e-01,-6.29512027e-02,1.00776251e-03,3.06474827e-05,8.23154144e-05,6.65457048e-05,1.08209846e-04,4.44874655e-05
1.547337,2.28715978e+01,-1.79202915e-01,-7.26945025e-02,-9.79436226e-04,2.55370020e-05,-1.30745355e-05,4.51337661e-05,1.08375768e-04,4.49006196e-05
1.548978,2.29503784e+01,-1.84180575e-01,-4.92206577e-02,-6.85060406e-04,-2.36005872e-05,2.19487171e-04,4.16518595e-05,1.08521174e-04,4.48066749e-05
1.550618,2.30372085e+01,-1.77127427e-01,-5.02293026e-02,-3.70222900e-03,4.71038959e-05,1.54509091e-04,7.42048650e-06,1.08608692e-04,4.39881157e-05
1.552259,2.31319335e+01,-1.77672908e-01,-6.27805511e-02,-1.88168419e-03,4.76830174e-05,2.28109848e-05,1.69853777e-05,1.08814375e-04,4.41527099e-05
1.553900,2.32339930e+01,-1.77061257e-01,-4.45981683e-02,3.77828239e-04,5.34499822e-05,1.85861461e-04,3.87503857e-05,1.08990500e-04,4.37405102e-05
1.555541,2.33430749e+01,-1.78874193e-01,-3.78229136e-02,-4.04199031e-04,3.42483235e-05,2.06172605e-04,1.93373900e-05,1.09144784e-04,4.29669546e-05
1.557182,2.34588499e+01,-1.79970601e-01,-5.60929638e-02,-8.07926041e-03,2.28713331e-05,5.71117439e-06,-5.70425136e-05,1.09370419e-04,4.27208747e-05
1.558823,2.35806565e+01,-1.76187955e-01,-5.10560010e-02,-7.90550285e-03,5.57846548e-05,4.38530535e-05,-5.52022693e-05,1.09574988e-04,4.20230141e-05
1.560464,2.37080391e+01,-1.74593230e-01,-2.84566106e-02,3.98706159e-04,6.28351785e-05,2.29812650e-04,3.01883404e-05,1.09807598e-04,4.14735186e-05
1.562105,2.38405781e+01,-1.71500878e-01,-3.93962972e-02,-1.47240478e-03,8.59626929e-05,9.54642422e-05,2.27019997e-06,1.10042768e-04,4.08095877e-05
1.563745,2.39776718e+01,-1.70171684e-01,-3.42995766e-02,-2.26961431e-03,9.04081133e-05,1.18980100e-04,-1.23837671e-05,1.10287933e-04,4.00782181e-05
1.565386,2.41187927e+01,-1.76694876e-01,-4.58930772e-02,-3.46203280e-04,1.60072584e-05,-2.14644920e-05,6.49708589e-06,1.10531018e-04,3.92108736e-05
1.567027,2.42633340e+01,-1.67024652e-01,-3.55061071e-02,1.69159585e-04,1.06859979e-04,7.79063538e-05,1.53102580e-05,1.10828344e-04,3.86679793e-05
1.568668,2.44107013e+01,-1.67504046e-01,-3.86539968e-02,-1.62693401e-03,8.07904430e-05,3.32892274e-05,-4.71008333e-06,1.11084654e-04,3.77205494e-05
1.570309,2.45603852e+01,-1.62543686e-01,-3.84083006e-02,-3.33281621e-03,1.24608512e-04,2.31701856e-05,-2.08231013e-05,1.11376207e-04,3.69199853e-05
1.571950,2.47118059e+01,-1.66531447e-01,-4.38437355e-02,-3.94035217e-03,6.81477734e-05,-3.11559333e-05,-2.96252436e-05,1.11645380e-04,3.59167728e-05
1.573591,2.48644218e+01,-1.59940209e-01,-3.40277034e-02,2.76715241e-03,1.18132391e-04,5.50560441e-05,3.60555003e-05,1.11935165e-04,3.50053181e-05
1.575231,2.50177929e+01,-1.51266745e-01,-3.06916758e-02,3.82196793e-03,1.74206896e-04,6.67932347e-05,3.82069215e-05,1.12227087e-04,3.41248144e-05
1.576872,2.51713845e+01,-1.50118271e-01,-2.85321464e-02,4.75068867e-03,1.60691234e-04,9.10947893e-05,4.77467519e-05,1.12530514e-04,3.32499913e-05
1.578513,2.53246895e+01,-1.46808643e-01,-1.71800914e-02,-5.95291784e-05,1.66540891e-04,1.72118598e-04,-1.11046852e-05,1.12791754e-04,3.20198413e-05
1.580154,2.54773296e+01,-1.51508648e-01,-2.34813206e-02,-1.58746372e-03,9.29673862e-05,9.10128916e-05,-2.52778834e-05,1.13072880e-04,3.09825547e-05
1.581795,2.56288474e+01,-1.50626307e-01,-2.99008023e-02,1.42470455e-03,8.15471446e-05,6.32639269e-06,4.04069875e-06,1.13378525e-04,3.00915929e-05
1.583436,2.57788035e+01,-1.46256279e-01,-1.71172995e-02,4.27720065e-03,1.01931103e-04,9.98083635e-05,2.70953643e-05,1.13657856e-04,2.90825633e-05
1.585077,2.59267926e+01,-1.37336086e-01,-1.90349305e-02,1.85294445e-03,1.62938641e-04,6.94503514e-05,8.81059927e-08,1.13958967e-04,2.82537837e-05
1.586718,2.60723810e+01,-1.35573677e-01,-1.00274421e-02,9.00345170e-03,1.53838045e-04,1.19406968e-04,6.18007023e-05,1.14219968e-04,2.70887787e-05
1.588358,2.62152601e+01,-1.36265005e-01,-1.04167765e-02,1.99106379e-03,1.19417876e-04,8.64264293e-05,-5.25674023e-06,1.14506561e-04,2.62170031e-05
1.589999,2.63550227e+01,-1.29312587e-01,-1.05513390e-02,6.36277591e-03,1.61318285e-04,6.53920432e-05,3.24409514e-05,1.14790924e-04,2.53423931e-05
1.591640,2.64912964e+01,-1.20155353e-01,1.75023550e-03,1.20355808e-03,2.21896357e-04,1.55899187e-04,-1.74190849e-05,1.15051557e-04,2.43330139e-05
1.593281,2.66237914e+01,-1.13182634e-01,1.08697048e-02,1.13935661e-02,2.50292132e-04,2.04751204e-04,8.23143859e-05,1.15294936e-04,2.32896567e-05
1.594922,2.67522260e+01,-1.23286237e-01,-2.06622170e-03,5.77416405e-03,1.25809570e-04,5.17835689e-05,1.65909644e-05,1.15564016e-04,2.24354912e-05
1.596563,2.68762748e+01,-1.17600825e-01,1.04588065e-02,5.81516779e-03,1.33402859e-04,1.27443661e-04,1.39087713e-05,1.15782930e-04,2.15266931e-05
1.598204,2.69956775e+01,-1.21076252e-01,-6.75505487e-03,7.52046973e-03,7.40496166e-05,-5.62214712e-05,3.93469457e-05,1.16038282e-04,2.06790178e-05
1.599844,2.71100558e+01,-1.07525406e-01,1.48589799e-03,3.29337436e-03,1.79278787e-04,2.49533647e-05,-9.33968108e-06,1.16286907e-04,1.99119597e-05
1.601485,2.72191645e+01,-1.20006981e-01,4.33685677e-03,4.74747068e-03,2.65862525e-05,4.85727985e-05,-7.80730825e-07,1.16527277e-04,1.91865214e-05
1.603126,2.73227794e+01,-1.03380772e-01,2.32615539e-02,1.01428791e-02,1.62677099e-04,1.95093759e-04,4.55465429e-05,1.16681494e-04,1.80605212e-05
1.604767,2.74207692e+01,-9.75922065e-02,1.44917994e-02,2.86198728e-03,1.93016437e-04,9.38532970e-05,-2.68109507e-05,1.16928702e-04,1.74337179e-05
1.606408,2.75128424e+01,-1.03024709e-01,1.96479442e-02,5.47528009e-03,1.17505721e-04,1.34541271e-04,-7.88929833e-06,1.17107266e-04,1.65666881e-05
1.608049,2.75988254e+01,-9.65593536e-02,2.28290786e-02,4.71156641e-03,1.48604437e-04,1.46530232e-04,-5.98715961e-06,1.17282298e-04,1.58599717e-05
1.609690,2.76785594e+01,-1.00042120e-01,1.88910873e-02,1.00126212e-02,8.69870856e-05,8.35832258e-05,4.84786124e-05,1.17433909e-04,1.50741505e-05
1.611331,2.77518830e+01,-1.00308243e-01,1.78593817e-02,7.31296786e-03,5.85406370e-05,5.37760022e-05,1.43208825e-05,1.17596912e-04,1.44017078e-05
1.612971,2.78186055e+01,-8.18727803e-02,3.00757400e-02,1.35734099e-02,2.14248438e-04,1.66141447e-04,7.65544815e-05,1.17747245e-04,1.37205795e-05
1.614612,2.78785934e+01,-9.45778673e-02,4.13927262e-03,6.69620877e-03,5.86457918e-05,-9.00285783e-05,9.36952251e-06,1.17887398e-04,1.30839869e-05
1.616253,2.79316690e+01,-8.25425039e-02,1.71569174e-02,8.86536950e-03,1.47135458e-04,2.40555321e-05,2.79305248e-05,1.17964583e-04,1.22781294e-05
1.617894,2.79777706e+01,-8.57908155e-02,9.50288935e-03,8.00535512e-03,8.07383012e-05,-6.75708727e-05,8.82943757e-06,1.18064020e-04,1.16773747e-05
1.619535,2.80167669e+01,-7.12448761e-02,1.52514141e-02,1.27446025e-02,1.97609839e-04,-2.44943374e-05,5.00131838e-05,1.18143556e-04,1.09697695e-05
1.621176,2.80485484e+01,-7.46107585e-02,3.07736634e-02,5.83419347e-03,1.33036511e-04,1.26303884e-04,-1.55834378e-05,1.18221516e-04,1.04432958e-05
1.622817,2.80730532e+01,-6.41328822e-02,4.02546863e-02,4.75958370e-03,1.99834230e-04,1.83378452e-04,-2.57848945e-05,1.18265874e-04,9.85205684e-06
1.624457,2.80902371e+01,-5.66264778e-02,4.22747566e-02,9.64110837e-03,2.42240143e-04,1.76681352e-04,1.61186172e-05,1.18318592e-04,9.33692777e-06
1.626098,2.81000144e+01,-7.59884941e-02,2.87834611e-02,3.31168480e-03,2.72877655e-05,2.71308559e-05,-4.00925067e-05,1.18352291e-04,8.82153269e-06
1.627739,2.81022700e+01,-5.72175640e-02,3.12471555e-02,6.24479565e-03,1.89524268e-04,4.82417074e-05,-1.27756686e-05,1.18353080e-04,8.26808237e-06
1.629380,2.80969515e+01,-5.50325180e-02,3.88986855e-02,8.80275428e-03,1.75641848e-04,1.15615610e-04,4.84294273e-06,1.18345037e-04,7.79208134e-06
1.631021,2.80840483e+01,-5.77500379e-02,2.82422891e-02,1.01199347e-02,1.16943585e-04,-3.29536786e-05,1.71233202e-05,1.18259666e-04,7.06195869e-06
1.632662,2.80635414e+01,-5.90594101e-02,3.33491357e-02,9.70227369e-03,8.04825119e-05,3.94154085e-06,1.61712860e-05,1.18249438e-04,6.71429772e-06
1.634303,2.80353481e+01,-5.08123318e-02,3.87300001e-02,1.16637070e-02,1.38160216e-04,5.96713060e-05,4.71215788e-05,1.18193327e-04,6.24659343e-06
1.635944,2.79994651e+01,-3.87140137e-02,5.14042630e-02,1.35257063e-02,2.19057878e-04,1.53170784e-04,5.25524276e-05,1.18111892e-04,5.81237396e-06
1.637584,2.79559215e+01,-5.35559947e-02,3.55195410e-02,1.06126798e-02,4.73515134e-05,-2.14321848e-05,1.73996222e-05,1.18035078e-04,5.40783284e-06
1.639225,2.79046667e+01,-2.80746520e-02,5.33216862e-02,3.15552901e-03,2.68068661e-04,1.34329493e-04,-5.88246550e-05,1.17919401e-04,4.95612869e-06
1.640866,2.78457259e+01,-3.89096181e-02,5.31755247e-02,8.18765201e-03,1.38748814e-04,1.11530735e-04,4.89624735e-06,1.17800856e-04,4.48277581e-06
1.642507,2.77791180e+01,-3.45351976e-02,5.11937589e-02,7.96646607e-03,1.49183645e-04,5.97667163e-05,5.94139917e-06,1.17666625e-04,4.17043457e-06
1.644148,2.77048552e+01,-3.62648516e-02,5.56246223e-02,5.13040226e-03,9.44029286e-05,8.50586727e-05,-2.12910558e-05,1.17496247e-04,3.83075250e-06
1.645789,2.76229495e+01,-3.34587823e-02,5.27081238e-02,-2.20293524e-03,1.04798122e-04,4.54760334e-05,-9.42915561e-05,1.17354138e-04,3.45501502e-06
1.647430,2.75334168e+01,-2.84004398e-02,5.74942025e-02,1.73704333e-02,1.29350765e-04,7.37107046e-05,9.97169979e-05,1.17161595e-04,3.12717550e-06
1.649070,2.74363051e+01,-2.00149427e-02,6.51186423e-02,9.37946375e-03,1.75195959e-04,1.31971215e-04,1.83013301e-05,1.16953742e-04,2.76116183e-06
1.650711,2.73316697e+01,-2.74748746e-02,5.73382862e-02,2.43514644e-03,8.11362343e-05,2.92174089e-05,-4.97153172e-05,1.16728438e-04,2.37809769e-06
1.652352,2.72195539e+01,-2.25154740e-02,6.16122286e-02,1.06767228e-02,1.01039143e-04,5.88661575e-05,2.94960136e-05,1.16520582e-04,2.15634098e-06
1.653993,2.71000085e+01,-2.00601274e-02,6.69656376e-02,1.58621635e-02,9.93990332e-05,1.07788046e-04,7.93192849e-05,1.16317230e-04,1.94465717e-06
1.655634,2.69730929e+01,-2.09120639e-02,6.32447429e-02,7.43358207e-04,5.70002296e-05,4.78864840e-05,-7.37840424e-05,1.16025123e-04,1.62461041e-06
1.657275,2.68388743e+01,-1.09301144e-02,7.51425903e-02,6.07426529e-03,1.42241399e-04,1.63419616e-04,-1.82621014e-05,1.15790799e-04,1.42004766e-06
1.658916,2.66974190e+01,-2.79006934e-03,7.67997321e-02,7.85412766e-03,1.94821203e-04,1.45721758e-04,-2.64743762e-06,1.15453860e-04,1.11349970e-06
1.660557,2.65488533e+01,-1.64724879e-02,6.87873749e-02,3.41083442e-03,3.15685188e-05,4.93893461e-05,-4.76233468e-05,1.15185922e-04,1.01412202e-06
1.662197,2.63932319e+01,-6.94426237e-03,6.22172829e-02,8.38686939e-03,1.07558835e-04,-3.15204960e-05,5.37488587e-06,1.14877781e-04,9.18218252e-07
1.663838,2.62306467e+01,-1.35067341e-02,6.20761722e-02,1.94016812e-03,1.17349351e-05,-3.62122821e-05,-6.10249668e-05,1.14564980e-04,8.93396296e-07
1.665479,2.60611861e+01,-4.06295481e-03,6.81298206e-02,6.17876133e-03,8.88625895e-05,1.81333622e-05,-2.19693190e-05,1.14257024e-04,9.73618891e-07
1.667120,2.58849489e+01,-5.06893524e-03,6.86983012e-02,2.19510176e-04,6.13794063e-05,2.30795368e-05,-7.29819372e-05,1.13923339e-04,1.10160138e-06
1.668761,2.57020401e+01,-6.82699770e-03,7.21516098e-02,1.38621498e-02,3.51658635e-05,5.23137844e-05,6.22767159e-05,1.13584549e-04,1.26003129e-06
1.670402,2.55125747e+01,8.51325842e-03,9.02869799e-02,8.44025679e-03,1.67171310e-04,2.04022291e-04,5.52462323e-06,1.13200957e-04,1.43097684e-06
1.672043,2.53167133e+01,7.65757840e-03,8.51439429e-02,6.03819403e-03,1.38433423e-04,1.32724223e-04,-2.33718547e-05,1.12838231e-04,1.64505510e-06
1.673683,2.51145867e+01,3.10435776e-03,7.81593407e-02,5.03259020e-03,5.47806951e-05,3.44532714e-05,-2.98591689e-05,1.12430968e-04,1.78830554e-06
1.675324,2.49063217e+01,5.13104974e-03,8.12159038e-02,7.97424007e-03,5.43582408e-05,5.37283367e-05,3.50226213e-06,1.12047180e-04,1.95356898e-06
1.676965,2.46920319e+01,6.30087016e-03,8.22563689e-02,5.21624865e-03,4.56008281e-05,4.35426032e-05,-2.42058195e-05,1.11614939e-04,2.21534206e-06
1.678606,2.44718832e+01,1.60123700e-02,9.15350408e-02,6.96868232e-03,1.10918673e-04,1.15390399e-04,-9.45424553e-06,1.11231557e-04,2.34766364e-06
1.680247,2.42460122e+01,1.43003970e-02,8.57303819e-02,6.69980845e-03,8.61387190e-05,5.75979295e-05,-7.14817532e-06,1.10835402e-04,2.57905077e-06
1.681888,2.40145538e+01,2.50942601e-02,8.86532052e-02,6.05404434e-03,1.72522243e-04,6.38512941e-05,-6.15040643e-06,1.10412769e-04,2.79159299e-06
1.683529,2.37777001e+01,2.15784803e-02,9.17728803e-02,4.81229258e-03,1.17907239e-04,9.06298357e-05,-1.72119207e-05,1.10031760e-04,2.96288848e-06
1.685169,2.35355953e+01,2.23835877e-02,9.63933617e-02,6.28674418e-03,9.22530262e-05,1.05193733e-04,-5.41514895e-06,1.09540141e-04,3.15580820e-06
1.686810,2.32884420e+01,1.79073270e-02,9.62502461e-02,7.35538719e-03,2.59662614e-05,7.97685539e-05,9.36583875e-06,1.09096261e-04,3.36830886e-06
1.688451,2.30363936e+01,3.13892844e-02,1.04119546e-01,8.24686800e-03,1.42920667e-04,1.41857602e-04,1.53869717e-05,1.08678535e-04,3.54757094e-06
1.690092,2.27796434e+01,2.47517159e-02,8.99477693e-02,4.24938543e-03,5.38443765e-05,-1.25012233e-05,-3.22159868e-05,1.08245375e-04,3.71695683e-06
1.691733,2.25183584e+01,2.51692490e-02,1.01183718e-01,9.58939056e-03,3.84358498e-05,8.31017660e-05,2.41605483e-05,1.07793004e-04,3.90559142e-06
1.693374,2.22527224e+01,1.93347886e-02,9.77682096e-02,7.29299992e-03,-2.40401330e-05,4.38590760e-05,2.51010534e-07,1.07351598e-04,4.08762399e-06
1.695015,2.19828941e+01,2.44872263e-02,8.93155620e-02,5.38457775e-03,3.51164247e-05,-3.27560790e-05,-1.97286473e-05,1.06925213e-04,4.23838877e-06
1.696656,2.17090641e+01,2.23534021e-02,9.02128802e-02,5.00075316e-03,6.95748662e-06,-3.48425537e-05,-1.13925955e-05,1.06444576e-04,4.44348195e-06
1.698296,2.14314814e+01,4.06566447e-02,1.02108522e-01,2.71344140e-03,1.55708251e-04,5.47587589e-05,-3.77450407e-05,1.05956000e-04,4.62964024e-06
1.699937,2.11504527e+01,2.39906506e-02,8.43974485e-02,3.96406056e-03,-4.54879906e-05,-1.36684404e-04,-2.41442276e-05,1.05529811e-04,4.73214144e-06
1.701578,2.08661131e+01,3.78902105e-02,1.05893793e-01,9.90488134e-03,8.41057010e-05,8.05811242e-05,3.74096612e-05,1.05097698e-04,4.91353109e-06
1.703219,2.05786814e+01,3.17386488e-02,1.04689696e-01,8.71088482e-03,4.79815963e-06,4.69553710e-05,2.23661090e-05,1.04622873e-04,5.10379510e-06
1.704860,2.02883962e+01,5.08041615e-02,1.14642347e-01,1.43852022e-03,1.72056177e-04,1.36097293e-04,-4.61498829e-05,1.04175380e-04,5.21025460e-06
1.706501,1.99955268e+01,3.80754001e-02,1.06517210e-01,7.86447800e-03,2.76759457e-05,3.52129000e-05,1.92039933e-05,1.03726457e-04,5.41187889e-06
1.708142,1.97002957e+01,2.57519057e-02,9.94483112e-02,6.08945978e-03,-9.84916709e-05,-4.69087582e-05,1.55646745e-06,1.03288723e-04,5.56915301e-06
1.709782,1.94029056e+01,4.62573588e-02,1.14235565e-01,2.19947302e-03,8.74462240e-05,8.24776754e-05,-3.12611406e-05,1.02832057e-04,5.70364349e-06
1.711423,1.91036665e+01,4.90621398e-02,1.19417153e-01,4.62767204e-03,1.03857702e-04,1.18148334e-04,-1.04587395e-05,1.02421248e-04,5.85191738e-06
1.713064,1.88028072e+01,5.38709374e-02,1.11275043e-01,1.95505570e-03,1.45132223e-04,3.65193180e-05,-3.48437391e-05,1.01998429e-04,5.97154847e-06
1.714705,1.85005685e+01,4.85854517e-02,1.12925515e-01,6.66723569e-03,8.28710965e-05,4.77523224e-05,1.12050966e-05,1.01550635e-04,6.16202675e-06
1.716346,1.81972175e+01,4.76537241e-02,1.12561601e-01,3.58271605e-03,7.64135987e-05,4.68050651e-05,-2.31428117e-05,1.01134313e-04,6.27106132e-06
1.717987,1.78930093e+01,4.13577637e-02,1.12296672e-01,-1.13970128e-03,2.27846437e-05,5.82101842e-05,-5.89253643e-05,1.00735609e-04,6.38124880e-06
1.719628,1.75882174e+01,3.92565139e-02,1.08587764e-01,3.38249682e-03,-9.71194044e-07,1.33228935e-05,-8.56853616e-06,1.00303070e-04,6.57092869e-06
1.721269,1.72831713e+01,3.83609246e-02,1.08327470e-01,5.77441537e-04,-1.49574322e-05,1.12229650e-06,-3.67959531e-05,9.98902273e-05,6.69805276e-06
1.722909,1.69781623e+01,4.92427633e-02,1.08940195e-01,-2.26343900e-04,8.59055898e-05,6.86885174e-07,-4.00363950e-05,9.94837108e-05,6.82642399e-06
1.724550,1.66735394e+01,5.23198293e-02,1.18233127e-01,1.91723128e-03,8.36271691e-05,7.92448220e-05,-1.61762910e-05,9.90791042e-05,6.91953780e-06
1.726191,1.63696604e+01,3.72182044e-02,1.08009824e-01,2.39535448e-03,-7.55534930e-05,-3.48686771e-05,-7.57260543e-06,9.87005451e-05,7.07252668e-06
1.727832,1.60667412e+01,5.05078928e-02,1.09181252e-01,5.88552092e-04,6.68835903e-05,-1.73488121e-05,-2.53747446e-05,9.83461728e-05,7.16582618e-06
1.729473,1.57650988e+01,4.56110497e-02,1.10846621e-01,2.78153015e-03,9.63160266e-06,-5.87567171e-06,-3.78334183e-06,9.79735919e-05,7.25033682e-06
1.731114,1.54650733e+01,5.21414583e-02,1.12769050e-01,3.41858994e-03,7.28391068e-05,1.35967810e-05,7.45556739e-07,9.76160689e-05,7.36503049e-06
1.732755,1.51670027e+01,5.10243918e-02,1.12113138e-01,5.72280676e-03,5.94050485e-05,5.76383976e-06,1.67464534e-05,9.72708150e-05,7.48194698e-06
1.734395,1.48712481e+01,5.38113760e-02,1.13534099e-01,4.66661333e-03,7.10360707e-05,1.56753620e-05,4.36915982e-06,9.69304354e-05,7.55941675e-06
1.736036,1.45781888e+01,4.37325233e-02,1.09100605e-01,4.64066957e-03,-5.02647072e-05,-3.71102930e-05,5.64669078e-06,9.65799830e-05,7.65383111e-06
1.737677,1.42881095e+01,4.33921956e-02,1.12140743e-01,4.15832408e-03,-2.59078055e-05,7.80364604e-06,2.52012558e-06,9.62828043e-05,7.75718933e-06
1.739318,1.40013150e+01,5.47028183e-02,1.16912521e-01,1.42155946e-03,7.46176194e-05,4.78167327e-05,-2.19220966e-05,9.59621881e-05,7.82937796e-06
1.740959,1.37182734e+01,4.92610028e-02,1.11574382e-01,7.24299498e-05,9.80616784e-06,-1.23147811e-05,-2.82228661e-05,9.56536349e-05,7.89988104e-06
1.742600,1.34393108e+01,5.42433476e-02,1.13470377e-01,1.55312846e-03,5.82354323e-05,6.29621767e-06,-1.27790433e-05,9.53597594e-05,7.99079378e-06
1.744241,1.31647891e+01,4.60008404e-02,1.09704898e-01,1.63236819e-03,-2.38018414e-05,-2.88873639e-05,-5.09083746e-06,9.50761710e-05,8.03270975e-06
1.745882,1.28950693e+01,4.25330839e-02,1.10289914e-01,1.80835582e-03,-5.16476218e-05,-1.81579720e-05,-3.32018531e-06,9.48155436e-05,8.09938323e-06
1.747522,1.26305189e+01,3.86132015e-02,1.08198011e-01,1.24024825e-03,-9.72891017e-05,-4.35689142e-05,-4.74963202e-06,9.45444795e-05,8.13978403e-06
1.749163,1.23715209e+01,5.30084376e-02,1.11274002e-01,4.83047800e-04,4.46251166e-05,-1.06079044e-05,-1.44999304e-05,9.43009511e-05,8.16832592e-06
1.750804,1.21184336e+01,5.95905377e-02,1.14629447e-01,1.96264849e-03,1.00114829e-04,2.46739288e-05,2.63502239e-06,9.40488968e-05,8.19004282e-06
1.752445,1.18716391e+01,5.10264764e-02,1.11314718e-01,4.01880229e-03,3.41614328e-05,4.55942418e-06,2.31812559e-05,9.38379166e-05,8.22080027e-06
1.754086,1.16314141e+01,4.80845446e-02,1.07005296e-01,-4.09011155e-05,1.82036318e-05,-3.14220631e-05,-1.59848715e-05,9.36188624e-05,8.24656418e-06
1.755727,1.13981841e+01,4.66837432e-02,1.07829368e-01,7.62005015e-04,-1.20556030e-05,-2.48674008e-05,-8.14277682e-06,9.34005986e-05,8.24647936e-06
1.757368,1.11723720e+01,5.06257420e-02,1.06234393e-01,2.17796616e-03,4.70143463e-06,-4.06348348e-05,6.89896004e-06,9.31922358e-05,8.20479056e-06
1.759008,1.09542880e+01,3.76703628e-02,1.01242051e-01,3.65956259e-03,-9.20905341e-05,-7.35116756e-05,1.90144695e-05,9.30355440e-05,8.25122113e-06
1.760649,1.07440915e+01,5.52310137e-02,1.06017763e-01,2.93150170e-04,7.69652139e-05,-2.07334195e-05,-1.35807132e-05,9.28472167e-05,8.17707392e-06
1.762290,1.05422319e+01,4.88283682e-02,1.06351274e-01,-8.18856188e-04,2.63689421e-05,-8.24862399e-06,-2.41550474e-05,9.27009740e-05,8.23316562e-06
1.763931,1.03488917e+01,3.62972494e-02,9.99976587e-02,1.00795782e-03,-8.53820793e-05,-6.34283322e-05,-2.19801644e-06,9.25334833e-05,8.17511376e-06
1.765572,1.01643643e+01,3.97313011e-02,9.99053790e-02,6.40375309e-04,-7.65052304e-05,-6.21601638e-05,-1.06943868e-06,9.23630585e-05,8.01878251e-06
1.767213,9.98899963e+00,5.17549825e-02,1.01891425e-01,1.63084876e-04,3.86186351e-05,-3.71415852e-05,-6.89076311e-06,9.22401138e-05,8.03395702e-06
1.768854,9.82295156e+00,5.58894276e-02,1.02519777e-01,4.57449031e-04,6.85012094e-05,-2.19069473e-05,-3.23247431e-06,9.21096614e-05,7.91251061e-06
1.770495,9.66641712e+00,5.50235484e-02,9.94807534e-02,-3.69966206e-03,4.73772484e-05,-4.90120832e-05,-4.14234705e-05,9.19918773e-05,7.89270581e-06
1.772135,9.51946242e+00,4.06734387e-02,9.62575830e-02,-1.83714190e-04,-6.38367529e-05,-6.67618379e-05,-5.50227917e-06,9.18980739e-05,7.91609566e-06
1.773776,9.38203983e+00,4.60046875e-02,9.81871796e-02,-1.47021112e-03,-6.74412873e-06,-3.91098430e-05,-1.57379184e-05,9.17888839e-05,7.76961506e-06
1.775417,9.25429755e+00,3.82477307e-02,9.60508757e-02,-4.40852923e-04,-7.63018327e-05,-5.28068576e-05,-4.66182081e-06,9.16954227e-05,7.67227397e-06
1.777058,9.13625307e+00,5.99108764e-02,9.48419108e-02,1.88510530e-03,1.13213087e-04,-5.57694958e-05,1.61702283e-05,9.15996898e-05,7.44441170e-06
1.778699,9.02798162e+00,3.18806173e-02,9.39682889e-02,-1.48408057e-03,-1.42353618e-04,-5.03802674e-05,-1.65024991e-05,9.15412270e-05,7.57995813e-06
1.780340,8.92915832e+00,5.77557613e-02,9.01820504e-02,-9.83518441e-04,1.03780614e-04,-7.82756942e-05,-8.12983813e-06,9.14516858e-05,7.19388621e-06
1.781981,8.83986574e+00,5.12999765e-02,8.98004285e-02,-1.05360075e-03,3.20626717e-05,-6.64473236e-05,-8.94954056e-06,9.13976900e-05,7.21851361e-06
1.783621,8.75989104e+00,4.50224695e-02,8.89178002e-02,9.78615239e-04,-4.10724654e-05,-6.04890488e-05,1.19205201e-05,9.13354385e-05,7.01683841e-06
1.785262,8.68899080e+00,4.32062151e-02,8.97479385e-02,1.01134497e-03,-5.11824206e-05,-4.28115040e-05,1.20854355e-05,9.12949045e-05,7.03893877e-06
1.786903,8.62677436e+00,3.10024444e-02,8.97823753e-02,-1.51402260e-03,-1.19672508e-04,-4.00157068e-05,-1.06331053e-05,9.12723172e-05,7.24165754e-06
1.788544,8.57281997e+00,5.38285245e-02,8.11941120e-02,1.24081108e-03,1.06741507e-04,-1.12277185e-04,1.85387782e-05,9.12234241e-05,6.86566873e-06
1.790185,8.52706230e+00,4.25117136e-02,8.34106797e-02,-3.68306051e-03,-3.78240224e-05,-6.83797722e-05,-2.88588784e-05,9.11754531e-05,6.45851046e-06
1.791826,8.48919117e+00,4.80124019e-02,7.82358390e-02,-7.47592145e-04,5.03490849e-06,-9.98170681e-05,4.66208309e-06,9.11575520e-05,6.50364150e-06
1.793467,8.45870474e+00,4.99307124e-02,7.87712110e-02,-2.91524222e-03,3.84070037e-05,-7.94255667e-05,-1.85379798e-05,9.11484043e-05,6.59564295e-06
1.795108,8.43513651e+00,3.54381517e-02,8.13335870e-02,-3.50600303e-03,-1.09783249e-04,-3.76246151e-05,-2.01356447e-05,9.11277150e-05,6.37116374e-06
1.796748,8.41800815e+00,3.78149123e-02,8.06895929e-02,-2.75010383e-03,-7.57704132e-05,-3.59847805e-05,-1.23216086e-05,9.11152084e-05,6.16649472e-06
1.798389,8.40683384e+00,5.99836689e-02,6.78241322e-02,-3.42941709e-04,1.41142022e-04,-1.47383111e-04,1.33253314e-05,9.11092133e-05,6.03411071e-06
1.800030,8.40126800e+00,3.37564132e-02,8.21613091e-02,-8.84014908e-04,-1.32385428e-04,1.97609967e-05,6.49967574e-06,9.11020010e-05,5.84380480e-06
1.801671,8.40073414e+00,4.46842549e-02,7.16861467e-02,-2.49824083e-03,-1.89662040e-05,-7.26343457e-05,-9.91750786e-06,9.11045917e-05,5.68585885e-06
1.803312,8.40469051e+00,3.94469543e-02,7.05221059e-02,-3.41194782e-03,-5.18347863e-05,-7.78087349e-05,-1.68720989e-05,9.11132551e-05,5.57972465e-06
1.804953,8.41262983e+00,3.48752561e-02,7.00262331e-02,-1.27482916e-03,-9.43291964e-05,-6.26292797e-05,5.13869073e-06,9.11164185e-05,5.32181409e-06
1.806594,8.42408524e+00,4.65737917e-02,6.54277299e-02,-3.95357000e-03,1.45519940e-05,-8.61672634e-05,-2.15667588e-05,9.11203621e-05,4.99484357e-06
1.808234,8.43860964e+00,4.33294297e-02,6.50197944e-02,-1.83835196e-03,-2.12969760e-05,-7.23117264e-05,8.34179914e-07,9.11354623e-05,4.84434545e-06
1.809875,8.45564798e+00,4.65490348e-02,6.13722912e-02,-6.39955402e-05,1.81963626e-05,-1.01505076e-04,1.85359698e-05,9.11459775e-05,4.51976750e-06
1.811516,8.47470974e+00,5.44880954e-02,4.99178070e-02,-2.41337911e-03,8.76319828e-05,-1.87582915e-04,-2.03940755e-06,9.11523917e-05,4.13705806e-06
1.813157,8.49537272e+00,4.49449482e-02,5.94988830e-02,-2.82134247e-03,-8.66758447e-06,-7.25593572e-05,-8.26127629e-06,9.11721919e-05,3.91049675e-06
1.814798,8.51711518e+00,4.48251167e-02,5.66528373e-02,-4.84579532e-03,-1.94052278e-06,-8.87890258e-05,-2.48590827e-05,9.11936161e-05,3.68131165e-06
1.816439,8.53944286e+00,4.87334419e-02,4.71291248e-02,-3.01308067e-03,3.49434871e-05,-1.61745042e-04,-6.46041362e-06,9.11997294e-05,3.19502647e-06
1.818080,8.56192516e+00,4.38260074e-02,5.05244812e-02,-4.53456611e-04,-3.46675788e-06,-1.17770555e-04,1.78957765e-05,9.12247592e-05,2.94215717e-06
1.819721,8.58409320e+00,3.04788419e-02,6.68894403e-02,-1.73701423e-03,-1.29259923e-04,5.65210445e-05,5.53650614e-06,9.12324578e-05,2.49249560e-06
1.821361,8.60548847e+00,4.56580686e-02,4.89953398e-02,-2.33691191e-03,3.01239575e-05,-1.16002975e-04,1.73664831e-06,9.12494664e-05,2.12809045e-06
1.823002,8.62571761e+00,3.78432961e-02,5.21601443e-02,-3.95119584e-03,-5.46638936e-05,-5.92659561e-05,-1.47490479e-05,9.12555551e-05,1.69710063e-06
1.824643,8.64436599e+00,4.46796060e-02,4.50583818e-02,-2.09506486e-03,1.78499406e-05,-1.17798776e-04,3.41483614e-06,9.12717683e-05,1.40622832e-06
1.826284,8.66102964e+00,4.78621008e-02,4.21157612e-02,-1.81820548e-03,3.72280166e-05,-1.11685508e-04,4.67411493e-06,9.12731854e-05,1.05325143e-06
1.827925,8.67534087e+00,3.90530775e-02,4.80948133e-02,-3.93870477e-03,-4.95110921e-05,-3.58382564e-05,-1.49974785e-05,9.13014375e-05,9.40312238e-07
1.829566,8.68688966e+00,4.92352619e-02,3.06251220e-02,-2.46502192e-03,3.31340576e-05,-1.66692971e-04,-1.04907416e-06,9.12911031e-05,7.17627742e-07
1.831207,8.69534314e+00,4.13669149e-02,3.76112184e-02,-2.14128314e-03,-5.42908153e-05,-6.68356704e-05,1.43518855e-06,9.13062981e-05,7.92611708e-07
1.832847,8.70031541e+00,5.49282028e-02,1.85096959e-02,-4.34624638e-03,8.32453584e-05,-2.38838875e-04,-2.02442703e-05,9.13103032e-05,9.18636075e-07
1.834488,8.70148629e+00,5.05493389e-02,2.48635027e-02,-2.08450454e-03,3.24718615e-05,-1.46209407e-04,6.14584993e-06,9.13114186e-05,1.14106524e-06
1.836129,8.69854317e+00,4.78345136e-02,2.86260295e-02,-9.00228859e-04,8.77801186e-06,-9.63729073e-05,1.72746638e-05,9.13110390e-05,1.40717059e-06
1.837770,8.69118674e+00,5.20873159e-02,2.23377056e-02,-8.74746422e-04,5.23333297e-05,-1.50792327e-04,1.72326249e-05,9.13052943e-05,1.70005678e-06
1.839411,8.67916277e+00,4.87051129e-02,2.55763200e-02,-1.62781919e-03,2.69040048e-05,-1.15008750e-04,8.05542148e-06,9.12990834e-05,1.98526080e-06
1.841052,8.66226081e+00,5.71412051e-02,1.00788473e-02,-3.44857872e-03,1.00811618e-04,-2.34182680e-04,-7.46129166e-06,9.12878050e-05,2.28375424e-06
1.842693,8.64033031e+00,4.74345661e-02,2.77277919e-02,-2.24108081e-03,-1.13612618e-05,-2.43715414e-05,2.27086031e-06,9.12646183e-05,2.63629497e-06
1.844334,8.61321130e+00,5.39098879e-02,1.33638898e-02,-1.47033348e-03,4.86201555e-05,-1.47288217e-04,9.33150348e-06,9.12579345e-05,3.02723352e-06
1.845974,8.58077919e+00,5.71480290e-02,5.56809537e-03,-2.34768212e-03,7.99712147e-05,-2.13869046e-04,-1.33761721e-06,9.12349092e-05,3.42281670e-06
1.847615,8.54299766e+00,5.81798963e-02,6.52027075e-04,-1.50626003e-03,7.70451680e-05,-2.23199313e-04,4.41369261e-06,9.12036674e-05,3.81240397e-06
1.849256,8.49989488e+00,4.97721570e-02,1.83372406e-02,-4.75343484e-03,-1.45518976e-05,-2.22538680e-05,-2.66402264e-05,9.11758231e-05,4.29917202e-06
1.850897,8.45147612e+00,5.65552563e-02,9.05184021e-03,-3.56928391e-03,4.59654116e-05,-9.84990302e-05,-1.27098989e-05,9.11509010e-05,4.79533641e-06
1.852538,8.39785463e+00,6.14453621e-02,-6.54120796e-03,-2.49860781e-03,7.42348840e-05,-2.05586671e-04,-1.02635708e-07,9.11068314e-05,5.26756462e-06
1.854179,8.33923170e+00,5.88771236e-02,-4.92469501e-04,-2.87549117e-03,3.86855956e-05,-1.15425900e-04,-3.43245075e-06,9.10710167e-05,5.80603957e-06
1.855820,8.27577858e+00,5.94872107e-02,2.69738156e-03,-1.53611928e-03,3.36882735e-05,-5.69895734e-05,1.15250302e-05,9.10258198e-05,6.33606825e-06
1.857460,8.20777073e+00,6.02675900e-02,4.09661078e-03,-3.77004603e-03,2.60980540e-05,-8.93431562e-06,-1.20498516e-05,9.09754794e-05,6.87459421e-06
1.859101,8.13552884e+00,6.61676841e-02,-1.31742377e-02,-2.55425240e-03,7.22282680e-05,-1.60815809e-04,-3.62002480e-07,9.09351559e-05,7.50466358e-06
1.860742,8.05947132e+00,6.58740597e-02,-1.38742073e-03,-1.26132851e-03,5.42866364e-05,-1.38383788e-05,1.12041470e-05,9.08852596e-05,8.08181306e-06
1.862383,7.98001433e+00,6.64395959e-02,-5.17577308e-03,-2.77271653e-03,5.24634706e-05,-4.98930865e-05,-2.78587887e-06,9.08451687e-05,8.77684269e-06
1.864024,7.89763634e+00,7.09717620e-02,-1.20726154e-02,-3.66514904e-03,8.36033024e-05,-1.03659450e-04,-1.20695393e-05,9.07949912e-05,9.44095037e-06
1.865665,7.81299924e+00,6.99027435e-02,-3.28184955e-02,-1.50835075e-03,5.24883354e-05,-2.59298523e-04,8.51999622e-06,9.07350226e-05,1.00023952e-05
1.867306,7.72684345e+00,7.09908717e-02,-8.66553875e-03,-2.70653946e-03,5.95770840e-05,-2.30681516e-05,-3.11107470e-06,9.07026448e-05,1.08938597e-05
1.868946,7.63971681e+00,7.37282810e-02,-2.21666194e-02,-2.17721011e-03,6.89758035e-05,-1.13897969e-04,5.92952510e-08,9.06355293e-05,1.13795671e-05
1.870587,7.55247200e+00,7.52132335e-02,-3.05867668e-02,-2.70796043e-03,6.77360955e-05,-1.81143653e-04,-6.17195220e-06,9.05843142e-05,1.20430608e-05
1.872228,7.46593238e+00,7.38466615e-02,-2.38671388e-02,-3.91364986e-03,3.94214753e-05,-8.89670684e-05,-1.90474229e-05,9.05368380e-05,1.28059249e-05
1.873869,7.38088866e+00,7.78695177e-02,-4.11270569e-02,-2.96067656e-03,6.48741836e-05,-2.34688767e-04,-1.05244971e-05,9.04804241e-05,1.33056438e-05
1.875510,7.29836369e+00,8.15063407e-02,-2.24085981e-02,-2.63314546e-03,8.61843205e-05,-1.79691088e-05,-6.46850480e-06,9.04344352e-05,1.40363114e-05
1.877151,7.21919613e+00,7.92967390e-02,-3.59464284e-02,-9.96477294e-04,4.65421721e-05,-1.23178537e-04,7.64927013e-06,9.03877473e-05,1.46535683e-05
1.878792,7.14434017e+00,8.13537787e-02,-4.17225029e-02,-1.23934810e-03,5.48071716e-05,-1.41645223e-04,6.09872463e-06,9.03403849e-05,1.51577667e-05
1.880433,7.07480053e+00,8.32135956e-02,-3.19105613e-02,-1.73785089e-03,6.19359365e-05,-1.46925346e-05,1.73162058e-06,9.03068071e-05,1.59691035e-05
1.882073,7.01131963e+00,8.38177325e-02,-4.30184681e-02,-1.53465907e-03,5.29443407e-05,-1.17212006e-04,4.62666283e-06,9.02807721e-05,1.68387886e-05
1.883714,6.95464818e+00,8.21240778e-02,-5.05118602e-02,-1.25006906e-03,2.35638360e-05,-1.67711766e-04,7.84231373e-06,9.02436215e-05,1.72172544e-05
1.885355,6.90568211e+00,8.35300436e-02,-4.27486473e-02,-3.10962326e-03,2.76014789e-05,-7.06452332e-05,-1.13893290e-05,9.02181068e-05,1.78331248e-05
1.886996,6.86505781e+00,7.96382524e-02,-5.42595397e-02,-2.26222773e-03,-1.84275379e-05,-1.69917680e-04,-1.54322064e-06,9.01985318e-05,1.84175676e-05
1.888637,6.83343823e+00,8.75863900e-02,-3.84811983e-02,-2.83261563e-03,5.07923133e-05,1.27151336e-06,-8.87682370e-06,9.01816741e-05,1.89262231e-05
1.890278,6.81112127e+00,8.35541845e-02,-5.19753676e-02,-1.59548039e-03,-3.91996319e-06,-1.40692479e-04,5.63833680e-06,9.01716517e-05,1.93368865e-05
1.891919,6.79852477e+00,8.79443310e-02,-4.58097005e-02,-3.24128667e-03,2.97550864e-05,-7.66283298e-05,-1.21466836e-05,9.01675001e-05,1.97951391e-05
1.893559,6.79597464e+00,8.69983302e-02,-4.58005717e-02,-1.04309397e-03,1.92226667e-05,-4.76500986e-05,1.24656698e-05,9.01555361e-05,1.96101055e-05
1.895200,6.80371768e+00,9.66463947e-02,-3.02277591e-02,-3.86471239e-03,1.05944187e-04,1.01220801e-04,-1.60274543e-05,9.01688536e-05,2.02625734e-05
1.896841,6.82147369e+00,9.12519338e-02,-3.93590774e-02,-5.30916375e-03,3.62553343e-05,1.77281840e-06,-2.81146985e-05,9.01812202e-05,2.04286294e-05
1.898482,6.84913972e+00,9.78868508e-02,-3.15175396e-02,-2.28026479e-03,9.94038112e-05,8.92664216e-05,1.40002869e-06,9.01846048e-05,1.99099980e-05
1.900123,6.88651735e+00,8.25429124e-02,-5.62959463e-02,-1.20636591e-03,-6.24887615e-05,-1.56747108e-04,1.26120271e-05,9.02143820e-05,2.02555761e-05
1.901764,6.93335626e+00,8.79278120e-02,-4.77331540e-02,-1.35350518e-03,-7.24524746e-06,-5.81221041e-05,1.35657795e-05,9.02390363e-05,2.01195351e-05
1.903405,6.98919322e+00,8.98410960e-02,-4.50947330e-02,-2.38751912e-03,1.81558467e-05,-7.30668788e-06,4.09921827e-06,9.02577772e-05,1.93592014e-05
1.905046,7.05354112e+00,8.59199986e-02,-4.91032772e-02,-4.04758091e-03,-1.33797377e-05,-3.24614687e-05,-9.72873718e-06,9.02986631e-05,1.93125821e-05
1.906686,7.12572525e+00,7.65935402e-02,-5.68936430e-02,-1.60426300e-03,-9.31650532e-05,-8.53585227e-05,1.16358053e-05,9.03330939e-05,1.86719243e-05
1.908327,7.20510418e+00,9.24204922e-02,-4.16427824e-02,-3.83476957e-03,6.92045631e-05,6.96916711e-05,-9.57905581e-06,9.03821062e-05,1.84127374e-05
1.909968,7.29074107e+00,7.50685198e-02,-5.68050391e-02,-4.23460583e-03,-1.07824986e-04,-8.30582289e-05,-1.33763489e-05,9.04362035e-05,1.79276464e-05
1.911609,7.38188917e+00,7.86509793e-02,-5.42034973e-02,-2.67185078e-03,-5.91540195e-05,-4.01815061e-05,2.90634655e-06,9.04790934e-05,1.69142039e-05
1.913250,7.47778645e+00,6.56497695e-02,-6.40097162e-02,-2.49170768e-03,-1.75353243e-04,-1.24232748e-04,3.57894561e-06,9.05394323e-05,1.62711018e-05
1.914891,7.57762447e+00,6.91586128e-02,-6.03005591e-02,-1.53698627e-03,-1.17595675e-04,-7.05705441e-05,9.67691579e-06,9.06011676e-05,1.54929133e-05
1.916532,7.68047917e+00,8.92081573e-02,-5.03210279e-02,-4.00548971e-03,6.58736794e-05,1.78686865e-05,-1.30943283e-05,9.06682704e-05,1.45664785e-05
1.918172,7.78538421e+00,6.70372654e-02,-5.98936335e-02,-1.51015416e-03,-1.59872593e-04,-7.42699137e-05,1.11523746e-05,9.07314398e-05,1.34354259e-05
1.919813,7.89156014e+00,6.99076806e-02,-5.79765482e-02,-3.39978464e-03,-8.81670783e-05,-2.77374525e-05,-7.24498009e-06,9.07784050e-05,1.20399405e-05
1.921454,7.99816902e+00,5.64788043e-02,-6.32382344e-02,-2.42710698e-03,-2.10993676e-04,-7.58352815e-05,3.25541790e-06,9.08600224e-05,1.10961430e-05
1.923095,8.10431492e+00,8.00842603e-02,-5.37608533e-02,-3.57086384e-03,3.01654577e-05,2.42043232e-05,-8.67044200e-06,9.09238993e-05,9.81821598e-06
1.924736,8.20913845e+00,6.58850683e-02,-5.72232198e-02,-1.99103730e-03,-9.47378684e-05,-5.24127867e-06,7.72917955e-06,9.09846640e-05,8.67624068e-06
1.926377,8.31181905e+00,5.86021549e-02,-6.34184053e-02,-3.55141313e-03,-1.51864742e-04,-5.74686578e-05,-1.08642815e-05,9.10509093e-05,7.51091765e-06
1.928018,8.41156368e+00,6.02418294e-02,-6.02022121e-02,-1.39725020e-03,-1.14690997e-04,-1.61063046e-05,1.10053422e-05,9.11109001e-05,6.46466692e-06
1.929659,8.50760629e+00,5.11552250e-02,-6.36606123e-02,-3.05884819e-03,-1.71801874e-04,-3.72350545e-05,-7.13571475e-06,9.11847957e-05,5.50875005e-06
1.931299,8.59921058e+00,5.31125826e-02,-6.21888230e-02,-2.84075555e-03,-1.12422569e-04,-9.91806955e-06,-4.38120305e-06,9.12303645e-05,4.51497973e-06
1.932940,8.68568464e+00,5.43942351e-02,-6.18260886e-02,-3.75431883e-03,-7.30622186e-05,3.17148825e-06,-1.22659276e-05,9.12982165e-05,3.59297863e-06
1.934581,8.76636609e+00,2.71561622e-02,-6.98159757e-02,6.10097571e-04,-3.18504453e-04,-6.72353487e-05,2.86903684e-05,9.13521100e-05,2.75283685e-06
1.936222,8.84067221e+00,3.58009830e-02,-6.49197573e-02,-3.50450740e-03,-1.96431000e-04,-1.12468521e-05,-1.09538068e-05,9.14106051e-05,1.90404838e-06
1.937863,8.90805026e+00,4.01962700e-02,-6.52501868e-02,-2.99739215e-03,-1.37579601e-04,-1.48314961e-05,-7.54968689e-06,9.14577000e-05,1.05155518e-06
1.939504,8.96801321e+00,4.52027951e-02,-6.50567847e-02,-3.55485992e-06,-5.23879643e-05,-6.67664729e-06,2.46340544e-05,9.14925351e-05,4.58516071e-07
1.941145,9.02013204e+00,2.57263794e-02,-6.88190894e-02,-1.31541879e-03,-2.23235635e-04,-3.08908611e-05,1.05568246e-05,9.15327811e-05,9.91621139e-07
1.942785,9.06405087e+00,1.65700573e-02,-6.93152176e-02,-1.13734250e-03,-2.65329078e-04,-2.18067042e-05,1.09285316e-05,9.15561637e-05,1.78639064e-06
1.944426,9.09949396e+00,2.24067696e-02,-6.78185661e-02,-8.62492589e-04,-1.60071160e-04,7.35103090e-07,1.16170339e-05,9.15747046e-05,2.56329844e-06
1.946067,9.12621797e+00,5.11667791e-03,-7.10552466e-02,2.27524584e-04,-2.91856771e-04,-2.15171206e-05,2.21344998e-05,9.16004971e-05,3.40733601e-06
1.947708,9.14407219e+00,2.03056450e-02,-7.36075919e-02,-2.14898526e-03,-9.03107571e-05,-3.95735747e-05,-2.26813984e-06,9.16097271e-05,4.10719009e-06
1.949349,9.15292327e+00,8.84402672e-03,-7.25356846e-02,-2.06442199e-03,-1.72831918e-04,-2.04830150e-05,-1.48268099e-06,9.16169790e-05,4.77064363e-06
1.950990,9.15273237e+00,2.10344577e-03,-7.30126491e-02,-4.13248020e-03,-1.94230083e-04,-1.44557485e-05,-2.21635439e-05,9.16138220e-05,5.31933370e-06
1.952631,9.14353601e+00,-5.47051714e-03,-7.40461449e-02,-2.33126664e-03,-2.41154449e-04,-1.65211923e-05,-3.11107838e-06,9.16195645e-05,5.88813237e-06
1.954272,9.12542215e+00,-1.15738997e-02,-7.26131543e-02,5.33189132e-04,-2.48961006e-04,9.99766547e-06,2.16168375e-05,9.16058274e-05,6.32663399e-06
1.955912,9.09858232e+00,-7.65800298e-03,-7.33551773e-02,8.21138274e-04,-1.45191267e-04,1.09181450e-05,1.89894095e-05,9.15765109e-05,6.65166146e-06
1.957553,9.06320077e+00,-1.60827115e-02,-7.58759083e-02,-1.92087556e-03,-1.89909783e-04,-7.34438855e-06,-8.75376073e-06,9.15581183e-05,7.01053893e-06
1.959194,9.01948384e+00,-3.25748608e-02,-7.20999914e-02,-8.91744032e-04,-3.22208534e-04,3.74915148e-05,2.64812648e-06,9.15460400e-05,7.39487612e-06
1.960835,8.96774768e+00,-1.94978820e-02,-7.65158062e-02,-9.89115891e-04,-1.24101685e-04,-3.27563387e-06,2.75382346e-07,9.14916878e-05,7.52985533e-06
1.962476,8.90834107e+00,-3.25732908e-02,-7.34778394e-02,-1.29812908e-04,-2.05080139e-04,2.99421839e-05,6.86531877e-06,9.14562457e-05,7.74029699e-06
1.964117,8.84158110e+00,-4.27907650e-02,-7.39086165e-02,1.34300886e-03,-2.64171205e-04,3.31552617e-05,1.95580558e-05,9.14127028e-05,7.92617930e-06
1.965758,8.76781145e+00,-4.50144785e-02,-7.48401794e-02,8.28257880e-04,-2.56389208e-04,2.87421426e-05,1.46010077e-05,9.13602171e-05,7.98154184e-06
1.967398,8.68747786e+00,-4.99073147e-02,-7.31410490e-02,3.50059927e-04,-2.33868600e-04,4.23188050e-05,7.54585479e-06,9.12932732e-05,7.94609878e-06
1.969039,8.60106027e+00,-5.58680916e-02,-6.89586777e-02,4.72295787e-04,-2.58009362e-04,8.19430633e-05,7.51752132e-06,9.12484701e-05,8.08162787e-06
1.970680,8.50893324e+00,-5.70421207e-02,-7.14632561e-02,9.11436175e-04,-2.26393016e-04,5.46948430e-05,9.33288066e-06,9.11837104e-05,8.07567545e-06
1.972321,8.41159170e+00,-6.68155478e-02,-6.87006554e-02,1.09904577e-03,-2.62353758e-04,7.64107270e-05,9.08483266e-06,9.11163361e-05,8.01957142e-06
1.973962,8.30954382e+00,-7.07010134e-02,-6.51207853e-02,2.81104240e-03,-2.37430157e-04,1.01549153e-04,2.54573889e-05,9.10429859e-05,7.91048525e-06
1.975603,8.20327191e+00,-8.50103227e-02,-5.73215509e-02,2.31065045e-03,-3.18077862e-04,1.65616228e-04,2.00106475e-05,9.09769447e-05,7.83427107e-06
1.977244,8.09325193e+00,-6.52073015e-02,-6.58536370e-02,8.47688396e-04,-9.04046861e-05,6.75174218e-05,4.19044982e-06,9.09148218e-05,7.77519964e-06
1.978885,7.97986591e+00,-6.72616845e-02,-6.54402594e-02,1.24074086e-03,-6.82660270e-05,5.67592997e-05,4.98042820e-06,9.08409944e-05,7.62409691e-06
1.980525,7.86358169e+00,-8.63837755e-02,-5.56383642e-02,2.92062761e-03,-2.22717630e-04,1.42612241e-04,2.20782890e-05,9.07723523e-05,7.48239343e-06
1.982166,7.74486271e+00,-7.93173096e-02,-5.66167817e-02,2.79285882e-03,-1.39167060e-04,1.22678086e-04,1.78640918e-05,9.07092797e-05,7.35249814e-06
1.983807,7.62412920e+00,-8.74112891e-02,-4.92287958e-02,4.11553022e-05,-1.86648757e-04,1.78591591e-04,-1.08022514e-05,9.06364282e-05,7.15146505e-06
1.985448,7.50191279e+00,-9.06291016e-02,-4.66496548e-02,3.00387456e-03,-1.66363760e-04,1.76505822e-04,1.72182149e-05,9.05524084e-05,6.95887075e-06
1.987089,7.37872778e+00,-7.97935211e-02,-5.23170623e-02,1.67736318e-03,-2.93875274e-05,9.59277563e-05,2.15673754e-06,9.04871561e-05,6.70419277e-06
1.988730,7.25493010e+00,-9.36497104e-02,-4.14554822e-02,1.35821140e-03,-1.18936261e-04,1.68995327e-04,-2.60698213e-06,9.04048236e-05,6.40818828e-06
1.990371,7.13101031e+00,-8.95725871e-02,-4.42486311e-02,2.40800623e-03,-5.78556350e-05,1.18752084e-04,8.09802782e-06,9.03448920e-05,6.21250667e-06
1.992011,7.00733165e+00,-8.59572807e-02,-4.43478383e-02,1.21223468e-03,2.29839422e-06,9.00286444e-05,-5.25065897e-06,9.02837970e-05,6.00874604e-06
1.993652,6.88425754e+00,-9.24037611e-02,-3.73005609e-02,2.22880092e-03,-3.87405184e-05,1.32219465e-04,4.16355051e-06,9.02141957e-05,5.75931424e-06
1.995293,6.76218368e+00,-1.01319100e-01,-2.47981208e-02,2.41508725e-03,-8.76696053e-05,2.16598164e-04,3.76702050e-06,9.01379010e-05,5.47353520e-06
1.996934,6.64154110e+00,-9.95784207e-02,-2.26451139e-02,3.67763087e-03,-5.77462646e-05,2.10726513e-04,1.84177227e-05,9.00855673e-05,5.25356601e-06
1.998575,6.52258435e+00,-1.00533323e-01,-2.10311115e-02,4.09016777e-03,-6.75753397e-05,2.09582114e-04,1.95587943e-05,9.00317585e-05,5.01596420e-06
2.000216,6.40562110e+00,-9.91923270e-02,-1.70393892e-02,1.43207223e-03,-4.04109617e-05,2.17240235e-04,-5.38249048e-06,8.99665530e-05,4.75456356e-06
2.001857,6.29105301e+00,-1.03312834e-01,-1.19454242e-02,2.04936271e-03,-5.83969413e-05,2.24023298e-04,1.31442502e-06,8.99080152e-05,4.50797355e-06
2.003498,6.17917867e+00,-9.83698985e-02,-1.62913312e-02,2.14009908e-03,-1.34742740e-05,1.65074661e-04,3.61731220e-06,8.98626773e-05,4.29410122e-06
2.005138,6.07018595e+00,-1.00972268e-01,-1.74145838e-03,2.08108474e-03,-3.30717786e-05,2.80099497e-04,2.14223535e-06,8.98102206e-05,4.06986796e-06
2.006779,5.96441058e+00,-9.66343673e-02,-7.73914044e-03,2.22113638e-03,1.35670488e-05,1.83864668e-04,1.68709806e-06,8.97602166e-05,3.84272921e-06
2.008420,5.86210742e+00,-9.77454591e-02,-1.81527173e-03,2.17270220e-03,2.42281727e-05,1.88398712e-04,-2.64046131e-06,8.97024135e-05,3.66678283e-06
2.010061,5.76355811e+00,-9.60397198e-02,-3.42582461e-03,1.77502123e-03,4.65712880e-05,1.24349239e-04,-7.27885915e-06,8.96576945e-05,3.46412820e-06
2.011702,5.66891061e+00,-9.59529051e-02,6.21166137e-03,1.38492283e-03,4.38974990e-05,1.88022074e-04,-1.06251039e-05,8.96243580e-05,3.34395135e-06
2.013343,5.57833487e+00,-9.29659285e-02,6.92601990e-03,2.97629225e-03,8.01466596e-05,1.37866910e-04,3.94978538e-06,8.95798475e-05,3.21559640e-06
2.014984,5.49198856e+00,-9.64946286e-02,2.74860246e-02,4.40926259e-03,4.94402427e-05,2.87932544e-04,1.70017622e-05,8.95371771e-05,3.10305893e-06
2.016624,5.41002313e+00,-9.35669027e-02,2.46492286e-02,3.99745827e-03,6.82814969e-05,2.31431933e-04,1.15221628e-05,8.95145748e-05,3.18519947e-06
2.018265,5.33243042e+00,-9.02352576e-02,9.37362417e-03,3.45713795e-03,8.30011403e-05,6.52042320e-05,6.84009373e-06,8.94854590e-05,3.21907449e-06
2.019906,5.25924466e+00,-8.90263880e-02,2.10846002e-02,3.55327585e-03,8.96781862e-05,1.25900585e-04,6.89742044e-06,8.94419799e-05,3.02887135e-06
2.021547,5.19063358e+00,-8.72155421e-02,1.71906333e-02,3.20150997e-03,9.42260982e-05,6.29405898e-05,2.15213186e-06,8.94215685e-05,3.22534093e-06
2.023188,5.12656254e+00,-8.77672740e-02,1.84127052e-02,1.21171875e-03,7.65392608e-05,2.39438413e-05,-1.73851184e-05,8.93879472e-05,3.13432909e-06
2.024829,5.06704980e+00,-8.27294032e-02,3.24234792e-02,3.51305271e-03,1.13415766e-04,1.43880887e-04,5.42729830e-06,8.93717717e-05,3.39702552e-06
2.026470,5.01197976e+00,-8.07941299e-02,3.64920639e-02,1.07119757e-03,1.16046133e-04,1.80884217e-04,-1.75032852e-05,8.93553861e-05,3.62546952e-06
2.028111,4.96133691e+00,-7.43111766e-02,5.47054065e-02,3.42941804e-03,1.64848114e-04,3.07332069e-04,3.98257671e-06,8.93304233e-05,3.61180986e-06
2.029751,4.91520584e+00,-8.04130679e-02,2.79223904e-02,1.85694125e-03,8.07420392e-05,7.34198720e-06,-9.95720386e-06,8.93099218e-05,3.67461006e-06
2.031392,4.87336954e+00,-7.04760647e-02,4.79504512e-02,2.25248282e-03,1.62856439e-04,1.83166252e-04,-5.39266546e-06,8.92963843e-05,3.87381980e-06
2.033033,4.83577538e+00,-7.16948514e-02,4.42350927e-02,2.04335243e-03,1.25152724e-04,1.09048768e-04,-6.84741489e-06,8.92805267e-05,3.95456959e-06
2.034674,4.80231744e+00,-6.39378923e-02,5.46120150e-02,2.80819929e-03,1.76188745e-04,1.69848214e-04,3.19218676e-07,8.92647811e-05,3.97192516e-06
2.036315,4.77289709e+00,-6.66275411e-02,4.81868530e-02,3.10736624e-03,1.21835716e-04,7.68630498e-05,1.87596933e-06,8.92552560e-05,4.15747926e-06
2.037956,4.74729978e+00,-6.77446058e-02,4.20615734e-02,2.22798500e-03,8.04595640e-05,-1.93984008e-05,-5.86293241e-06,8.92364119e-05,3.91711525e-06
2.039597,4.72538406e+00,-4.70432689e-02,6.72917520e-02,2.21461740e-03,2.55112733e-04,1.94255209e-04,-5.39785869e-06,8.92323577e-05,4.16177793e-06
2.041237,4.70701282e+00,-4.71012918e-02,6.53659721e-02,2.85043893e-03,2.27866249e-04,1.60442413e-04,6.48795948e-07,8.92330210e-05,4.53955953e-06
2.042878,4.69192407e+00,-5.79613970e-02,5.03792862e-02,1.87031075e-03,9.63712304e-05,7.61855086e-06,-9.56824301e-06,8.92299197e-05,4.70121395e-06
2.044519,4.67986888e+00,-4.35351555e-02,6.32224292e-02,2.86893513e-03,2.04901886e-04,1.06436474e-04,1.30363065e-06,8.92195044e-05,4.50568167e-06
2.046160,4.67069809e+00,-5.53057318e-02,5.14380174e-02,2.59893541e-03,8.05403249e-05,1.70987633e-06,-9.49717242e-07,8.92216946e-05,4.72739580e-06
2.047801,4.66409009e+00,-3.98961187e-02,6.21452794e-02,3.07742106e-03,2.08818478e-04,9.49734411e-05,2.83092433e-06,8.92158700e-05,4.58440719e-06
2.049442,4.65998674e+00,-3.57309794e-02,6.39990167e-02,2.22069424e-03,2.19577289e-04,9.75668801e-05,-5.43358309e-06,8.92176841e-05,4.72819591e-06
2.051083,4.65822113e+00,-3.20174073e-02,6.47554660e-02,1.51629953e-03,2.12023740e-04,7.78769874e-05,-1.15161538e-05,8.92131128e-05,4.59283312e-06
2.052724,4.65860614e+00,-4.13525224e-02,5.59438822e-02,2.16218959e-03,8.98451739e-05,-1.78755942e-05,-3.91272846e-06,8.92124535e-05,4.54889033e-06
2.054364,4.66086168e+00,-4.39925512e-02,5.52333944e-02,2.34120931e-03,4.76524716e-05,-2.20212920e-05,-2.95648014e-06,8.92179523e-05,4.67321522e-06
2.056005,4.66474760e+00,-2.57444814e-02,6.15221580e-02,1.86428906e-03,1.90866654e-04,2.27503970e-05,-8.43672768e-06,8.92109755e-05,4.29777638e-06
2.057646,4.67017684e+00,-3.82907007e-02,5.59237492e-02,3.41270543e-03,5.72229082e-05,-2.32258224e-05,6.25308211e-06,8.92249701e-05,4.67523903e-06
2.059287,4.67685321e+00,-1.22441768e-02,6.56657031e-02,2.25090915e-03,2.77674966e-04,5.89305499e-05,-4.70736221e-06,8.92217644e-05,4.38409182e-06
2.060928,4.68468275e+00,-3.04417326e-02,5.73566484e-02,1.47296056e-03,8.30321576e-05,-1.70972616e-05,-1.18199547e-05,8.92241629e-05,4.27496223e-06
2.062569,4.69343863e+00,-3.12365576e-02,5.68008152e-02,2.67907409e-03,4.96155688e-05,-2.47872369e-05,1.68504420e-06,8.92264436e-05,4.14032360e-06
2.064210,4.70295757e+00,-1.63496994e-02,6.03612939e-02,2.47930928e-03,1.76331555e-04,9.54005886e-06,1.45532822e-06,8.92281859e-05,3.96667855e-06
2.065850,4.71312471e+00,-2.71713909e-02,5.49845378e-02,1.15607539e-03,3.55566260e-05,-4.89027925e-05,-1.26185812e-05,8.92265545e-05,3.69006131e-06
2.067491,4.72379078e+00,-1.45193884e-02,5.79734711e-02,2.19891070e-03,1.43176873e-04,-1.56507235e-05,-1.73746571e-06,8.92366507e-05,3.77110215e-06
2.069132,4.73480216e+00,-3.01168986e-03,5.69095915e-02,1.58812714e-03,2.19553933e-04,-2.91258570e-05,-7.76110153e-06,8.92370421e-05,3.53880567e-06
2.070773,4.74610059e+00,-9.73659640e-03,5.63845204e-02,1.81467075e-03,1.15327334e-04,-3.28479650e-05,-5.66857457e-06,8.92444868e-05,3.53823090e-06
2.072414,4.75751199e+00,9.06537450e-03,5.83373561e-02,-5.78778790e-05,2.67324306e-04,-1.45673345e-05,-2.16172040e-05,8.92470928e-05,3.35177991e-06
2.074055,4.76894641e+00,7.30397212e-03,5.50575143e-02,1.45284228e-03,2.05344497e-04,-4.46043310e-05,-5.55834358e-06,8.92474376e-05,3.14305464e-06
2.075696,4.78031870e+00,4.86058065e-03,5.37724828e-02,1.01920276e-03,1.34698892e-04,-5.55641845e-05,-8.27967085e-06,8.92508820e-05,3.00217660e-06
2.077336,4.79148297e+00,9.23077668e-03,5.28435505e-02,2.51807421e-03,1.70896727e-04,-5.34646715e-05,8.94273819e-06,8.92642169e-05,3.10439835e-06
2.078977,4.80228374e+00,7.66167994e-03,5.23781205e-02,1.96825434e-03,1.25522772e-04,-5.25015776e-05,2.63769721e-06,8.92613049e-05,2.78104089e-06
2.080618,4.81267605e+00,1.20993829e-02,5.10123895e-02,1.17750899e-03,1.43341325e-04,-5.58900851e-05,-5.46140114e-06,8.92673098e-05,2.71199937e-06
2.082259,4.82257659e+00,-4.03997057e-03,5.00145867e-02,6.12209713e-04,-4.64748025e-05,-5.32320559e-05,-9.74512534e-06,8.92645225e-05,2.44000658e-06
2.083900,4.83185836e+00,1.70090395e-03,5.12981781e-02,1.90559916e-03,4.01555406e-05,-3.23140476e-05,3.00128833e-06,8.92835511e-05,2.59378519e-06
2.085541,4.84038018e+00,6.57033444e-03,4.81674667e-02,1.95988944e-03,8.28526703e-05,-5.77177236e-05,1.30623461e-06,8.92805466e-05,2.29171239e-06
2.087182,4.84818477e+00,2.08197973e-03,4.91116408e-02,1.34944297e-03,-5.78605395e-06,-3.38827346e-05,-4.63122308e-06,8.92761078e-05,2.03242610e-06
2.088823,4.85524176e+00,-2.22960654e-03,4.89298217e-02,1.88610691e-03,-5.54768074e-05,-2.64684961e-05,-1.00748346e-08,8.92843450e-05,1.99510413e-06
2.090463,4.86142615e+00,1.01665638e-02,4.46645434e-02,1.02125531e-03,6.10069727e-05,-6.04019616e-05,-8.95427430e-06,8.92855366e-05,1.83254876e-06
2.092104,4.86670468e+00,5.39828088e-03,4.63468167e-02,2.30004361e-03,7.31804945e-06,-3.40328700e-05,5.98062196e-06,8.92859005e-05,1.66655109e-06
2.093745,4.87104426e+00,7.20570634e-03,4.52992256e-02,1.36327701e-03,2.33181600e-05,-3.66782077e-05,-4.07418926e-06,8.92952114e-05,1.66955772e-06
2.095386,4.87440100e+00,8.72299383e-03,4.36541343e-02,1.50602684e-03,1.69439092e-05,-4.07159836e-05,-1.90988916e-06,8.92895758e-05,1.42915453e-06
2.097027,4.87677233e+00,1.99643561e-02,3.83979608e-02,1.84681166e-03,1.11504399e-04,-8.30275438e-05,3.27088054e-06,8.92950681e-05,1.37865524e-06
2.098668,4.87813529e+00,5.30228681e-03,4.43403056e-02,2.60120715e-04,-5.78229641e-05,-9.59252662e-06,-1.08234969e-05,8.92895847e-05,1.17573038e-06
2.100309,4.87845572e+00,1.35076985e-02,4.09066053e-02,1.35422148e-03,1.47795520e-05,-3.54844489e-05,1.07860025e-07,8.92946847e-05,1.14786527e-06
2.101949,4.87769874e+00,2.65854156e-02,3.33896260e-02,-6.29301295e-04,1.10550025e-04,-9.16565274e-05,-1.86450028e-05,8.92838845e-05,8.96331597e-07
2.103590,4.87591372e+00,2.36954976e-02,3.43873478e-02,-4.77071441e-04,4.86661420e-05,-6.21984711e-05,-1.67143629e-05,8.92890035e-05,9.07584410e-07
2.105231,4.87306066e+00,2.53266498e-02,3.23107012e-02,2.95991394e-04,4.52798272e-05,-6.54791758e-05,-7.48769591e-06,8.92884314e-05,8.45056341e-07
2.106872,4.86908881e+00,2.71656521e-02,3.09589187e-02,-1.43363369e-04,7.38880293e-05,-7.60836730e-05,-1.11607140e-05,8.92912395e-05,8.23367649e-07
2.108513,4.86396873e+00,2.07697402e-02,3.32934171e-02,1.24379642e-03,8.26232950e-06,-4.25754147e-05,1.87604297e-06,8.92852837e-05,7.03019751e-07
2.110154,4.85772402e+00,2.41388900e-02,3.05617304e-02,8.04382542e-04,2.71789414e-05,-5.46564240e-05,-2.06981990e-06,8.92820088e-05,6.52391214e-07
2.111795,4.85037163e+00,2.52147768e-02,2.94383132e-02,1.72717379e-03,2.91872489e-05,-5.32812680e-05,6.18931151e-06,8.92825302e-05,6.75675094e-07
2.113436,4.84189852e+00,2.63365810e-02,2.75213195e-02,1.72839650e-03,4.07727349e-05,-6.63149905e-05,5.82175815e-06,8.92821208e-05,7.00655063e-07
2.115076,4.83230426e+00,2.89658116e-02,2.55659509e-02,6.91747665e-06,5.38948911e-05,-7.10127379e-05,-1.20312066e-05,8.92725467e-05,6.31861788e-07
2.116717,4.82162990e+00,2.04648169e-02,2.98992582e-02,1.12788190e-03,-4.23851691e-05,-1.17979419e-05,2.27346739e-07,8.92684481e-05,6.57624593e-07
2.118358,4.80987812e+00,2.53515952e-02,2.59822264e-02,1.72665643e-03,-1.40587183e-06,-3.92508038e-05,6.48104474e-06,8.92656447e-05,7.14755085e-07
2.119999,4.79705976e+00,2.92174740e-02,2.23069374e-02,2.47268198e-04,2.74144272e-05,-6.18331789e-05,-7.50475587e-06,8.92591308e-05,7.30285460e-07
2.121640,4.78319313e+00,2.87576629e-02,2.20323618e-02,3.65901920e-04,2.91691809e-05,-6.32696028e-05,-5.48472661e-06,8.92599058e-05,8.48575637e-07
2.123281,4.76828791e+00,3.09560280e-02,2.02075732e-02,5.18575449e-04,3.37312622e-05,-6.06268946e-05,-3.16817754e-06,8.92447562e-05,7.91053895e-07
2.124922,4.75240594e+00,2.62619072e-02,2.37260226e-02,5.87712941e-04,-1.28869683e-05,-2.02965738e-05,-2.37931583e-06,8.92461326e-05,9.41778552e-07
2.126562,4.73554636e+00,3.37854343e-02,1.63332566e-02,1.80235445e-04,4.66984078e-05,-7.53912107e-05,-4.62325381e-06,8.92342420e-05,9.43095226e-07
2.128203,4.71777367e+00,3.18630812e-02,1.80593210e-02,2.42823305e-03,1.94049852e-05,-4.56333313e-05,1.62704111e-05,8.92315853e-05,1.05566512e-06
2.129844,4.69910779e+00,3.91906355e-02,7.58625131e-03,1.34966946e-03,7.91186633e-05,-1.28734689e-04,5.17729717e-06,8.92238497e-05,1.10120661e-06
2.131485,4.67961748e+00,3.08852337e-02,1.63579712e-02,3.46625943e-04,-1.48714377e-05,-2.31658965e-05,-4.19777236e-06,8.92200932e-05,1.22891333e-06
2.133126,4.65929370e+00,3.71532307e-02,9.15367918e-03,5.56775598e-04,5.08540958e-05,-9.11147951e-05,-1.48457752e-06,8.92114226e-05,1.27078575e-06
2.134767,4.63817707e+00,3.25708320e-02,1.47033597e-02,7.23455193e-04,1.18688631e-05,-3.52753166e-05,1.27829191e-06,8.92085459e-05,1.38918169e-06
2.136408,4.61628415e+00,3.53930086e-02,9.02241793e-03,2.62489065e-04,4.42061695e-05,-9.07118359e-05,-3.26579293e-06,8.91966825e-05,1.39934999e-06
2.138049,4.59368395e+00,3.00696577e-02,1.43938047e-02,1.15100373e-03,-7.15473616e-06,-3.12175162e-05,3.68297429e-06,8.91866589e-05,1.43849088e-06
2.139689,4.57043941e+00,3.51526398e-02,6.28111438e-03,3.86677920e-05,3.37056090e-05,-9.32016861e-05,-6.06933266e-06,8.91749833e-05,1.47334048e-06
2.141330,4.54663885e+00,3.45679651e-02,6.89019468e-03,6.79830794e-04,1.96785067e-05,-7.01848016e-05,2.88948159e-06,8.91678280e-05,1.57065956e-06
2.142971,4.52230994e+00,3.64655973e-02,6.00199326e-03,-1.88517366e-04,4.66534471e-05,-8.70531404e-05,-6.47294589e-06,8.91671075e-05,1.73340768e-06
2.144612,4.49748081e+00,2.89160314e-02,1.62536208e-02,1.46125929e-03,-2.93272655e-05,2.13986014e-05,9.60601550e-06,8.91535277e-05,1.73279386e-06
2.146253,4.47222399e+00,3.69618143e-02,1.97400271e-03,5.82510704e-06,4.10743142e-05,-1.03234305e-04,-4.94712325e-06,8.91397791e-05,1.74433584e-06
2.147894,4.44666776e+00,3.57318183e-02,2.85429480e-03,1.76162243e-04,1.66956425e-05,-6.81674254e-05,-2.58939226e-06,8.91335425e-05,1.85125437e-06
2.149535,4.42082588e+00,3.59892047e-02,9.05884155e-04,9.35256957e-04,3.11096227e-05,-9.96103530e-05,3.23017939e-06,8.91286866e-05,1.96918541e-06
2.151175,4.39472516e+00,3.38948912e-02,9.11640248e-03,2.47113783e-03,1.49804345e-05,-2.10555415e-05,1.63824802e-05,8.91210173e-05,2.06232245e-06
2.152816,4.36843356e+00,3.27065402e-02,9.80443604e-03,-5.68576327e-04,5.55092282e-06,-1.47806967e-05,-1.28281800e-05,8.91097544e-05,2.08844695e-06
2.154457,4.34202816e+00,3.18598307e-02,1.43271628e-02,8.48313547e-04,1.79303125e-07,2.31817524e-05,1.76631634e-06,8.91021674e-05,2.18064954e-06
2.156098,4.31554377e+00,3.24387097e-02,1.02654544e-02,7.23268022e-04,1.32744215e-05,-3.56224918e-05,-1.02621569e-06,8.90952990e-05,2.26817889e-06
2.157739,4.28906545e+00,3.10814484e-02,8.79257964e-03,-1.06705691e-04,-3.39022688e-06,-3.93714364e-05,-9.61030519e-06,8.90808230e-05,2.24253749e-06
2.159380,4.26274001e+00,3.44636385e-02,2.38376189e-03,-9.86617837e-05,2.32236582e-05,-8.18002457e-05,-6.48830649e-06,8.90713406e-05,2.30729788e-06
2.161021,4.23664599e+00,3.47319760e-02,-1.81796029e-03,1.37351932e-04,2.35008910e-05,-1.17239344e-04,-5.09409459e-06,8.90648245e-05,2.41558568e-06
2.162662,4.21084870e+00,3.69446236e-02,-8.22896669e-03,-2.34349972e-04,3.81065126e-05,-1.59102249e-04,-8.60689687e-06,8.90548772e-05,2.46700004e-06
2.164302,4.18547487e+00,3.76820455e-02,-9.61567817e-03,-1.80987775e-04,3.30879372e-05,-1.28203768e-04,-5.34336935e-06,8.90388676e-05,2.40400916e-06
2.165943,4.16061583e+00,3.69067078e-02,-8.40228491e-03,3.33756420e-04,2.72063546e-05,-1.17473825e-04,-1.51976272e-06,8.90412334e-05,2.68656669e-06
2.167584,4.13627377e+00,3.32321326e-02,4.87296113e-03,1.78099319e-04,-9.55658174e-06,1.94921373e-05,-1.15692511e-06,8.90367057e-05,2.85415462e-06
2.169225,4.11247728e+00,3.40873507e-02,3.97928794e-03,-3.31238191e-04,-4.88963051e-06,2.66963941e-05,-5.44975319e-06,8.90186043e-05,2.69320093e-06
2.170866,4.08933479e+00,3.45970496e-02,7.99200985e-04,5.52622754e-04,3.21454773e-06,-1.98695753e-05,2.83656242e-06,8.90226779e-05,3.02494773e-06
2.172507,4.06687306e+00,3.55322781e-02,-1.03240672e-02,4.23691859e-04,8.73259539e-06,-1.09803077e-04,2.40721765e-06,8.90117076e-05,3.00812009e-06
2.174148,4.04523859e+00,3.55189737e-02,-1.73666261e-02,-9.55129567e-04,4.98004568e-06,-1.48318791e-04,-1.10032403e-05,8.89993117e-05,2.94683795e-06
2.175788,4.02449689e+00,3.40494597e-02,-8.31344986e-03,2.58542646e-05,-6.23577877e-06,-7.02976646e-05,-2.26310162e-06,8.89993777e-05,3.20181933e-06
2.177429,4.00462919e+00,3.51553492e-02,-1.52142047e-02,1.06999190e-04,4.54308566e-06,-1.20301968e-04,-7.85684379e-07,8.89887636e-05,3.15080393e-06
2.179070,3.98571434e+00,3.37011770e-02,-9.46913636e-03,-8.15223379e-04,-7.76688030e-06,-7.98630921e-05,-1.17509954e-05,8.89845872e-05,3.26399065e-06
2.180711,3.96776554e+00,3.33489649e-02,-1.43356719e-02,-5.52858285e-04,-1.09154777e-05,-1.25309292e-04,-8.07301008e-06,8.89793894e-05,3.34668440e-06
2.182352,3.95089146e+00,3.43206783e-02,2.40704227e-02,1.29660887e-03,9.98246169e-07,2.41463548e-04,9.43399583e-06,8.89743116e-05,3.42809760e-06
2.183993,3.93505210e+00,3.30139530e-02,-9.88711800e-03,-8.78059857e-04,-1.32161765e-05,-7.66132927e-05,-1.15847934e-05,8.89642268e-05,3.32031162e-06
2.185634,3.92043940e+00,3.39716627e-02,3.03291440e-03,-9.76213831e-05,-2.37482984e-06,4.12921923e-05,-4.44636663e-06,8.89690181e-05,3.70955723e-06
2.187275,3.90699377e+00,3.42990899e-02,-9.19324611e-03,5.88254377e-04,1.24332766e-06,-5.31687860e-05,4.90334762e-06,8.89557913e-05,3.47226975e-06
2.188915,3.89485310e+00,3.21179943e-02,-1.01925752e-02,-4.43142567e-04,-1.92179685e-05,-5.45727530e-05,-4.65794081e-06,8.89548362e-05,3.64556573e-06
2.190556,3.88403982e+00,3.26258693e-02,-9.52664905e-03,1.18070125e-03,-1.04301833e-05,-1.41285234e-05,1.14050190e-05,8.89463425e-05,3.56173782e-06
2.192197,3.87460502e+00,3.49177454e-02,8.40410899e-03,1.92509162e-03,1.29665362e-05,1.55962064e-04,1.76706432e-05,8.89486739e-05,3.83130704e-06
2.193838,3.86641149e+00,2.99157821e-02,-1.91244691e-02,-5.18316054e-04,-3.63248763e-05,-1.18189172e-04,-7.11385194e-06,8.89484645e-05,3.96140693e-06
2.195479,3.85957427e+00,3.27407204e-02,-9.33268821e-03,5.95498410e-04,-1.80675892e-06,-1.83288460e-06,4.41569081e-06,8.89436770e-05,3.94355375e-06
2.197120,3.85408102e+00,3.16144475e-02,-1.24900659e-02,9.91478810e-04,-1.33502360e-05,-2.84475508e-05,8.07837735e-06,8.89400183e-05,3.92761412e-06
2.198761,3.84990211e+00,2.65404225e-02,-2.57468896e-02,-1.29903367e-03,-6.36084229e-05,-1.68979648e-04,-1.57852741e-05,8.89458450e-05,4.27679624e-06
2.200401,3.84705118e+00,2.63968964e-02,-2.60268258e-02,-4.26498297e-04,-5.70364240e-05,-1.49070022e-04,-4.93369246e-06,8.89403697e-05,4.16247848e-06
2.202042,3.84557606e+00,3.46079460e-02,2.18734759e-03,7.59681469e-04,2.64740046e-05,1.28248289e-04,6.92808928e-06,8.89385690e-05,4.17929761e-06
2.203683,3.84532798e+00,2.56582725e-02,-2.24623871e-02,1.63467836e-04,-6.25390210e-05,-1.21063996e-04,4.83502529e-07,8.89411162e-05,4.32504440e-06
2.205324,3.84639261e+00,3.29570242e-02,-2.50645940e-03,1.11945550e-03,1.76621752e-05,9.13501604e-05,1.03224526e-05,8.89390666e-05,4.30667310e-06
2.206965,3.84872841e+00,2.71090284e-02,-1.94243878e-02,3.00853299e-04,-3.42881655e-05,-6.23096977e-05,1.01840831e-06,8.89389755e-05,4.32606018e-06
2.208606,3.85233463e+00,2.86994432e-02,-1.28760952e-02,2.14729668e-04,-1.22343334e-05,1.38784559e-05,1.47229328e-06,8.89383979e-05,4.31472085e-06
2.210247,3.85713519e+00,2.63578942e-02,-1.64559489e-02,6.25250515e-04,-3.22847497e-05,-2.05734140e-05,5.21355873e-06,8.89411954e-05,4.42264221e-06
2.211888,3.86307039e+00,3.23051273e-02,-6.23085891e-03,-2.50200960e-04,2.94414905e-05,7.67953244e-05,-3.00246504e-06,8.89430770e-05,4.47090692e-06
2.213528,3.87009700e+00,3.03753974e-02,-1.03850495e-02,-2.81971858e-06,1.89898730e-05,4.95585085e-05,1.31258038e-06,8.89437214e-05,4.45282698e-06
2.215169,3.87815340e+00,3.23614158e-02,-5.86884443e-03,4.20052899e-04,2.27693423e-05,5.80054179e-05,2.71275050e-06,8.89577008e-05,5.00441967e-06
2.216810,3.88703025e+00,2.50964258e-02,-1.68398558e-02,4.01740298e-05,-4.28856100e-05,-4.26930052e-05,-3.93885862e-07,8.89500203e-05,4.50433595e-06
2.218451,3.89689873e+00,2.69490672e-02,-1.43081229e-02,-9.46510403e-04,-1.83252199e-05,-1.25160271e-05,-9.76125146e-06,8.89594014e-05,4.86823634e-06
2.220092,3.90763634e+00,2.39506160e-02,-1.67535590e-02,2.90087788e-04,-4.43374499e-05,-3.39912688e-05,3.04947535e-06,8.89604640e-05,4.77299874e-06
2.221733,3.91919405e+00,3.24910468e-02,-4.34294171e-03,7.84877430e-06,4.83787974e-05,9.72935030e-05,-4.79140512e-08,8.89592646e-05,4.57567774e-06
2.223374,3.93147711e+00,2.62942627e-02,-1.37068838e-02,2.23488621e-04,-2.09479756e-05,-1.14141107e-05,1.51260887e-06,8.89709174e-05,4.93983176e-06
2.225014,3.94438456e+00,2.11601721e-02,-1.90971162e-02,-1.06041044e-03,-5.46065251e-05,-4.23737216e-05,-9.03042069e-06,8.89642164e-05,4.44110991e-06
2.226655,3.95799458e+00,3.16956224e-02,-5.31465761e-03,3.33215521e-04,5.68247105e-05,9.59182493e-05,5.23882535e-06,8.89710379e-05,4.60121469e-06
2.228296,3.97210565e+00,2.81959778e-02,-1.06930399e-02,-4.25337664e-04,1.31253582e-05,2.60558576e-05,-2.83491303e-06,8.89807579e-05,4.81549891e-06
2.229937,3.98658390e+00,1.61549282e-02,-2.25003108e-02,-1.09290651e-03,-1.14091876e-04,-1.02638013e-04,-1.00903737e-05,8.89890946e-05,4.94674046e-06
2.231578,4.00142706e+00,3.28662794e-02,-4.64467016e-03,-1.69363798e-04,5.27745046e-05,7.35034060e-05,-1.47443744e-06,8.89907605e-05,4.79487477e-06
2.233219,4.01653407e+00,2.68465214e-02,-1.10856322e-02,1.77598502e-04,-6.61511943e-06,8.49866264e-06,5.41459448e-07,8.89929011e-05,4.63092657e-06
2.234860,4.03185179e+00,2.36172413e-02,-1.25750436e-02,2.33659841e-04,-4.47747727e-05,-1.75724653e-05,-1.18208727e-06,8.90020597e-05,4.78280384e-06
2.236501,4.04731342e+00,3.31937766e-02,-3.99855944e-03,3.97359395e-04,5.70951799e-05,7.23468161e-05,1.05715590e-07,8.90025025e-05,4.55818046e-06
2.238141,4.06285826e+00,3.33632331e-02,-2.95689807e-03,7.47656994e-04,3.94543235e-05,5.94289962e-05,2.02237406e-06,8.90194819e-05,5.02134761e-06
2.239782,4.07831411e+00,1.45375168e-02,-1.95097053e-02,-1.02675362e-03,-1.32848960e-04,-9.29867845e-05,-1.41944261e-05,8.90149492e-05,4.54475516e-06
2.241423,4.09380152e+00,2.10058056e-02,-1.35894672e-02,-1.56977183e-04,-4.05153747e-05,-1.10796319e-05,-3.65634764e-06,8.90124408e-05,4.21285794e-06
2.243064,4.10929515e+00,1.69459346e-02,-1.50967485e-02,-8.20533378e-04,-5.59278644e-05,-9.17439545e-06,-7.98168287e-06,8.90184797e-05,4.25650433e-06
2.244705,4.12466758e+00,1.92911436e-02,-1.44267880e-02,1.81992986e-04,-3.72170752e-05,-1.09304558e-05,1.30575000e-06,8.90321855e-05,4.55655957e-06
2.246346,4.13976580e+00,1.89025101e-02,-1.46782641e-02,-2.66543236e-05,-1.63024099e-05,4.02954522e-06,-4.15953477e-07,8.90270826e-05,4.10839397e-06
2.247987,4.15457881e+00,1.82873535e-02,-1.42214888e-02,2.39074782e-04,-2.69784518e-05,-9.27227879e-07,7.65446260e-07,8.90399047e-05,4.36003868e-06
2.249627,4.16895813e+00,1.32739296e-02,-1.67653656e-02,2.98858561e-04,-5.78403711e-05,-1.48067224e-05,3.19277692e-06,8.90366831e-05,3.98320433e-06
2.251268,4.18289589e+00,1.91032377e-02,-1.15856535e-02,-3.39218474e-04,-5.37459064e-06,2.61759449e-05,-2.62722033e-06,8.90478216e-05,4.15563083e-06
2.252909,4.19626212e+00,1.37532689e-02,-1.62155965e-02,-7.96386553e-04,-3.50226148e-05,-6.52714514e-06,-5.67741108e-06,8.90433281e-05,3.74647643e-06
2.254550,4.20908173e+00,2.18490643e-02,-9.24914373e-03,2.50007916e-04,5.71642836e-05,6.57614517e-05,5.47631492e-06,8.90479001e-05,3.69842937e-06
2.256191,4.22123717e+00,2.61659187e-02,-7.08084502e-03,8.11909992e-04,8.73308329e-05,7.29047556e-05,9.93367692e-06,8.90628930e-05,3.98995019e-06
2.257832,4.23257525e+00,4.58195388e-03,-1.85352313e-02,-7.50477316e-05,-1.20946560e-04,-4.11528575e-05,1.01553453e-06,8.90643665e-05,3.79350960e-06
2.259473,4.24310202e+00,1.19640215e-02,-1.53501281e-02,-1.12591983e-03,-4.60789889e-05,-1.34461709e-05,-9.59163084e-06,8.90680684e-05,3.69230743e-06
2.261113,4.25274536e+00,3.10203963e-03,-1.90334345e-02,-8.76400927e-04,-1.24296378e-04,-4.67502542e-05,-6.44772786e-06,8.90709529e-05,3.56908135e-06
2.262754,4.26146925e+00,1.93207371e-02,-9.39169920e-03,6.14133647e-04,3.74745736e-05,4.22191259e-05,7.42574252e-06,8.90738791e-05,3.48540902e-06
2.264395,4.26920335e+00,1.22238564e-02,-1.23062659e-02,-9.30652515e-04,-1.03734488e-05,2.40220653e-05,-6.51239033e-06,8.90744654e-05,3.30727227e-06
2.266036,4.27591135e+00,1.83481407e-02,-8.32410702e-03,4.14305744e-04,6.04695939e-05,6.48005713e-05,6.99872267e-06,8.90717202e-05,3.04861496e-06
2.267677,4.28150343e+00,9.86023425e-03,-1.24998011e-02,-1.38466209e-03,-2.48409544e-05,1.65233560e-05,-1.20731036e-05,8.90799321e-05,3.11121034e-06
2.269318,4.28590744e+00,9.20233486e-04,-1.67711702e-02,-1.18813129e-03,-9.75526696e-05,-2.03622081e-05,-9.70631835e-06,8.90768702e-05,2.85637549e-06
2.270959,4.28910647e+00,1.96284589e-02,-8.17220171e-03,1.14020670e-03,7.69341727e-05,5.34011805e-05,1.34451051e-05,8.90853895e-05,2.93613263e-06
2.272600,4.29096315e+00,1.14309844e-02,-1.10884558e-02,-1.37501949e-03,-9.24759436e-06,1.77255017e-05,-1.17849145e-05,8.90844574e-05,2.75686456e-06
2.274240,4.29145613e+00,-2.44082265e-03,-1.61061014e-02,-1.09102944e-03,-1.41778225e-04,-3.55562018e-05,-7.15981002e-06,8.90878404e-05,2.69202204e-06
2.275881,4.29055500e+00,9.14694671e-03,-1.10639121e-02,-7.11164232e-05,-9.47027788e-06,1.89468371e-05,3.72859035e-06,8.90776220e-05,2.33816948e-06
2.277522,4.28821602e+00,1.53409472e-02,-8.84458422e-03,9.46435827e-04,4.10257901e-05,3.09798328e-05,1.16701537e-05,8.90839935e-05,2.35388977e-06
2.279163,4.28433804e+00,9.93163627e-03,-1.03627119e-02,-7.90908571e-04,-2.12992576e-05,7.86527066e-06,-5.32311993e-06,8.90840286e-05,2.24212274e-06
2.280804,4.27890285e+00,6.27255165e-03,-1.03169504e-02,-1.11649945e-03,-3.80304102e-05,1.38124951e-05,-7.44549714e-06,8.90784118e-05,2.02949230e-06
2.282445,4.27190610e+00,-2.60151181e-03,-1.43338897e-02,-1.14113573e-03,-8.77441324e-05,-1.34216697e-05,-5.36427415e-06,8.90692879e-05,1.79111802e-06
2.284086,4.26331244e+00,5.32341953e-03,-1.16460413e-02,-1.88324084e-03,-4.41782977e-06,9.22001136e-06,-1.23620791e-05,8.90717664e-05,1.75881122e-06
2.285726,4.25303360e+00,-2.44270566e-03,-1.34295556e-02,-4.64257417e-04,-5.86116230e-05,-2.43937447e-06,2.23221180e-06,8.90646795e-05,1.56555949e-06
2.287367,4.24105607e+00,-6.28652778e-04,-1.27847061e-02,-8.70122137e-04,-1.74165832e-05,9.30152284e-06,-1.49100466e-06,8.90614873e-05,1.46212029e-06
2.289008,4.22731647e+00,9.54616188e-03,-7.84752394e-03,5.24532835e-04,7.67676992e-05,5.05591382e-05,1.18271131e-05,8.90618761e-05,1.40162949e-06
2.290649,4.21172649e+00,-1.02303212e-02,-1.55225127e-02,-5.24276676e-04,-1.14887403e-04,-2.79447630e-05,2.62811814e-07,8.90531345e-05,1.22847508e-06
2.292290,4.19428249e+00,-9.73284044e-03,-1.40805856e-02,-4.89864841e-04,-9.66094287e-05,-1.15078129e-05,1.81637367e-06,8.90481939e-05,1.09744074e-06
2.293931,4.17495414e+00,-1.83210567e-02,-1.72119768e-02,-1.41010239e-03,-1.52413513e-04,-3.77490487e-05,-6.11913577e-06,8.90379732e-05,9.68098109e-07
2.295572,4.15372777e+00,-2.24474401e-02,-1.71098464e-02,-8.43827929e-04,-1.59979752e-04,-2.76804932e-05,1.93100507e-07,8.90323203e-05,8.55594512e-07
2.297213,4.13054818e+00,-4.85720451e-03,-1.17212466e-02,-1.57360179e-03,-5.07265845e-06,1.36731555e-05,-7.89130112e-06,8.90317119e-05,7.82753446e-07
2.298853,4.10535192e+00,1.34977330e-02,-4.52791458e-03,-4.79930344e-04,1.77633673e-04,8.14314223e-05,3.62831901e-06,8.90206145e-05,6.48177787e-07
2.300494,4.07811778e+00,1.87686616e-02,-3.64677268e-03,1.22049393e-03,2.26482899e-04,8.49981259e-05,1.97016406e-05,8.90099936e-05,5.37039842e-07
2.302135,4.04881639e+00,1.08962683e-03,-8.09679629e-03,-8.16481230e-04,4.88813315e-05,3.71481538e-05,-8.32456296e-07,8.90010896e-05,4.42107461e-07
2.303776,4.01744032e+00,-2.58471077e-03,-1.04267413e-02,-3.88064179e-04,1.80760883e-05,1.33807870e-05,3.74434232e-06,8.89913754e-05,3.61878735e-07
2.305417,3.98397610e+00,1.53095702e-03,-8.27521521e-03,-5.90777214e-04,4.32570852e-05,2.63702272e-05,4.51340983e-07,8.89879769e-05,2.62450372e-07
2.307058,3.94840321e+00,-2.32403280e-04,-8.56816279e-03,-2.78687887e-04,4.14014664e-05,2.57105837e-05,2.64352452e-06,8.89690349e-05,2.61939103e-07
2.308699,3.91073954e+00,7.07329873e-03,-6.84155699e-03,-2.03700972e-04,1.05323084e-04,3.68738717e-05,3.22207266e-06,8.89637460e-05,1.98050337e-07
2.310339,3.87096254e+00,-2.20312713e-02,-1.41387362e-02,-2.56305386e-03,-1.75822074e-04,-3.54311722e-05,-1.79126334e-05,8.89493736e-05,2.63694201e-07
2.311980,3.82912054e+00,-6.61321200e-03,-1.08984066e-02,-2.38192213e-05,-7.79412203e-07,1.18348975e-06,7.64840539e-06,8.89342092e-05,3.41779503e-07
2.313621,3.78521806e+00,-1.18984312e-02,-1.12012585e-02,-3.62054428e-05,-6.26398300e-05,-5.65860662e-06,5.83512640e-06,8.89253691e-05,3.84246807e-07
2.315262,3.73926782e+00,-1.28591708e-02,-1.17349491e-02,-1.29567785e-03,-7.33236579e-05,-1.48922643e-05,-7.09175892e-06,8.89125451e-05,4.64034198e-07
2.316903,3.69132148e+00,-2.16118602e-02,-1.49616778e-02,-1.86495535e-03,-1.31370466e-04,-3.95977276e-05,-1.05326116e-05,8.88911137e-05,6.04142347e-07
2.318544,3.64146540e+00,-8.27996971e-03,-1.13505274e-02,-1.19606229e-03,1.42993056e-05,-8.61028182e-07,-2.22144257e-06,8.88791022e-05,6.67893351e-07
2.320185,3.58974766e+00,-1.34400894e-02,-1.25257441e-02,-1.37836668e-03,-5.03947627e-06,-4.57813755e-06,-2.17440830e-06,8.88611589e-05,7.78166600e-07
2.321826,3.53623722e+00,-3.96872926e-03,-1.03490277e-02,-1.51646891e-03,7.06499112e-05,1.19649924e-05,-3.10880770e-06,8.88530009e-05,8.47827888e-07
2.323466,3.48095370e+00,-4.94853731e-03,-1.17895896e-02,-7.44134236e-04,4.93482794e-05,-5.29133015e-06,4.38091323e-06,8.88365931e-05,9.52850227e-07
2.325107,3.42403571e+00,-4.18357244e-03,-1.09398754e-02,1.62713486e-06,6.65466701e-05,6.24055835e-06,1.00659094e-05,8.88224559e-05,1.04888640e-06
2.326748,3.36559721e+00,-1.11716544e-02,-1.28948774e-02,-1.29235722e-03,-5.03442052e-06,-1.36726570e-05,-3.66559350e-06,8.88074090e-05,1.15259647e-06
2.328389,3.30578860e+00,-1.43064674e-02,-1.39331284e-02,-5.21433153e-04,-4.36472624e-07,-1.52321558e-05,6.02341674e-06,8.87849986e-05,1.26871977e-06
2.330030,3.24480309e+00,-1.42533263e-02,-1.43844849e-02,-9.05175253e-04,9.11732086e-06,-1.49115021e-05,1.17626089e-06,8.87723944e-05,1.37035363e-06
2.331671,3.18274344e+00,-2.39873405e-02,-1.57953878e-02,-1.63499440e-03,-8.30492725e-05,-2.55253414e-05,-6.12386984e-06,8.87578275e-05,1.48203353e-06
2.333312,3.11980695e+00,-2.20431836e-02,-1.63941744e-02,-7.06804548e-04,-3.85037860e-05,-2.50107437e-05,4.57359506e-06,8.87378497e-05,1.58780683e-06
2.334952,3.05625173e+00,-2.49461570e-02,-1.75981751e-02,-1.09483866e-03,-5.21373003e-05,-3.03589404e-05,7.63444641e-07,8.87276531e-05,1.72366691e-06
2.336593,2.99222429e+00,-2.28313031e-02,-1.60274354e-02,-1.35712597e-03,-4.39321571e-05,-1.40618793e-05,-3.06359445e-06,8.87169964e-05,1.89882218e-06
2.338234,2.92790246e+00,-2.14185882e-02,-1.75756001e-02,-1.27725567e-03,-1.48524634e-05,-2.43294875e-05,-1.43004776e-06,8.86974795e-05,1.96808224e-06
2.339875,2.86359300e+00,-3.06919678e-02,-1.85558592e-02,-7.87621649e-04,-9.64506679e-05,-2.83134042e-05,4.44143307e-06,8.86833058e-05,2.11137448e-06
2.341516,2.79956035e+00,-3.14296252e-02,-1.93624792e-02,-1.94613057e-03,-1.02121634e-04,-3.19694585e-05,-6.61224709e-06,8.86708121e-05,2.29287516e-06
2.343157,2.73607289e+00,-2.73256596e-02,-1.92907231e-02,-1.60626566e-03,-5.21000475e-05,-2.56532947e-05,-2.45574663e-06,8.86561831e-05,2.43370352e-06
2.344798,2.67341200e+00,-2.14638704e-02,-1.92423627e-02,-1.40524026e-03,-5.29742903e-06,-2.15308074e-05,-8.12227334e-07,8.86452976e-05,2.69233666e-06
2.346439,2.61179320e+00,-1.18357346e-02,-1.98511563e-02,-1.20990583e-03,7.35752364e-05,-2.44851109e-05,1.94777741e-07,8.86326814e-05,2.87590591e-06
2.348079,2.55152491e+00,-2.53372007e-02,-1.98310119e-02,-7.23227376e-04,-5.15743647e-05,-1.92446712e-05,5.00679082e-06,8.86186346e-05,2.97457493e-06
2.349720,2.49306609e+00,-3.17434792e-02,-2.04483416e-02,-1.53770869e-03,-9.86177811e-05,-2.07455569e-05,-2.42456878e-06,8.86059865e-05,3.12694701e-06
2.351361,2.43673411e+00,-4.11410286e-02,-1.98141246e-02,-2.00470083e-03,-1.85919772e-04,-1.02572328e-05,-6.13719328e-06,8.85948869e-05,3.32907108e-06
2.353002,2.38284564e+00,-2.90274766e-02,-2.06292401e-02,-2.20493196e-03,-7.35737492e-05,-1.32272786e-05,-8.34623344e-06,8.85865100e-05,3.73521280e-06
2.354643,2.33174418e+00,-1.73606055e-02,-2.22268016e-02,-7.78299978e-04,6.72452939e-05,-2.61335352e-05,6.74755414e-06,8.85749034e-05,3.85315913e-06
2.356284,2.28368942e+00,-2.24111671e-02,-2.16284963e-02,-1.46900937e-03,2.26817432e-06,-1.38911666e-05,-1.05915377e-06,8.85683599e-05,4.34969396e-06
2.357925,2.23883178e+00,-1.56930115e-02,-2.30601189e-02,-1.17373196e-03,6.97040709e-05,-2.47725497e-05,2.46044346e-06,8.85585915e-05,4.42627043e-06
2.359565,2.19741504e+00,-2.32446751e-02,-2.16038153e-02,-1.29713314e-03,-9.55265145e-06,-6.77963992e-06,1.37034778e-06,8.85511286e-05,4.65916721e-06
2.361206,2.15971441e+00,-1.96393279e-02,-2.20293983e-02,-1.62634908e-03,2.38826003e-05,-7.69143572e-06,-1.81652373e-06,8.85459631e-05,5.17256416e-06
2.362847,2.12589540e+00,-1.81394994e-02,-2.23458250e-02,-1.78624862e-03,3.20178654e-05,-7.90681398e-06,-3.70859214e-06,8.85423063e-05,5.82670838e-06
2.364488,2.09599981e+00,-2.86531506e-02,-1.87514559e-02,-1.27430279e-03,-5.87798384e-05,2.47091568e-05,2.35873342e-06,8.85351314e-05,5.76408764e-06
2.366129,2.07014427e+00,-9.49219528e-03,-2.51947472e-02,-9.04360225e-04,1.05862332e-04,-3.07234965e-05,5.49265949e-06,8.85335416e-05,6.50176233e-06
2.367770,2.04800984e+00,-1.02042167e-02,-2.54510768e-02,-1.47470564e-03,9.36568763e-05,-3.04720502e-05,-9.13777092e-07,8.85269158e-05,6.12453086e-06
2.369411,2.02964644e+00,-9.86006206e-03,-2.51869788e-02,-1.06062662e-03,8.34751460e-05,-2.35140651e-05,2.55914936e-06,8.85249615e-05,6.45936870e-06
2.371052,2.01480396e+00,-2.61470178e-03,-2.94722301e-02,-6.93625757e-04,1.17897800e-04,-4.99696874e-05,5.42792946e-06,8.85245351e-05,6.85400087e-06
2.372692,2.00327503e+00,-1.73103612e-02,-2.15157471e-02,-1.11639729e-03,-2.00065984e-05,2.43118463e-05,1.17375464e-06,8.85216050e-05,6.69394568e-06
2.374333,1.99504968e+00,-2.45907440e-02,-1.51590832e-02,-1.13105664e-03,-9.25617060e-05,8.60405055e-05,8.45291417e-07,8.85198705e-05,6.57918353e-06
2.375974,1.98992384e+00,-1.69106904e-02,-1.95548688e-02,-7.24164588e-04,-3.66545914e-06,3.07565976e-05,4.47812476e-06,8.85175643e-05,6.27873510e-06
2.377615,1.98759398e+00,-2.28059015e-02,-1.46871735e-02,-8.95996207e-04,-6.67974045e-05,7.72771695e-05,2.53735471e-06,8.85193872e-05,6.54283759e-06
2.379256,1.98765282e+00,-1.79463317e-02,-1.71146574e-02,-4.75561686e-04,-1.98953956e-05,4.91950927e-05,5.76090397e-06,8.85193897e-05,6.31808857e-06
2.380897,1.98969697e+00,-1.94213317e-02,-1.47652987e-02,-8.70423854e-04,-4.23140888e-05,7.37598159e-05,1.69188348e-06,8.85204806e-05,6.11378450e-06
2.382538,1.99343549e+00,-1.70264873e-02,-1.54345172e-02,-9.22159597e-04,5.41370087e-06,4.13096210e-05,1.12578368e-06,8.85167853e-05,5.08430140e-06
2.384178,1.99864132e+00,-9.50454726e-03,-2.09517931e-02,-1.03028106e-03,6.44650618e-05,-1.03477407e-05,-3.73856374e-07,8.85214905e-05,5.30833483e-06
2.385819,2.00474997e+00,-1.41933431e-02,-1.53134967e-02,-2.87174589e-04,1.55035831e-05,3.92895365e-05,6.36699396e-06,8.85218744e-05,4.71669192e-06
2.387460,2.01151367e+00,-1.23919038e-02,-1.72194415e-02,-1.96136935e-04,3.74723489e-05,6.87613052e-06,6.18135799e-06,8.85209484e-05,3.94501902e-06
2.389101,2.01865069e+00,-1.30644088e-02,-1.45888215e-02,-9.20240546e-04,2.94456095e-05,2.54834419e-05,-1.20897400e-06,8.85219304e-05,3.40382736e-06
2.390742,2.02582692e+00,-6.90016970e-03,-2.05786228e-02,-7.73903395e-04,7.01321581e-05,-2.29753578e-05,4.85228436e-07,8.85250350e-05,3.08320623e-06
2.392383,2.03273758e+00,-1.73113055e-02,-7.15087844e-03,-8.58810264e-04,-3.83057281e-05,1.05046580e-04,-8.98854614e-07,8.85279671e-05,2.71476782e-06
2.394024,2.03925511e+00,-1.27045368e-02,-1.12407261e-02,-2.04978636e-04,1.38344261e-05,4.55308543e-05,5.35395178e-06,8.85271743e-05,2.03426290e-06
2.395665,2.04515096e+00,-3.22601511e-03,-2.44987311e-02,-5.61411473e-04,9.50850485e-05,-8.09984878e-05,1.23823080e-06,8.85276982e-05,1.50943924e-06
2.397305,2.05016220e+00,-1.32903880e-02,-7.66257371e-03,-5.45265842e-04,-9.14331264e-06,8.12252603e-05,7.48126791e-07,8.85279473e-05,1.01380060e-06
2.398946,2.05420248e+00,-1.42048739e-02,-5.53062582e-03,-3.87903817e-04,-8.56368036e-06,7.48794141e-05,9.70869398e-07,8.85279095e-05,6.25922101e-07
2.400587,2.05713144e+00,-2.57049533e-03,-2.43064131e-02,-5.22009406e-04,1.00025233e-04,-1.14348629e-04,-7.04077181e-07,8.85294192e-05,3.66440976e-07
2.402228,2.05873678e+00,-7.86607255e-03,-1.41264201e-02,-7.80717131e-04,3.58309021e-05,-6.23146753e-06,-2.78269857e-06,8.85296908e-05,9.09674206e-08
2.403869,2.05890516e+00,-1.04066127e-02,-9.07537964e-03,-3.05174910e-04,7.02330992e-06,3.82368022e-05,1.47726174e-06,8.85300204e-05,1.37837346e-07
2.405510,2.05755305e+00,-1.36006669e-02,-1.22399011e-03,-8.55010660e-04,-1.56427258e-05,8.73168523e-05,-4.34724817e-06,8.85287768e-05,3.24859105e-07
2.407151,2.05460579e+00,-1.56205251e-02,2.26192203e-03,-7.69456497e-05,-2.92486318e-05,9.82774891e-05,3.76647003e-06,8.85287804e-05,4.61393610e-07
2.408791,2.04999499e+00,-1.97720857e-02,1.32644615e-02,-7.34202226e-05,-5.69602297e-05,1.68855531e-04,2.90109089e-06,8.85239313e-05,5.91320189e-07
2.410432,2.04370003e+00,-1.31673990e-02,-5.37723094e-04,1.33592931e-04,9.43141406e-06,1.66906391e-05,4.02260145e-06,8.85260188e-05,6.82186932e-07
2.412073,2.03569811e+00,-1.58282335e-02,5.59526782e-03,-4.43843102e-04,-1.49738236e-05,6.22200424e-05,-2.13550601e-06,8.85245508e-05,7.88024817e-07
2.413714,2.02602058e+00,-1.25414167e-02,-2.09513782e-03,-2.44120154e-04,1.29254990e-05,-1.24901731e-05,3.77945611e-07,8.85253612e-05,9.29160344e-07
2.415355,2.01471290e+00,-7.81313404e-03,-1.50157237e-02,-9.13651446e-04,5.64166947e-05,-1.40601481e-04,-6.05286267e-06,8.85224222e-05,1.03112641e-06
2.416996,2.00185183e+00,-1.36236164e-02,1.23565208e-03,-2.80990195e-05,-3.43731371e-06,2.06384197e-05,2.52419896e-06,8.85204037e-05,1.15508283e-06
2.418637,1.98756748e+00,-1.49011918e-02,4.04651178e-03,-1.52894676e-04,-1.77153381e-05,4.95231415e-05,1.16756021e-06,8.85188621e-05,1.31783521e-06
2.420278,1.97201676e+00,-1.25630944e-02,-8.12176455e-03,-6.32171850e-04,5.00727918e-06,-6.68589557e-05,-3.50793100e-06,8.85185169e-05,1.57595723e-06
2.421918,1.95530829e+00,-1.36761675e-02,-2.79435229e-03,-4.99354059e-04,-1.00687494e-05,2.22689014e-07,-1.26748722e-06,8.85155696e-05,1.72611416e-06
2.423559,1.93763661e+00,-1.74714603e-02,1.07171269e-02,-1.56511891e-04,-4.30269249e-05,1.22144737e-04,2.00670446e-06,8.85109644e-05,1.81692990e-06
2.425200,1.91925205e+00,-1.54263243e-02,-5.69487940e-06,-8.30772348e-04,-2.21516615e-05,2.11463540e-05,-4.39178081e-06,8.85080811e-05,2.00823776e-06
2.426841,1.90035464e+00,-1.81057558e-02,1.26446625e-02,1.19299084e-04,-4.07287260e-05,1.29467890e-04,5.07097773e-06,8.85048494e-05,2.19548026e-06
2.428482,1.88128543e+00,-1.75251294e-02,5.21698729e-03,8.43419046e-05,-2.63093078e-05,3.73871194e-05,4.60738746e-06,8.85037561e-05,2.58294794e-06
2.430123,1.86217539e+00,-1.84207312e-02,1.02498777e-02,-5.44820373e-04,-3.19198545e-05,8.68683743e-05,-1.34144083e-06,8.84998539e-05,2.69846202e-06
2.431764,1.84324321e+00,-1.88845524e-02,1.33287613e-02,-6.13461819e-05,-3.19680392e-05,1.18381620e-04,3.56240213e-06,8.84984565e-05,3.05064480e-06
2.433404,1.82471646e+00,-1.92065709e-02,1.63912398e-02,-1.18233334e-04,-2.97521072e-05,1.31933802e-04,2.99966278e-06,8.84929575e-05,2.98932555e-06
2.435045,1.80688375e+00,-1.70438480e-02,-1.18427925e-02,-9.19834313e-04,-6.50691034e-06,-1.26926558e-04,-4.56318907e-06,8.84928694e-05,3.47306220e-06
2.436686,1.78981399e+00,-1.83953975e-02,-4.00601458e-03,-2.53833033e-04,-1.56085245e-05,-6.09575527e-05,1.82653601e-06,8.84879617e-05,3.37842311e-06
2.438327,1.77388143e+00,-1.86508427e-02,-4.81420523e-03,-3.88448598e-04,-1.31138129e-05,-6.71946913e-05,8.99144551e-07,8.84883323e-05,3.92323054e-06
2.439968,1.75925436e+00,-1.95389664e-02,-3.23065525e-03,-6.00708832e-04,-1.71701218e-05,-7.51043200e-05,-1.73152960e-06,8.84841732e-05,3.86260188e-06
2.441609,1.74611183e+00,-1.89080947e-02,8.53718113e-03,-1.27436704e-04,-6.75687340e-06,4.27439998e-05,3.17413341e-06,8.84831584e-05,4.14320513e-06
2.443250,1.73456174e+00,-1.90146462e-02,6.91892428e-03,1.45030033e-05,-4.99614586e-06,1.88704427e-05,4.07974351e-06,8.84806733e-05,4.17677865e-06
2.444891,1.72476375e+00,-2.03098097e-02,-2.19504439e-03,-5.21447920e-04,-1.52616889e-05,-7.00029636e-05,-1.08175492e-06,8.84797386e-05,4.40231920e-06
2.446531,1.71673520e+00,-1.97344225e-02,3.67945349e-03,-7.54452675e-05,-6.15451971e-06,-1.10278182e-05,2.74059682e-06,8.84784760e-05,4.48955164e-06
2.448172,1.71059622e+00,-2.00938444e-02,4.66650809e-03,-2.57269977e-04,-7.26087163e-06,-3.98244375e-06,9.98978182e-07,8.84781062e-05,4.68972538e-06
2.449813,1.70631060e+00,-2.06795582e-02,9.39130367e-04,-3.04791113e-04,-4.65093612e-06,-9.95596630e-06,1.39525848e-06,8.84800153e-05,5.15462108e-06
2.451454,1.70379724e+00,-1.93774869e-02,7.32147516e-03,-5.31997083e-04,9.68689282e-06,4.87274609e-05,-8.47359578e-07,8.84782165e-05,4.95553753e-06
2.453095,1.70326997e+00,-2.00037525e-02,4.01813368e-03,-3.45074599e-04,9.99503067e-07,-2.36338156e-06,9.05782941e-07,8.84768378e-05,4.80690152e-06
2.454736,1.70469006e+00,-2.49759686e-02,-9.07839153e-03,-8.39402643e-04,-4.47420538e-05,-1.24398260e-04,-3.82466471e-06,8.84771174e-05,4.84662260e-06
2.456377,1.70786962e+00,-1.29718905e-02,2.21905328e-02,-1.25849258e-04,7.01335542e-05,1.68613504e-04,2.67798846e-06,8.84769585e-05,4.72448942e-06
2.458017,1.71294551e+00,-2.02144967e-02,3.97194345e-03,-5.16172054e-04,1.14513271e-06,-5.42193951e-06,-3.70217137e-07,8.84798608e-05,5.13232672e-06
2.459658,1.71958550e+00,-1.96270731e-02,3.51815600e-03,-9.12988749e-04,9.09847387e-06,-4.92098529e-06,-3.58885068e-06,8.84795099e-05,4.82389563e-06
2.461299,1.72777625e+00,-2.08049376e-02,2.32168281e-03,-6.79871283e-04,-3.81637866e-06,-1.91428400e-05,-7.90060928e-07,8.84820453e-05,5.02329423e-06
2.462940,1.73740686e+00,-1.86667505e-02,5.91759276e-03,-2.75220312e-04,7.42142550e-06,-3.13770774e-06,1.83508386e-06,8.84802842e-05,4.42195336e-06
2.464581,1.74840000e+00,-1.89067083e-02,4.84871991e-03,-5.60779974e-04,1.01518626e-06,-1.86229628e-05,-1.60079697e-06,8.84812691e-05,4.23750593e-06
2.466222,1.76055278e+00,-1.85501067e-02,4.66116577e-03,-8.75334669e-04,1.53530108e-05,1.65536788e-06,-3.62306477e-06,8.84871423e-05,4.75953065e-06
2.467863,1.77359547e+00,-2.78778005e-02,-7.92815180e-03,-8.76766054e-04,-6.63144805e-05,-1.03131025e-04,-3.21430267e-06,8.84892658e-05,4.60921507e-06
2.469503,1.78738603e+00,-1.94310589e-02,4.29392934e-03,-1.54191121e-04,8.89115888e-06,4.68999201e-06,3.69641443e-06,8.84877883e-05,3.90646849e-06
2.471144,1.80204521e+00,-1.43226025e-02,9.45472263e-03,-3.04784409e-04,4.55004093e-05,3.93025804e-05,9.40642864e-07,8.84905338e-05,3.88730497e-06
2.472785,1.81743126e+00,-1.70346556e-02,5.19882420e-03,-4.39160578e-04,1.68846154e-05,-1.23628504e-06,-3.42812508e-07,8.84938853e-05,3.88124570e-06
2.474426,1.83334918e+00,-1.97201796e-02,1.61479481e-03,-8.79069029e-04,-2.04653157e-05,-4.75028463e-05,-4.06705689e-06,8.84947632e-05,3.52765227e-06
2.476067,1.84972366e+00,-5.79190527e-03,1.66084443e-02,3.48468525e-05,1.03016855e-04,8.82107243e-05,3.95766201e-06,8.84980158e-05,3.47147531e-06
2.477708,1.86648782e+00,-2.30732350e-02,-1.25579541e-03,-6.01398784e-04,-7.76199083e-05,-9.53652288e-05,-3.27068604e-06,8.84995057e-05,3.20236848e-06
2.479349,1.88342153e+00,-9.90307519e-03,1.04087077e-02,-1.76101158e-04,4.88073400e-05,2.02200991e-05,4.13990256e-07,8.85026731e-05,3.07326551e-06
2.480990,1.90043078e+00,-2.17371598e-02,-7.21697798e-04,-9.83448976e-04,-6.85972517e-05,-8.54164428e-05,-6.59847221e-06,8.85044926e-05,2.80271233e-06
2.482630,1.91735938e+00,-1.66959228e-02,3.83338230e-03,-5.43837958e-04,-8.91963756e-06,-2.71192591e-05,-1.57232564e-06,8.85085683e-05,2.73211596e-06
2.484271,1.93414232e+00,-2.59949076e-02,-4.13873255e-03,-7.28429384e-04,-9.89695947e-05,-1.00546074e-04,-4.34666856e-06,8.85111339e-05,2.53830383e-06
2.485912,1.95069558e+00,-2.06903462e-02,-6.38986671e-04,-9.15164933e-04,-4.16492262e-05,-5.69170441e-05,-5.70564140e-06,8.85143303e-05,2.39252988e-06
2.487553,1.96696526e+00,-2.19246407e-02,-9.00568271e-04,-4.53489055e-04,-5.96777778e-05,-6.21120817e-05,-4.20761878e-07,8.85150638e-05,2.05098191e-06
2.489194,1.98287443e+00,-1.95397279e-02,9.75221473e-04,-6.05177619e-04,-1.86563095e-05,-2.65172171e-05,-1.22484840e-06,8.85187032e-05,1.93469945e-06
2.490835,1.99837865e+00,-1.77488455e-02,1.76586492e-03,-2.13423137e-04,-1.45539575e-05,-2.74426963e-05,1.57207538e-06,8.85200962e-05,1.70030591e-06
2.492476,2.01350174e+00,-5.56537594e-03,9.93810239e-03,-1.81989532e-04,8.42839876e-05,3.95860179e-05,8.95306679e-07,8.85217709e-05,1.51450101e-06
2.494116,2.02820522e+00,-5.55871884e-03,9.20886628e-03,1.58765506e-06,7.23963966e-05,2.77748911e-05,2.38575015e-06,8.85243874e-05,1.40112247e-06
2.495757,2.04239967e+00,-1.22111899e-02,4.95273105e-03,1.38287448e-04,2.84208784e-06,-1.45230940e-05,3.93609034e-06,8.85255248e-05,1.18869549e-06
2.497398,2.05603489e+00,-1.02449146e-02,6.55819896e-03,-3.07408292e-04,1.50597123e-05,-2.43339229e-07,-1.08926437e-06,8.85280275e-05,1.08846748e-06
2.499039,2.06906696e+00,-1.06692411e-02,5.95189649e-03,-4.40525382e-04,1.74011156e-05,1.61571666e-06,-2.23675623e-06,8.85319221e-05,1.04935452e-06
2.500680,2.08144966e+00,-2.18899690e-02,-6.03517241e-04,-1.00343625e-03,-8.67101934e-05,-5.59731090e-05,-6.97626025e-06,8.85355938e-05,1.00144092e-06
2.502321,2.09313651e+00,-2.49089073e-02,-3.28990150e-03,-1.17310698e-03,-1.14170820e-04,-8.01011960e-05,-8.28334523e-06,8.85351120e-05,7.69764955e-07
2.503962,2.10411795e+00,-2.40217539e-03,9.18204561e-03,-2.12157362e-04,9.86588677e-05,3.95476778e-05,1.11227288e-06,8.85373470e-05,6.83241606e-07
2.505603,2.11441086e+00,1.54926105e-03,1.11158208e-02,4.77387426e-04,1.14261999e-04,4.67873780e-05,7.31330926e-06,8.85380912e-05,5.65801960e-07
2.507243,2.12399721e+00,-1.15807598e-02,4.31831290e-03,-1.86790625e-04,-1.60058143e-05,-1.73300862e-05,7.61617736e-07,8.85415403e-05,5.58065330e-07
2.508884,2.13280789e+00,-8.70056135e-03,5.62300724e-03,2.55697063e-05,1.85245542e-05,1.64636995e-07,2.66588676e-06,8.85424032e-05,4.48398433e-07
2.510525,2.14084728e+00,-1.47263211e-02,2.66692920e-03,-9.14117278e-04,-5.12981416e-05,-3.27545011e-05,-7.39407895e-06,8.85441846e-05,4.04991396e-07
2.512166,2.14810803e+00,-4.34318578e-03,7.54503793e-03,-1.79567020e-05,3.01305363e-05,5.81247095e-06,1.38587831e-06,8.85427061e-05,2.85470596e-07
2.513807,2.15458858e+00,-2.35461220e-02,-1.25634461e-03,-5.44681844e-04,-1.47988762e-04,-7.28273776e-05,-3.16545036e-06,8.85472376e-05,3.43331432e-07
2.515448,2.16022985e+00,-1.20706224e-02,3.59646696e-03,-2.71303882e-04,-2.76050822e-05,-2.01764601e-05,-8.94481306e-07,8.85472956e-05,2.93659855e-07
2.517089,2.16504610e+00,-7.17977025e-03,6.15406397e-03,-1.89798564e-04,1.64402771e-05,5.00933422e-06,5.13078834e-07,8.85482388e-05,2.94454233e-07
2.518729,2.16903012e+00,6.53920253e-03,1.15615976e-02,3.76721124e-04,1.57187770e-04,6.04428873e-05,6.09805756e-06,8.85491000e-05,3.10482526e-07
2.520370,2.17219966e+00,1.07897005e-02,1.34921484e-02,-9.32341660e-05,1.77305653e-04,7.10161812e-05,7.26377522e-07,8.85498398e-05,3.41223361e-07
2.522011,2.17457638e+00,-6.15783508e-03,5.82349436e-03,-2.44270539e-04,-1.26403855e-05,-1.31959871e-05,-1.35185991e-06,8.85482730e-05,3.52222028e-07
2.523652,2.17614312e+00,2.91336407e-03,9.40522714e-03,1.70048871e-04,7.28861932e-05,2.18839542e-05,2.83248382e-06,8.85500738e-05,4.04013859e-07
2.525293,2.17689656e+00,-1.20112116e-02,4.27005913e-03,-7.91158030e-04,-8.20856576e-05,-3.02591265e-05,-7.23117130e-06,8.85482498e-05,4.20609544e-07
2.526934,2.17682921e+00,9.83585950e-04,8.75406235e-03,4.49517743e-04,5.45996128e-05,1.79418816e-05,5.25065740e-06,8.85507012e-05,4.90017352e-07
2.528575,2.17595781e+00,-1.79203439e-03,7.05539974e-03,1.92641321e-04,1.01891720e-05,-3.72756408e-06,9.65634393e-07,8.85489844e-05,5.06160439e-07
2.530216,2.17429662e+00,-1.51519995e-03,7.43263797e-03,2.51687377e-04,1.73419621e-05,3.42338753e-06,1.53404465e-06,8.85498323e-05,5.58880002e-07
2.531856,2.17183817e+00,-1.94985912e-03,6.88008342e-03,6.62539467e-05,1.11746615e-05,-1.47869129e-06,-4.09711205e-07,8.85474795e-05,5.64049120e-07
2.533497,2.16860403e+00,-1.27689619e-02,3.54088278e-03,-1.40380266e-04,-9.00675596e-05,-3.20346495e-05,-1.43159844e-06,8.85468916e-05,6.02548983e-07
2.535138,2.16459854e+00,-5.75689351e-03,6.13919874e-03,-3.62946133e-04,-2.19153829e-05,-6.81591523e-06,-2.93830874e-06,8.85456796e-05,6.28803227e-07
2.536779,2.15984253e+00,6.23983987e-03,9.34489402e-03,4.05766199e-04,1.02519251e-04,2.69040633e-05,4.59320853e-06,8.85462416e-05,6.79548950e-07
2.538420,2.15437708e+00,4.14373876e-03,8.90451298e-03,1.22348552e-04,6.71687868e-05,1.86168383e-05,1.92949634e-06,8.85462213e-05,7.36966341e-07
2.540061,2.14823079e+00,-1.45561858e-02,3.71728373e-03,-3.68256455e-04,-1.22435797e-04,-3.38897530e-05,-3.99610977e-06,8.85439079e-05,7.46980142e-07
2.541702,2.14139199e+00,-9.16874267e-04,7.39432110e-03,4.19342833e-04,2.08325510e-05,4.46371728e-06,3.44360181e-06,8.85445682e-05,8.16048428e-07
2.543342,2.13389670e+00,7.31969422e-03,9.06362229e-03,6.98953685e-05,7.37388855e-05,1.37024962e-05,-7.05875559e-07,8.85390937e-05,7.55826338e-07
2.544983,2.12582071e+00,-1.03460341e-03,8.06597968e-03,2.94214318e-04,-1.46817016e-05,1.79041721e-06,1.24049075e-06,8.85409986e-05,8.69692962e-07
2.546624,2.11714292e+00,1.10603815e-02,1.01691452e-02,2.69792721e-04,8.62113693e-05,1.74344564e-05,9.97436208e-07,8.85367368e-05,8.28963767e-07
2.548265,2.10791158e+00,3.63628383e-03,8.81977632e-03,5.19940236e-04,1.81466508e-05,6.18281131e-06,3.86128164e-06,8.85377260e-05,9.17903965e-07
2.549906,2.09811790e+00,-2.69821147e-03,8.06061588e-03,2.54563256e-04,-4.15234346e-05,-2.94189427e-07,3.49386651e-07,8.85360884e-05,9.46436035e-07
2.551547,2.08777469e+00,-1.53492707e-02,4.81762354e-03,-3.99777512e-04,-1.48903386e-04,-2.90709636e-05,-5.22850418e-06,8.85341299e-05,9.63044015e-07
2.553188,2.07689748e+00,-5.38578466e-03,7.17072599e-03,6.79886835e-04,-4.40180928e-05,-4.77266366e-06,4.84171864e-06,8.85332617e-05,1.00785747e-06
2.554829,2.06556140e+00,4.69881919e-03,9.21637908e-03,-1.45911478e-04,2.18346568e-05,8.52854932e-06,-3.66640661e-06,8.85265545e-05,8.97793403e-07
2.556469,2.05386393e+00,2.00514768e-03,8.67804116e-03,-1.42316121e-04,-1.12735184e-05,1.32575218e-06,-3.51329869e-06,8.85279243e-05,1.02282064e-06
2.558110,2.04176232e+00,2.25963927e-03,8.75110507e-03,8.70824104e-04,5.69646066e-06,3.56668807e-06,7.34264719e-06,8.85279154e-05,1.10720313e-06
2.559751,2.02928607e+00,1.36232422e-03,8.79307950e-03,7.82575071e-04,-5.95104769e-06,2.69173480e-06,5.15789984e-06,8.85274244e-05,1.19344371e-06
2.561392,2.01647438e+00,7.06287510e-03,9.16154624e-03,5.61662539e-04,4.88205572e-05,5.87497916e-06,2.40508612e-06,8.85252579e-05,1.20813959e-06
2.563033,2.00335791e+00,9.29527545e-03,9.37782682e-03,-2.77688839e-04,6.81531370e-05,8.08721668e-06,-5.66193714e-06,8.85221648e-05,1.18648858e-06
2.564674,1.98998941e+00,1.53301303e-02,9.90336697e-03,5.06252404e-04,1.09655876e-04,1.12150675e-05,2.52362955e-06,8.85182852e-05,1.14456981e-06
2.566315,1.97639972e+00,3.80036935e-03,9.10364560e-03,3.38119862e-04,1.77277361e-05,4.93733138e-06,1.13032675e-06,8.85181969e-05,1.23079209e-06
2.567955,1.96259304e+00,5.67247923e-03,9.01210666e-03,1.72851559e-04,1.21454561e-05,1.41601592e-06,-7.74044502e-07,8.85125900e-05,1.12656907e-06
2.569596,1.94868790e+00,-1.06115106e-03,8.80105731e-03,5.09238483e-04,-5.77856534e-05,-1.89793212e-06,2.29248346e-06,8.85126628e-05,1.24973507e-06
2.571237,1.93464666e+00,2.68699846e-03,9.37732246e-03,3.47481837e-04,-1.30193817e-05,4.24905416e-06,1.19110042e-06,8.85112731e-05,1.28924087e-06
2.572878,1.92047376e+00,1.02558764e-02,9.17364655e-03,9.33078431e-04,7.94012289e-05,1.75276771e-06,7.44878965e-06,8.85112692e-05,1.40850953e-06
2.574519,1.90623571e+00,3.39052407e-04,9.40363671e-03,3.29995640e-04,-4.47842948e-05,2.42276987e-06,1.51375968e-07,8.85045444e-05,1.21486829e-06
2.576160,1.89203338e+00,1.40447064e-02,9.09462410e-03,4.69493719e-04,7.57445272e-05,-1.19746230e-06,1.21432296e-06,8.85032224e-05,1.27245945e-06
2.577801,1.87787431e+00,-1.35310859e-03,9.95384293e-03,-6.55475380e-05,-5.13462595e-05,6.90675779e-06,-2.86555710e-06,8.85054384e-05,1.52410310e-06
2.579442,1.86367734e+00,3.69233684e-03,9.27674455e-03,-1.31934815e-04,-5.88132379e-06,-3.11503782e-07,-3.13546042e-06,8.84992935e-05,1.30327735e-06
2.581082,1.84957732e+00,-1.76178650e-03,9.99062763e-03,9.19585211e-05,-7.03978081e-05,7.05918630e-06,-1.04751863e-06,8.84962820e-05,1.27372706e-06
2.582723,1.83558772e+00,1.09640742e-02,8.88451251e-03,3.52379598e-04,5.89925183e-05,-5.13557892e-06,1.53538298e-06,8.84950990e-05,1.32753964e-06
2.584364,1.82175626e+00,2.48879145e-02,7.76328131e-03,8.68962353e-04,1.72030859e-04,-1.42475847e-05,5.66083100e-06,8.84915517e-05,1.25768245e-06
2.586005,1.80821251e+00,1.18267686e-02,8.99245962e-03,4.29031323e-04,2.71606896e-05,-1.36171450e-06,1.39607443e-06,8.84910942e-05,1.37948317e-06
2.587646,1.79489404e+00,4.60217156e-03,9.36036481e-03,-1.69567293e-04,-2.86390088e-05,5.10226168e-08,-3.51937833e-06,8.84911386e-05,1.51310791e-06
2.589287,1.78176452e+00,-1.52236779e-03,1.08794509e-02,-3.78620835e-06,-8.55837071e-05,1.53198710e-05,-1.88535860e-06,8.84885612e-05,1.47168092e-06
2.590928,1.76883709e+00,2.54962448e-02,6.67469974e-03,1.10951618e-03,1.90664413e-04,-2.77866435e-05,9.16451648e-06,8.84878320e-05,1.53788748e-06
2.592568,1.75622373e+00,-6.00365132e-03,1.13052844e-02,-1.33121275e-04,-1.34175598e-04,2.06778850e-05,-4.23906018e-06,8.84835188e-05,1.39233934e-06
2.594209,1.74393893e+00,1.09158896e-02,8.82981581e-03,6.06624979e-05,9.09744316e-06,-5.51750211e-08,-3.07584560e-06,8.84789617e-05,1.22317025e-06
2.595850,1.73206077e+00,-5.59422129e-03,1.22405086e-02,-5.62191616e-05,-1.23430187e-04,2.84116779e-05,-2.29766364e-06,8.84837380e-05,1.68102417e-06
2.597491,1.72040894e+00,3.68971016e-03,1.01528057e-02,-1.43244779e-04,-2.37669096e-05,6.62806515e-06,-3.14543119e-06,8.84793145e-05,1.44126877e-06
2.599132,1.70912181e+00,6.57923122e-03,9.30736583e-03,4.38797133e-04,4.82112482e-06,-1.68532626e-06,3.57719477e-06,8.84790695e-05,1.55330910e-06
2.600773,1.69823561e+00,5.42370183e-03,9.46529438e-03,3.70577494e-04,-1.70682822e-05,2.19535886e-06,2.06484687e-06,8.84756651e-05,1.41294029e-06
2.602414,1.68780038e+00,5.81836514e-03,9.67223332e-03,-1.09794724e-04,-1.09199697e-05,3.25808683e-06,-2.50348213e-06,8.84762711e-05,1.58689868e-06
2.604055,1.67778136e+00,2.07385343e-03,1.05700258e-02,-5.63118312e-05,-5.47881185e-05,1.39174637e-05,-2.42441528e-06,8.84725177e-05,1.39270172e-06
2.605695,1.66822303e+00,1.89767854e-02,4.95065822e-03,7.78263430e-04,1.10706400e-04,-4.13601732e-05,5.09626940e-06,8.84735367e-05,1.58791094e-06
2.607336,1.65917456e+00,7.39614664e-03,8.96314683e-03,4.58670776e-04,-2.26277921e-05,5.33434885e-06,1.64083181e-06,8.84704639e-05,1.45326062e-06
2.608977,1.65065117e+00,8.27886237e-03,8.67089516e-03,3.05956553e-04,-2.70768660e-05,8.19585539e-06,-5.25835854e-07,8.84684342e-05,1.38482581e-06
2.610618,1.64264453e+00,9.03158772e-03,7.68193565e-03,4.60437332e-04,-1.51044133e-05,-1.78946989e-06,9.89200923e-07,8.84694036e-05,1.57392593e-06
2.612259,1.63506212e+00,4.54103503e-03,9.38502541e-03,-1.41344678e-04,-3.66627672e-05,7.73660036e-06,-4.32514690e-06,8.84693640e-05,1.63936627e-06
2.613900,1.62786386e+00,6.00243863e-03,9.33442604e-03,1.42022936e-04,-1.32578188e-05,4.18959036e-06,-5.42317574e-07,8.84678252e-05,1.56889553e-06
2.615541,1.62110890e+00,5.42906066e-03,9.51050697e-03,-1.97769645e-05,-1.36424330e-05,4.45277796e-06,-1.62340030e-06,8.84671382e-05,1.57567967e-06
2.617181,1.61479799e+00,7.70212074e-03,8.39633577e-03,3.38886984e-04,1.63874884e-05,-1.04639147e-05,1.64380975e-06,8.84666354e-05,1.59513830e-06
2.618822,1.60894075e+00,-3.64738067e-03,1.42219219e-02,-1.63924490e-04,-9.53162286e-05,4.75195484e-05,-3.25831970e-06,8.84644528e-05,1.44594526e-06
2.620463,1.60354740e+00,2.30774056e-04,1.21794880e-02,5.50456334e-05,-5.44134747e-05,2.67406522e-05,-1.10434489e-06,8.84645159e-05,1.51479117e-06
2.622104,1.59859483e+00,7.35453671e-03,8.04635925e-03,-2.04254075e-04,3.02861171e-05,-2.08553866e-05,-2.49971509e-06,8.84659530e-05,1.70586851e-06
2.623745,1.59411233e+00,3.33860968e-03,1.03042232e-02,3.14550201e-05,-3.45607613e-05,1.57993499e-05,-1.08189766e-06,8.84623110e-05,1.41175046e-06
2.625386,1.59017037e+00,1.65203869e-02,1.93723107e-03,3.14563134e-04,7.81452949e-05,-5.61324987e-05,1.08780581e-06,8.84613509e-05,1.37342700e-06
2.627027,1.58679901e+00,1.47037337e-02,3.08669393e-03,4.74516152e-04,4.42512377e-05,-3.31499130e-05,2.65379343e-06,8.84621532e-05,1.53673849e-06
2.628668,1.58392473e+00,3.87093390e-03,9.47721655e-03,-3.49834811e-05,-5.86812933e-05,2.94206625e-05,-2.13334715e-06,8.84624393e-05,1.60717762e-06
2.630308,1.58142789e+00,-2.14295648e-03,1.40713223e-02,-4.19069948e-04,-1.00463809e-04,6.52033551e-05,-5.10366087e-06,8.84633043e-05,1.70867741e-06
2.631949,1.57919350e+00,-4.29155891e-03,1.57222627e-02,-2.61936093e-04,-9.04133824e-05,6.17415590e-05,-2.62491692e-06,8.84635448e-05,1.70097670e-06
2.633590,1.57716733e+00,-5.52106435e-04,1.33028145e-02,-2.48160348e-04,-3.98014191e-05,2.80052008e-05,-1.57411137e-06,8.84610139e-05,1.39452669e-06
2.635231,1.57547754e+00,3.68577663e-03,9.95161577e-03,4.54721740e-04,-3.63981732e-06,-4.36974584e-07,4.59078975e-06,8.84609212e-05,1.40327725e-06
2.636872,1.57417628e+00,5.16673852e-03,8.39261117e-03,2.84958836e-04,1.41372404e-05,-1.83346519e-05,2.90323026e-06,8.84628720e-05,1.62737568e-06
2.638513,1.57320024e+00,7.31731055e-03,6.36239064e-03,-1.05903595e-04,2.30985521e-05,-2.86293066e-05,-1.61471085e-06,8.84599235e-05,1.30851918e-06
2.640154,1.57254335e+00,-3.24926684e-03,1.59826806e-02,-3.36133010e-05,-6.26096494e-05,5.18193603e-05,-2.00290655e-07,8.84612123e-05,1.42692705e-06
2.641794,1.57213463e+00,-1.50806083e-03,1.39737515e-02,-4.36096595e-04,-5.11415870e-05,3.73797678e-05,-4.54158203e-06,8.84606951e-05,1.36722848e-06
2.643435,1.57201086e+00,5.41444107e-04,1.26511473e-02,1.07647639e-05,-2.75551841e-05,2.19811518e-05,4.91523953e-07,8.84612911e-05,1.41296926e-06
2.645076,1.57213432e+00,2.58787814e-03,1.06175289e-02,3.70238832e-04,-2.00270806e-05,1.38951552e-05,3.39809865e-06,8.84586460e-05,1.11653036e-06
2.646717,1.57257578e+00,6.09921054e-03,7.11916551e-03,4.00357544e-04,4.95481787e-06,-1.00272032e-05,2.69017165e-06,8.84603961e-05,1.31216248e-06
2.648358,1.57329093e+00,4.77645749e-03,8.16852436e-03,1.33820697e-04,-1.69249373e-05,9.80257328e-06,2.80330344e-07,8.84599574e-05,1.25555712e-06
2.649999,1.57419395e+00,5.58927383e-03,7.24776095e-03,2.06400962e-04,1.27045671e-05,-1.98571083e-05,1.94846894e-06,8.84637866e-05,1.60552086e-06
2.651640,1.57515370e+00,5.27258325e-03,7.59630809e-03,1.73819444e-04,1.99977920e-05,-2.71932127e-05,1.47174387e-06,8.84628298e-05,1.43962114e-06
2.653280,1.57621114e+00,1.23494536e-02,-1.14713659e-03,1.84849347e-05,8.67319232e-05,-1.09563001e-04,6.31422374e-08,8.84623755e-05,1.35149886e-06
2.654921,1.57745124e+00,1.66845373e-02,-7.69320539e-03,6.62140897e-04,1.12018492e-04,-1.52807999e-04,5.93915508e-06,8.84620013e-05,1.30772646e-06
2.656562,1.57888304e+00,9.30143070e-03,1.90930214e-03,-2.88915931e-05,3.44470650e-05,-5.13200451e-05,-6.85501922e-07,8.84622118e-05,1.30879946e-06
2.658203,1.58040196e+00,5.81584400e-03,6.21223265e-03,-3.42158017e-04,4.24551811e-06,-1.17370340e-05,-3.41715762e-06,8.84624623e-05,1.29022244e-06
2.659844,1.58197936e+00,5.91385031e-03,5.08945009e-03,2.62941413e-04,3.30441346e-06,-1.81119640e-05,2.52792790e-06,8.84630343e-05,1.31088928e-06
2.661485,1.58361205e+00,-1.87135977e-03,1.60277655e-02,1.79542502e-05,-7.35738718e-05,9.14360529e-05,1.23850717e-07,8.84626288e-05,1.23241700e-06
2.663126,1.58525916e+00,1.22800901e-02,-4.41871577e-03,5.91249213e-04,5.59085696e-05,-9.48459744e-05,5.39755852e-06,8.84619480e-05,1.12658461e-06
2.664767,1.58698208e+00,6.37491756e-03,3.78728994e-03,1.96464036e-04,-2.60360236e-06,-9.16274492e-06,9.95380179e-07,8.84642482e-05,1.32427639e-06
2.666407,1.58867979e+00,7.35112203e-03,2.37657914e-03,3.30349036e-04,5.68182789e-06,-1.99770216e-05,2.28747763e-06,8.84634412e-05,1.19468341e-06
2.668048,1.59030838e+00,5.08985161e-04,1.29618919e-02,2.03653950e-05,-4.52865108e-05,6.35489234e-05,-5.42407175e-07,8.84651342e-05,1.28394927e-06
2.669689,1.59176814e+00,1.10122049e-02,-4.59629929e-03,2.81321654e-05,6.35194474e-05,-1.17529787e-04,-5.07562860e-07,8.84641740e-05,1.11846923e-06
2.671330,1.59317243e+00,-2.14958088e-03,1.73455398e-02,-6.71979975e-04,-7.74102967e-05,1.17731662e-04,-7.35493050e-06,8.84619872e-05,9.12731093e-07
2.672971,1.59448162e+00,1.31215684e-02,-9.01166990e-03,7.04723100e-04,8.25953991e-05,-1.55064562e-04,6.82940527e-06,8.84659829e-05,1.19938827e-06
2.674612,1.59566513e+00,9.63793791e-04,1.18723035e-02,-6.75670294e-04,-3.73613496e-05,5.31249683e-05,-6.75982047e-06,8.84645955e-05,1.04854755e-06
2.676253,1.59673233e+00,4.68973539e-03,5.91502560e-03,-5.61706347e-06,-1.21659081e-05,1.53709063e-05,-2.63080120e-07,8.84635270e-05,9.37249682e-07
2.677893,1.59768307e+00,1.47387173e-03,1.09901670e-02,-7.82245349e-06,-3.53118012e-05,5.37013090e-05,3.88686609e-07,8.84658682e-05,1.08763575e-06
2.679534,1.59842583e+00,8.09714404e-03,-2.23777456e-03,-2.74302091e-04,2.64997525e-05,-6.92577998e-05,-2.50318766e-06,8.84643821e-05,9.24430874e-07
2.681175,1.59900823e+00,5.50130017e-03,2.16744227e-03,-1.65677731e-04,-2.07585527e-06,-1.74325139e-05,-8.44052864e-07,8.84639363e-05,8.64420267e-07
2.682816,1.59939295e+00,5.79265649e-03,2.09727728e-03,9.96091429e-05,4.67757471e-06,-2.11570710e-05,1.46572978e-06,8.84643812e-05,8.66124174e-07
2.684457,1.59957115e+00,-1.64908443e-03,1.74033616e-02,-4.12271813e-04,-6.40872851e-05,1.25849922e-04,-3.10892525e-06,8.84662383e-05,9.80634741e-07
2.686098,1.59948526e+00,6.83252214e-03,-5.61504911e-04,1.60091201e-04,1.88582664e-05,-5.03203966e-05,2.12187095e-06,8.84655584e-05,8.84081575e-07
2.687739,1.59916407e+00,3.41871403e-03,6.54736013e-03,-3.18055817e-04,-1.47085868e-05,2.17001686e-05,-3.05876682e-06,8.84655017e-05,8.58564518e-07
2.689380,1.59855594e+00,7.96503016e-03,-4.46345774e-03,1.37616689e-04,3.12488568e-05,-8.85888968e-05,1.45464369e-06,8.84637925e-05,7.03495838e-07
2.691020,1.59769463e+00,7.93493698e-03,-4.77315740e-03,1.04290118e-04,2.14043486e-05,-6.84435871e-05,3.48438657e-07,8.84620814e-05,5.88511080e-07
2.692661,1.59659543e+00,1.00642439e-02,-1.06898194e-02,7.60219108e-04,4.19485411e-05,-1.20872881e-04,7.04774122e-06,8.84640167e-05,7.07905769e-07
2.694302,1.59524298e+00,5.57120560e-03,-2.30529535e-04,1.49506887e-04,-8.34495849e-06,8.83625197e-07,4.98361219e-07,8.84642326e-05,7.22804450e-07
2.695943,1.59360745e+00,6.63516099e-03,-3.66400095e-03,3.04073956e-06,-2.56023429e-06,-1.87126288e-05,-1.42578147e-06,8.84625548e-05,6.10972468e-07
2.697584,1.59166407e+00,1.04903272e-03,1.08133946e-02,1.64045409e-04,-5.25578321e-05,1.18118292e-04,6.85585582e-07,8.84623620e-05,5.91130120e-07
2.699225,1.58935234e+00,3.92775316e-03,3.18841485e-03,3.43439363e-04,-1.68214106e-05,2.88705829e-05,2.57102650e-06,8.84631034e-05,6.04477987e-07
2.700866,1.58666128e+00,3.86018095e-03,2.73498981e-03,-1.47675368e-04,-1.05879058e-05,1.09925040e-05,-2.81467101e-06,8.84635356e-05,6.08056358e-07
2.702506,1.58358217e+00,1.45621356e-03,1.19127239e-02,-4.50399053e-04,-3.12664602e-05,9.52748154e-05,-5.44778272e-06,8.84614885e-05,4.84559646e-07
2.704147,1.58012891e+00,3.71997280e-03,3.56391430e-03,5.90703926e-05,-1.23035883e-05,2.16795776e-05,-2.69124400e-07,8.84606112e-05,4.38842779e-07
2.705788,1.57630659e+00,4.44137410e-03,2.22406592e-05,1.09606289e-04,2.59416110e-06,-3.00270587e-05,4.72911855e-07,8.84637752e-05,5.85888945e-07
2.707429,1.57207194e+00,1.21375504e-03,1.04318876e-02,-2.60970353e-04,-2.58767710e-05,6.62532177e-05,-3.24741864e-06,8.84620878e-05,4.95035821e-07
2.709070,1.56743775e+00,9.83768323e-04,9.50078122e-03,-3.89687552e-04,-3.29720785e-05,7.41736473e-05,-5.07844385e-06,8.84590642e-05,3.67149457e-07
2.710711,1.56242020e+00,4.76834428e-03,-1.87037571e-03,1.21270129e-04,1.47494718e-06,-2.68185373e-05,-8.93199286e-08,8.84582981e-05,3.42660589e-07
2.712352,1.55701711e+00,8.30509397e-03,-1.58027621e-02,3.53502527e-04,3.13497064e-05,-1.45045807e-04,2.15472449e-06,8.84579474e-05,3.38691126e-07
2.713993,1.55123672e+00,4.05079623e-03,1.11719499e-04,-1.64152463e-04,-1.24005314e-05,2.40902373e-05,-2.97624171e-06,8.84578211e-05,3.45028003e-07
2.715633,1.54503777e+00,2.95672919e-03,3.80744337e-03,-1.35050006e-04,-1.90514298e-05,5.41353759e-05,-1.98864649e-06,8.84581422e-05,3.62841416e-07
2.717274,1.53839147e+00,2.34273548e-03,4.07827640e-03,-9.67052945e-07,-2.14109908e-05,4.94288791e-05,-9.50131169e-08,8.84576112e-05,3.41343360e-07
2.718915,1.53128943e+00,1.86539640e-03,5.95419454e-03,-4.61187778e-04,-2.57751609e-05,7.03144810e-05,-4.97866867e-06,8.84544751e-05,2.45219499e-07
2.720556,1.52374017e+00,3.52338471e-03,-1.23474847e-03,-1.11721447e-04,-3.34886466e-06,-1.50885952e-05,-1.24568085e-06,8.84572194e-05,3.29267509e-07
2.722197,1.51571356e+00,4.45292812e-03,-6.50755758e-03,4.33178595e-04,8.41520889e-06,-7.40826104e-05,4.23319885e-06,8.84550791e-05,2.55531845e-07
2.723838,1.50723303e+00,4.96303315e-03,-6.42901522e-03,2.71268315e-04,9.91958798e-06,-5.71263647e-05,2.41603061e-06,8.84530559e-05,2.16575192e-07
2.725479,1.49830741e+00,1.88803763e-03,6.29245903e-03,-2.11238572e-04,-1.83788328e-05,6.43760962e-05,-2.21617596e-06,8.84528792e-05,2.11689536e-07
2.727119,1.48889938e+00,3.31884207e-03,-1.68687499e-03,1.73670493e-04,2.55979837e-06,-3.60290777e-05,1.96030435e-06,8.84543428e-05,2.49459780e-07
2.728760,1.47899641e+00,4.23799907e-03,-5.16228772e-03,8.25923879e-06,1.22962645e-05,-7.09876245e-05,2.79480787e-07,8.84514802e-05,1.78777115e-07
2.730401,1.46863198e+00,4.71982814e-03,-6.86803358e-03,1.98010724e-04,9.89863791e-06,-5.90163465e-05,1.63594599e-06,8.84480414e-05,1.35768224e-07
2.732042,1.45781717e+00,3.41485678e-03,5.16386662e-05,-2.93777900e-04,7.74513733e-07,-2.65303582e-06,-2.69209289e-06,8.84501474e-05,1.59061145e-07
2.733683,1.44650380e+00,5.22212660e-03,-1.25938579e-02,2.61834605e-04,1.65554511e-05,-1.19101107e-04,2.98551208e-06,8.84457464e-05,1.16095600e-07
2.735324,1.43474323e+00,1.48711486e-03,7.55659512e-03,-2.29155830e-04,-2.67990325e-05,1.15069487e-04,-2.67191110e-06,8.84426381e-05,1.37604753e-07
2.736965,1.42252358e+00,2.83967993e-03,1.47676946e-03,1.44708489e-04,-1.06184303e-05,4.36986628e-05,8.03604332e-07,8.84443753e-05,7.20736697e-08
2.738606,1.40980963e+00,3.27674819e-03,-2.81156344e-03,-3.38233248e-04,-6.83699018e-06,7.69693236e-06,-4.16289183e-06,8.84410417e-05,1.11292609e-07
2.740246,1.39661899e+00,4.90638029e-03,-1.23735402e-02,1.47306428e-04,8.71431436e-06,-7.97208740e-05,9.70058478e-07,8.84397117e-05,1.11030945e-07
2.741887,1.38296752e+00,3.25662015e-04,1.67780369e-02,-3.45123148e-05,-3.37767330e-05,2.04240803e-04,-1.05796879e-06,8.84399433e-05,4.69286195e-08
2.743528,1.36881020e+00,8.66865187e-04,9.27563374e-03,-3.98708203e-04,-2.38551117e-05,1.11461307e-04,-4.63675679e-06,8.84377905e-05,9.06128040e-08
2.745169,1.35416221e+00,4.34323772e-03,-1.28241321e-02,2.61042908e-04,8.16438072e-06,-9.35280180e-05,1.50604291e-06,8.84357967e-05,1.19352027e-07
2.746810,1.33905521e+00,3.81563905e-03,-8.50619816e-03,3.15808955e-04,3.41406063e-06,-4.97998974e-05,2.22360098e-06,8.84344716e-05,1.21663499e-07
2.748451,1.32347455e+00,3.22710443e-03,-4.92324126e-03,8.93054591e-05,1.42759843e-06,-3.14318639e-05,6.50797673e-07,8.84346773e-05,8.38045573e-08
2.750092,1.30741427e+00,1.65951267e-03,4.60517652e-03,7.47074634e-05,-1.39684682e-05,6.90901709e-05,4.44869460e-07,8.84305339e-05,1.82598328e-07
2.751732,1.29090386e+00,5.61929753e-04,1.55712099e-02,-4.21092406e-04,-2.22341282e-05,1.64678638e-04,-4.05550799e-06,8.84309948e-05,1.31889726e-07
2.753373,1.27391251e+00,1.94827447e-03,7.97987574e-03,7.30672852e-05,-7.29798344e-06,8.41237728e-05,8.32288501e-07,8.84272252e-05,2.23084715e-07
2.755014,1.25647814e+00,3.05738804e-03,-3.07008455e-03,7.97373428e-09,2.62770727e-06,-2.42457744e-05,8.23151352e-08,8.84268763e-05,1.94344658e-07
2.756655,1.23862676e+00,3.22598640e-03,-3.71004188e-03,1.44929425e-04,1.97161864e-06,-1.52107994e-05,1.08683948e-06,8.84246729e-05,2.22325293e-07
2.758296,1.22038020e+00,3.26010040e-03,-1.49116110e-03,-3.91238509e-04,1.37147437e-06,1.38642874e-05,-4.42062024e-06,8.84233938e-05,2.25220813e-07
2.759937,1.20174538e+00,3.63059712e-03,-6.25457798e-03,2.37633384e-04,2.23952168e-06,-8.73167890e-06,1.70735405e-06,8.84200506e-05,2.91859781e-07
2.761578,1.18275232e+00,2.67814552e-03,1.64822609e-03,-4.57012606e-05,-6.62103887e-06,6.50501929e-05,-1.14736511e-06,8.84200060e-05,2.57748929e-07
2.763219,1.16335541e+00,3.51207864e-03,-4.61148682e-03,1.31522046e-04,2.97686410e-06,-5.77568484e-06,3.90905544e-07,8.84173503e-05,3.06861534e-07
2.764859,1.14358058e+00,2.82095178e-03,1.42159386e-03,-2.72733500e-04,-2.81836661e-06,4.57098556e-05,-2.90647335e-06,8.84154626e-05,3.34263751e-07
2.766500,1.12344227e+00,3.37274822e-03,-3.94573286e-03,-1.79892781e-05,3.75949321e-06,-2.11603718e-05,-5.59888454e-08,8.84147998e-05,3.26588806e-07
2.768141,1.10295313e+00,3.54825042e-03,-3.23422678e-03,6.31335076e-05,6.23204648e-06,-2.42366427e-05,6.93017242e-07,8.84128277e-05,3.55928058e-07
2.769782,1.08216246e+00,4.03749922e-03,-1.49943982e-02,2.94382202e-04,9.42435706e-06,-1.33486333e-04,2.84287848e-06,8.84118763e-05,3.60325032e-07
2.771423,1.06112331e+00,3.37626001e-03,-4.10914570e-03,1.52126037e-04,1.26570743e-06,-5.51444419e-06,1.21075236e-06,8.84079306e-05,4.46773653e-07
2.773064,1.03988298e+00,3.47067966e-03,-6.46169224e-05,-3.21953301e-04,1.29599511e-06,3.88354786e-05,-3.68591012e-06,8.84073704e-05,4.16182264e-07
2.774705,1.01842340e+00,4.10591713e-03,-2.18392800e-02,8.93844559e-04,6.39428022e-06,-1.65156231e-04,7.85874461e-06,8.84051885e-05,4.52471794e-07
2.776345,9.96862730e-01,3.62698369e-03,-8.39336396e-04,-1.00100173e-04,-6.85225651e-08,7.78411185e-05,-3.08931402e-06,8.84026916e-05,4.94243435e-07
2.777986,9.75197384e-01,3.48384482e-03,-9.70197295e-03,4.61213207e-04,-1.51462404e-06,-8.11764164e-06,2.34693010e-06,8.84015897e-05,4.89309744e-07
2.779627,9.53451110e-01,3.74857736e-03,3.77656751e-03,1.87089416e-05,1.14325526e-06,1.32759690e-04,-2.48638876e-06,8.84004350e-05,4.92088049e-07
2.781268,9.31563628e-01,3.55227451e-03,-1.21171879e-02,4.87706760e-04,-2.81837055e-07,-4.20191694e-05,2.59202545e-06,8.83980314e-05,5.56451579e-07
2.782909,9.09621107e-01,3.40113480e-03,-2.12495158e-02,5.63546768e-04,-2.50167829e-06,-1.21173578e-04,2.91479069e-06,8.83968921e-05,5.50853303e-07
2.784550,8.87742771e-01,3.86294430e-03,-5.19943119e-03,1.01911358e-04,2.30200072e-06,4.49379640e-05,-1.71826824e-06,8.83957560e-05,5.52758295e-07
2.786191,8.65912120e-01,4.15402481e-03,6.06411674e-04,-1.26975982e-04,5.96527148e-06,1.07498294e-04,-4.04688958e-06,8.83931581e-05,6.22146383e-07
2.787832,8.44156932e-01,4.14372283e-03,-7.01502253e-03,2.49998048e-04,5.43675006e-06,2.52164440e-05,-3.50169396e-07,8.83920723e-05,6.22556991e-07
2.789472,8.22496184e-01,4.70311395e-03,-1.26400780e-03,2.20405664e-04,9.50704347e-06,5.74763656e-05,4.94636020e-08,8.83915678e-05,6.14296255e-07
2.791113,8.00998733e-01,3.80077633e-03,-1.00057481e-02,3.07687790e-04,1.90328409e-06,4.88014626e-07,-3.59634537e-07,8.83887988e-05,7.01591550e-07
2.792754,7.79849800e-01,4.39932301e-03,-3.96927396e-03,6.56055535e-05,8.80347953e-06,7.15005764e-05,-2.85914012e-06,8.83873857e-05,7.18060660e-07
2.794395,7.59066946e-01,2.60054492e-03,-1.70401972e-02,5.54695981e-04,-9.03092346e-06,-5.31996163e-05,2.04631029e-06,8.83873967e-05,6.63144427e-07
2.796036,7.38662393e-01,2.13589781e-03,-1.87162103e-02,4.82898174e-04,-1.31929381e-05,-6.78248363e-05,1.06146306e-06,8.83858318e-05,6.80330851e-07
2.797677,7.18706218e-01,5.69688099e-03,-5.72278905e-04,1.44651409e-04,2.07062013e-05,9.95502751e-05,-1.88853630e-06,8.83853679e-05,7.16561444e-07
2.799318,6.99142311e-01,7.08566389e-03,4.66080163e-03,7.71930362e-05,3.36283162e-05,1.43757934e-04,-2.58478582e-06,8.83832096e-05,7.21665708e-07
2.800958,6.80021645e-01,3.86142692e-03,-9.11699438e-03,4.03254153e-04,-3.05855007e-06,-1.70864481e-05,1.04965786e-06,8.83829924e-05,7.21435271e-07
2.802599,6.61442894e-01,4.32244317e-03,-7.71615092e-03,2.48746257e-04,2.87246568e-07,-7.13885776e-06,-5.40775493e-07,8.83819857e-05,7.31852689e-07
2.804240,6.43517984e-01,8.85854694e-03,6.56543518e-03,5.32961915e-05,4.23142210e-05,1.22842903e-04,-1.90717130e-06,8.83809543e-05,7.35035320e-07
2.805881,6.26256571e-01,3.62179288e-03,-9.39405755e-03,2.48543753e-04,-1.18972493e-05,-3.92602305e-05,1.16589073e-07,8.83802658e-05,7.52456972e-07
2.807522,6.09787289e-01,4.44582919e-03,-7.20971939e-03,1.94323709e-04,-8.55521015e-06,-3.13217280e-05,-2.32160663e-07,8.83800665e-05,8.74652385e-07
2.809163,5.94131603e-01,-4.46542438e-03,-2.80273294e-02,9.32009297e-04,-9.06200980e-05,-2.14663230e-04,6.42808124e-06,8.83782533e-05,7.18385575e-07
2.810804,5.79629625e-01,6.28685447e-03,-3.23330193e-03,2.15346726e-04,2.44469604e-05,5.27957940e-05,-1.29973793e-06,8.83772043e-05,6.98552462e-07
2.812445,5.66155714e-01,4.14134517e-03,-7.60714309e-03,3.76408532e-04,-5.07586566e-06,-1.03569407e-05,6.12380721e-07,8.83775086e-05,8.58282496e-07
2.814085,5.53634023e-01,4.42839093e-03,-6.72125918e-03,2.09060557e-04,-3.29286852e-06,-3.39302057e-06,-8.62543569e-07,8.83768452e-05,8.41863338e-07
2.815726,5.42137611e-01,7.69140494e-04,-1.27408863e-02,2.95416823e-04,-3.41945389e-05,-5.13431700e-05,-6.12486756e-08,8.83754140e-05,6.33529607e-07
2.817367,5.31832651e-01,4.48386417e-03,-6.63175652e-03,3.84035654e-04,-3.05497408e-06,-3.52010839e-06,9.90812463e-07,8.83762141e-05,1.05149499e-06
2.819008,5.22551349e-01,1.09186589e-02,2.08674918e-03,1.50624948e-05,5.79428642e-05,7.92024410e-05,-2.64189702e-06,8.83750662e-05,7.16763424e-07
2.820649,5.14342187e-01,4.67712366e-03,-6.14391034e-03,3.17734994e-04,1.11379962e-06,6.00594418e-06,2.90395537e-07,8.83744561e-05,6.12621233e-07
2.822290,5.07325630e-01,-3.48854974e-03,-1.50450968e-02,6.15771810e-04,-6.85589738e-05,-6.72587427e-05,2.87510988e-06,8.83739464e-05,5.47974421e-07
2.823931,5.01580030e-01,9.79090364e-03,-5.18207735e-04,2.12345778e-04,7.16581089e-05,8.44169651e-05,-1.14977046e-06,8.83736484e-05,5.33870097e-07
2.825571,4.96922487e-01,1.60013537e-03,-8.67399893e-03,2.85915568e-04,-2.03560919e-05,-1.22994656e-05,-1.93286516e-07,8.83746319e-05,1.16921823e-06
2.827212,4.93220786e-01,1.37622076e-02,2.50653192e-03,1.37691085e-04,9.92663950e-05,9.63484023e-05,-1.59242382e-06,8.83740167e-05,9.05613236e-07
2.828853,4.90386668e-01,1.36376374e-03,-8.07379665e-03,1.96952886e-04,-2.62012317e-05,-1.18512588e-05,-9.73135996e-07,8.83738622e-05,8.44538482e-07
2.830494,4.88462274e-01,-7.42360975e-04,-9.30531206e-03,2.92526682e-04,-3.49761284e-05,-1.46676501e-05,3.30237725e-08,8.83734179e-05,6.31920034e-07
2.832135,4.87464936e-01,5.08085660e-03,-4.76295258e-03,1.92200158e-04,2.67577050e-05,2.98622708e-05,-8.94137944e-07,8.83736232e-05,8.07887164e-07
2.833776,4.87242305e-01,-1.95549131e-03,-9.25303405e-03,2.05998008e-04,-3.63559391e-05,-1.23643768e-05,-5.25070776e-07,8.83737213e-05,8.58470157e-07
2.835417,4.87758552e-01,-1.99802711e-03,-8.78104242e-03,2.55620296e-04,-2.16206882e-05,-2.39504988e-07,1.74245019e-07,8.83735958e-05,7.62685867e-07
2.837058,4.88875698e-01,5.38349007e-03,-4.54970536e-03,2.85201637e-04,4.17694389e-05,3.26066460e-05,3.02861781e-07,8.83737350e-05,7.72398589e-07
2.838698,4.90390357e-01,4.10396146e-03,-5.10861709e-03,3.39065189e-04,1.53679379e-05,1.68880247e-05,7.55888928e-07,8.83741111e-05,8.30483261e-07
2.840339,4.92270960e-01,1.18167211e-02,-1.99284511e-03,2.74148905e-04,8.96722034e-05,4.36802064e-05,2.62533610e-07,8.83744311e-05,8.69487493e-07
2.841980,4.94432937e-01,6.68623460e-03,-3.83986538e-03,1.60890409e-04,4.15414140e-05,2.60738801e-05,-8.24324568e-07,8.83740747e-05,5.67272786e-07
2.843621,4.96795369e-01,6.48228221e-03,-4.11756312e-03,2.50567431e-04,2.29973357e-05,1.44587195e-05,-6.65508023e-08,8.83744684e-05,5.75274239e-07
2.845262,4.99271710e-01,-4.18587722e-03,-7.13368020e-03,2.47505770e-04,-7.32087740e-05,-1.23689497e-05,-4.94722509e-08,8.83742901e-05,3.77027518e-07
2.846903,5.01863797e-01,-2.87320626e-03,-6.22913263e-03,1.47813798e-04,-5.81342820e-05,-5.61939681e-06,-9.02456995e-07,8.83748972e-05,4.57752599e-07
2.848544,5.04475066e-01,5.36086740e-03,-4.27913838e-03,3.00138200e-04,2.66944884e-05,1.28993689e-05,7.18464214e-07,8.83749848e-05,3.59156255e-07
2.850184,5.07035870e-01,3.71622910e-03,-4.44288387e-03,1.44418069e-04,3.41267104e-05,1.69203384e-05,-4.68990701e-07,8.83742792e-05,8.51730430e-08
2.851825,5.09483416e-01,-1.01840794e-02,-6.60588661e-03,-2.15381132e-07,-1.06512987e-04,-7.41162103e-06,-1.88472404e-06,8.83747930e-05,1.08912971e-07
2.853466,5.11736766e-01,1.18197500e-02,-3.38539154e-03,3.63422648e-04,9.39602204e-05,1.73371632e-05,1.54185437e-06,8.83757909e-05,1.79143139e-07
2.855107,5.13718117e-01,-3.19930990e-03,-5.09584851e-03,1.14744687e-04,-3.51177311e-05,4.17302291e-06,-5.32235550e-07,8.83746943e-05,4.69021776e-08
2.856748,5.15404631e-01,3.77083115e-03,-4.35298408e-03,5.65719259e-05,3.41156207e-05,8.63595728e-06,-1.10085935e-06,8.83755776e-05,4.36266526e-08
2.858389,5.16728682e-01,7.90801914e-03,-4.14466801e-03,1.96412674e-04,7.80576573e-05,9.57208289e-06,6.22608866e-07,8.83749936e-05,9.92745155e-08
2.860030,5.17647616e-01,-1.68475679e-03,-4.37266697e-03,-1.37737577e-05,-2.60036490e-05,5.11530589e-06,-1.55601255e-06,8.83755986e-05,1.28642991e-07
2.861670,5.18127057e-01,-5.15871986e-03,-4.25057081e-03,7.30448802e-05,-5.52912190e-05,5.55520014e-06,-7.24823195e-07,8.83756022e-05,1.70034328e-07
2.863311,5.18152904e-01,4.57090517e-03,-4.66194828e-03,1.18787883e-04,5.90682627e-05,6.18884738e-07,1.33154150e-07,8.83749147e-05,1.92954253e-07
2.864952,5.17705029e-01,3.85063935e-03,-4.61923009e-03,2.10536468e-04,4.99731630e-05,-1.54957338e-07,1.07708019e-06,8.83748975e-05,2.31795604e-07
2.866593,5.16764427e-01,2.53323698e-03,-4.67550029e-03,1.04686458e-04,2.64344805e-05,-1.36123446e-06,3.17713360e-08,8.83753130e-05,3.03380511e-07
2.868234,5.15344165e-01,1.58093307e-02,-6.22159954e-03,3.85931419e-04,1.64095265e-04,-1.79874039e-05,3.04417842e-06,8.83750934e-05,3.47685819e-07
2.869875,5.13431492e-01,-5.12432617e-03,-3.89881726e-03,1.75776817e-05,-5.66775787e-05,6.42857051e-06,-9.36793363e-07,8.83754837e-05,4.43368418e-07
2.871516,5.11107099e-01,-4.71070512e-03,-3.84000962e-03,1.35730060e-04,-6.71373578e-06,3.10053283e-06,1.14983011e-06,8.83744810e-05,4.28965367e-07
2.873157,5.08451700e-01,3.37596613e-03,-5.59547416e-03,2.06023652e-04,7.06049770e-05,-1.44922519e-05,1.75915787e-06,8.83750678e-05,5.69073674e-07
2.874797,5.05411147e-01,-2.23468260e-03,-4.44042005e-03,1.12525491e-04,1.16519901e-05,-2.70314292e-06,8.80923781e-07,8.83753624e-05,7.02532256e-07
2.876438,5.01996272e-01,6.19427343e-03,-6.63149025e-03,3.52012343e-04,8.30662558e-05,-2.34252459e-05,2.90109174e-06,8.83747774e-05,6.80740286e-07
2.878079,4.98229057e-01,-7.85453085e-03,-3.05534161e-03,1.00097783e-05,-6.04647695e-05,1.35110688e-05,-6.50549364e-07,8.83745212e-05,7.08824229e-07
2.879720,4.94254834e-01,-5.63039666e-04,-5.24757203e-03,2.30835381e-04,9.68019411e-07,-4.87691804e-06,1.08138068e-06,8.83752710e-05,9.82549765e-07
2.881361,4.90079035e-01,2.80507987e-04,-5.88590219e-03,2.79902558e-04,1.68638739e-05,-1.23693353e-05,1.64707460e-06,8.83742619e-05,8.29637513e-07
2.883002,4.85853477e-01,-6.54958759e-03,-3.26832800e-03,1.76593328e-04,-4.29793612e-05,1.29870132e-05,6.65538332e-07,8.83743768e-05,9.46324431e-07
2.884643,4.81653943e-01,-1.31005389e-02,-5.17175531e-04,-1.54234934e-04,-1.01512813e-04,3.95973881e-05,-2.51297770e-06,8.83742721e-05,1.02074389e-06
2.886283,4.77602366e-01,-3.29817978e-03,-4.91372197e-03,5.38926884e-05,6.43218798e-06,-7.04904938e-06,-1.67837435e-07,8.83741144e-05,1.09304788e-06
2.887924,4.73654361e-01,-1.31627722e-02,2.15955451e-04,-1.63740006e-04,-9.59076954e-05,4.67195827e-05,-2.39496789e-06,8.83736419e-05,1.02439157e-06
2.889565,4.69942989e-01,-1.94440650e-02,4.14539333e-03,-3.88261129e-04,-1.45577854e-04,8.15301656e-05,-4.39652161e-06,8.83736498e-05,1.10365168e-06
2.891206,4.66630987e-01,-6.74613866e-03,-3.28735503e-03,1.72635239e-05,-1.64378137e-05,6.35335630e-06,-4.60767133e-07,8.83736202e-05,1.19730112e-06
2.892847,4.63682780e-01,2.31667383e-03,-9.50436633e-03,3.83433523e-04,7.14607487e-05,-5.39940668e-05,2.85308846e-06,8.83732816e-05,1.12867874e-06
2.894488,4.61121498e-01,-5.54203720e-03,-4.17528808e-03,2.32754752e-05,-9.06316156e-06,1.67925094e-06,-6.80516912e-07,8.83734669e-05,1.24589470e-06
2.896129,4.58973181e-01,-4.00466168e-03,-5.45612627e-03,1.08191445e-04,-9.41189180e-06,-2.83997360e-07,-5.44529416e-07,8.83736265e-05,1.33895455e-06
2.897770,4.57272607e-01,-9.72401861e-03,-4.00678752e-04,-9.61372789e-05,-6.48831327e-05,5.12787925e-05,-2.56539855e-06,8.83736419e-05,1.37532974e-06
2.899410,4.56205904e-01,-1.33774613e-02,3.64003216e-03,-1.36379610e-04,-7.99732892e-05,7.73813853e-05,-2.21390117e-06,8.83730771e-05,1.12995653e-06
2.901051,4.55915399e-01,1.26943052e-03,-1.17273562e-02,4.34362103e-04,5.22194878e-05,-6.52430916e-05,2.59607002e-06,8.83740168e-05,1.63647425e-06
2.902692,4.56117179e-01,-7.84448071e-03,-1.61599557e-03,-5.76868354e-05,-3.82364300e-05,3.85834657e-05,-2.39424216e-06,8.83735243e-05,1.28536943e-06
2.904333,4.57000277e-01,-7.45356451e-03,-1.90645438e-03,-5.38193546e-05,-2.51255012e-05,2.77331270e-05,-1.78315786e-06,8.83734985e-05,1.23589569e-06
2.905974,4.58622799e-01,-1.02637531e-02,2.47035641e-03,-1.54772781e-04,-5.34693100e-05,7.21918196e-05,-2.74966228e-06,8.83740918e-05,1.48676766e-06
2.907615,4.60968289e-01,-3.27047954e-03,-7.85549682e-03,4.01501825e-04,3.12464324e-05,-4.76210965e-05,3.47758288e-06,8.83733105e-05,9.95809290e-07
2.909256,4.63997099e-01,-2.93119826e-03,-9.18819756e-03,4.02349181e-04,1.42918170e-05,-3.56709712e-05,2.13905497e-06,8.83745890e-05,1.54255275e-06
2.910896,4.67486388e-01,2.07453518e-03,-2.00479932e-02,7.99180294e-04,5.52087902e-05,-1.27839127e-04,5.39508485e-06,8.83743131e-05,1.19426626e-06
2.912537,4.71498281e-01,-1.60703619e-02,1.89902503e-02,-8.75423294e-04,-1.08339518e-04,2.41587339e-04,-1.03966512e-05,8.83742354e-05,9.75307739e-07
2.914178,4.76298815e-01,-3.87402267e-03,-9.19118928e-03,3.33729684e-04,1.78343365e-05,-5.05301986e-05,2.18956062e-06,8.83744629e-05,9.79178980e-07
2.915819,4.81659081e-01,-6.67138769e-03,-1.79095302e-03,1.03209415e-04,-1.65953684e-05,3.76609797e-05,-9.30995828e-07,8.83750512e-05,1.06838203e-06
2.917460,4.87525025e-01,-2.96703567e-03,-1.41101723e-02,6.57256042e-04,2.43023540e-05,-9.16058481e-05,4.83511935e-06,8.83748204e-05,7.67441901e-07
2.919101,4.93878135e-01,-3.82388923e-03,-1.36118466e-02,5.54198813e-04,1.23330258e-05,-7.56663199e-05,3.30476510e-06,8.83752891e-05,7.62614073e-07
2.920742,5.00664774e-01,-5.91269710e-03,-4.81684261e-03,1.92474840e-04,-6.47972383e-06,1.10185096e-05,-3.73197593e-07,8.83758670e-05,7.65337653e-07
2.922383,5.07892266e-01,-6.80507153e-03,-4.57198230e-04,-9.45538477e-05,-9.03167857e-06,4.01547274e-05,-2.62542374e-06,8.83757688e-05,5.67723439e-07
2.924023,5.15518001e-01,-5.39432203e-03,-9.54651648e-03,3.57193296e-04,-2.32530942e-06,-2.63019849e-05,6.39259648e-07,8.83769889e-05,7.42015436e-07
2.925664,5.23433302e-01,-5.54599192e-03,-1.06700322e-02,5.28640629e-04,-1.34112584e-06,-3.87148416e-05,2.30637772e-06,8.83768816e-05,5.19200522e-07
2.927305,5.31665249e-01,-6.43212871e-03,-1.11453330e-06,3.15798603e-05,-3.03696946e-06,4.27184731e-05,-1.55265227e-06,8.83767063e-05,3.34715466e-07
2.928946,5.40202960e-01,-6.52329638e-03,-9.92464482e-04,1.51692100e-04,-6.55503690e-06,4.44998941e-05,-9.14394639e-07,8.83785694e-05,5.75056689e-07
2.930587,5.48940350e-01,-6.42523226e-03,-5.41212841e-03,7.94707833e-05,-4.26882527e-06,-2.68762766e-07,-1.51808443e-06,8.83785357e-05,4.16336688e-07
2.932228,5.57858407e-01,-6.86510849e-03,-1.20666536e-02,7.88562720e-04,-6.30171859e-06,-8.45783548e-05,6.44420440e-06,8.83779592e-05,2.17131886e-07
2.933869,5.66912066e-01,-6.86513108e-03,-8.36651992e-03,3.38673208e-04,-6.73988991e-06,-2.66923733e-05,8.96682463e-07,8.83793045e-05,2.85569555e-07
2.935509,5.76034755e-01,-6.92348080e-03,-6.29107832e-03,3.65821102e-04,-5.60724198e-06,-1.28001215e-05,1.35023076e-06,8.83791638e-05,1.77405633e-07
2.937150,5.85209369e-01,-6.01736541e-03,2.35767145e-04,1.43666768e-04,4.82667197e-06,5.75106907e-05,-1.33668660e-06,8.83803315e-05,2.16803817e-07
2.938791,5.94392165e-01,-4.98497508e-03,5.88634462e-03,-2.58302824e-04,1.65443450e-05,1.09086014e-04,-5.22518136e-06,8.83811972e-05,2.26482451e-07
2.940432,6.03559330e-01,-5.66197844e-03,2.45471437e-03,-1.34989414e-04,8.74357253e-06,4.89913568e-05,-2.90860799e-06,8.83807896e-05,1.36989170e-07
2.942073,6.12695774e-01,-4.95851722e-03,3.86137201e-03,-6.40178452e-05,1.32618581e-05,3.96166417e-05,-1.10234066e-06,8.83816856e-05,1.73609492e-07
2.943714,6.21755553e-01,-1.36775640e-03,1.76549956e-02,-7.08524532e-04,4.64803995e-05,1.53785623e-04,-6.45538688e-06,8.83822749e-05,1.83456636e-07
2.945355,6.30697048e-01,-9.96006934e-03,-1.24420358e-02,4.72090753e-04,-4.04486330e-05,-1.27247584e-04,4.43392107e-06,8.83832804e-05,2.32519105e-07
2.946996,6.39428692e-01,-7.16379413e-03,-2.43256115e-03,9.94547307e-05,-7.93400106e-06,-6.12651824e-06,-8.85989897e-08,8.83839449e-05,2.35046444e-07
2.948636,6.47947298e-01,-6.17416396e-03,-6.15564554e-04,1.41550206e-04,-8.87819115e-07,-4.42219706e-06,1.07598902e-06,8.83837364e-05,1.80770956e-07
2.950277,6.56243534e-01,-7.33871939e-03,-2.89145236e-03,2.70962991e-04,-1.01191504e-05,-1.67954728e-05,1.72242643e-06,8.83845655e-05,2.15331961e-07
2.951918,6.64279639e-01,-1.20060984e-02,-1.32868947e-02,9.34776924e-04,-5.75360154e-05,-1.20177340e-04,8.09426498e-06,8.83847584e-05,1.98141847e-07
2.953559,6.72027830e-01,-4.50331842e-03,4.16260913e-03,-2.09814055e-04,1.89279789e-05,4.98247487e-05,-3.01751919e-06,8.83851105e-05,1.87242518e-07
2.955200,6.79493519e-01,-3.95130269e-03,5.20654583e-03,-1.57411654e-04,2.43021769e-05,5.58948183e-05,-2.38219776e-06,8.83863449e-05,2.69258413e-07
2.956841,6.86640635e-01,-2.56206016e-03,7.88157786e-03,-3.33642123e-04,3.86197795e-05,8.11987524e-05,-4.23728819e-06,8.83862588e-05,2.20175940e-07
2.958482,6.93473662e-01,-7.04066764e-03,-2.81645465e-04,6.50957398e-05,-5.44521043e-06,1.30167890e-06,-6.60752732e-08,8.83877237e-05,3.28011425e-07
2.960122,6.99949590e-01,-3.20393763e-03,6.32630873e-03,-2.89284385e-04,3.37263407e-05,6.56073484e-05,-3.65913403e-06,8.83875376e-05,2.62256915e-07
2.961763,7.06087251e-01,8.62776334e-04,1.27820107e-02,-5.62205238e-04,7.03891511e-05,1.15232156e-04,-5.74962897e-06,8.83883498e-05,3.12019599e-07
2.963404,7.11887980e-01,-1.43908115e-02,-1.10604079e-02,7.26087621e-04,-8.48528140e-05,-1.22133830e-04,6.94912479e-06,8.83880819e-05,2.50851338e-07
2.965045,7.17303774e-01,2.69207436e-04,1.10864228e-02,-4.84075937e-04,6.56468289e-05,9.95747979e-05,-5.19176188e-06,8.83892238e-05,3.12246967e-07
2.966686,7.22346570e-01,-1.08725682e-02,-4.01115146e-03,3.37451674e-04,-4.15221692e-05,-4.06310714e-05,2.25255496e-06,8.83899882e-05,3.48065077e-07
2.968327,7.26985716e-01,-7.89551346e-03,4.73399572e-05,2.11540503e-04,-1.16540821e-05,-3.67784576e-06,1.10296460e-06,8.83894839e-05,2.52377330e-07
2.969968,7.31241799e-01,-3.59646841e-03,5.16705220e-03,-3.88816820e-05,3.52767698e-05,5.03340048e-05,-1.63533895e-06,8.83903862e-05,2.97306951e-07
2.971609,7.35139686e-01,-4.71381388e-03,4.28267464e-03,1.61622021e-04,1.30567615e-05,1.99757071e-05,1.18674273e-06,8.83905298e-05,2.82140648e-07
2.973249,7.38690962e-01,-1.17731431e-02,-3.52107928e-03,4.52396549e-04,-5.67743520e-05,-5.49047055e-05,3.73071161e-06,8.83911394e-05,3.02423159e-07
2.974890,7.41860505e-01,-1.06130532e-02,-1.78128375e-03,3.31734221e-04,-5.18555019e-05,-4.89614195e-05,3.08370549e-06,8.83902988e-05,1.87159354e-07
2.976531,7.44665256e-01,-5.97367701e-04,8.22658977e-03,-2.24812394e-04,4.81598621e-05,4.72392892e-05,-2.32793732e-06,8.83908610e-05,1.99707547e-07
2.978172,7.47128424e-01,-4.47775438e-03,4.66281785e-03,-6.88943153e-05,2.18591533e-06,2.33964822e-06,-4.26965365e-07,8.83915604e-05,2.35289575e-07
2.979813,7.49242135e-01,-2.86248095e-03,6.37656990e-03,-5.33751491e-05,1.28893047e-05,1.21590599e-05,2.63879240e-07,8.83911719e-05,1.65165306e-07
2.981454,7.51012033e-01,-9.97956725e-03,2.86748553e-04,3.54046280e-04,-5.83659002e-05,-4.64688456e-05,4.11959352e-06,8.83913333e-05,1.46211973e-07
2.983095,7.52425334e-01,-4.92650991e-03,4.35795228e-03,1.26703131e-05,-4.50015447e-06,-2.94783031e-06,5.03607754e-07,8.83919042e-05,1.62007454e-07
2.984735,7.53480017e-01,-1.18687282e-02,-5.30300325e-04,3.47185667e-04,-6.00314255e-05,-3.50449930e-05,3.13866735e-06,8.83925992e-05,1.84607606e-07
2.986376,7.54165965e-01,-1.89580710e-02,-5.16140640e-03,9.15667444e-04,-1.17915949e-04,-6.86602887e-05,8.05535090e-06,8.83928573e-05,1.68888647e-07
2.988017,7.54500037e-01,1.17116089e-04,8.40887625e-03,-2.21885696e-04,6.69601791e-05,5.33091499e-05,-2.97114558e-06,8.83923465e-05,9.17925328e-08
2.989658,7.54550653e-01,-2.97897571e-03,6.20251760e-03,-1.50930630e-04,2.85690705e-05,2.24193283e-05,-1.94589253e-06,8.83927956e-05,1.13563524e-07
2.991299,7.54316638e-01,-6.01249825e-03,4.41010110e-03,8.26042838e-05,-7.33101133e-06,-8.70472034e-07,5.90402851e-07,8.83928707e-05,1.02372299e-07
2.992940,7.53794209e-01,-1.87882016e-02,-2.76084914e-03,6.69229171e-04,-1.33268371e-04,-6.89335126e-05,6.17082998e-06,8.83925939e-05,6.19717515e-08
2.994581,7.52974902e-01,3.20812819e-03,9.28028723e-03,-3.20828250e-04,8.55563846e-05,4.54804023e-05,-3.72687026e-06,8.83934340e-05,1.27124657e-07
2.996222,7.51889601e-01,3.32825605e-03,9.34823205e-03,-4.29206537e-04,7.95290699e-05,3.99693937e-05,-4.38844586e-06,8.83935996e-05,1.42489228e-07
2.997862,7.50534740e-01,-8.54777705e-03,3.46657382e-03,4.05518581e-04,-4.13076814e-05,-1.84251541e-05,3.77389427e-06,8.83922730e-05,4.99175302e-08
2.999503,7.48907863e-01,1.54968752e-02,1.39138383e-02,-8.33986202e-04,1.99241583e-04,8.14424588e-05,-8.58517619e-06,8.83931890e-05,1.15330945e-07
3.001144,7.47029483e-01,3.11133374e-03,8.57923339e-03,-4.35891064e-04,7.96614227e-05,3.29626938e-05,-4.99303127e-06,8.83935501e-05,1.61505563e-07
3.002785,7.44892525e-01,-6.34783145e-03,4.97510043e-03,1.56363929e-04,-2.19589812e-05,-6.33182033e-06,1.30802146e-06,8.83923099e-05,1.12600734e-07
3.004426,7.42504027e-01,1.22477782e-02,1.11039896e-02,-8.88762726e-04,1.64088846e-04,5.15996868e-05,-9.03797830e-06,8.83926058e-05,1.42939038e-07
3.006067,7.39900794e-01,3.02444322e-03,7.90053761e-03,-3.35907634e-04,5.06034527e-05,9.61529806e-06,-2.30750878e-06,8.83922343e-05,1.61462092e-07
3.007708,7.37084372e-01,3.07752736e-03,7.89152091e-03,-2.31645529e-04,4.93880349e-05,9.77297436e-06,-1.41832573e-06,8.83924857e-05,2.01038059e-07
3.009348,7.34007726e-01,1.07522985e-03,7.01172047e-03,-1.01190904e-04,4.12345576e-05,7.71112399e-06,-9.65572022e-07,8.83915649e-05,1.87306592e-07
3.010989,7.30676219e-01,9.66937540e-03,8.81167797e-03,-4.53868333e-04,1.36831544e-04,2.87096592e-05,-4.90234976e-06,8.83924689e-05,2.49585360e-07
3.012630,7.27137697e-01,-1.97446911e-03,6.17748120e-03,2.07686191e-04,-1.24376853e-05,-9.42154909e-06,2.89080762e-06,8.83909373e-05,2.24273729e-07
3.014271,7.23419706e-01,2.87228425e-02,1.12888020e-02,-1.30847034e-03,2.61688534e-04,2.67338667e-05,-1.08832142e-05,8.83902337e-05,2.40298450e-07
3.015912,7.19549904e-01,5.41490786e-03,7.11980647e-03,-1.03661968e-04,2.86496335e-05,-8.31383214e-06,7.63992193e-07,8.83912320e-05,2.97233364e-07
3.017553,7.15443805e-01,-6.30336056e-03,5.37883145e-03,2.40901734e-04,-7.85927164e-05,-1.77108300e-05,3.64428606e-06,8.83906063e-05,2.87425933e-07
3.019194,7.11069265e-01,7.88621355e-03,6.75259403e-03,-4.98550818e-04,7.82954057e-05,1.79254412e-07,-4.31570684e-06,8.83904788e-05,2.97549139e-07
3.020835,7.06463453e-01,3.56353772e-03,6.33728188e-03,-3.11046942e-04,2.82879565e-05,-4.08199674e-06,-2.10072447e-06,8.83897795e-05,2.93793741e-07
3.022475,7.01656579e-01,-2.70724228e-03,5.95157703e-03,5.40075025e-05,-3.63986375e-05,-6.29414899e-06,1.56519311e-06,8.83893771e-05,2.99908359e-07
3.024116,6.96633764e-01,-9.35449013e-04,6.00422858e-03,9.36682226e-05,-5.09395596e-06,-2.30795019e-06,1.39688465e-06,8.83900480e-05,3.65370411e-07
3.025757,6.91381424e-01,1.13958028e-02,5.60869981e-03,-4.62905755e-04,1.06857678e-04,-9.11376232e-06,-3.81514401e-06,8.83891655e-05,3.31606393e-07
3.027398,6.85928125e-01,-1.59516763e-02,6.55210144e-03,7.06982306e-04,-1.33251217e-04,9.33907123e-06,6.47856521e-06,8.83896769e-05,4.04773929e-07
3.029039,6.80199610e-01,5.68221166e-03,5.38971557e-03,-1.68125771e-04,7.47533560e-05,-6.36641195e-06,-1.87244854e-06,8.83881575e-05,3.14702067e-07
3.030680,6.74283357e-01,5.47181537e-03,5.17879444e-03,-2.48369483e-04,7.11044076e-05,-8.96310881e-06,-2.73382690e-06,8.83876109e-05,3.08906452e-07
3.032321,6.68180128e-01,-7.65716435e-04,5.71416672e-03,-2.37701909e-06,1.16646754e-05,-2.71766889e-06,-4.77551522e-07,8.83872957e-05,3.11683076e-07
3.033961,6.61892474e-01,-1.34585588e-02,7.51891895e-03,6.36174284e-04,-1.18860865e-04,1.64630160e-05,5.87879808e-06,8.83862598e-05,2.99130690e-07
3.035602,6.55426554e-01,3.37563629e-03,4.86489335e-03,-2.02552796e-04,3.68800895e-05,-1.17946166e-05,-2.07073395e-06,8.83856975e-05,2.97814945e-07
3.037243,6.48835075e-01,-4.29666126e-03,6.06351966e-03,1.05271545e-04,-4.41397891e-05,2.08879693e-06,1.39672876e-06,8.83861093e-05,3.09991152e-07
3.038884,6.42057075e-01,-1.44198487e-03,5.45957366e-03,1.77240278e-04,-5.16040552e-06,-3.49608139e-06,1.65445219e-06,8.83854688e-05,2.88078311e-07
3.040525,6.35088330e-01,1.17377035e-03,4.87134358e-03,-9.04288699e-05,2.72866428e-05,-9.89422781e-06,-1.54007185e-06,8.83851995e-05,2.84769950e-07
3.042166,6.27930424e-01,-2.67274711e-03,5.85700458e-03,1.96183052e-04,1.11734184e-05,-1.60192178e-06,9.29391699e-08,8.83853056e-05,3.12397347e-07
3.043807,6.20573593e-01,1.00738375e-02,1.96694684e-03,-5.68688010e-04,1.23816685e-04,-4.06595304e-05,-6.94490900e-06,8.83836951e-05,2.59624832e-07
3.045447,6.13141363e-01,8.55019501e-03,2.22919262e-03,-2.64064689e-04,7.97074671e-05,-3.35417745e-05,-2.69928596e-06,8.83832560e-05,2.45660439e-07
3.047088,6.05599221e-01,-1.88696237e-03,5.48503826e-03,2.80991422e-04,5.27651446e-06,-4.35881651e-06,1.24444424e-06,8.83838668e-05,2.86174456e-07
3.048729,5.97874560e-01,2.25479611e-03,3.92242110e-03,-2.85907624e-06,2.64893226e-05,-1.60739156e-05,-8.81002878e-07,8.83817428e-05,2.69137846e-07
3.050370,5.90073415e-01,-1.34312064e-02,1.00968097e-02,6.84894177e-04,-1.20635292e-04,4.55297441e-05,5.60027126e-06,8.83821733e-05,2.12938602e-07
3.052011,5.82132868e-01,2.33830575e-02,-5.15760493e-03,-1.06728766e-03,2.22420110e-04,-1.04000571e-04,-1.07392561e-05,8.83813366e-05,2.06435517e-07
3.053652,5.74143193e-01,5.25270243e-03,2.40772235e-03,-5.54964325e-05,3.47703792e-05,-2.33643326e-05,-3.58246984e-07,8.83805866e-05,2.12574517e-07
3.055293,5.66070114e-01,-1.90651592e-03,5.51523493e-03,1.99534792e-04,-2.76368476e-05,6.83366524e-06,1.65663317e-06,8.83808432e-05,1.81030875e-07
3.056934,5.57891874e-01,6.16554939e-03,1.31962125e-03,-2.47849745e-04,3.18103506e-05,-2.74617657e-05,-1.65524970e-06,8.83793994e-05,2.24583072e-07
3.058574,5.49677721e-01,6.99329024e-03,9.27100116e-04,-2.66332403e-04,2.86313688e-05,-2.55886365e-05,-1.37439526e-06,8.83790910e-05,1.88935621e-07
3.060215,5.41425067e-01,1.97116717e-02,-6.32804395e-03,-8.77755569e-04,1.38530449e-04,-9.05025660e-05,-6.81586958e-06,8.83790254e-05,1.42305561e-07
3.061856,5.33135722e-01,8.73971917e-03,-6.61577100e-04,-4.13470203e-04,2.91875518e-05,-3.02421200e-05,-2.22019226e-06,8.83784131e-05,1.36970021e-07
3.063497,5.24795226e-01,-3.26332543e-03,6.52137779e-03,3.06033508e-04,-9.01454424e-05,4.52842582e-05,5.05276010e-06,8.83780317e-05,1.21592954e-07
3.065138,5.16364479e-01,-2.81146456e-03,6.24238356e-03,4.15505437e-04,-5.89547948e-05,3.19086876e-05,4.51917550e-06,8.83783660e-05,1.46091618e-07
3.066779,5.07821050e-01,1.43855021e-02,-5.24007074e-03,-6.31501942e-04,1.04669392e-04,-7.92414518e-05,-5.51255661e-06,8.83775739e-05,9.29428726e-08
3.068420,4.99265992e-01,5.69214075e-03,5.11560830e-04,-1.12744975e-04,6.51769047e-06,-1.33863023e-05,8.91663266e-08,8.83768138e-05,9.42124029e-08
3.070060,4.90710373e-01,-3.68653993e-03,7.11447146e-03,3.77401412e-04,-1.01793364e-04,6.43734409e-05,5.80888329e-06,8.83756300e-05,2.25366152e-07
3.071701,4.82151353e-01,2.28388915e-03,2.65560471e-03,-7.98028905e-05,-4.35126333e-05,2.26388831e-05,1.47970024e-06,8.83755766e-05,1.46174703e-07
3.073342,4.73546592e-01,4.13274225e-03,1.01459816e-03,-1.53252283e-04,-8.50378637e-06,-1.82478148e-06,-1.55231043e-07,8.83755437e-05,8.11042152e-08
3.074983,4.64892201e-01,1.11637421e-02,-5.00257106e-03,-5.21947121e-04,5.54599208e-05,-5.68670868e-05,-3.38680157e-06,8.83749366e-05,1.25699287e-07
3.076624,4.56223018e-01,1.17284376e-03,3.40056337e-03,-3.39341723e-05,-2.04477262e-05,1.34173601e-05,1.70736036e-07,8.83752350e-05,5.01397874e-08
3.078265,4.47493739e-01,1.35203625e-04,4.35822436e-03,1.75845108e-04,-2.79012099e-05,2.18493880e-05,2.18985686e-06,8.83744819e-05,6.65329827e-08
3.079906,4.38777935e-01,3.70036780e-03,8.50440818e-04,-6.49975412e-05,-9.44961280e-06,6.44626948e-07,6.86125051e-07,8.83736988e-05,1.62514099e-07
3.081547,4.30114063e-01,1.09430293e-02,-6.55200904e-03,-5.14261961e-04,5.18705611e-05,-6.34990367e-05,-3.14940609e-06,8.83732836e-05,1.70412030e-07
3.083187,4.21510815e-01,-2.32566897e-03,7.15096599e-03,3.98572899e-04,-8.40029471e-05,8.02077234e-05,6.14860942e-06,8.83726738e-05,2.31367624e-07
3.084828,4.12933348e-01,7.51855996e-03,-3.73802284e-03,-2.72288231e-04,2.02894773e-05,-3.29459400e-05,-9.79960151e-07,8.83729937e-05,5.26271597e-08
3.086469,4.04386427e-01,-1.64832113e-04,4.77571679e-03,2.37717874e-04,-5.03987427e-05,4.94519426e-05,3.58678568e-06,8.83728972e-05,2.40605467e-08
3.088110,3.95829027e-01,-5.62428505e-03,1.14869699e-02,7.92889164e-04,-8.61204062e-05,1.00653126e-04,7.90724688e-06,8.83724395e-05,4.96138994e-08
3.089751,3.87257871e-01,9.34448666e-03,-6.99233987e-03,-4.88900260e-04,5.76235675e-05,-7.92944922e-05,-4.64416653e-06,8.83719523e-05,1.05233262e-07
3.091392,3.78762463e-01,6.88901759e-03,-4.29367492e-03,-3.94720016e-04,2.79296280e-05,-4.53832913e-05,-3.25551520e-06,8.83714960e-05,1.48990863e-07
3.093033,3.70356412e-01,3.18980938e-03,7.85727948e-04,-3.52830446e-05,-8.55213254e-06,6.58611755e-06,3.45648342e-07,8.83714135e-05,7.81695699e-08
3.094673,3.62028249e-01,5.84564482e-03,-3.33234687e-03,-2.45701837e-04,1.35096823e-05,-2.84068937e-05,-1.39307262e-06,8.83711332e-05,7.66862382e-08
3.096314,3.53788792e-01,7.95769941e-03,-6.93970637e-03,-4.76040902e-04,2.98849774e-05,-5.70619055e-05,-3.09388962e-06,8.83706305e-05,1.47245155e-07
3.097955,3.45672220e-01,-1.79435439e-03,8.41651147e-03,5.32060420e-04,-6.50590497e-05,9.68877266e-05,6.92733613e-06,8.83705208e-05,8.50803452e-08
3.099596,3.37625313e-01,2.67204707e-03,9.36698537e-04,-3.56286766e-05,-1.51148287e-05,1.62326797e-05,8.68577515e-07,8.83703641e-05,7.43331158e-08
3.101237,3.29640266e-01,6.88777238e-03,-6.84365063e-03,-3.90677435e-04,3.14177732e-05,-6.69838010e-05,-3.08468606e-06,8.83700993e-05,8.67309306e-08
3.102878,3.21732257e-01,7.68245708e-03,-8.87389650e-03,-5.57679379e-04,4.45718861e-05,-9.44031092e-05,-5.22662154e-06,8.83698850e-05,8.96450240e-08
3.104519,3.13966679e-01,4.62294056e-03,-3.08934355e-03,-1.89179380e-04,2.81952935e-06,-1.63060694e-05,-4.16555243e-07,8.83694240e-05,1.44704236e-07
3.106160,3.06357444e-01,4.53524673e-03,-3.42677562e-03,-1.93952253e-04,2.51187990e-06,-1.85537885e-05,-5.21054497e-07,8.83690170e-05,2.08368137e-07
3.107800,2.98893219e-01,9.13039586e-03,-1.47658608e-02,-9.21916671e-04,4.87890289e-05,-1.31656758e-04,-7.80083980e-06,8.83693241e-05,9.95800329e-08
3.109441,2.91595506e-01,2.47896177e-03,1.10475093e-03,1.08437214e-04,-1.86940175e-05,3.34826574e-05,2.80118692e-06,8.83688367e-05,1.19797781e-07
3.111082,2.84440524e-01,4.77472800e-03,-5.23896098e-03,-3.41279256e-04,5.03506266e-06,-2.98319407e-05,-1.81814116e-06,8.83684696e-05,1.76279795e-07
3.112723,2.77434860e-01,3.26377526e-03,-1.17305390e-03,-2.05939159e-05,-5.64952785e-06,3.79235218e-06,7.77958334e-07,8.83683359e-05,1.62018097e-07
3.114364,2.70612662e-01,4.67904154e-03,-6.18406925e-03,-3.73983892e-04,2.75982968e-06,-2.92770214e-05,-1.82041718e-06,8.83681435e-05,1.66662641e-07
3.116005,2.63999037e-01,7.36985862e-04,8.53535764e-03,5.43671985e-04,-2.87608285e-05,1.01361836e-04,6.36176410e-06,8.83681658e-05,1.15280935e-07
3.117646,2.57522848e-01,5.69167901e-03,-1.31652222e-02,-7.45568899e-04,1.98319432e-05,-1.13070770e-04,-6.27358912e-06,8.83681507e-05,1.33659424e-07
3.119286,2.51258555e-01,2.38422403e-03,2.41062333e-03,7.49388814e-05,-1.41087215e-05,5.14648866e-05,2.37523640e-06,8.83675015e-05,2.31391990e-07
3.120927,2.45207019e-01,1.20325111e-03,1.09720968e-02,6.70635009e-04,-2.16947402e-05,1.25420462e-04,7.60845947e-06,8.83674652e-05,1.69920113e-07
3.122568,2.39310127e-01,1.05323840e-03,1.58021816e-02,9.65823475e-04,-1.73750975e-05,1.49742913e-04,9.12610529e-06,8.83675316e-05,1.31410437e-07
3.124209,2.33548520e-01,2.03230167e-03,1.06167419e-02,6.97269875e-04,-4.86388142e-06,8.03311920e-05,5.30814703e-06,8.83675511e-05,1.50079003e-07
3.125850,2.27943673e-01,3.16524611e-03,-8.70657565e-03,-4.84058212e-04,6.58008590e-06,-1.24183236e-04,-7.23358450e-06,8.83676472e-05,2.33061831e-07
3.127491,2.22567383e-01,2.82674471e-03,7.29598153e-03,4.38782683e-04,2.29972984e-06,4.04849917e-05,2.28036519e-06,8.83671572e-05,1.42224527e-07
3.129132,2.17450705e-01,3.13624976e-03,9.89212372e-03,5.89548966e-04,4.31547449e-06,7.04500792e-05,4.03401250e-06,8.83669153e-05,1.66422364e-07
3.130773,2.12576886e-01,3.08776417e-03,3.81568945e-03,2.55845826e-04,2.77269095e-06,1.05520424e-05,8.06172507e-07,8.83666133e-05,2.42784001e-07
3.132413,2.08034706e-01,2.67947254e-03,-9.26468198e-04,-5.10719070e-06,-1.62796920e-06,-1.17699370e-05,-3.46934376e-07,8.83667515e-05,1.57414841e-07
3.134054,2.03794192e-01,2.75999785e-03,-1.59051249e-04,-2.24237644e-06,-1.80293467e-06,-1.41554661e-05,-9.68639216e-07,8.83664869e-05,1.65613656e-07
3.135695,1.99808652e-01,5.90837667e-03,1.50429281e-02,9.54813117e-04,2.95790608e-05,1.39284148e-04,8.62837311e-06,8.83661354e-05,2.89509727e-07
3.137336,1.96099406e-01,1.26699849e-03,-6.63745032e-03,-3.62797817e-04,-1.74371095e-05,-7.37513219e-05,-4.39139900e-06,8.83664098e-05,1.52539638e-07
3.138977,1.92722332e-01,6.52984205e-03,1.24758440e-02,9.28814790e-04,3.79511793e-05,1.31393734e-04,9.25976760e-06,8.83659790e-05,2.82301823e-07
3.140618,1.89651601e-01,3.80093165e-03,2.73292725e-03,2.00378564e-04,9.67088608e-06,3.06893243e-05,1.75957655e-06,8.83661864e-05,1.55135622e-07
3.142259,1.86877694e-01,3.49317237e-03,1.41860716e-03,1.39133717e-04,8.69372606e-06,2.51838188e-05,1.62087648e-06,8.83661467e-05,1.44156786e-07
3.143899,1.84371748e-01,4.84094642e-03,4.25309399e-03,3.71229021e-04,1.60613681e-05,3.47434533e-05,2.68790803e-06,8.83662137e-05,1.75403052e-07
3.145540,1.82098571e-01,1.61722914e-04,-5.89083148e-03,-3.37687412e-04,-2.73487683e-05,-5.52115494e-05,-3.75504333e-06,8.83660762e-05,1.38720228e-07
3.147181,1.80163895e-01,4.26524086e-03,2.13183322e-03,1.93309330e-04,2.10529427e-05,4.16307398e-05,2.67779905e-06,8.83658284e-05,1.76669159e-07
3.148822,1.78558681e-01,3.61801187e-03,7.58068987e-04,9.04327673e-05,2.17074169e-05,4.14017697e-05,2.61386428e-06,8.83656951e-05,2.18366792e-07
3.150463,1.77227505e-01,-9.41027211e-04,-6.13816824e-03,-3.87134736e-04,-2.49158082e-05,-3.07623838e-05,-2.34734486e-06,8.83655608e-05,1.80386681e-07
3.152104,1.76154097e-01,5.93153062e-03,3.70528449e-03,3.63908545e-04,3.29442346e-05,4.64261854e-05,3.72369844e-06,8.83662840e-05,3.51198483e-07
3.153745,1.75220458e-01,6.12608744e-03,3.42474792e-03,3.49069710e-04,2.37355925e-05,2.78122919e-05,2.38071237e-06,8.83661084e-05,2.43406070e-07
3.155386,1.74482200e-01,1.12635940e-03,-2.54649281e-03,-1.59356287e-04,-1.51176034e-05,-1.51517631e-05,-1.58371281e-06,8.83658596e-05,1.13212111e-07
3.157026,1.74043148e-01,7.28658560e-04,-2.85852324e-03,-1.28484883e-04,-4.12814939e-06,-2.16292877e-07,6.08090032e-08,8.83657098e-05,1.29991845e-07
3.158667,1.73867990e-01,1.22401356e-02,8.24967007e-03,7.80626723e-04,1.00195833e-04,9.64965562e-05,8.06234248e-06,8.83659923e-05,1.96967845e-07
3.160308,1.73805566e-01,-1.63021261e-02,-1.75203927e-02,-1.33998590e-03,-1.78205051e-04,-1.52067273e-04,-1.25497938e-05,8.83656800e-05,1.05743053e-07
3.161949,1.74001501e-01,-1.61949021e-02,-1.60697865e-02,-1.28550629e-03,-1.52531744e-04,-1.15538102e-04,-1.02314340e-05,8.83656117e-05,1.40356257e-07
3.163590,1.74476825e-01,-7.21020575e-03,-8.26036501e-03,-6.25696673e-04,-6.01423821e-05,-3.87779028e-05,-3.58690128e-06,8.83660611e-05,2.30646880e-07
3.165231,1.75088699e-01,5.77127671e-04,-2.39333229e-03,-7.89198405e-05,3.80884435e-06,6.82640382e-06,7.74924572e-07,8.83660407e-05,2.36238169e-07
3.166872,1.75818073e-01,4.20739292e-04,-2.37921813e-03,-1.38560626e-04,1.45855050e-05,1.50781682e-05,9.40989013e-07,8.83659217e-05,1.14430191e-07
3.168512,1.76700266e-01,8.53636467e-03,2.40389507e-03,3.48289399e-04,9.37096254e-05,5.94936613e-05,5.64713021e-06,8.83659165e-05,1.15669109e-07
3.170153,1.77649200e-01,-2.57017439e-03,-3.77346121e-03,-2.69092364e-04,-3.07819876e-05,-1.16264143e-05,-1.39538026e-06,8.83658580e-05,1.09550878e-07
3.171794,1.78675744e-01,1.26186989e-02,3.70007281e-03,5.63702137e-04,1.13464898e-04,5.72106099e-05,6.40554234e-06,8.83659760e-05,1.03656326e-07
3.173435,1.79759495e-01,-4.94968450e-03,-4.41813589e-03,-3.35236207e-04,-5.82228639e-05,-2.17933165e-05,-2.36342415e-06,8.83658643e-05,6.05665335e-08
3.175076,1.80920722e-01,-3.13655680e-03,-3.48672401e-03,-3.25554076e-04,-4.94527535e-05,-1.79367042e-05,-2.85743022e-06,8.83659524e-05,8.78001331e-08
3.176717,1.82142752e-01,-1.35604294e-02,-7.04547789e-03,-6.98108695e-04,-1.34717290e-04,-4.50432523e-05,-5.68560248e-06,8.83657539e-05,8.37320513e-08
3.178358,1.83471755e-01,-3.37013325e-03,-3.19302121e-03,-2.69128295e-04,-3.55974679e-05,-9.49163132e-06,-1.64059631e-06,8.83661767e-05,1.41864257e-07
3.179999,1.84820891e-01,-2.32450815e-03,-2.65619660e-03,-1.97135737e-04,-4.25074366e-05,-1.08406661e-05,-1.74012248e-06,8.83661221e-05,1.02841760e-07
3.181639,1.86171670e-01,2.18303878e-02,3.71128150e-03,8.53058991e-04,1.66663965e-04,4.14388036e-05,7.28070496e-06,8.83663229e-05,1.46721848e-07
3.183280,1.87487491e-01,8.48004876e-03,-9.21990708e-06,2.95562460e-04,1.95601892e-05,1.61574944e-06,1.12727031e-06,8.83662655e-05,9.07228366e-08
3.184921,1.88810890e-01,-4.71201724e-03,-2.79695510e-03,-2.68688926e-04,-9.79181555e-05,-2.09123811e-05,-3.91366514e-06,8.83660909e-05,5.16290670e-08
3.186562,1.90192008e-01,8.78043668e-03,-3.92095858e-04,3.00207847e-04,4.55183803e-05,5.08630273e-06,2.17894576e-06,8.83663963e-05,1.11186941e-07
3.188203,1.91574679e-01,1.07137301e-02,-3.06102741e-04,3.38319439e-04,4.79186571e-05,3.43233986e-06,1.88269920e-06,8.83664089e-05,1.01327913e-07
3.189844,1.92928539e-01,-4.66484526e-03,-2.26244789e-03,-1.91401967e-04,-1.09242125e-04,-1.51056350e-05,-3.50722643e-06,8.83663379e-05,7.12400888e-08
3.191485,1.94284936e-01,5.37939799e-03,-1.24280108e-03,1.53509813e-04,3.06655489e-06,-2.37471206e-06,3.74377011e-07,8.83662201e-05,5.45056714e-08
3.193125,1.95644574e-01,-1.03677154e-02,-2.24655365e-03,-4.18886231e-04,-1.39034635e-04,-9.40512194e-06,-4.75447829e-06,8.83662832e-05,6.17019744e-08
3.194766,1.96995721e-01,2.91961083e-03,-1.52523378e-03,2.36500254e-05,-2.40985036e-05,-3.42428055e-06,-8.79004987e-07,8.83664955e-05,9.72098507e-08
3.196407,1.98304090e-01,1.47515404e-03,-1.58556453e-03,1.82090915e-05,-3.72268266e-05,-2.90485713e-06,-8.41378864e-07,8.83662737e-05,6.12433477e-08
3.198048,1.99591795e-01,7.51848451e-03,-1.73466222e-03,2.22564371e-04,3.99842567e-05,-2.94316143e-06,1.69023677e-06,8.83659947e-05,8.02737042e-08
3.199689,2.00863962e-01,-9.35292353e-04,-1.52990774e-03,-9.85868900e-05,-4.48579625e-05,-9.88547974e-08,-1.51114983e-06,8.83664603e-05,8.70326858e-08
3.201330,2.02101310e-01,-5.39277793e-03,-1.23678466e-03,-2.40572830e-04,-8.39948215e-05,3.53677049e-06,-2.76504619e-06,8.83665103e-05,9.83698201e-08
3.202971,2.03311147e-01,-1.54510667e-02,-2.73916989e-04,-5.21362895e-04,-1.72958430e-04,1.37356954e-05,-5.22671906e-06,8.83668234e-05,1.62549512e-07
3.204612,2.04482925e-01,7.02196462e-03,-2.25024607e-03,1.62657869e-04,4.81410380e-05,-6.09151718e-06,1.49422188e-06,8.83664865e-05,1.03577693e-07
3.206252,2.05588882e-01,-1.43535845e-02,3.70318521e-04,-4.12550518e-04,-1.77527995e-04,2.19632051e-05,-4.55419748e-06,8.83667498e-05,1.55736654e-07
3.207893,2.06642564e-01,7.24901352e-05,-1.54287859e-03,-3.84790773e-05,-1.17078920e-05,5.49102225e-07,-3.30754182e-07,8.83661705e-05,7.09728164e-08
3.209534,2.07675595e-01,-4.24963091e-03,-7.59045024e-04,-1.78247434e-04,-3.76331470e-05,6.76245652e-06,-1.18311631e-06,8.83663846e-05,9.67523302e-08
3.211175,2.08682224e-01,4.85512908e-04,-1.57951847e-03,-4.55431617e-05,2.92794336e-05,-4.47961119e-06,6.44309967e-07,8.83662536e-05,8.29304162e-08
3.212816,2.09649064e-01,-6.20516356e-03,-1.54307418e-04,-2.02209917e-04,-3.50163310e-05,9.18477465e-06,-8.76520893e-07,8.83663785e-05,1.11081578e-07
3.214457,2.10563804e-01,1.63557907e-03,-1.91329199e-03,-5.57336506e-06,5.28665203e-05,-1.11133227e-05,1.28378018e-06,8.83661126e-05,7.85039814e-08
3.216098,2.11429296e-01,8.01814470e-04,-1.67413875e-03,-6.88416450e-05,3.37448441e-05,-6.69956619e-06,4.73265686e-07,8.83665260e-05,1.59101175e-07
3.217738,2.12208433e-01,5.98994415e-03,-3.19492668e-03,6.12867820e-05,6.23873021e-05,-1.70771446e-05,1.29199721e-06,8.83667201e-05,2.17041285e-07
3.219379,2.12892164e-01,1.07129165e-02,-4.78866252e-03,1.34994202e-04,1.18976321e-04,-3.63948551e-05,2.21053072e-06,8.83661119e-05,9.42844370e-08
3.221020,2.13518995e-01,-2.89131897e-03,-5.43178861e-04,-8.05050530e-05,-2.77673430e-05,9.58151180e-06,-1.79344905e-07,8.83665897e-05,1.83267191e-07
3.222661,2.14081052e-01,5.87763887e-03,-3.57372268e-03,2.29258757e-05,5.89026353e-05,-2.07109773e-05,7.86645839e-07,8.83665896e-05,1.89817566e-07
3.224302,2.14595245e-01,2.92496452e-03,-2.66724351e-03,2.71595745e-05,5.25292220e-05,-1.93069107e-05,1.23494578e-06,8.83662046e-05,9.96123254e-08
3.225943,2.15080745e-01,-2.97916427e-03,-3.81798008e-04,-1.25792556e-04,-6.26138507e-06,3.29823362e-06,-2.80984497e-07,8.83662744e-05,1.09974629e-07
3.227584,2.15525908e-01,4.02389281e-04,-1.74276857e-03,1.37911043e-05,2.21814725e-05,-8.32123493e-06,9.99763234e-07,8.83665981e-05,2.36917623e-07
3.229225,2.15912896e-01,-1.11722420e-02,3.30695355e-03,-2.38125611e-04,-7.81619237e-05,3.59409256e-05,-1.34266755e-06,8.83663611e-05,1.46500133e-07
3.230865,2.16266255e-01,2.83854472e-03,-2.95553689e-03,-4.15078457e-05,3.82821492e-05,-1.74815037e-05,2.21173858e-07,8.83666738e-05,2.93114380e-07
3.232506,2.16524421e-01,-3.82818348e-03,2.54521854e-04,-1.41366395e-04,-2.09651908e-05,1.11340297e-05,-6.21201312e-07,8.83664213e-05,1.78517004e-07
3.234147,2.16741254e-01,-2.74969161e-03,-2.28977440e-04,-5.04025206e-05,-1.47827787e-05,8.06429342e-06,1.43031694e-07,8.83663828e-05,1.70857848e-07
3.235788,2.16910093e-01,7.86108898e-04,-2.11870326e-03,1.43762411e-05,1.55519310e-05,-8.49703696e-06,6.53027619e-07,8.83664607e-05,2.12693859e-07
3.237429,2.17019900e-01,8.62054917e-03,-6.63783937e-03,1.23923863e-04,7.20686197e-05,-4.24372016e-05,1.42858683e-06,8.83667827e-05,4.02038608e-07
3.239070,2.17020343e-01,6.71805361e-03,-5.80696894e-03,4.13177225e-05,4.94033985e-05,-3.21016136e-05,5.94454923e-07,8.83665199e-05,2.38366499e-07
3.240711,2.16928428e-01,2.29479894e-03,-3.30282923e-03,5.55811233e-05,-2.01618551e-05,7.98643010e-06,5.01923309e-07,8.83667754e-05,3.93504707e-07
3.242351,2.16761796e-01,4.03926214e-03,-4.45994385e-03,-7.61706739e-06,5.21875192e-06,-7.41596678e-06,-8.28196754e-08,8.83665445e-05,2.61914703e-07
3.243992,2.16602603e-01,9.19365149e-04,-2.52511334e-03,-6.92595580e-06,-2.02283591e-05,9.46762822e-06,2.90843457e-08,8.83664820e-05,2.34849739e-07
3.245633,2.16477970e-01,7.40151781e-03,-7.33622746e-03,1.30671605e-05,5.86412367e-05,-4.70094591e-05,3.88431944e-07,8.83661849e-05,1.56547506e-07
3.247274,2.16430453e-01,-9.15520380e-03,4.96207968e-03,-1.13374475e-04,-8.37979407e-05,6.15801606e-05,-6.50684619e-07,8.83661899e-05,1.54126566e-07
3.248915,2.16497412e-01,-2.42061975e-03,-1.35183009e-04,-7.48946897e-05,-1.17786367e-05,7.69136777e-06,-2.55273085e-07,8.83662305e-05,1.72857590e-07
3.250556,2.16603529e-01,-3.64283403e-03,8.39603884e-04,-5.15964191e-05,-3.46108197e-05,2.61817710e-05,-1.49384430e-08,8.83666727e-05,5.31405451e-07
3.252197,2.16684788e-01,-4.58080944e-03,1.73122958e-03,-6.13072282e-05,-4.58389765e-05,3.71330764e-05,-1.68556031e-07,8.83666422e-05,5.05382028e-07
3.253837,2.16764920e-01,-4.40600847e-03,1.86497954e-03,-1.05729031e-04,-4.61830662e-05,4.07574535e-05,-5.55157191e-07,8.83665959e-05,4.75508997e-07
3.255478,2.16866060e-01,-1.55336502e-04,-2.29550483e-03,-8.80679952e-05,-8.05596960e-07,-2.80270437e-06,-3.19153462e-07,8.83664221e-05,3.38587570e-07
3.257119,2.17035828e-01,7.85604031e-03,-1.02442268e-02,-8.63557758e-05,7.73225197e-05,-7.99062094e-05,-2.67818982e-07,8.83665246e-05,4.46190353e-07
3.258760,2.17199759e-01,-3.45486750e-03,1.17453535e-03,-5.82906058e-05,-3.21987543e-05,3.18114415e-05,-4.06000511e-08,8.83663519e-05,3.16588133e-07
3.260401,2.17477456e-01,8.67173184e-04,-3.49502717e-03,-3.47960712e-05,1.82527877e-05,-2.16135377e-05,1.72471006e-07,8.83664278e-05,3.97759258e-07
3.262042,2.17863667e-01,4.65319056e-04,-3.17251433e-03,-7.67555810e-05,1.81093858e-05,-2.21077724e-05,-2.51849935e-07,8.83664353e-05,4.35614761e-07
3.263683,2.18299048e-01,-1.57645666e-03,-9.45328742e-04,-5.79427516e-05,-9.53596827e-06,8.45597049e-06,3.68913490e-08,8.83665840e-05,6.12842300e-07
3.265324,2.18755780e-01,-3.15848053e-03,1.15556901e-03,-5.90148014e-05,-2.14125109e-05,2.56363325e-05,7.45749894e-08,8.83664961e-05,4.96913213e-07
3.266964,2.19330238e-01,-1.84622187e-03,-4.55304053e-04,-5.76549370e-05,1.14643884e-06,-1.50749554e-06,4.36298434e-08,8.83663599e-05,3.79899078e-07
3.268605,2.20031863e-01,-5.32806203e-04,-2.29940354e-03,-8.97590853e-05,9.27997271e-06,-1.39203060e-05,-1.99668457e-07,8.83666095e-05,6.83932639e-07
3.270246,2.20705942e-01,3.41218572e-04,-3.69451401e-03,-3.07171100e-05,-3.08594309e-06,3.43904812e-07,6.06586318e-07,8.83670381e-05,1.15304151e-06
3.271887,2.21301260e-01,6.03923758e-04,-4.26831907e-03,-1.00976401e-04,1.25186867e-05,-2.15303527e-05,-2.72787227e-07,8.83663964e-05,3.70678645e-07
3.273528,2.22031754e-01,2.87350418e-03,-8.29534764e-03,-1.04126049e-04,3.29751110e-05,-5.82555603e-05,-2.34178855e-07,8.83665468e-05,5.81059741e-07
3.275169,2.22789355e-01,5.83440374e-03,-1.36480637e-02,-2.13865732e-04,5.16045579e-05,-9.43115638e-05,-1.15314089e-06,8.83668192e-05,8.92058848e-07
3.276810,2.23512388e-01,8.70081563e-04,-5.27799669e-03,-1.01509241e-04,1.37861357e-05,-2.73249450e-05,-2.60838327e-07,8.83663568e-05,2.96962504e-07
3.278450,2.24366682e-01,-3.79511738e-03,3.58843607e-03,-8.16262480e-06,-3.41705695e-05,6.37341600e-05,6.79894084e-07,8.83666698e-05,6.94609108e-07
3.280091,2.25319386e-01,-9.33400701e-03,1.54341287e-02,1.32759818e-04,-7.74112548e-05,1.61436609e-04,1.87278931e-06,8.83665022e-05,5.18382223e-07
3.281732,2.26523755e-01,-3.48304452e-03,3.55397499e-03,6.48436479e-05,-1.83518565e-05,3.93261214e-05,1.10559726e-06,8.83668826e-05,1.00928844e-06
3.283373,2.27816029e-01,-6.60598227e-03,1.12495368e-02,1.56378446e-04,-4.25841184e-05,1.02644608e-04,1.74274462e-06,8.83667321e-05,8.13555661e-07
3.285014,2.29211832e-01,-3.68526114e-03,4.85657898e-03,4.50253001e-05,-1.56546493e-05,4.17454978e-05,6.43032929e-07,8.83668311e-05,9.34030017e-07
3.286655,2.30604636e-01,4.58401304e-03,-1.64250358e-02,-3.14858464e-04,6.03290182e-05,-1.56602322e-04,-2.70230193e-06,8.83667974e-05,8.62776723e-07
3.288296,2.31850909e-01,7.83446195e-04,-6.53943988e-03,-1.52082478e-04,1.87368996e-05,-4.76360325e-05,-8.45751944e-07,8.83667434e-05,6.89375791e-07
3.289937,2.33034027e-01,-1.22353214e-03,-8.82671281e-04,-7.04949851e-05,1.49028477e-06,2.76511465e-06,-6.73088379e-08,8.83665863e-05,4.54605492e-07
3.291577,2.34194259e-01,2.60561288e-03,-1.27164959e-02,-1.98807633e-04,2.75767195e-05,-8.53188727e-05,-8.60667937e-07,8.83670133e-05,9.21808684e-07
3.293218,2.35253388e-01,-3.96509749e-03,8.37157450e-03,1.35349706e-04,-2.40961109e-05,8.97722417e-05,1.79494241e-06,8.83665514e-05,3.18280849e-07
3.294859,2.36486939e-01,-1.21648756e-03,-5.69615899e-04,-1.00355529e-04,4.27929622e-06,-5.92750649e-06,-5.69066853e-07,8.83666846e-05,5.11746722e-07
3.296500,2.37759822e-01,-1.68098198e-03,1.31141793e-03,1.04411594e-05,2.90133069e-06,7.33455281e-07,2.63475012e-07,8.83666836e-05,4.89413441e-07
3.298141,2.39039053e-01,6.16670478e-04,-7.72787971e-03,-1.46901016e-04,1.86200620e-05,-7.11110252e-05,-1.00931993e-06,8.83670998e-05,9.35350633e-07
3.299782,2.40209147e-01,2.88849967e-03,-1.82730050e-02,-3.94866487e-04,3.79899875e-05,-1.66904662e-04,-3.35040307e-06,8.83672530e-05,1.03770212e-06
3.301423,2.41130483e-01,-2.20532864e-03,4.80749329e-03,7.46021397e-05,-1.41527974e-05,7.63384381e-05,1.59370858e-06,8.83669857e-05,6.25240633e-07
3.303063,2.41991286e-01,-9.09810708e-04,-1.00990955e-03,-8.36010573e-05,2.82483386e-06,-1.32676729e-06,-3.46409868e-07,8.83669195e-05,5.58374216e-07
3.304704,2.42848228e-01,-1.83361755e-03,4.14832556e-03,4.72855008e-05,-6.36528036e-07,2.71096148e-05,5.22331135e-07,8.83665807e-05,1.90418719e-07
3.306345,2.43690933e-01,-6.07921366e-04,-2.05621019e-03,-8.71365500e-05,7.40488247e-06,-2.48969648e-05,-6.02465784e-07,8.83669499e-05,5.42292675e-07
3.307986,2.44380709e-01,-1.11219770e-03,1.00529494e-03,-3.11269579e-05,1.76408874e-06,7.25617496e-06,-7.22131935e-09,8.83669179e-05,4.68538838e-07
3.309627,2.44965300e-01,-2.02573193e-03,7.35393810e-03,1.81624341e-04,-7.25658557e-06,6.34809731e-05,1.85481067e-06,8.83670812e-05,5.89698171e-07
3.311268,2.45466073e-01,-1.05252101e-03,2.35272493e-03,3.82546329e-05,2.38438827e-06,7.55994914e-06,2.70204288e-07,8.83671105e-05,5.91973072e-07
3.312909,2.45824118e-01,1.95097590e-03,-2.02924140e-02,-3.98755148e-04,2.84016648e-05,-2.00838716e-04,-3.75558745e-06,8.83671212e-05,5.47649676e-07
3.314550,2.45933658e-01,-3.24752097e-03,2.09554630e-02,4.64537845e-04,-2.08017408e-05,1.99062545e-04,4.57951481e-06,8.83670194e-05,3.93278008e-07
3.316190,2.45994723e-01,-2.34745651e-03,1.51268323e-02,3.35300562e-04,-4.97477124e-06,9.13395250e-05,2.13074526e-06,8.83665722e-05,1.05942907e-07
3.317831,2.46012399e-01,-2.48131414e-03,1.80440225e-02,3.38481012e-04,-1.02656202e-05,1.25314589e-04,2.25291780e-06,8.83671056e-05,4.71447004e-07
3.319472,2.45840935e-01,3.97631261e-04,-7.40229531e-03,-1.92897449e-04,1.60288243e-05,-1.17605034e-04,-2.71508463e-06,8.83669433e-05,3.27314580e-07
3.321113,2.45419672e-01,-9.86575527e-04,5.77683379e-03,1.45307512e-04,-1.16927564e-06,3.22915701e-05,1.11499670e-06,8.83671776e-05,4.12562825e-07
3.322754,2.44724621e-01,5.43605212e-04,-8.45343201e-03,-1.96342208e-04,8.29205254e-06,-6.87489034e-05,-1.49875576e-06,8.83673599e-05,4.39241494e-07
3.324395,2.43761346e-01,1.14308551e-03,-1.47808500e-02,-3.60810921e-04,1.90083114e-05,-1.55336643e-04,-3.55761271e-06,8.83665090e-05,7.63250070e-08
3.326036,2.42616272e-01,-5.61798718e-04,3.33946635e-03,9.66779460e-05,1.59934669e-07,2.81518218e-05,1.04614755e-06,8.83668972e-05,1.67170583e-07
3.327676,2.41259643e-01,-2.52619070e-04,7.05415851e-04,9.14205505e-06,1.80710043e-06,4.96731418e-06,1.41341373e-07,8.83670424e-05,2.17737122e-07
3.329317,2.39672896e-01,-1.13200260e-03,1.09798732e-02,2.73052046e-04,-8.76323998e-06,1.16086543e-04,2.87494277e-06,8.83672590e-05,2.71936354e-07
3.330958,2.37849575e-01,1.60389313e-04,-3.69390241e-03,-8.49460859e-05,3.67378298e-06,-2.50550365e-05,-6.18293731e-07,8.83669123e-05,1.37665298e-07
3.332599,2.35789438e-01,4.52630651e-05,-9.76887554e-04,-7.56842573e-05,2.47443857e-06,1.75942080e-06,-4.91483313e-07,8.83666974e-05,7.30755014e-08
3.334240,2.33508306e-01,-5.70530953e-04,6.96643056e-03,1.44728154e-04,-1.24305424e-06,5.74880336e-05,1.26297274e-06,8.83664505e-05,4.96192301e-08
3.335881,2.31019192e-01,-8.04563929e-04,9.58258002e-03,2.66428554e-04,-5.26239152e-06,8.51519377e-05,2.37991993e-06,8.83669165e-05,1.22849657e-07
3.337522,2.28301864e-01,-5.33538849e-04,7.12236205e-03,1.76292136e-04,-2.04628521e-06,5.28260706e-05,1.27442732e-06,8.83666395e-05,7.39778816e-08
3.339163,2.25360535e-01,9.29851699e-04,-1.02245053e-02,-2.02511344e-04,1.16139665e-05,-1.18145807e-04,-2.48735021e-06,8.83663542e-05,5.97880799e-08
3.340803,2.22192935e-01,6.60806610e-04,-7.22313740e-03,-1.68498320e-04,6.40750335e-06,-7.20480201e-05,-1.77699508e-06,8.83667929e-05,7.63549866e-08
3.342444,2.18789650e-01,-2.20819557e-04,4.30484179e-03,1.17959097e-04,-3.40599502e-06,5.24451886e-05,1.20698973e-06,8.83665406e-05,5.91349532e-08
3.344085,2.15178684e-01,-1.83687707e-04,3.73863426e-03,1.16823050e-04,2.85066106e-07,1.48283217e-05,4.97835721e-07,8.83662456e-05,7.44506195e-08
3.345726,2.11377896e-01,-6.63885312e-04,8.54112939e-03,1.96960382e-04,-4.48147861e-06,6.08526137e-05,1.28893492e-06,8.83665594e-05,3.54842513e-08
3.347367,2.07373099e-01,-1.04829816e-03,1.25719464e-02,2.96485271e-04,-9.19854531e-06,1.06149630e-04,2.29458777e-06,8.83664298e-05,3.38637359e-08
3.349008,2.03175730e-01,-6.58645761e-06,1.08588128e-03,5.16140271e-05,5.25983842e-07,-6.66317295e-06,-1.36459165e-07,8.83662264e-05,5.91842747e-08
3.350649,1.98789527e-01,-6.74367972e-04,8.29516907e-03,2.01976946e-04,-7.74102141e-06,8.05116454e-05,1.65429706e-06,8.83664049e-05,1.20216040e-09
3.352289,1.94225005e-01,3.06750784e-05,3.26980493e-04,-3.55916279e-06,-1.54249615e-06,7.19871734e-06,-2.87528177e-07,8.83663186e-05,1.02411286e-08
3.353930,1.89505986e-01,6.22654664e-04,-6.09949698e-03,-1.40982230e-04,5.79385949e-06,-7.21624441e-05,-1.88046544e-06,8.83658903e-05,1.29352499e-07
3.355571,1.84669589e-01,-6.39530057e-04,6.80693332e-03,1.15109391e-04,-4.43588007e-06,4.13380672e-05,5.04007538e-07,8.83659040e-05,9.74166909e-08
3.357212,1.79745386e-01,-7.33140598e-04,7.18759428e-03,1.20450169e-04,-1.62328180e-06,1.24436306e-05,-3.48695216e-08,8.83655491e-05,2.50476608e-07
3.358853,1.74752470e-01,-8.99228010e-04,8.79871020e-03,1.81267503e-04,-3.77327564e-06,3.83458207e-05,7.45467989e-07,8.83658483e-05,5.41289103e-08
3.360494,1.69649292e-01,-7.18284714e-04,6.88664402e-03,1.01531347e-04,-2.59073646e-06,2.43436263e-05,4.54451135e-08,8.83658070e-05,5.16702043e-08
3.362135,1.64441560e-01,1.48269383e-03,-1.68382562e-02,-3.06124020e-04,1.57251843e-05,-1.84512043e-04,-3.52789920e-06,8.83658118e-05,5.81243852e-08
3.363776,1.59071432e-01,7.48553407e-04,-9.26476027e-03,-1.62781195e-04,5.67332416e-06,-8.68180239e-05,-1.68478925e-06,8.83656911e-05,7.98171722e-08
3.365416,1.53617281e-01,-2.45943973e-04,6.82793754e-04,1.79309657e-05,-3.39547552e-06,1.41767087e-05,2.08023865e-07,8.83657786e-05,1.08065056e-07
3.367057,1.48119418e-01,-4.76009189e-04,2.94431152e-03,7.21743396e-05,-5.05214433e-06,3.06879334e-05,6.50534008e-07,8.83655008e-05,1.37517741e-07
3.368698,1.42613231e-01,1.09934714e-03,-1.72643897e-02,-2.94575064e-04,9.51000740e-06,-1.59694784e-04,-2.83691223e-06,8.83654006e-05,1.87940390e-07
3.370339,1.37091429e-01,-6.81800495e-04,4.63893436e-03,8.78469419e-05,-6.12377643e-06,5.07050412e-05,8.16932927e-07,8.83654668e-05,8.16012072e-08
3.371980,1.31609822e-01,-7.42840982e-04,5.86341412e-03,8.24110119e-05,-6.11273975e-06,6.00173077e-05,7.01681233e-07,8.83653481e-05,1.23859488e-07
3.373621,1.26194620e-01,-2.32764865e-04,-3.57870450e-03,-6.20373517e-05,-5.00987619e-07,-3.38188178e-05,-7.17046594e-07,8.83653326e-05,8.79648180e-08
3.375262,1.20828500e-01,2.31099950e-04,-1.55822204e-02,-2.80770683e-04,3.63352860e-06,-1.41809361e-04,-2.59404394e-06,8.83653160e-05,1.05769198e-07
3.376902,1.15412988e-01,-6.42820908e-04,3.25222642e-03,2.84905061e-05,-5.50591791e-06,5.79262341e-05,7.02939217e-07,8.83652158e-05,1.07218008e-07
3.378543,1.10122352e-01,-3.48160231e-04,-1.14649122e-02,-2.33141509e-04,-6.57484798e-07,-1.14318964e-04,-2.34041108e-06,8.83650200e-05,3.39036588e-07
3.380184,1.05038227e-01,-6.22983046e-04,1.47616396e-03,4.40064416e-05,-1.84150220e-06,7.68176083e-06,3.55881836e-07,8.83650932e-05,1.01435704e-07
3.381825,1.00105097e-01,-7.59147987e-04,-5.52467129e-03,-1.23284159e-04,-2.94545881e-06,-6.64067247e-05,-1.41892847e-06,8.83649243e-05,2.69459821e-07
