time_orbits,dist_km,u_p_norm,u_e_norm,P_diff_frobenius
0.000000,0.00000000e+00,0.00000000e+00,0.00000000e+00,6.96161067e+07
0.001094,8.66463109e+02,1.16196070e-03,5.81303059e-04,3.90078650e+05
0.002188,8.67072196e+02,1.14948994e-03,5.74702698e-04,2.69441441e+06
0.003282,8.67834965e+02,1.13677799e-03,5.68350718e-04,6.69869107e+06
0.004376,8.68734917e+02,1.12471487e-03,5.62333203e-04,7.09315246e+06
0.005470,8.69756889e+02,1.11325353e-03,5.56729537e-04,7.58703108e+06
0.006563,8.70887023e+02,1.10304862e-03,5.51620953e-04,7.68999413e+06
0.007657,8.72112725e+02,1.09308653e-03,5.47084909e-04,7.07062690e+06
0.008751,8.73422648e+02,1.08552784e-03,5.43205483e-04,6.72008624e+06
0.009845,8.74806521e+02,1.07825731e-03,5.40050557e-04,3.51019889e+06
0.010939,8.76255272e+02,1.07324958e-03,5.37705134e-04,2.76544957e+06
0.012033,8.77760789e+02,1.07027391e-03,5.36235036e-04,2.69608475e+06
0.013127,8.79315874e+02,1.06881593e-03,5.35699967e-04,2.68781761e+06
0.014221,8.80914303e+02,1.06976644e-03,5.36165441e-04,2.54928616e+06
0.015315,8.82550643e+02,1.07236986e-03,5.37674254e-04,1.92504215e+06
0.016409,8.84220196e+02,1.07801502e-03,5.40264183e-04,2.00117539e+06
0.017503,8.85918925e+02,1.08540125e-03,5.43951710e-04,1.93406031e+06
0.018596,8.87643518e+02,1.09450467e-03,5.48745842e-04,2.06700096e+06
0.019690,8.89391345e+02,1.10578029e-03,5.54639657e-04,2.01545817e+06
0.020784,8.91160355e+02,1.11970158e-03,5.61604617e-04,2.85239867e+06
0.021878,8.92948932e+02,1.13557246e-03,5.69588846e-04,4.33133021e+06
0.022972,8.94755922e+02,1.15358620e-03,5.78534104e-04,1.74849099e+06
0.024066,8.96580636e+02,1.17336134e-03,5.88363425e-04,1.94964087e+06
0.025160,8.98422833e+02,1.19460453e-03,5.98995543e-04,2.06151951e+06
0.026254,9.00282660e+02,1.21746083e-03,6.10343785e-04,3.97503674e+06
0.027348,9.02160639e+02,1.24164322e-03,6.22314379e-04,4.54443970e+06
0.028442,9.04057680e+02,1.26647408e-03,6.34814832e-04,2.69764435e+06
0.029536,9.05975099e+02,1.29219789e-03,6.47757793e-04,2.28317013e+06
0.030630,9.07914537e+02,1.31854790e-03,6.61054859e-04,1.51672113e+06
0.031723,9.09877926e+02,1.34570553e-03,6.74625348e-04,3.62170771e+06
0.032817,9.11867402e+02,1.37348577e-03,6.88388979e-04,4.83350865e+06
0.033911,9.13885341e+02,1.40139603e-03,7.02270414e-04,6.22921744e+06
0.035005,9.15934325e+02,1.42936946e-03,7.16203604e-04,5.61148326e+06
0.036099,9.18017128e+02,1.45751272e-03,7.30125210e-04,2.70589693e+06
0.037193,9.20136669e+02,1.48522378e-03,7.43978038e-04,2.57393449e+06
0.038287,9.22295990e+02,1.51295505e-03,7.57711175e-04,1.09468497e+06
0.039381,9.24498212e+02,1.54018843e-03,7.71275527e-04,2.22815329e+06
0.040475,9.26746528e+02,1.56722140e-03,7.84629646e-04,1.84581736e+06
0.041569,9.29044127e+02,1.59352983e-03,7.97726396e-04,3.34483838e+06
0.042663,9.31394229e+02,1.61955101e-03,8.10535453e-04,1.84400747e+06
0.043756,9.33799887e+02,1.64499444e-03,8.23013100e-04,3.06534544e+06
0.044850,9.36264067e+02,1.66934384e-03,8.35128533e-04,3.24601725e+06
0.045944,9.38789776e+02,1.69354780e-03,8.46858855e-04,2.27658415e+06
0.047038,9.41379813e+02,1.71623542e-03,8.58164002e-04,3.54962061e+06
0.048132,9.44037011e+02,1.73822329e-03,8.69034861e-04,3.73036742e+06
0.049226,9.46763775e+02,1.76076312e-03,8.79437457e-04,3.68125209e+06
0.050320,9.49562173e+02,1.78109435e-03,8.89336618e-04,4.04622269e+06
0.051414,9.52434205e+02,1.80121694e-03,8.98726872e-04,4.30139008e+06
0.052508,9.55381531e+02,1.81913030e-03,9.07578912e-04,4.99686709e+06
0.053602,9.58405690e+02,1.83796566e-03,9.15893477e-04,5.52776256e+06
0.054696,9.61507834e+02,1.85319316e-03,9.23638463e-04,6.37764216e+06
0.055789,9.64689560e+02,1.86808237e-03,9.30854350e-04,7.22427135e+06
0.056883,9.67951968e+02,1.88187556e-03,9.37507461e-04,8.18615510e+06
0.057977,9.71295421e+02,1.89534122e-03,9.43564023e-04,9.26048724e+06
0.059071,9.74719861e+02,1.90865559e-03,9.49018074e-04,9.85431375e+06
0.060165,9.78225252e+02,1.91738366e-03,9.53876770e-04,1.06295141e+07
0.061259,9.81811560e+02,1.92880153e-03,9.58163083e-04,1.15709495e+07
0.062353,9.85477966e+02,1.93727904e-03,9.61838620e-04,1.37059794e+07
0.063447,9.89223070e+02,1.94718538e-03,9.64884617e-04,1.48602058e+07
0.064541,9.93045230e+02,1.95315610e-03,9.67306709e-04,1.50903616e+07
0.065635,9.96943334e+02,1.95780256e-03,9.69152344e-04,1.81684797e+07
0.066729,1.00091529e+03,1.96178114e-03,9.70373667e-04,1.62497208e+07
0.067822,1.00495990e+03,1.96077095e-03,9.71062529e-04,1.60255168e+07
0.068916,1.00907621e+03,1.96120059e-03,9.71232051e-04,1.76144813e+07
0.070010,1.01326187e+03,1.96372625e-03,9.70834497e-04,2.04048452e+07
0.071104,1.01751345e+03,1.96582630e-03,9.69832834e-04,2.15146899e+07
0.072198,1.02182772e+03,1.96398224e-03,9.68258818e-04,2.11496117e+07
0.073292,1.02620236e+03,1.95620873e-03,9.66171169e-04,2.10691689e+07
0.074386,1.03063538e+03,1.95105650e-03,9.63620985e-04,1.99161026e+07
0.075480,1.03512429e+03,1.94508630e-03,9.60602161e-04,2.08233727e+07
0.076574,1.03966603e+03,1.93926069e-03,9.57097131e-04,2.02998981e+07
0.077668,1.04425748e+03,1.92921532e-03,9.53128478e-04,2.01558404e+07
0.078762,1.04889551e+03,1.92348263e-03,9.48730432e-04,2.07645760e+07
0.079855,1.05357622e+03,1.91474082e-03,9.43865149e-04,2.26117836e+07
0.080949,1.05829556e+03,1.90677010e-03,9.38549141e-04,2.29605168e+07
0.082043,1.06304966e+03,1.89314875e-03,9.32803565e-04,2.34145184e+07
0.083137,1.06783501e+03,1.88294497e-03,9.26682910e-04,2.10289581e+07
0.084231,1.07264816e+03,1.86858844e-03,9.20202251e-04,2.18782416e+07
0.085325,1.07748555e+03,1.85640014e-03,9.13365429e-04,2.15548628e+07
0.086419,1.08234331e+03,1.84115838e-03,9.06178816e-04,2.26186062e+07
0.087513,1.08721746e+03,1.82691226e-03,8.98656277e-04,1.98844013e+07
0.088607,1.09210470e+03,1.80681622e-03,8.90849408e-04,2.00237183e+07
0.089701,1.09700165e+03,1.79484047e-03,8.82779711e-04,2.08296555e+07
0.090795,1.10190371e+03,1.77818132e-03,8.74380625e-04,2.14733364e+07
0.091889,1.10680674e+03,1.76246923e-03,8.65703856e-04,2.17811771e+07
0.092982,1.11170658e+03,1.74262355e-03,8.56754249e-04,2.00551278e+07
0.094076,1.11659998e+03,1.72043572e-03,8.47600181e-04,1.66253460e+07
0.095170,1.12148409e+03,1.70390518e-03,8.38289833e-04,1.96112815e+07
0.096264,1.12635447e+03,1.68366384e-03,8.28712502e-04,1.68946914e+07
0.097358,1.13120770e+03,1.66339104e-03,8.18974547e-04,1.64361090e+07
0.098452,1.13604027e+03,1.64425010e-03,8.09059343e-04,1.69341980e+07
0.099546,1.14084828e+03,1.62291263e-03,7.98957861e-04,1.52777603e+07
0.100640,1.14562839e+03,1.60120065e-03,7.88719330e-04,1.63432719e+07
0.101734,1.15037691e+03,1.57943213e-03,7.78324740e-04,1.44435587e+07
0.102828,1.15509039e+03,1.56142653e-03,7.67818891e-04,1.44506195e+07
0.103922,1.15976513e+03,1.53560215e-03,7.57160142e-04,1.20083187e+07
0.105015,1.16439854e+03,1.51172292e-03,7.46443948e-04,1.02779176e+07
0.106109,1.16898781e+03,1.48740586e-03,7.35655505e-04,9.79763324e+06
0.107203,1.17352969e+03,1.46955604e-03,7.24791160e-04,1.05125422e+07
0.108297,1.17802023e+03,1.44705847e-03,7.13799805e-04,1.04850958e+07
0.109391,1.18245604e+03,1.42636418e-03,7.02732971e-04,1.09250244e+07
0.110485,1.18683366e+03,1.40106753e-03,6.91578794e-04,9.08551731e+06
0.111579,1.19115032e+03,1.38128720e-03,6.80405153e-04,1.10900607e+07
0.112673,1.19540230e+03,1.35737485e-03,6.69134882e-04,1.00634982e+07
0.113767,1.19958667e+03,1.33481210e-03,6.57841006e-04,9.09926896e+06
0.114861,1.20370025e+03,1.32243764e-03,6.46520481e-04,9.33395076e+06
0.115955,1.20773942e+03,1.28872198e-03,6.35094746e-04,8.98525670e+06
0.117048,1.21170245e+03,1.26381579e-03,6.23728523e-04,8.20190290e+06
0.118142,1.21558696e+03,1.23944013e-03,6.12371332e-04,6.58777380e+06
0.119236,1.21939067e+03,1.21611172e-03,6.01039168e-04,7.65303233e+06
0.120330,1.22311069e+03,1.19496312e-03,5.89692234e-04,7.29137662e+06
0.121424,1.22674420e+03,1.17084918e-03,5.78344376e-04,7.82117608e+06
0.122518,1.23028867e+03,1.14809572e-03,5.67008046e-04,7.18360589e+06
0.123612,1.23374170e+03,1.12439044e-03,5.55699080e-04,6.98549495e+06
0.124706,1.23710110e+03,1.10127353e-03,5.44426273e-04,7.47127608e+06
0.125800,1.24036434e+03,1.07992243e-03,5.33173785e-04,8.09040346e+06
0.126894,1.24352881e+03,1.05732545e-03,5.21937347e-04,8.25921371e+06
0.127988,1.24659207e+03,1.03719642e-03,5.10734869e-04,8.83050093e+06
0.129081,1.24955159e+03,1.01444309e-03,4.99551159e-04,8.47702791e+06
0.130175,1.25240537e+03,9.90464742e-04,4.88422764e-04,8.03956344e+06
0.131269,1.25515166e+03,9.68149521e-04,4.77366067e-04,8.30768451e+06
0.132363,1.25778843e+03,9.45559654e-04,4.66361372e-04,8.20688273e+06
0.133457,1.26031378e+03,9.22610564e-04,4.55420627e-04,8.19358988e+06
0.134551,1.26272595e+03,9.00200200e-04,4.44553158e-04,8.26726404e+06
0.135645,1.26502316e+03,8.78824900e-04,4.33756631e-04,8.24814216e+06
0.136739,1.26720365e+03,8.55717712e-04,4.23033117e-04,8.29144619e+06
0.137833,1.26926587e+03,8.34328963e-04,4.12397522e-04,8.65643218e+06
0.138927,1.27120799e+03,8.13996185e-04,4.01830967e-04,8.49332102e+06
0.140021,1.27302840e+03,7.91625789e-04,3.91347782e-04,8.48010586e+06
0.141114,1.27472568e+03,7.70446616e-04,3.80956683e-04,8.67450177e+06
0.142208,1.27629831e+03,7.48875497e-04,3.70653534e-04,8.96052303e+06
0.143302,1.27774493e+03,7.27720891e-04,3.60453201e-04,9.38420848e+06
0.144396,1.27906412e+03,7.07898980e-04,3.50347320e-04,9.48866851e+06
0.145490,1.28025443e+03,6.87536458e-04,3.40335612e-04,9.83591165e+06
0.146584,1.28131452e+03,6.67649179e-04,3.30423615e-04,9.58605430e+06
0.147678,1.28224304e+03,6.48613894e-04,3.20608991e-04,9.69009764e+06
0.148772,1.28303864e+03,6.29047533e-04,3.10891449e-04,1.00592633e+07
0.149866,1.28370021e+03,6.08732041e-04,3.01289785e-04,1.00889836e+07
0.150960,1.28422666e+03,5.90182707e-04,2.91800838e-04,1.00774370e+07
0.152054,1.28461685e+03,5.71400962e-04,2.82421415e-04,1.01879475e+07
0.153148,1.28486987e+03,5.51590578e-04,2.73164081e-04,1.04563758e+07
0.154241,1.28498481e+03,5.32859725e-04,2.64030374e-04,1.06859433e+07
0.155335,1.28496078e+03,5.13896315e-04,2.55020005e-04,1.09728372e+07
0.156429,1.28479694e+03,4.96623066e-04,2.46139364e-04,1.07494006e+07
0.157523,1.28449244e+03,4.79031953e-04,2.37378469e-04,1.07588808e+07
0.158617,1.28404646e+03,4.61928920e-04,2.28744197e-04,1.08688010e+07
0.159711,1.28345827e+03,4.43944334e-04,2.20239973e-04,1.12069708e+07
0.160805,1.28272724e+03,4.27466426e-04,2.11874484e-04,1.16518703e+07
0.161899,1.28185269e+03,4.11016842e-04,2.03642563e-04,1.15114490e+07
0.162993,1.28083402e+03,3.95066888e-04,1.95547508e-04,1.15922985e+07
0.164087,1.27967063e+03,3.79514245e-04,1.87590026e-04,1.10449841e+07
0.165181,1.27836202e+03,3.64023600e-04,1.79770709e-04,1.05572937e+07
0.166274,1.27690784e+03,3.48552159e-04,1.72099186e-04,1.03411881e+07
0.167368,1.27530779e+03,3.32993317e-04,1.64577217e-04,1.06189518e+07
0.168462,1.27356160e+03,3.17802318e-04,1.57213493e-04,1.08173214e+07
0.169556,1.27166910e+03,3.03099886e-04,1.50010362e-04,1.07397046e+07
0.170650,1.26963016e+03,2.88773360e-04,1.42970132e-04,1.02504812e+07
0.171744,1.26744474e+03,2.75071139e-04,1.36095871e-04,1.01382239e+07
0.172838,1.26511284e+03,2.61486977e-04,1.29392925e-04,1.03149392e+07
0.173932,1.26263449e+03,2.48289384e-04,1.22868993e-04,9.97504685e+06
0.175026,1.26000979e+03,2.35892895e-04,1.16528752e-04,1.00449406e+07
0.176120,1.25723891e+03,2.22853053e-04,1.10381799e-04,9.70057513e+06
0.177214,1.25432212e+03,2.11638568e-04,1.04440206e-04,9.31520672e+06
0.178307,1.25125976e+03,1.99486506e-04,9.87113941e-05,9.46219200e+06
0.179401,1.24805228e+03,1.88904405e-04,9.32166779e-05,8.75712096e+06
0.180495,1.24470016e+03,1.78065848e-04,8.79657675e-05,8.77838026e+06
0.181589,1.24120400e+03,1.68045207e-04,8.29846481e-05,9.32508940e+06
0.182683,1.23756446e+03,1.58075126e-04,7.82978876e-05,9.01628923e+06
0.183777,1.23378227e+03,1.49038402e-04,7.39322838e-05,8.77071357e+06
0.184871,1.22985831e+03,1.41055414e-04,6.99194141e-05,8.90817009e+06
0.185965,1.22579352e+03,1.33584026e-04,6.62949679e-05,8.43774743e+06
0.187059,1.22158894e+03,1.27537664e-04,6.30974346e-05,7.96950059e+06
0.188153,1.21724571e+03,1.21893059e-04,6.03652940e-05,7.91114456e+06
0.189247,1.21276508e+03,1.17171489e-04,5.81405235e-05,8.23565207e+06
0.190340,1.20814836e+03,1.13711341e-04,5.64578279e-05,8.42453552e+06
0.191434,1.20339697e+03,1.11393110e-04,5.53403750e-05,8.20236424e+06
0.192528,1.19851244e+03,1.10307544e-04,5.47981189e-05,8.23135884e+06
0.193622,1.19349641e+03,1.10683085e-04,5.48265328e-05,7.74562076e+06
0.194716,1.18835065e+03,1.11480271e-04,5.54031901e-05,8.17174481e+06
0.195810,1.18307695e+03,1.13683523e-04,5.64961498e-05,8.01572166e+06
0.196904,1.17767729e+03,1.16924639e-04,5.80570319e-05,7.87789616e+06
0.197998,1.17215372e+03,1.20999429e-04,6.00339470e-05,8.12425275e+06
0.199092,1.16650845e+03,1.25522495e-04,6.23733384e-05,8.35397105e+06
0.200186,1.16074373e+03,1.30852523e-04,6.50241914e-05,7.80842073e+06
0.201280,1.15486197e+03,1.36530944e-04,6.79390610e-05,7.91675680e+06
0.202373,1.14886569e+03,1.42951293e-04,7.10745166e-05,8.05430935e+06
0.203467,1.14275751e+03,1.49639719e-04,7.43934204e-05,7.56516204e+06
0.204561,1.13654018e+03,1.56572556e-04,7.78630450e-05,7.64958154e+06
0.205655,1.13021660e+03,1.63639874e-04,8.14558572e-05,7.18156274e+06
0.206749,1.12378974e+03,1.71076128e-04,8.51501377e-05,7.37440221e+06
0.207843,1.11726263e+03,1.78496221e-04,8.89255377e-05,8.45796146e+06
0.208937,1.11063842e+03,1.86524794e-04,9.27646789e-05,8.58978401e+06
0.210031,1.10392048e+03,1.94484689e-04,9.66522457e-05,7.16614130e+06
0.211125,1.09711233e+03,2.01976414e-04,1.00578613e-04,6.66031450e+06
0.212219,1.09021752e+03,2.09971337e-04,1.04534321e-04,6.82716838e+06
0.213313,1.08323979e+03,2.18004876e-04,1.08509002e-04,6.05835224e+06
0.214407,1.07618295e+03,2.25772736e-04,1.12496395e-04,5.34977452e+06
0.215500,1.06905092e+03,2.33876163e-04,1.16490608e-04,4.53291543e+06
0.216594,1.06184784e+03,2.42111877e-04,1.20485521e-04,5.52533483e+06
0.217688,1.05457785e+03,2.50298087e-04,1.24475107e-04,6.23553454e+06
0.218782,1.04724525e+03,2.58410061e-04,1.28455612e-04,5.55042995e+06
0.219876,1.03985453e+03,2.66448263e-04,1.32424999e-04,5.46896295e+06
0.220970,1.03241021e+03,2.74344495e-04,1.36380252e-04,5.38394844e+06
0.222064,1.02491692e+03,2.82461265e-04,1.40319037e-04,6.36194830e+06
0.223158,1.01737946e+03,2.90365481e-04,1.44238440e-04,5.93592029e+06
0.224252,1.00980268e+03,2.97976569e-04,1.48138049e-04,5.31929131e+06
0.225346,1.00219155e+03,3.05696630e-04,1.52017425e-04,4.07096998e+06
0.226440,9.94551173e+02,3.13391379e-04,1.55876031e-04,4.98695879e+06
0.227533,9.86886678e+02,3.21296411e-04,1.59711041e-04,4.67362231e+06
0.228627,9.79203216e+02,3.29102477e-04,1.63521964e-04,4.70724638e+06
0.229721,9.71506071e+02,3.36719262e-04,1.67308766e-04,3.89259741e+06
0.230815,9.63800649e+02,3.44102445e-04,1.71072670e-04,4.01787221e+06
0.231909,9.56092475e+02,3.51664337e-04,1.74814011e-04,3.84160701e+06
0.233003,9.48387211e+02,3.59365139e-04,1.78533631e-04,4.35137042e+06
0.234097,9.40690575e+02,3.67037172e-04,1.82231305e-04,4.87927655e+06
0.235191,9.33008366e+02,3.74334032e-04,1.85908475e-04,4.80794605e+06
0.236285,9.25346305e+02,3.82062776e-04,1.89565975e-04,4.50147907e+06
0.237379,9.17710154e+02,3.88933077e-04,1.93204058e-04,3.55928797e+06
0.238473,9.10106077e+02,3.96110104e-04,1.96831488e-04,3.08402652e+06
0.239566,9.02539932e+02,4.03619863e-04,2.00444286e-04,2.98204690e+06
0.240660,8.95017670e+02,4.10504364e-04,2.04044019e-04,2.88805272e+06
0.241754,8.87545544e+02,4.17405900e-04,2.07638259e-04,3.03392332e+06
0.242848,8.80129656e+02,4.24631836e-04,2.11225852e-04,3.33185578e+06
0.243942,8.72775994e+02,4.32206420e-04,2.14807757e-04,2.93264118e+06
0.245036,8.65490623e+02,4.39346218e-04,2.18385658e-04,3.15953163e+06
0.246130,8.58279695e+02,4.45783756e-04,2.21964696e-04,3.37099892e+06
0.247224,8.51149284e+02,4.53440873e-04,2.25546976e-04,3.41490159e+06
0.248318,8.44105292e+02,4.61220465e-04,2.29133062e-04,4.83807442e+06
0.249412,8.37153261e+02,4.69201803e-04,2.32716539e-04,4.91606747e+06
0.250506,8.30298774e+02,4.76407377e-04,2.36302004e-04,5.62239176e+06
0.251599,8.23547634e+02,4.84081286e-04,2.39898016e-04,5.74266950e+06
0.252693,8.16905497e+02,4.91221752e-04,2.43502269e-04,5.96641604e+06
0.253787,8.10377857e+02,4.99963113e-04,2.47117481e-04,7.47644273e+06
0.254881,8.03969458e+02,5.06988005e-04,2.50722818e-04,6.81139777e+06
0.255975,7.97685911e+02,5.13341438e-04,2.54348321e-04,6.79435717e+06
0.257069,7.91532820e+02,5.20279659e-04,2.57994084e-04,5.59853196e+06
0.258163,7.85515487e+02,5.27879325e-04,2.61659158e-04,7.22601447e+06
0.259257,7.79638555e+02,5.35581747e-04,2.65326148e-04,7.40530055e+06
0.260351,7.73906441e+02,5.43906443e-04,2.68997247e-04,8.74206231e+06
0.261445,7.68323246e+02,5.51518877e-04,2.72662023e-04,8.36397594e+06
0.262539,7.62893105e+02,5.58776508e-04,2.76324109e-04,1.00742203e+07
0.263632,7.57619501e+02,5.68975253e-04,2.79970370e-04,1.19927889e+07
0.264726,7.52505384e+02,5.74625145e-04,2.83578661e-04,1.12721370e+07
0.265820,7.47554506e+02,5.83186376e-04,2.87183202e-04,1.36855372e+07
0.266914,7.42769493e+02,5.90350606e-04,2.90740099e-04,1.12484530e+07
0.268008,7.38153253e+02,5.98032913e-04,2.94267603e-04,1.27496657e+07
0.269102,7.33708080e+02,6.05610177e-04,2.97738658e-04,1.41708888e+07
0.270196,7.29435821e+02,6.12916834e-04,3.01142934e-04,1.50900501e+07
0.271290,7.25337829e+02,6.21525933e-04,3.04464389e-04,1.60877489e+07
0.272384,7.21415056e+02,6.28721052e-04,3.07685651e-04,1.69122803e+07
0.273478,7.17668399e+02,6.35142482e-04,3.10802015e-04,1.87943630e+07
0.274572,7.14098301e+02,6.42951155e-04,3.13798456e-04,1.89360881e+07
0.275666,7.10704880e+02,6.46763788e-04,3.16653693e-04,1.68968892e+07
0.276759,7.07488835e+02,6.52130142e-04,3.19396928e-04,1.91641624e+07
0.277853,7.04449534e+02,6.59802675e-04,3.21972088e-04,2.03430654e+07
0.278947,7.01585544e+02,6.66320863e-04,3.24350852e-04,1.94711040e+07
0.280041,6.98895897e+02,6.66966441e-04,3.26537599e-04,1.93546320e+07
0.281135,6.96379781e+02,6.72168753e-04,3.28548522e-04,1.97765877e+07
0.282229,6.94035182e+02,6.77644576e-04,3.30335448e-04,2.15772883e+07
0.283323,6.91859325e+02,6.82351226e-04,3.31860222e-04,2.14464206e+07
0.284417,6.89849369e+02,6.85847275e-04,3.33123717e-04,2.08981168e+07
0.285511,6.88002560e+02,6.87620717e-04,3.34123345e-04,2.23824730e+07
0.286605,6.86315641e+02,6.88886638e-04,3.34834545e-04,2.09970617e+07
0.287699,6.84785343e+02,6.89768561e-04,3.35267263e-04,1.98519727e+07
0.288792,6.83408671e+02,6.87340112e-04,3.35425230e-04,1.80194170e+07
0.289886,6.82182513e+02,6.86376617e-04,3.35305062e-04,1.84934559e+07
0.290980,6.81102464e+02,6.87575418e-04,3.34857481e-04,1.77349972e+07
0.292074,6.80164018e+02,6.83841960e-04,3.34080553e-04,1.83062372e+07
0.293168,6.79362623e+02,6.85250781e-04,3.32983365e-04,1.99741237e+07
0.294262,6.78692345e+02,6.84643612e-04,3.31502204e-04,1.94807819e+07
0.295356,6.78147781e+02,6.81380345e-04,3.29668944e-04,1.93835348e+07
0.296450,6.77723736e+02,6.75606198e-04,3.27486384e-04,1.78536181e+07
0.297544,6.77415644e+02,6.69628298e-04,3.24999683e-04,1.64762980e+07
0.298638,6.77218669e+02,6.62734013e-04,3.22191551e-04,1.69242974e+07
0.299732,6.77127641e+02,6.54970421e-04,3.19058455e-04,1.58238711e+07
0.300825,6.77137367e+02,6.50189858e-04,3.15620830e-04,1.64428074e+07
0.301919,6.77241601e+02,6.42439286e-04,3.11821467e-04,1.57628504e+07
0.303013,6.77434422e+02,6.35903484e-04,3.07701906e-04,1.41255797e+07
0.304107,6.77710263e+02,6.23208829e-04,3.03270562e-04,1.27379607e+07
0.305201,6.78064162e+02,6.13685380e-04,2.98575197e-04,1.17213552e+07
0.306295,6.78490693e+02,6.03311380e-04,2.93602456e-04,1.10324576e+07
0.307389,6.78984663e+02,5.90800575e-04,2.88372561e-04,1.04078280e+07
0.308483,6.79540509e+02,5.81906538e-04,2.82885289e-04,9.98684157e+06
0.309577,6.80152259e+02,5.69507343e-04,2.77132655e-04,9.68100510e+06
0.310671,6.80814765e+02,5.55510950e-04,2.71164498e-04,9.22931783e+06
0.311765,6.81522440e+02,5.44892008e-04,2.64973984e-04,8.84782020e+06
0.312858,6.82269364e+02,5.32567761e-04,2.58562993e-04,8.50964139e+06
0.313952,6.83050060e+02,5.18645741e-04,2.51961363e-04,8.19769856e+06
0.315046,6.83859375e+02,5.05534171e-04,2.45199010e-04,7.97072553e+06
0.316140,6.84692188e+02,4.89633102e-04,2.38284042e-04,7.64915385e+06
0.317234,6.85543783e+02,4.75731944e-04,2.31256483e-04,7.60037569e+06
0.318328,6.86409141e+02,4.61505019e-04,2.24111857e-04,8.20711350e+06
0.319422,6.87283116e+02,4.47800319e-04,2.16861497e-04,8.29204360e+06
0.320516,6.88160858e+02,4.31232350e-04,2.09530593e-04,7.77510341e+06
0.321610,6.89038168e+02,4.14717849e-04,2.02160948e-04,8.43774102e+06
0.322704,6.89910624e+02,4.00594799e-04,1.94759881e-04,8.54801325e+06
0.323798,6.90773601e+02,3.85982193e-04,1.87335567e-04,8.66925341e+06
0.324891,6.91622761e+02,3.71084115e-04,1.79912415e-04,9.80336618e+06
0.325985,6.92453833e+02,3.55038091e-04,1.72506425e-04,1.06662946e+07
0.327079,6.93262783e+02,3.40092007e-04,1.65147515e-04,1.15602137e+07
0.328173,6.94045569e+02,3.25399643e-04,1.57850253e-04,1.28056935e+07
0.329267,6.94798237e+02,3.10174565e-04,1.50634103e-04,1.36028197e+07
0.330361,6.95516966e+02,2.96587447e-04,1.43525467e-04,1.39906987e+07
0.331455,6.96198013e+02,2.81251876e-04,1.36540456e-04,1.35516966e+07
0.332549,6.96837964e+02,2.67403519e-04,1.29713452e-04,1.46248595e+07
0.333643,6.97433335e+02,2.53245719e-04,1.23058548e-04,1.47177666e+07
0.334737,6.97980860e+02,2.39446136e-04,1.16605146e-04,1.19201900e+07
0.335831,6.98477434e+02,2.26560588e-04,1.10382675e-04,1.45944358e+07
0.336925,6.98919840e+02,2.14310992e-04,1.04406712e-04,1.19557246e+07
0.338018,6.99305090e+02,2.01762070e-04,9.87116722e-05,1.19968269e+07
0.339112,6.99630300e+02,1.91229484e-04,9.33265902e-05,1.52541666e+07
0.340206,6.99892456e+02,1.80650631e-04,8.82728985e-05,1.27743977e+07
0.341300,7.00088798e+02,1.71437291e-04,8.35907374e-05,1.54837841e+07
0.342394,7.00216552e+02,1.62642642e-04,7.93054105e-05,1.68375308e+07
0.343488,7.00273079e+02,1.54298063e-04,7.54516439e-05,1.66572998e+07
0.344582,7.00255905e+02,1.47406154e-04,7.20625975e-05,1.68289723e+07
0.345676,7.00162644e+02,1.41209876e-04,6.91616051e-05,1.96520177e+07
0.346770,6.99990981e+02,1.36058326e-04,6.67706476e-05,1.59073641e+07
0.347864,6.99738781e+02,1.31614180e-04,6.49051958e-05,1.21487391e+07
0.348958,6.99404102e+02,1.28430377e-04,6.35685465e-05,1.24681514e+07
0.350051,6.98985039e+02,1.26876997e-04,6.27505924e-05,1.28760376e+07
0.351145,6.98479764e+02,1.26081094e-04,6.24315639e-05,1.27278899e+07
0.352239,6.97886596e+02,1.26399225e-04,6.25856674e-05,1.13931245e+07
0.353333,6.97204027e+02,1.27628298e-04,6.31761392e-05,1.27198176e+07
0.354427,6.96430684e+02,1.29439520e-04,6.41641468e-05,1.41735260e+07
0.355521,6.95565275e+02,1.32013742e-04,6.55123202e-05,1.45356976e+07
0.356615,6.94606723e+02,1.35069288e-04,6.71798548e-05,1.48823727e+07
0.357709,6.93554115e+02,1.39151586e-04,6.91312975e-05,1.29662335e+07
0.358803,6.92406757e+02,1.43753950e-04,7.13324049e-05,1.43765511e+07
0.359897,6.91164110e+02,1.48528752e-04,7.37563984e-05,1.45836600e+07
0.360991,6.89825811e+02,1.53791971e-04,7.63813434e-05,1.46442439e+07
0.362084,6.88391685e+02,1.59570245e-04,7.91895271e-05,1.37635024e+07
0.363178,6.86861779e+02,1.65647423e-04,8.21654316e-05,1.51500035e+07
0.364272,6.85236353e+02,1.72034000e-04,8.52990635e-05,1.41153295e+07
0.365366,6.83515875e+02,1.78759105e-04,8.85825190e-05,1.52260847e+07
0.366460,6.81701025e+02,1.85937728e-04,9.20110085e-05,1.23750354e+07
0.367554,6.79792711e+02,1.93094992e-04,9.55794764e-05,1.38813462e+07
0.368648,6.77792011e+02,2.00484265e-04,9.92880615e-05,1.19614961e+07
0.369742,6.75700223e+02,2.08514685e-04,1.03135079e-04,1.20628705e+07
0.370836,6.73518875e+02,2.16544546e-04,1.07119735e-04,1.29400603e+07
0.371930,6.71249737e+02,2.24852244e-04,1.11243552e-04,1.21292172e+07
0.373024,6.68894834e+02,2.33650150e-04,1.15507289e-04,1.27287246e+07
0.374117,6.66456408e+02,2.42553678e-04,1.19911978e-04,1.36440991e+07
0.375211,6.63936877e+02,2.51782458e-04,1.24459756e-04,2.43091689e+08
0.376305,6.61338599e+02,2.61251217e-04,1.29142759e-04,1.35508281e+07
0.377399,6.58664661e+02,2.71118443e-04,1.33981506e-04,1.45279415e+07
0.378493,6.55918275e+02,2.81136231e-04,1.38969182e-04,1.31475907e+07
0.379587,6.53102856e+02,2.91682240e-04,1.44109135e-04,1.13462272e+07
0.380681,6.50222028e+02,3.02581426e-04,1.49403299e-04,1.13617005e+07
0.381775,6.47279619e+02,3.13455532e-04,1.54854744e-04,1.09969022e+07
0.382869,6.44279685e+02,3.24943664e-04,1.60467158e-04,1.22392011e+07
0.383963,6.41226501e+02,3.36541142e-04,1.66244565e-04,9.78538472e+06
0.385057,6.38124586e+02,3.48729694e-04,1.72190832e-04,1.06977283e+07
0.386150,6.34978598e+02,3.60913898e-04,1.78308410e-04,1.18725721e+07
0.387244,6.31793421e+02,3.73824683e-04,1.84603170e-04,1.08948704e+07
0.388338,6.28574143e+02,3.87181602e-04,1.91078487e-04,9.23883133e+06
0.389432,6.25325989e+02,4.00801946e-04,1.97737274e-04,8.47747523e+06
0.390526,6.22054446e+02,4.14752093e-04,2.04586660e-04,8.88657023e+06
0.391620,6.18765234e+02,4.28639706e-04,2.11632810e-04,7.12042795e+06
0.392714,6.15464344e+02,4.43258885e-04,2.18884202e-04,6.66177020e+06
0.393808,6.12157867e+02,4.58462584e-04,2.26345123e-04,6.74431494e+06
0.394902,6.08851978e+02,4.73635224e-04,2.34018635e-04,6.32353766e+06
0.395996,6.05553067e+02,4.89954788e-04,2.41914952e-04,6.89701641e+06
0.397090,6.02267487e+02,5.06254738e-04,2.50033751e-04,6.62623555e+06
0.398184,5.99001828e+02,5.23020490e-04,2.58384549e-04,6.70156625e+06
0.399277,5.95762632e+02,5.40870155e-04,2.66968547e-04,6.08424130e+06
0.400371,5.92556455e+02,5.59405007e-04,2.75788493e-04,5.54176163e+06
0.401465,5.89390053e+02,5.77254926e-04,2.84850490e-04,4.92477324e+06
0.402559,5.86270409e+02,5.96626344e-04,2.94166775e-04,4.90389251e+06
0.403653,5.83204104e+02,6.15663479e-04,3.03721897e-04,5.96976939e+06
0.404747,5.80198194e+02,6.34912019e-04,3.13538060e-04,8.55094605e+06
0.405841,5.77259388e+02,6.57120160e-04,3.23605177e-04,7.83810362e+06
0.406935,5.74393774e+02,6.79006932e-04,3.33899924e-04,8.85047489e+06
0.408029,5.71607648e+02,7.00684370e-04,3.44429704e-04,1.12755410e+07
0.409123,5.68907315e+02,7.21627928e-04,3.55189290e-04,1.16207962e+07
0.410217,5.66299194e+02,7.43899955e-04,3.66187719e-04,1.34648445e+07
0.411310,5.63789371e+02,7.67873918e-04,3.77409451e-04,1.58196721e+07
0.412404,5.61383325e+02,7.91781263e-04,3.88820332e-04,1.60165242e+07
0.413498,5.59086325e+02,8.17072221e-04,4.00412725e-04,1.57384296e+07
0.414592,5.56903395e+02,8.40418092e-04,4.12160690e-04,1.96970504e+07
0.415686,5.54839203e+02,8.66958591e-04,4.24045688e-04,1.91698138e+07
0.416780,5.52897727e+02,8.90169913e-04,4.36018289e-04,2.26575019e+07
0.417874,5.51082661e+02,9.18958559e-04,4.48066526e-04,2.39630935e+07
0.418968,5.49397184e+02,9.41540242e-04,4.60135487e-04,2.58359922e+07
0.420062,5.47844875e+02,9.66468965e-04,4.72235521e-04,2.94557514e+07
0.421156,5.46427859e+02,9.95137894e-04,4.84282687e-04,3.04268675e+07
0.422250,5.45147876e+02,1.01900010e-03,4.96230525e-04,3.16236143e+07
0.423343,5.44006836e+02,1.04350800e-03,5.08065547e-04,3.14789945e+07
0.424437,5.43006085e+02,1.06920150e-03,5.19744185e-04,3.36024845e+07
0.425531,5.42145991e+02,1.09285676e-03,5.31175529e-04,3.54807578e+07
0.426625,5.41426730e+02,1.11656250e-03,5.42337066e-04,4.06032343e+07
0.427719,5.40846837e+02,1.14362379e-03,5.53106324e-04,4.21854296e+07
0.428813,5.40403998e+02,1.16579115e-03,5.63406618e-04,4.61975491e+07
0.429907,5.40095847e+02,1.18584621e-03,5.73195116e-04,4.50966144e+07
0.431001,5.39919919e+02,1.21169323e-03,5.82472128e-04,4.84093556e+07
0.432095,5.39871607e+02,1.23807140e-03,5.91049970e-04,5.60579695e+07
0.433189,5.39944904e+02,1.25236818e-03,5.98776870e-04,5.40872079e+07
0.434283,5.40136775e+02,1.25912496e-03,6.05836769e-04,5.10211486e+07
0.435376,5.40445102e+02,1.27551625e-03,6.12271969e-04,5.86258358e+07
0.436470,5.40863439e+02,1.29179507e-03,6.17740539e-04,5.34618273e+07
0.437564,5.41386098e+02,1.30005760e-03,6.22303872e-04,5.12836884e+07
0.438658,5.42007974e+02,1.30892021e-03,6.25945100e-04,5.30153012e+07
0.439752,5.42722558e+02,1.31432160e-03,6.28544017e-04,5.41695921e+07
0.440846,5.43523239e+02,1.31711715e-03,6.30084647e-04,5.45452582e+07
0.441940,5.44402573e+02,1.32546756e-03,6.30508665e-04,6.21609278e+07
0.443034,5.45350843e+02,1.32295085e-03,6.29600435e-04,4.85686301e+07
0.444128,5.46361966e+02,1.32330317e-03,6.27668086e-04,4.75078267e+07
0.445222,5.47428723e+02,1.30660362e-03,6.24478565e-04,4.51908504e+07
0.446316,5.48544616e+02,1.29990916e-03,6.20176134e-04,4.03398765e+07
0.447409,5.49701788e+02,1.28799667e-03,6.14640816e-04,4.35449482e+07
0.448503,5.50891286e+02,1.27717630e-03,6.07789288e-04,4.28429033e+07
0.449597,5.52103809e+02,1.25841421e-03,5.99610332e-04,3.60167386e+07
0.450691,5.53331849e+02,1.24053733e-03,5.90247179e-04,3.23317988e+07
0.451785,5.54567509e+02,1.20996637e-03,5.79618364e-04,2.98547551e+07
0.452879,5.55803620e+02,1.18164599e-03,5.67831582e-04,2.71895235e+07
0.453973,5.57031746e+02,1.16016847e-03,5.54851278e-04,2.40750777e+07
0.455067,5.58242624e+02,1.12824414e-03,5.40616786e-04,2.15970672e+07
0.456161,5.59427949e+02,1.09488983e-03,5.25234751e-04,1.76880589e+07
0.457255,5.60579390e+02,1.06382272e-03,5.08763366e-04,1.67626287e+07
0.458349,5.61687752e+02,1.03051046e-03,4.91179156e-04,1.71320787e+07
0.459443,5.62744085e+02,9.87288790e-04,4.72541069e-04,1.37715788e+07
0.460536,5.63741225e+02,9.45429302e-04,4.53055005e-04,1.29227827e+07
0.461630,5.64671529e+02,9.04130196e-04,4.32748958e-04,1.32064153e+07
0.462724,5.65526692e+02,8.60009773e-04,4.11664128e-04,1.42196337e+07
0.463818,5.66298655e+02,8.14683847e-04,3.89922681e-04,1.56456705e+07
0.464912,5.66979701e+02,7.68723942e-04,3.67652577e-04,1.72741359e+07
0.466006,5.67562192e+02,7.19737164e-04,3.44965832e-04,1.90917365e+07
0.467100,5.68039002e+02,6.74695111e-04,3.22041037e-04,2.04772210e+07
0.468194,5.68402551e+02,6.25273710e-04,2.98971160e-04,2.25936710e+07
0.469288,5.68645959e+02,5.78271771e-04,2.75966889e-04,2.46496099e+07
0.470382,5.68762143e+02,5.30614074e-04,2.53169405e-04,2.75135898e+07
0.471476,5.68744517e+02,4.81124850e-04,2.30777481e-04,3.07888828e+07
0.472569,5.68586891e+02,4.37530428e-04,2.08995597e-04,3.11931485e+07
0.473663,5.68282228e+02,3.92985283e-04,1.87939484e-04,3.34050711e+07
0.474757,5.67824060e+02,3.51446999e-04,1.67823523e-04,3.42877790e+07
0.475851,5.67205770e+02,3.13176998e-04,1.48788502e-04,3.45958202e+07
0.476945,5.66420790e+02,2.75740827e-04,1.30973523e-04,3.66846373e+07
0.478039,5.65462970e+02,2.41447091e-04,1.14511432e-04,3.54072028e+07
0.479133,5.64326051e+02,2.09840087e-04,9.94734276e-05,3.48639558e+07
0.480227,5.63003917e+02,1.82053481e-04,8.59212761e-05,3.43682862e+07
0.481321,5.61490691e+02,1.56858212e-04,7.38810251e-05,3.46753999e+07
0.482415,5.59780861e+02,1.34764608e-04,6.33590772e-05,3.21602747e+07
0.483509,5.57869182e+02,1.15480089e-04,5.43340270e-05,3.04849226e+07
0.484602,5.55750898e+02,9.85399434e-05,4.67794064e-05,3.28467259e+07
0.485696,5.53421805e+02,8.56275111e-05,4.06617749e-05,3.12218085e+07
0.486790,5.50878220e+02,7.50594426e-05,3.59268093e-05,3.05540049e+07
0.487884,5.48117126e+02,6.74651217e-05,3.25175400e-05,3.01621196e+07
0.488978,5.45136239e+02,6.22443101e-05,3.03522319e-05,2.91244110e+07
0.490072,5.41934111e+02,5.94590066e-05,2.93239670e-05,2.83023582e+07
0.491166,5.38510206e+02,5.88383463e-05,2.93037333e-05,2.64291606e+07
0.492260,5.34864958e+02,6.04517741e-05,3.01591241e-05,2.69932758e+07
0.493354,5.30999826e+02,6.35470999e-05,3.17695433e-05,2.67789697e+07
0.494448,5.26917315e+02,6.81059793e-05,3.40413425e-05,2.92746053e+07
0.495542,5.22620999e+02,7.41040942e-05,3.69007787e-05,2.62942425e+07
0.496635,5.18115544e+02,8.08976556e-05,4.02912706e-05,2.79338402e+07
0.497729,5.13406678e+02,8.88591985e-05,4.41688464e-05,2.58564783e+07
0.498823,5.08501201e+02,9.77849866e-05,4.84945002e-05,2.63141596e+07
0.499917,5.03406993e+02,1.07643551e-04,5.32347675e-05,2.69493473e+07
0.501011,4.98132976e+02,1.18118637e-04,5.83639373e-05,2.50592552e+07
0.502105,4.92689071e+02,1.29557523e-04,6.38643602e-05,2.48387603e+07
0.503199,4.87086154e+02,1.41471941e-04,6.97257240e-05,2.27859495e+07
0.504293,4.81336017e+02,1.54267048e-04,7.59473299e-05,2.31316444e+07
0.505387,4.75451357e+02,1.67808802e-04,8.25349991e-05,1.86341128e+07
0.506481,4.69445706e+02,1.82068187e-04,8.95013200e-05,2.08281333e+07
0.507575,4.63333397e+02,1.97325851e-04,9.68617707e-05,1.97399707e+07
0.508668,4.57129596e+02,2.13230043e-04,1.04632504e-04,1.47158356e+07
0.509762,4.50850166e+02,2.29917796e-04,1.12827475e-04,1.81746771e+07
0.510856,4.44511628e+02,2.47810026e-04,1.21455236e-04,1.61455096e+07
0.511950,4.38130942e+02,2.66592455e-04,1.30516346e-04,1.31554740e+07
0.513044,4.31725557e+02,2.85796463e-04,1.40003959e-04,1.27785309e+07
0.514138,4.25313730e+02,3.05743642e-04,1.49912247e-04,1.19504197e+07
0.515232,4.18914199e+02,3.26560842e-04,1.60228586e-04,9.13835593e+06
0.516326,4.12545784e+02,3.48578317e-04,1.70931778e-04,7.67454645e+06
0.517420,4.06227524e+02,3.70939614e-04,1.81998840e-04,7.15425692e+06
0.518514,3.99978846e+02,3.93775473e-04,1.93411508e-04,6.45459376e+06
0.519608,3.93819172e+02,4.18237720e-04,2.05145936e-04,8.07293793e+06
0.520702,3.87767704e+02,4.42053564e-04,2.17164957e-04,1.01669289e+07
0.521795,3.81843701e+02,4.67424272e-04,2.29447371e-04,5.96093269e+06
0.522889,3.76066446e+02,4.91880363e-04,2.41967347e-04,8.04761288e+06
0.523983,3.70454628e+02,5.16886859e-04,2.54668435e-04,9.74624155e+06
0.525077,3.65026115e+02,5.43763067e-04,2.67501151e-04,9.05545844e+06
0.526171,3.59797961e+02,5.71030514e-04,2.80397692e-04,1.01131457e+07
0.527265,3.54786357e+02,5.97504922e-04,2.93277864e-04,1.34823028e+07
0.528359,3.50006189e+02,6.25763862e-04,3.06046692e-04,1.92912851e+07
0.529453,3.45470497e+02,6.51078698e-04,3.18556564e-04,2.04190095e+07
0.530547,3.41191475e+02,6.80647899e-04,3.30751105e-04,3.26767510e+07
0.531641,3.37178252e+02,7.07464617e-04,3.42378374e-04,2.27140439e+07
0.532735,3.33440894e+02,7.27765453e-04,3.53483855e-04,2.63190123e+07
0.533828,3.29987588e+02,7.52628442e-04,3.63894580e-04,3.58172298e+07
0.534922,3.26822311e+02,7.79144794e-04,3.73338147e-04,4.24787605e+07
0.536016,3.23946983e+02,7.99401529e-04,3.81648250e-04,4.63085897e+07
0.537110,3.21362748e+02,8.19338670e-04,3.88767211e-04,4.91913451e+07
0.538204,3.19069173e+02,8.29505293e-04,3.94546190e-04,4.92360258e+07
0.539298,3.17065510e+02,8.38561740e-04,3.98998063e-04,4.33015820e+07
0.540392,3.15349714e+02,8.42076156e-04,4.02043026e-04,4.48706658e+08
0.541486,3.13917121e+02,8.48192280e-04,4.03537053e-04,4.67498025e+07
0.542580,3.12760831e+02,8.48801722e-04,4.03388324e-04,4.35460643e+07
0.543674,3.11873528e+02,8.44517351e-04,4.01623713e-04,4.26355549e+07
0.544768,3.11246760e+02,8.34528928e-04,3.98221860e-04,3.87855404e+07
0.545861,3.10871949e+02,8.25195428e-04,3.93305344e-04,4.08265999e+07
0.546955,3.10737078e+02,8.19680392e-04,3.86706720e-04,4.25901381e+07
0.548049,3.10828052e+02,8.03129414e-04,3.78392225e-04,3.80397052e+07
0.549143,3.11133013e+02,7.82339302e-04,3.68669474e-04,3.53690959e+07
0.550237,3.11640109e+02,7.58175047e-04,3.57627153e-04,3.16579283e+07
0.551331,3.12337248e+02,7.29634599e-04,3.45383100e-04,2.76900977e+07
0.552425,3.13212726e+02,7.00372327e-04,3.32110740e-04,2.43211400e+07
0.553519,3.14254732e+02,6.68757117e-04,3.17925005e-04,2.16324910e+07
0.554613,3.15451040e+02,6.39082965e-04,3.02938467e-04,1.84111409e+07
0.555707,3.16789300e+02,6.05612460e-04,2.87269286e-04,1.60389880e+07
0.556801,3.18258333e+02,5.69463644e-04,2.71114860e-04,1.38153109e+07
0.557894,3.19847328e+02,5.34024916e-04,2.54611419e-04,1.29994904e+07
0.558988,3.21545513e+02,4.98076704e-04,2.37874503e-04,9.99560189e+06
0.560082,3.23342401e+02,4.65649127e-04,2.21037354e-04,7.51661193e+06
0.561176,3.25227623e+02,4.28476205e-04,2.04183782e-04,7.76470122e+06
0.562270,3.27191809e+02,3.94274526e-04,1.87474576e-04,6.57082964e+06
0.563364,3.29226153e+02,3.58922126e-04,1.71016633e-04,8.69873478e+06
0.564458,3.31322323e+02,3.25273034e-04,1.54904044e-04,9.38659823e+06
0.565552,3.33472374e+02,2.92954000e-04,1.39230250e-04,7.46666330e+06
0.566646,3.35669051e+02,2.59642787e-04,1.24084444e-04,9.57007189e+06
0.567740,3.37905442e+02,2.30633447e-04,1.09543896e-04,1.08374328e+07
0.568834,3.40174765e+02,2.00081437e-04,9.56652059e-05,9.07314283e+06
0.569927,3.42470982e+02,1.73305550e-04,8.25470504e-05,1.08196966e+07
0.571021,3.44788016e+02,1.48570950e-04,7.02492132e-05,1.08687439e+07
0.572115,3.47120168e+02,1.23365338e-04,5.88741335e-05,9.62522644e+06
0.573209,3.49462281e+02,1.01648040e-04,4.85809480e-05,6.05427268e+06
0.574303,3.51809313e+02,8.32469238e-05,3.95936648e-05,1.19043050e+07
0.575397,3.54156166e+02,6.84757051e-05,3.22853620e-05,1.23768844e+07
0.576491,3.56498026e+02,5.74142686e-05,2.72532864e-05,1.15311682e+07
0.577585,3.58830433e+02,5.17313189e-05,2.51222254e-05,1.29365146e+07
0.578679,3.61149128e+02,5.24935700e-05,2.59603647e-05,1.46820871e+07
0.579773,3.63449980e+02,5.81320666e-05,2.90234344e-05,1.44779624e+07
0.580867,3.65729095e+02,6.66467643e-05,3.33507305e-05,1.32046025e+07
0.581961,3.67982771e+02,7.64691516e-05,3.82644113e-05,1.26275852e+07
0.583054,3.70207527e+02,8.70036377e-05,4.33913076e-05,8.16991443e+06
0.584148,3.72400110e+02,9.73187146e-05,4.85440620e-05,1.22449951e+07
0.585242,3.74557427e+02,1.07688164e-04,5.36421505e-05,1.13990827e+07
0.586336,3.76676651e+02,1.18279084e-04,5.86518874e-05,9.60648070e+06
0.587430,3.78755222e+02,1.28128548e-04,6.35665497e-05,1.01605639e+07
0.588524,3.80790795e+02,1.38048577e-04,6.83966484e-05,1.28113515e+07
0.589618,3.82781286e+02,1.47540133e-04,7.31549023e-05,1.07923488e+07
0.590712,3.84724876e+02,1.57379261e-04,7.78553919e-05,1.11038998e+07
0.591806,3.86620014e+02,1.66739654e-04,8.25098893e-05,9.75614681e+06
0.592900,3.88465399e+02,1.76268462e-04,8.71298419e-05,9.37761960e+06
0.593994,3.90259982e+02,1.85591426e-04,9.17221278e-05,8.95200531e+06
0.595087,3.92002948e+02,1.94890310e-04,9.62917500e-05,9.59346824e+06
0.596181,3.93693711e+02,2.04110692e-04,1.00840597e-04,1.12789037e+07
0.597275,3.95331903e+02,2.13355012e-04,1.05368429e-04,9.47958083e+06
0.598369,3.96917372e+02,2.22520082e-04,1.09871975e-04,9.95209134e+06
0.599463,3.98450169e+02,2.31627494e-04,1.14348022e-04,7.38263278e+06
0.600557,3.99930535e+02,2.40727782e-04,1.18791419e-04,8.77015935e+06
0.601651,4.01358871e+02,2.49583350e-04,1.23197171e-04,7.22044144e+06
0.602745,4.02735756e+02,2.58491177e-04,1.27559964e-04,9.15583660e+06
0.603839,4.04061918e+02,2.67254591e-04,1.31874306e-04,1.02747014e+07
0.604933,4.05338218e+02,2.75941340e-04,1.36134844e-04,9.45563425e+06
0.606027,4.06565658e+02,2.84505011e-04,1.40336153e-04,8.08873182e+06
0.607120,4.07745384e+02,2.92963699e-04,1.44473791e-04,7.22859860e+06
0.608214,4.08878629e+02,3.01261361e-04,1.48543341e-04,7.59375584e+06
0.609308,4.09966725e+02,3.09385405e-04,1.52541450e-04,5.83390637e+06
0.610402,4.11011111e+02,3.17398584e-04,1.56465035e-04,8.31808589e+06
0.611496,4.12013287e+02,3.25338923e-04,1.60311414e-04,5.11740455e+06
0.612590,4.12974879e+02,3.32987068e-04,1.64078118e-04,5.24584710e+06
0.613684,4.13897550e+02,3.40448087e-04,1.67763596e-04,5.92974749e+06
0.614778,4.14783028e+02,3.47744307e-04,1.71367042e-04,6.24606422e+06
0.615872,4.15633096e+02,3.55049059e-04,1.74887146e-04,5.79246245e+06
0.616966,4.16449556e+02,3.62097854e-04,1.78321851e-04,4.50436615e+06
0.618060,4.17234268e+02,3.68924546e-04,1.81671204e-04,4.45826655e+06
0.619153,4.17989148e+02,3.75641988e-04,1.84935689e-04,5.01140296e+06
0.620247,4.18716082e+02,3.82116272e-04,1.88113843e-04,4.56063155e+06
0.621341,4.19416999e+02,3.88467460e-04,1.91206435e-04,3.63435721e+06
0.622435,4.20093895e+02,3.94611408e-04,1.94214196e-04,3.62075720e+06
0.623529,4.20748764e+02,4.00615213e-04,1.97137202e-04,3.15087099e+06
0.624623,4.21383597e+02,4.06558013e-04,1.99975356e-04,3.16178041e+06
0.625717,4.22000304e+02,4.12240902e-04,2.02728078e-04,3.91042006e+06
0.626811,4.22600799e+02,4.17732592e-04,2.05395934e-04,3.97700891e+06
0.627905,4.23187109e+02,4.23008327e-04,2.07981343e-04,5.00254598e+06
0.628999,4.23761177e+02,4.28461034e-04,2.10484069e-04,3.11796327e+06
0.630093,4.24324713e+02,4.33536941e-04,2.12899007e-04,3.41428249e+06
0.631186,4.24879579e+02,4.38346669e-04,2.15232049e-04,3.06744597e+06
0.632280,4.25427610e+02,4.43079608e-04,2.17483045e-04,3.52173976e+06
0.633374,4.25970621e+02,4.47316921e-04,2.19651995e-04,6.66942103e+06
0.634468,4.26510591e+02,4.51592183e-04,2.21746393e-04,6.55120429e+06
0.635562,4.27049238e+02,4.56088198e-04,2.23759415e-04,4.99457961e+06
0.636656,4.27588039e+02,4.60261466e-04,2.25686524e-04,4.58990644e+06
0.637750,4.28128485e+02,4.64465007e-04,2.27531190e-04,3.46279784e+06
0.638844,4.28672007e+02,4.68389498e-04,2.29292705e-04,4.40493471e+06
0.639938,4.29220211e+02,4.71204713e-04,2.30976777e-04,6.16224678e+06
0.641032,4.29774866e+02,4.74624498e-04,2.32591755e-04,6.96755664e+06
0.642126,4.30337361e+02,4.78388949e-04,2.34127043e-04,6.19485898e+06
0.643220,4.30908821e+02,4.81543446e-04,2.35576884e-04,7.18192946e+06
0.644313,4.31490565e+02,4.84334712e-04,2.36950837e-04,7.99439530e+06
0.645407,4.32083906e+02,4.86941421e-04,2.38249365e-04,8.70048337e+06
0.646501,4.32689997e+02,4.89993636e-04,2.39471321e-04,9.38211988e+06
0.647595,4.33309841e+02,4.92625763e-04,2.40613410e-04,9.11169980e+06
0.648689,4.33944278e+02,4.95280944e-04,2.41672828e-04,9.55721616e+06
0.649783,4.34594280e+02,4.97042011e-04,2.42657395e-04,1.06576738e+07
0.650877,4.35260922e+02,4.99614899e-04,2.43573648e-04,1.07580058e+07
0.651971,4.35944779e+02,5.02437330e-04,2.44405053e-04,1.15533056e+07
0.653065,4.36646392e+02,5.03735142e-04,2.45153188e-04,1.11725797e+07
0.654159,4.37366350e+02,5.05338443e-04,2.45823129e-04,1.23787800e+07
0.655253,4.38105413e+02,5.06379451e-04,2.46425270e-04,1.27494248e+07
0.656346,4.38864230e+02,5.08120259e-04,2.46956160e-04,1.29920470e+07
0.657440,4.39643302e+02,5.08804832e-04,2.47413358e-04,1.36264856e+07
0.658534,4.40442930e+02,5.11106353e-04,2.47794524e-04,1.36901964e+07
0.659628,4.41263091e+02,5.11627615e-04,2.48088560e-04,1.47217156e+07
0.660722,4.42103986e+02,5.13173769e-04,2.48309841e-04,1.51095608e+07
0.661816,4.42965812e+02,5.12870577e-04,2.48456743e-04,1.54766211e+07
0.662910,4.43848477e+02,5.15042465e-04,2.48524629e-04,1.58350228e+07
0.664004,4.44751656e+02,5.15468881e-04,2.48508391e-04,1.57623930e+07
0.665098,4.45675444e+02,5.14769795e-04,2.48422536e-04,1.55745630e+07
0.666192,4.46620099e+02,5.14594711e-04,2.48277865e-04,1.53205513e+07
0.667286,4.47585803e+02,5.14420800e-04,2.48073481e-04,1.69546293e+07
0.668379,4.48572148e+02,5.14596018e-04,2.47787081e-04,1.68777488e+07
0.669473,4.49579000e+02,5.13268865e-04,2.47437544e-04,1.62379856e+07
0.670567,4.50606630e+02,5.09739506e-04,2.47034683e-04,1.64327075e+07
0.671661,4.51655382e+02,5.10467717e-04,2.46594537e-04,1.78888771e+07
0.672755,4.52724387e+02,5.11396599e-04,2.46067681e-04,1.81362473e+07
0.673849,4.53812787e+02,5.08891367e-04,2.45457356e-04,1.75115318e+07
0.674943,4.54920515e+02,5.07539387e-04,2.44801887e-04,1.69590382e+07
0.676037,4.56047390e+02,5.05263946e-04,2.44092519e-04,1.63865244e+07
0.677131,4.57193356e+02,5.04123653e-04,2.43340354e-04,1.68890294e+07
0.678225,4.58357954e+02,5.02102788e-04,2.42527194e-04,1.81154848e+07
0.679319,4.59540297e+02,5.02884940e-04,2.41647180e-04,1.76662239e+07
0.680412,4.60739409e+02,5.00298091e-04,2.40695787e-04,1.80015319e+07
0.681506,4.61954752e+02,4.99432511e-04,2.39693804e-04,1.86211155e+07
0.682600,4.63185559e+02,4.97472898e-04,2.38631629e-04,1.97286262e+07
0.683694,4.64430949e+02,4.94502337e-04,2.37504460e-04,1.77570016e+07
0.684788,4.65690537e+02,4.91447539e-04,2.36341627e-04,1.67874685e+07
0.685882,4.66963977e+02,4.88882648e-04,2.35140988e-04,1.79331921e+07
0.686976,4.68250276e+02,4.87778132e-04,2.33880479e-04,1.98536779e+07
0.688070,4.69547954e+02,4.85923574e-04,2.32545176e-04,1.82740869e+07
0.689164,4.70856410e+02,4.82000702e-04,2.31172610e-04,1.68457052e+07
0.690258,4.72175546e+02,4.77403968e-04,2.29775954e-04,1.59435039e+07
0.691352,4.73505026e+02,4.74533986e-04,2.28351972e-04,1.60616294e+07
0.692445,4.74843963e+02,4.72673823e-04,2.26883265e-04,1.68956049e+07
0.693539,4.76191230e+02,4.68720984e-04,2.25358347e-04,1.55502064e+07
0.694633,4.77546165e+02,4.67347175e-04,2.23807667e-04,1.63202228e+07
0.695727,4.78907638e+02,4.63259088e-04,2.22200281e-04,1.86810853e+07
0.696821,4.80274390e+02,4.62349225e-04,2.20544202e-04,1.78776496e+07
0.697915,4.81645211e+02,4.57866208e-04,2.18839070e-04,1.81559748e+07
0.699009,4.83019413e+02,4.53795960e-04,2.17104033e-04,1.69334616e+07
0.700103,4.84396527e+02,4.47916714e-04,2.15348216e-04,1.64173076e+07
0.701197,4.85776090e+02,4.45063495e-04,2.13577154e-04,1.75835702e+07
0.702291,4.87156820e+02,4.43254090e-04,2.11759897e-04,1.66901742e+07
0.703385,4.88537798e+02,4.35580331e-04,2.09905946e-04,1.24252655e+07
0.704479,4.89919217e+02,4.31970295e-04,2.08071263e-04,1.30778084e+07
0.705572,4.91300185e+02,4.26919256e-04,2.06199192e-04,1.33472540e+07
0.706666,4.92679701e+02,4.25617699e-04,2.04304259e-04,1.44471885e+07
0.707760,4.94056303e+02,4.21748212e-04,2.02359428e-04,1.50684002e+07
0.708854,4.95428985e+02,4.16591765e-04,2.00385187e-04,1.26135068e+07
0.709948,4.96797205e+02,4.12855318e-04,1.98405998e-04,1.50942923e+07
0.711042,4.98159683e+02,4.10389821e-04,1.96386775e-04,1.48548272e+07
0.712136,4.99515270e+02,4.04494977e-04,1.94335934e-04,1.14372236e+07
0.713230,5.00863739e+02,4.00290268e-04,1.92294959e-04,1.20829162e+07
0.714324,5.02204262e+02,3.94694720e-04,1.90228322e-04,1.06410652e+07
0.715418,5.03536194e+02,3.90912963e-04,1.88158209e-04,1.03956507e+07
0.716512,5.04858653e+02,3.86167903e-04,1.86067962e-04,9.91361990e+06
0.717605,5.06170981e+02,3.79644865e-04,1.83966861e-04,7.97268730e+06
0.718699,5.07472707e+02,3.77227315e-04,1.81872659e-04,1.09228316e+07
0.719793,5.08762247e+02,3.73449916e-04,1.79731076e-04,1.01142957e+07
0.720887,5.10038482e+02,3.70125004e-04,1.77574288e-04,9.89009222e+06
0.721981,5.11300466e+02,3.64894625e-04,1.75399014e-04,9.20057564e+06
0.723075,5.12547550e+02,3.59343185e-04,1.73219351e-04,1.01879443e+07
0.724169,5.13778825e+02,3.55901777e-04,1.71027621e-04,1.01997584e+07
0.725263,5.14993211e+02,3.51244162e-04,1.68818048e-04,8.03924006e+06
0.726357,5.16190257e+02,3.44121382e-04,1.66612366e-04,5.99819962e+06
0.727451,5.17369807e+02,3.38881000e-04,1.64424391e-04,6.95117960e+06
0.728545,5.18530928e+02,3.35279079e-04,1.62223362e-04,6.78718666e+06
0.729638,5.19672572e+02,3.30868869e-04,1.60009723e-04,7.85980149e+06
0.730732,5.20793720e+02,3.27028322e-04,1.57782691e-04,7.32118686e+06
0.731826,5.21893425e+02,3.21575084e-04,1.55545780e-04,7.22868636e+06
0.732920,5.22970883e+02,3.17919387e-04,1.53307432e-04,5.72316852e+06
0.734014,5.24025385e+02,3.12632852e-04,1.51069544e-04,6.54971851e+06
0.735108,5.25056107e+02,3.07688068e-04,1.48824239e-04,6.08436483e+06
0.736202,5.26062319e+02,3.02751003e-04,1.46581567e-04,5.56162394e+06
0.737296,5.27043231e+02,3.00248802e-04,1.44340884e-04,6.80355724e+06
0.738390,5.27997593e+02,2.95004041e-04,1.42076546e-04,6.75659175e+06
0.739484,5.28924582e+02,2.90806043e-04,1.39814560e-04,6.45564445e+06
0.740578,5.29823451e+02,2.85087490e-04,1.37552053e-04,5.44955581e+06
0.741671,5.30693761e+02,2.79963699e-04,1.35304417e-04,5.93492526e+06
0.742765,5.31534700e+02,2.76379577e-04,1.33055153e-04,6.04703998e+06
0.743859,5.32345356e+02,2.70325254e-04,1.30800780e-04,5.71668659e+06
0.744953,5.33125137e+02,2.66567566e-04,1.28559216e-04,6.24708508e+06
0.746047,5.33873118e+02,2.61499571e-04,1.26311213e-04,5.90132085e+06
0.747141,5.34588636e+02,2.56915127e-04,1.24072168e-04,5.74949237e+06
0.748235,5.35270990e+02,2.53200531e-04,1.21839346e-04,6.38392117e+06
0.749329,5.35919213e+02,2.49070258e-04,1.19600928e-04,6.83777179e+06
0.750423,5.36532416e+02,2.43827601e-04,1.17361845e-04,6.61074804e+06
0.751517,5.37109921e+02,2.39699400e-04,1.15133435e-04,7.04012007e+06
0.752611,5.37650938e+02,2.34230313e-04,1.12906867e-04,5.93092559e+06
0.753704,5.38155066e+02,2.28240595e-04,1.10701261e-04,5.87507573e+06
0.754798,5.38621955e+02,2.22683541e-04,1.08515777e-04,6.15469267e+06
0.755892,5.39050976e+02,2.19421881e-04,1.06342503e-04,6.25952746e+06
0.756986,5.39441219e+02,2.15525138e-04,1.04169418e-04,6.14259315e+06
0.758080,5.39791928e+02,2.10284596e-04,1.02001549e-04,6.59749051e+06
0.759174,5.40102460e+02,2.05838517e-04,9.98467994e-05,6.75008682e+06
0.760268,5.40372119e+02,2.01405875e-04,9.77024444e-05,6.68108344e+06
0.761362,5.40600207e+02,1.96964555e-04,9.55672118e-05,6.95534028e+06
0.762456,5.40786030e+02,1.93088541e-04,9.34434350e-05,6.98656530e+06
0.763550,5.40928830e+02,1.88920603e-04,9.13272795e-05,7.45640180e+06
0.764644,5.41027949e+02,1.83572126e-04,8.92231502e-05,8.18574458e+06
0.765738,5.41082807e+02,1.79884067e-04,8.71371171e-05,8.22771207e+06
0.766831,5.41092666e+02,1.75623030e-04,8.50595917e-05,7.89288150e+06
0.767925,5.41056809e+02,1.72270734e-04,8.29928095e-05,8.04514961e+06
0.769019,5.40974490e+02,1.68320924e-04,8.09354454e-05,8.26866944e+06
0.770113,5.40845029e+02,1.63261434e-04,7.88897865e-05,8.73202618e+06
0.771207,5.40667894e+02,1.58641575e-04,7.68637742e-05,9.26486875e+06
0.772301,5.40442506e+02,1.54573511e-04,7.48553387e-05,9.20421545e+06
0.773395,5.40168187e+02,1.51190935e-04,7.28597728e-05,8.63050825e+06
0.774489,5.39844194e+02,1.47066363e-04,7.08733759e-05,9.09143317e+06
0.775583,5.39469930e+02,1.43175101e-04,6.89043625e-05,9.09217918e+06
0.776677,5.39044822e+02,1.38415777e-04,6.69508978e-05,9.22748229e+06
0.777771,5.38568297e+02,1.34773701e-04,6.50158586e-05,9.66270217e+06
0.778864,5.38039736e+02,1.30594905e-04,6.30966012e-05,1.01100818e+07
0.779958,5.37458584e+02,1.26953051e-04,6.11962621e-05,1.00695103e+07
0.781052,5.36824257e+02,1.22595055e-04,5.93111473e-05,1.08761861e+07
0.782146,5.36136206e+02,1.18878734e-04,5.74463374e-05,1.01228936e+07
0.783240,5.35393797e+02,1.14958030e-04,5.55956678e-05,1.05578287e+07
0.784334,5.34596459e+02,1.11280012e-04,5.37639788e-05,1.09471791e+07
0.785428,5.33743651e+02,1.07313600e-04,5.19509092e-05,1.13633854e+07
0.786522,5.32834845e+02,1.03892403e-04,5.01580369e-05,1.08162620e+07
0.787616,5.31869493e+02,1.00367404e-04,4.83824150e-05,1.15557696e+07
0.788710,5.30847080e+02,9.67651626e-05,4.66274885e-05,1.14228600e+07
0.789804,5.29767097e+02,9.29666089e-05,4.48924365e-05,1.14911426e+07
0.790897,5.28629082e+02,8.93684875e-05,4.31798777e-05,1.12806224e+07
0.791991,5.27432565e+02,8.58478509e-05,4.14894585e-05,1.08675188e+07
0.793085,5.26177076e+02,8.24328981e-05,3.98217290e-05,1.26392734e+07
0.794179,5.24862172e+02,7.84862913e-05,3.81808575e-05,1.40400481e+07
0.795273,5.23487455e+02,7.47089684e-05,3.65698934e-05,1.32654433e+07
0.796367,5.22052492e+02,7.20192546e-05,3.49869276e-05,1.34949003e+07
0.797461,5.20556851e+02,6.90080105e-05,3.34325218e-05,1.23541694e+07
0.798555,5.19000151e+02,6.55595179e-05,3.19096590e-05,1.33719552e+07
0.799649,5.17382021e+02,6.24137094e-05,3.04255650e-05,1.42406483e+07
0.800743,5.15702110e+02,5.95181385e-05,2.89836387e-05,1.40706222e+07
0.801837,5.13960095e+02,5.65474324e-05,2.75875864e-05,1.42612838e+07
0.802930,5.12155661e+02,5.38378110e-05,2.62449385e-05,1.43801561e+07
0.804024,5.10288520e+02,5.10709922e-05,2.49624288e-05,1.41411810e+07
0.805118,5.08358403e+02,4.83132320e-05,2.37500851e-05,1.43300037e+07
0.806212,5.06365053e+02,4.58144361e-05,2.26196505e-05,1.55869939e+07
0.807306,5.04308253e+02,4.37130719e-05,2.15838260e-05,1.44464948e+07
0.808400,5.02187823e+02,4.17693517e-05,2.06547211e-05,1.45880431e+07
0.809494,5.00003596e+02,3.98493928e-05,1.98492196e-05,1.58717443e+07
0.810588,4.97755400e+02,3.79505290e-05,1.91862552e-05,1.57826596e+07
0.811682,4.95443111e+02,3.72343016e-05,1.86817719e-05,1.57256174e+07
0.812776,4.93066665e+02,3.63770883e-05,1.83475877e-05,1.68914769e+07
0.813870,4.90625976e+02,3.56607240e-05,1.81987066e-05,1.59212893e+07
0.814964,4.88121010e+02,3.60146852e-05,1.82417045e-05,1.69209766e+07
0.816057,4.85551791e+02,3.64665338e-05,1.84755040e-05,1.88699643e+07
0.817151,4.82918341e+02,3.73360525e-05,1.88983506e-05,1.71421694e+07
0.818245,4.80220757e+02,3.85777592e-05,1.94998032e-05,1.47318513e+07
0.819339,4.77459184e+02,4.00427591e-05,2.02683954e-05,1.77094922e+07
0.820433,4.74633728e+02,4.20397742e-05,2.11894694e-05,1.90138985e+07
0.821527,4.71744550e+02,4.43604961e-05,2.22462560e-05,1.86318919e+07
0.822621,4.68791871e+02,4.70529153e-05,2.34230259e-05,1.87257826e+07
0.823715,4.65775976e+02,4.95094243e-05,2.47057789e-05,1.67491940e+07
0.824809,4.62697201e+02,5.24725694e-05,2.60825526e-05,1.80315726e+07
0.825903,4.59555893e+02,5.54341275e-05,2.75412293e-05,1.86079135e+07
0.826997,4.56352392e+02,5.86273107e-05,2.90718668e-05,1.98663043e+07
0.828090,4.53087100e+02,6.19445382e-05,3.06656500e-05,1.86863110e+07
0.829184,4.49760511e+02,6.53277163e-05,3.23146493e-05,1.84935213e+07
0.830278,4.46373196e+02,6.89613674e-05,3.40122938e-05,2.02659647e+07
0.831372,4.42925669e+02,7.27090782e-05,3.57525763e-05,1.93853603e+07
0.832466,4.39418557e+02,7.62259053e-05,3.75306881e-05,1.65292239e+07
0.833560,4.35852625e+02,7.98517589e-05,3.93430801e-05,1.91295920e+07
0.834654,4.32228589e+02,8.39773339e-05,4.11849135e-05,2.27322713e+07
0.835748,4.28547111e+02,8.78588943e-05,4.30513610e-05,2.22542947e+07
0.836842,4.24809004e+02,9.17556345e-05,4.49405329e-05,2.06215012e+07
0.837936,4.21015224e+02,9.55578569e-05,4.68491277e-05,2.13780434e+07
0.839030,4.17166751e+02,9.98866366e-05,4.87744925e-05,2.43086941e+07
0.840123,4.13264489e+02,1.04243422e-04,5.07124120e-05,2.39513709e+07
0.841217,4.09309447e+02,1.08327783e-04,5.26612789e-05,2.25648415e+07
0.842311,4.05302795e+02,1.12102257e-04,5.46195645e-05,2.58839562e+07
0.843405,4.01245738e+02,1.16570881e-04,5.65844955e-05,2.34060355e+07
0.844499,3.97139518e+02,1.20426001e-04,5.85540011e-05,2.19295320e+07
0.845593,3.92985528e+02,1.24570770e-04,6.05272332e-05,1.66872920e+07
0.846687,3.88785254e+02,1.28862344e-04,6.25021971e-05,2.40539527e+07
0.847781,3.84540047e+02,1.32867009e-04,6.44733357e-05,2.48303187e+07
0.848875,3.80251356e+02,1.37435396e-04,6.64413252e-05,2.71656866e+07
0.849969,3.75920651e+02,1.41383331e-04,6.84026346e-05,2.41532684e+07
0.851063,3.71549706e+02,1.45068672e-04,7.03577508e-05,1.96858633e+07
0.852156,3.67140497e+02,1.48235069e-04,7.23058396e-05,1.31569384e+07
0.853250,3.62695219e+02,1.52298417e-04,7.42467544e-05,1.80003145e+07
0.854344,3.58215630e+02,1.57376189e-04,7.61737923e-05,1.93466602e+07
0.855438,3.53703489e+02,1.60960653e-04,7.80833266e-05,1.78344213e+07
0.856532,3.49160953e+02,1.65056465e-04,7.99775004e-05,1.97267421e+07
0.857626,3.44590029e+02,1.69109994e-04,8.18526328e-05,1.83859580e+07
0.858720,3.39992905e+02,1.72988216e-04,8.37071395e-05,1.80529455e+07
0.859814,3.35371876e+02,1.76916508e-04,8.55390073e-05,1.64949154e+07
0.860908,3.30729390e+02,1.79876346e-04,8.73460193e-05,1.22579587e+07
0.862002,3.26068165e+02,1.83872074e-04,8.91292635e-05,1.55596623e+07
0.863096,3.21390561e+02,1.88208042e-04,9.08812054e-05,1.67068122e+07
0.864189,3.16699055e+02,1.91908920e-04,9.25982054e-05,1.49699157e+07
0.865283,3.11996342e+02,1.95157897e-04,9.42810706e-05,1.34738197e+07
0.866377,3.07285350e+02,1.98210330e-04,9.59273961e-05,1.53187078e+07
0.867471,3.02568925e+02,2.01662615e-04,9.75333986e-05,1.28624795e+07
0.868565,2.97849994e+02,2.04822085e-04,9.90975060e-05,1.33440697e+07
0.869659,2.93131646e+02,2.08003137e-04,1.00614084e-04,1.09258233e+07
0.870753,2.88416959e+02,2.11002177e-04,1.02083225e-04,8.99911664e+06
0.871847,2.83709363e+02,2.13438818e-04,1.03499749e-04,8.48760969e+06
0.872941,2.79012328e+02,2.15913349e-04,1.04861444e-04,9.52381644e+06
0.874035,2.74329008e+02,2.19409473e-04,1.06162223e-04,9.20201241e+06
0.875129,2.69662603e+02,2.22563712e-04,1.07396126e-04,1.00467231e+07
0.876223,2.65016495e+02,2.25026473e-04,1.08556980e-04,8.92940200e+06
0.877316,2.60394411e+02,2.26790463e-04,1.09644168e-04,8.93780271e+06
0.878410,2.55800175e+02,2.28921802e-04,1.10658163e-04,8.69639919e+06
0.879504,2.51237566e+02,2.31352473e-04,1.11587978e-04,9.73819467e+06
0.880598,2.46710010e+02,2.32610043e-04,1.12428916e-04,9.70216507e+06
0.881692,2.42221220e+02,2.34158631e-04,1.13177925e-04,1.21569640e+07
0.882786,2.37775082e+02,2.35342041e-04,1.13830118e-04,1.18176409e+07
0.883880,2.33375393e+02,2.36434504e-04,1.14376632e-04,1.72945585e+07
0.884974,2.29026228e+02,2.37671584e-04,1.14817614e-04,1.71788415e+07
0.886068,2.24731288e+02,2.38802782e-04,1.15139174e-04,1.80477931e+07
0.887162,2.20494196e+02,2.39533377e-04,1.15337618e-04,1.65929525e+07
0.888256,2.16319187e+02,2.39671328e-04,1.15402171e-04,1.79423334e+07
0.889349,2.12209996e+02,2.40087517e-04,1.15332011e-04,1.79704392e+07
0.890443,2.08170178e+02,2.40025606e-04,1.15118235e-04,2.22731290e+07
0.891537,2.04203103e+02,2.38257728e-04,1.14761491e-04,2.57608088e+07
0.892631,2.00312788e+02,2.37975623e-04,1.14258802e-04,2.37073579e+07
0.893725,1.96503366e+02,2.36842453e-04,1.13588506e-04,2.43513632e+07
0.894819,1.92778429e+02,2.35440520e-04,1.12752242e-04,2.87470372e+07
0.895913,1.89141139e+02,2.33987451e-04,1.11744840e-04,3.36604358e+07
0.897007,1.85594132e+02,2.31762429e-04,1.10566392e-04,2.62177541e+07
0.898101,1.82141925e+02,2.27380509e-04,1.09203633e-04,2.81372574e+07
0.899195,1.78788423e+02,2.26064644e-04,1.07657280e-04,3.04453239e+07
0.900289,1.75535309e+02,2.23502897e-04,1.05925632e-04,3.42108033e+07
0.901382,1.72384883e+02,2.19468870e-04,1.04001383e-04,3.92016250e+07
0.902476,1.69339301e+02,2.16253506e-04,1.01885681e-04,4.17564065e+07
0.903570,1.66400281e+02,2.10823790e-04,9.95823192e-05,3.52868304e+07
0.904664,1.63571424e+02,2.04979470e-04,9.70888761e-05,3.94803787e+07
0.905758,1.60854585e+02,2.00509725e-04,9.44123538e-05,3.92463969e+07
0.906852,1.58251108e+02,1.94202772e-04,9.15528915e-05,3.68093078e+07
0.907946,1.55763064e+02,1.86856581e-04,8.85215723e-05,4.44724735e+07
0.909040,1.53391049e+02,1.82986674e-04,8.53207654e-05,3.95837646e+07
0.910134,1.51135075e+02,1.75183976e-04,8.19590645e-05,3.66445952e+07
0.911228,1.48996371e+02,1.67825739e-04,7.84568014e-05,4.33986352e+07
0.912322,1.46974365e+02,1.60080089e-04,7.48228257e-05,4.30346649e+07
0.913415,1.45068477e+02,1.53825955e-04,7.10759927e-05,3.70642056e+07
0.914509,1.43278092e+02,1.45671182e-04,6.72337595e-05,3.75006586e+07
0.915603,1.41602156e+02,1.37722372e-04,6.33148283e-05,3.88930220e+07
0.916697,1.40038825e+02,1.29059961e-04,5.93448004e-05,3.62885255e+07
0.917791,1.38586523e+02,1.19672171e-04,5.53571162e-05,3.41359016e+07
0.918885,1.37243571e+02,1.10746775e-04,5.13842014e-05,3.59000825e+07
0.919979,1.36007025e+02,1.03889405e-04,4.74499216e-05,3.35673515e+07
0.921073,1.34873522e+02,9.60238565e-05,4.35852695e-05,3.33044806e+07
0.922167,1.33839718e+02,8.64915588e-05,3.98297760e-05,3.05414270e+07
0.923261,1.32902434e+02,7.96620498e-05,3.62393503e-05,3.19716888e+07
0.924355,1.32057205e+02,7.31795977e-05,3.28307226e-05,2.85807165e+07
0.925448,1.31299702e+02,6.60712337e-05,2.96564774e-05,2.83067920e+07
0.926542,1.30625392e+02,5.97280978e-05,2.67525268e-05,2.75024092e+07
0.927636,1.30029269e+02,5.46992371e-05,2.41504637e-05,2.85351887e+07
0.928730,1.29505924e+02,5.00572442e-05,2.18643093e-05,2.59558992e+07
0.929824,1.29050017e+02,4.54322880e-05,1.99137851e-05,2.35204410e+07
0.930918,1.28656248e+02,4.13392433e-05,1.83062862e-05,2.25885145e+07
0.932012,1.28318816e+02,3.84069677e-05,1.70001195e-05,2.22564154e+07
0.933106,1.28031811e+02,3.60446920e-05,1.59634640e-05,2.06510954e+07
0.934200,1.27789181e+02,3.39300896e-05,1.51356904e-05,1.86648059e+07
0.935294,1.27584889e+02,3.26854083e-05,1.44725996e-05,1.70687722e+07
0.936388,1.27412883e+02,3.09534567e-05,1.39166488e-05,1.69826950e+07
0.937482,1.27267210e+02,2.92731869e-05,1.34313567e-05,1.65117311e+07
0.938575,1.27141978e+02,2.84194892e-05,1.29784408e-05,1.33746921e+07
0.939669,1.27031386e+02,2.74616424e-05,1.25239429e-05,9.82863939e+06
0.940763,1.26929828e+02,2.63344894e-05,1.20486836e-05,8.07928907e+06
0.941857,1.26831893e+02,2.46798688e-05,1.15332518e-05,7.94621890e+06
0.942951,1.26732401e+02,2.30762461e-05,1.09652109e-05,5.63356892e+06
0.944045,1.26626400e+02,2.18399952e-05,1.03241405e-05,9.38425890e+06
0.945139,1.26509195e+02,2.01847442e-05,9.59440050e-06,2.89658080e+06
0.946233,1.26376352e+02,1.82897363e-05,8.77070704e-06,3.74606240e+06
0.947327,1.26223704e+02,1.62904741e-05,7.87866906e-06,4.01279504e+06
0.948421,1.26047364e+02,1.43626194e-05,7.01220850e-06,5.91109198e+06
0.949515,1.25843711e+02,1.29954211e-05,6.41358056e-06,5.34144462e+06
0.950608,1.25609394e+02,1.30248224e-05,6.49661383e-06,3.15079396e+06
0.951702,1.25341327e+02,1.52175164e-05,7.59049729e-06,6.10653927e+06
0.952796,1.25036686e+02,1.94203709e-05,9.62335259e-06,9.10993062e+06
0.953890,1.24692919e+02,2.51727127e-05,1.23007087e-05,6.01750192e+06
0.954984,1.24307733e+02,3.16071706e-05,1.53615747e-05,1.46861715e+07
0.956078,1.23879111e+02,3.82963291e-05,1.86239145e-05,1.41237093e+07
0.957172,1.23405310e+02,4.55026616e-05,2.19624800e-05,1.13091904e+07
0.958266,1.22884888e+02,5.24090686e-05,2.52895387e-05,1.09943035e+07
0.959360,1.22316679e+02,5.91064090e-05,2.85466549e-05,1.04790679e+07
0.960454,1.21699814e+02,6.57263363e-05,3.16955974e-05,1.51905764e+07
0.961548,1.21033714e+02,7.21889495e-05,3.47142708e-05,1.64418300e+07
0.962641,1.20318100e+02,7.82614922e-05,3.75927105e-05,6.98348651e+06
0.963735,1.19552994e+02,8.40907877e-05,4.03286171e-05,2.03070140e+07
0.964829,1.18738667e+02,8.95934815e-05,4.29248647e-05,1.69330335e+07
0.965923,1.17875660e+02,9.50225160e-05,4.53832309e-05,2.06877792e+07
0.967017,1.16964743e+02,9.98346694e-05,4.77050937e-05,2.65845114e+07
0.968111,1.16006974e+02,1.04590864e-04,4.98945163e-05,1.35456480e+07
0.969205,1.15003643e+02,1.09265285e-04,5.19492997e-05,7.29567857e+06
0.970299,1.13956321e+02,1.13160063e-04,5.38706436e-05,1.65633887e+07
0.971393,1.12866778e+02,1.17274957e-04,5.56623231e-05,1.35552770e+07
0.972487,1.11736941e+02,1.20767050e-04,5.73202306e-05,9.77389090e+06
0.973581,1.10568959e+02,1.24057586e-04,5.88467132e-05,1.41195872e+07
0.974674,1.09365177e+02,1.26815336e-04,6.02431909e-05,2.21023417e+07
0.975768,1.08128137e+02,1.29490241e-04,6.15128680e-05,1.18982757e+07
0.976862,1.06860470e+02,1.32317705e-04,6.26515158e-05,1.41180578e+07
0.977956,1.05564990e+02,1.34326057e-04,6.36613549e-05,1.35168495e+07
0.979050,1.04244680e+02,1.36532211e-04,6.45457127e-05,1.94835272e+07
0.980144,1.02902546e+02,1.37990375e-04,6.53043608e-05,1.17460951e+07
0.981238,1.01541752e+02,1.39449432e-04,6.59386533e-05,1.19842707e+07
0.982332,1.00165595e+02,1.40696825e-04,6.64506865e-05,1.47515467e+07
0.983426,9.87773792e+01,1.41480670e-04,6.68418432e-05,8.03438041e+06
0.984520,9.73805135e+01,1.42375092e-04,6.71134907e-05,7.01494027e+06
0.985614,9.59784577e+01,1.42856996e-04,6.72658788e-05,6.85861890e+06
0.986707,9.45747179e+01,1.43281899e-04,6.73019167e-05,4.27112887e+06
0.987801,9.31727599e+01,1.43193554e-04,6.72200051e-05,4.27463357e+06
0.988895,9.17761485e+01,1.42961900e-04,6.70249697e-05,6.79244261e+06
0.989989,9.03884011e+01,1.42319121e-04,6.67205095e-05,5.30818928e+06
0.991083,8.90131432e+01,1.41543319e-04,6.63058742e-05,3.52840481e+06
0.992177,8.76537354e+01,1.40784075e-04,6.57842285e-05,3.48846811e+06
0.993271,8.63135703e+01,1.39281821e-04,6.51559105e-05,7.22222272e+06
0.994365,8.49962060e+01,1.38152950e-04,6.44277240e-05,1.41380786e+07
0.995459,8.37048896e+01,1.36223485e-04,6.35948558e-05,6.81813751e+06
0.996553,8.24426447e+01,1.34950984e-04,6.26708509e-05,1.30222542e+07
0.997647,8.12127304e+01,1.32426249e-04,6.16523829e-05,1.73364209e+07
0.998741,8.00183441e+01,1.30223041e-04,6.05532956e-05,1.54030054e+07
0.999834,7.88622703e+01,1.28062819e-04,5.93778262e-05,1.12547504e+07
1.000928,7.77471449e+01,1.25200846e-04,5.81349457e-05,2.13378719e+07
1.002022,7.66754386e+01,1.23677311e-04,5.68354432e-05,2.32561504e+07
1.003116,7.56493151e+01,1.21218665e-04,5.54841165e-05,1.67255879e+07
1.004210,7.46707491e+01,1.17913653e-04,5.41021948e-05,1.79358420e+07
1.005304,7.37417315e+01,1.15062379e-04,5.27111564e-05,2.11537407e+07
1.006398,7.28641748e+01,1.12731937e-04,5.13266051e-05,2.41560685e+07
1.007492,7.20393872e+01,1.09851149e-04,4.99645132e-05,2.12708073e+07
1.008586,7.12683865e+01,1.07459174e-04,4.86511112e-05,2.17289738e+07
1.009680,7.05520588e+01,1.04804910e-04,4.74062794e-05,2.30788636e+07
1.010774,6.98910127e+01,1.02609185e-04,4.62526146e-05,2.17375830e+07
1.011867,6.92859001e+01,1.00341280e-04,4.52153990e-05,1.78828359e+07
1.012961,6.87367450e+01,9.90279586e-05,4.43068012e-05,2.26787362e+07
1.014055,6.82432284e+01,9.76091246e-05,4.35326033e-05,2.31095577e+07
1.015149,6.78051512e+01,9.63592219e-05,4.29132620e-05,2.42315740e+07
1.016243,6.74214899e+01,9.62672354e-05,4.24321853e-05,2.43606905e+07
1.017337,6.70910806e+01,9.51091691e-05,4.20899670e-05,2.46265314e+07
1.018431,6.68128203e+01,9.43539871e-05,4.18807583e-05,2.30067329e+07
1.019525,6.65851876e+01,9.45334378e-05,4.17853168e-05,2.25600946e+07
1.020619,6.64065018e+01,9.37778699e-05,4.17825697e-05,2.08702214e+07
1.021713,6.62751694e+01,9.42979221e-05,4.18626179e-05,1.89271007e+07
1.022807,6.61891406e+01,9.40926913e-05,4.19855661e-05,1.86742435e+07
1.023900,6.61463137e+01,9.48207283e-05,4.21350311e-05,1.78391006e+07
1.024994,6.61443949e+01,9.61146789e-05,4.22849739e-05,1.82868712e+07
1.026088,6.61808881e+01,9.47105409e-05,4.23987286e-05,1.83316064e+07
1.027182,6.62536081e+01,9.52872101e-05,4.24864792e-05,1.59380321e+07
1.028276,6.63601636e+01,9.64318374e-05,4.25237062e-05,1.62162559e+07
1.029370,6.64981300e+01,9.54804829e-05,4.24884429e-05,1.39911342e+07
1.030464,6.66652856e+01,9.46236242e-05,4.23836214e-05,1.25731093e+07
1.031558,6.68593388e+01,9.39845247e-05,4.21994470e-05,1.11678453e+07
1.032652,6.70780061e+01,9.33342906e-05,4.19307287e-05,1.31660577e+07
1.033746,6.73190407e+01,9.27118314e-05,4.15724411e-05,1.17188232e+07
1.034840,6.75800474e+01,9.11634855e-05,4.11087993e-05,1.09769710e+07
1.035933,6.78588763e+01,9.01337290e-05,4.05585907e-05,8.51128464e+06
1.037027,6.81535157e+01,8.96814012e-05,3.99272457e-05,1.12065429e+07
1.038121,6.84616353e+01,8.62655568e-05,3.91809405e-05,8.17982311e+06
1.039215,6.87815169e+01,8.48150434e-05,3.83745671e-05,9.52751590e+06
1.040309,6.91112890e+01,8.25246978e-05,3.74853033e-05,9.21045501e+06
1.041403,6.94491220e+01,8.07691983e-05,3.65221059e-05,5.84753215e+06
1.042497,6.97933927e+01,7.82691581e-05,3.54974139e-05,7.04658894e+06
1.043591,7.01425087e+01,7.56427836e-05,3.44083692e-05,5.76936391e+06
1.044685,7.04950410e+01,7.23471036e-05,3.32705806e-05,7.23483176e+06
1.045779,7.08496231e+01,7.02101900e-05,3.20891479e-05,6.34616846e+06
1.046873,7.12048236e+01,6.76514984e-05,3.08613121e-05,8.09862546e+06
1.047966,7.15593084e+01,6.51955812e-05,2.95948527e-05,7.39551401e+06
1.049060,7.19119488e+01,6.19783510e-05,2.83038003e-05,1.14281979e+07
1.050154,7.22617751e+01,5.92826209e-05,2.69974795e-05,7.12754795e+06
1.051248,7.26077248e+01,5.62814885e-05,2.56705133e-05,8.52385009e+06
1.052342,7.29488773e+01,5.34738516e-05,2.43352092e-05,7.36173602e+06
1.053436,7.32843664e+01,5.02453124e-05,2.29935356e-05,1.12449076e+07
1.054530,7.36134651e+01,4.72633235e-05,2.16587638e-05,6.34285869e+06
1.055624,7.39354102e+01,4.45452696e-05,2.03280842e-05,8.27302728e+06
1.056718,7.42495184e+01,4.18931606e-05,1.90099128e-05,7.22462573e+06
1.057812,7.45551744e+01,3.88269478e-05,1.77075664e-05,9.09905861e+06
1.058906,7.48518495e+01,3.58466488e-05,1.64304978e-05,8.93356782e+06
1.060000,7.51390660e+01,3.29625417e-05,1.51827154e-05,1.24803919e+07
1.061093,7.54164071e+01,3.03191083e-05,1.39710031e-05,1.10309075e+07
1.062187,7.56834514e+01,2.80405711e-05,1.27985170e-05,1.23052723e+07
1.063281,7.59398210e+01,2.53455092e-05,1.16720172e-05,1.12478626e+07
1.064375,7.61852020e+01,2.31558581e-05,1.06008877e-05,7.50383118e+06
1.065469,7.64192817e+01,2.08838828e-05,9.59213792e-06,8.85693420e+06
1.066563,7.66418173e+01,1.88415144e-05,8.65898716e-06,1.44747019e+07
1.067657,7.68525972e+01,1.72811892e-05,7.81490751e-06,1.22137237e+07
1.068751,7.70514230e+01,1.54304312e-05,7.07370913e-06,1.05774978e+07
1.069845,7.72381680e+01,1.40857032e-05,6.45617998e-06,1.40433933e+07
1.070939,7.74127114e+01,1.31742083e-05,5.97946778e-06,1.23947260e+07
1.072033,7.75749470e+01,1.23369704e-05,5.65798694e-06,1.20741106e+07
1.073126,7.77248215e+01,1.20425234e-05,5.49871447e-06,1.03005478e+07
1.074220,7.78622942e+01,1.19906751e-05,5.49436568e-06,8.95034158e+06
1.075314,7.79873526e+01,1.23076140e-05,5.62628865e-06,1.05109829e+07
1.076408,7.81000111e+01,1.28170974e-05,5.86650938e-06,9.71224003e+06
1.077502,7.82003189e+01,1.34913222e-05,6.18755193e-06,1.48756287e+07
1.078596,7.82883423e+01,1.43551179e-05,6.56317168e-06,1.36246204e+07
1.079690,7.83641832e+01,1.52585833e-05,6.97291278e-06,1.39397551e+07
1.080784,7.84279781e+01,1.61857315e-05,7.40160795e-06,1.15623066e+07
1.081878,7.84798759e+01,1.71250876e-05,7.83803832e-06,1.12475401e+07
1.082972,7.85200656e+01,1.81384684e-05,8.27491863e-06,1.50139844e+07
1.084066,7.85487714e+01,1.90138095e-05,8.70677268e-06,1.03504529e+07
1.085159,7.85662377e+01,1.99585127e-05,9.13184890e-06,1.15748090e+07
1.086253,7.85727263e+01,2.09126400e-05,9.54827454e-06,1.14538027e+07
1.087347,7.85685274e+01,2.19311645e-05,9.95605655e-06,1.17510267e+07
1.088441,7.85539504e+01,2.28423987e-05,1.03555729e-05,1.21079096e+07
1.089535,7.85293469e+01,2.38087049e-05,1.07492076e-05,1.44285475e+07
1.090629,7.84950903e+01,2.47369107e-05,1.11385999e-05,9.97224873e+06
1.091723,7.84515811e+01,2.55597850e-05,1.15266218e-05,1.03517016e+07
1.092817,7.83992663e+01,2.64344472e-05,1.19164196e-05,1.03797471e+07
1.093911,7.83386150e+01,2.73204853e-05,1.23105013e-05,1.17980141e+07
1.095005,7.82701147e+01,2.82826069e-05,1.27115283e-05,1.10273808e+07
1.096099,7.81942620e+01,2.92471176e-05,1.31217137e-05,1.22027997e+07
1.097192,7.81115712e+01,3.02395628e-05,1.35433302e-05,1.18710130e+07
1.098286,7.80225717e+01,3.12831386e-05,1.39782662e-05,1.02731874e+07
1.099380,7.79278171e+01,3.23444963e-05,1.44285483e-05,9.35746366e+06
1.100474,7.78278647e+01,3.33781279e-05,1.48950404e-05,7.94880696e+06
1.101568,7.77233033e+01,3.45089241e-05,1.53793960e-05,9.70796188e+06
1.102662,7.76147164e+01,3.57421018e-05,1.58816671e-05,9.82131590e+06
1.103756,7.75026813e+01,3.68811890e-05,1.64017503e-05,1.08229205e+07
1.104850,7.73878099e+01,3.82299776e-05,1.69404958e-05,9.51799449e+06
1.105944,7.72706724e+01,3.95143281e-05,1.74964469e-05,6.35980482e+06
1.107038,7.71518280e+01,4.09178927e-05,1.80691077e-05,8.13492957e+06
1.108132,7.70318865e+01,4.21985350e-05,1.86587735e-05,9.56482450e+06
1.109225,7.69114775e+01,4.36393769e-05,1.92651185e-05,5.81599029e+06
1.110319,7.67911549e+01,4.50370539e-05,1.98857091e-05,8.59929937e+06
1.111413,7.66715208e+01,4.66324169e-05,2.05214226e-05,6.44801833e+06
1.112507,7.65531030e+01,4.81627526e-05,2.11688451e-05,6.28006543e+06
1.113601,7.64364394e+01,4.97100275e-05,2.18279996e-05,6.31011355e+06
1.114695,7.63220511e+01,5.15054926e-05,2.24979992e-05,4.89941517e+06
1.115789,7.62103942e+01,5.28806524e-05,2.31753689e-05,4.57802123e+06
1.116883,7.61020110e+01,5.46527100e-05,2.38625665e-05,4.47174700e+06
1.117977,7.59973386e+01,5.65984418e-05,2.45559876e-05,4.13380505e+06
1.119071,7.58967831e+01,5.80507402e-05,2.52531087e-05,4.11508104e+06
1.120165,7.58008231e+01,5.99349836e-05,2.59558465e-05,3.86906446e+06
1.121259,7.57098358e+01,6.16300172e-05,2.66599573e-05,4.04157256e+06
1.122352,7.56242030e+01,6.36988554e-05,2.73659798e-05,4.28401626e+06
1.123446,7.55441957e+01,6.51494249e-05,2.80678035e-05,5.00272845e+06
1.124540,7.54702031e+01,6.70569774e-05,2.87697606e-05,6.66053893e+06
1.125634,7.54025089e+01,6.87553190e-05,2.94669145e-05,6.36393265e+06
1.126728,7.53413735e+01,7.06965824e-05,3.01578581e-05,4.21123486e+06
1.127822,7.52870437e+01,7.24664723e-05,3.08414885e-05,5.67026035e+06
1.128916,7.52397273e+01,7.42217939e-05,3.15149869e-05,5.97001621e+06
1.130010,7.51996248e+01,7.61963790e-05,3.21782259e-05,7.14838188e+06
1.131104,7.51668482e+01,7.78435364e-05,3.28261748e-05,8.81440753e+06
1.132198,7.51415140e+01,7.96227285e-05,3.34588905e-05,5.93958463e+06
1.133292,7.51237532e+01,8.16057029e-05,3.40764798e-05,1.07011313e+07
1.134385,7.51135170e+01,8.31921612e-05,3.46700891e-05,1.02560182e+07
1.135479,7.51109305e+01,8.38876592e-05,3.52457391e-05,1.11769642e+07
1.136573,7.51160728e+01,8.62022773e-05,3.58024399e-05,1.09573775e+07
1.137667,7.51287648e+01,8.84302794e-05,3.63308786e-05,1.31192665e+07
1.138761,7.51488379e+01,8.98347460e-05,3.68284630e-05,1.50603120e+07
1.139855,7.51762710e+01,9.13699456e-05,3.73014819e-05,1.81902073e+07
1.140949,7.52109002e+01,9.22857037e-05,3.77413617e-05,1.53068961e+07
1.142043,7.52528572e+01,9.27456138e-05,3.81606930e-05,1.23713294e+07
1.143137,7.53024043e+01,9.33459430e-05,3.85627582e-05,1.54020914e+07
1.144231,7.53593515e+01,9.58058005e-05,3.89325441e-05,1.84405016e+07
1.145325,7.54232587e+01,9.66019365e-05,3.92597571e-05,1.81256171e+07
1.146418,7.54940352e+01,9.69388468e-05,3.95567178e-05,1.74668640e+07
1.147512,7.55716136e+01,9.85967880e-05,3.98275271e-05,2.05258850e+07
1.148606,7.56556692e+01,9.91892260e-05,4.00577163e-05,1.80685808e+07
1.149700,7.57461400e+01,9.98904730e-05,4.02609945e-05,1.97130286e+07
1.150794,7.58428270e+01,9.97088371e-05,4.04274952e-05,1.67586750e+07
1.151888,7.59457772e+01,1.00960044e-04,4.05747246e-05,1.76909545e+07
1.152982,7.60545984e+01,1.01890791e-04,4.06788757e-05,1.90108186e+07
1.154076,7.61689017e+01,1.02538368e-04,4.07442722e-05,2.00926445e+07
1.155170,7.62883763e+01,1.02426190e-04,4.07726294e-05,2.05847291e+07
1.156264,7.64127962e+01,1.02732019e-04,4.07689835e-05,2.07519256e+07
1.157358,7.65418831e+01,1.02035208e-04,4.07292520e-05,1.98588648e+07
1.158451,7.66756778e+01,1.01722474e-04,4.06709122e-05,2.15219253e+07
1.159545,7.68139728e+01,1.02227918e-04,4.05819222e-05,2.31098717e+07
1.160639,7.69562859e+01,1.01810454e-04,4.04507067e-05,2.13748453e+07
1.161733,7.71022542e+01,1.02190320e-04,4.02873235e-05,2.21694577e+07
1.162827,7.72515730e+01,1.02416488e-04,4.00942418e-05,2.11335378e+07
1.163921,7.74040380e+01,1.01230728e-04,3.98706458e-05,2.10211343e+07
1.165015,7.75593590e+01,1.01349160e-04,3.96173395e-05,2.26390231e+07
1.166109,7.77172130e+01,9.93458037e-05,3.93318108e-05,2.03312192e+07
1.167203,7.78777720e+01,9.89098346e-05,3.90409197e-05,1.95804800e+07
1.168297,7.80407827e+01,9.75969510e-05,3.87187415e-05,1.86015607e+07
1.169391,7.82060672e+01,9.74594717e-05,3.83783365e-05,1.85658342e+07
1.170484,7.83733217e+01,9.62658214e-05,3.80099024e-05,1.76388982e+07
1.171578,7.85423587e+01,9.49432206e-05,3.76203581e-05,1.79966942e+07
1.172672,7.87133297e+01,9.35807579e-05,3.72280733e-05,1.70931342e+07
1.173766,7.88858844e+01,9.27845768e-05,3.68050940e-05,1.57325017e+07
1.174860,7.90596068e+01,9.21127140e-05,3.63586932e-05,1.67726200e+07
1.175954,7.92344194e+01,9.02248854e-05,3.59006108e-05,1.57279056e+07
1.177048,7.94100754e+01,8.94489175e-05,3.54220702e-05,1.45396052e+07
1.178142,7.95861512e+01,8.79491041e-05,3.49188936e-05,1.47589651e+07
1.179236,7.97625803e+01,8.72107080e-05,3.44107868e-05,1.42598020e+07
1.180330,7.99391042e+01,8.42809016e-05,3.38795161e-05,1.47587308e+07
1.181424,8.01159040e+01,8.32356352e-05,3.33566352e-05,1.44885639e+07
1.182518,8.02927195e+01,8.26571870e-05,3.28169315e-05,1.32583963e+07
1.183611,8.04690552e+01,8.11297424e-05,3.22521252e-05,1.20879726e+07
1.184705,8.06446600e+01,7.92865031e-05,3.16759449e-05,1.21636520e+07
1.185799,8.08193916e+01,7.75085694e-05,3.10930793e-05,1.07729341e+07
1.186893,8.09931087e+01,7.56798796e-05,3.05026794e-05,1.20587007e+07
1.187987,8.11656569e+01,7.46142202e-05,2.99073434e-05,1.13608969e+07
1.189081,8.13368000e+01,7.32152510e-05,2.93029037e-05,1.14282226e+07
1.190175,8.15063658e+01,7.09309589e-05,2.86907541e-05,1.06263857e+07
1.191269,8.16741894e+01,6.99444005e-05,2.80756756e-05,9.32007183e+06
1.192363,8.18399269e+01,6.83210675e-05,2.74483981e-05,7.99662622e+06
1.193457,8.20033243e+01,6.68306356e-05,2.68147810e-05,9.09017631e+06
1.194551,8.21643194e+01,6.45710388e-05,2.61824906e-05,8.11808100e+06
1.195644,8.23227952e+01,6.27194140e-05,2.55484935e-05,7.73072466e+06
1.196738,8.24785764e+01,6.15424623e-05,2.49142643e-05,7.55820701e+06
1.197832,8.26313760e+01,6.03644737e-05,2.42740242e-05,6.76379788e+06
1.198926,8.27809429e+01,5.83213262e-05,2.36286873e-05,6.69209394e+06
1.200020,8.29272026e+01,5.65134861e-05,2.29877990e-05,6.63418937e+06
1.201114,8.30699846e+01,5.51469159e-05,2.23472108e-05,6.39855349e+06
1.202208,8.32090884e+01,5.35340446e-05,2.17062639e-05,6.65486291e+06
1.203302,8.33443346e+01,5.15621599e-05,2.10654207e-05,6.99609928e+06
1.204396,8.34755817e+01,5.02533517e-05,2.04288165e-05,7.61571593e+06
1.205490,8.36027414e+01,4.80211662e-05,1.97978664e-05,7.00243049e+06
1.206584,8.37256923e+01,4.72433722e-05,1.91724718e-05,6.53893965e+06
1.207677,8.38440947e+01,4.53922502e-05,1.85422505e-05,7.85839755e+06
1.208771,8.39577174e+01,4.43211492e-05,1.79151771e-05,7.36339126e+06
1.209865,8.40663977e+01,4.19935505e-05,1.72917935e-05,6.44306603e+06
1.210959,8.41701070e+01,4.07207468e-05,1.66800189e-05,8.08154298e+06
1.212053,8.42685992e+01,3.94670665e-05,1.60693218e-05,8.20900205e+06
1.213147,8.43616844e+01,3.77583557e-05,1.54636808e-05,7.20089628e+06
1.214241,8.44492688e+01,3.60317207e-05,1.48669554e-05,6.75541246e+06
1.215335,8.45312357e+01,3.53581467e-05,1.42804265e-05,9.74968837e+06
1.216429,8.46072512e+01,3.36951057e-05,1.36927518e-05,7.96460814e+06
1.217523,8.46771810e+01,3.23213746e-05,1.31160745e-05,9.36178737e+06
1.218617,8.47408614e+01,3.12415251e-05,1.25472212e-05,7.77658264e+06
1.219710,8.47981332e+01,2.96551468e-05,1.19875409e-05,8.33263937e+06
1.220804,8.48488789e+01,2.81984250e-05,1.14386781e-05,1.14128395e+07
1.221898,8.48929384e+01,2.71189232e-05,1.08996658e-05,1.07943796e+07
1.222992,8.49301616e+01,2.57144643e-05,1.03716063e-05,1.20083244e+07
1.224086,8.49604261e+01,2.45060611e-05,9.85608654e-06,1.15818876e+07
1.225180,8.49836081e+01,2.31464619e-05,9.35392145e-06,1.22316652e+07
1.226274,8.49995972e+01,2.18261367e-05,8.86632515e-06,9.97673377e+06
1.227368,8.50082803e+01,2.10656271e-05,8.39515486e-06,1.12645291e+07
1.228462,8.50094957e+01,1.95952990e-05,7.93830322e-06,1.01665438e+07
1.229556,8.50031418e+01,1.89117966e-05,7.50106401e-06,1.40513316e+07
1.230650,8.49890574e+01,1.77285029e-05,7.08059827e-06,1.13321671e+07
1.231743,8.49671556e+01,1.70880700e-05,6.68246829e-06,1.67804190e+07
1.232837,8.49372820e+01,1.59285911e-05,6.30487837e-06,1.47551613e+07
1.233931,8.48993517e+01,1.48383286e-05,5.95461615e-06,9.38616879e+06
1.235025,8.48533243e+01,1.41188424e-05,5.63395078e-06,1.42710241e+07
1.236119,8.47990905e+01,1.33884627e-05,5.34237312e-06,9.74498098e+06
1.237213,8.47365734e+01,1.27352897e-05,5.08469568e-06,1.26011217e+07
1.238307,8.46656666e+01,1.20621175e-05,4.86291646e-06,1.39429994e+07
1.239401,8.45862661e+01,1.15284224e-05,4.68034429e-06,1.34142357e+07
1.240495,8.44982892e+01,1.12712591e-05,4.53935659e-06,1.50497882e+07
1.241589,8.44016539e+01,1.08884237e-05,4.44058860e-06,1.38158327e+07
1.242683,8.42963018e+01,1.06307535e-05,4.38564610e-06,1.41837182e+07
1.243777,8.41821665e+01,1.05866996e-05,4.37336949e-06,1.48770048e+07
1.244870,8.40591492e+01,1.06814882e-05,4.40252320e-06,1.45130300e+07
1.245964,8.39272047e+01,1.08440965e-05,4.46972117e-06,1.03839527e+07
1.247058,8.37863085e+01,1.10556512e-05,4.57126692e-06,1.02094474e+07
1.248152,8.36364268e+01,1.12177250e-05,4.70349112e-06,1.20598810e+07
1.249246,8.34774951e+01,1.17187287e-05,4.86353236e-06,1.35436620e+07
1.250340,8.33094730e+01,1.20669264e-05,5.04654334e-06,1.36583526e+07
1.251434,8.31323320e+01,1.27013237e-05,5.24999985e-06,1.23299198e+07
1.252528,8.29460414e+01,1.32921959e-05,5.46902894e-06,1.59456294e+07
1.253622,8.27505652e+01,1.39537266e-05,5.70209112e-06,1.56394498e+07
1.254716,8.25458694e+01,1.45296746e-05,5.94645842e-06,1.59702290e+07
1.255810,8.23319329e+01,1.51403236e-05,6.20083267e-06,1.60446871e+07
1.256903,8.21087544e+01,1.59513201e-05,6.46356299e-06,1.60647750e+07
1.257997,8.18763432e+01,1.66709077e-05,6.73297497e-06,1.73775691e+07
1.259091,8.16347119e+01,1.73759600e-05,7.00811791e-06,1.58235753e+07
1.260185,8.13838978e+01,1.81712924e-05,7.28845163e-06,1.42417478e+07
1.261279,8.11239526e+01,1.88690819e-05,7.57298188e-06,1.68153706e+07
1.262373,8.08549240e+01,1.95583281e-05,7.86198231e-06,1.73601155e+07
1.263467,8.05768466e+01,2.06585747e-05,8.15437383e-06,1.69658765e+07
1.264561,8.02897406e+01,2.14053752e-05,8.44854972e-06,1.73716828e+07
1.265655,7.99936614e+01,2.22758451e-05,8.74565993e-06,1.51685337e+07
1.266749,7.96886925e+01,2.31931255e-05,9.04496416e-06,1.68440414e+07
1.267843,7.93749214e+01,2.39485223e-05,9.34643171e-06,1.69636603e+07
1.268936,7.90524407e+01,2.48638935e-05,9.65034718e-06,1.59850978e+07
1.270030,7.87213310e+01,2.58633290e-05,9.95577750e-06,1.29702642e+07
1.271124,7.83816985e+01,2.68389645e-05,1.02625539e-05,1.67432254e+07
1.272218,7.80336447e+01,2.75767111e-05,1.05707502e-05,1.56980301e+07
1.273312,7.76772971e+01,2.85657208e-05,1.08809209e-05,1.65712377e+07
1.274406,7.73127743e+01,2.96263111e-05,1.11921190e-05,1.50324822e+07
1.275500,7.69402026e+01,3.04251449e-05,1.15036633e-05,1.82759732e+07
1.276594,7.65597078e+01,3.14223938e-05,1.18169557e-05,1.72424210e+07
1.277688,7.61714469e+01,3.23258587e-05,1.21309651e-05,1.82673193e+07
1.278782,7.57755781e+01,3.33137582e-05,1.24458542e-05,1.82718519e+07
1.279876,7.53722879e+01,3.44064183e-05,1.27613396e-05,1.41758604e+07
1.280969,7.49617432e+01,3.53815650e-05,1.30764899e-05,1.62782757e+07
1.282063,7.45440931e+01,3.63656071e-05,1.33916998e-05,2.12075959e+07
1.283157,7.41194780e+01,3.74451095e-05,1.37065940e-05,1.53279604e+07
1.284251,7.36881423e+01,3.84932371e-05,1.40216387e-05,1.54920522e+07
1.285345,7.32502819e+01,3.94730062e-05,1.43358524e-05,1.43039411e+07
1.286439,7.28061158e+01,4.04411547e-05,1.46496703e-05,1.57898076e+07
1.287533,7.23558504e+01,4.16865444e-05,1.49627082e-05,1.55017277e+07
1.288627,7.18996389e+01,4.27982075e-05,1.52735341e-05,1.48649935e+07
1.289721,7.14376337e+01,4.42613332e-05,1.55816966e-05,1.26948397e+07
1.290815,7.09699911e+01,4.53982377e-05,1.58858379e-05,1.45169187e+07
1.291909,7.04968814e+01,4.67237063e-05,1.61872811e-05,1.33972423e+07
1.293002,7.00184530e+01,4.79377299e-05,1.64845368e-05,1.27211436e+07
1.294096,6.95349222e+01,4.91404831e-05,1.67789413e-05,1.60961583e+07
1.295190,6.90464406e+01,5.05239230e-05,1.70688052e-05,1.03380050e+07
1.296284,6.85531889e+01,5.17211137e-05,1.73531788e-05,1.07994044e+07
1.297378,6.80553495e+01,5.30317705e-05,1.76321989e-05,1.11985398e+07
1.298472,6.75530740e+01,5.42634982e-05,1.79054227e-05,1.02504492e+07
1.299566,6.70465777e+01,5.53144357e-05,1.81729943e-05,1.07869733e+07
1.300660,6.65360580e+01,5.67325851e-05,1.84348319e-05,1.00993627e+07
1.301754,6.60216617e+01,5.80108503e-05,1.86888713e-05,1.01279703e+07
1.302848,6.55036266e+01,5.91651088e-05,1.89361608e-05,1.09137759e+07
1.303942,6.49821414e+01,6.06187128e-05,1.91752954e-05,1.00625353e+07
1.305036,6.44572945e+01,6.21235393e-05,1.94035385e-05,1.33781343e+07
1.306129,6.39292380e+01,6.37465478e-05,1.96219477e-05,1.56389712e+07
1.307223,6.33980000e+01,6.54657503e-05,1.98254466e-05,1.46511308e+07
1.308317,6.28635506e+01,6.69562401e-05,2.00126240e-05,1.47867473e+07
1.309411,6.23259525e+01,6.84084046e-05,2.01857854e-05,1.90526305e+07
1.310505,6.17853697e+01,6.93809407e-05,2.03450698e-05,1.87180377e+07
1.311599,6.12418716e+01,7.14043208e-05,2.04881837e-05,2.10752347e+07
1.312693,6.06953230e+01,7.30733019e-05,2.06089920e-05,2.22474744e+07
1.313787,6.01457354e+01,7.43545069e-05,2.07097857e-05,2.51715301e+07
1.314881,5.95931998e+01,7.57939397e-05,2.07915842e-05,2.89015519e+07
1.315975,5.90377537e+01,7.70624855e-05,2.08516524e-05,3.01351909e+07
1.317069,5.84794986e+01,7.79394631e-05,2.08905803e-05,3.28578824e+07
1.318162,5.79185067e+01,7.97991204e-05,2.09081589e-05,3.40396137e+07
1.319256,5.73546595e+01,8.07429195e-05,2.08955070e-05,3.79943681e+07
1.320350,5.67881484e+01,8.23599683e-05,2.08638236e-05,3.82526534e+07
1.321444,5.62187763e+01,8.35438892e-05,2.07959453e-05,4.20695100e+07
1.322538,5.56467140e+01,8.31004776e-05,2.07037512e-05,4.15452848e+07
1.323632,5.50720819e+01,8.53803475e-05,2.05866145e-05,4.53540729e+07
1.324726,5.44948176e+01,8.62398195e-05,2.04365284e-05,4.62942190e+07
1.325820,5.39148683e+01,8.73835448e-05,2.02509627e-05,4.83444408e+07
1.326914,5.33324806e+01,8.69904523e-05,2.00401344e-05,4.92281522e+07
1.328008,5.27480769e+01,8.61142399e-05,1.98045069e-05,5.07336255e+07
1.329102,5.21622668e+01,8.48234608e-05,1.95525389e-05,5.06881832e+07
1.330195,5.15759384e+01,8.38831589e-05,1.92937748e-05,5.20817427e+07
1.331289,5.09900508e+01,8.29392665e-05,1.90288185e-05,5.35127754e+07
1.332383,5.04052034e+01,8.03123199e-05,1.87394840e-05,5.23222274e+07
1.333477,4.98224203e+01,7.88941947e-05,1.84514700e-05,5.27630599e+07
1.334571,4.92422906e+01,7.89576515e-05,1.81463533e-05,5.23503358e+07
1.335665,4.86654515e+01,7.63126660e-05,1.78239876e-05,5.28401207e+07
1.336759,4.80926351e+01,7.61889752e-05,1.74911984e-05,5.23393289e+07
1.337853,4.75245222e+01,7.30231529e-05,1.71432535e-05,4.91367889e+07
1.338947,4.69622229e+01,7.07536751e-05,1.67971270e-05,4.60553176e+07
1.340041,4.64071122e+01,6.93694877e-05,1.64690435e-05,4.81521076e+07
1.341135,4.58598659e+01,6.60005226e-05,1.61194698e-05,4.34810496e+07
1.342228,4.53216104e+01,6.54053042e-05,1.57876623e-05,4.34444950e+07
1.343322,4.47929429e+01,6.15450957e-05,1.54360892e-05,3.91325815e+07
1.344416,4.42751027e+01,5.91226191e-05,1.51052582e-05,3.61486727e+07
1.345510,4.37690044e+01,5.65982786e-05,1.47776525e-05,3.42825848e+07
1.346604,4.32753687e+01,5.47584465e-05,1.44513020e-05,3.48118160e+07
1.347698,4.27945130e+01,5.34198835e-05,1.41110640e-05,3.22214999e+07
1.348792,4.23268866e+01,5.17739889e-05,1.37676535e-05,2.90049309e+07
1.349886,4.18731037e+01,4.93456305e-05,1.34240759e-05,2.84296822e+07
1.350980,4.14336787e+01,4.69049647e-05,1.30773469e-05,2.87498243e+07
1.352074,4.10088380e+01,4.46114736e-05,1.27182445e-05,2.39800925e+07
1.353168,4.05989153e+01,4.33440866e-05,1.23599436e-05,2.28992117e+07
1.354261,4.02040104e+01,4.14879101e-05,1.19849904e-05,2.20348947e+07
1.355355,3.98241964e+01,3.87336205e-05,1.15933332e-05,1.87581239e+07
1.356449,3.94596074e+01,3.76814704e-05,1.11961895e-05,1.88526555e+07
1.357543,3.91100463e+01,3.54756278e-05,1.07717029e-05,1.70265168e+07
1.358637,3.87753907e+01,3.44835612e-05,1.03307965e-05,1.44147005e+07
1.359731,3.84553901e+01,3.17644651e-05,9.86181068e-06,1.39777311e+07
1.360825,3.81498815e+01,3.03122883e-05,9.37528229e-06,9.72202342e+06
1.361919,3.78585546e+01,2.85658279e-05,8.86485325e-06,8.57609628e+06
1.363013,3.75810523e+01,2.61209265e-05,8.32639234e-06,1.34046689e+07
1.364107,3.73169014e+01,2.50027499e-05,7.76172088e-06,6.95037945e+06
1.365201,3.70656161e+01,2.26256842e-05,7.17120118e-06,1.18698217e+07
1.366295,3.68266590e+01,2.11664617e-05,6.55517115e-06,6.16418840e+06
1.367388,3.65994868e+01,1.86349187e-05,5.92007093e-06,1.18576033e+07
1.368482,3.63835660e+01,1.70772941e-05,5.27307623e-06,7.70193180e+06
1.369576,3.61782742e+01,1.51364003e-05,4.62103851e-06,8.21434834e+06
1.370670,3.59830470e+01,1.29077613e-05,3.98043442e-06,6.99964158e+06
1.371764,3.57973402e+01,1.08390615e-05,3.37807772e-06,6.00599273e+06
1.372858,3.56205698e+01,9.44280536e-06,2.85251613e-06,6.52334102e+06
1.373952,3.54520510e+01,7.25681660e-06,2.46426835e-06,1.36594980e+07
1.375046,3.52912564e+01,5.95770013e-06,2.29798758e-06,8.10168932e+06
1.376140,3.51374890e+01,5.12877189e-06,2.39773267e-06,7.04236371e+06
1.377234,3.49900709e+01,5.00115401e-06,2.72671002e-06,1.74777645e+07
1.378328,3.48483292e+01,5.66349802e-06,3.20027956e-06,1.14035031e+07
1.379421,3.47115647e+01,6.81559540e-06,3.74637048e-06,7.57414644e+06
1.380515,3.45790805e+01,8.06554656e-06,4.31488400e-06,1.22510442e+07
1.381609,3.44501871e+01,9.53167140e-06,4.87402468e-06,1.21970148e+07
1.382703,3.43242055e+01,1.08662249e-05,5.40286805e-06,1.15650150e+07
1.383797,3.42004385e+01,1.22115000e-05,5.88904653e-06,1.60963773e+07
1.384891,3.40781915e+01,1.32779785e-05,6.32434416e-06,1.01301848e+07
1.385985,3.39567564e+01,1.43548629e-05,6.70682087e-06,1.58319776e+07
1.387079,3.38354574e+01,1.51960697e-05,7.03633020e-06,1.90650352e+07
1.388173,3.37136370e+01,1.59566895e-05,7.31857438e-06,1.35481080e+07
1.389267,3.35906709e+01,1.66254540e-05,7.56224966e-06,3.10885906e+06
1.390361,3.34659870e+01,1.72613997e-05,7.77853946e-06,1.61578004e+07
1.391454,3.33390894e+01,1.77815685e-05,7.98006345e-06,1.26366983e+07
1.392548,3.32095566e+01,1.84334173e-05,8.18226324e-06,1.13745255e+07
1.393642,3.30770590e+01,1.90149911e-05,8.39987519e-06,1.78525707e+07
1.394736,3.29413581e+01,1.96548832e-05,8.64808890e-06,1.42939724e+07
1.395830,3.28023207e+01,2.03895365e-05,8.94123873e-06,9.45322842e+06
1.396924,3.26599190e+01,2.12789350e-05,9.29254081e-06,1.09713242e+07
1.398018,3.25142324e+01,2.23261331e-05,9.71407968e-06,2.90623207e+06
1.399112,3.23654296e+01,2.36409145e-05,1.02169904e-05,7.77111906e+06
1.400206,3.22137678e+01,2.50677188e-05,1.08111004e-05,9.91953837e+06
1.401300,3.20596119e+01,2.67592158e-05,1.15060661e-05,1.52669673e+07
1.402394,3.19034106e+01,2.86460586e-05,1.23094331e-05,8.55625189e+06
1.403487,3.17456896e+01,3.08892322e-05,1.32271626e-05,9.10941670e+06
1.404581,3.15870178e+01,3.33535520e-05,1.42621271e-05,7.66997156e+06
1.405675,3.14280409e+01,3.61030495e-05,1.54160798e-05,1.46929311e+07
1.406769,3.12694613e+01,3.91331549e-05,1.66880089e-05,1.08953927e+07
1.407863,3.11119968e+01,4.25446710e-05,1.80741283e-05,6.12387542e+06
1.408957,3.09563841e+01,4.60745914e-05,1.95692997e-05,1.70006691e+07
1.410051,3.08034492e+01,4.98751136e-05,2.11701021e-05,5.37141476e+06
1.411145,3.06539647e+01,5.41038766e-05,2.28670435e-05,7.79857588e+06
1.412239,3.05086945e+01,5.84806072e-05,2.46524769e-05,1.62085350e+07
1.413333,3.03684790e+01,6.29134849e-05,2.65205560e-05,4.55170345e+06
1.414427,3.02340694e+01,6.79304450e-05,2.84591048e-05,1.26470560e+07
1.415520,3.01061334e+01,7.32011933e-05,3.04557779e-05,1.13637788e+07
1.416614,2.99852411e+01,7.82926801e-05,3.24930108e-05,7.35350894e+06
1.417708,2.98720104e+01,8.37917007e-05,3.45656164e-05,1.36866478e+07
1.418802,2.97670159e+01,8.88545377e-05,3.66561537e-05,1.87404495e+07
1.419896,2.96707555e+01,9.45163233e-05,3.87495614e-05,1.45008674e+07
1.420990,2.95836107e+01,1.00173851e-04,4.08267325e-05,1.24673949e+07
1.422084,2.95060222e+01,1.05716985e-04,4.28769407e-05,1.24797458e+07
1.423178,2.94381537e+01,1.11372953e-04,4.48641642e-05,1.55145930e+07
1.424272,2.93800916e+01,1.16018658e-04,4.67696527e-05,2.72618169e+07
1.425366,2.93318346e+01,1.21663075e-04,4.85743886e-05,3.45392620e+07
1.426460,2.92930659e+01,1.27109287e-04,5.02398427e-05,2.19620992e+07
1.427554,2.92637818e+01,1.31707195e-04,5.17745937e-05,3.25550132e+07
1.428647,2.92435832e+01,1.35367319e-04,5.31178450e-05,2.93906077e+07
1.429741,2.92324001e+01,1.36249032e-04,5.42897049e-05,3.97570114e+07
1.430835,2.92300406e+01,1.41748791e-04,5.52807743e-05,3.23128327e+07
1.431929,2.92357677e+01,1.44319055e-04,5.60283501e-05,3.28023094e+07
1.433023,2.92491690e+01,1.46726812e-04,5.65466038e-05,3.18531045e+07
1.434117,2.92697991e+01,1.47491803e-04,5.68224527e-05,3.45296025e+07
1.435211,2.92971236e+01,1.47970542e-04,5.68435635e-05,3.28178538e+07
1.436305,2.93307333e+01,1.47303707e-04,5.66237008e-05,3.42162287e+07
1.437399,2.93702839e+01,1.45699389e-04,5.61606789e-05,3.46179561e+07
1.438493,2.94153173e+01,1.43291972e-04,5.54490472e-05,2.88194486e+07
1.439587,2.94656235e+01,1.41630133e-04,5.45286002e-05,2.88004580e+07
1.440680,2.95206798e+01,1.38021398e-04,5.33600841e-05,2.46794549e+07
1.441774,2.95805428e+01,1.30632774e-04,5.20030432e-05,2.50054123e+07
1.442868,2.96454426e+01,1.28232375e-04,5.05027483e-05,2.41535200e+07
1.443962,2.97145991e+01,1.23548955e-04,4.87731979e-05,1.80473642e+07
1.445056,2.97874709e+01,1.18440231e-04,4.68601432e-05,2.38662978e+07
1.446150,2.98638375e+01,1.12440179e-04,4.48059450e-05,1.73780211e+07
1.447244,2.99431167e+01,1.06392780e-04,4.25889680e-05,1.55541814e+07
1.448338,3.00248970e+01,1.00134291e-04,4.02596105e-05,1.27592934e+07
1.449432,3.01087524e+01,9.41598661e-05,3.78269819e-05,1.13054994e+07
1.450526,3.01941326e+01,8.78709948e-05,3.53036431e-05,9.57361798e+06
1.451620,3.02804833e+01,8.15764285e-05,3.27118065e-05,1.34662333e+07
1.452713,3.03673309e+01,7.47124067e-05,3.00780893e-05,5.79939789e+06
1.453807,3.04541842e+01,6.76902552e-05,2.74204560e-05,9.47443565e+06
1.454901,3.05405415e+01,6.09758650e-05,2.47640721e-05,6.44662145e+06
1.455995,3.06259365e+01,5.49774058e-05,2.21350658e-05,5.70102722e+06
1.457089,3.07099170e+01,4.77723928e-05,1.95496092e-05,1.58282847e+07
1.458183,3.07920769e+01,4.20189015e-05,1.70368178e-05,6.21106032e+06
1.459277,3.08719626e+01,3.63272213e-05,1.46158088e-05,7.88570097e+06
1.460371,3.09490868e+01,3.10336381e-05,1.23024399e-05,1.01996825e+07
1.461465,3.10229607e+01,2.56991542e-05,1.01177309e-05,1.41939824e+07
1.462559,3.10931496e+01,2.08361281e-05,8.08285385e-06,2.00003732e+07
1.463653,3.11591969e+01,1.62830020e-05,6.21162844e-06,6.66472093e+06
1.464746,3.12207072e+01,1.24049332e-05,4.52122212e-06,1.59306279e+07
1.465840,3.12771719e+01,8.87376233e-06,3.01599949e-06,2.48608960e+07
1.466934,3.13280972e+01,5.62006449e-06,1.72463900e-06,1.28441096e+07
1.468028,3.13730474e+01,2.90959486e-06,8.10782205e-07,7.71390038e+06
1.469122,3.14115830e+01,1.70689398e-06,9.72747200e-07,1.48288544e+07
1.470216,3.14432431e+01,2.86623542e-06,1.70618672e-06,5.70289245e+06
1.471310,3.14675896e+01,4.54493101e-06,2.42286300e-06,7.43730915e+06
1.472404,3.14842178e+01,6.08059834e-06,3.05934048e-06,1.03913523e+07
1.473498,3.14927546e+01,7.34960815e-06,3.61883107e-06,1.17983565e+07
1.474592,3.14928755e+01,8.61771702e-06,4.11558330e-06,8.22651902e+06
1.475686,3.14843189e+01,9.68792095e-06,4.56558509e-06,1.61298003e+07
1.476779,3.14668872e+01,1.07376490e-05,4.98586664e-06,3.04029703e+06
1.477873,3.14404608e+01,1.17678083e-05,5.39130827e-06,4.93327780e+06
1.478967,3.14049918e+01,1.27159067e-05,5.79596739e-06,1.52931859e+07
1.480061,3.13605041e+01,1.38111839e-05,6.21215932e-06,7.05872487e+06
1.481155,3.13071034e+01,1.48453460e-05,6.64949756e-06,5.58132850e+06
1.482249,3.12449672e+01,1.59478923e-05,7.11684917e-06,1.63495020e+07
1.483343,3.11743379e+01,1.71791313e-05,7.62114726e-06,4.76587825e+06
1.484437,3.10955229e+01,1.84732975e-05,8.16742150e-06,6.39987327e+06
1.485531,3.10088878e+01,1.98921731e-05,8.75968634e-06,5.49728307e+06
1.486625,3.09148462e+01,2.13788928e-05,9.39987634e-06,1.51841650e+07
1.487719,3.08138634e+01,2.29890334e-05,1.00884991e-05,5.74652332e+06
1.488813,3.07064505e+01,2.47265844e-05,1.08238746e-05,6.10212726e+06
1.489906,3.05931476e+01,2.65522565e-05,1.16026615e-05,4.32667003e+06
1.491000,3.04745214e+01,2.84779672e-05,1.24199981e-05,1.08217215e+07
1.492094,3.03511569e+01,3.05328003e-05,1.32699109e-05,5.22457096e+06
1.493188,3.02236605e+01,3.25809471e-05,1.41457760e-05,8.67156712e+06
1.494282,3.00926822e+01,3.46745978e-05,1.50417502e-05,9.20265204e+06
1.495376,2.99588563e+01,3.68715624e-05,1.59505186e-05,9.25390701e+06
1.496470,2.98228117e+01,3.91205655e-05,1.68654815e-05,5.65468185e+06
1.497564,2.96852067e+01,4.12525131e-05,1.77813277e-05,3.96173003e+06
1.498658,2.95467226e+01,4.35041783e-05,1.86936970e-05,4.00024132e+06
1.499752,2.94079999e+01,4.56672426e-05,1.95958559e-05,9.84956465e+06
1.500846,2.92696961e+01,4.80286223e-05,2.04851904e-05,5.14714131e+06
1.501939,2.91323963e+01,5.00457758e-05,2.13535410e-05,6.82781447e+06
1.503033,2.89967254e+01,5.23720380e-05,2.22012410e-05,2.98923633e+06
1.504127,2.88632247e+01,5.43572699e-05,2.30201595e-05,3.76046479e+06
1.505221,2.87324657e+01,5.63919041e-05,2.38101073e-05,3.86420343e+06
1.506315,2.86049751e+01,5.84487847e-05,2.45667513e-05,6.02117688e+06
1.507409,2.84812287e+01,6.02851643e-05,2.52852940e-05,9.13705886e+06
1.508503,2.83617255e+01,6.22713705e-05,2.59665205e-05,1.46476867e+07
1.509597,2.82469050e+01,6.42326907e-05,2.66056604e-05,8.70881620e+06
1.510691,2.81370584e+01,6.57251459e-05,2.71921617e-05,8.97860068e+06
1.511785,2.80325611e+01,6.74590557e-05,2.77339278e-05,7.76503126e+06
1.512879,2.79337108e+01,6.85316911e-05,2.82219685e-05,1.28083564e+07
1.513972,2.78408892e+01,6.97171270e-05,2.86634476e-05,1.72772266e+07
1.515066,2.77543448e+01,7.18702687e-05,2.90533395e-05,1.73387689e+07
1.516160,2.76740284e+01,7.29534469e-05,2.93701611e-05,1.87551032e+07
1.517254,2.76000262e+01,7.42382489e-05,2.96270616e-05,1.36438122e+07
1.518348,2.75322942e+01,7.50877674e-05,2.98141857e-05,1.74774056e+07
1.519442,2.74709414e+01,7.55614627e-05,2.99435184e-05,1.50343678e+07
1.520536,2.74159695e+01,7.52761610e-05,3.00043322e-05,1.85870270e+07
1.521630,2.73674814e+01,7.63900128e-05,3.00153996e-05,1.88195662e+07
1.522724,2.73253613e+01,7.66308305e-05,2.99576881e-05,1.85300164e+07
1.523818,2.72894981e+01,7.65501905e-05,2.98342132e-05,1.65127164e+07
1.524912,2.72598009e+01,7.58046547e-05,2.96490769e-05,1.80888053e+07
1.526005,2.72362531e+01,7.57633771e-05,2.94128860e-05,1.61666346e+07
1.527099,2.72186876e+01,7.45517680e-05,2.91134837e-05,1.84628209e+07
1.528193,2.72070045e+01,7.42706289e-05,2.87642109e-05,1.71077466e+07
1.529287,2.72012198e+01,7.25586360e-05,2.83718003e-05,1.51423708e+07
1.530381,2.72013845e+01,7.08297057e-05,2.79375765e-05,1.70794571e+07
1.531475,2.72072490e+01,7.10338723e-05,2.74565868e-05,1.45737748e+07
1.532569,2.72186318e+01,6.83874721e-05,2.69294630e-05,1.39606366e+07
1.533663,2.72356053e+01,6.75901220e-05,2.63778335e-05,1.33361531e+07
1.534757,2.72578957e+01,6.63051839e-05,2.57834616e-05,1.26590619e+07
1.535851,2.72853064e+01,6.39152432e-05,2.51521010e-05,1.45786064e+07
1.536945,2.73176196e+01,6.30523222e-05,2.44918700e-05,1.24689229e+07
1.538038,2.73546508e+01,6.00348888e-05,2.38030736e-05,1.21959013e+07
1.539132,2.73963664e+01,5.83321708e-05,2.30995291e-05,1.06685256e+07
1.540226,2.74425505e+01,5.63535225e-05,2.23749712e-05,1.26106699e+07
1.541320,2.74929713e+01,5.44815123e-05,2.16305873e-05,1.02926851e+07
1.542414,2.75474438e+01,5.22812804e-05,2.08729900e-05,8.63242848e+06
1.543508,2.76058906e+01,5.01184178e-05,2.01106684e-05,7.40792193e+06
1.544602,2.76680563e+01,4.83712360e-05,1.93354764e-05,7.25095128e+06
1.545696,2.77337152e+01,4.59374061e-05,1.85533188e-05,8.03852769e+06
1.546790,2.78026655e+01,4.43149882e-05,1.77683145e-05,1.19338201e+07
1.547884,2.78745891e+01,4.16622511e-05,1.69741989e-05,8.44136232e+06
1.548978,2.79494158e+01,4.00030064e-05,1.61921517e-05,7.77164856e+06
1.550072,2.80268093e+01,3.81494054e-05,1.54041134e-05,9.25619751e+06
1.551165,2.81064161e+01,3.63532438e-05,1.46152696e-05,9.88405647e+06
1.552259,2.81880591e+01,3.46908732e-05,1.38379809e-05,9.29482492e+06
1.553353,2.82714158e+01,3.23376858e-05,1.30601140e-05,2.97422473e+06
1.554447,2.83563507e+01,3.05184574e-05,1.22998321e-05,3.65705317e+06
1.555541,2.84426553e+01,2.83531327e-05,1.15500519e-05,3.99804487e+06
1.556635,2.85301460e+01,2.64694227e-05,1.08159029e-05,2.69174881e+06
1.557729,2.86185970e+01,2.52802697e-05,1.00977193e-05,4.48592351e+06
1.558823,2.87077274e+01,2.32883530e-05,9.39144975e-06,3.50480271e+06
1.559917,2.87974079e+01,2.14865361e-05,8.70717066e-06,9.01481983e+06
1.561011,2.88874969e+01,1.97946724e-05,8.04461513e-06,3.43684012e+06
1.562105,2.89777632e+01,1.83527272e-05,7.40080361e-06,4.22388349e+06
1.563198,2.90679940e+01,1.69862984e-05,6.77905505e-06,8.90159798e+06
1.564292,2.91580064e+01,1.53846002e-05,6.18054573e-06,3.94304768e+06
1.565386,2.92476091e+01,1.41861990e-05,5.60676643e-06,4.28207311e+06
1.566480,2.93366068e+01,1.25695748e-05,5.05852078e-06,3.54418248e+06
1.567574,2.94248359e+01,1.14910528e-05,4.53964353e-06,3.08347473e+06
1.568668,2.95121017e+01,1.03657044e-05,4.05091253e-06,4.90362106e+06
1.569762,2.95982283e+01,9.42533157e-06,3.59597670e-06,9.55474674e+06
1.570856,2.96830376e+01,8.41383002e-06,3.17849291e-06,7.05421576e+06
1.571950,2.97663612e+01,7.34474672e-06,2.80397820e-06,8.64537451e+06
1.573044,2.98480553e+01,6.53966041e-06,2.48095724e-06,3.31857185e+06
1.574138,2.99279557e+01,5.76007330e-06,2.21724960e-06,6.04248920e+06
1.575231,3.00059191e+01,5.28854436e-06,2.02369583e-06,1.06745632e+07
1.576325,3.00817952e+01,4.82819987e-06,1.90789071e-06,4.80491804e+06
1.577419,3.01554428e+01,4.55622431e-06,1.87186517e-06,7.81352195e+06
1.578513,3.02267271e+01,4.54356709e-06,1.90932918e-06,8.93964555e+06
1.579607,3.02955055e+01,4.65884053e-06,2.00675449e-06,6.06162233e+06
1.580701,3.03616343e+01,4.87716238e-06,2.14855118e-06,3.00223882e+06
1.581795,3.04249797e+01,5.21900832e-06,2.32050461e-06,2.99763496e+06
1.582889,3.04854146e+01,5.66150357e-06,2.51158297e-06,3.33336660e+06
1.583983,3.05428284e+01,6.16468812e-06,2.71339358e-06,4.28192926e+06
1.585077,3.05971082e+01,6.64999963e-06,2.92082631e-06,4.80757059e+06
1.586171,3.06481361e+01,7.06378220e-06,3.13073626e-06,4.97683871e+06
1.587264,3.06957998e+01,7.61980601e-06,3.34119979e-06,9.17527287e+06
1.588358,3.07400061e+01,8.17552642e-06,3.55024296e-06,4.26667506e+06
1.589452,3.07806590e+01,8.68257959e-06,3.75759537e-06,6.87947139e+06
1.590546,3.08176694e+01,9.14700770e-06,3.96267287e-06,3.90164971e+06
1.591640,3.08509534e+01,9.72445157e-06,4.16569848e-06,6.29180206e+06
1.592734,3.08804410e+01,1.02738431e-05,4.36615573e-06,5.69405035e+06
1.593828,3.09060725e+01,1.07755607e-05,4.56435452e-06,5.76723160e+06
1.594922,3.09277897e+01,1.12590257e-05,4.76058959e-06,8.95509767e+05
1.596016,3.09455428e+01,1.17771351e-05,4.95512423e-06,4.34735740e+06
1.597110,3.09592945e+01,1.22899779e-05,5.14767724e-06,5.77799276e+06
1.598204,3.09690151e+01,1.27676264e-05,5.33846696e-06,6.01084610e+06
1.599298,3.09746834e+01,1.32662282e-05,5.52774986e-06,5.14854038e+06
1.600391,3.09762851e+01,1.37716835e-05,5.71546241e-06,3.05749407e+06
1.601485,3.09738048e+01,1.42923165e-05,5.90156004e-06,4.31984582e+06
1.602579,3.09672314e+01,1.48040643e-05,6.08573577e-06,6.13644942e+06
1.603673,3.09565658e+01,1.53001426e-05,6.26804395e-06,4.35610155e+06
1.604767,3.09418125e+01,1.57759353e-05,6.44857358e-06,6.64854370e+06
1.605861,3.09229835e+01,1.63182939e-05,6.62692169e-06,6.45451713e+06
1.606955,3.09001006e+01,1.67594236e-05,6.80311764e-06,2.03889997e+06
1.608049,3.08731868e+01,1.72673431e-05,6.97729228e-06,5.62149276e+06
1.609143,3.08422851e+01,1.77351407e-05,7.14900259e-06,4.40912481e+06
1.610237,3.08074458e+01,1.82044965e-05,7.31834619e-06,6.58895946e+06
1.611331,3.07687120e+01,1.87120212e-05,7.48502668e-06,3.93061232e+06
1.612424,3.07261226e+01,1.91972918e-05,7.64864759e-06,6.29834706e+06
1.613518,3.06797295e+01,1.96643000e-05,7.80918993e-06,5.20289601e+06
1.614612,3.06295887e+01,2.01867215e-05,7.96654931e-06,4.70560761e+06
1.615706,3.05757373e+01,2.06980165e-05,8.12000255e-06,9.07062154e+06
1.616800,3.05182237e+01,2.11609506e-05,8.26959268e-06,4.46953341e+06
1.617894,3.04571108e+01,2.16180149e-05,8.41548703e-06,5.06772300e+06
1.618988,3.03924605e+01,2.20924721e-05,8.55730227e-06,6.93791900e+06
1.620082,3.03243348e+01,2.25469772e-05,8.69501050e-06,4.93376812e+06
1.621176,3.02527905e+01,2.30451399e-05,8.82821067e-06,3.11621286e+06
1.622270,3.01778888e+01,2.34835842e-05,8.95676734e-06,3.67559465e+06
1.623364,3.00997039e+01,2.38716417e-05,9.08067682e-06,3.78368764e+06
1.624457,3.00183072e+01,2.43568107e-05,9.20001972e-06,5.20695911e+06
1.625551,2.99337755e+01,2.47771275e-05,9.31426561e-06,4.41116101e+06
1.626645,2.98461811e+01,2.52030915e-05,9.42353590e-06,3.23895112e+06
1.627739,2.97555941e+01,2.56983674e-05,9.52771330e-06,9.31003094e+06
1.628833,2.96620716e+01,2.62164608e-05,9.62579895e-06,3.41762574e+06
1.629927,2.95656355e+01,2.65911083e-05,9.71713048e-06,3.42018136e+06
1.631021,2.94663430e+01,2.70703221e-05,9.80268083e-06,4.77933258e+06
1.632115,2.93642336e+01,2.75715996e-05,9.88180220e-06,4.27791118e+06
1.633209,2.92592891e+01,2.83324742e-05,9.95240251e-06,5.56167776e+06
1.634303,2.91514917e+01,2.87832803e-05,1.00145189e-05,3.78277151e+06
1.635397,2.90408916e+01,2.90948506e-05,1.00696769e-05,4.38839190e+06
1.636490,2.89275387e+01,2.94589762e-05,1.01181459e-05,3.38932274e+06
1.637584,2.88115002e+01,2.97149765e-05,1.01600030e-05,3.60701855e+06
1.638678,2.86928658e+01,3.00747320e-05,1.01957511e-05,3.46021970e+06
1.639772,2.85716740e+01,3.03322010e-05,1.02238525e-05,3.25646239e+06
1.640866,2.84479699e+01,3.08067935e-05,1.02449996e-05,3.69074673e+06
1.641960,2.83217405e+01,3.12689037e-05,1.02573311e-05,3.40509822e+06
1.643054,2.81930031e+01,3.15043404e-05,1.02610865e-05,5.97243959e+06
1.644148,2.80617966e+01,3.18455795e-05,1.02573067e-05,6.80852065e+06
1.645242,2.79280948e+01,3.23805810e-05,1.02441984e-05,8.88806416e+06
1.646336,2.77918474e+01,3.27785642e-05,1.02209153e-05,8.37992835e+06
1.647430,2.76530380e+01,3.30967439e-05,1.01882598e-05,6.97900442e+06
1.648523,2.75116758e+01,3.37970181e-05,1.01477777e-05,1.13550577e+07
1.649617,2.73675830e+01,3.40562214e-05,1.00917321e-05,1.00613197e+07
1.650711,2.72208038e+01,3.42164582e-05,1.00291653e-05,1.13336221e+07
1.651805,2.70713150e+01,3.47377112e-05,9.95645430e-06,7.26962819e+06
1.652899,2.69190533e+01,3.50882807e-05,9.87319970e-06,1.22486272e+07
1.653993,2.67638944e+01,3.54875580e-05,9.77714280e-06,9.94008185e+06
1.655087,2.66058197e+01,3.54181684e-05,9.67194335e-06,1.28384724e+07
1.656181,2.64448613e+01,3.55233374e-05,9.55871984e-06,1.42364233e+07
1.657275,2.62809743e+01,3.59869933e-05,9.43599160e-06,1.34419594e+07
1.658369,2.61140292e+01,3.63994910e-05,9.30090677e-06,1.32722898e+07
1.659463,2.59439125e+01,3.64083785e-05,9.15384911e-06,1.40478438e+07
1.660557,2.57706478e+01,3.62094076e-05,8.99917751e-06,1.66892605e+07
1.661650,2.55942298e+01,3.64451400e-05,8.83667233e-06,1.80267306e+07
1.662744,2.54146265e+01,3.60666560e-05,8.66517088e-06,1.72413998e+07
1.663838,2.52319644e+01,3.56141327e-05,8.48935564e-06,1.83397761e+07
1.664932,2.50463171e+01,3.57984172e-05,8.30863429e-06,1.68565004e+07
1.666026,2.48577052e+01,3.56045177e-05,8.12141812e-06,1.77265671e+07
1.667120,2.46661609e+01,3.51823020e-05,7.92742117e-06,1.85242908e+07
1.668214,2.44717689e+01,3.48205379e-05,7.72983554e-06,1.92375773e+07
1.669308,2.42746247e+01,3.40783112e-05,7.52826253e-06,1.97605812e+07
1.670402,2.40748798e+01,3.37742265e-05,7.32561102e-06,1.92370003e+07
1.671496,2.38726160e+01,3.39875869e-05,7.12085756e-06,2.08968615e+07
1.672590,2.36678154e+01,3.23571072e-05,6.90853027e-06,1.97431456e+07
1.673683,2.34608214e+01,3.21848076e-05,6.70299360e-06,2.05283049e+07
1.674777,2.32516765e+01,3.19432301e-05,6.49432423e-06,2.06446437e+07
1.675871,2.30404379e+01,3.15623374e-05,6.28460875e-06,2.06719721e+07
1.676965,2.28272738e+01,3.01444341e-05,6.07579393e-06,1.83102154e+07
1.678059,2.26126785e+01,2.93896185e-05,5.87729983e-06,2.06023306e+07
1.679153,2.23968316e+01,2.81657312e-05,5.67947730e-06,2.05252184e+07
1.680247,2.21799767e+01,2.74387570e-05,5.48723075e-06,1.80160716e+07
1.681341,2.19624457e+01,2.67665559e-05,5.30188963e-06,1.91733694e+07
1.682435,2.17443903e+01,2.56816448e-05,5.11876398e-06,1.82103424e+07
1.683529,2.15261836e+01,2.49074184e-05,4.94447597e-06,1.85055441e+07
1.684623,2.13080247e+01,2.36617376e-05,4.77393164e-06,1.80581200e+07
1.685716,2.10902401e+01,2.24812059e-05,4.61115716e-06,1.65355433e+07
1.686810,2.08732897e+01,2.09243043e-05,4.45699063e-06,1.68610777e+07
1.687904,2.06576323e+01,2.03431533e-05,4.31137603e-06,1.54338368e+07
1.688998,2.04434493e+01,1.90211973e-05,4.17002539e-06,1.49712553e+07
1.690092,2.02311207e+01,1.81816917e-05,4.03600351e-06,1.43820831e+07
1.691186,2.00208299e+01,1.73060920e-05,3.90690880e-06,1.41056678e+07
1.692280,1.98127614e+01,1.64083284e-05,3.78331665e-06,1.31121360e+07
1.693374,1.96072225e+01,1.58556222e-05,3.66572151e-06,1.26312438e+07
1.694468,1.94043673e+01,1.49278579e-05,3.55290916e-06,1.22953144e+07
1.695562,1.92044496e+01,1.39112414e-05,3.44535071e-06,1.14415603e+07
1.696656,1.90077088e+01,1.31228891e-05,3.34281149e-06,1.11850597e+07
1.697749,1.88143475e+01,1.20822639e-05,3.24513481e-06,1.08338974e+07
1.698843,1.86245427e+01,1.16163674e-05,3.15201126e-06,1.14158021e+07
1.699937,1.84384054e+01,1.12436846e-05,3.06320588e-06,9.16378048e+06
1.701031,1.82559670e+01,1.03548605e-05,2.97999952e-06,8.53389371e+06
1.702125,1.80773770e+01,1.00757954e-05,2.90096209e-06,8.65417434e+06
1.703219,1.79027195e+01,9.07053103e-06,2.82730914e-06,8.56435567e+06
1.704313,1.77322150e+01,8.49351143e-06,2.75685154e-06,8.95629309e+06
1.705407,1.75659314e+01,8.18859456e-06,2.69091202e-06,9.14188726e+06
1.706501,1.74038547e+01,7.78203278e-06,2.63076886e-06,6.71031014e+06
1.707595,1.72459939e+01,7.35564974e-06,2.57606226e-06,7.17206220e+06
1.708689,1.70923920e+01,6.98690835e-06,2.52618332e-06,6.11262536e+06
1.709782,1.69430605e+01,6.53388837e-06,2.48200300e-06,5.52123306e+06
1.710876,1.67980343e+01,6.10143580e-06,2.44274702e-06,4.93561984e+06
1.711970,1.66573498e+01,5.82177039e-06,2.40766349e-06,4.89842308e+06
1.713064,1.65209808e+01,5.55984328e-06,2.37818733e-06,3.89788547e+06
1.714158,1.63888874e+01,5.27622188e-06,2.35473285e-06,4.41986527e+06
1.715252,1.62610800e+01,5.04498064e-06,2.33536551e-06,3.50716574e+06
1.716346,1.61375265e+01,4.87894744e-06,2.32070795e-06,4.15139720e+06
1.717440,1.60181567e+01,4.73813070e-06,2.31164509e-06,2.86330765e+06
1.718534,1.59029128e+01,4.65262677e-06,2.30760599e-06,2.86909412e+06
1.719628,1.57917435e+01,4.59230058e-06,2.30751552e-06,3.73194663e+06
1.720722,1.56845518e+01,4.54435650e-06,2.31231895e-06,2.31500414e+06
1.721816,1.55812351e+01,4.52317275e-06,2.32156716e-06,3.23180044e+06
1.722909,1.54817016e+01,4.53384878e-06,2.33489159e-06,3.48584795e+06
1.724003,1.53858592e+01,4.59411202e-06,2.35163494e-06,2.65804765e+06
1.725097,1.52936152e+01,4.63306667e-06,2.37118954e-06,5.38020835e+06
1.726191,1.52048437e+01,4.65881827e-06,2.39423173e-06,2.58799343e+06
1.727285,1.51194382e+01,4.86397752e-06,2.41965099e-06,5.45436409e+06
1.728379,1.50373042e+01,4.98516516e-06,2.44648145e-06,4.89135981e+06
1.729473,1.49583201e+01,5.07972778e-06,2.47479348e-06,3.19913389e+06
1.730567,1.48823570e+01,5.18422603e-06,2.50454748e-06,4.58552622e+06
1.731661,1.48092849e+01,5.34018473e-06,2.53548482e-06,3.48164651e+06
1.732755,1.47389882e+01,5.49440381e-06,2.56647272e-06,7.32349791e+06
1.733849,1.46713271e+01,5.65076034e-06,2.59831194e-06,3.25650235e+06
1.734942,1.46061686e+01,5.79403763e-06,2.62990928e-06,2.20909006e+06
1.736036,1.45433811e+01,5.91763678e-06,2.66124686e-06,2.54561120e+06
1.737130,1.44828256e+01,6.02653930e-06,2.69245423e-06,6.92182378e+06
1.738224,1.44243531e+01,6.14502590e-06,2.72374910e-06,2.09736699e+06
1.739318,1.43678308e+01,6.32478386e-06,2.75439136e-06,4.37312439e+06
1.740412,1.43131242e+01,6.44668024e-06,2.78464620e-06,3.00674140e+06
1.741506,1.42600947e+01,6.57718667e-06,2.81460219e-06,3.26800228e+06
1.742600,1.42086061e+01,6.72841233e-06,2.84446694e-06,4.06857645e+06
1.743694,1.41585244e+01,6.86395350e-06,2.87446579e-06,2.04163948e+06
1.744788,1.41097202e+01,6.98503361e-06,2.90481050e-06,1.76543890e+06
1.745882,1.40620642e+01,7.07822247e-06,2.93598975e-06,2.13517210e+06
1.746975,1.40154281e+01,7.26540306e-06,2.96839429e-06,2.88637067e+06
1.748069,1.39696881e+01,7.41171961e-06,3.00230609e-06,6.87541097e+06
1.749163,1.39247252e+01,7.57730055e-06,3.03835590e-06,2.62102868e+06
1.750257,1.38804294e+01,7.71890145e-06,3.07675978e-06,8.03381058e+06
1.751351,1.38366898e+01,7.87223059e-06,3.11830120e-06,5.50829178e+06
1.752445,1.37934046e+01,8.03601714e-06,3.16321143e-06,4.57424589e+06
1.753539,1.37504836e+01,8.22840685e-06,3.21192874e-06,4.92911455e+06
1.754633,1.37078386e+01,8.40963674e-06,3.26468998e-06,6.98740500e+06
1.755727,1.36653805e+01,8.60843373e-06,3.32183319e-06,7.55552269e+06
1.756821,1.36230330e+01,8.84794828e-06,3.38350756e-06,7.59843620e+05
1.757915,1.35807271e+01,9.06531052e-06,3.44955493e-06,4.38945571e+06
1.759008,1.35383927e+01,9.30515369e-06,3.52021601e-06,4.48408333e+06
1.760102,1.34959736e+01,9.53933164e-06,3.59543880e-06,7.13527848e+06
1.761196,1.34534178e+01,9.80070062e-06,3.67512656e-06,5.23407068e+06
1.762290,1.34106814e+01,1.00663834e-05,3.75897181e-06,2.91254825e+06
1.763384,1.33677233e+01,1.03560074e-05,3.84677710e-06,6.15603508e+06
1.764478,1.33245076e+01,1.06525333e-05,3.93818441e-06,2.54405828e+06
1.765572,1.32810056e+01,1.09505314e-05,4.03287755e-06,5.22073722e+06
1.766666,1.32371888e+01,1.12672537e-05,4.13052299e-06,1.54689385e+06
1.767760,1.31930360e+01,1.15793619e-05,4.23075668e-06,5.02959170e+06
1.768854,1.31485287e+01,1.19218249e-05,4.33319058e-06,8.18742757e+06
1.769948,1.31036388e+01,1.23178487e-05,4.43716485e-06,3.47113268e+06
1.771041,1.30583420e+01,1.26591860e-05,4.54225647e-06,3.82278834e+06
1.772135,1.30126347e+01,1.30030185e-05,4.64838103e-06,3.87511860e+06
1.773229,1.29665103e+01,1.33645290e-05,4.75514674e-06,3.71007188e+06
1.774323,1.29199648e+01,1.37238578e-05,4.86209603e-06,6.93635042e+06
1.775417,1.28729951e+01,1.41200170e-05,4.96884295e-06,5.47107979e+06
1.776511,1.28255906e+01,1.45121024e-05,5.07477397e-06,4.63079962e+06
1.777605,1.27777490e+01,1.48857190e-05,5.17969093e-06,2.71657970e+06
1.778699,1.27294771e+01,1.52607649e-05,5.28332372e-06,3.42085443e+06
1.779793,1.26807755e+01,1.56694132e-05,5.38524194e-06,2.78902497e+06
1.780887,1.26316397e+01,1.60562132e-05,5.48494232e-06,2.74009704e+06
1.781981,1.25820695e+01,1.64807282e-05,5.58211636e-06,2.60665404e+06
1.783075,1.25320508e+01,1.69244221e-05,5.67615413e-06,2.58472909e+06
1.784168,1.24815664e+01,1.73423645e-05,5.76647143e-06,2.67579556e+06
1.785262,1.24305942e+01,1.78239712e-05,5.85265047e-06,2.29214589e+06
1.786356,1.23791150e+01,1.81915020e-05,5.93429566e-06,2.51159303e+06
1.787450,1.23271278e+01,1.85948783e-05,6.01160518e-06,5.20812874e+06
1.788544,1.22746315e+01,1.89806470e-05,6.08418507e-06,3.46404121e+06
1.789638,1.22216268e+01,1.91115928e-05,6.15136606e-06,3.43753873e+06
1.790732,1.21681343e+01,1.96911679e-05,6.21429295e-06,6.31734735e+06
1.791826,1.21141199e+01,2.01094141e-05,6.27056095e-06,3.69438523e+06
1.792920,1.20595572e+01,2.03926641e-05,6.31993580e-06,4.13291733e+06
1.794014,1.20044471e+01,2.08230602e-05,6.36323197e-06,4.07468493e+06
1.795108,1.19487512e+01,2.12107963e-05,6.39882740e-06,4.46361075e+06
1.796201,1.18924388e+01,2.15720281e-05,6.42676261e-06,8.18103411e+06
1.797295,1.18355037e+01,2.19228126e-05,6.44728934e-06,6.44922521e+06
1.798389,1.17779160e+01,2.21598663e-05,6.45897091e-06,7.00298726e+06
1.799483,1.17196654e+01,2.24794324e-05,6.46275162e-06,9.32772446e+06
1.800577,1.16607352e+01,2.27920721e-05,6.45797622e-06,6.08899063e+06
1.801671,1.16010654e+01,2.31290302e-05,6.44289878e-06,9.16575762e+06
1.802765,1.15405999e+01,2.34824637e-05,6.41768583e-06,1.47451098e+07
1.803859,1.14793136e+01,2.38620843e-05,6.38312525e-06,1.17062746e+07
1.804953,1.14171071e+01,2.42349549e-05,6.33602195e-06,1.30647214e+07
1.806047,1.13539115e+01,2.44691840e-05,6.27765445e-06,1.39124356e+07
1.807141,1.12896887e+01,2.46389453e-05,6.20826510e-06,1.35091546e+07
1.808234,1.12244132e+01,2.46002475e-05,6.12786109e-06,1.32008323e+07
1.809328,1.11581023e+01,2.47884696e-05,6.03849220e-06,1.27986111e+07
1.810422,1.10907567e+01,2.44657738e-05,5.93816209e-06,1.25012596e+07
1.811516,1.10224586e+01,2.44485512e-05,5.83056976e-06,1.81613222e+07
1.812610,1.09533331e+01,2.42191946e-05,5.71671744e-06,1.39319292e+07
1.813704,1.08834213e+01,2.39575618e-05,5.59263464e-06,1.54302369e+07
1.814798,1.08128276e+01,2.35392820e-05,5.46214365e-06,1.43193232e+07
1.815892,1.07416385e+01,2.35277834e-05,5.32439120e-06,1.57833416e+07
1.816986,1.06699285e+01,2.30494725e-05,5.17867937e-06,1.78498969e+07
1.818080,1.05979008e+01,2.25975225e-05,5.02969792e-06,1.53188937e+07
1.819174,1.05256758e+01,2.21173021e-05,4.87406333e-06,1.70005613e+07
1.820267,1.04534877e+01,2.12028026e-05,4.71671543e-06,1.74661779e+07
1.821361,1.03816270e+01,2.04962733e-05,4.55930988e-06,1.67804012e+07
1.822455,1.03102748e+01,2.01372173e-05,4.39927934e-06,1.66163492e+07
1.823549,1.02396173e+01,1.92571974e-05,4.23677494e-06,1.78990607e+07
1.824643,1.01699460e+01,1.84816362e-05,4.07623623e-06,1.44750258e+07
1.825737,1.01014525e+01,1.77819500e-05,3.91429420e-06,1.44988321e+07
1.826831,1.00343133e+01,1.68991018e-05,3.75168989e-06,1.38044997e+07
1.827925,9.96883700e+00,1.61320033e-05,3.59484060e-06,1.36765428e+07
1.829019,9.90523232e+00,1.49541137e-05,3.43809155e-06,1.23823018e+07
1.830113,9.84373790e+00,1.45761153e-05,3.28751588e-06,1.17856231e+07
1.831207,9.78447590e+00,1.38590619e-05,3.13735328e-06,1.13720008e+07
1.832300,9.72760422e+00,1.29812625e-05,2.99014156e-06,1.08113530e+07
1.833394,9.67332284e+00,1.22132110e-05,2.84943497e-06,1.13876948e+07
1.834488,9.62172419e+00,1.15625463e-05,2.71093756e-06,1.25991555e+07
1.835582,9.57287996e+00,1.08579739e-05,2.57580185e-06,8.77449424e+06
1.836676,9.52691267e+00,1.00520640e-05,2.44684798e-06,8.60073783e+06
1.837770,9.48390541e+00,9.42705655e-06,2.32280593e-06,8.15760335e+06
1.838864,9.44388529e+00,8.91803014e-06,2.20260617e-06,9.93491173e+06
1.839958,9.40684560e+00,8.49037130e-06,2.08504487e-06,7.01435137e+06
1.841052,9.37272319e+00,8.00232667e-06,1.96705647e-06,6.77126132e+06
1.842146,9.34145712e+00,7.37509226e-06,1.84926910e-06,1.05824106e+07
1.843240,9.31298358e+00,7.13605346e-06,1.73248572e-06,6.76262149e+06
1.844334,9.28719215e+00,6.48686860e-06,1.61278968e-06,8.34859205e+06
1.845427,9.26399799e+00,6.08431580e-06,1.49271429e-06,4.85586144e+06
1.846521,9.24329508e+00,5.40694809e-06,1.37054380e-06,7.86117293e+06
1.847615,9.22500316e+00,4.95152663e-06,1.24893287e-06,4.80157667e+06
1.848709,9.20897473e+00,4.56046232e-06,1.12403747e-06,9.41826375e+06
1.849803,9.19502933e+00,4.12708767e-06,9.95095434e-07,3.05530527e+06
1.850897,9.18300919e+00,3.47457679e-06,8.64710289e-07,3.75907373e+06
1.851991,9.17275833e+00,3.14004048e-06,7.35175048e-07,7.60704360e+06
1.853085,9.16409207e+00,2.56401369e-06,6.06943626e-07,4.62851935e+06
1.854179,9.15682091e+00,2.23944459e-06,4.84554434e-07,5.44254430e+06
1.855273,9.15074191e+00,1.80942517e-06,3.75365377e-07,2.82362857e+06
1.856367,9.14565310e+00,1.42995370e-06,2.95165146e-07,3.37241556e+06
1.857460,9.14134540e+00,1.07084505e-06,2.69246944e-07,1.16368634e+07
1.858554,9.13760497e+00,8.08510354e-07,3.07441821e-07,5.72466076e+06
1.859648,9.13422145e+00,7.05497366e-07,3.85910875e-07,1.41110187e+07
1.860742,9.13097455e+00,7.87081561e-07,4.80783547e-07,7.94205154e+06
1.861836,9.12765267e+00,9.90417097e-07,5.78494625e-07,5.79722419e+06
1.862930,9.12404388e+00,1.28146604e-06,6.73933867e-07,4.75637969e+06
1.864024,9.11993728e+00,1.56143924e-06,7.64385779e-07,7.27220666e+06
1.865118,9.11512357e+00,1.78500971e-06,8.49340473e-07,4.34341952e+06
1.866212,9.10939556e+00,2.04412511e-06,9.29890456e-07,8.27609132e+06
1.867306,9.10255570e+00,2.30707369e-06,1.00743315e-06,1.62036852e+07
1.868400,9.09441574e+00,2.54647533e-06,1.08471637e-06,7.31416812e+06
1.869493,9.08479505e+00,2.80120274e-06,1.16569714e-06,4.75640067e+06
1.870587,9.07352494e+00,3.03752111e-06,1.25428627e-06,2.04964510e+06
1.871681,9.06044881e+00,3.33383939e-06,1.35449989e-06,9.34093051e+06
1.872775,9.04542530e+00,3.65528632e-06,1.46926613e-06,4.76565065e+06
1.873869,9.02832626e+00,4.01510485e-06,1.60074574e-06,4.85282813e+06
1.874963,9.00903886e+00,4.42445840e-06,1.74962382e-06,1.11617654e+07
1.876057,8.98746399e+00,4.86379391e-06,1.91546638e-06,3.86115938e+06
1.877151,8.96351333e+00,5.33612518e-06,2.09724768e-06,1.43043740e+06
1.878245,8.93711394e+00,5.85675860e-06,2.29346179e-06,1.39283158e+07
1.879339,8.90820679e+00,6.43167753e-06,2.50233963e-06,8.23449040e+06
1.880433,8.87674767e+00,6.99982008e-06,2.72223853e-06,5.23669111e+06
1.881526,8.84270615e+00,7.61428604e-06,2.95160645e-06,9.97427992e+06
1.882620,8.80606881e+00,8.23188915e-06,3.18876598e-06,7.99251157e+06
1.883714,8.76683007e+00,8.91603697e-06,3.43212564e-06,9.07028979e+06
1.884808,8.72500024e+00,9.58353015e-06,3.68006915e-06,8.32990721e+06
1.885902,8.68060378e+00,1.02643850e-05,3.93122871e-06,1.11026367e+07
1.886996,8.63367872e+00,1.09701991e-05,4.18411923e-06,2.30112168e+06
1.888090,8.58427381e+00,1.16734220e-05,4.43736372e-06,5.66701929e+06
1.889184,8.53245121e+00,1.23807729e-05,4.68957096e-06,2.46589052e+06
1.890278,8.47828314e+00,1.30991690e-05,4.93943897e-06,3.51146893e+06
1.891372,8.42184975e+00,1.38531126e-05,5.18552865e-06,8.19306846e+06
1.892466,8.36324313e+00,1.45863115e-05,5.42639407e-06,3.66640038e+06
1.893559,8.30256188e+00,1.52972652e-05,5.66086250e-06,1.20503852e+07
1.894653,8.23991428e+00,1.60197589e-05,5.88766391e-06,1.04654030e+07
1.895747,8.17539609e+00,1.68217855e-05,6.10505423e-06,2.87463830e+06
1.896841,8.10911034e+00,1.75098571e-05,6.31149862e-06,9.12622549e+06
1.897935,8.04119006e+00,1.81720414e-05,6.50626867e-06,4.23938383e+06
1.899029,7.97176563e+00,1.88831002e-05,6.68810247e-06,2.77520071e+06
1.900123,7.90095011e+00,1.95244768e-05,6.85500529e-06,4.14349255e+06
1.901217,7.82887556e+00,2.01180704e-05,7.00622754e-06,5.99812524e+06
1.902311,7.75568073e+00,2.06942045e-05,7.14070235e-06,4.65466407e+06
1.903405,7.68150315e+00,2.12691332e-05,7.25697246e-06,7.57204066e+06
1.904499,7.60646680e+00,2.18309354e-05,7.35342412e-06,4.94899050e+06
1.905593,7.53069238e+00,2.23002640e-05,7.42882451e-06,7.61742035e+06
1.906686,7.45430379e+00,2.27287168e-05,7.48233047e-06,4.11702219e+06
1.907780,7.37742916e+00,2.31195792e-05,7.51326149e-06,5.59544162e+06
1.908874,7.30019217e+00,2.35057366e-05,7.52030375e-06,5.98613766e+06
1.909968,7.22268204e+00,2.38623352e-05,7.50210154e-06,7.28881777e+06
1.911062,7.14497982e+00,2.41512894e-05,7.45809851e-06,1.21925680e+07
1.912156,7.06716012e+00,2.43621348e-05,7.38758945e-06,8.42848800e+06
1.913250,6.98932052e+00,2.45805264e-05,7.29135912e-06,1.57970032e+07
1.914344,6.91150530e+00,2.45640754e-05,7.16690108e-06,1.26450417e+07
1.915438,6.83378074e+00,2.47339835e-05,7.01649320e-06,1.53359542e+07
1.916532,6.75618024e+00,2.46352541e-05,6.83931989e-06,1.10902098e+07
1.917626,6.67882799e+00,2.42775201e-05,6.63898941e-06,1.34242201e+07
1.918719,6.60185050e+00,2.39062810e-05,6.41671232e-06,1.54537008e+07
1.919813,6.52534510e+00,2.35003650e-05,6.17376022e-06,1.98089850e+07
1.920907,6.44944962e+00,2.30455734e-05,5.91329751e-06,1.82876344e+07
1.922001,6.37426642e+00,2.23017279e-05,5.63559186e-06,2.19156723e+07
1.923095,6.29991977e+00,2.17245840e-05,5.34494081e-06,1.86928139e+07
1.924189,6.22661375e+00,2.04350859e-05,5.04506385e-06,1.67627763e+07
1.925283,6.15474295e+00,1.89879593e-05,4.74321876e-06,1.63261385e+07
1.926377,6.08471694e+00,1.78282268e-05,4.44187407e-06,1.80153362e+07
1.927471,6.01683787e+00,1.62180989e-05,4.14001669e-06,1.69204073e+07
1.928565,5.95146058e+00,1.50211224e-05,3.84206256e-06,1.64652117e+07
1.929659,5.88879598e+00,1.36239781e-05,3.54750056e-06,1.37902277e+07
1.930752,5.82917488e+00,1.20094735e-05,3.26051241e-06,1.31555016e+07
1.931846,5.77286030e+00,1.09667664e-05,2.98222346e-06,1.95203553e+07
1.932940,5.72007647e+00,9.33116367e-06,2.71388863e-06,1.01212018e+07
1.934034,5.67104693e+00,8.31440561e-06,2.45720073e-06,1.41962163e+07
1.935128,5.62585727e+00,7.26175063e-06,2.21343549e-06,1.26277311e+07
1.936222,5.58454093e+00,6.33289595e-06,1.98453447e-06,8.03802041e+06
1.937316,5.54706981e+00,5.38276166e-06,1.77251044e-06,8.30596683e+06
1.938410,5.51340109e+00,4.63230104e-06,1.57825774e-06,9.37400768e+06
1.939504,5.48342850e+00,3.96459673e-06,1.40314875e-06,7.69335487e+06
1.940598,5.45699955e+00,3.32992112e-06,1.24791963e-06,6.74785244e+06
1.941692,5.43393717e+00,2.88255676e-06,1.11105939e-06,8.73915131e+06
1.942785,5.41402371e+00,2.44604285e-06,9.91729049e-07,9.57284636e+06
1.943879,5.39703105e+00,2.11783775e-06,8.86860699e-07,8.29529579e+06
1.944973,5.38269374e+00,1.85264214e-06,7.94175458e-07,8.48450094e+06
1.946067,5.37073787e+00,1.64810335e-06,7.10549701e-07,1.47337327e+07
1.947161,5.36087536e+00,1.48016618e-06,6.34192323e-07,7.89642800e+06
1.948255,5.35280725e+00,1.33448758e-06,5.64050651e-07,1.58357033e+07
1.949349,5.34624350e+00,1.21475293e-06,5.00045539e-07,3.28705551e+06
1.950443,5.34089583e+00,1.10359528e-06,4.43581082e-07,4.97874881e+06
1.951537,5.33648214e+00,1.02393677e-06,3.96408880e-07,3.96781615e+06
1.952631,5.33273244e+00,9.49744537e-07,3.60427084e-07,2.83486949e+06
1.953725,5.32938997e+00,9.10666002e-07,3.37353210e-07,8.26789489e+06
1.954818,5.32621353e+00,8.91711665e-07,3.28122009e-07,2.00819821e+06
1.955912,5.32297658e+00,8.99800357e-07,3.33280603e-07,3.22489417e+06
1.957006,5.31946805e+00,9.39708156e-07,3.53329836e-07,7.49264854e+06
1.958100,5.31549104e+00,1.02281140e-06,3.89076133e-07,2.33108730e+06
1.959194,5.31086414e+00,1.14743150e-06,4.41088589e-07,4.58205891e+06
1.960288,5.30542003e+00,1.30892982e-06,5.08985762e-07,3.03130659e+06
1.961382,5.29900343e+00,1.50043199e-06,5.90918479e-07,3.17525622e+06
1.962476,5.29147286e+00,1.73219666e-06,6.83667493e-07,3.57538872e+06
1.963570,5.28270122e+00,1.96691073e-06,7.83433313e-07,6.60535768e+05
1.964664,5.27257201e+00,2.21877348e-06,8.86617268e-07,2.88232795e+06
1.965758,5.26098213e+00,2.47612563e-06,9.90180569e-07,5.14505113e+06
1.966852,5.24784115e+00,2.72396576e-06,1.09182942e-06,4.34764992e+06
1.967945,5.23307223e+00,2.97854074e-06,1.18994452e-06,5.04451347e+05
1.969039,5.21661086e+00,3.21109916e-06,1.28339477e-06,2.54283081e+06
1.970133,5.19840409e+00,3.44081228e-06,1.37145837e-06,2.14601195e+06
1.971227,5.17841182e+00,3.65852529e-06,1.45360738e-06,4.49091797e+06
1.972321,5.15660485e+00,3.84811251e-06,1.52953508e-06,1.51672455e+07
1.973415,5.13296477e+00,4.05050191e-06,1.59910759e-06,5.78622008e+06
1.974509,5.10748372e+00,4.22631167e-06,1.66207080e-06,7.47422189e+06
1.975603,5.08016088e+00,4.37950101e-06,1.71848365e-06,6.37286596e+06
1.976697,5.05100780e+00,4.51689891e-06,1.76841615e-06,7.78130108e+06
1.977791,5.02004572e+00,4.64698217e-06,1.81192611e-06,7.40266823e+06
1.978885,4.98730181e+00,4.75508615e-06,1.84922315e-06,6.77792057e+06
1.979978,4.95281151e+00,4.84738448e-06,1.88045475e-06,2.71789138e+06
1.981072,4.91661846e+00,4.92662860e-06,1.90583926e-06,3.16527407e+06
1.982166,4.87877200e+00,5.00132647e-06,1.92558404e-06,2.99456291e+06
1.983260,4.83932420e+00,5.06085293e-06,1.93995140e-06,1.35330784e+06
1.984354,4.79833621e+00,5.09485018e-06,1.94920479e-06,5.62420617e+06
1.985448,4.75587566e+00,5.12920875e-06,1.95372411e-06,7.48341201e+06
1.986542,4.71201519e+00,5.13732366e-06,1.95365505e-06,3.07351196e+06
1.987636,4.66682991e+00,5.13630336e-06,1.94946863e-06,6.37121476e+06
1.988730,4.62039834e+00,5.10992283e-06,1.94149266e-06,1.58506124e+06
1.989824,4.57280285e+00,5.08981668e-06,1.92998320e-06,5.18163810e+06
1.990918,4.52412454e+00,5.08345686e-06,1.91521006e-06,1.56389456e+06
1.992011,4.47444782e+00,5.04822018e-06,1.89736509e-06,2.60502329e+06
1.993105,4.42386139e+00,4.97946201e-06,1.87686120e-06,8.35158097e+06
1.994199,4.37245458e+00,4.95527525e-06,1.85411486e-06,6.82054062e+06
1.995293,4.32031634e+00,4.88378017e-06,1.82910599e-06,2.26366679e+06
1.996387,4.26753861e+00,4.82503999e-06,1.80226862e-06,1.00733714e+07
1.997481,4.21421201e+00,4.76578448e-06,1.77390373e-06,8.06783307e+06
1.998575,4.16042411e+00,4.67870324e-06,1.74402217e-06,1.06154447e+06
1.999669,4.10625938e+00,4.62050037e-06,1.71313909e-06,2.89387022e+06
2.000763,4.05180395e+00,4.54536699e-06,1.68136034e-06,8.23979326e+06
2.001857,3.99714531e+00,4.46486196e-06,1.64885003e-06,2.99579562e+06
2.002951,3.94236670e+00,4.38466149e-06,1.61603808e-06,3.43460379e+06
2.004044,3.88755430e+00,4.29745279e-06,1.58300573e-06,4.15913306e+06
2.005138,3.83279243e+00,4.20548284e-06,1.55011111e-06,2.53545016e+06
2.006232,3.77815980e+00,4.12156593e-06,1.51758596e-06,3.66273829e+06
2.007326,3.72373651e+00,4.04453905e-06,1.48559682e-06,5.06601468e+06
2.008420,3.66959846e+00,3.96727729e-06,1.45445077e-06,5.47562413e+06
2.009514,3.61581722e+00,3.88884835e-06,1.42432334e-06,5.42252394e+06
2.010608,3.56245818e+00,3.82824317e-06,1.39566261e-06,9.99917367e+05
2.011702,3.50958636e+00,3.76428891e-06,1.36842131e-06,8.96630932e+05
2.012796,3.45725840e+00,3.71246852e-06,1.34301345e-06,1.40557896e+06
2.013890,3.40552959e+00,3.66522468e-06,1.31952841e-06,4.37472191e+06
2.014984,3.35445308e+00,3.62979522e-06,1.29806924e-06,1.15761948e+06
2.016077,3.30407872e+00,3.59779648e-06,1.27857321e-06,1.76092943e+06
2.017171,3.25445165e+00,3.58372259e-06,1.26098392e-06,1.36280501e+06
2.018265,3.20560628e+00,3.56306268e-06,1.24543293e-06,2.74414760e+06
2.019359,3.15759136e+00,3.55956491e-06,1.23140020e-06,2.71240310e+06
2.020453,3.11043607e+00,3.57406257e-06,1.21894411e-06,5.19033694e+06
2.021547,3.06417076e+00,3.58533326e-06,1.20776169e-06,6.58150758e+06
2.022641,3.01882413e+00,3.58940032e-06,1.19775361e-06,1.65420686e+06
2.023735,2.97442093e+00,3.62116431e-06,1.18864180e-06,5.28804781e+06
2.024829,2.93098246e+00,3.62038669e-06,1.18033654e-06,1.50458030e+06
2.025923,2.88853859e+00,3.63425745e-06,1.17243982e-06,5.05484745e+06
2.027017,2.84711479e+00,3.62452334e-06,1.16488935e-06,2.77020576e+06
2.028111,2.80674435e+00,3.64839053e-06,1.15734227e-06,4.36107504e+06
2.029204,2.76745819e+00,3.58165081e-06,1.14980187e-06,6.19066577e+06
2.030298,2.72930547e+00,3.60818139e-06,1.14182074e-06,8.06749178e+06
2.031392,2.69230136e+00,3.57379687e-06,1.13363466e-06,2.19989287e+06
2.032486,2.65646622e+00,3.57624537e-06,1.12509488e-06,3.84133044e+06
2.033580,2.62181946e+00,3.52029635e-06,1.11608752e-06,6.37195818e+06
2.034674,2.58838756e+00,3.50225534e-06,1.10646385e-06,5.46955398e+06
2.035768,2.55619443e+00,3.44875545e-06,1.09615121e-06,3.52137723e+06
2.036862,2.52525733e+00,3.41320203e-06,1.08515052e-06,1.51016249e+06
2.037956,2.49558213e+00,3.34192732e-06,1.07347850e-06,4.33419962e+06
2.039050,2.46718762e+00,3.34129904e-06,1.06088705e-06,3.51347081e+06
2.040144,2.44006263e+00,3.25913070e-06,1.04765605e-06,1.94795108e+06
2.041237,2.41421392e+00,3.20899854e-06,1.03360251e-06,5.66231217e+06
2.042331,2.38963997e+00,3.16162145e-06,1.01877374e-06,3.40895635e+06
2.043425,2.36633131e+00,3.08558030e-06,1.00321121e-06,2.91084343e+06
2.044519,2.34427674e+00,3.01915480e-06,9.86906898e-07,6.23081474e+06
2.045613,2.32345986e+00,2.97687273e-06,9.69808014e-07,5.56677517e+06
2.046707,2.30386151e+00,2.90920605e-06,9.51970976e-07,2.36711278e+06
2.047801,2.28545508e+00,2.84571629e-06,9.33561728e-07,3.96053674e+06
2.048895,2.26821420e+00,2.77518860e-06,9.14561189e-07,2.07333163e+06
2.049989,2.25211113e+00,2.70817491e-06,8.94981352e-07,1.27040336e+06
2.051083,2.23711642e+00,2.64820091e-06,8.74963777e-07,2.94113985e+06
2.052177,2.22319091e+00,2.57447686e-06,8.54600333e-07,1.65665107e+06
2.053270,2.21030236e+00,2.47998720e-06,8.33949500e-07,5.23858041e+06
2.054364,2.19841368e+00,2.43583760e-06,8.13089704e-07,2.00737689e+06
2.055458,2.18748779e+00,2.33893488e-06,7.92030656e-07,1.86517120e+06
2.056552,2.17748478e+00,2.29418494e-06,7.70987196e-07,2.17344144e+06
2.057646,2.16835381e+00,2.22665948e-06,7.49978578e-07,3.51866476e+06
2.058740,2.16005960e+00,2.14841085e-06,7.29125935e-07,2.67184199e+06
2.059834,2.15255851e+00,2.08169132e-06,7.08559848e-07,1.42627582e+06
2.060928,2.14580673e+00,2.01485627e-06,6.88390234e-07,2.43668785e+06
2.062022,2.13976515e+00,1.95094704e-06,6.68696398e-07,3.70622698e+06
2.063116,2.13438908e+00,1.88447140e-06,6.49615081e-07,2.25702691e+06
2.064210,2.12963987e+00,1.81354498e-06,6.31217924e-07,6.61506115e+05
2.065303,2.12548226e+00,1.75709488e-06,6.13574644e-07,2.94350735e+06
2.066397,2.12187556e+00,1.71081305e-06,5.96771961e-07,3.06332585e+06
2.067491,2.11877894e+00,1.65342103e-06,5.80927175e-07,3.06751114e+06
2.068585,2.11615782e+00,1.60315795e-06,5.66078084e-07,3.73269271e+06
2.069679,2.11397312e+00,1.56392580e-06,5.52338121e-07,3.52788708e+08
2.070773,2.11218081e+00,1.55595564e-06,5.39716225e-07,4.03369651e+06
2.071867,2.11074507e+00,1.48087254e-06,5.28266227e-07,1.07805035e+06
2.072961,2.10964566e+00,1.44664545e-06,5.18017272e-07,5.84545149e+06
2.074055,2.10885255e+00,1.41765238e-06,5.08944285e-07,3.89732849e+06
2.075149,2.10833382e+00,1.39233530e-06,5.01088972e-07,3.20364244e+06
2.076243,2.10805968e+00,1.36881385e-06,4.94376274e-07,1.52182195e+06
2.077336,2.10800333e+00,1.34981675e-06,4.88776447e-07,2.30553487e+06
2.078430,2.10814040e+00,1.33898465e-06,4.84194418e-07,1.47571171e+06
2.079524,2.10844656e+00,1.33007922e-06,4.80525876e-07,6.31224754e+06
2.080618,2.10889479e+00,1.32743890e-06,4.77769921e-07,3.33845533e+08
2.081712,2.10946289e+00,1.32294617e-06,4.75722172e-07,9.25075498e+06
2.082806,2.11013007e+00,1.32172371e-06,4.74347617e-07,1.39914660e+06
2.083900,2.11087418e+00,1.32501059e-06,4.73592438e-07,1.85052413e+06
2.084994,2.11167612e+00,1.32643154e-06,4.73341384e-07,3.58773299e+06
2.086088,2.11251838e+00,1.33019836e-06,4.73509716e-07,1.32061852e+06
2.087182,2.11338440e+00,1.33604461e-06,4.74026562e-07,2.51552961e+06
2.088276,2.11425926e+00,1.34175279e-06,4.74810835e-07,3.49702817e+06
2.089370,2.11512863e+00,1.35110239e-06,4.75801050e-07,6.01223310e+06
2.090463,2.11597800e+00,1.37177163e-06,4.76899935e-07,4.86453654e+06
2.091557,2.11679313e+00,1.38250716e-06,4.78034221e-07,2.02325259e+06
2.092651,2.11756270e+00,1.39202550e-06,4.79254194e-07,6.64532186e+06
2.093745,2.11827622e+00,1.40989431e-06,4.80537904e-07,1.90401530e+06
2.094839,2.11892383e+00,1.41898040e-06,4.81814257e-07,2.28394073e+06
2.095933,2.11949777e+00,1.42996424e-06,4.83182452e-07,1.41514120e+06
2.097027,2.11999155e+00,1.44252025e-06,4.84639609e-07,1.90852582e+06
2.098121,2.12039998e+00,1.45246106e-06,4.86233645e-07,3.40700043e+06
2.099215,2.12072007e+00,1.46221248e-06,4.88038372e-07,4.12538949e+06
2.100309,2.12094941e+00,1.47558153e-06,4.90113367e-07,3.26330414e+06
2.101403,2.12108549e+00,1.48815053e-06,4.92514664e-07,2.28061463e+06
2.102496,2.12112811e+00,1.50087214e-06,4.95333678e-07,1.66575236e+06
2.103590,2.12107826e+00,1.51774815e-06,4.98652291e-07,2.14836437e+06
2.104684,2.12093801e+00,1.53344501e-06,5.02550270e-07,1.08747990e+06
2.105778,2.12071046e+00,1.55316819e-06,5.07097106e-07,1.00525845e+06
2.106872,2.12039905e+00,1.57301525e-06,5.12360996e-07,2.72522210e+06
2.107966,2.12000706e+00,1.60153399e-06,5.18382818e-07,1.36466198e+06
2.109060,2.11953887e+00,1.62662554e-06,5.25202175e-07,2.04521761e+06
2.110154,2.11899967e+00,1.65734656e-06,5.32846059e-07,2.43363870e+06
2.111248,2.11839440e+00,1.68969066e-06,5.41308850e-07,2.98811338e+06
2.112342,2.11772810e+00,1.72407728e-06,5.50574564e-07,4.44980123e+06
2.113436,2.11700649e+00,1.76652235e-06,5.60629853e-07,1.82729893e+06
2.114529,2.11623132e+00,1.81565375e-06,5.71344697e-07,1.68772672e+06
2.115623,2.11540564e+00,1.85712953e-06,5.82712050e-07,3.08749730e+06
2.116717,2.11453576e+00,1.90042171e-06,5.94719985e-07,1.52920313e+06
2.117811,2.11362567e+00,1.95293534e-06,6.07266469e-07,2.08823734e+06
2.118905,2.11267773e+00,2.00112193e-06,6.20234693e-07,1.44699093e+06
2.119999,2.11169561e+00,2.05467575e-06,6.33598531e-07,2.67162076e+06
2.121093,2.11068278e+00,2.10419586e-06,6.47277090e-07,1.04947644e+06
2.122187,2.10964115e+00,2.16437661e-06,6.61177389e-07,1.42552483e+06
2.123281,2.10857128e+00,2.21250668e-06,6.75197770e-07,1.97855540e+06
2.124375,2.10747524e+00,2.29000619e-06,6.89342880e-07,2.07002604e+06
2.125469,2.10634617e+00,2.35862741e-06,7.03290640e-07,1.78626145e+06
2.126562,2.10517994e+00,2.43066122e-06,7.17080142e-07,2.57352714e+06
2.127656,2.10397222e+00,2.49489031e-06,7.30636855e-07,5.74270554e+06
2.128750,2.10272015e+00,2.55569820e-06,7.43917911e-07,9.32926703e+05
2.129844,2.10141873e+00,2.62196945e-06,7.56830833e-07,2.86674347e+06
2.130938,2.10006159e+00,2.67935688e-06,7.69302730e-07,4.77093839e+06
2.132032,2.09864746e+00,2.75582245e-06,7.81421190e-07,6.89584439e+05
2.133126,2.09716455e+00,2.81771222e-06,7.92780523e-07,3.31082968e+06
2.134220,2.09560681e+00,2.88590432e-06,8.03580946e-07,8.56756572e+05
2.135314,2.09396495e+00,2.93946517e-06,8.13603404e-07,1.41914760e+06
2.136408,2.09223408e+00,2.99074702e-06,8.22958673e-07,3.96449414e+06
2.137502,2.09041098e+00,3.04111570e-06,8.31618933e-07,4.70962174e+06
2.138595,2.08848855e+00,3.11547914e-06,8.39468625e-07,1.48150910e+06
2.139689,2.08645256e+00,3.15492045e-06,8.46208355e-07,2.03994135e+06
2.140783,2.08429644e+00,3.23358965e-06,8.52138200e-07,1.26236629e+06
2.141877,2.08200467e+00,3.27705705e-06,8.56818992e-07,1.85099485e+06
2.142971,2.07957133e+00,3.32506483e-06,8.60564980e-07,2.82298507e+06
2.144065,2.07698833e+00,3.36508158e-06,8.63217491e-07,1.87304524e+06
2.145159,2.07424777e+00,3.40474409e-06,8.64782931e-07,2.57415784e+06
2.146253,2.07134156e+00,3.45763490e-06,8.65260818e-07,2.49995867e+06
2.147347,2.06825572e+00,3.50601007e-06,8.64400759e-07,9.69264713e+05
2.148441,2.06497259e+00,3.56282356e-06,8.62098493e-07,1.78792006e+06
2.149535,2.06147967e+00,3.56862096e-06,8.58444824e-07,2.03939765e+06
2.150629,2.05777133e+00,3.61884735e-06,8.53705305e-07,5.52313690e+06
2.151722,2.05383861e+00,3.63041300e-06,8.47678164e-07,1.89024410e+06
2.152816,2.04967544e+00,3.62849328e-06,8.40413963e-07,2.56208879e+06
2.153910,2.04527838e+00,3.64041038e-06,8.32100095e-07,2.76436391e+06
2.155004,2.04064587e+00,3.63309339e-06,8.22726119e-07,1.99378464e+06
2.156098,2.03578050e+00,3.61858089e-06,8.12417213e-07,4.26202045e+06
2.157192,2.03068328e+00,3.59422684e-06,8.01111554e-07,4.07706329e+06
2.158286,2.02536404e+00,3.50873413e-06,7.89060053e-07,3.88930630e+06
2.159380,2.01983556e+00,3.51895305e-06,7.76527366e-07,2.50727030e+06
2.160474,2.01410180e+00,3.44750223e-06,7.63083753e-07,3.45107770e+06
2.161568,2.00818325e+00,3.43723979e-06,7.49465163e-07,2.99800930e+06
2.162662,2.00208010e+00,3.42603863e-06,7.34868575e-07,3.09015114e+06
2.163755,1.99579244e+00,3.38415751e-06,7.19403236e-07,1.90582679e+06
2.164849,1.98932702e+00,3.30231306e-06,7.03244049e-07,4.10127401e+06
2.165943,1.98269370e+00,3.27028256e-06,6.86653036e-07,2.95113980e+06
2.167037,1.97591141e+00,3.18977324e-06,6.69916504e-07,3.12636482e+06
2.168131,1.96899668e+00,3.09919639e-06,6.52778091e-07,2.24111054e+06
2.169225,1.96197745e+00,2.98747497e-06,6.35854529e-07,3.54046254e+06
2.170319,1.95487423e+00,2.90972137e-06,6.18805553e-07,3.62967623e+06
2.171413,1.94770556e+00,2.85460947e-06,6.01806890e-07,1.80792323e+06
2.172507,1.94048872e+00,2.73856465e-06,5.84619880e-07,3.13894783e+06
2.173601,1.93325094e+00,2.66690468e-06,5.67790373e-07,3.16769725e+06
2.174695,1.92600816e+00,2.56703194e-06,5.50831759e-07,1.97388708e+06
2.175788,1.91877624e+00,2.52824102e-06,5.33986171e-07,1.74964232e+06
2.176882,1.91156824e+00,2.36936414e-06,5.16940526e-07,1.64853001e+06
2.177976,1.90441199e+00,2.30435939e-06,5.00458912e-07,2.34077434e+06
2.179070,1.89732497e+00,2.17925846e-06,4.84074967e-07,2.84490926e+06
2.180164,1.89032313e+00,2.15267185e-06,4.67941920e-07,1.59671030e+06
2.181258,1.88340641e+00,2.10108457e-06,4.51549775e-07,1.92103738e+06
2.182352,1.87658857e+00,1.96297092e-06,4.35266154e-07,5.65111094e+06
2.183446,1.86989591e+00,1.89509154e-06,4.19637375e-07,2.27460873e+06
2.184540,1.86333405e+00,1.81947158e-06,4.03943393e-07,1.48165534e+06
2.185634,1.85691064e+00,1.72633094e-06,3.88385006e-07,4.96954744e+06
2.186728,1.85063226e+00,1.67205544e-06,3.72980089e-07,1.90111404e+06
2.187821,1.84450149e+00,1.60969670e-06,3.57659563e-07,3.39659750e+06
2.188915,1.83852756e+00,1.53365013e-06,3.42624651e-07,1.70770895e+06
2.190009,1.83271650e+00,1.45837226e-06,3.27761391e-07,1.10264306e+06
2.191103,1.82707252e+00,1.37617661e-06,3.13114552e-07,2.07578267e+06
2.192197,1.82160094e+00,1.31619257e-06,2.98783620e-07,2.38973355e+06
2.193291,1.81630531e+00,1.23925310e-06,2.84716976e-07,1.10730153e+06
2.194385,1.81118662e+00,1.19033921e-06,2.70907503e-07,2.69202894e+06
2.195479,1.80624238e+00,1.11147292e-06,2.57288786e-07,3.41989594e+06
2.196573,1.80147762e+00,1.05111740e-06,2.44155753e-07,9.24416265e+05
2.197667,1.79689010e+00,9.96331063e-07,2.31313299e-07,3.19235702e+06
2.198761,1.79247935e+00,9.28258533e-07,2.18902145e-07,2.65387242e+06
2.199854,1.78824163e+00,8.88945065e-07,2.06897670e-07,3.54513698e+06
2.200948,1.78417262e+00,8.32995659e-07,1.95378246e-07,2.50096160e+06
2.202042,1.78026974e+00,7.81887631e-07,1.84439518e-07,6.25552414e+05
2.203136,1.77652868e+00,7.15002598e-07,1.74124588e-07,1.74568340e+06
2.204230,1.77294612e+00,6.85070615e-07,1.64594951e-07,2.62659219e+06
2.205324,1.76951539e+00,6.25356312e-07,1.55860428e-07,3.68917195e+06
2.206418,1.76623230e+00,5.96515290e-07,1.48087193e-07,1.38228007e+06
2.207512,1.76308721e+00,5.55093046e-07,1.41336353e-07,5.22089836e+05
2.208606,1.76007403e+00,5.17469515e-07,1.35769885e-07,1.74866978e+06
2.209700,1.75718682e+00,4.81060461e-07,1.31477742e-07,1.62980246e+06
2.210794,1.75441916e+00,4.45524894e-07,1.28531052e-07,1.08097981e+06
2.211888,1.75176414e+00,4.19403744e-07,1.26951663e-07,2.24416364e+06
2.212981,1.74921429e+00,3.97952981e-07,1.26730615e-07,3.37307941e+06
2.214075,1.74676100e+00,3.80252484e-07,1.27836308e-07,1.65749725e+06
2.215169,1.74439658e+00,3.66955109e-07,1.30137299e-07,7.99529955e+05
2.216263,1.74211359e+00,3.59651553e-07,1.33511111e-07,2.53056763e+06
2.217357,1.73990367e+00,3.59768162e-07,1.37810108e-07,2.39996081e+06
2.218451,1.73775747e+00,3.62539712e-07,1.42909084e-07,5.22174689e+06
2.219545,1.73566588e+00,3.69392988e-07,1.48669415e-07,1.62883976e+06
2.220639,1.73362062e+00,3.83506528e-07,1.54929704e-07,6.47955256e+06
2.221733,1.73161314e+00,4.02604817e-07,1.61588332e-07,1.77464421e+06
2.222827,1.72963481e+00,4.17998785e-07,1.68487844e-07,6.20525654e+06
2.223921,1.72767614e+00,4.36172449e-07,1.75605673e-07,4.54454383e+06
2.225014,1.72572624e+00,4.59338785e-07,1.82921670e-07,1.60390336e+06
2.226108,1.72377516e+00,4.81709596e-07,1.90328646e-07,2.66142339e+06
2.227202,1.72181450e+00,5.09972959e-07,1.97767054e-07,1.45177843e+06
2.228296,1.71983543e+00,5.25364740e-07,2.05218098e-07,2.04445812e+06
2.229390,1.71782780e+00,5.56727347e-07,2.12716904e-07,1.84117623e+06
2.230484,1.71578323e+00,5.84387695e-07,2.20171267e-07,1.18885580e+06
2.231578,1.71369326e+00,6.05200069e-07,2.27604707e-07,1.02117831e+06
2.232672,1.71154879e+00,6.29829215e-07,2.35052480e-07,2.54847192e+06
2.233766,1.70934028e+00,6.67069164e-07,2.42492054e-07,1.14925213e+06
2.234860,1.70705851e+00,6.93204258e-07,2.49893534e-07,1.68567315e+06
2.235954,1.70469505e+00,7.19520987e-07,2.57319019e-07,4.25079626e+06
2.237047,1.70224176e+00,7.50889720e-07,2.64808146e-07,4.64344491e+06
2.238141,1.69969021e+00,7.82866670e-07,2.72336400e-07,1.23461339e+06
2.239235,1.69703196e+00,8.10405646e-07,2.79916893e-07,6.27957207e+05
2.240329,1.69425964e+00,8.33519809e-07,2.87610844e-07,7.63747244e+05
2.241423,1.69136526e+00,8.73126908e-07,2.95435689e-07,1.36941782e+06
2.242517,1.68834185e+00,9.04095977e-07,3.03375101e-07,3.55504757e+06
2.243611,1.68518274e+00,9.37744614e-07,3.11476487e-07,2.05895381e+06
2.244705,1.68188088e+00,9.71192144e-07,3.19714786e-07,2.06398722e+06
2.245799,1.67842908e+00,1.00545320e-06,3.28117449e-07,3.26231325e+06
2.246893,1.67482087e+00,1.05000155e-06,3.36674664e-07,1.48612551e+06
2.247987,1.67104910e+00,1.08731518e-06,3.45350214e-07,1.21511504e+06
2.249080,1.66710805e+00,1.12197584e-06,3.54190135e-07,2.92273646e+06
2.250174,1.66299295e+00,1.16056573e-06,3.63196373e-07,8.21394684e+05
2.251268,1.65869941e+00,1.19845966e-06,3.72347964e-07,1.11527529e+06
2.252362,1.65422275e+00,1.23690003e-06,3.81628103e-07,2.94716682e+06
2.253456,1.64955863e+00,1.27742241e-06,3.91032993e-07,4.35828339e+06
2.254550,1.64470183e+00,1.32902366e-06,4.00506689e-07,3.00263701e+06
2.255644,1.63964598e+00,1.37490841e-06,4.09983683e-07,1.99845057e+06
2.256738,1.63438627e+00,1.41860026e-06,4.19488529e-07,1.01876831e+06
2.257832,1.62891786e+00,1.46581679e-06,4.29001332e-07,4.54446621e+06
2.258926,1.62323533e+00,1.51032822e-06,4.38481719e-07,1.56517444e+06
2.260020,1.61733553e+00,1.55470174e-06,4.47928620e-07,4.11814501e+06
2.261113,1.61121579e+00,1.60310804e-06,4.57318998e-07,3.53560926e+06
2.262207,1.60487077e+00,1.65186600e-06,4.66588442e-07,1.08141098e+06
2.263301,1.59829645e+00,1.70125615e-06,4.75718539e-07,9.38385729e+05
2.264395,1.59148952e+00,1.74949630e-06,4.84674195e-07,5.54420883e+05
2.265489,1.58444583e+00,1.80130862e-06,4.93418255e-07,1.21875806e+06
2.266583,1.57716031e+00,1.85566947e-06,5.01908413e-07,4.46769545e+06
2.267677,1.56962902e+00,1.90771928e-06,5.10103976e-07,1.00657484e+06
2.268771,1.56184493e+00,1.97351704e-06,5.17914480e-07,3.52430604e+06
2.269865,1.55379900e+00,2.03530821e-06,5.25253907e-07,1.92770727e+06
2.270959,1.54548306e+00,2.09536414e-06,5.32103052e-07,4.70966901e+06
2.272053,1.53688990e+00,2.15046489e-06,5.38433646e-07,1.69346759e+06
2.273147,1.52801425e+00,2.21033841e-06,5.44238089e-07,3.85608653e+06
2.274240,1.51884789e+00,2.27520479e-06,5.49411081e-07,2.05220491e+06
2.275334,1.50937865e+00,2.35059893e-06,5.53782304e-07,2.91661088e+06
2.276428,1.49959482e+00,2.40941425e-06,5.57324514e-07,1.39797626e+06
2.277522,1.48948597e+00,2.47750051e-06,5.60039295e-07,6.13694508e+06
2.278616,1.47904173e+00,2.54001875e-06,5.61870805e-07,1.31061227e+06
2.279710,1.46825119e+00,2.59727137e-06,5.62733519e-07,2.37160139e+06
2.280804,1.45710416e+00,2.65923678e-06,5.62632204e-07,1.03253697e+06
2.281898,1.44558829e+00,2.72158291e-06,5.61431909e-07,9.60898146e+05
2.282992,1.43369142e+00,2.78246840e-06,5.59106628e-07,3.42261175e+06
2.284086,1.42139954e+00,2.84375864e-06,5.55542473e-07,2.05591477e+06
2.285180,1.40870064e+00,2.89539531e-06,5.50762332e-07,2.99968154e+06
2.286273,1.39558584e+00,2.93908808e-06,5.44793180e-07,3.21401398e+06
2.287367,1.38204217e+00,3.01521010e-06,5.37542039e-07,3.54442186e+06
2.288461,1.36805112e+00,3.08279839e-06,5.28862892e-07,5.95129331e+06
2.289555,1.35359251e+00,3.17349907e-06,5.18710758e-07,2.33806748e+06
2.290649,1.33864009e+00,3.20866339e-06,5.06858343e-07,7.24099383e+06
2.291743,1.32318819e+00,3.24976438e-06,4.94088920e-07,5.58764609e+06
2.292837,1.30722017e+00,3.28147381e-06,4.80036695e-07,1.89925911e+06
2.293931,1.29072124e+00,3.32401641e-06,4.65067334e-07,2.15216709e+06
2.295025,1.27368527e+00,3.31064884e-06,4.49526398e-07,2.95442444e+06
2.296119,1.25611709e+00,3.30213391e-06,4.33937728e-07,4.56810703e+06
2.297213,1.23801941e+00,3.27165796e-06,4.18567513e-07,5.90042513e+06
2.298306,1.21941111e+00,3.19344403e-06,4.04087387e-07,2.22844607e+06
2.299400,1.20031756e+00,3.14981270e-06,3.90954195e-07,2.32293928e+06
2.300494,1.18076707e+00,2.97178749e-06,3.79540740e-07,2.43574766e+06
2.301588,1.16080963e+00,2.92235162e-06,3.70357415e-07,2.90478520e+06
2.302682,1.14047914e+00,2.78179821e-06,3.63510408e-07,9.02607525e+06
2.303776,1.11982398e+00,2.68934027e-06,3.59201948e-07,3.47151458e+06
2.304870,1.09888745e+00,2.50833603e-06,3.57590342e-07,4.24332964e+06
2.305964,1.07773037e+00,2.41726507e-06,3.58293159e-07,6.75582761e+06
2.307058,1.05641337e+00,2.16159965e-06,3.61279993e-07,5.07630365e+06
2.308152,1.03504130e+00,1.94389316e-06,3.64881705e-07,7.58647982e+06
2.309246,1.01370926e+00,1.73812880e-06,3.68743067e-07,2.36158335e+06
2.310339,9.92500303e-01,1.55082040e-06,3.72525144e-07,4.06175044e+06
2.311433,9.71497665e-01,1.36993413e-06,3.75627641e-07,4.37636788e+06
2.312527,9.50783923e-01,1.19267586e-06,3.77683853e-07,2.73938431e+06
2.313621,9.30435709e-01,1.04481346e-06,3.78472333e-07,3.85675694e+06
2.314715,9.10522292e-01,9.35963493e-07,3.77838265e-07,5.91662893e+06
2.315809,8.91103444e-01,8.20129213e-07,3.76077699e-07,4.14487688e+06
2.316903,8.72237933e-01,7.35093481e-07,3.72884130e-07,6.30779310e+06
2.317997,8.53975421e-01,6.53193205e-07,3.68629282e-07,2.14508947e+06
2.319091,8.36362346e-01,6.08936411e-07,3.63049265e-07,3.56730994e+06
2.320185,8.19430669e-01,5.63878876e-07,3.56972514e-07,3.66851664e+06
2.321279,8.03214654e-01,5.32008225e-07,3.50104196e-07,4.40384145e+06
2.322372,7.87740056e-01,5.13815394e-07,3.42917127e-07,7.49890484e+06
2.323466,7.73030216e-01,4.97404223e-07,3.35334857e-07,2.63166431e+06
2.324560,7.59102511e-01,4.92033946e-07,3.27722382e-07,1.16640740e+07
2.325654,7.45969355e-01,4.89962593e-07,3.20355285e-07,2.54918552e+06
2.326748,7.33640609e-01,4.80544127e-07,3.13237184e-07,5.55561073e+06
2.327842,7.22118527e-01,4.92632319e-07,3.06968402e-07,5.37667602e+06
2.328936,7.11407398e-01,4.99592200e-07,3.01262848e-07,9.28877442e+05
2.330030,7.01503844e-01,5.04845375e-07,2.96597675e-07,5.30979309e+06
2.331124,6.92401815e-01,5.25363712e-07,2.93037495e-07,6.92683109e+06
2.332218,6.84091783e-01,5.33528417e-07,2.90680699e-07,9.57093849e+06
2.333312,6.76561817e-01,5.44688020e-07,2.89493023e-07,1.76058220e+06
2.334406,6.69796021e-01,5.69845205e-07,2.89626174e-07,2.12292978e+06
2.335499,6.63777307e-01,5.87240001e-07,2.90824773e-07,6.32801549e+06
2.336593,6.58485528e-01,6.12180269e-07,2.93009367e-07,6.58016052e+05
2.337687,6.53899266e-01,6.35249122e-07,2.95886881e-07,4.09262095e+06
2.338781,6.49993978e-01,6.57587146e-07,2.99225298e-07,6.51835021e+06
2.339875,6.46742863e-01,6.71674346e-07,3.02667769e-07,5.83849961e+06
2.340969,6.44116086e-01,6.95253551e-07,3.05942944e-07,1.37584973e+06
2.342063,6.42081992e-01,7.08287507e-07,3.08692136e-07,4.99866380e+06
2.343157,6.40606368e-01,7.21871038e-07,3.10730861e-07,2.89470320e+06
2.344251,6.39653385e-01,7.34288141e-07,3.12023869e-07,6.61693623e+06
2.345345,6.39185939e-01,7.41327139e-07,3.12767744e-07,3.37453934e+06
2.346439,6.39166242e-01,7.49694044e-07,3.13453209e-07,4.22893788e+06
2.347532,6.39557223e-01,7.59158384e-07,3.14789220e-07,1.97557154e+06
2.348626,6.40323359e-01,7.70114809e-07,3.17669997e-07,2.55489949e+06
2.349720,6.41431527e-01,7.87612299e-07,3.23035792e-07,4.39870086e+06
2.350814,6.42851681e-01,8.12935025e-07,3.31736820e-07,8.24027951e+05
2.351908,6.44556929e-01,8.47824581e-07,3.44450174e-07,1.62766974e+06
2.353002,6.46523528e-01,8.93609460e-07,3.61647111e-07,3.72095086e+06
2.354096,6.48730511e-01,9.51347706e-07,3.83603935e-07,6.59536776e+06
2.355190,6.51159377e-01,1.02186323e-06,4.10424840e-07,3.59918541e+06
2.356284,6.53793070e-01,1.10385003e-06,4.42041473e-07,2.70111493e+06
2.357378,6.56616363e-01,1.19827671e-06,4.78260819e-07,2.85310769e+06
2.358472,6.59615075e-01,1.30296469e-06,5.18750382e-07,1.43899062e+06
2.359565,6.62778687e-01,1.35350879e-06,5.63089850e-07,1.12645174e+06
2.360659,6.66100086e-01,1.54608474e-06,6.11206878e-07,2.30306015e+06
2.361753,6.69557238e-01,1.67883132e-06,6.61805443e-07,5.30932665e+06
2.362847,6.73137344e-01,1.82030416e-06,7.14748701e-07,4.93772795e+06
2.363941,6.76827488e-01,1.96890314e-06,7.69528717e-07,1.08749158e+07
2.365035,6.80614491e-01,2.12333180e-06,8.25628096e-07,2.83582801e+06
2.366129,6.84484063e-01,2.28105015e-06,8.82513907e-07,6.21882750e+06
2.367223,6.88422079e-01,2.43802229e-06,9.39727867e-07,2.09933738e+06
2.368317,6.92415308e-01,2.59842166e-06,9.96849928e-07,1.32254123e+07
2.369411,6.96448451e-01,2.76710579e-06,1.05332111e-06,6.84296820e+06
2.370505,7.00506514e-01,2.93168813e-06,1.10870703e-06,4.80311231e+06
2.371598,7.04573743e-01,3.08956437e-06,1.16243617e-06,3.32503595e+06
2.372692,7.08633843e-01,3.24876062e-06,1.21406828e-06,3.48962929e+06
2.373786,7.12669603e-01,3.41017729e-06,1.26310180e-06,1.40832220e+06
2.374880,7.16662558e-01,3.56322405e-06,1.30896222e-06,3.14425267e+06
2.375974,7.20594563e-01,3.70539911e-06,1.35120254e-06,6.51051800e+06
2.377068,7.24448424e-01,3.85192601e-06,1.38950155e-06,1.17490207e+07
2.378162,7.28203999e-01,3.96799686e-06,1.42307588e-06,4.22547163e+06
2.379256,7.31848400e-01,4.07845837e-06,1.45218885e-06,7.66224768e+06
2.380350,7.35364954e-01,4.18336858e-06,1.47605110e-06,3.74165725e+06
2.381444,7.38738049e-01,4.26952120e-06,1.49449804e-06,9.63413821e+06
2.382538,7.41954398e-01,4.33949890e-06,1.50732407e-06,5.43788887e+06
2.383632,7.45003562e-01,4.38250568e-06,1.51445922e-06,8.00836954e+06
2.384725,7.47878623e-01,4.42182799e-06,1.51601745e-06,4.40004200e+06
2.385819,7.50569078e-01,4.43218019e-06,1.51140679e-06,1.05717019e+07
2.386913,7.53073113e-01,4.41457946e-06,1.50135106e-06,6.17708791e+06
2.388007,7.55390875e-01,4.36323792e-06,1.48569732e-06,5.53351700e+06
2.389101,7.57524726e-01,4.34009732e-06,1.46497092e-06,7.53344688e+06
2.390195,7.59477545e-01,4.21758278e-06,1.43880398e-06,9.28559650e+06
2.391289,7.61256778e-01,4.16243820e-06,1.40807632e-06,6.60069831e+06
2.392383,7.62869851e-01,4.00663626e-06,1.37268397e-06,3.65182380e+06
2.393477,7.64332954e-01,3.88815021e-06,1.33362095e-06,9.10748840e+06
2.394571,7.65648464e-01,3.82343020e-06,1.29029245e-06,5.49838198e+06
2.395665,7.66821571e-01,3.62361202e-06,1.24270679e-06,9.70668691e+06
2.396758,7.67874809e-01,3.46097771e-06,1.19282097e-06,8.94932611e+06
2.397852,7.68815841e-01,3.32213350e-06,1.13977459e-06,4.93950701e+06
2.398946,7.69649396e-01,3.13242152e-06,1.08366689e-06,3.49310309e+06
2.400040,7.70387417e-01,2.94268805e-06,1.02552672e-06,1.01392016e+07
2.401134,7.71037862e-01,2.75064850e-06,9.65398829e-07,9.84024454e+06
2.402228,7.71608040e-01,2.57936365e-06,9.03848677e-07,1.49105337e+07
2.403322,7.72105278e-01,2.36445764e-06,8.41089385e-07,1.31638132e+07
2.404416,7.72537636e-01,2.19478306e-06,7.77803514e-07,1.06796304e+07
2.405510,7.72904877e-01,1.99192662e-06,7.13707072e-07,2.98445619e+06
2.406604,7.73207310e-01,1.82600729e-06,6.49522608e-07,8.96961187e+06
2.407698,7.73443065e-01,1.63288378e-06,5.85486704e-07,1.02828530e+07
2.408791,7.73609282e-01,1.46897435e-06,5.22064333e-07,1.09832619e+07
2.409885,7.73701643e-01,1.28718487e-06,4.59682469e-07,1.22011901e+07
2.410979,7.73720738e-01,1.12311551e-06,3.99189170e-07,5.92011315e+06
2.412073,7.73660773e-01,9.70910647e-07,3.40612527e-07,5.05466458e+06
2.413167,7.73515369e-01,8.19221693e-07,2.84530796e-07,9.97116492e+06
2.414261,7.73279386e-01,6.74685976e-07,2.31498664e-07,3.39045331e+06
2.415355,7.72945616e-01,5.39184401e-07,1.81870381e-07,4.35019570e+06
2.416449,7.72505658e-01,4.29076484e-07,1.36095233e-07,1.76620329e+06
2.417543,7.71949855e-01,3.19213049e-07,9.44411398e-08,5.63749289e+06
2.418637,7.71268869e-01,2.20133592e-07,5.72319790e-08,7.62090821e+05
2.419731,7.70453215e-01,1.29587581e-07,2.49122639e-08,1.12147609e+06
2.420824,7.69492684e-01,5.95084449e-08,8.61959182e-09,9.29375045e+06
2.421918,7.68375545e-01,2.18326809e-08,3.00110048e-08,2.33318713e+06
2.423012,7.67090720e-01,6.78438672e-08,5.02287312e-08,1.95219372e+06
2.424106,7.65627300e-01,1.14476216e-07,6.72511538e-08,5.33642951e+06
2.425200,7.63974772e-01,1.52538473e-07,8.13898834e-08,7.05960833e+06
2.426294,7.62123382e-01,1.86819243e-07,9.31188062e-08,4.42369845e+06
2.427388,7.60064778e-01,2.14903380e-07,1.02924964e-07,1.57941168e+06
2.428482,7.57792028e-01,2.39934384e-07,1.11322094e-07,4.42553670e+06
2.429576,7.55299948e-01,2.61995373e-07,1.18798508e-07,1.24671312e+07
2.430670,7.52585342e-01,2.84347660e-07,1.25809193e-07,5.24927723e+05
2.431764,7.49647296e-01,3.04193086e-07,1.32745143e-07,2.20504913e+06
2.432857,7.46487122e-01,3.25158045e-07,1.39971645e-07,6.93034753e+05
2.433951,7.43108416e-01,3.45919410e-07,1.47787283e-07,6.07474553e+06
2.435045,7.39516981e-01,3.70235334e-07,1.56446684e-07,8.50671961e+06
2.436139,7.35720685e-01,3.95981731e-07,1.66160803e-07,3.10853943e+06
2.437233,7.31729360e-01,4.25219043e-07,1.77103475e-07,4.79436164e+06
2.438327,7.27554564e-01,4.57520332e-07,1.89412829e-07,2.76809774e+06
2.439421,7.23209426e-01,4.92934020e-07,2.03189967e-07,1.25439160e+07
2.440515,7.18708487e-01,5.33013629e-07,2.18487124e-07,7.00367260e+06
2.441609,7.14067308e-01,5.75332318e-07,2.35293247e-07,2.10205437e+06
2.442703,7.09302796e-01,6.21709075e-07,2.53558332e-07,5.84129473e+06
2.443797,7.04432474e-01,6.71664074e-07,2.73163318e-07,1.97045622e+06
2.444891,6.99474812e-01,7.23417371e-07,2.93955666e-07,4.53398094e+06
2.445984,6.94449088e-01,7.76998206e-07,3.15753846e-07,1.34399233e+07
2.447078,6.89375513e-01,8.36187888e-07,3.38387997e-07,2.56863445e+06
2.448172,6.84273081e-01,8.93520272e-07,3.61590847e-07,5.33855313e+06
2.449266,6.79161777e-01,9.56598074e-07,3.85217347e-07,6.56178010e+06
2.450360,6.74061176e-01,1.01313025e-06,4.09039692e-07,5.71747970e+06
2.451454,6.68991676e-01,1.07941258e-06,4.32945497e-07,7.09729160e+06
2.452548,6.63970908e-01,1.14223309e-06,4.56655118e-07,4.89432358e+06
2.453642,6.59017624e-01,1.20732127e-06,4.80097324e-07,6.95707100e+06
2.454736,6.54149662e-01,1.27079906e-06,5.03089311e-07,6.17626430e+06
2.455830,6.49383991e-01,1.33198295e-06,5.25482417e-07,6.23731947e+06
2.456924,6.44736572e-01,1.39376871e-06,5.47141762e-07,3.99411186e+06
2.458017,6.40222092e-01,1.45090239e-06,5.67907439e-07,4.98838760e+06
2.459111,6.35854869e-01,1.50382982e-06,5.87679509e-07,1.20029030e+07
2.460205,6.31646644e-01,1.57044877e-06,6.06298558e-07,9.62773698e+06
2.461299,6.27609276e-01,1.60706145e-06,6.23641824e-07,3.02182289e+06
2.462393,6.23753955e-01,1.67056062e-06,6.39677236e-07,5.63262422e+06
2.463487,6.20087225e-01,1.71743924e-06,6.54102403e-07,6.19982110e+05
2.464581,6.16615266e-01,1.76603570e-06,6.66845267e-07,3.94083572e+06
2.465675,6.13344525e-01,1.79323166e-06,6.77877267e-07,7.44625829e+06
2.466769,6.10279974e-01,1.82953366e-06,6.87104352e-07,7.61031101e+06
2.467863,6.07424183e-01,1.86490258e-06,6.94451217e-07,5.14159646e+06
2.468957,6.04779735e-01,1.88462851e-06,6.99852239e-07,2.37139801e+06
2.470050,6.02350339e-01,1.88740742e-06,7.03367755e-07,5.29328130e+06
2.471144,6.00137667e-01,1.91364083e-06,7.05021163e-07,1.20347602e+07
2.472238,5.98135927e-01,1.91768964e-06,7.04297079e-07,7.09649809e+06
2.473332,5.96346413e-01,1.89717238e-06,7.01754846e-07,4.18222678e+06
2.474426,5.94773489e-01,1.89589299e-06,6.97684523e-07,5.45626703e+06
2.475520,5.93415437e-01,1.86714069e-06,6.91639320e-07,1.07102481e+07
2.476614,5.92274113e-01,1.84890905e-06,6.84119063e-07,1.53500366e+06
2.477708,5.91343583e-01,1.84021626e-06,6.74648635e-07,4.92328646e+06
2.478802,5.90616918e-01,1.79701618e-06,6.63268221e-07,3.55222274e+06
2.479896,5.90095278e-01,1.75062330e-06,6.50662336e-07,6.37896306e+06
2.480990,5.89774023e-01,1.71843079e-06,6.36514815e-07,1.14721939e+07
2.482083,5.89646695e-01,1.65918278e-06,6.20862512e-07,4.96167353e+06
2.483177,5.89710761e-01,1.62972706e-06,6.04208684e-07,9.18936628e+06
2.484271,5.89960062e-01,1.55919871e-06,5.86231496e-07,7.90380759e+06
2.485365,5.90389519e-01,1.51995669e-06,5.67294680e-07,5.70824486e+06
2.486459,5.90992485e-01,1.44874436e-06,5.47361786e-07,7.07666348e+06
2.487553,5.91765078e-01,1.38373121e-06,5.26723271e-07,4.85578271e+06
2.488647,5.92700617e-01,1.33433075e-06,5.05418687e-07,1.18433929e+06
2.489741,5.93790654e-01,1.28103268e-06,4.83434797e-07,3.56356385e+06
2.490835,5.95028414e-01,1.20875432e-06,4.60930005e-07,7.61191425e+06
2.491929,5.96409043e-01,1.15003601e-06,4.38195455e-07,2.56267714e+06
2.493023,5.97924067e-01,1.08721513e-06,4.15084859e-07,4.84345994e+06
2.494116,5.99564656e-01,1.02965718e-06,3.91738058e-07,4.09590810e+06
2.495210,6.01323543e-01,9.56509004e-07,3.68314303e-07,8.78092603e+06
2.496304,6.03194679e-01,8.88892234e-07,3.44971819e-07,5.78071503e+06
2.497398,6.05172039e-01,8.33662853e-07,3.21865142e-07,4.82010711e+06
2.498492,6.07246660e-01,7.77585782e-07,2.98853055e-07,2.92685228e+06
2.499586,6.09409845e-01,7.35387611e-07,2.76116182e-07,5.31241978e+06
2.500680,6.11652736e-01,6.57891320e-07,2.53610884e-07,8.59309204e+06
2.501774,6.13971526e-01,6.23394899e-07,2.31807264e-07,5.26180409e+06
2.502868,6.16356715e-01,5.43544248e-07,2.10310773e-07,6.13279556e+06
2.503962,6.18804113e-01,4.92080216e-07,1.89590005e-07,6.55677847e+06
2.505056,6.21307379e-01,4.46138876e-07,1.69596529e-07,3.05003283e+06
2.506150,6.23859002e-01,3.96184705e-07,1.50302066e-07,1.95635241e+06
2.507243,6.26452252e-01,3.50144973e-07,1.31862354e-07,6.89952490e+06
2.508337,6.29080551e-01,3.02592132e-07,1.14364487e-07,4.15456762e+06
2.509431,6.31738466e-01,2.62747660e-07,9.80024448e-08,4.56379445e+05
2.510525,6.34419469e-01,2.24708980e-07,8.28865817e-08,2.72481101e+06
2.511619,6.37117468e-01,1.89036210e-07,6.93164789e-08,1.60789211e+06
2.512713,6.39826443e-01,1.57832048e-07,5.77170086e-08,2.56973248e+06
2.513807,6.42540163e-01,1.31077187e-07,4.87397374e-08,3.55125698e+06
2.514901,6.45252693e-01,1.11412615e-07,4.32295836e-08,3.72893639e+06
2.515995,6.47958297e-01,1.02737589e-07,4.17756841e-08,4.56291605e+06
2.517089,6.50650601e-01,1.02219559e-07,4.40984281e-08,4.31782692e+06
2.518183,6.53323399e-01,1.09395283e-07,4.91363041e-08,4.10482469e+06
2.519276,6.55970760e-01,1.21725208e-07,5.57455136e-08,1.91290876e+06
2.520370,6.58586805e-01,1.37758451e-07,6.31227043e-08,4.74726920e+05
2.521464,6.61165942e-01,1.55822765e-07,7.07947751e-08,5.75398251e+06
2.522558,6.63702798e-01,1.74071015e-07,7.85009207e-08,1.91046416e+06
2.523652,6.66191902e-01,1.90752608e-07,8.61240986e-08,1.79300030e+06
2.524746,6.68627845e-01,2.08955642e-07,9.36126694e-08,1.92627394e+06
2.525840,6.71005516e-01,2.29237044e-07,1.00944204e-07,2.89309997e+06
2.526934,6.73320379e-01,2.46571627e-07,1.08114386e-07,1.20480474e+06
2.528028,6.75567930e-01,2.64219214e-07,1.15157015e-07,1.76609309e+06
2.529122,6.77743973e-01,2.81018210e-07,1.22091388e-07,5.76309859e+06
2.530216,6.79844673e-01,2.98807041e-07,1.28943843e-07,2.12898869e+06
2.531309,6.81866334e-01,3.15768098e-07,1.35738510e-07,2.73187336e+06
2.532403,6.83805659e-01,3.32764143e-07,1.42496801e-07,4.00764945e+06
2.533497,6.85659894e-01,3.49905084e-07,1.49230575e-07,6.18943787e+06
2.534591,6.87426468e-01,3.67116320e-07,1.55958352e-07,9.01221738e+05
2.535685,6.89103141e-01,3.84275593e-07,1.62678188e-07,4.07804240e+06
2.536779,6.90688153e-01,4.01029496e-07,1.69395655e-07,1.19775936e+06
2.537873,6.92179885e-01,4.18284198e-07,1.76114473e-07,3.83755742e+06
2.538967,6.93577210e-01,4.35413257e-07,1.82827264e-07,7.16622319e+05
2.540061,6.94879211e-01,4.52447671e-07,1.89530644e-07,2.25902410e+06
2.541155,6.96085291e-01,4.69712693e-07,1.96216446e-07,3.79225433e+06
2.542249,6.97195040e-01,4.87310370e-07,2.02872018e-07,2.78965497e+06
2.543342,6.98208103e-01,5.04648606e-07,2.09483783e-07,5.49020392e+06
2.544436,6.99124637e-01,5.23136647e-07,2.16041920e-07,3.91569712e+06
2.545530,6.99944764e-01,5.40967953e-07,2.22529100e-07,6.43901909e+05
2.546624,7.00668818e-01,5.57439881e-07,2.28937352e-07,3.66305483e+06
2.547718,7.01297400e-01,5.75786621e-07,2.35258923e-07,6.51875445e+06
2.548812,7.01830963e-01,5.94991755e-07,2.41473053e-07,1.42547646e+06
2.549906,7.02269778e-01,6.14016911e-07,2.47554572e-07,3.32546059e+06
2.551000,7.02614288e-01,6.31753140e-07,2.53492244e-07,5.97700985e+06
2.552094,7.02865374e-01,6.50002477e-07,2.59290943e-07,2.46452476e+06
2.553188,7.03024129e-01,6.66095486e-07,2.64933731e-07,4.73772333e+06
2.554282,7.03091794e-01,6.83853586e-07,2.70422821e-07,1.50738580e+06
2.555375,7.03069331e-01,7.01272770e-07,2.75729519e-07,2.80272941e+06
2.556469,7.02957779e-01,7.16827286e-07,2.80855539e-07,2.70033085e+06
2.557563,7.02758620e-01,7.36371944e-07,2.85800797e-07,2.44800105e+06
2.558657,7.02471882e-01,7.55633572e-07,2.90502269e-07,3.33195120e+06
2.559751,7.02098334e-01,7.70848853e-07,2.94987767e-07,2.65065925e+06
2.560845,7.01639557e-01,7.85123622e-07,2.99264266e-07,1.53256369e+06
2.561939,7.01097231e-01,7.99591495e-07,3.03328877e-07,5.19913656e+06
2.563033,7.00472807e-01,8.14627100e-07,3.07175788e-07,2.06417953e+06
2.564127,6.99767179e-01,8.32762737e-07,3.10772962e-07,1.62515664e+06
2.565221,6.98980194e-01,8.50930418e-07,3.14084780e-07,3.14606845e+06
2.566315,6.98112385e-01,8.64241486e-07,3.17128758e-07,2.14995923e+06
2.567409,6.97165117e-01,8.76306255e-07,3.19924799e-07,3.32059336e+06
2.568502,6.96139869e-01,8.89375930e-07,3.22469817e-07,3.09747390e+06
2.569596,6.95037720e-01,8.99960330e-07,3.24754480e-07,4.71551933e+06
2.570690,6.93859524e-01,9.24322128e-07,3.26780652e-07,3.06377854e+06
2.571784,6.92602742e-01,9.36490518e-07,3.28396529e-07,2.50727533e+06
2.572878,6.91267675e-01,9.49704267e-07,3.29729690e-07,2.66758211e+06
2.573972,6.89854445e-01,9.62285104e-07,3.30749666e-07,1.22455393e+06
2.575066,6.88362829e-01,9.74963452e-07,3.31446971e-07,4.22102222e+06
2.576160,6.86791988e-01,9.90571659e-07,3.31809351e-07,4.06432976e+06
2.577254,6.85141526e-01,9.98219521e-07,3.31833872e-07,2.74273978e+06
2.578348,6.83410806e-01,1.01170145e-06,3.31512193e-07,1.03961974e+06
2.579442,6.81598823e-01,1.02204565e-06,3.30849266e-07,1.10532816e+06
2.580535,6.79704855e-01,1.03335185e-06,3.29843429e-07,3.28385329e+05
2.581629,6.77728034e-01,1.03822376e-06,3.28484076e-07,3.53694624e+06
2.582723,6.75668809e-01,1.04469016e-06,3.26829346e-07,1.47690382e+06
2.583817,6.73526472e-01,1.05166322e-06,3.24825583e-07,2.57633445e+06
2.584911,6.71301500e-01,1.05264196e-06,3.22523705e-07,2.76189522e+06
2.586005,6.68992992e-01,1.06765811e-06,3.19889375e-07,3.55317319e+06
2.587099,6.66598415e-01,1.07198146e-06,3.16860541e-07,1.23792689e+06
2.588193,6.64117267e-01,1.07582662e-06,3.13500799e-07,3.66988429e+06
2.589287,6.61549523e-01,1.07983346e-06,3.09844909e-07,1.74525078e+06
2.590381,6.58892523e-01,1.09134715e-06,3.05793829e-07,9.77957114e+05
2.591475,6.56143656e-01,1.08808385e-06,3.01356947e-07,2.62809697e+06
2.592568,6.53303367e-01,1.09298659e-06,2.96664661e-07,4.60181711e+06
2.593662,6.50369379e-01,1.09856287e-06,2.91599502e-07,2.84959739e+06
2.594756,6.47338480e-01,1.09214019e-06,2.86120270e-07,2.60333896e+06
2.595850,6.44211193e-01,1.08619714e-06,2.80409524e-07,1.58371759e+06
2.596944,6.40989450e-01,1.07783603e-06,2.74495907e-07,2.65289833e+06
2.598038,6.37673422e-01,1.07718795e-06,2.68328912e-07,2.86566690e+06
2.599132,6.34264093e-01,1.05531412e-06,2.61927047e-07,3.36329425e+06
2.600226,6.30764494e-01,1.04862374e-06,2.55394624e-07,2.88706607e+06
2.601320,6.27172507e-01,1.05984330e-06,2.48581901e-07,2.15763641e+06
2.602414,6.23487988e-01,1.04178363e-06,2.41539984e-07,8.62482432e+05
2.603508,6.19713650e-01,1.02016702e-06,2.34337182e-07,3.71036311e+06
2.604601,6.15851493e-01,1.01341951e-06,2.27034513e-07,3.82901959e+06
2.605695,6.11903210e-01,9.90150069e-07,2.19588669e-07,1.13588539e+06
2.606789,6.07877035e-01,9.62222470e-07,2.12251472e-07,3.28017583e+06
2.607883,6.03779556e-01,9.49963348e-07,2.04958240e-07,2.41824690e+06
2.608977,5.99611261e-01,9.24790610e-07,1.97487337e-07,1.77753392e+06
2.610071,5.95380066e-01,8.85726720e-07,1.90162496e-07,2.42492995e+06
2.611165,5.91094606e-01,8.71703009e-07,1.82998454e-07,2.68815849e+06
2.612259,5.86757927e-01,8.47784729e-07,1.75798135e-07,3.20503445e+06
2.613353,5.82374182e-01,8.13637015e-07,1.68616610e-07,2.09695226e+06
2.614447,5.77954376e-01,7.78272315e-07,1.61726872e-07,3.76791144e+06
2.615541,5.73506012e-01,7.50963844e-07,1.54959045e-07,3.63611496e+06
2.616634,5.69038455e-01,7.23817569e-07,1.48448926e-07,7.57709506e+05
2.617728,5.64557377e-01,6.89145949e-07,1.42004714e-07,1.30189778e+06
2.618822,5.60070101e-01,6.58226576e-07,1.35767044e-07,2.26967867e+06
2.619916,5.55585410e-01,6.21261812e-07,1.29753659e-07,2.24598487e+06
2.621010,5.51112850e-01,5.94170820e-07,1.24003035e-07,2.71189762e+06
2.622104,5.46657267e-01,5.67021450e-07,1.18367057e-07,9.40700578e+05
2.623198,5.42224548e-01,5.44933740e-07,1.12928594e-07,1.24766766e+06
2.624292,5.37820622e-01,5.11783268e-07,1.07654232e-07,3.44433207e+06
2.625386,5.33450930e-01,4.93532432e-07,1.02566915e-07,2.48966147e+06
2.626480,5.29122244e-01,4.55257496e-07,9.76901052e-08,5.59185676e+06
2.627574,5.24842496e-01,4.30898346e-07,9.30523250e-08,7.70778314e+05
2.628668,5.20614747e-01,4.17925042e-07,8.85635594e-08,3.75607839e+06
2.629761,5.16440436e-01,3.96972924e-07,8.41934529e-08,1.45867263e+06
2.630855,5.12325565e-01,3.62969063e-07,8.00426826e-08,1.61641736e+06
2.631949,5.08276023e-01,3.44323426e-07,7.61106491e-08,1.82976050e+06
2.633043,5.04294787e-01,3.18548761e-07,7.23440597e-08,2.22838254e+06
2.634137,5.00386488e-01,2.99222485e-07,6.87892821e-08,9.71626560e+05
2.635231,4.96553207e-01,2.84975293e-07,6.54026306e-08,9.98813864e+05
2.636325,4.92795724e-01,2.64839843e-07,6.21747306e-08,2.60207500e+06
2.637419,4.89115862e-01,2.48239872e-07,5.91383803e-08,3.37087067e+06
2.638513,4.85514674e-01,2.31224771e-07,5.62921709e-08,4.53165058e+06
2.639607,4.81993354e-01,2.14756317e-07,5.36495694e-08,2.71145914e+06
2.640701,4.78554312e-01,1.98035075e-07,5.12268554e-08,2.04576591e+06
2.641794,4.75198195e-01,1.87787370e-07,4.90174342e-08,7.04519924e+05
2.642888,4.71923736e-01,1.79585616e-07,4.70308697e-08,2.54986642e+06
2.643982,4.68729685e-01,1.59516953e-07,4.52857234e-08,1.88164143e+06
2.645076,4.65617167e-01,1.52462096e-07,4.37881947e-08,2.13935683e+06
2.646170,4.62584965e-01,1.42130356e-07,4.25504254e-08,3.29352353e+06
2.647264,4.59631881e-01,1.30278833e-07,4.15814350e-08,4.76647281e+06
2.648358,4.56757924e-01,1.22156922e-07,4.08613744e-08,1.62068626e+06
2.649452,4.53961328e-01,1.14036509e-07,4.04128695e-08,2.78557335e+06
2.650546,4.51240087e-01,1.08369137e-07,4.02265327e-08,1.34489243e+06
2.651640,4.48592725e-01,1.01392331e-07,4.02855680e-08,1.33120260e+06
2.652734,4.46017939e-01,9.61507477e-08,4.05708440e-08,5.90999818e+06
2.653827,4.43513577e-01,9.27272749e-08,4.10724247e-08,2.44123537e+06
2.654921,4.41078291e-01,8.96958391e-08,4.17430771e-08,2.69089147e+06
2.656015,4.38710477e-01,8.81973814e-08,4.25769872e-08,1.25116395e+06
2.657109,4.36408202e-01,8.75827408e-08,4.35409337e-08,4.26531246e+06
2.658203,4.34168735e-01,8.81541664e-08,4.46410274e-08,1.65649029e+06
2.659297,4.31990337e-01,9.03823494e-08,4.58214450e-08,1.61326512e+06
2.660391,4.29871116e-01,9.31056002e-08,4.70706312e-08,1.05967799e+06
2.661485,4.27808835e-01,9.61152334e-08,4.83718824e-08,1.49976072e+06
2.662579,4.25800930e-01,9.85567224e-08,4.97185936e-08,2.73494935e+06
2.663673,4.23844986e-01,1.02857127e-07,5.10923137e-08,3.16337781e+06
2.664767,4.21938736e-01,1.07957975e-07,5.24785774e-08,4.11517811e+06
2.665860,4.20079390e-01,1.12282749e-07,5.38782841e-08,3.33222446e+06
2.666954,4.18264336e-01,1.15117686e-07,5.52652780e-08,3.60650285e+06
2.668048,4.16490567e-01,1.18948074e-07,5.66614058e-08,2.48774449e+06
2.669142,4.14755628e-01,1.24204479e-07,5.80349825e-08,4.44832898e+06
2.670236,4.13057091e-01,1.29407373e-07,5.93838049e-08,2.78208919e+06
2.671330,4.11392305e-01,1.34451170e-07,6.07089068e-08,2.23708528e+05
2.672424,4.09758632e-01,1.39291262e-07,6.20107591e-08,3.00982095e+06
2.673518,4.08153406e-01,1.43492766e-07,6.32897658e-08,5.66139923e+05
2.674612,4.06574070e-01,1.47638753e-07,6.45427828e-08,8.93559295e+05
2.675706,4.05018099e-01,1.52464269e-07,6.57756240e-08,1.82380193e+05
2.676800,4.03483109e-01,1.56623191e-07,6.69871288e-08,1.50751972e+06
2.677893,4.01966763e-01,1.61651679e-07,6.81836599e-08,4.18985997e+06
2.678987,4.00466629e-01,1.64464067e-07,6.93726902e-08,2.23787076e+06
2.680081,3.98980354e-01,1.70107854e-07,7.05602051e-08,2.90746197e+06
2.681175,3.97505752e-01,1.74251159e-07,7.17463014e-08,1.08141449e+06
2.682269,3.96040710e-01,1.78281591e-07,7.29396207e-08,1.98576911e+06
2.683363,3.94583206e-01,1.81947487e-07,7.41497825e-08,8.73799032e+05
2.684457,3.93131181e-01,1.87618822e-07,7.53839071e-08,6.75390856e+05
2.685551,3.91682804e-01,1.91822263e-07,7.66437670e-08,1.06413754e+06
2.686645,3.90236182e-01,1.96374152e-07,7.79399325e-08,2.91749828e+06
2.687739,3.88789795e-01,2.01321183e-07,7.92769987e-08,2.04007543e+06
2.688833,3.87342122e-01,2.05499762e-07,8.06619916e-08,3.77493073e+06
2.689927,3.85891698e-01,2.10188954e-07,8.21010614e-08,1.52253304e+06
2.691020,3.84437423e-01,2.15318722e-07,8.35944395e-08,1.90945433e+06
2.692114,3.82978367e-01,2.20102966e-07,8.51459362e-08,1.25577101e+06
2.693208,3.81513544e-01,2.25466421e-07,8.67591815e-08,1.54302634e+06
2.694302,3.80042043e-01,2.31147955e-07,8.84315082e-08,3.05201678e+06
2.695396,3.78562923e-01,2.36685009e-07,9.01617382e-08,1.47856743e+06
2.696490,3.77075645e-01,2.42336265e-07,9.19505423e-08,1.27989014e+06
2.697584,3.75579834e-01,2.48173691e-07,9.37960849e-08,4.04168571e+06
2.698678,3.74074899e-01,2.54600231e-07,9.56953079e-08,1.60716511e+06
2.699772,3.72560473e-01,2.61067398e-07,9.76401854e-08,3.98937593e+06
2.700866,3.71036203e-01,2.67348519e-07,9.96299228e-08,2.85966195e+06
2.701960,3.69501967e-01,2.75980663e-07,1.01657606e-07,1.67754420e+06
2.703053,3.67957385e-01,2.82551071e-07,1.03711294e-07,3.82448788e+06
2.704147,3.66402363e-01,2.89784264e-07,1.05795210e-07,5.64857377e+05
2.705241,3.64836937e-01,2.96835704e-07,1.07900413e-07,4.24312730e+06
2.706335,3.63261122e-01,3.03908088e-07,1.10023477e-07,6.01624051e+05
2.707429,3.61675249e-01,3.11160246e-07,1.12159731e-07,2.91400783e+06
2.708523,3.60079586e-01,3.18624706e-07,1.14303031e-07,9.55636756e+05
2.709617,3.58474492e-01,3.25914216e-07,1.16446441e-07,1.37426783e+06
2.710711,3.56860300e-01,3.33221412e-07,1.18584655e-07,1.10297081e+06
2.711805,3.55237462e-01,3.40900803e-07,1.20712528e-07,4.41734783e+05
2.712899,3.53606371e-01,3.48478410e-07,1.22823338e-07,3.69855687e+06
2.713993,3.51967452e-01,3.56005807e-07,1.24909921e-07,1.52651727e+06
2.715086,3.50321098e-01,3.65636652e-07,1.26963478e-07,1.98271415e+06
2.716180,3.48667227e-01,3.74034465e-07,1.28969091e-07,2.70480685e+06
2.717274,3.47006094e-01,3.82745509e-07,1.30929410e-07,8.52096943e+05
2.718368,3.45337804e-01,3.90371150e-07,1.32833871e-07,7.60078369e+05
2.719462,3.43662813e-01,3.98996571e-07,1.34684532e-07,6.04661294e+05
2.720556,3.41981255e-01,4.05883433e-07,1.36464998e-07,1.80075092e+06
2.721650,3.40293633e-01,4.15088428e-07,1.38182261e-07,1.90208184e+06
2.722744,3.38600025e-01,4.21297329e-07,1.39815511e-07,1.18167802e+06
2.723838,3.36900808e-01,4.32482330e-07,1.41371130e-07,9.96026938e+05
2.724932,3.35195583e-01,4.39571406e-07,1.42821513e-07,4.40456809e+06
2.726026,3.33484259e-01,4.49996795e-07,1.44171112e-07,3.70325908e+06
2.727119,3.31765722e-01,4.61863237e-07,1.45386879e-07,4.50918204e+06
2.728213,3.30038448e-01,4.73785676e-07,1.46453879e-07,7.94159673e+05
2.729307,3.28301132e-01,4.82927739e-07,1.47365129e-07,6.66751934e+06
2.730401,3.26552662e-01,4.92519944e-07,1.48126376e-07,2.29735698e+06
2.731495,3.24792333e-01,5.00753521e-07,1.48738026e-07,2.99389666e+06
2.732589,3.23019358e-01,5.11861719e-07,1.49192415e-07,4.13662979e+05
2.733683,3.21232145e-01,5.21098605e-07,1.49460678e-07,3.54236190e+06
2.734777,3.19429316e-01,5.28145322e-07,1.49546446e-07,4.83048045e+06
2.735871,3.17610303e-01,5.33551351e-07,1.49463057e-07,5.57476051e+05
2.736965,3.15775173e-01,5.37581044e-07,1.49219067e-07,5.68574388e+05
2.738059,3.13923701e-01,5.44353414e-07,1.48808438e-07,6.86192101e+06
2.739152,3.12054054e-01,5.54466085e-07,1.48185345e-07,1.17885347e+06
2.740246,3.10165160e-01,5.55357666e-07,1.47353265e-07,3.14713070e+05
2.741340,3.08256675e-01,5.66153245e-07,1.46346619e-07,2.55146982e+06
2.742434,3.06327272e-01,5.63715143e-07,1.45110478e-07,3.94294540e+06
2.743528,3.04378363e-01,5.68828103e-07,1.43744387e-07,3.40747434e+06
2.744622,3.02408585e-01,5.70079359e-07,1.42141992e-07,4.72908786e+06
2.745716,3.00417415e-01,5.76069425e-07,1.40353493e-07,1.12277050e+06
2.746810,2.98405054e-01,5.65828747e-07,1.38360183e-07,5.88238927e+06
2.747904,2.96373305e-01,5.76060537e-07,1.36254099e-07,7.25291141e+05
2.748998,2.94320939e-01,5.70368789e-07,1.33900959e-07,5.12882084e+06
2.750092,2.92250430e-01,5.69944760e-07,1.31444091e-07,2.73303032e+06
2.751186,2.90161958e-01,5.67178739e-07,1.28782533e-07,1.92063939e+06
2.752279,2.88055831e-01,5.60146705e-07,1.25938820e-07,2.02069133e+06
2.753373,2.85934518e-01,5.51122680e-07,1.22985696e-07,2.73289008e+06
2.754467,2.83802443e-01,5.40209645e-07,1.19977235e-07,4.79415707e+06
2.755561,2.81662781e-01,5.30513008e-07,1.16863729e-07,4.00917997e+06
2.756655,2.79519249e-01,5.11437204e-07,1.13673028e-07,4.21182230e+06
2.757749,2.77375239e-01,5.15139486e-07,1.10433085e-07,3.84464961e+06
2.758843,2.75232703e-01,4.88195220e-07,1.07047415e-07,2.30273412e+06
2.759937,2.73099786e-01,4.70682010e-07,1.03753166e-07,1.57905204e+06
2.761031,2.70982367e-01,4.59418119e-07,1.00473340e-07,6.41920247e+06
2.762125,2.68883395e-01,4.38785799e-07,9.71015684e-08,7.60869213e+06
2.763219,2.66810038e-01,4.19543708e-07,9.38265593e-08,2.36227721e+06
2.764312,2.64766455e-01,4.17016482e-07,9.05412261e-08,2.44599511e+06
2.765406,2.62754553e-01,3.98610655e-07,8.71757741e-08,3.97887277e+06
2.766500,2.60778596e-01,3.79090457e-07,8.38158131e-08,2.66490109e+06
2.767594,2.58843530e-01,3.66988931e-07,8.05183051e-08,2.04517616e+06
2.768688,2.56953711e-01,3.45442274e-07,7.72400854e-08,2.33609607e+06
2.769782,2.55114662e-01,3.24258407e-07,7.40422461e-08,1.76628497e+06
2.770876,2.53330231e-01,3.10240342e-07,7.08915465e-08,4.91634330e+06
2.771970,2.51602219e-01,2.99113912e-07,6.77396284e-08,3.27676985e+06
2.773064,2.49933203e-01,2.81242094e-07,6.46183743e-08,6.30124985e+06
2.774158,2.48325386e-01,2.70036153e-07,6.15241578e-08,5.83532838e+06
2.775252,2.46780428e-01,2.50027739e-07,5.84449540e-08,4.46753434e+06
2.776345,2.45300850e-01,2.38381005e-07,5.54378190e-08,3.94379028e+06
2.777439,2.43888682e-01,2.18674546e-07,5.24796179e-08,1.33312401e+06
2.778533,2.42545492e-01,2.08275446e-07,4.95748256e-08,2.46815679e+06
2.779627,2.41271070e-01,1.96892363e-07,4.66716675e-08,5.03940407e+06
2.780721,2.40065309e-01,1.85034983e-07,4.37798715e-08,3.07154935e+06
2.781815,2.38927160e-01,1.71402540e-07,4.08609900e-08,7.18849278e+06
2.782909,2.37856095e-01,1.59060401e-07,3.79643559e-08,1.56003893e+06
2.784003,2.36850977e-01,1.50260102e-07,3.50677867e-08,1.78385214e+06
2.785097,2.35910111e-01,1.36935621e-07,3.21522866e-08,6.11659574e+06
2.786191,2.35032657e-01,1.23504820e-07,2.92711397e-08,4.74572913e+06
2.787285,2.34216848e-01,1.15499421e-07,2.64064003e-08,2.82032626e+06
2.788378,2.33459782e-01,1.02720916e-07,2.35348918e-08,1.18602743e+06
2.789472,2.32759369e-01,9.06985342e-08,2.07342411e-08,4.99457284e+06
2.790566,2.32113328e-01,7.95918090e-08,1.80472336e-08,3.98165975e+06
2.791660,2.31518678e-01,7.13110964e-08,1.55392568e-08,5.30296737e+06
2.792754,2.30972039e-01,5.89330283e-08,1.33400709e-08,6.78671982e+06
2.793848,2.30470860e-01,5.14549686e-08,1.16832418e-08,2.55771128e+06
2.794942,2.30011552e-01,4.17825752e-08,1.08075146e-08,2.02591386e+06
2.796036,2.29590710e-01,3.31206574e-08,1.09119211e-08,7.61064504e+06
2.797130,2.29205078e-01,2.80904084e-08,1.19345504e-08,2.17938662e+06
2.798224,2.28850731e-01,2.54602378e-08,1.36477862e-08,6.04604304e+06
2.799318,2.28523895e-01,2.60399637e-08,1.57665652e-08,3.58365212e+06
2.800411,2.28220437e-01,2.96369418e-08,1.81104983e-08,9.36983498e+06
2.801505,2.27936387e-01,3.70631476e-08,2.05295018e-08,8.55667970e+06
2.802599,2.27668149e-01,4.27673810e-08,2.29028925e-08,4.70725632e+06
2.803693,2.27411498e-01,5.00923755e-08,2.52159710e-08,3.87909847e+06
2.804787,2.27162386e-01,5.67541181e-08,2.74058073e-08,2.67807926e+06
2.805881,2.26916636e-01,6.28255932e-08,2.94576856e-08,2.95246918e+06
2.806975,2.26670058e-01,6.93065761e-08,3.13618316e-08,3.35225892e+06
2.808069,2.26418538e-01,7.46254360e-08,3.31204179e-08,3.26838963e+06
2.809163,2.26158030e-01,7.93783803e-08,3.47491932e-08,8.86160229e+06
2.810257,2.25884564e-01,8.57664430e-08,3.62806569e-08,5.80198401e+06
2.811351,2.25594388e-01,9.06538689e-08,3.77445675e-08,2.31042184e+06
2.812445,2.25283881e-01,9.47739480e-08,3.91981427e-08,3.36516186e+06
2.813538,2.24949636e-01,9.97923087e-08,4.07044704e-08,8.74257672e+06
2.814632,2.24588507e-01,1.05105979e-07,4.23213621e-08,4.60459634e+06
2.815726,2.24197563e-01,1.11209728e-07,4.41085468e-08,3.93379121e+06
2.816820,2.23774190e-01,1.17100899e-07,4.61172371e-08,3.03069243e+06
2.817914,2.23316137e-01,1.23805504e-07,4.83876364e-08,2.64958586e+06
2.819008,2.22821482e-01,1.31144245e-07,5.09452289e-08,5.12285681e+06
2.820102,2.22288560e-01,1.39864297e-07,5.38045819e-08,8.02947632e+05
2.821196,2.21715888e-01,1.48991241e-07,5.69622590e-08,2.93201797e+06
2.822290,2.21102365e-01,1.58753195e-07,6.04151666e-08,6.87712758e+06
2.823384,2.20447307e-01,1.69017612e-07,6.41516632e-08,7.31917116e+06
2.824478,2.19750251e-01,1.80150872e-07,6.81546358e-08,4.20638825e+06
2.825571,2.19010958e-01,1.92064433e-07,7.24024868e-08,3.06530525e+06
2.826665,2.18229479e-01,2.04491252e-07,7.68726928e-08,1.51199948e+06
2.827759,2.17406169e-01,2.17530757e-07,8.15415457e-08,2.40989539e+06
2.828853,2.16541637e-01,2.31211932e-07,8.63845543e-08,4.02096426e+05
2.829947,2.15636743e-01,2.45354096e-07,9.13763019e-08,3.05323352e+06
2.831041,2.14692564e-01,2.60214042e-07,9.64922942e-08,4.69445799e+06
2.832135,2.13710391e-01,2.75211379e-07,1.01705381e-07,4.28909223e+06
2.833229,2.12691677e-01,2.90796217e-07,1.06992712e-07,3.92760209e+06
2.834323,2.11638075e-01,3.06843945e-07,1.12328771e-07,2.55638975e+06
2.835417,2.10551390e-01,3.22644210e-07,1.17685069e-07,2.61522513e+06
2.836511,2.09433583e-01,3.39142890e-07,1.23039769e-07,2.62186388e+06
2.837604,2.08286727e-01,3.56177459e-07,1.28367129e-07,2.81321812e+06
2.838698,2.07112933e-01,3.72648392e-07,1.33633385e-07,1.13583687e+07
2.839792,2.05914833e-01,3.89979366e-07,1.38826373e-07,4.09015438e+06
2.840886,2.04694503e-01,4.07590189e-07,1.43903683e-07,4.52007660e+06
2.841980,2.03454023e-01,4.25096843e-07,1.48834835e-07,2.44088890e+06
2.843074,2.02195636e-01,4.42967729e-07,1.53593494e-07,4.32721004e+06
2.844168,2.00921352e-01,4.61806998e-07,1.58141958e-07,4.25027974e+06
2.845262,1.99632983e-01,4.78975775e-07,1.62433478e-07,1.37751876e+07
2.846356,1.98332986e-01,4.98323720e-07,1.66471964e-07,5.49510568e+06
2.847450,1.97022132e-01,5.17250401e-07,1.70150481e-07,1.12158810e+07
2.848544,1.95701222e-01,5.35640506e-07,1.73447958e-07,4.99171765e+06
2.849637,1.94371867e-01,5.53016276e-07,1.76356619e-07,4.50723248e+06
2.850731,1.93035174e-01,5.69098604e-07,1.78815382e-07,5.01847956e+06
2.851825,1.91692680e-01,5.81983201e-07,1.80813824e-07,1.05118676e+07
2.852919,1.90346852e-01,5.98084862e-07,1.82372667e-07,4.83269555e+06
2.854013,1.88998202e-01,6.10945538e-07,1.83352910e-07,1.04072434e+07
2.855107,1.87647985e-01,6.24000292e-07,1.83791734e-07,2.37742905e+06
2.856201,1.86296259e-01,6.34882660e-07,1.83582171e-07,3.25836767e+06
2.857295,1.84943554e-01,6.44718606e-07,1.82744986e-07,6.50337897e+06
2.858389,1.83590702e-01,6.54997034e-07,1.81268209e-07,4.93395887e+06
2.859483,1.82238509e-01,6.55318711e-07,1.79103309e-07,6.40820180e+06
2.860577,1.80890504e-01,6.62744439e-07,1.76432129e-07,2.35228645e+06
2.861670,1.79548478e-01,6.53582000e-07,1.73065804e-07,4.69722026e+06
2.862764,1.78217449e-01,6.56087570e-07,1.69284829e-07,6.89736511e+06
2.863858,1.76899973e-01,6.35881352e-07,1.64834734e-07,4.26489728e+06
2.864952,1.75603968e-01,6.22240002e-07,1.60154863e-07,8.74638457e+06
2.866046,1.74337736e-01,6.07925268e-07,1.55252548e-07,7.42934018e+06
2.867140,1.73107102e-01,5.84278764e-07,1.49967108e-07,6.62893892e+05
2.868234,1.71920015e-01,5.56985415e-07,1.44556698e-07,3.84893899e+06
2.869328,1.70785327e-01,5.26766163e-07,1.39108561e-07,1.05662877e+07
2.870422,1.69712162e-01,4.99279357e-07,1.33744357e-07,9.62963609e+06
2.871516,1.68709896e-01,4.74910681e-07,1.28589221e-07,8.06844819e+06
2.872610,1.67784411e-01,4.41081833e-07,1.23406368e-07,9.70452055e+06
2.873704,1.66942985e-01,4.20160605e-07,1.18544495e-07,7.56100333e+06
2.874797,1.66189497e-01,3.91818029e-07,1.13725921e-07,1.55117670e+07
2.875891,1.65528292e-01,3.76306687e-07,1.09181394e-07,1.09190301e+07
2.876985,1.64960749e-01,3.51373419e-07,1.04641525e-07,7.18264525e+06
2.878079,1.64487913e-01,3.29089658e-07,1.00169894e-07,1.17226241e+07
2.879173,1.64109890e-01,3.05924006e-07,9.57166692e-08,8.38476778e+06
2.880267,1.63824613e-01,2.88180348e-07,9.11015594e-08,9.14673545e+06
2.881361,1.63629325e-01,2.71619767e-07,8.63061723e-08,4.77336007e+06
2.882455,1.63520640e-01,2.46367185e-07,8.11966157e-08,2.87720553e+06
2.883549,1.63494989e-01,2.32998915e-07,7.58352619e-08,4.86466522e+06
2.884643,1.63547207e-01,2.04169074e-07,7.00276683e-08,5.19468291e+06
2.885737,1.63672672e-01,1.90703185e-07,6.39584563e-08,6.96276924e+06
2.886830,1.63864460e-01,1.69487343e-07,5.74359304e-08,4.85796777e+06
2.887924,1.64116182e-01,1.51215833e-07,5.06515953e-08,3.27551077e+06
2.889018,1.64421041e-01,1.28743221e-07,4.36616456e-08,4.42988961e+06
2.890112,1.64772334e-01,1.07930979e-07,3.66273261e-08,9.44655129e+06
2.891206,1.65162663e-01,8.78866453e-08,2.96206386e-08,3.52037887e+06
2.892300,1.65584609e-01,7.23853408e-08,2.28169107e-08,8.21742639e+06
2.893394,1.66030492e-01,5.37823819e-08,1.63142919e-08,7.29742531e+06
2.894488,1.66492710e-01,4.46386104e-08,1.29997830e-08,4.33459404e+06
2.895582,1.66963643e-01,2.23634840e-08,5.30419817e-09,6.84142457e+06
2.896676,1.67436212e-01,1.12466804e-08,3.72409892e-09,5.16784126e+06
2.897770,1.67903061e-01,1.03612155e-08,6.75556455e-09,5.53164157e+06
2.898863,1.68357129e-01,1.83999338e-08,1.03548804e-08,1.33784427e+07
2.899957,1.68791622e-01,2.72618630e-08,1.36518844e-08,1.02675042e+07
2.901051,1.69200068e-01,3.51854482e-08,1.66468629e-08,1.35644289e+06
2.902145,1.69576468e-01,4.28960031e-08,1.95124221e-08,6.94135609e+06
2.903239,1.69915336e-01,5.00642817e-08,2.25278984e-08,7.74074913e+06
2.904333,1.70211725e-01,5.89571583e-08,2.59948700e-08,6.69390571e+06
2.905427,1.70461257e-01,6.87718852e-08,3.01039301e-08,4.63566740e+06
2.906521,1.70660098e-01,8.02694794e-08,3.48986919e-08,3.41612314e+06
2.907615,1.70804951e-01,9.32069956e-08,4.02863629e-08,1.08678826e+07
2.908709,1.70893048e-01,1.07178293e-07,4.61256912e-08,5.86009604e+06
2.909803,1.70922053e-01,1.21584794e-07,5.22849374e-08,1.86516837e+06
2.910896,1.70890157e-01,1.36979706e-07,5.86553058e-08,4.13879210e+06
2.911990,1.70796090e-01,1.52336281e-07,6.51542243e-08,7.24716470e+05
2.913084,1.70638943e-01,1.67966544e-07,7.17204585e-08,2.19954061e+06
2.914178,1.70418330e-01,1.83641379e-07,7.83030084e-08,2.39636913e+06
2.915272,1.70134264e-01,1.99163244e-07,8.48535026e-08,4.32197521e+06
2.916366,1.69787142e-01,2.14736055e-07,9.13231948e-08,5.51166168e+06
2.917460,1.69377713e-01,2.30111503e-07,9.76645771e-08,5.01529142e+06
2.918554,1.68907176e-01,2.45550891e-07,1.03834751e-07,1.21594949e+06
2.919648,1.68377088e-01,2.59913318e-07,1.09797917e-07,3.60629385e+06
2.920742,1.67789273e-01,2.74319553e-07,1.15525369e-07,6.44784768e+06
2.921836,1.67145750e-01,2.89001348e-07,1.20988307e-07,6.39958647e+06
2.922929,1.66448608e-01,3.03237988e-07,1.26158958e-07,5.15476669e+06
2.924023,1.65700359e-01,3.15806251e-07,1.31024898e-07,2.21971801e+06
2.925117,1.64903801e-01,3.27660325e-07,1.35577700e-07,4.27317586e+06
2.926211,1.64061951e-01,3.39613674e-07,1.39806198e-07,4.79843526e+06
2.927305,1.63177816e-01,3.51134880e-07,1.43695280e-07,1.58888634e+06
2.928399,1.62254381e-01,3.61235351e-07,1.47229635e-07,4.96046449e+05
2.929493,1.61295067e-01,3.70671853e-07,1.50414130e-07,5.31662009e+06
2.930587,1.60303410e-01,3.79587537e-07,1.53242366e-07,5.14601160e+06
2.931681,1.59282911e-01,3.86882196e-07,1.55709938e-07,7.25048283e+06
2.932775,1.58236980e-01,3.93914346e-07,1.57820551e-07,4.10066846e+06
2.933869,1.57169163e-01,4.00500846e-07,1.59565127e-07,7.45443798e+06
2.934963,1.56082980e-01,4.05769868e-07,1.60948136e-07,1.11984273e+06
2.936056,1.54981899e-01,4.10308330e-07,1.61969485e-07,2.76522323e+06
2.937150,1.53869359e-01,4.14283250e-07,1.62633167e-07,4.41577986e+06
2.938244,1.52748602e-01,4.17586525e-07,1.62938771e-07,2.19783920e+06
2.939338,1.51622249e-01,4.22447630e-07,1.62881229e-07,7.14760526e+06
2.940432,1.50492800e-01,4.25400736e-07,1.62447917e-07,1.79293736e+06
2.941526,1.49362334e-01,4.27103155e-07,1.61657416e-07,3.50615032e+06
2.942620,1.48233075e-01,4.28753112e-07,1.60523430e-07,2.25091710e+06
2.943714,1.47106825e-01,4.29101750e-07,1.59039550e-07,2.99515095e+06
2.944808,1.45985590e-01,4.27930120e-07,1.57231976e-07,3.02737182e+06
2.945902,1.44871034e-01,4.28485982e-07,1.55110639e-07,2.39378948e+06
2.946996,1.43763766e-01,4.27758968e-07,1.52660626e-07,3.66546056e+06
2.948089,1.42664882e-01,4.25753546e-07,1.49921771e-07,2.67850524e+05
2.949183,1.41575195e-01,4.21421157e-07,1.46906701e-07,3.42322496e+06
2.950277,1.40496003e-01,4.16356041e-07,1.43656154e-07,5.41872424e+06
2.951371,1.39427995e-01,4.13070472e-07,1.40177226e-07,2.91981100e+06
2.952465,1.38371305e-01,4.08313463e-07,1.36472556e-07,1.16019885e+06
2.953559,1.37326191e-01,4.00850089e-07,1.32577806e-07,3.17651230e+06
2.954653,1.36293296e-01,3.94276627e-07,1.28528006e-07,6.22925400e+05
2.955747,1.35273020e-01,3.84254410e-07,1.24334975e-07,8.92738026e+05
2.956841,1.34266309e-01,3.74615531e-07,1.20041955e-07,2.26325363e+06
2.957935,1.33273413e-01,3.66753243e-07,1.15655750e-07,1.22938129e+06
2.959029,1.32294388e-01,3.56247844e-07,1.11193019e-07,2.37487403e+06
2.960122,1.31329641e-01,3.45347693e-07,1.06686532e-07,1.84187080e+06
2.961216,1.30379670e-01,3.34992991e-07,1.02155061e-07,1.05876976e+06
2.962310,1.29444631e-01,3.22852685e-07,9.76097785e-08,6.21528970e+06
2.963404,1.28525411e-01,3.11495765e-07,9.30933301e-08,1.50692591e+06
2.964498,1.27621573e-01,3.00108245e-07,8.85810227e-08,8.30855458e+05
2.965592,1.26733415e-01,2.84797972e-07,8.41075516e-08,2.49923184e+06
2.966686,1.25861644e-01,2.72963606e-07,7.96958552e-08,1.04964294e+06
2.967780,1.25006783e-01,2.58593779e-07,7.53518377e-08,3.17251212e+06
2.968874,1.24169406e-01,2.46020616e-07,7.10831216e-08,3.13055053e+06
2.969968,1.23349964e-01,2.32090009e-07,6.69022220e-08,1.71847206e+06
2.971062,1.22549243e-01,2.18304741e-07,6.28147030e-08,4.73425402e+06
2.972155,1.21767650e-01,2.06255359e-07,5.88219100e-08,5.29400515e+06
2.973249,1.21004732e-01,1.93883977e-07,5.49200878e-08,4.90177564e+06
2.974343,1.20260325e-01,1.82263525e-07,5.11202273e-08,4.76572501e+06
2.975437,1.19534274e-01,1.70793012e-07,4.74231792e-08,4.11825191e+06
2.976531,1.18826821e-01,1.60144709e-07,4.38431834e-08,3.03027966e+06
2.977625,1.18137465e-01,1.48348055e-07,4.03652651e-08,2.49106924e+06
2.978719,1.17465575e-01,1.39758235e-07,3.70016613e-08,3.16748764e+05
2.979813,1.16810351e-01,1.28708419e-07,3.37542563e-08,2.31120587e+06
2.980907,1.16171370e-01,1.19990206e-07,3.06366459e-08,7.78728772e+06
2.982001,1.15547718e-01,1.09610296e-07,2.76474464e-08,8.45411319e+06
2.983095,1.14939370e-01,1.02955613e-07,2.48077192e-08,2.45697748e+06
2.984188,1.14344678e-01,9.65028880e-08,2.21003036e-08,4.96543328e+06
2.985282,1.13762282e-01,9.10450469e-08,1.95428897e-08,4.12274404e+06
2.986376,1.13190922e-01,8.19179109e-08,1.71360142e-08,6.79474499e+06
2.987470,1.12629439e-01,7.77466483e-08,1.49343649e-08,2.48442098e+06
2.988564,1.12076506e-01,7.17783220e-08,1.29373686e-08,2.04950762e+06
2.989658,1.11531217e-01,6.72614110e-08,1.11878403e-08,1.60897427e+06
2.990752,1.10992360e-01,6.32338372e-08,9.72525462e-09,2.20573455e+06
2.991846,1.10458719e-01,5.89713690e-08,8.60250970e-09,8.44326827e+06
2.992940,1.09929160e-01,5.82840037e-08,7.87973103e-09,3.30397310e+05
2.994034,1.09401856e-01,5.67666413e-08,7.56341644e-09,9.65546499e+05
2.995128,1.08875378e-01,5.40263517e-08,7.63868774e-09,2.29798979e+06
2.996222,1.08348586e-01,5.44616647e-08,8.04045740e-09,7.06703156e+06
2.997315,1.07820007e-01,5.34580656e-08,8.65460369e-09,2.07124430e+06
2.998409,1.07288682e-01,5.32059204e-08,9.41188710e-09,7.41939425e+06
2.999503,1.06753383e-01,5.24715354e-08,1.02325833e-08,7.87491149e+06
3.000597,1.06213372e-01,5.23266303e-08,1.10922055e-08,4.56525253e+06
3.001691,1.05667498e-01,5.29121876e-08,1.19399769e-08,3.20552716e+06
3.002785,1.05114731e-01,5.35167991e-08,1.27673504e-08,5.11967217e+06
3.003879,1.04554077e-01,5.54881581e-08,1.35571252e-08,2.71883699e+06
3.004973,1.03984302e-01,5.49416116e-08,1.42939576e-08,2.05627075e+06
3.006067,1.03404546e-01,5.58106311e-08,1.49827123e-08,1.94483551e+06
3.007161,1.02813893e-01,5.73889703e-08,1.56161478e-08,2.24036616e+06
3.008255,1.02211577e-01,5.69330102e-08,1.61869646e-08,5.26717259e+06
3.009348,1.01596935e-01,5.80172916e-08,1.66988422e-08,3.29577994e+06
3.010442,1.00969344e-01,5.80096877e-08,1.71488238e-08,2.99245453e+06
3.011536,1.00328299e-01,5.85753793e-08,1.75350361e-08,3.86171463e+06
3.012630,9.96733519e-02,5.69922236e-08,1.78603701e-08,0.00000000e+00
