time_orbits,dist_km,u_p_norm,u_e_norm
0.000000,0.00000000e+00,0.00000000e+00,0.00000000e+00
0.002188,8.67073894e+02,1.14944839e-03,5.74724193e-04
0.004376,8.68738568e+02,1.12471291e-03,5.62356456e-04
0.006563,8.70892775e+02,1.10328439e-03,5.51642195e-04
0.008751,8.73430392e+02,1.08642317e-03,5.43211587e-04
0.010939,8.76264353e+02,1.07536876e-03,5.37684378e-04
0.013127,8.79324892e+02,1.07128317e-03,5.35641586e-04
0.015315,8.82557605e+02,1.07515085e-03,5.37575424e-04
0.017503,8.85921488e+02,1.08764085e-03,5.43820424e-04
0.019690,8.89387066e+02,1.10896633e-03,5.54483164e-04
0.021878,8.92934757e+02,1.13880005e-03,5.69400023e-04
0.024066,8.96553524e+02,1.17629628e-03,5.88148138e-04
0.026254,9.00239840e+02,1.22022141e-03,6.10110706e-04
0.028442,9.03996854e+02,1.26914159e-03,6.34570794e-04
0.030630,9.07833662e+02,1.32159892e-03,6.60799460e-04
0.032817,9.11764566e+02,1.37623280e-03,6.88116398e-04
0.035005,9.15808254e+02,1.43183917e-03,7.15919587e-04
0.037193,9.19986895e+02,1.48738362e-03,7.43691811e-04
0.039381,9.24325146e+02,1.54198882e-03,7.70994411e-04
0.041569,9.28849121e+02,1.59491264e-03,7.97456322e-04
0.043756,9.33585363e+02,1.64552612e-03,8.22763059e-04
0.045944,9.38559854e+02,1.69329534e-03,8.46647672e-04
0.048132,9.43797100e+02,1.73776830e-03,8.68884152e-04
0.050320,9.49319317e+02,1.77856592e-03,8.89282959e-04
0.052508,9.55145750e+02,1.81537624e-03,9.07688118e-04
0.054696,9.61292110e+02,1.84795058e-03,9.23975289e-04
0.056883,9.67770163e+02,1.87610070e-03,9.38050349e-04
0.059071,9.74587449e+02,1.89969623e-03,9.49848114e-04
0.061259,9.81747141e+02,1.91866195e-03,9.59330977e-04
0.063447,9.89248018e+02,1.93297468e-03,9.66487341e-04
0.065635,9.97084552e+02,1.94265954e-03,9.71329772e-04
0.067822,1.00524709e+03,1.94778578e-03,9.73892892e-04
0.070010,1.01372209e+03,1.94846208e-03,9.74231041e-04
0.072198,1.02249247e+03,1.94483153e-03,9.72415765e-04
0.074386,1.03153793e+03,1.93706645e-03,9.68533223e-04
0.076574,1.04083536e+03,1.92536311e-03,9.62681554e-04
0.078762,1.05035921e+03,1.90993663e-03,9.54968314e-04
0.080949,1.06008192e+03,1.89101603e-03,9.45508015e-04
0.083137,1.06997428e+03,1.86883967e-03,9.34419837e-04
0.085325,1.08000581e+03,1.84365109e-03,9.21825543e-04
0.087513,1.09014513e+03,1.81569525e-03,9.07847627e-04
0.089701,1.10036021e+03,1.78521541e-03,8.92607705e-04
0.091889,1.11061875e+03,1.75245033e-03,8.76225165e-04
0.094076,1.12088836e+03,1.71763210e-03,8.58816051e-04
0.096264,1.13113683e+03,1.68098437e-03,8.40492186e-04
0.098452,1.14133230e+03,1.64272101e-03,8.21360505e-04
0.100640,1.15144345e+03,1.60304518e-03,8.01522592e-04
0.102828,1.16143958e+03,1.56214875e-03,7.81074373e-04
0.105015,1.17129080e+03,1.52021194e-03,7.60105972e-04
0.107203,1.18096807e+03,1.47740336e-03,7.38701680e-04
0.109391,1.19044326e+03,1.43388007e-03,7.16940035e-04
0.111579,1.19968923e+03,1.38978797e-03,6.94893983e-04
0.113767,1.20867985e+03,1.34526220e-03,6.72631100e-04
0.115955,1.21739005e+03,1.30042773e-03,6.50213866e-04
0.118142,1.22579577e+03,1.25539995e-03,6.27699975e-04
0.120330,1.23387403e+03,1.21028531e-03,6.05142657e-04
0.122518,1.24160288e+03,1.16518205e-03,5.82591026e-04
0.124706,1.24896141e+03,1.12018083e-03,5.60090417e-04
0.126894,1.25592974e+03,1.07536546e-03,5.37682728e-04
0.129081,1.26248896e+03,1.03081350e-03,5.15406749e-04
0.131269,1.26862119e+03,9.86596952e-04,4.93298476e-04
0.133457,1.27430947e+03,9.42782814e-04,4.71391407e-04
0.135645,1.27953778e+03,8.99433639e-04,4.49716820e-04
0.137833,1.28429103e+03,8.56608048e-04,4.28304024e-04
0.140021,1.28855502e+03,8.14361188e-04,4.07180594e-04
0.142208,1.29231641e+03,7.72745150e-04,3.86372575e-04
0.144396,1.29556272e+03,7.31809332e-04,3.65904666e-04
0.146584,1.29828231e+03,6.91600770e-04,3.45800385e-04
0.148772,1.30046437e+03,6.52164423e-04,3.26082212e-04
0.150960,1.30209891e+03,6.13543426e-04,3.06771713e-04
0.153148,1.30317672e+03,5.75779332e-04,2.87889666e-04
0.155335,1.30368943e+03,5.38912350e-04,2.69456175e-04
0.157523,1.30362948e+03,5.02981606e-04,2.51490803e-04
0.159711,1.30299010e+03,4.68025483e-04,2.34012741e-04
0.161899,1.30176538e+03,4.34082077e-04,2.17041038e-04
0.164087,1.29995025e+03,4.01189880e-04,2.00594940e-04
0.166274,1.29754051e+03,3.69388818e-04,1.84694409e-04
0.168462,1.29453287e+03,3.38721833e-04,1.69360917e-04
0.170650,1.29092497e+03,3.09237340e-04,1.54618670e-04
0.172838,1.28671544e+03,2.80992969e-04,1.40496484e-04
0.175026,1.28190393e+03,2.54061288e-04,1.27030644e-04
0.177214,1.27649120e+03,2.28538459e-04,1.14269230e-04
0.179401,1.27047911e+03,2.04557140e-04,1.02278570e-04
0.181589,1.26387075e+03,1.82305230e-04,9.11526148e-05
0.183777,1.25667047e+03,1.62051545e-04,8.10257727e-05
0.185965,1.24888394e+03,1.44176552e-04,7.20882761e-05
0.188153,1.24051825e+03,1.29196823e-04,6.45984113e-05
0.190340,1.23158195e+03,1.17751421e-04,5.88757106e-05
0.192528,1.22208512e+03,1.10495474e-04,5.52477368e-05
0.194716,1.21203942e+03,1.07871862e-04,5.39359308e-05
0.196904,1.20145821e+03,1.09864026e-04,5.49320131e-05
0.199092,1.19035652e+03,1.15945157e-04,5.79725784e-05
0.201280,1.17875116e+03,1.25285526e-04,6.26427630e-05
0.203467,1.16666073e+03,1.37027671e-04,6.85138355e-05
0.205655,1.15410567e+03,1.50450576e-04,7.52252880e-05
0.207843,1.14110832e+03,1.65009135e-04,8.25045675e-05
0.210031,1.12769289e+03,1.80310759e-04,9.01553797e-05
0.212219,1.11388552e+03,1.96076973e-04,9.80384866e-05
0.214407,1.09971427e+03,2.12109746e-04,1.06054873e-04
0.216594,1.08520914e+03,2.28266836e-04,1.14133418e-04
0.218782,1.07040207e+03,2.44445022e-04,1.22222511e-04
0.220970,1.05532690e+03,2.60569042e-04,1.30284521e-04
0.223158,1.04001936e+03,2.76584393e-04,1.38292197e-04
0.225346,1.02451706e+03,2.92452642e-04,1.46226321e-04
0.227533,1.00885939e+03,3.08148348e-04,1.54074174e-04
0.229721,9.93087494e+02,3.23657040e-04,1.61828520e-04
0.231909,9.77244187e+02,3.38973833e-04,1.69486917e-04
0.234097,9.61373827e+02,3.54102473e-04,1.77051237e-04
0.236285,9.45522201e+02,3.69054594e-04,1.84527297e-04
0.238473,9.29736369e+02,3.83849078e-04,1.91924539e-04
0.240660,9.14064477e+02,3.98511380e-04,1.99255690e-04
0.242848,8.98555538e+02,4.13072720e-04,2.06536360e-04
0.245036,8.83259178e+02,4.27569018e-04,2.13784509e-04
0.247224,8.68225338e+02,4.42039463e-04,2.21019731e-04
0.249412,8.53503944e+02,4.56524613e-04,2.28262306e-04
0.251599,8.39144526e+02,4.71063933e-04,2.35531967e-04
0.253787,8.25195799e+02,4.85692712e-04,2.42846356e-04
0.255975,8.11705204e+02,5.00438353e-04,2.50219177e-04
0.258163,7.98718414e+02,5.15316113e-04,2.57658057e-04
0.260351,7.86278807e+02,5.30324434e-04,2.65162217e-04
0.262539,7.74426925e+02,5.45440128e-04,2.72720064e-04
0.264726,7.63199913e+02,5.60613760e-04,2.80306880e-04
0.266914,7.52630975e+02,5.75765643e-04,2.87882821e-04
0.269102,7.42748843e+02,5.90782911e-04,2.95391455e-04
0.271290,7.33577287e+02,6.05518100e-04,3.02759050e-04
0.273478,7.25134687e+02,6.19789609e-04,3.09894805e-04
0.275666,7.17433675e+02,6.33384290e-04,3.16692145e-04
0.277853,7.10480877e+02,6.46062216e-04,3.23031108e-04
0.280041,7.04276758e+02,6.57563531e-04,3.28781766e-04
0.282229,6.98815589e+02,6.67617029e-04,3.33808515e-04
0.284417,6.94085527e+02,6.75949996e-04,3.37974998e-04
0.286605,6.90068829e+02,6.82298703e-04,3.41149351e-04
0.288792,6.86742170e+02,6.86418867e-04,3.43209433e-04
0.290980,6.84077071e+02,6.88095449e-04,3.44047724e-04
0.293168,6.82040416e+02,6.87151180e-04,3.43575590e-04
0.295356,6.80595022e+02,6.83453368e-04,3.41726684e-04
0.297544,6.79700277e+02,6.76918677e-04,3.38459339e-04
0.299732,6.79312780e+02,6.67515760e-04,3.33757880e-04
0.301919,6.79386999e+02,6.55265762e-04,3.27632881e-04
0.304107,6.79875901e+02,6.40240893e-04,3.20120446e-04
0.306295,6.80731556e+02,6.22561346e-04,3.11280673e-04
0.308483,6.81905689e+02,6.02390943e-04,3.01195472e-04
0.310671,6.83350177e+02,5.79931887e-04,2.89965944e-04
0.312858,6.85017481e+02,5.55419040e-04,2.77709520e-04
0.315046,6.86861020e+02,5.29114095e-04,2.64557047e-04
0.317234,6.88835467e+02,5.01299989e-04,2.50649994e-04
0.319422,6.90896993e+02,4.72275832e-04,2.36137916e-04
0.321610,6.93003439e+02,4.42352609e-04,2.21176304e-04
0.323798,6.95114446e+02,4.11849837e-04,2.05924919e-04
0.325985,6.97191531e+02,3.81093389e-04,1.90546694e-04
0.328173,6.99198117e+02,3.50414619e-04,1.75207309e-04
0.330361,7.01099543e+02,3.20151041e-04,1.60075520e-04
0.332549,7.02863035e+02,2.90648775e-04,1.45324388e-04
0.334737,7.04457673e+02,2.62267058e-04,1.31133529e-04
0.336925,7.05854339e+02,2.35385000e-04,1.17692500e-04
0.339112,7.07025676e+02,2.10410284e-04,1.05205142e-04
0.341300,7.07946054e+02,1.87787938e-04,9.38939689e-05
0.343488,7.08591554e+02,1.68003673e-04,8.40018365e-05
0.345676,7.08939982e+02,1.51569620e-04,7.57848101e-05
0.347864,7.08970916e+02,1.38973318e-04,6.94866588e-05
0.350051,7.08665795e+02,1.30576055e-04,6.52880274e-05
0.352239,7.08008038e+02,1.26483400e-04,6.32417000e-05
0.354427,7.06983210e+02,1.26466467e-04,6.32332335e-05
0.356615,7.05579205e+02,1.30011188e-04,6.50055938e-05
0.358803,7.03786456e+02,1.36476306e-04,6.82381529e-05
0.360991,7.01598144e+02,1.45257484e-04,7.26287421e-05
0.363178,6.99010400e+02,1.55880582e-04,7.79402909e-05
0.365366,6.96022493e+02,1.68020263e-04,8.40101314e-05
0.367554,6.92636991e+02,1.81476784e-04,9.07383920e-05
0.369742,6.88859889e+02,1.96140849e-04,9.80704246e-05
0.371930,6.84700718e+02,2.11962148e-04,1.05981074e-04
0.374117,6.80172618e+02,2.28926561e-04,1.14463281e-04
0.376305,6.75292395e+02,2.47041802e-04,1.23520901e-04
0.378493,6.70080553e+02,2.66329436e-04,1.33164718e-04
0.380681,6.64561312e+02,2.86821098e-04,1.43410549e-04
0.382869,6.58762592e+02,3.08557141e-04,1.54278570e-04
0.385057,6.52715994e+02,3.31586513e-04,1.65793257e-04
0.387244,6.46456735e+02,3.55967099e-04,1.77983549e-04
0.389432,6.40023555e+02,3.81766017e-04,1.90883009e-04
0.391620,6.33458588e+02,4.09059525e-04,2.04529762e-04
0.393808,6.26807166e+02,4.37932203e-04,2.18966102e-04
0.395996,6.20117575e+02,4.68475135e-04,2.34237567e-04
0.398184,6.13440726e+02,5.00782749e-04,2.50391374e-04
0.400371,6.06829747e+02,5.34948040e-04,2.67474020e-04
0.402559,6.00339484e+02,5.71055904e-04,2.85527952e-04
0.404747,5.94025888e+02,6.09174395e-04,3.04587198e-04
0.406935,5.87945306e+02,6.49343893e-04,3.24671946e-04
0.409123,5.82153665e+02,6.91564293e-04,3.45782147e-04
0.411310,5.76705548e+02,7.35780657e-04,3.67890328e-04
0.413498,5.71653190e+02,7.81867973e-04,3.90933987e-04
0.415686,5.67045402e+02,8.29616029e-04,4.14808014e-04
0.417874,5.62926469e+02,8.78715609e-04,4.39357805e-04
0.420062,5.59335037e+02,9.28747431e-04,4.64373716e-04
0.422250,5.56303055e+02,9.79175238e-04,4.89587619e-04
0.424437,5.53854809e+02,1.02934436e-03,5.14672178e-04
0.426625,5.52006092e+02,1.07848666e-03,5.39243332e-04
0.428813,5.50763563e+02,1.12573246e-03,5.62866232e-04
0.431001,5.50124328e+02,1.17012914e-03,5.85064570e-04
0.433189,5.50075761e+02,1.21066584e-03,6.05332919e-04
0.435376,5.50595582e+02,1.24630293e-03,6.23151466e-04
0.437564,5.51652186e+02,1.27600458e-03,6.38002290e-04
0.439752,5.53205205e+02,1.29877254e-03,6.49386272e-04
0.441940,5.55206263e+02,1.31367958e-03,6.56839792e-04
0.444128,5.57599904e+02,1.31990092e-03,6.59950461e-04
0.446316,5.60324624e+02,1.31674283e-03,6.58371414e-04
0.448503,5.63313986e+02,1.30366787e-03,6.51833936e-04
0.450691,5.66497751e+02,1.28031687e-03,6.40158437e-04
0.452879,5.69803013e+02,1.24652812e-03,6.23264058e-04
0.455067,5.73155274e+02,1.20235469e-03,6.01177346e-04
0.457255,5.76479460e+02,1.14808117e-03,5.74040587e-04
0.459443,5.79700832e+02,1.08424090e-03,5.42120451e-04
0.461630,5.82745790e+02,1.01163520e-03,5.05817599e-04
0.463818,5.85542543e+02,9.31355447e-04,4.65677723e-04
0.466006,5.88021621e+02,8.44807791e-04,4.22403895e-04
0.468194,5.90116235e+02,7.53737376e-04,3.76868688e-04
0.470382,5.91762436e+02,6.60242965e-04,3.30121483e-04
0.472569,5.92899106e+02,5.66762218e-04,2.83381109e-04
0.474757,5.93467756e+02,4.75994374e-04,2.37997187e-04
0.476945,5.93412245e+02,3.90720633e-04,1.95360317e-04
0.479133,5.92678513e+02,3.13505553e-04,1.56752777e-04
0.481321,5.91214574e+02,2.46333227e-04,1.23166614e-04
0.483509,5.88970988e+02,1.90318189e-04,9.51590944e-05
0.485696,5.85901988e+02,1.45641631e-04,7.28208155e-05
0.487884,5.81967242e+02,1.11753471e-04,5.58767357e-05
0.490072,5.77134081e+02,8.77458207e-05,4.38729104e-05
0.492260,5.71379913e+02,7.27458753e-05,3.63729376e-05
0.494448,5.64694502e+02,6.61240777e-05,3.30620389e-05
0.496635,5.57081859e+02,6.72798522e-05,3.36399261e-05
0.498823,5.48561544e+02,7.52272152e-05,3.76136076e-05
0.501011,5.39169299e+02,8.86442439e-05,4.43221220e-05
0.503199,5.28957061e+02,1.06285829e-04,5.31429144e-05
0.505387,5.17992486e+02,1.27247272e-04,6.36236362e-05
0.507575,5.06358101e+02,1.51021905e-04,7.55109525e-05
0.509762,4.94150185e+02,1.77456635e-04,8.87283177e-05
0.511950,4.81477428e+02,2.06635056e-04,1.03317528e-04
0.514138,4.68459492e+02,2.38705572e-04,1.19352786e-04
0.516326,4.55225522e+02,2.73723282e-04,1.36861641e-04
0.518514,4.41912637e+02,3.11583582e-04,1.55791791e-04
0.520702,4.28664293e+02,3.52050761e-04,1.76025380e-04
0.522889,4.15628347e+02,3.94815447e-04,1.97407724e-04
0.525077,4.02954691e+02,4.39519740e-04,2.19759870e-04
0.527265,3.90792321e+02,4.85731927e-04,2.42865963e-04
0.529453,3.79285823e+02,5.32883688e-04,2.66441844e-04
0.531641,3.68571322e+02,5.80193198e-04,2.90096599e-04
0.533828,3.58772044e+02,6.26598762e-04,3.13299381e-04
0.536016,3.49993763e+02,6.70726399e-04,3.35363199e-04
0.538204,3.42320505e+02,7.10911412e-04,3.55455706e-04
0.540392,3.35810988e+02,7.45286112e-04,3.72643056e-04
0.542580,3.30496234e+02,7.71932443e-04,3.85966222e-04
0.544768,3.26378774e+02,7.89081154e-04,3.94540577e-04
0.546955,3.23433606e+02,7.95323537e-04,3.97661768e-04
0.549143,3.21610874e+02,7.89793940e-04,3.94896970e-04
0.551331,3.20839972e+02,7.72285524e-04,3.86142762e-04
0.553519,3.21034550e+02,7.43277398e-04,3.71638699e-04
0.555707,3.22097879e+02,7.03872885e-04,3.51936443e-04
0.557894,3.23928002e+02,6.55668241e-04,3.27834120e-04
0.560082,3.26422263e+02,6.00582799e-04,3.00291400e-04
0.562270,3.29480946e+02,5.40683056e-04,2.70341528e-04
0.564458,3.33009912e+02,4.78026807e-04,2.39013403e-04
0.566646,3.36922295e+02,4.14543140e-04,2.07271570e-04
0.568834,3.41139332e+02,3.51954081e-04,1.75977041e-04
0.571021,3.45590526e+02,2.91736935e-04,1.45868468e-04
0.573209,3.50213288e+02,2.35125525e-04,1.17562763e-04
0.575397,3.54952244e+02,1.83157813e-04,9.15789064e-05
0.577585,3.59758346e+02,1.36810711e-04,6.84053555e-05
0.579773,3.64587950e+02,9.73692774e-05,4.86846387e-05
0.581961,3.69401955e+02,6.74685259e-05,3.37342630e-05
0.584148,3.74165122e+02,5.28035390e-05,2.64017695e-05
0.586336,3.78845618e+02,5.70619673e-05,2.85309836e-05
0.588524,3.83414794e+02,7.24876271e-05,3.62438135e-05
0.590712,3.87847177e+02,9.11185438e-05,4.55592719e-05
0.592900,3.92120588e+02,1.10019404e-04,5.50097022e-05
0.595087,3.96216296e+02,1.28452731e-04,6.42263657e-05
0.597275,4.00119134e+02,1.46350447e-04,7.31752233e-05
0.599463,4.03817528e+02,1.63808758e-04,8.19043792e-05
0.601651,4.07303409e+02,1.80924138e-04,9.04620691e-05
0.603839,4.10572044e+02,1.97747752e-04,9.88738761e-05
0.606027,4.13621792e+02,2.14284173e-04,1.07142087e-04
0.608214,4.16453829e+02,2.30504957e-04,1.15252479e-04
0.610402,4.19071854e+02,2.46364321e-04,1.23182160e-04
0.612590,4.21481802e+02,2.61811793e-04,1.30905897e-04
0.614778,4.23691566e+02,2.76800517e-04,1.38400259e-04
0.616966,4.25710733e+02,2.91291652e-04,1.45645826e-04
0.619153,4.27550339e+02,3.05255922e-04,1.52627961e-04
0.621341,4.29222640e+02,3.18673401e-04,1.59336701e-04
0.623529,4.30740896e+02,3.31532353e-04,1.65766176e-04
0.625717,4.32119172e+02,3.43827708e-04,1.71913854e-04
0.627905,4.33372153e+02,3.55559508e-04,1.77779754e-04
0.630093,4.34514965e+02,3.66731484e-04,1.83365742e-04
0.632280,4.35563016e+02,3.77349851e-04,1.88674925e-04
0.634468,4.36531838e+02,3.87422326e-04,1.93711163e-04
0.636656,4.37436943e+02,3.96957362e-04,1.98478681e-04
0.638844,4.38293694e+02,4.05963573e-04,2.02981786e-04
0.641032,4.39117173e+02,4.14449307e-04,2.07224654e-04
0.643220,4.39922069e+02,4.22422370e-04,2.11211185e-04
0.645407,4.40722571e+02,4.29889838e-04,2.14944919e-04
0.647595,4.41532270e+02,4.36857977e-04,2.18428989e-04
0.649783,4.42364070e+02,4.43332218e-04,2.21666109e-04
0.651971,4.43230115e+02,4.49317195e-04,2.24658597e-04
0.654159,4.44141716e+02,4.54816821e-04,2.27408410e-04
0.656346,4.45109297e+02,4.59834405e-04,2.29917203e-04
0.658534,4.46142347e+02,4.64372783e-04,2.32186391e-04
0.660722,4.47249383e+02,4.68434468e-04,2.34217234e-04
0.662910,4.48437923e+02,4.72021810e-04,2.36010905e-04
0.665098,4.49714470e+02,4.75137155e-04,2.37568577e-04
0.667286,4.51084509e+02,4.77783000e-04,2.38891500e-04
0.669473,4.52552505e+02,4.79962147e-04,2.39981074e-04
0.671661,4.54121918e+02,4.81677833e-04,2.40838917e-04
0.673849,4.55795222e+02,4.82933855e-04,2.41466927e-04
0.676037,4.57573936e+02,4.83734672e-04,2.41867336e-04
0.678225,4.59458656e+02,4.84085488e-04,2.42042744e-04
0.680412,4.61449093e+02,4.83992315e-04,2.41996157e-04
0.682600,4.63544125e+02,4.83462014e-04,2.41731007e-04
0.684788,4.65741841e+02,4.82502318e-04,2.41251159e-04
0.686976,4.68039597e+02,4.81121825e-04,2.40560913e-04
0.689164,4.70434067e+02,4.79329989e-04,2.39664995e-04
0.691352,4.72921301e+02,4.77137077e-04,2.38568539e-04
0.693539,4.75496784e+02,4.74554122e-04,2.37277061e-04
0.695727,4.78155485e+02,4.71592862e-04,2.35796431e-04
0.697915,4.80891919e+02,4.68265663e-04,2.34132832e-04
0.700103,4.83700195e+02,4.64585444e-04,2.32292722e-04
0.702291,4.86574072e+02,4.60565587e-04,2.30282793e-04
0.704479,4.89507004e+02,4.56219854e-04,2.28109927e-04
0.706666,4.92492189e+02,4.51562294e-04,2.25781147e-04
0.708854,4.95522610e+02,4.46607163e-04,2.23303581e-04
0.711042,4.98591076e+02,4.41368830e-04,2.20684415e-04
0.713230,5.01690260e+02,4.35861708e-04,2.17930854e-04
0.715418,5.04812729e+02,4.30100173e-04,2.15050087e-04
0.717605,5.07950978e+02,4.24098500e-04,2.12049250e-04
0.719793,5.11097455e+02,4.17870798e-04,2.08935399e-04
0.721981,5.14244584e+02,4.11430964e-04,2.05715482e-04
0.724169,5.17384790e+02,4.04792629e-04,2.02396314e-04
0.726357,5.20510511e+02,3.97969125e-04,1.98984563e-04
0.728545,5.23614219e+02,3.90973455e-04,1.95486727e-04
0.730732,5.26688431e+02,3.83818262e-04,1.91909131e-04
0.732920,5.29725720e+02,3.76515819e-04,1.88257909e-04
0.735108,5.32718724e+02,3.69078015e-04,1.84539007e-04
0.737296,5.35660151e+02,3.61516350e-04,1.80758175e-04
0.739484,5.38542788e+02,3.53841933e-04,1.76920967e-04
0.741671,5.41359501e+02,3.46065492e-04,1.73032746e-04
0.743859,5.44103240e+02,3.38197373e-04,1.69098687e-04
0.746047,5.46767037e+02,3.30247561e-04,1.65123781e-04
0.748235,5.49344011e+02,3.22225690e-04,1.61112845e-04
0.750423,5.51827362e+02,3.14141060e-04,1.57070530e-04
0.752611,5.54210372e+02,3.06002653e-04,1.53001327e-04
0.754798,5.56486403e+02,2.97819158e-04,1.48909579e-04
0.756986,5.58648893e+02,2.89598986e-04,1.44799493e-04
0.759174,5.60691356e+02,2.81350287e-04,1.40675144e-04
0.761362,5.62607374e+02,2.73080975e-04,1.36540487e-04
0.763550,5.64390599e+02,2.64798736e-04,1.32399368e-04
0.765738,5.66034744e+02,2.56511050e-04,1.28255525e-04
0.767925,5.67533587e+02,2.48225197e-04,1.24112598e-04
0.770113,5.68880959e+02,2.39948264e-04,1.19974132e-04
0.772301,5.70070751e+02,2.31687154e-04,1.15843577e-04
0.774489,5.71096901e+02,2.23448580e-04,1.11724290e-04
0.776677,5.71953404e+02,2.15239059e-04,1.07619529e-04
0.778864,5.72634301e+02,2.07064904e-04,1.03532452e-04
0.781052,5.73133683e+02,1.98932205e-04,9.94661023e-05
0.783240,5.73445692e+02,1.90846808e-04,9.54234039e-05
0.785428,5.73564522e+02,1.82814295e-04,9.14071475e-05
0.787616,5.73484419e+02,1.74839957e-04,8.74199786e-05
0.789804,5.73199688e+02,1.66928776e-04,8.34643878e-05
0.791991,5.72704698e+02,1.59085409e-04,7.95427044e-05
0.794179,5.71993887e+02,1.51314201e-04,7.56571004e-05
0.796367,5.71061769e+02,1.43619215e-04,7.18096076e-05
0.798555,5.69902947e+02,1.36004320e-04,6.80021602e-05
0.800743,5.68512122e+02,1.28473345e-04,6.42366723e-05
0.802930,5.66884108e+02,1.21030342e-04,6.05151712e-05
0.805118,5.65013844e+02,1.13680021e-04,5.68400105e-05
0.807306,5.62896414e+02,1.06428403e-04,5.32142016e-05
0.809494,5.60527065e+02,9.92838371e-05,4.96419185e-05
0.811682,5.57901226e+02,9.22585141e-05,4.61292571e-05
0.813870,5.55014533e+02,8.53707368e-05,4.26853684e-05
0.816057,5.51862852e+02,7.86482870e-05,3.93241435e-05
0.818245,5.48442307e+02,7.21334002e-05,3.60667001e-05
0.820433,5.44749309e+02,6.58900125e-05,3.29450062e-05
0.822621,5.40780582e+02,6.00139761e-05,3.00069881e-05
0.824809,5.36533202e+02,5.46463828e-05,2.73231914e-05
0.826997,5.32004624e+02,4.99878235e-05,2.49939118e-05
0.829184,5.27192725e+02,4.63053575e-05,2.31526788e-05
0.831372,5.22095835e+02,4.39139082e-05,2.19569541e-05
0.833560,5.16712783e+02,4.31107072e-05,2.15553536e-05
0.835748,5.11042936e+02,4.40717507e-05,2.20358754e-05
0.837936,5.05086241e+02,4.67776053e-05,2.33888027e-05
0.840123,4.98843278e+02,5.10346718e-05,2.55173359e-05
0.842311,4.92315301e+02,5.65668094e-05,2.82834047e-05
0.844499,4.85504294e+02,6.30999408e-05,3.15499704e-05
0.846687,4.78413023e+02,7.04026669e-05,3.52013335e-05
0.848875,4.71045092e+02,7.82928582e-05,3.91464291e-05
0.851063,4.63404999e+02,8.66298594e-05,4.33149297e-05
0.853250,4.55498198e+02,9.53040243e-05,4.76520121e-05
0.855438,4.47331159e+02,1.04227878e-04,5.21139390e-05
0.857626,4.38911433e+02,1.13329669e-04,5.66648346e-05
0.859814,4.30247712e+02,1.22548913e-04,6.12744566e-05
0.862002,4.21349895e+02,1.31833328e-04,6.59166640e-05
0.864189,4.12229147e+02,1.41136656e-04,7.05683280e-05
0.866377,4.02897968e+02,1.50417012e-04,7.52085060e-05
0.868565,3.93370244e+02,1.59635520e-04,7.98177601e-05
0.870753,3.83661305e+02,1.68755102e-04,8.43775510e-05
0.872941,3.73787981e+02,1.77739336e-04,8.88696680e-05
0.875129,3.63768641e+02,1.86551357e-04,9.32756784e-05
0.877316,3.53623237e+02,1.95152788e-04,9.75763942e-05
0.879504,3.43373335e+02,2.03502717e-04,1.01751358e-04
0.881692,3.33042135e+02,2.11556714e-04,1.05778357e-04
0.883880,3.22654483e+02,2.19265928e-04,1.09632964e-04
0.886068,3.12236869e+02,2.26576253e-04,1.13288127e-04
0.888256,3.01817403e+02,2.33427595e-04,1.16713798e-04
0.890443,2.91425784e+02,2.39753241e-04,1.19876620e-04
0.892631,2.81093231e+02,2.45479366e-04,1.22739683e-04
0.894819,2.70852401e+02,2.50524711e-04,1.25262356e-04
0.897007,2.60737259e+02,2.54800475e-04,1.27400238e-04
0.899195,2.50782924e+02,2.58210504e-04,1.29105252e-04
0.901382,2.41025452e+02,2.60651872e-04,1.30325936e-04
0.903570,2.31501577e+02,2.62015990e-04,1.31007995e-04
0.905758,2.22248377e+02,2.62190393e-04,1.31095196e-04
0.907946,2.13302870e+02,2.61061390e-04,1.30530695e-04
0.910134,2.04701526e+02,2.58517766e-04,1.29258883e-04
0.912322,1.96479693e+02,2.54455689e-04,1.27227845e-04
0.914509,1.88670925e+02,2.48784946e-04,1.24392473e-04
0.916697,1.81306235e+02,2.41436468e-04,1.20718234e-04
0.918885,1.74413271e+02,2.32370996e-04,1.16185498e-04
0.921073,1.68015452e+02,2.21588484e-04,1.10794242e-04
0.923261,1.62131107e+02,2.09137680e-04,1.04568840e-04
0.925448,1.56772663e+02,1.95125158e-04,9.75625790e-05
0.927636,1.51945955e+02,1.79723105e-04,8.98615525e-05
0.929824,1.47649710e+02,1.63175327e-04,8.15876636e-05
0.932012,1.43875275e+02,1.45801286e-04,7.29006432e-05
0.934200,1.40606605e+02,1.27998287e-04,6.39991434e-05
0.936388,1.37820529e+02,1.10241950e-04,5.51209750e-05
0.938575,1.35487262e+02,9.30843404e-05,4.65421702e-05
0.940763,1.33571116e+02,7.71466769e-05,3.85733385e-05
0.942951,1.32031357e+02,6.30973460e-05,3.15486730e-05
0.945139,1.30823151e+02,5.15909123e-05,2.57954561e-05
0.947327,1.29898604e+02,4.31194293e-05,2.15597146e-05
0.949515,1.29207901e+02,3.77483220e-05,1.88741610e-05
0.951702,1.28700554e+02,3.49036623e-05,1.74518312e-05
0.953890,1.28326706e+02,3.35387366e-05,1.67693683e-05
0.956078,1.28038378e+02,3.25990479e-05,1.62995239e-05
0.958266,1.27790512e+02,3.13372668e-05,1.56686334e-05
0.960454,1.27541692e+02,2.93639078e-05,1.46819539e-05
0.962641,1.27254562e+02,2.66118397e-05,1.33059198e-05
0.964829,1.26895998e+02,2.33684552e-05,1.16842276e-05
0.967017,1.26437141e+02,2.04627997e-05,1.02313999e-05
0.969205,1.25853385e+02,1.94128399e-05,9.70641995e-06
0.971393,1.25124392e+02,2.14639746e-05,1.07319873e-05
0.973581,1.24234137e+02,2.60367645e-05,1.30183822e-05
0.975768,1.23170936e+02,3.16394981e-05,1.58197490e-05
0.977956,1.21927372e+02,3.72438468e-05,1.86219234e-05
0.980144,1.20500097e+02,4.23813507e-05,2.11906753e-05
0.982332,1.18889523e+02,4.68857260e-05,2.34428630e-05
0.984520,1.17099462e+02,5.07216942e-05,2.53608471e-05
0.986707,1.15136744e+02,5.39084606e-05,2.69542303e-05
0.988895,1.13010848e+02,5.64898927e-05,2.82449463e-05
0.991083,1.10733546e+02,5.85222522e-05,2.92611261e-05
0.993271,1.08318575e+02,6.00677093e-05,3.00338546e-05
0.995459,1.05781332e+02,6.11898996e-05,3.05949498e-05
0.997647,1.03138600e+02,6.19505752e-05,3.09752876e-05
0.999834,1.00408303e+02,6.24071773e-05,3.12035887e-05
1.002022,9.76092947e+01,6.26113212e-05,3.13056606e-05
1.004210,9.47611730e+01,6.26081752e-05,3.13040876e-05
1.006398,9.18841221e+01,6.24366856e-05,3.12183428e-05
1.008586,8.89987774e+01,6.21305648e-05,3.10652824e-05
1.010774,8.61261021e+01,6.17199006e-05,3.08599503e-05
1.012961,8.32872670e+01,6.12330664e-05,3.06165332e-05
1.015149,8.05035168e+01,6.06981908e-05,3.03490954e-05
1.017337,7.77960048e+01,6.01429028e-05,3.00714514e-05
1.019525,7.51855748e+01,5.95914372e-05,2.97957186e-05
1.021713,7.26924714e+01,5.90615437e-05,2.95307719e-05
1.023900,7.03359773e+01,5.85686009e-05,2.92843004e-05
1.026088,6.81339981e+01,5.81408393e-05,2.90704197e-05
1.028276,6.61026267e+01,5.78345511e-05,2.89172755e-05
1.030464,6.42557189e+01,5.77324087e-05,2.88662044e-05
1.032652,6.26044981e+01,5.79216622e-05,2.89608311e-05
1.034840,6.11572064e+01,5.84629800e-05,2.92314900e-05
1.037027,5.99188274e+01,5.93636746e-05,2.96818373e-05
1.039215,5.88909130e+01,6.05653528e-05,3.02826764e-05
1.041403,5.80715452e+01,6.19494929e-05,3.09747465e-05
1.043591,5.74554521e+01,6.33573514e-05,3.16786757e-05
1.045779,5.70342817e+01,6.46162297e-05,3.23081148e-05
1.047966,5.67970144e+01,6.55641792e-05,3.27820896e-05
1.050154,5.67304797e+01,6.60682081e-05,3.30341041e-05
1.052342,5.68199298e+01,6.60344335e-05,3.30172167e-05
1.054530,5.70496216e+01,6.54109418e-05,3.27054709e-05
1.056718,5.74033646e+01,6.41852075e-05,3.20926038e-05
1.058906,5.78650010e+01,6.23781445e-05,3.11890723e-05
1.061093,5.84188002e+01,6.00366226e-05,3.00183113e-05
1.063281,5.90497605e+01,5.72258411e-05,2.86129205e-05
1.065469,5.97438205e+01,5.40224796e-05,2.70112398e-05
1.067657,6.04879919e+01,5.05091322e-05,2.52545661e-05
1.069845,6.12704247e+01,4.67702283e-05,2.33851142e-05
1.072033,6.20804211e+01,4.28894586e-05,2.14447293e-05
1.074220,6.29084097e+01,3.89486400e-05,1.94743200e-05
1.076408,6.37458939e+01,3.50279676e-05,1.75139838e-05
1.078596,6.45853823e+01,3.12076609e-05,1.56038305e-05
1.080784,6.54203097e+01,2.75710768e-05,1.37855384e-05
1.082972,6.62449556e+01,2.42092554e-05,1.21046277e-05
1.085159,6.70543617e+01,2.12261252e-05,1.06130626e-05
1.087347,6.78442548e+01,1.87412229e-05,9.37061147e-06
1.089535,6.86109755e+01,1.68818852e-05,8.44094259e-06
1.091723,6.93514145e+01,1.57533636e-05,7.87668179e-06
1.093911,7.00629585e+01,1.53886742e-05,7.69433709e-06
1.096099,7.07434455e+01,1.57152204e-05,7.85761021e-06
1.098286,7.13911305e+01,1.65788735e-05,8.28943676e-06
1.100474,7.20046609e+01,1.78060943e-05,8.90304714e-06
1.102662,7.25830608e+01,1.92518571e-05,9.62592857e-06
1.104850,7.31257224e+01,2.08152558e-05,1.04076279e-05
1.107038,7.36324026e+01,2.24355009e-05,1.12177504e-05
1.109225,7.41032206e+01,2.40821608e-05,1.20410804e-05
1.111413,7.45386557e+01,2.57457356e-05,1.28728678e-05
1.113601,7.49395405e+01,2.74299646e-05,1.37149823e-05
1.115789,7.53070499e+01,2.91457849e-05,1.45728925e-05
1.117977,7.56426831e+01,3.09067111e-05,1.54533555e-05
1.120165,7.59482414e+01,3.27255515e-05,1.63627757e-05
1.122352,7.62258011e+01,3.46124253e-05,1.73062127e-05
1.124540,7.64776832e+01,3.65739546e-05,1.82869773e-05
1.126728,7.67064220e+01,3.86133549e-05,1.93066774e-05
1.128916,7.69147334e+01,4.07310533e-05,2.03655267e-05
1.131104,7.71054829e+01,4.29254772e-05,2.14627386e-05
1.133292,7.72816547e+01,4.51937536e-05,2.25968768e-05
1.135479,7.74463210e+01,4.75321944e-05,2.37660972e-05
1.137667,7.76026125e+01,4.99365439e-05,2.49682719e-05
1.139855,7.77536887e+01,5.24020322e-05,2.62010161e-05
1.142043,7.79027099e+01,5.49233021e-05,2.74616511e-05
1.144231,7.80528084e+01,5.74942740e-05,2.87471370e-05
1.146418,7.82070611e+01,6.01080026e-05,3.00540013e-05
1.148606,7.83684628e+01,6.27565604e-05,3.13782802e-05
1.150794,7.85398997e+01,6.54309684e-05,3.27154842e-05
1.152982,7.87241248e+01,6.81211837e-05,3.40605918e-05
1.155170,7.89237340e+01,7.08161411e-05,3.54080705e-05
1.157358,7.91411441e+01,7.35038465e-05,3.67519233e-05
1.159545,7.93785727e+01,7.61715113e-05,3.80857556e-05
1.161733,7.96380201e+01,7.88057189e-05,3.94028594e-05
1.163921,7.99212533e+01,8.13926144e-05,4.06963072e-05
1.166109,8.02297939e+01,8.39181073e-05,4.19590536e-05
1.168297,8.05649071e+01,8.63680807e-05,4.31840404e-05
1.170484,8.09275949e+01,8.87285989e-05,4.43642995e-05
1.172672,8.13185921e+01,9.09861086e-05,4.54930543e-05
1.174860,8.17383653e+01,9.31276278e-05,4.65638139e-05
1.177048,8.21871144e+01,9.51409195e-05,4.75704598e-05
1.179236,8.26647784e+01,9.70146454e-05,4.85073227e-05
1.181424,8.31710421e+01,9.87384980e-05,4.93692490e-05
1.183611,8.37053468e+01,1.00303310e-04,5.01516548e-05
1.185799,8.42669018e+01,1.01701135e-04,5.08505675e-05
1.187987,8.48546993e+01,1.02925310e-04,5.14626551e-05
1.190175,8.54675292e+01,1.03970486e-04,5.19852430e-05
1.192363,8.61039958e+01,1.04832636e-04,5.24163181e-05
1.194551,8.67625356e+01,1.05509046e-04,5.27545232e-05
1.196738,8.74414345e+01,1.05998279e-04,5.29991397e-05
1.198926,8.81388463e+01,1.06300126e-04,5.31500629e-05
1.201114,8.88528102e+01,1.06415538e-04,5.32077688e-05
1.203302,8.95812678e+01,1.06346551e-04,5.31732753e-05
1.205490,9.03220805e+01,1.06096199e-04,5.30480993e-05
1.207677,9.10730449e+01,1.05668419e-04,5.28342096e-05
1.209865,9.18319079e+01,1.05067958e-04,5.25339792e-05
1.212053,9.25963805e+01,1.04300271e-04,5.21501356e-05
1.214241,9.33641512e+01,1.03371425e-04,5.16857126e-05
1.216429,9.41328969e+01,1.02288005e-04,5.11440027e-05
1.218617,9.49002941e+01,1.01057023e-04,5.05285116e-05
1.220804,9.56640283e+01,9.96858300e-05,4.98429150e-05
1.222992,9.64218021e+01,9.81820377e-05,4.90910188e-05
1.225180,9.71713428e+01,9.65534442e-05,4.82767221e-05
1.227368,9.79104087e+01,9.48079671e-05,4.74039836e-05
1.229556,9.86367943e+01,9.29535831e-05,4.64767916e-05
1.231743,9.93483354e+01,9.09982749e-05,4.54991374e-05
1.233931,1.00042912e+02,8.89499846e-05,4.44749923e-05
1.236119,1.00718453e+02,8.68165738e-05,4.34082869e-05
1.238307,1.01372936e+02,8.46057898e-05,4.23028949e-05
1.240495,1.02004392e+02,8.23252377e-05,4.11626188e-05
1.242683,1.02610904e+02,7.99823573e-05,3.99911787e-05
1.244870,1.03190611e+02,7.75844063e-05,3.87922032e-05
1.247058,1.03741705e+02,7.51384465e-05,3.75692233e-05
1.249246,1.04262433e+02,7.26513357e-05,3.63256678e-05
1.251434,1.04751097e+02,7.01297221e-05,3.50648610e-05
1.253622,1.05206054e+02,6.75800432e-05,3.37900216e-05
1.255810,1.05625712e+02,6.50085273e-05,3.25042637e-05
1.257997,1.06008536e+02,6.24211974e-05,3.12105987e-05
1.260185,1.06353038e+02,5.98238782e-05,2.99119391e-05
1.262373,1.06657784e+02,5.72222051e-05,2.86111025e-05
1.264561,1.06921391e+02,5.46216346e-05,2.73108173e-05
1.266749,1.07142523e+02,5.20274574e-05,2.60137287e-05
1.268936,1.07319892e+02,4.94448118e-05,2.47224059e-05
1.271124,1.07452261e+02,4.68786996e-05,2.34393498e-05
1.273312,1.07538435e+02,4.43340024e-05,2.21670012e-05
1.275500,1.07577271e+02,4.18155004e-05,2.09077502e-05
1.277688,1.07567670e+02,3.93278920e-05,1.96639460e-05
1.279876,1.07508578e+02,3.68758169e-05,1.84379085e-05
1.282063,1.07398993e+02,3.44638833e-05,1.72319417e-05
1.284251,1.07237957e+02,3.20967024e-05,1.60483512e-05
1.286439,1.07024565e+02,2.97789347e-05,1.48894673e-05
1.288627,1.06757964e+02,2.75153560e-05,1.37576780e-05
1.290815,1.06437355e+02,2.53109569e-05,1.26554784e-05
1.293002,1.06062001e+02,2.31710953e-05,1.15855476e-05
1.295190,1.05631226e+02,2.11017362e-05,1.05508681e-05
1.297378,1.05144423e+02,1.91098315e-05,9.55491577e-06
1.299566,1.04601061e+02,1.72039233e-05,8.60196164e-06
1.301754,1.04000693e+02,1.53950959e-05,7.69754797e-06
1.303942,1.03342961e+02,1.36984604e-05,6.84923020e-06
1.306129,1.02627609e+02,1.21353825e-05,6.06769126e-06
1.308317,1.01854490e+02,1.07365608e-05,5.36828038e-06
1.310505,1.01023581e+02,9.54543527e-06,4.77271764e-06
1.312693,1.00134993e+02,8.61955370e-06,4.30977685e-06
1.314881,9.91889833e+01,8.02423553e-06,4.01211776e-06
1.317069,9.81859697e+01,7.81247206e-06,3.90623603e-06
1.319256,9.71265453e+01,7.99741418e-06,3.99870709e-06
1.321444,9.60114922e+01,8.54178190e-06,4.27089095e-06
1.323632,9.48417962e+01,9.37672042e-06,4.68836021e-06
1.325820,9.36186623e+01,1.04301786e-05,5.21508932e-06
1.328008,9.23435300e+01,1.16433268e-05,5.82166339e-06
1.330195,9.10180887e+01,1.29736529e-05,6.48682643e-06
1.332383,8.96442942e+01,1.43920394e-05,7.19601970e-06
1.334571,8.82243850e+01,1.58788562e-05,7.93942810e-06
1.336759,8.67608985e+01,1.74208353e-05,8.71041767e-06
1.338947,8.52566890e+01,1.90089607e-05,9.50448036e-06
1.341135,8.37149447e+01,2.06371686e-05,1.03185843e-05
1.343322,8.21392054e+01,2.23016205e-05,1.11508102e-05
1.345510,8.05333807e+01,2.40003686e-05,1.20001843e-05
1.347698,7.89017670e+01,2.57332999e-05,1.28666499e-05
1.349886,7.72490645e+01,2.75022877e-05,1.37511438e-05
1.352074,7.55803918e+01,2.93115136e-05,1.46557568e-05
1.354261,7.39012986e+01,3.11679335e-05,1.55839668e-05
1.356449,7.22177743e+01,3.30818636e-05,1.65409318e-05
1.358637,7.05362516e+01,3.50676504e-05,1.75338252e-05
1.360825,6.88636021e+01,3.71443569e-05,1.85721784e-05
1.363013,6.72071228e+01,3.93363559e-05,1.96681779e-05
1.365201,6.55745093e+01,4.16736617e-05,2.08368309e-05
1.367388,6.39738139e+01,4.41917684e-05,2.20958842e-05
1.369576,6.24133838e+01,4.69307125e-05,2.34653563e-05
1.371764,6.09017762e+01,4.99330672e-05,2.49665336e-05
1.373952,5.94476476e+01,5.32406285e-05,2.66203143e-05
1.376140,5.80596138e+01,5.68897058e-05,2.84448529e-05
1.378328,5.67460796e+01,6.09051559e-05,3.04525780e-05
1.380515,5.55150404e+01,6.52935848e-05,3.26467924e-05
1.382703,5.43738576e+01,7.00364066e-05,3.50182033e-05
1.384891,5.33290168e+01,7.50836346e-05,3.75418173e-05
1.387079,5.23858803e+01,8.03493528e-05,4.01746764e-05
1.389267,5.15484478e+01,8.57097467e-05,4.28548734e-05
1.391454,5.08191441e+01,9.10043922e-05,4.55021961e-05
1.393642,5.01986516e+01,9.60411896e-05,4.80205948e-05
1.395830,4.96858041e+01,1.00604930e-04,5.03024651e-05
1.398018,4.92775561e+01,1.04469012e-04,5.22345059e-05
1.400206,4.89690323e+01,1.07409359e-04,5.37046796e-05
1.402394,4.87536571e+01,1.09219255e-04,5.46096277e-05
1.404581,4.86233549e+01,1.09723637e-04,5.48618187e-05
1.406769,4.85688061e+01,1.08791505e-04,5.43957526e-05
1.408957,4.85797393e+01,1.06345434e-04,5.31727168e-05
1.411145,4.86452384e+01,1.02367668e-04,5.11838341e-05
1.413333,4.87540445e+01,9.69028569e-05,4.84514284e-05
1.415520,4.88948356e+01,9.00579881e-05,4.50289940e-05
1.417708,4.90564694e+01,8.20005105e-05,4.10002552e-05
1.419896,4.92281787e+01,7.29558134e-05,3.64779067e-05
1.422084,4.93997143e+01,6.32050787e-05,3.16025394e-05
1.424272,4.95614287e+01,5.30836374e-05,2.65418187e-05
1.426460,4.97043020e+01,4.29778095e-05,2.14889048e-05
1.428647,4.98199115e+01,3.33147570e-05,1.66573785e-05
1.430835,4.99003620e+01,2.45385461e-05,1.22692730e-05
1.433023,4.99382075e+01,1.70777666e-05,8.53888328e-06
1.435211,4.99264157e+01,1.13496961e-05,5.67484806e-06
1.437399,4.98584304e+01,7.85540931e-06,3.92770465e-06
1.439587,4.97283569e+01,6.94163062e-06,3.47081531e-06
1.441774,4.95312530e+01,7.79005716e-06,3.89502858e-06
1.443962,4.92634711e+01,9.21493999e-06,4.60746999e-06
1.446150,4.89229857e+01,1.07791477e-05,5.38957386e-06
1.448338,4.85096485e+01,1.24846972e-05,6.24234860e-06
1.450526,4.80253307e+01,1.44548891e-05,7.22744453e-06
1.452713,4.74739498e+01,1.68292891e-05,8.41464455e-06
1.454901,4.68614017e+01,1.97466847e-05,9.87334234e-06
1.457089,4.61954241e+01,2.33421815e-05,1.16710907e-05
1.459277,4.54854126e+01,2.77262145e-05,1.38631073e-05
1.461465,4.47422100e+01,3.29507996e-05,1.64753998e-05
1.463653,4.39778858e+01,3.89920867e-05,1.94960433e-05
1.465840,4.32055094e+01,4.57652443e-05,2.28826221e-05
1.468028,4.24389028e+01,5.31547897e-05,2.65773948e-05
1.470216,4.16923485e+01,6.10355040e-05,3.05177520e-05
1.472404,4.09802346e+01,6.92761297e-05,3.46380648e-05
1.474592,4.03166333e+01,7.77318207e-05,3.88659103e-05
1.476779,3.97148240e+01,8.62335847e-05,4.31167923e-05
1.478967,3.91867872e+01,9.45804880e-05,4.72902440e-05
1.481155,3.87427062e+01,1.02537987e-04,5.12689935e-05
1.483343,3.83905227e+01,1.09844073e-04,5.49220365e-05
1.485531,3.81355955e+01,1.16223407e-04,5.81117034e-05
1.487719,3.79805020e+01,1.21407970e-04,6.07039848e-05
1.489906,3.79250103e+01,1.25161135e-04,6.25805674e-05
1.492094,3.79662259e+01,1.27301005e-04,6.36505023e-05
1.494282,3.80988939e+01,1.27718766e-04,6.38593830e-05
1.496470,3.83158194e+01,1.26388859e-04,6.31944294e-05
1.498658,3.86083562e+01,1.23369577e-04,6.16847886e-05
1.500846,3.89669111e+01,1.18794746e-04,5.93973729e-05
1.503033,3.93814216e+01,1.12858703e-04,5.64293515e-05
1.505221,3.98417715e+01,1.05797625e-04,5.28988123e-05
1.507409,4.03381268e+01,9.78702016e-05,4.89351008e-05
1.509597,4.08611857e+01,8.93400626e-05,4.46700313e-05
1.511785,4.14023457e+01,8.04614373e-05,4.02307186e-05
1.513972,4.19537966e+01,7.14686576e-05,3.57343288e-05
1.516160,4.25085536e+01,6.25693731e-05,3.12846866e-05
1.518348,4.30604432e+01,5.39408804e-05,2.69704402e-05
1.520536,4.36040541e+01,4.57287369e-05,2.28643684e-05
1.522724,4.41346664e+01,3.80468451e-05,1.90234225e-05
1.524912,4.46481680e+01,3.09784500e-05,1.54892250e-05
1.527099,4.51409690e+01,2.45780380e-05,1.22890190e-05
1.529287,4.56099200e+01,1.88750859e-05,9.43754295e-06
1.531475,4.60522442e+01,1.38826337e-05,6.94131683e-06
1.533663,4.64654857e+01,9.62015731e-06,4.81007866e-06
1.535851,4.68474797e+01,6.18878582e-06,3.09439291e-06
1.538038,4.71963410e+01,4.04079952e-06,2.02039976e-06
1.540226,4.75104714e+01,4.06926590e-06,2.03463295e-06
1.542414,4.77885772e+01,5.66066419e-06,2.83033210e-06
1.544602,4.80296917e+01,7.63777015e-06,3.81888508e-06
1.546790,4.82331961e+01,9.63632671e-06,4.81816336e-06
1.548978,4.83988328e+01,1.15895933e-05,5.79479667e-06
1.551165,4.85267092e+01,1.34987559e-05,6.74937797e-06
1.553353,4.86172914e+01,1.53777343e-05,7.68886716e-06
1.555541,4.86713894e+01,1.72387300e-05,8.61936498e-06
1.557729,4.86901366e+01,1.90887896e-05,9.54439482e-06
1.559917,4.86749651e+01,2.09298903e-05,1.04649451e-05
1.562105,4.86275797e+01,2.27601572e-05,1.13800786e-05
1.564292,4.85499309e+01,2.45752983e-05,1.22876491e-05
1.566480,4.84441886e+01,2.63698664e-05,1.31849332e-05
1.568668,4.83127158e+01,2.81382012e-05,1.40691006e-05
1.570856,4.81580433e+01,2.98750307e-05,1.49375153e-05
1.573044,4.79828445e+01,3.15757806e-05,1.57878903e-05
1.575231,4.77899104e+01,3.32366685e-05,1.66183342e-05
1.577419,4.75821249e+01,3.48546565e-05,1.74273283e-05
1.579607,4.73624398e+01,3.64273272e-05,1.82136636e-05
1.581795,4.71338499e+01,3.79527249e-05,1.89763624e-05
1.583983,4.68993679e+01,3.94291921e-05,1.97145960e-05
1.586171,4.66619986e+01,4.08552167e-05,2.04276084e-05
1.588358,4.64247137e+01,4.22292985e-05,2.11146492e-05
1.590546,4.61904263e+01,4.35498381e-05,2.17749190e-05
1.592734,4.59619656e+01,4.48150503e-05,2.24075251e-05
1.594922,4.57420516e+01,4.60229006e-05,2.30114503e-05
1.597110,4.55332719e+01,4.71710650e-05,2.35855325e-05
1.599298,4.53380582e+01,4.82569120e-05,2.41284560e-05
1.601485,4.51586647e+01,4.92775064e-05,2.46387532e-05
1.603673,4.49971493e+01,5.02296339e-05,2.51148169e-05
1.605861,4.48553559e+01,5.11098459e-05,2.55549229e-05
1.608049,4.47349001e+01,5.19145218e-05,2.59572609e-05
1.610237,4.46371577e+01,5.26399482e-05,2.63199741e-05
1.612424,4.45632573e+01,5.32824107e-05,2.66412054e-05
1.614612,4.45140748e+01,5.38382959e-05,2.69191479e-05
1.616800,4.44902334e+01,5.43041984e-05,2.71520992e-05
1.618988,4.44921059e+01,5.46770291e-05,2.73385145e-05
1.621176,4.45198209e+01,5.49541193e-05,2.74770596e-05
1.623364,4.45732723e+01,5.51333161e-05,2.75666581e-05
1.625551,4.46521314e+01,5.52130653e-05,2.76065327e-05
1.627739,4.47558622e+01,5.51924769e-05,2.75962384e-05
1.629927,4.48837377e+01,5.50713722e-05,2.75356861e-05
1.632115,4.50348582e+01,5.48503105e-05,2.74251552e-05
1.634303,4.52081712e+01,5.45305934e-05,2.72652967e-05
1.636490,4.54024907e+01,5.41142508e-05,2.70571254e-05
1.638678,4.56165172e+01,5.36040062e-05,2.68020031e-05
1.640866,4.58488575e+01,5.30032277e-05,2.65016138e-05
1.643054,4.60980430e+01,5.23158642e-05,2.61579321e-05
1.645242,4.63625480e+01,5.15463732e-05,2.57731866e-05
1.647430,4.66408058e+01,5.06996407e-05,2.53498204e-05
1.649617,4.69312242e+01,4.97808988e-05,2.48904494e-05
1.651805,4.72321986e+01,4.87956423e-05,2.43978211e-05
1.653993,4.75421246e+01,4.77495476e-05,2.38747738e-05
1.656181,4.78594081e+01,4.66483960e-05,2.33241980e-05
1.658369,4.81824744e+01,4.54980022e-05,2.27490011e-05
1.660557,4.85097760e+01,4.43041506e-05,2.21520753e-05
1.662744,4.88397986e+01,4.30725378e-05,2.15362689e-05
1.664932,4.91710659e+01,4.18087248e-05,2.09043624e-05
1.667120,4.95021439e+01,4.05180950e-05,2.02590475e-05
1.669308,4.98316435e+01,3.92058218e-05,1.96029109e-05
1.671496,5.01582225e+01,3.78768414e-05,1.89384207e-05
1.673683,5.04805867e+01,3.65358340e-05,1.82679170e-05
1.675871,5.07974909e+01,3.51872093e-05,1.75936046e-05
1.678059,5.11077385e+01,3.38350980e-05,1.69175490e-05
1.680247,5.14101813e+01,3.24833476e-05,1.62416738e-05
1.682435,5.17037186e+01,3.11355220e-05,1.55677610e-05
1.684623,5.19872962e+01,2.97949038e-05,1.48974519e-05
1.686810,5.22599051e+01,2.84644994e-05,1.42322497e-05
1.688998,5.25205802e+01,2.71470461e-05,1.35735231e-05
1.691186,5.27683984e+01,2.58450201e-05,1.29225101e-05
1.693374,5.30024776e+01,2.45606460e-05,1.22803230e-05
1.695562,5.32219747e+01,2.32959067e-05,1.16479534e-05
1.697749,5.34260839e+01,2.20525537e-05,1.10262769e-05
1.699937,5.36140360e+01,2.08321174e-05,1.04160587e-05
1.702125,5.37850962e+01,1.96359175e-05,9.81795877e-06
1.704313,5.39385630e+01,1.84650733e-05,9.23253664e-06
1.706501,5.40737675e+01,1.73205136e-05,8.66025678e-06
1.708689,5.41900720e+01,1.62029872e-05,8.10149361e-06
1.710876,5.42868691e+01,1.51130735e-05,7.55653673e-06
1.713064,5.43635814e+01,1.40511931e-05,7.02559657e-06
1.715252,5.44196608e+01,1.30176214e-05,6.50881071e-06
1.717440,5.44545881e+01,1.20125029e-05,6.00625147e-06
1.719628,5.44678734e+01,1.10358713e-05,5.51793563e-06
1.721816,5.44590555e+01,1.00876751e-05,5.04383753e-06
1.724003,5.44277027e+01,9.16781554e-06,4.58390777e-06
1.726191,5.43734130e+01,8.27620217e-06,4.13810108e-06
1.728379,5.42958149e+01,7.41283946e-06,3.70641973e-06
1.730567,5.41945683e+01,6.57796787e-06,3.28898394e-06
1.732755,5.40693650e+01,5.77230318e-06,2.88615159e-06
1.734942,5.39199306e+01,4.99746398e-06,2.49873199e-06
1.737130,5.37460250e+01,4.25677825e-06,2.12838913e-06
1.739318,5.35474444e+01,3.55689475e-06,1.77844738e-06
1.741506,5.33240222e+01,2.91116513e-06,1.45558257e-06
1.743694,5.30756313e+01,2.34678742e-06,1.17339371e-06
1.745882,5.28021853e+01,1.91756626e-06,9.58783130e-07
1.748069,5.25036402e+01,1.70953337e-06,8.54766683e-07
1.750257,5.21799967e+01,1.78683933e-06,8.93419665e-07
1.752445,5.18313015e+01,2.10876463e-06,1.05438231e-06
1.754633,5.14576497e+01,2.57934740e-06,1.28967370e-06
1.756821,5.10591864e+01,3.12858260e-06,1.56429130e-06
1.759008,5.06361089e+01,3.71972835e-06,1.85986418e-06
1.761196,5.01886688e+01,4.33466857e-06,2.16733429e-06
1.763384,4.97171738e+01,4.96427075e-06,2.48213538e-06
1.765572,4.92219905e+01,5.60375303e-06,2.80187652e-06
1.767760,4.87035458e+01,6.25052053e-06,3.12526026e-06
1.769948,4.81623303e+01,6.90311432e-06,3.45155716e-06
1.772135,4.75988995e+01,7.56067367e-06,3.78033684e-06
1.774323,4.70138776e+01,8.22264715e-06,4.11132357e-06
1.776511,4.64079591e+01,8.88863133e-06,4.44431567e-06
1.778699,4.57819124e+01,9.55827800e-06,4.77913900e-06
1.780887,4.51365822e+01,1.02312395e-05,5.11561975e-06
1.783075,4.44728929e+01,1.09071359e-05,5.45356797e-06
1.785262,4.37918516e+01,1.15855347e-05,5.79276736e-06
1.787450,4.30945515e+01,1.22659371e-05,6.13296853e-06
1.789638,4.23821756e+01,1.29477679e-05,6.47388394e-06
1.791826,4.16559995e+01,1.36303671e-05,6.81518355e-06
1.794014,4.09173959e+01,1.43129811e-05,7.15649053e-06
1.796201,4.01678374e+01,1.49947534e-05,7.49737670e-06
1.798389,3.94089003e+01,1.56747152e-05,7.83735762e-06
1.800577,3.86422680e+01,1.63517748e-05,8.17588742e-06
1.802765,3.78697336e+01,1.70247071e-05,8.51235354e-06
1.804953,3.70932031e+01,1.76921441e-05,8.84607206e-06
1.807141,3.63146968e+01,1.83525679e-05,9.17628396e-06
1.809328,3.55363506e+01,1.90043068e-05,9.50215341e-06
1.811516,3.47604164e+01,1.96455379e-05,9.82276895e-06
1.813704,3.39892599e+01,2.02742977e-05,1.01371489e-05
1.815892,3.32253582e+01,2.08885043e-05,1.04442521e-05
1.818080,3.24712934e+01,2.14859933e-05,1.07429966e-05
1.820267,3.17297451e+01,2.20645716e-05,1.10322858e-05
1.822455,3.10034784e+01,2.26220908e-05,1.13110454e-05
1.824643,3.02953288e+01,2.31565424e-05,1.15782712e-05
1.826831,2.96081819e+01,2.36661744e-05,1.18330872e-05
1.829019,2.89449494e+01,2.41496261e-05,1.20748130e-05
1.831207,2.83085386e+01,2.46060751e-05,1.23030375e-05
1.833394,2.77018173e+01,2.50353831e-05,1.25176915e-05
1.835582,2.71275733e+01,2.54382234e-05,1.27191117e-05
1.837770,2.65884680e+01,2.58161658e-05,1.29080829e-05
1.839958,2.60869875e+01,2.61716919e-05,1.30858460e-05
1.842146,2.56253901e+01,2.65081114e-05,1.32540557e-05
1.844334,2.52056530e+01,2.68293553e-05,1.34146777e-05
1.846521,2.48294206e+01,2.71396346e-05,1.35698173e-05
1.848709,2.44979573e+01,2.74429672e-05,1.37214836e-05
1.850897,2.42121063e+01,2.77425991e-05,1.38712995e-05
1.853085,2.39722576e+01,2.80403586e-05,1.40201793e-05
1.855273,2.37783268e+01,2.83359902e-05,1.41679951e-05
1.857460,2.36297461e+01,2.86264974e-05,1.43132487e-05
1.859648,2.35254669e+01,2.89054960e-05,1.44527480e-05
1.861836,2.34639733e+01,2.91625429e-05,1.45812714e-05
1.864024,2.34433049e+01,2.93823900e-05,1.46911950e-05
1.866212,2.34610870e+01,2.95441652e-05,1.47720826e-05
1.868400,2.35145634e+01,2.96206319e-05,1.48103160e-05
1.870587,2.36006336e+01,2.95779484e-05,1.47889742e-05
1.872775,2.37158893e+01,2.93766369e-05,1.46883185e-05
1.874963,2.38566537e+01,2.89745606e-05,1.44872803e-05
1.877151,2.40190224e+01,2.83322676e-05,1.41661338e-05
1.879339,2.41989071e+01,2.74200203e-05,1.37100102e-05
1.881526,2.43920831e+01,2.62246472e-05,1.31123236e-05
1.883714,2.45942363e+01,2.47539273e-05,1.23769637e-05
1.885902,2.48010093e+01,2.30370439e-05,1.15185220e-05
1.888090,2.50080421e+01,2.11211761e-05,1.05605881e-05
1.890278,2.52110069e+01,1.90654575e-05,9.53272873e-06
1.892466,2.54056375e+01,1.69336874e-05,8.46684368e-06
1.894653,2.55877561e+01,1.47865691e-05,7.39328453e-06
1.896841,2.57533010e+01,1.26734213e-05,6.33671065e-06
1.899029,2.58983580e+01,1.06227442e-05,5.31137212e-06
1.901217,2.60191977e+01,8.63134408e-06,4.31567204e-06
1.903405,2.61123178e+01,6.65545464e-06,3.32772732e-06
1.905593,2.61744865e+01,4.62353848e-06,2.31176924e-06
1.907780,2.62027841e+01,2.56450404e-06,1.28225202e-06
1.909968,2.61946406e+01,1.72144300e-06,8.60721499e-07
1.912156,2.61478773e+01,3.81436204e-06,1.90718102e-06
1.914344,2.60607516e+01,6.64838907e-06,3.32419453e-06
1.916532,2.59320061e+01,9.61681416e-06,4.80840708e-06
1.918719,2.57609155e+01,1.25546157e-05,6.27730783e-06
1.920907,2.55473314e+01,1.53736917e-05,7.68684583e-06
1.923095,2.52917194e+01,1.80400209e-05,9.02001045e-06
1.925283,2.49951794e+01,2.05591767e-05,1.02795883e-05
1.927471,2.46594485e+01,2.29478051e-05,1.14739025e-05
1.929659,2.42868871e+01,2.52150990e-05,1.26075495e-05
1.931846,2.38804566e+01,2.73599994e-05,1.36799997e-05
1.934034,2.34436877e+01,2.93742512e-05,1.46871256e-05
1.936222,2.29806418e+01,3.12454317e-05,1.56227159e-05
1.938410,2.24958624e+01,3.29588602e-05,1.64794301e-05
1.940598,2.19943173e+01,3.44986811e-05,1.72493406e-05
1.942785,2.14813302e+01,3.58484965e-05,1.79242482e-05
1.944973,2.09625018e+01,3.69917940e-05,1.84958970e-05
1.947161,2.04436209e+01,3.79123235e-05,1.89561617e-05
1.949349,1.99305639e+01,3.85945179e-05,1.92972589e-05
1.951537,1.94291868e+01,3.90240269e-05,1.95120134e-05
1.953725,1.89452077e+01,3.91884060e-05,1.95942030e-05
1.955912,1.84840854e+01,3.90779807e-05,1.95389904e-05
1.958100,1.80508954e+01,3.86868742e-05,1.93434371e-05
1.960288,1.76502092e+01,3.80141508e-05,1.90070754e-05
1.962476,1.72859831e+01,3.70649884e-05,1.85324942e-05
1.964664,1.69614613e+01,3.58517621e-05,1.79258811e-05
1.966852,1.66791019e+01,3.43949021e-05,1.71974510e-05
1.969039,1.64405294e+01,3.27234028e-05,1.63617014e-05
1.971227,1.62465194e+01,3.08748989e-05,1.54374494e-05
1.973415,1.60970152e+01,2.88952904e-05,1.44476452e-05
1.975603,1.59911752e+01,2.68379704e-05,1.34189852e-05
1.977791,1.59274470e+01,2.47627384e-05,1.23813692e-05
1.979978,1.59036598e+01,2.27344122e-05,1.13672061e-05
1.982166,1.59171292e+01,2.08209026e-05,1.04104513e-05
1.984354,1.59647651e+01,1.90900885e-05,9.54504425e-06
1.986542,1.60431769e+01,1.76044610e-05,8.80223049e-06
1.988730,1.61487716e+01,1.64128870e-05,8.20644351e-06
1.990918,1.62778432e+01,1.55408179e-05,7.77040894e-06
1.993105,1.64266527e+01,1.49832266e-05,7.49161329e-06
1.995293,1.65914992e+01,1.47052813e-05,7.35264064e-06
1.997481,1.67687811e+01,1.46516411e-05,7.32582055e-06
1.999669,1.69550475e+01,1.47595780e-05,7.37978898e-06
2.001857,1.71470377e+01,1.49697939e-05,7.48489694e-06
2.004044,1.73417095e+01,1.52321161e-05,7.61605803e-06
2.006232,1.75362569e+01,1.55068142e-05,7.75340711e-06
2.008420,1.77281187e+01,1.57635602e-05,7.88178008e-06
2.010608,1.79149801e+01,1.59796527e-05,7.98982637e-06
2.012796,1.80947698e+01,1.61383478e-05,8.06917391e-06
2.014984,1.82656523e+01,1.62275717e-05,8.11378585e-06
2.017171,1.84260193e+01,1.62390185e-05,8.11950924e-06
2.019359,1.85744777e+01,1.61675376e-05,8.08376879e-06
2.021547,1.87098385e+01,1.60107058e-05,8.00535289e-06
2.023735,1.88311038e+01,1.57685001e-05,7.88425006e-06
2.025923,1.89374546e+01,1.54430143e-05,7.72150714e-06
2.028111,1.90282375e+01,1.50381857e-05,7.51909287e-06
2.030298,1.91029525e+01,1.45595178e-05,7.27975889e-06
2.032486,1.91612403e+01,1.40137938e-05,7.00689688e-06
2.034674,1.92028705e+01,1.34087875e-05,6.70439374e-06
2.036862,1.92277293e+01,1.27529773e-05,6.37648864e-06
2.039050,1.92358090e+01,1.20552727e-05,6.02763637e-06
2.041237,1.92271963e+01,1.13247616e-05,5.66238082e-06
2.043425,1.92020628e+01,1.05704837e-05,5.28524187e-06
2.045613,1.91606555e+01,9.80123514e-06,4.90061757e-06
2.047801,1.91032874e+01,9.02540544e-06,4.51270272e-06
2.049989,1.90303300e+01,8.25084775e-06,4.12542387e-06
2.052177,1.89422058e+01,7.48477976e-06,3.74238988e-06
2.054364,1.88393819e+01,6.73371367e-06,3.36685683e-06
2.056552,1.87223642e+01,6.00341172e-06,3.00170586e-06
2.058740,1.85916927e+01,5.29886485e-06,2.64943242e-06
2.060928,1.84479375e+01,4.62429343e-06,2.31214672e-06
2.063116,1.82916956e+01,3.98317340e-06,1.99158670e-06
2.065303,1.81235885e+01,3.37829960e-06,1.68914980e-06
2.067491,1.79442609e+01,2.81191933e-06,1.40595966e-06
2.069679,1.77543793e+01,2.28602013e-06,1.14301006e-06
2.071867,1.75546327e+01,1.80299725e-06,9.01498623e-07
2.074055,1.73457321e+01,1.36736206e-06,6.83681032e-07
2.076243,1.71284121e+01,9.90619522e-07,4.95309761e-07
2.078430,1.69034318e+01,7.05620345e-07,3.52810172e-07
2.080618,1.66715763e+01,5.88672958e-07,2.94336479e-07
2.082806,1.64336580e+01,6.85553003e-07,3.42776502e-07
2.084994,1.61905177e+01,9.08995278e-07,4.54497639e-07
2.087182,1.59430258e+01,1.17793057e-06,5.88965283e-07
2.089370,1.56920820e+01,1.46219317e-06,7.31096583e-07
2.091557,1.54386152e+01,1.75263894e-06,8.76319469e-07
2.093745,1.51835823e+01,2.04688068e-06,1.02344034e-06
2.095933,1.49279664e+01,2.34460254e-06,1.17230127e-06
2.098121,1.46727739e+01,2.64593456e-06,1.32296728e-06
2.100309,1.44190311e+01,2.95087769e-06,1.47543884e-06
2.102496,1.41677798e+01,3.25915389e-06,1.62957694e-06
2.104684,1.39200721e+01,3.57024884e-06,1.78512442e-06
2.106872,1.36769643e+01,3.88353663e-06,1.94176831e-06
2.109060,1.34395106e+01,4.19842107e-06,2.09921054e-06
2.111248,1.32087550e+01,4.51445143e-06,2.25722571e-06
2.113436,1.29857234e+01,4.83138778e-06,2.41569389e-06
2.115623,1.27714141e+01,5.14920633e-06,2.57460316e-06
2.117811,1.25667889e+01,5.46804699e-06,2.73402350e-06
2.119999,1.23727621e+01,5.78811497e-06,2.89405748e-06
2.122187,1.21901904e+01,6.10955318e-06,3.05477659e-06
2.124375,1.20198619e+01,6.43230486e-06,3.21615243e-06
2.126562,1.18624855e+01,6.75598488e-06,3.37799244e-06
2.128750,1.17186808e+01,7.07977572e-06,3.53988786e-06
2.130938,1.15889684e+01,7.40235980e-06,3.70117990e-06
2.133126,1.14737620e+01,7.72189458e-06,3.86094729e-06
2.135314,1.13733617e+01,8.03603235e-06,4.01801618e-06
2.137502,1.12879494e+01,8.34198131e-06,4.17099066e-06
2.139689,1.12175861e+01,8.63660148e-06,4.31830074e-06
2.141877,1.11622124e+01,8.91652592e-06,4.45826296e-06
2.144065,1.11216507e+01,9.17829680e-06,4.58914840e-06
2.146253,1.10956104e+01,9.41850520e-06,4.70925260e-06
2.148441,1.10836950e+01,9.63392452e-06,4.81696226e-06
2.150629,1.10854113e+01,9.82162907e-06,4.91081453e-06
2.152816,1.11001803e+01,9.97909122e-06,4.98954561e-06
2.155004,1.11273489e+01,1.01042533e-05,5.05212663e-06
2.157192,1.11662027e+01,1.01955723e-05,5.09778614e-06
2.159380,1.12159780e+01,1.02520389e-05,5.12601945e-06
2.161568,1.12758750e+01,1.02731722e-05,5.13658608e-06
2.163755,1.13450689e+01,1.02589945e-05,5.12949724e-06
2.165943,1.14227213e+01,1.02099910e-05,5.10499548e-06
2.168131,1.15079894e+01,1.01270578e-05,5.06352891e-06
2.170319,1.16000351e+01,1.00114445e-05,5.00572224e-06
2.172507,1.16980321e+01,9.86469287e-06,4.93234643e-06
2.174695,1.18011720e+01,9.68857776e-06,4.84428888e-06
2.176882,1.19086690e+01,9.48505004e-06,4.74252502e-06
2.179070,1.20197637e+01,9.25618507e-06,4.62809254e-06
2.181258,1.21337260e+01,9.00413693e-06,4.50206846e-06
2.183446,1.22498570e+01,8.73109922e-06,4.36554961e-06
2.185634,1.23674896e+01,8.43927249e-06,4.21963625e-06
2.187821,1.24859897e+01,8.13083802e-06,4.06541901e-06
2.190009,1.26047556e+01,7.80793760e-06,3.90396880e-06
2.192197,1.27232178e+01,7.47265875e-06,3.73632938e-06
2.194385,1.28408382e+01,7.12702503e-06,3.56351251e-06
2.196573,1.29571089e+01,6.77299065e-06,3.38649532e-06
2.198761,1.30715514e+01,6.41243944e-06,3.20621972e-06
2.200948,1.31837147e+01,6.04718767e-06,3.02359384e-06
2.203136,1.32931744e+01,5.67899107e-06,2.83949554e-06
2.205324,1.33995312e+01,5.30955643e-06,2.65477822e-06
2.207512,1.35024094e+01,4.94055888e-06,2.47027944e-06
2.209700,1.36014555e+01,4.57366685e-06,2.28683343e-06
2.211888,1.36963371e+01,4.21057788e-06,2.10528894e-06
2.214075,1.37867420e+01,3.85307090e-06,1.92653545e-06
2.216263,1.38723765e+01,3.50308374e-06,1.75154187e-06
2.218451,1.39529649e+01,3.16283054e-06,1.58141527e-06
2.220639,1.40282489e+01,2.83498216e-06,1.41749108e-06
2.222827,1.40979865e+01,2.52294497e-06,1.26147249e-06
2.225014,1.41619520e+01,2.23128538e-06,1.11564269e-06
2.227202,1.42199359e+01,1.96633950e-06,9.83169750e-07
2.229390,1.42717444e+01,1.73695131e-06,8.68475655e-07
2.231578,1.43172001e+01,1.55493157e-06,7.77465784e-07
2.233766,1.43561420e+01,1.43407575e-06,7.17037877e-07
2.235954,1.43884268e+01,1.38616217e-06,6.93081087e-07
2.238141,1.44139289e+01,1.41478662e-06,7.07393308e-07
2.240329,1.44325422e+01,1.51254960e-06,7.56274798e-07
2.242517,1.44441807e+01,1.66513005e-06,8.32565024e-07
2.244705,1.44487803e+01,1.85772803e-06,9.28864015e-07
2.246893,1.44462999e+01,2.07867098e-06,1.03933549e-06
2.249080,1.44367230e+01,2.31995505e-06,1.15997753e-06
2.251268,1.44200596e+01,2.57650435e-06,1.28825217e-06
2.253456,1.43963472e+01,2.84527656e-06,1.42263828e-06
2.255644,1.43656530e+01,3.12456633e-06,1.56228316e-06
2.257832,1.43280750e+01,3.41353094e-06,1.70676547e-06
2.260020,1.42837439e+01,3.71188459e-06,1.85594230e-06
2.262207,1.42328245e+01,4.01970690e-06,2.00985345e-06
2.264395,1.41755171e+01,4.33732666e-06,2.16866333e-06
2.266583,1.41120588e+01,4.66525439e-06,2.33262719e-06
2.268771,1.40427253e+01,5.00414636e-06,2.50207318e-06
2.270959,1.39678315e+01,5.35478857e-06,2.67739429e-06
2.273147,1.38877331e+01,5.71809268e-06,2.85904634e-06
2.275334,1.38028272e+01,6.09509862e-06,3.04754931e-06
2.277522,1.37135530e+01,6.48698004e-06,3.24349002e-06
2.279710,1.36203924e+01,6.89504987e-06,3.44752494e-06
2.281898,1.35238701e+01,7.32076379e-06,3.66038190e-06
2.284086,1.34245527e+01,7.76571976e-06,3.88285988e-06
2.286273,1.33230486e+01,8.23165165e-06,4.11582583e-06
2.288461,1.32200058e+01,8.72041499e-06,4.36020750e-06
2.290649,1.31161101e+01,9.23396248e-06,4.61698124e-06
2.292837,1.30120817e+01,9.77430682e-06,4.88715341e-06
2.295025,1.29086717e+01,1.03434681e-05,5.17173405e-06
2.297213,1.28066565e+01,1.09434033e-05,5.47170164e-06
2.299400,1.27068317e+01,1.15759153e-05,5.78795765e-06
2.301588,1.26100050e+01,1.22425405e-05,6.12127025e-06
2.303776,1.25169877e+01,1.29444139e-05,6.47220697e-06
2.305964,1.24285841e+01,1.36821140e-05,6.84105701e-06
2.308152,1.23455815e+01,1.44554899e-05,7.22774496e-06
2.310339,1.22687375e+01,1.52634780e-05,7.63173900e-06
2.312527,1.21987674e+01,1.61039154e-05,8.05195771e-06
2.314715,1.21363307e+01,1.69733623e-05,8.48668115e-06
2.316903,1.20820176e+01,1.78669450e-05,8.93347251e-06
2.319091,1.20363351e+01,1.87782348e-05,9.38911738e-06
2.321279,1.19996946e+01,1.96991749e-05,9.84958744e-06
2.323466,1.19724001e+01,2.06200696e-05,1.03100348e-05
2.325654,1.19546375e+01,2.15296436e-05,1.07648218e-05
2.327842,1.19464667e+01,2.24151771e-05,1.12075885e-05
2.330030,1.19478158e+01,2.32627187e-05,1.16313594e-05
2.332218,1.19584775e+01,2.40573692e-05,1.20286846e-05
2.334406,1.19781090e+01,2.47836276e-05,1.23918138e-05
2.336593,1.20062338e+01,2.54257856e-05,1.27128928e-05
2.338781,1.20422470e+01,2.59683527e-05,1.29841764e-05
2.340969,1.20854230e+01,2.63964942e-05,1.31982471e-05
2.343157,1.21349248e+01,2.66964640e-05,1.33482320e-05
2.345345,1.21898156e+01,2.68560155e-05,1.34280077e-05
2.347532,1.22490722e+01,2.68647787e-05,1.34323893e-05
2.349720,1.23115982e+01,2.67145922e-05,1.33572961e-05
2.351908,1.23762390e+01,2.63997861e-05,1.31998930e-05
2.354096,1.24417962e+01,2.59174141e-05,1.29587070e-05
2.356284,1.25070416e+01,2.52674372e-05,1.26337186e-05
2.358472,1.25707317e+01,2.44528649e-05,1.22264324e-05
2.360659,1.26316197e+01,2.34798626e-05,1.17399313e-05
2.362847,1.26884680e+01,2.23578358e-05,1.11789179e-05
2.365035,1.27400586e+01,2.10995018e-05,1.05497509e-05
2.367223,1.27852019e+01,1.97209594e-05,9.86047968e-06
2.369411,1.28227442e+01,1.82417570e-05,9.12087850e-06
2.371598,1.28515734e+01,1.66849495e-05,8.34247476e-06
2.373786,1.28706225e+01,1.50770984e-05,7.53854920e-06
2.375974,1.28788713e+01,1.34481247e-05,6.72406234e-06
2.378162,1.28753468e+01,1.18308516e-05,5.91542579e-06
2.380350,1.28591208e+01,1.02600046e-05,5.13000230e-06
2.382538,1.28293086e+01,8.77042460e-06,4.38521230e-06
2.384725,1.27850672e+01,7.39439498e-06,3.69719749e-06
2.386913,1.27255957e+01,6.15836099e-06,3.07918050e-06
2.389101,1.26501419e+01,5.07983479e-06,2.53991740e-06
2.391289,1.25580128e+01,4.16558640e-06,2.08279320e-06
2.393477,1.24485936e+01,3.41196497e-06,1.70598248e-06
2.395665,1.23213718e+01,2.80747038e-06,1.40373519e-06
2.397852,1.21759649e+01,2.33707405e-06,1.16853703e-06
2.400040,1.20121489e+01,1.98760403e-06,9.93802015e-07
2.402228,1.18298849e+01,1.75311576e-06,8.76557882e-07
2.404416,1.16293408e+01,1.63718793e-06,8.18593963e-07
2.406604,1.14109060e+01,1.64689613e-06,8.23448067e-07
2.408791,1.11751998e+01,1.77962172e-06,8.89810861e-07
2.410979,1.09230718e+01,2.01682474e-06,1.00841237e-06
2.413167,1.06555974e+01,2.33119120e-06,1.16559560e-06
2.415355,1.03740689e+01,2.69588087e-06,1.34794043e-06
2.417543,1.00799846e+01,3.08841796e-06,1.54420898e-06
2.419731,9.77503595e+00,3.49094319e-06,1.74547159e-06
2.421918,9.46109317e+00,3.88957142e-06,1.94478571e-06
2.424106,9.14019023e+00,4.27392898e-06,2.13696449e-06
2.426294,8.81450929e+00,4.63696621e-06,2.31848311e-06
2.428482,8.48636526e+00,4.97487246e-06,2.48743623e-06
2.430670,8.15819022e+00,5.28699796e-06,2.64349898e-06
2.432857,7.83251710e+00,5.57582303e-06,2.78791152e-06
2.435045,7.51196083e+00,5.84701741e-06,2.92350871e-06
2.437233,7.19919502e+00,6.10949359e-06,3.05474679e-06
2.439421,6.89692169e+00,6.37518077e-06,3.18759039e-06
2.441609,6.60783159e+00,6.65811953e-06,3.32905977e-06
2.443797,6.33455303e+00,6.97248221e-06,3.48624111e-06
2.445984,6.07958769e+00,7.32936489e-06,3.66468245e-06
2.448172,5.84523355e+00,7.73271568e-06,3.86635784e-06
2.450360,5.63349725e+00,8.17538717e-06,4.08769358e-06
2.452548,5.44600166e+00,8.63664466e-06,4.31832233e-06
2.454736,5.28389776e+00,9.08223884e-06,4.54111942e-06
2.456924,5.14779292e+00,9.46745522e-06,4.73372761e-06
2.459111,5.03770832e+00,9.74273525e-06,4.87136763e-06
2.461299,4.95307573e+00,9.86080048e-06,4.93040024e-06
2.463487,4.89277857e+00,9.78382026e-06,4.89191013e-06
2.465675,4.85523379e+00,9.48912395e-06,4.74456198e-06
2.467863,4.83850419e+00,8.97233310e-06,4.48616655e-06
2.470050,4.84042579e+00,8.24750318e-06,4.12375159e-06
2.472238,4.85873349e+00,7.34467171e-06,3.67233586e-06
2.474426,4.89117144e+00,6.30581513e-06,3.15290756e-06
2.476614,4.93557868e+00,5.18045587e-06,2.59022793e-06
2.478802,4.98994616e+00,4.02210079e-06,2.01105040e-06
2.480990,5.05244496e+00,2.88681847e-06,1.44340923e-06
2.483177,5.12142927e+00,1.83814117e-06,9.19070587e-07
2.485365,5.19541970e+00,9.88986605e-07,4.94493303e-07
2.487553,5.27307577e+00,7.31446342e-07,3.65723171e-07
2.489741,5.35316887e+00,1.17544903e-06,5.87724517e-07
2.491929,5.43456681e+00,1.72047663e-06,8.60238315e-07
2.494116,5.51623647e+00,2.22022130e-06,1.11011065e-06
2.496304,5.59726192e+00,2.67942313e-06,1.33971157e-06
2.498492,5.67686841e+00,3.12623232e-06,1.56311616e-06
2.500680,5.75444066e+00,3.58698198e-06,1.79349099e-06
2.502868,5.82952871e+00,4.07848795e-06,2.03924398e-06
2.505056,5.90184129e+00,4.60724952e-06,2.30362476e-06
2.507243,5.97123100e+00,5.17154366e-06,2.58577183e-06
2.509431,6.03767600e+00,5.76426003e-06,2.88213002e-06
2.511619,6.10126162e+00,6.37565555e-06,3.18782777e-06
2.513807,6.16216315e+00,6.99556559e-06,3.49778280e-06
2.515995,6.22063017e+00,7.61477463e-06,3.80738732e-06
2.518183,6.27697205e+00,8.22557471e-06,4.11278735e-06
2.520370,6.33154438e+00,8.82177928e-06,4.41088964e-06
2.522558,6.38473622e+00,9.39848269e-06,4.69924135e-06
2.524746,6.43695789e+00,9.95175959e-06,4.97587980e-06
2.526934,6.48862959e+00,1.04783981e-05,5.23919906e-06
2.529122,6.54017071e+00,1.09756967e-05,5.48784833e-06
2.531309,6.59199002e+00,1.14413242e-05,5.72066211e-06
2.533497,6.64447690e+00,1.18732336e-05,5.93661678e-06
2.535685,6.69799356e+00,1.22696146e-05,6.13480728e-06
2.537873,6.75286855e+00,1.26288770e-05,6.31443851e-06
2.540061,6.80939143e+00,1.29496529e-05,6.47482647e-06
2.542249,6.86780874e+00,1.32308117e-05,6.61540585e-06
2.544436,6.92832127e+00,1.34714814e-05,6.73574069e-06
2.546624,6.99108259e+00,1.36710719e-05,6.83553596e-06
2.548812,7.05619868e+00,1.38292958e-05,6.91464791e-06
2.551000,7.12372872e+00,1.39461840e-05,6.97309201e-06
2.553188,7.19368676e+00,1.40220943e-05,7.01104717e-06
2.555375,7.26604425e+00,1.40577118e-05,7.02885589e-06
2.557563,7.34073317e+00,1.40540399e-05,7.02701996e-06
2.559751,7.41764964e+00,1.40123840e-05,7.00619199e-06
2.561939,7.49665787e+00,1.39343261e-05,6.96716305e-06
2.564127,7.57759431e+00,1.38216945e-05,6.91084725e-06
2.566315,7.66027182e+00,1.36765276e-05,6.83826378e-06
2.568502,7.74448374e+00,1.35010350e-05,6.75051750e-06
2.570690,7.83000789e+00,1.32975574e-05,6.64877869e-06
2.572878,7.91661026e+00,1.30685258e-05,6.53426288e-06
2.575066,8.00404848e+00,1.28164227e-05,6.40821134e-06
2.577254,8.09207486e+00,1.25437456e-05,6.27187282e-06
2.579442,8.18043926e+00,1.22529738e-05,6.12648692e-06
2.581629,8.26889145e+00,1.19465388e-05,5.97326938e-06
2.583817,8.35718324e+00,1.16267990e-05,5.81339950e-06
2.586005,8.44507023e+00,1.12960192e-05,5.64800961e-06
2.588193,8.53231329e+00,1.09563535e-05,5.47817676e-06
2.590381,8.61867974e+00,1.06098326e-05,5.30491629e-06
2.592568,8.70394427e+00,1.02583546e-05,5.12917730e-06
2.594756,8.78788965e+00,9.90367958e-06,4.95183979e-06
2.596944,8.87030723e+00,9.54742642e-06,4.77371321e-06
2.599132,8.95099727e+00,9.19107263e-06,4.59553632e-06
2.601320,9.02976914e+00,8.83595602e-06,4.41797801e-06
2.603508,9.10644135e+00,8.48327813e-06,4.24163907e-06
2.605695,9.18084154e+00,8.13410906e-06,4.06705453e-06
2.607883,9.25280636e+00,7.78939321e-06,3.89469661e-06
2.610071,9.32218125e+00,7.44995589e-06,3.72497795e-06
2.612259,9.38882023e+00,7.11651032e-06,3.55825516e-06
2.614447,9.45258564e+00,6.78966494e-06,3.39483247e-06
2.616634,9.51334781e+00,6.46993092e-06,3.23496546e-06
2.618822,9.57098478e+00,6.15772956e-06,3.07886478e-06
2.621010,9.62538196e+00,5.85339955e-06,2.92669978e-06
2.623198,9.67643184e+00,5.55720412e-06,2.77860206e-06
2.625386,9.72403366e+00,5.26933778e-06,2.63466889e-06
2.627574,9.76809313e+00,4.98993283e-06,2.49496641e-06
2.629761,9.80852215e+00,4.71906544e-06,2.35953272e-06
2.631949,9.84523853e+00,4.45676144e-06,2.22838072e-06
2.634137,9.87816577e+00,4.20300165e-06,2.10150083e-06
2.636325,9.90723284e+00,3.95772688e-06,1.97886344e-06
2.638513,9.93237396e+00,3.72084257e-06,1.86042128e-06
2.640701,9.95352848e+00,3.49222304e-06,1.74611152e-06
2.642888,9.97064069e+00,3.27171550e-06,1.63585775e-06
2.645076,9.98365971e+00,3.05914362e-06,1.52957181e-06
2.647264,9.99253941e+00,2.85431100e-06,1.42715550e-06
2.649452,9.99723832e+00,2.65700428e-06,1.32850214e-06
2.651640,9.99771955e+00,2.46699610e-06,1.23349805e-06
2.653827,9.99395084e+00,2.28404793e-06,1.14202396e-06
2.656015,9.98590443e+00,2.10791284e-06,1.05395642e-06
2.658203,9.97355718e+00,1.93833823e-06,9.69169117e-07
2.660391,9.95689049e+00,1.77506877e-06,8.87534383e-07
2.662579,9.93589041e+00,1.61784951e-06,8.08924756e-07
2.664767,9.91054763e+00,1.46642975e-06,7.33214877e-07
2.666954,9.88085757e+00,1.32056780e-06,6.60283898e-07
2.669142,9.84682044e+00,1.18003763e-06,5.90018813e-07
2.671330,9.80844130e+00,1.04463889e-06,5.22319447e-07
2.673518,9.76573015e+00,9.14213142e-07,4.57106571e-07
2.675706,9.71870201e+00,7.88672331e-07,3.94336166e-07
2.677893,9.66737701e+00,6.68053260e-07,3.34026630e-07
2.680081,9.61178050e+00,5.52631001e-07,2.76315501e-07
2.682269,9.55194309e+00,4.43180267e-07,2.21590133e-07
2.684457,9.48790080e+00,3.41648554e-07,1.70824277e-07
2.686645,9.41969511e+00,2.53068280e-07,1.26534140e-07
2.688833,9.34737311e+00,1.90611115e-07,9.53055573e-08
2.691020,9.27098752e+00,1.78318709e-07,8.91593543e-08
2.693208,9.19059686e+00,2.21051738e-07,1.10525869e-07
2.695396,9.10626550e+00,2.93518399e-07,1.46759200e-07
2.697584,9.01806378e+00,3.77440221e-07,1.88720110e-07
2.699772,8.92606809e+00,4.65551300e-07,2.32775650e-07
2.701960,8.83036102e+00,5.55038773e-07,2.77519387e-07
2.704147,8.73103140e+00,6.44710322e-07,3.22355161e-07
2.706335,8.62817448e+00,7.34020921e-07,3.67010460e-07
2.708523,8.52189202e+00,8.22711705e-07,4.11355852e-07
2.710711,8.41229238e+00,9.10660152e-07,4.55330076e-07
2.712899,8.29949074e+00,9.97811405e-07,4.98905702e-07
2.715086,8.18360917e+00,1.08414407e-06,5.42072036e-07
2.717274,8.06477679e+00,1.16965201e-06,5.84826007e-07
2.719462,7.94312999e+00,1.25433405e-06,6.27167027e-07
2.721650,7.81881254e+00,1.33818790e-06,6.69093950e-07
2.723838,7.69197583e+00,1.42120634e-06,7.10603170e-07
2.726026,7.56277905e+00,1.50337475e-06,7.51687376e-07
2.728213,7.43138943e+00,1.58466937e-06,7.92334683e-07
2.730401,7.29798243e+00,1.66505594e-06,8.32527969e-07
2.732589,7.16274204e+00,1.74448865e-06,8.72244323e-07
2.734777,7.02586102e+00,1.82290911e-06,9.11454554e-07
2.736965,6.88754116e+00,1.90024542e-06,9.50122711e-07
2.739152,6.74799356e+00,1.97641120e-06,9.88205600e-07
2.741340,6.60743894e+00,2.05130458e-06,1.02565229e-06
2.743528,6.46610793e+00,2.12480724e-06,1.06240362e-06
2.745716,6.32424132e+00,2.19678341e-06,1.09839170e-06
2.747904,6.18209035e+00,2.26707895e-06,1.13353947e-06
2.750092,6.03991698e+00,2.33552063e-06,1.16776031e-06
2.752279,5.89799406e+00,2.40191563e-06,1.20095782e-06
2.754467,5.75660550e+00,2.46605157e-06,1.23302578e-06
2.756655,5.61604635e+00,2.52769706e-06,1.26384853e-06
2.758843,5.47662277e+00,2.58660336e-06,1.29330168e-06
2.761031,5.33865188e+00,2.64250716e-06,1.32125358e-06
2.763219,5.20246139e+00,2.69513517e-06,1.34756758e-06
2.765406,5.06838909e+00,2.74421070e-06,1.37210535e-06
2.767594,4.93678202e+00,2.78946313e-06,1.39473157e-06
2.769782,4.80799528e+00,2.83064040e-06,1.41532020e-06
2.771970,4.68239054e+00,2.86752531e-06,1.43376266e-06
2.774158,4.56033403e+00,2.89995585e-06,1.44997792e-06
2.776345,4.44219400e+00,2.92784955e-06,1.46392477e-06
2.778533,4.32833765e+00,2.95123150e-06,1.47561575e-06
2.780721,4.21912739e+00,2.97026462e-06,1.48513231e-06
2.782909,4.11491649e+00,2.98527978e-06,1.49263989e-06
2.785097,4.01604400e+00,2.99680201e-06,1.49840100e-06
2.787285,3.92282916e+00,3.00556708e-06,1.50278354e-06
2.789472,3.83556526e+00,3.01252142e-06,1.50626071e-06
2.791660,3.75451314e+00,3.01879700e-06,1.50939850e-06
2.793848,3.67989459e+00,3.02565316e-06,1.51282658e-06
2.796036,3.61188588e+00,3.03437973e-06,1.51718987e-06
2.798224,3.55061173e+00,3.04616085e-06,1.52308042e-06
2.800411,3.49614010e+00,3.06190675e-06,1.53095337e-06
2.802599,3.44847813e+00,3.08206988e-06,1.54103494e-06
2.804787,3.40756939e+00,3.10646920e-06,1.55323460e-06
2.806975,3.37329286e+00,3.13414974e-06,1.56707487e-06
2.809163,3.34546354e+00,3.16330101e-06,1.58165051e-06
2.811351,3.32383480e+00,3.19124899e-06,1.59562450e-06
2.813538,3.30810224e+00,3.21452555e-06,1.60726278e-06
2.815726,3.29790889e+00,3.22901086e-06,1.61450543e-06
2.817914,3.29285145e+00,3.23014100e-06,1.61507050e-06
2.820102,3.29248717e+00,3.21317415e-06,1.60658708e-06
2.822290,3.29634104e+00,3.17351012e-06,1.58675506e-06
2.824478,3.30391306e+00,3.10705475e-06,1.55352737e-06
2.826665,3.31468519e+00,3.01061085e-06,1.50530542e-06
2.828853,3.32812787e+00,2.88226072e-06,1.44113036e-06
2.831041,3.34370587e+00,2.72169004e-06,1.36084502e-06
2.833229,3.36088322e+00,2.53039679e-06,1.26519839e-06
2.835417,3.37912738e+00,2.31173837e-06,1.15586919e-06
2.837604,3.39791236e+00,2.07079531e-06,1.03539766e-06
2.839792,3.41672099e+00,1.81406160e-06,9.07030801e-07
2.841980,3.43504658e+00,1.54899937e-06,7.74499685e-07
2.844168,3.45239410e+00,1.28351148e-06,6.41755738e-07
2.846356,3.46828152e+00,1.02539898e-06,5.12699491e-07
2.848544,3.48224166e+00,7.81929147e-07,3.90964574e-07
2.850731,3.49382517e+00,5.59954682e-07,2.79977341e-07
2.852919,3.50260501e+00,3.68726289e-07,1.84363144e-07
2.855107,3.50818271e+00,2.36619362e-07,1.18309681e-07
2.857295,3.51019600e+00,2.42470047e-07,1.21235023e-07
2.859483,3.50832724e+00,3.81612743e-07,1.90806372e-07
2.861670,3.50231132e+00,5.81253375e-07,2.90626688e-07
2.863858,3.49194232e+00,8.19662643e-07,4.09831322e-07
2.866046,3.47707882e+00,1.08964454e-06,5.44822272e-07
2.868234,3.45764855e+00,1.38498934e-06,6.92494672e-07
2.870422,3.43365298e+00,1.70001460e-06,8.50007298e-07
2.872610,3.40517178e+00,2.03021741e-06,1.01510870e-06
2.874797,3.37236713e+00,2.37228641e-06,1.18614320e-06
2.876985,3.33548735e+00,2.72368176e-06,1.36184088e-06
2.879173,3.29486957e+00,3.08213902e-06,1.54106951e-06
2.881361,3.25094121e+00,3.44530486e-06,1.72265243e-06
2.883549,3.20421982e+00,3.81053929e-06,1.90526965e-06
2.885737,3.15531107e+00,4.17482702e-06,2.08741351e-06
2.887924,3.10490426e+00,4.53473622e-06,2.26736811e-06
2.890112,3.05376512e+00,4.88639206e-06,2.44319603e-06
2.892300,3.00272519e+00,5.22545660e-06,2.61272830e-06
2.894488,2.95266761e+00,5.54711937e-06,2.77355968e-06
2.896676,2.90450901e+00,5.84610699e-06,2.92305350e-06
2.898863,2.85917763e+00,6.11672164e-06,3.05836082e-06
2.901051,2.81758816e+00,6.35291795e-06,3.17645897e-06
2.903239,2.78061423e+00,6.54842745e-06,3.27421372e-06
2.905427,2.74906013e+00,6.69693813e-06,3.34846906e-06
2.907615,2.72363363e+00,6.79233380e-06,3.39616690e-06
2.909803,2.70492221e+00,6.82899307e-06,3.41449653e-06
2.911990,2.69337486e+00,6.80214056e-06,3.40107028e-06
2.914178,2.68929111e+00,6.70823428e-06,3.35411714e-06
2.916366,2.69281828e+00,6.54536432e-06,3.27268216e-06
2.918554,2.70395673e+00,6.31363210e-06,3.15681605e-06
2.920742,2.72257192e+00,6.01547685e-06,3.00773843e-06
2.922929,2.74841102e+00,5.65591664e-06,2.82795832e-06
2.925117,2.78112158e+00,5.24266901e-06,2.62133450e-06
2.927305,2.82026955e+00,4.78610555e-06,2.39305278e-06
2.929493,2.86535445e+00,4.29897427e-06,2.14948714e-06
2.931681,2.91582057e+00,3.79580887e-06,1.89790444e-06
2.933869,2.97106422e+00,3.29197485e-06,1.64598742e-06
2.936056,3.03043826e+00,2.80241417e-06,1.40120708e-06
2.938244,3.09325641e+00,2.34030792e-06,1.17015396e-06
2.940432,3.15879985e+00,1.91593889e-06,9.57969443e-07
2.942620,3.22632766e+00,1.53590935e-06,7.67954675e-07
2.944808,3.29509118e+00,1.20273595e-06,6.01367975e-07
2.946996,3.36435064e+00,9.15033063e-07,4.57516531e-07
2.949183,3.43339143e+00,6.69103516e-07,3.34551758e-07
2.951371,3.50153753e+00,4.64021022e-07,2.32010511e-07
2.953559,3.56816089e+00,3.16339575e-07,1.58169787e-07
2.955747,3.63268713e+00,2.81382589e-07,1.40691295e-07
2.957935,3.69459903e+00,3.70829430e-07,1.85414715e-07
2.960122,3.75343906e+00,5.08711714e-07,2.54355857e-07
2.962310,3.80881133e+00,6.49956093e-07,3.24978047e-07
2.964498,3.86038222e+00,7.78400875e-07,3.89200437e-07
2.966686,3.90787945e+00,8.87627444e-07,4.43813722e-07
2.968874,3.95108958e+00,9.74835893e-07,4.87417946e-07
2.971062,3.98985459e+00,1.03883835e-06,5.19419177e-07
2.973249,4.02406792e+00,1.07933269e-06,5.39666347e-07
2.975437,4.05367018e+00,1.09663777e-06,5.48318883e-07
2.977625,4.07864469e+00,1.09159407e-06,5.45797034e-07
2.979813,4.09901288e+00,1.06551651e-06,5.32758254e-07
2.982001,4.11482965e+00,1.02015686e-06,5.10078432e-07
2.984188,4.12617869e+00,9.57660529e-07,4.78830265e-07
2.986376,4.13316775e+00,8.80512791e-07,4.40256396e-07
2.988564,4.13592394e+00,7.91476468e-07,3.95738234e-07
2.990752,4.13458918e+00,6.93532767e-07,3.46766383e-07
2.992940,4.12931566e+00,5.89860936e-07,2.94930468e-07
2.995128,4.12026167e+00,4.83956258e-07,2.41978129e-07
2.997315,4.10758762e+00,3.80174252e-07,1.90087126e-07
2.999503,4.09145266e+00,2.85571370e-07,1.42785685e-07
3.001691,4.07201183e+00,2.15139877e-07,1.07569938e-07
3.003879,4.04941408e+00,1.96311471e-07,9.81557354e-08
3.006067,4.02380110e+00,2.38943055e-07,1.19471528e-07
3.008255,3.99530705e+00,3.15516207e-07,1.57758104e-07
3.010442,3.96405902e+00,4.02449477e-07,2.01224739e-07
3.012630,3.93017803e+00,4.88558008e-07,2.44279004e-07
3.014818,3.89378032e+00,5.68043000e-07,2.84021500e-07
3.017006,3.85497884e+00,6.37364559e-07,3.18682280e-07
3.019194,3.81388485e+00,6.94264533e-07,3.47132267e-07
3.021381,3.77060936e+00,7.37419682e-07,3.68709841e-07
3.023569,3.72526457e+00,7.66260080e-07,3.83130040e-07
3.025757,3.67796498e+00,7.80829985e-07,3.90414993e-07
3.027945,3.62882840e+00,7.81662870e-07,3.90831435e-07
3.030133,3.57797659e+00,7.69666228e-07,3.84833114e-07
3.032321,3.52553576e+00,7.46016830e-07,3.73008415e-07
3.034508,3.47163680e+00,7.12067710e-07,3.56033855e-07
3.036696,3.41641539e+00,6.69267935e-07,3.34633968e-07
3.038884,3.36001195e+00,6.19096026e-07,3.09548013e-07
3.041072,3.30257153e+00,5.63007972e-07,2.81503986e-07
3.043260,3.24424360e+00,5.02401622e-07,2.51200811e-07
3.045447,3.18518179e+00,4.38601469e-07,2.19300735e-07
3.047635,3.12554365e+00,3.72874266e-07,1.86437133e-07
3.049823,3.06549033e+00,3.06504379e-07,1.53252189e-07
3.052011,3.00518632e+00,2.41017987e-07,1.20508994e-07
3.054199,2.94479908e+00,1.78869334e-07,8.94346670e-08
3.056387,2.88449873e+00,1.25789433e-07,6.28947164e-08
3.058574,2.82445761e+00,9.73785796e-08,4.86892898e-08
3.060762,2.76484988e+00,1.12755750e-07,5.63778751e-08
3.062950,2.70585092e+00,1.58638077e-07,7.93190385e-08
3.065138,2.64763681e+00,2.15524231e-07,1.07762116e-07
3.067326,2.59038353e+00,2.75998463e-07,1.37999232e-07
3.069514,2.53426618e+00,3.37576624e-07,1.68788312e-07
3.071701,2.47945807e+00,3.99287624e-07,1.99643812e-07
3.073889,2.42612961e+00,4.60684195e-07,2.30342098e-07
3.076077,2.37444719e+00,5.21522952e-07,2.60761476e-07
3.078265,2.32457192e+00,5.81643757e-07,2.90821879e-07
3.080453,2.27665822e+00,6.40918274e-07,3.20459137e-07
3.082640,2.23085235e+00,6.99225554e-07,3.49612777e-07
3.084828,2.18729091e+00,7.56438787e-07,3.78219394e-07
3.087016,2.14609919e+00,8.12416660e-07,4.06208330e-07
3.089204,2.10738954e+00,8.66996617e-07,4.33498309e-07
3.091392,2.07125982e+00,9.19989216e-07,4.59994608e-07
3.093580,2.03779188e+00,9.71173684e-07,4.85586842e-07
3.095767,2.00705012e+00,1.02029526e-06,5.10147630e-07
3.097955,1.97908041e+00,1.06706497e-06,5.33532487e-07
3.100143,1.95390915e+00,1.11116241e-06,5.55581204e-07
3.102331,1.93154271e+00,1.15224168e-06,5.76120838e-07
3.104519,1.91196726e+00,1.18994047e-06,5.94970237e-07
3.106706,1.89514898e+00,1.22389172e-06,6.11945862e-07
3.108894,1.88103468e+00,1.25373697e-06,6.26868483e-07
3.111082,1.86955289e+00,1.27914045e-06,6.39570225e-07
3.113270,1.86061518e+00,1.29980285e-06,6.49901425e-07
3.115458,1.85411797e+00,1.31547351e-06,6.57736754e-07
3.117646,1.84994438e+00,1.32596039e-06,6.62980194e-07
3.119833,1.84796645e+00,1.33113710e-06,6.65568551e-07
3.122021,1.84804723e+00,1.33094675e-06,6.65473374e-07
3.124209,1.85004308e+00,1.32540257e-06,6.62701286e-07
3.126397,1.85380571e+00,1.31458572e-06,6.57292860e-07
3.128585,1.85918424e+00,1.29864056e-06,6.49320281e-07
3.130773,1.86602700e+00,1.27776816e-06,6.38884081e-07
3.132960,1.87418314e+00,1.25221853e-06,6.26109267e-07
3.135148,1.88350405e+00,1.22228227e-06,6.11141135e-07
3.137336,1.89384452e+00,1.18828209e-06,5.94141044e-07
3.139524,1.90506368e+00,1.15056475e-06,5.75282373e-07
3.141712,1.91702577e+00,1.10949363e-06,5.54746814e-07
3.143899,1.92960062e+00,1.06544228e-06,5.32721141e-07
3.146087,1.94266410e+00,1.01878903e-06,5.09394515e-07
3.148275,1.95609829e+00,9.69912761e-07,4.84956381e-07
3.150463,1.96979161e+00,9.19189949e-07,4.59594975e-07
3.152651,1.98363880e+00,8.66992959e-07,4.33496480e-07
3.154839,1.99754084e+00,8.13689719e-07,4.06844860e-07
3.157026,2.01140482e+00,7.59644921e-07,3.79822460e-07
3.159214,2.02514372e+00,7.05223049e-07,3.52611524e-07
3.161402,2.03867621e+00,6.50793778e-07,3.25396889e-07
3.163590,2.05192637e+00,5.96740644e-07,2.98370322e-07
3.165778,2.06482348e+00,5.43474499e-07,2.71737250e-07
3.167966,2.07730173e+00,4.91454169e-07,2.45727084e-07
3.170153,2.08930001e+00,4.41218081e-07,2.20609041e-07
3.172341,2.10076167e+00,3.93432200e-07,1.96716100e-07
3.174529,2.11163431e+00,3.48960212e-07,1.74480106e-07
3.176717,2.12186962e+00,3.08956946e-07,1.54478473e-07
3.178905,2.13142323e+00,2.74962243e-07,1.37481121e-07
3.181092,2.14025460e+00,2.48906339e-07,1.24453169e-07
3.183280,2.14832695e+00,2.32835858e-07,1.16417929e-07
3.185468,2.15560723e+00,2.28208788e-07,1.14104394e-07
3.187656,2.16206613e+00,2.35083686e-07,1.17541843e-07
3.189844,2.16767809e+00,2.51998130e-07,1.25999065e-07
3.192032,2.17242144e+00,2.76714842e-07,1.38357421e-07
3.194219,2.17627845e+00,3.07079524e-07,1.53539762e-07
3.196407,2.17923548e+00,3.41433599e-07,1.70716800e-07
3.198595,2.18128314e+00,3.78647134e-07,1.89323567e-07
3.200783,2.18241643e+00,4.18005774e-07,2.09002887e-07
3.202971,2.18263494e+00,4.59084532e-07,2.29542266e-07
3.205158,2.18194297e+00,5.01648735e-07,2.50824368e-07
3.207346,2.18034974e+00,5.45584780e-07,2.72792390e-07
3.209534,2.17786950e+00,5.90854103e-07,2.95427052e-07
3.211722,2.17452168e+00,6.37463711e-07,3.18731856e-07
3.213910,2.17033103e+00,6.85448195e-07,3.42724097e-07
3.216098,2.16532770e+00,7.34859638e-07,3.67429819e-07
3.218285,2.15954738e+00,7.85762794e-07,3.92881397e-07
3.220473,2.15303130e+00,8.38233603e-07,4.19116801e-07
3.222661,2.14582636e+00,8.92359618e-07,4.46179809e-07
3.224849,2.13798507e+00,9.48241329e-07,4.74120664e-07
3.227037,2.12956560e+00,1.00599366e-06,5.02996832e-07
3.229225,2.12063169e+00,1.06574724e-06,5.32873618e-07
3.231412,2.11125259e+00,1.12764901e-06,5.63824506e-07
3.233600,2.10150288e+00,1.19186227e-06,5.95931133e-07
3.235788,2.09146225e+00,1.25856562e-06,6.29282811e-07
3.237976,2.08121524e+00,1.32795115e-06,6.63975573e-07
3.240164,2.07085086e+00,1.40022130e-06,7.00110652e-07
3.242351,2.06046213e+00,1.47558468e-06,7.37792341e-07
3.244539,2.05014552e+00,1.55425033e-06,7.77125164e-07
3.246727,2.04000032e+00,1.63642060e-06,8.18210298e-07
3.248915,2.03012782e+00,1.72228235e-06,8.61141177e-07
3.251103,2.02063046e+00,1.81199657e-06,9.05998286e-07
3.253291,2.01161085e+00,1.90568628e-06,9.52843142e-07
3.255478,2.00317062e+00,2.00342314e-06,1.00171157e-06
3.257666,1.99540926e+00,2.10521277e-06,1.05260639e-06
3.259854,1.98842281e+00,2.21097960e-06,1.10548980e-06
3.262042,1.98230250e+00,2.32055145e-06,1.16027572e-06
3.264230,1.97713339e+00,2.43364497e-06,1.21682249e-06
3.266417,1.97299292e+00,2.54985258e-06,1.27492629e-06
3.268605,1.96994956e+00,2.66863179e-06,1.33431590e-06
3.270793,1.96806145e+00,2.78929796e-06,1.39464898e-06
3.272981,1.96737518e+00,2.91102101e-06,1.45551050e-06
3.275169,1.96792468e+00,3.03282691e-06,1.51641345e-06
3.277357,1.96973027e+00,3.15360423e-06,1.57680211e-06
3.279544,1.97279795e+00,3.27211581e-06,1.63605790e-06
3.281732,1.97711881e+00,3.38701547e-06,1.69350773e-06
3.283920,1.98266881e+00,3.49686915e-06,1.74843458e-06
3.286108,1.98940868e+00,3.60017995e-06,1.80008997e-06
3.288296,1.99728414e+00,3.69541590e-06,1.84770795e-06
3.290484,2.00622630e+00,3.78103979e-06,1.89051989e-06
3.292671,2.01615232e+00,3.85553968e-06,1.92776984e-06
3.294859,2.02696623e+00,3.91745937e-06,1.95872968e-06
3.297047,2.03855991e+00,3.96542784e-06,1.98271392e-06
3.299235,2.05081421e+00,3.99818695e-06,1.99909347e-06
3.301423,2.06360017e+00,4.01461697e-06,2.00730849e-06
3.303610,2.07678033e+00,4.01375962e-06,2.00687981e-06
3.305798,2.09021003e+00,3.99483846e-06,1.99741923e-06
3.307986,2.10373872e+00,3.95727689e-06,1.97863845e-06
3.310174,2.11721134e+00,3.90071387e-06,1.95035693e-06
3.312362,2.13046955e+00,3.82501780e-06,1.91250890e-06
3.314550,2.14335300e+00,3.73029915e-06,1.86514957e-06
3.316737,2.15570044e+00,3.61692232e-06,1.80846116e-06
3.318925,2.16735086e+00,3.48551749e-06,1.74275875e-06
3.321113,2.17814446e+00,3.33699318e-06,1.66849659e-06
3.323301,2.18792349e+00,3.17255003e-06,1.58627501e-06
3.325489,2.19653308e+00,2.99369640e-06,1.49684820e-06
3.327676,2.20382186e+00,2.80226567e-06,1.40113283e-06
3.329864,2.20964246e+00,2.60043395e-06,1.30021698e-06
3.332052,2.21385191e+00,2.39073552e-06,1.19536776e-06
3.334240,2.21631188e+00,2.17606938e-06,1.08803469e-06
3.336428,2.21688875e+00,1.95968677e-06,9.79843386e-07
3.338616,2.21545362e+00,1.74514337e-06,8.72571683e-07
3.340803,2.21188225e+00,1.53619658e-06,7.68098289e-07
3.342991,2.20605501e+00,1.33662997e-06,6.68314983e-07
3.345179,2.19785700e+00,1.15000037e-06,5.75000186e-07
3.347367,2.18717854e+00,9.79331997e-07,4.89665999e-07
3.349555,2.17391612e+00,8.26818359e-07,4.13409179e-07
3.351743,2.15797404e+00,6.93619163e-07,3.46809581e-07
3.353930,2.13926686e+00,5.79834154e-07,2.89917077e-07
3.356118,2.11772240e+00,4.84700727e-07,2.42350364e-07
3.358306,2.09328534e+00,4.07023466e-07,2.03511733e-07
3.360494,2.06592101e+00,3.45820513e-07,1.72910257e-07
3.362682,2.03561912e+00,3.01104924e-07,1.50552462e-07
3.364869,2.00239704e+00,2.74416827e-07,1.37208414e-07
3.367057,1.96630251e+00,2.68161691e-07,1.34080846e-07
3.369245,1.92741552e+00,2.83286617e-07,1.41643308e-07
3.371433,1.88584936e+00,3.17482745e-07,1.58741373e-07
3.373621,1.84175102e+00,3.66178603e-07,1.83089302e-07
3.375809,1.79530101e+00,4.24589481e-07,2.12294741e-07
3.377996,1.74671284e+00,4.88725823e-07,2.44362911e-07
3.380184,1.69623223e+00,5.55485796e-07,2.77742898e-07
3.382372,1.64413600e+00,6.22490459e-07,3.11245230e-07
3.384560,1.59073077e+00,6.87952607e-07,3.43976304e-07
3.386748,1.53635146e+00,7.50628864e-07,3.75314432e-07
3.388935,1.48135950e+00,8.09830211e-07,4.04915105e-07
3.391123,1.42614090e+00,8.65458625e-07,4.32729312e-07
3.393311,1.37110406e+00,9.18051436e-07,4.59025718e-07
3.395499,1.31667702e+00,9.68823947e-07,4.84411974e-07
3.397687,1.26330400e+00,1.01968940e-06,5.09844702e-07
3.399875,1.21144073e+00,1.07320664e-06,5.36603322e-07
3.402062,1.16154818e+00,1.13237878e-06,5.66189389e-07
3.404250,1.11408421e+00,1.20022792e-06,6.00113960e-07
3.406438,1.06949286e+00,1.27912689e-06,6.39563444e-07
3.408626,1.02819113e+00,1.36997826e-06,6.84989129e-07
3.410814,9.90553498e-01,1.47144287e-06,7.35721436e-07
3.413002,9.56894898e-01,1.57945840e-06,7.89729201e-07
3.415189,9.27453778e-01,1.68722655e-06,8.43613275e-07
3.417377,9.02377123e-01,1.78573105e-06,8.92865524e-07
3.419565,8.81709933e-01,1.86473482e-06,9.32367410e-07
3.421753,8.65391292e-01,1.91410793e-06,9.57053966e-07
3.423941,8.53258383e-01,1.92525512e-06,9.62627560e-07
3.426128,8.45058467e-01,1.89236373e-06,9.46181864e-07
3.428316,8.40467362e-01,1.81321737e-06,9.06608684e-07
3.430504,8.39111856e-01,1.68942973e-06,8.44714867e-07
3.432692,8.40592991e-01,1.52611159e-06,7.63055796e-07
3.434880,8.44507431e-01,1.33112837e-06,6.65564186e-07
3.437068,8.50464868e-01,1.11418378e-06,5.57091891e-07
3.439255,8.58100353e-01,8.85960998e-07,4.42980499e-07
3.441443,8.67081287e-01,6.57490054e-07,3.28745027e-07
3.443631,8.77109435e-01,4.39891343e-07,2.19945672e-07
3.445819,8.87918813e-01,2.45452466e-07,1.22726233e-07
3.448007,8.99270852e-01,1.03853968e-07,5.19269838e-08
3.450194,9.10948918e-01,1.32784949e-07,6.63924744e-08
3.452382,9.22754619e-01,2.36322901e-07,1.18161450e-07
3.454570,9.34507642e-01,3.29674470e-07,1.64837235e-07
3.456758,9.46049137e-01,4.11003410e-07,2.05501705e-07
3.458946,9.57246844e-01,4.86833134e-07,2.43416567e-07
3.461134,9.67999508e-01,5.63834804e-07,2.81917402e-07
3.463321,9.78238744e-01,6.46793545e-07,3.23396772e-07
3.465509,9.87928010e-01,7.38216391e-07,3.69108196e-07
3.467697,9.97059522e-01,8.38639383e-07,4.19319691e-07
3.469885,1.00565026e+00,9.47105912e-07,4.73552956e-07
3.472073,1.01373789e+00,1.06170964e-06,5.30854820e-07
3.474261,1.02137702e+00,1.18015446e-06,5.90077232e-07
3.476448,1.02863585e+00,1.30019742e-06,6.50098712e-07
3.478636,1.03559304e+00,1.41988668e-06,7.09943341e-07
3.480824,1.04233483e+00,1.53762051e-06,7.68810257e-07
3.483012,1.04895228e+00,1.65210693e-06,8.26053467e-07
3.485200,1.05553854e+00,1.76229137e-06,8.81145686e-07
3.487387,1.06218640e+00,1.86728849e-06,9.33644244e-07
3.489575,1.06898581e+00,1.96633094e-06,9.83165472e-07
3.491763,1.07602184e+00,2.05873643e-06,1.02936822e-06
3.493951,1.08337266e+00,2.14389000e-06,1.07194500e-06
3.496139,1.09110801e+00,2.22123785e-06,1.11061893e-06
3.498327,1.09928786e+00,2.29028921e-06,1.14514461e-06
3.500514,1.10796150e+00,2.35062308e-06,1.17531154e-06
3.502702,1.11716691e+00,2.40189761e-06,1.20094880e-06
3.504890,1.12693055e+00,2.44385990e-06,1.22192995e-06
3.507078,1.13726741e+00,2.47635473e-06,1.23817737e-06
3.509266,1.14818141e+00,2.49933090e-06,1.24966545e-06
3.511453,1.15966597e+00,2.51284436e-06,1.25642218e-06
3.513641,1.17170488e+00,2.51705787e-06,1.25852894e-06
3.515829,1.18427326e+00,2.51223687e-06,1.25611843e-06
3.518017,1.19733865e+00,2.49874205e-06,1.24937102e-06
3.520205,1.21086213e+00,2.47701905e-06,1.23850953e-06
3.522393,1.22479946e+00,2.44758598e-06,1.22379299e-06
3.524580,1.23910220e+00,2.41101946e-06,1.20550973e-06
3.526768,1.25371878e+00,2.36794007e-06,1.18397003e-06
3.528956,1.26859544e+00,2.31899778e-06,1.15949889e-06
3.531144,1.28367714e+00,2.26485808e-06,1.13242904e-06
3.533332,1.29890835e+00,2.20618909e-06,1.10309454e-06
3.535520,1.31423369e+00,2.14365025e-06,1.07182513e-06
3.537707,1.32959852e+00,2.07788254e-06,1.03894127e-06
3.539895,1.34494940e+00,2.00950047e-06,1.00475024e-06
3.542083,1.36023447e+00,1.93908573e-06,9.69542865e-07
3.544271,1.37540374e+00,1.86718251e-06,9.33591255e-07
3.546459,1.39040930e+00,1.79429427e-06,8.97147137e-07
3.548646,1.40520547e+00,1.72088185e-06,8.60440923e-07
3.550834,1.41974888e+00,1.64736264e-06,8.23681321e-07
3.553022,1.43399854e+00,1.57411082e-06,7.87055410e-07
3.555210,1.44791582e+00,1.50145821e-06,7.50729106e-07
3.557398,1.46146444e+00,1.42969584e-06,7.14847918e-07
3.559586,1.47461041e+00,1.35907585e-06,6.79537926e-07
3.561773,1.48732196e+00,1.28981384e-06,6.44906918e-07
3.563961,1.49956946e+00,1.22209125e-06,6.11045623e-07
3.566149,1.51132533e+00,1.15605800e-06,5.78029002e-07
3.568337,1.52256393e+00,1.09183512e-06,5.45917558e-07
3.570525,1.53326146e+00,1.02951726e-06,5.14758628e-07
3.572712,1.54339590e+00,9.69175305e-07,4.84587652e-07
3.574900,1.55294683e+00,9.10858757e-07,4.55429378e-07
3.577088,1.56189542e+00,8.54598036e-07,4.27299018e-07
3.579276,1.57022429e+00,8.00406655e-07,4.00203328e-07
3.581464,1.57791744e+00,7.48283239e-07,3.74141619e-07
3.583652,1.58496018e+00,6.98213395e-07,3.49106697e-07
3.585839,1.59133906e+00,6.50171446e-07,3.25085723e-07
3.588027,1.59704181e+00,6.04122019e-07,3.02061010e-07
3.590215,1.60205726e+00,5.60021507e-07,2.80010754e-07
3.592403,1.60637534e+00,5.17819404e-07,2.58909702e-07
3.594591,1.60998703e+00,4.77459537e-07,2.38729768e-07
3.596779,1.61288428e+00,4.38881207e-07,2.19440603e-07
3.598966,1.61506008e+00,4.02020248e-07,2.01010124e-07
3.601154,1.61650834e+00,3.66810044e-07,1.83405022e-07
3.603342,1.61722395e+00,3.33182509e-07,1.66591254e-07
3.605530,1.61720275e+00,3.01069109e-07,1.50534555e-07
3.607718,1.61644153e+00,2.70401957e-07,1.35200978e-07
3.609905,1.61493801e+00,2.41115116e-07,1.20557558e-07
3.612093,1.61269089e+00,2.13146301e-07,1.06573151e-07
3.614281,1.60969980e+00,1.86439362e-07,9.32196812e-08
3.616469,1.60596538e+00,1.60948299e-07,8.04741493e-08
3.618657,1.60148921e+00,1.36644488e-07,6.83222440e-08
3.620845,1.59627390e+00,1.13531055e-07,5.67655274e-08
3.623032,1.59032303e+00,9.16746421e-08,4.58373210e-08
3.625220,1.58364122e+00,7.12843885e-08,3.56421942e-08
3.627408,1.57623411e+00,5.29341031e-08,2.64670515e-08
3.629596,1.56810839e+00,3.82292452e-08,1.91146226e-08
3.631784,1.55927180e+00,3.11194631e-08,1.55597315e-08
3.633971,1.54973314e+00,3.52570342e-08,1.76285171e-08
3.636159,1.53950229e+00,4.70732790e-08,2.35366395e-08
3.638347,1.52859020e+00,6.18589297e-08,3.09294648e-08
3.640535,1.51700893e+00,7.76050511e-08,3.88025255e-08
3.642723,1.50477164e+00,9.35868467e-08,4.67934234e-08
3.644911,1.49189260e+00,1.09521644e-07,5.47608219e-08
3.647098,1.47838719e+00,1.25291012e-07,6.26455060e-08
3.649286,1.46427195e+00,1.40845024e-07,7.04225121e-08
3.651474,1.44956453e+00,1.56165025e-07,7.80825124e-08
3.653662,1.43428375e+00,1.71247451e-07,8.56237256e-08
3.655850,1.41844958e+00,1.86096143e-07,9.30480714e-08
3.658038,1.40208319e+00,2.00718420e-07,1.00359210e-07
3.660225,1.38520691e+00,2.15122978e-07,1.07561489e-07
3.662413,1.36784429e+00,2.29318712e-07,1.14659356e-07
3.664601,1.35002009e+00,2.43314040e-07,1.21657020e-07
3.666789,1.33176034e+00,2.57116517e-07,1.28558259e-07
3.668977,1.31309229e+00,2.70732610e-07,1.35366305e-07
3.671164,1.29404450e+00,2.84167568e-07,1.42083784e-07
3.673352,1.27464679e+00,2.97425358e-07,1.48712679e-07
3.675540,1.25493034e+00,3.10508634e-07,1.55254317e-07
3.677728,1.23492766e+00,3.23418737e-07,1.61709368e-07
3.679916,1.21467264e+00,3.36155707e-07,1.68077854e-07
3.682104,1.19420052e+00,3.48718324e-07,1.74359162e-07
3.684291,1.17354799e+00,3.61104154e-07,1.80552077e-07
3.686479,1.15275316e+00,3.73309634e-07,1.86654817e-07
3.688667,1.13185554e+00,3.85330173e-07,1.92665087e-07
3.690855,1.11089614e+00,3.97160305e-07,1.98580153e-07
3.693043,1.08991738e+00,4.08793878e-07,2.04396939e-07
3.695230,1.06896311e+00,4.20224313e-07,2.10112157e-07
3.697418,1.04807862e+00,4.31444937e-07,2.15722468e-07
3.699606,1.02731053e+00,4.42449397e-07,2.21224699e-07
3.701794,1.00670680e+00,4.53232189e-07,2.26616094e-07
3.703982,9.86316619e-01,4.63789280e-07,2.31894640e-07
3.706170,9.66190269e-01,4.74118870e-07,2.37059435e-07
3.708357,9.46379020e-01,4.84222247e-07,2.42111124e-07
3.710545,9.26934926e-01,4.94104751e-07,2.47052376e-07
3.712733,9.07910603e-01,5.03776800e-07,2.51888400e-07
3.714921,8.89358950e-01,5.13254908e-07,2.56627454e-07
3.717109,8.71332825e-01,5.22562623e-07,2.61281311e-07
3.719297,8.53884655e-01,5.31731230e-07,2.65865615e-07
3.721484,8.37065995e-01,5.40800076e-07,2.70400038e-07
3.723672,8.20927019e-01,5.49816295e-07,2.74908148e-07
3.725860,8.05515965e-01,5.58833710e-07,2.79416855e-07
3.728048,7.90878517e-01,5.67910688e-07,2.83955344e-07
3.730236,7.77057159e-01,5.77106752e-07,2.88553376e-07
3.732423,7.64090490e-01,5.86477845e-07,2.93238923e-07
3.734611,7.52012537e-01,5.96070269e-07,2.98035134e-07
3.736799,7.40852075e-01,6.05913497e-07,3.02956749e-07
3.738987,7.30631987e-01,6.16012299e-07,3.08006149e-07
3.741175,7.21368689e-01,6.26338761e-07,3.13169381e-07
3.743363,7.13071638e-01,6.36824993e-07,3.18412497e-07
3.745550,7.05742958e-01,6.47357305e-07,3.23678652e-07
3.747738,6.99377206e-01,6.57772612e-07,3.28886306e-07
3.749926,6.93961276e-01,6.67857607e-07,3.33928804e-07
3.752114,6.89474469e-01,6.77350967e-07,3.38675484e-07
3.754302,6.85888715e-01,6.85948550e-07,3.42974275e-07
3.756489,6.83168942e-01,6.93311253e-07,3.46655626e-07
3.758677,6.81273573e-01,6.99074996e-07,3.49537498e-07
3.760865,6.80155135e-01,7.02862216e-07,3.51431108e-07
3.763053,6.79760940e-01,7.04294256e-07,3.52147128e-07
3.765241,6.80033825e-01,7.03004142e-07,3.51502071e-07
3.767429,6.80912910e-01,6.98649385e-07,3.49324693e-07
3.769616,6.82334352e-01,6.90924580e-07,3.45462290e-07
3.771804,6.84232072e-01,6.79573688e-07,3.39786844e-07
3.773992,6.86538440e-01,6.64401933e-07,3.32200966e-07
3.776180,6.89184889e-01,6.45287204e-07,3.22643602e-07
3.778368,6.92102467e-01,6.22190755e-07,3.11095378e-07
3.780556,6.95222307e-01,5.95166807e-07,2.97583403e-07
3.782743,6.98476017e-01,5.64370459e-07,2.82185229e-07
3.784931,7.01795985e-01,5.30063099e-07,2.65031550e-07
3.787119,7.05115613e-01,4.92614296e-07,2.46307148e-07
3.789307,7.08369476e-01,4.52499060e-07,2.26249530e-07
3.791495,7.11493411e-01,4.10289337e-07,2.05144669e-07
3.793682,7.14424563e-01,3.66638704e-07,1.83319352e-07
3.795870,7.17101396e-01,3.22259463e-07,1.61129732e-07
3.798058,7.19463693e-01,2.77891701e-07,1.38945851e-07
3.800246,7.21452582e-01,2.34264293e-07,1.17132147e-07
3.802434,7.23010619e-01,1.92048479e-07,9.60242397e-08
3.804622,7.24081970e-01,1.51805908e-07,7.59029538e-08
3.806809,7.24612732e-01,1.13937229e-07,5.69686146e-08
3.808997,7.24551434e-01,7.86557236e-08,3.93278618e-08
3.811185,7.23849723e-01,4.61303252e-08,2.30651626e-08
3.813373,7.22463241e-01,1.86904303e-08,9.34521516e-09
3.815561,7.20352644e-01,2.38479911e-08,1.19239956e-08
3.817748,7.17484689e-01,5.24813652e-08,2.62406826e-08
3.819936,7.13833302e-01,8.45597856e-08,4.22798928e-08
3.822124,7.09380548e-01,1.19307011e-07,5.96535056e-08
3.824312,7.04117474e-01,1.56904513e-07,7.84522563e-08
3.826500,6.98044858e-01,1.97367088e-07,9.86835438e-08
3.828688,6.91173908e-01,2.40541001e-07,1.20270500e-07
3.830875,6.83526945e-01,2.86203200e-07,1.43101600e-07
3.833063,6.75138078e-01,3.34129938e-07,1.67064969e-07
3.835251,6.66053859e-01,3.84122025e-07,1.92061013e-07
3.837439,6.56333873e-01,4.36002487e-07,2.18001243e-07
3.839627,6.46051233e-01,4.89603164e-07,2.44801582e-07
3.841815,6.35292916e-01,5.44750527e-07,2.72375263e-07
3.844002,6.24159881e-01,6.01254823e-07,3.00627411e-07
3.846190,6.12766903e-01,6.58902825e-07,3.29451413e-07
3.848378,6.01242021e-01,7.17452786e-07,3.58726393e-07
3.850566,5.89725507e-01,7.76629830e-07,3.88314915e-07
3.852754,5.78368265e-01,8.36120225e-07,4.18060112e-07
3.854941,5.67329549e-01,8.95563182e-07,4.47781591e-07
3.857129,5.56773939e-01,9.54539160e-07,4.77269580e-07
3.859317,5.46867549e-01,1.01255411e-06,5.06277057e-07
3.861505,5.37773508e-01,1.06902018e-06,5.34510089e-07
3.863693,5.29646861e-01,1.12323499e-06,5.61617493e-07
3.865881,5.22629137e-01,1.17436421e-06,5.87182104e-07
3.868068,5.16842961e-01,1.22143414e-06,6.10717070e-07
3.870256,5.12387126e-01,1.26334236e-06,6.31671178e-07
3.872444,5.09332611e-01,1.29889282e-06,6.49446412e-07
3.874632,5.07719933e-01,1.32685646e-06,6.63428228e-07
3.876820,5.07558085e-01,1.34604899e-06,6.73024496e-07
3.879007,5.08825123e-01,1.35540678e-06,6.77703391e-07
3.881195,5.11470204e-01,1.35403142e-06,6.77015711e-07
3.883383,5.15416722e-01,1.34117239e-06,6.70586195e-07
3.885571,5.20566067e-01,1.31613462e-06,6.58067311e-07
3.887759,5.26801582e-01,1.27815048e-06,6.39075239e-07
3.889947,5.33992432e-01,1.22634187e-06,6.13170933e-07
3.892134,5.41997346e-01,1.15995043e-06,5.79975215e-07
3.894322,5.50668307e-01,1.07889280e-06,5.39446400e-07
3.896510,5.59854195e-01,9.84387440e-07,4.92193720e-07
3.898698,5.69404139e-01,8.79214792e-07,4.39607396e-07
3.900886,5.79170190e-01,7.67411573e-07,3.83705786e-07
3.903074,5.89009090e-01,6.53606637e-07,3.26803318e-07
3.905261,5.98783211e-01,5.42325785e-07,2.71162893e-07
3.907449,6.08361024e-01,4.37423662e-07,2.18711831e-07
3.909637,6.17617520e-01,3.41614912e-07,1.70807456e-07
3.911825,6.26434914e-01,2.56009915e-07,1.28004957e-07
3.914013,6.34703703e-01,1.79639222e-07,8.98196110e-08
3.916200,6.42323864e-01,1.09449107e-07,5.47245533e-08
3.918388,6.49205773e-01,4.48113427e-08,2.24056714e-08
3.920576,6.55270665e-01,5.06971843e-08,2.53485922e-08
3.922764,6.60451026e-01,1.22852140e-07,6.14260702e-08
3.924952,6.64691208e-01,1.99554345e-07,9.97771725e-08
3.927140,6.67948076e-01,2.73910004e-07,1.36955002e-07
3.929327,6.70191450e-01,3.42823717e-07,1.71411859e-07
3.931515,6.71404291e-01,4.04805421e-07,2.02402710e-07
3.933703,6.71582507e-01,4.59891126e-07,2.29945563e-07
3.935891,6.70734261e-01,5.08885807e-07,2.54442903e-07
3.938079,6.68878906e-01,5.52525473e-07,2.76262736e-07
3.940266,6.66045802e-01,5.91262588e-07,2.95631294e-07
3.942454,6.62273154e-01,6.25360413e-07,3.12680206e-07
3.944642,6.57606912e-01,6.54993298e-07,3.27496649e-07
3.946830,6.52099708e-01,6.80300751e-07,3.40150375e-07
3.949018,6.45809851e-01,7.01411452e-07,3.50705726e-07
3.951206,6.38800361e-01,7.18452662e-07,3.59226331e-07
3.953393,6.31138046e-01,7.31553134e-07,3.65776567e-07
3.955581,6.22892644e-01,7.40843329e-07,3.70421665e-07
3.957769,6.14136001e-01,7.46454729e-07,3.73227364e-07
3.959957,6.04941314e-01,7.48519063e-07,3.74259532e-07
3.962145,5.95382427e-01,7.47167883e-07,3.73583941e-07
3.964333,5.85533178e-01,7.42532639e-07,3.71266320e-07
3.966520,5.75466805e-01,7.34745370e-07,3.67372685e-07
3.968708,5.65255407e-01,7.23939999e-07,3.61970000e-07
3.970896,5.54969448e-01,7.10254242e-07,3.55127121e-07
3.973084,5.44677317e-01,6.93832115e-07,3.46916057e-07
3.975272,5.34444933e-01,6.74827050e-07,3.37413525e-07
3.977459,5.24335386e-01,6.53405707e-07,3.26702854e-07
3.979647,5.14408620e-01,6.29752620e-07,3.14876310e-07
3.981835,5.04721143e-01,6.04076006e-07,3.02038003e-07
3.984023,4.95325766e-01,5.76615252e-07,2.88307626e-07
3.986211,4.86271359e-01,5.47650887e-07,2.73825444e-07
3.988399,4.77602610e-01,5.17518204e-07,2.58759102e-07
3.990586,4.69359790e-01,4.86626007e-07,2.43313004e-07
3.992774,4.61578499e-01,4.55481909e-07,2.27740954e-07
3.994962,4.54289385e-01,4.24724304e-07,2.12362152e-07
3.997150,4.47517834e-01,3.95156902e-07,1.97578451e-07
3.999338,4.41283608e-01,3.67771901e-07,1.83885951e-07
4.001525,4.35600476e-01,3.43731981e-07,1.71865991e-07
4.003713,4.30475872e-01,3.24268405e-07,1.62134203e-07
4.005901,4.25910671e-01,3.10468585e-07,1.55234293e-07
4.008089,4.21899200e-01,3.02995299e-07,1.51497649e-07
4.010277,4.18429522e-01,3.01866938e-07,1.50933469e-07
4.012465,4.15484014e-01,3.06432568e-07,1.53216284e-07
4.014652,4.13040138e-01,3.15555865e-07,1.57777932e-07
4.016840,4.11071297e-01,3.27891410e-07,1.63945705e-07
4.019028,4.09547714e-01,3.42120468e-07,1.71060234e-07
4.021216,4.08437249e-01,3.57088299e-07,1.78544149e-07
4.023404,4.07706150e-01,3.71854541e-07,1.85927271e-07
4.025592,4.07319712e-01,3.85691802e-07,1.92845901e-07
4.027779,4.07242858e-01,3.98061617e-07,1.99030808e-07
4.029967,4.07440635e-01,4.08584387e-07,2.04292193e-07
4.032155,4.07878623e-01,4.17010637e-07,2.08505318e-07
4.034343,4.08523287e-01,4.23195978e-07,2.11597989e-07
4.036531,4.09342243e-01,4.27080049e-07,2.13540024e-07
4.038718,4.10304477e-01,4.28668968e-07,2.14334484e-07
4.040906,4.11380503e-01,4.28020706e-07,2.14010353e-07
4.043094,4.12542468e-01,4.25232865e-07,2.12616433e-07
4.045282,4.13764229e-01,4.20432449e-07,2.10216224e-07
4.047470,4.15021379e-01,4.13767311e-07,2.06883656e-07
4.049658,4.16291253e-01,4.05399052e-07,2.02699526e-07
4.051845,4.17552910e-01,3.95497153e-07,1.97748577e-07
4.054033,4.18787086e-01,3.84234204e-07,1.92117102e-07
4.056221,4.19976150e-01,3.71782076e-07,1.85891038e-07
4.058409,4.21104031e-01,3.58308917e-07,1.79154458e-07
4.060597,4.22156149e-01,3.43976846e-07,1.71988423e-07
4.062784,4.23119338e-01,3.28940266e-07,1.64470133e-07
4.064972,4.23981765e-01,3.13344666e-07,1.56672333e-07
4.067160,4.24732850e-01,2.97325863e-07,1.48662931e-07
4.069348,4.25363189e-01,2.81009576e-07,1.40504788e-07
4.071536,4.25864472e-01,2.64511290e-07,1.32255645e-07
4.073724,4.26229413e-01,2.47936334e-07,1.23968167e-07
4.075911,4.26451678e-01,2.31380126e-07,1.15690063e-07
4.078099,4.26525816e-01,2.14928553e-07,1.07464277e-07
4.080287,4.26447201e-01,1.98658440e-07,9.93292200e-08
4.082475,4.26211971e-01,1.82638079e-07,9.13190394e-08
4.084663,4.25816978e-01,1.66927813e-07,8.34639067e-08
4.086851,4.25259738e-01,1.51580658e-07,7.57903290e-08
4.089038,4.24538393e-01,1.36642958e-07,6.83214788e-08
4.091226,4.23651670e-01,1.22155119e-07,6.10775596e-08
4.093414,4.22598851e-01,1.08152474e-07,5.40762372e-08
4.095602,4.21379748e-01,9.46664102e-08,4.73332051e-08
4.097790,4.19994679e-01,8.17260629e-08,4.08630314e-08
4.099977,4.18444456e-01,6.93612190e-08,3.46806095e-08
4.102165,4.16730377e-01,5.76079449e-08,2.88039725e-08
4.104353,4.14854218e-01,4.65208597e-08,2.32604299e-08
4.106541,4.12818242e-01,3.62032295e-08,1.81016147e-08
4.108729,4.10625204e-01,2.68905601e-08,1.34452801e-08
4.110917,4.08278370e-01,1.92051814e-08,9.60259070e-09
4.113104,4.05781541e-01,1.47693079e-08,7.38465396e-09
4.115292,4.03139078e-01,1.56381650e-08,7.81908252e-09
4.117480,4.00355942e-01,2.06241777e-08,1.03120888e-08
4.119668,3.97437728e-01,2.72355871e-08,1.36177935e-08
4.121856,3.94390716e-01,3.43394172e-08,1.71697086e-08
4.124043,3.91221911e-01,4.15594630e-08,2.07797315e-08
4.126231,3.87939089e-01,4.87792434e-08,2.43896217e-08
4.128419,3.84550838e-01,5.59760261e-08,2.79880131e-08
4.130607,3.81066595e-01,6.31636299e-08,3.15818150e-08
4.132795,3.77496674e-01,7.03691947e-08,3.51845974e-08
4.134983,3.73852280e-01,7.76221290e-08,3.88110645e-08
4.137170,3.70145522e-01,8.49483790e-08,4.24741895e-08
4.139358,3.66389397e-01,9.23676560e-08,4.61838280e-08
4.141546,3.62597782e-01,9.98926731e-08,4.99463366e-08
4.143734,3.58785395e-01,1.07529854e-07,5.37649269e-08
4.145922,3.54967752e-01,1.15281052e-07,5.76405261e-08
4.148110,3.51161110e-01,1.23145830e-07,6.15729148e-08
4.150297,3.47382394e-01,1.31123859e-07,6.55619294e-08
4.152485,3.43649115e-01,1.39217100e-07,6.96085502e-08
4.154673,3.39979262e-01,1.47431500e-07,7.37157498e-08
4.156861,3.36391196e-01,1.55778051e-07,7.78890255e-08
4.159049,3.32903509e-01,1.64273168e-07,8.21365840e-08
4.161236,3.29534883e-01,1.72938351e-07,8.64691755e-08
4.163424,3.26303923e-01,1.81799192e-07,9.08995958e-08
4.165612,3.23228983e-01,1.90883772e-07,9.54418859e-08
4.167800,3.20327969e-01,2.00220554e-07,1.00110277e-07
4.169988,3.17618140e-01,2.09835875e-07,1.04917937e-07
4.172176,3.15115899e-01,2.19751196e-07,1.09875598e-07
4.174363,3.12836580e-01,2.29980294e-07,1.14990147e-07
4.176551,3.10794234e-01,2.40526586e-07,1.20263293e-07
4.178739,3.09001426e-01,2.51380797e-07,1.25690398e-07
4.180927,3.07469044e-01,2.62519166e-07,1.31259583e-07
4.183115,3.06206124e-01,2.73902323e-07,1.36951162e-07
4.185302,3.05219706e-01,2.85474958e-07,1.42737479e-07
4.187490,3.04514711e-01,2.97166279e-07,1.48583140e-07
4.189678,3.04093861e-01,3.08891260e-07,1.54445630e-07
4.191866,3.03957630e-01,3.20552546e-07,1.60276273e-07
4.194054,3.04104239e-01,3.32042912e-07,1.66021456e-07
4.196242,3.04529682e-01,3.43248068e-07,1.71624034e-07
4.198429,3.05227796e-01,3.54049672e-07,1.77024836e-07
4.200617,3.06190366e-01,3.64328340e-07,1.82164170e-07
4.202805,3.07407249e-01,3.73966532e-07,1.86983266e-07
4.204993,3.08866532e-01,3.82851157e-07,1.91425578e-07
4.207181,3.10554707e-01,3.90875832e-07,1.95437916e-07
4.209369,3.12456853e-01,3.97942723e-07,1.98971362e-07
4.211556,3.14556827e-01,4.03963942e-07,2.01981971e-07
4.213744,3.16837458e-01,4.08862523e-07,2.04431262e-07
4.215932,3.19280730e-01,4.12572989e-07,2.06286495e-07
4.218120,3.21867967e-01,4.15041571e-07,2.07520785e-07
4.220308,3.24579995e-01,4.16226128e-07,2.08113064e-07
4.222495,3.27397300e-01,4.16095845e-07,2.08047923e-07
4.224683,3.30300164e-01,4.14630760e-07,2.07315380e-07
4.226871,3.33268793e-01,4.11821184e-07,2.05910592e-07
4.229059,3.36283418e-01,4.07667080e-07,2.03833540e-07
4.231247,3.39324393e-01,4.02177434e-07,2.01088717e-07
4.233435,3.42372267e-01,3.95369667e-07,1.97684833e-07
4.235622,3.45407855e-01,3.87269120e-07,1.93634560e-07
4.237810,3.48412281e-01,3.77908641e-07,1.88954321e-07
4.239998,3.51367026e-01,3.67328291e-07,1.83664145e-07
4.242186,3.54253951e-01,3.55575188e-07,1.77787594e-07
4.244374,3.57055321e-01,3.42703520e-07,1.71351760e-07
4.246561,3.59753819e-01,3.28774709e-07,1.64387355e-07
4.248749,3.62332552e-01,3.13857768e-07,1.56928884e-07
4.250937,3.64775045e-01,2.98029832e-07,1.49014916e-07
4.253125,3.67065245e-01,2.81376871e-07,1.40688436e-07
4.255313,3.69187503e-01,2.63994556e-07,1.31997278e-07
4.257501,3.71126566e-01,2.45989217e-07,1.22994608e-07
4.259688,3.72867557e-01,2.27478803e-07,1.13739402e-07
4.261876,3.74395960e-01,2.08593655e-07,1.04296827e-07
4.264064,3.75697601e-01,1.89476801e-07,9.47384006e-08
4.266252,3.76758635e-01,1.70283394e-07,8.51416970e-08
4.268440,3.77565539e-01,1.51178723e-07,7.55893617e-08
4.270628,3.78105111e-01,1.32334214e-07,6.61671072e-08
4.272815,3.78364493e-01,1.13920826e-07,5.69604132e-08
4.275003,3.78331215e-01,9.60995484e-08,4.80497742e-08
4.277191,3.77993274e-01,7.90092500e-08,3.95046250e-08
4.279379,3.77339248e-01,6.27530467e-08,3.13765234e-08
4.281567,3.76358467e-01,4.73856085e-08,2.36928043e-08
4.283754,3.75041231e-01,3.29062219e-08,1.64531110e-08
4.285942,3.73379078e-01,1.92740758e-08,9.63703791e-09
4.288130,3.71365102e-01,6.66638979e-09,3.33319489e-09
4.290318,3.68994300e-01,7.28477665e-09,3.64238832e-09
4.292506,3.66263933e-01,1.92594249e-08,9.62971245e-09
4.294694,3.63173892e-01,3.15339938e-08,1.57669969e-08
4.296881,3.59727048e-01,4.40535722e-08,2.20267861e-08
4.299069,3.55929583e-01,5.69628345e-08,2.84814173e-08
4.301257,3.51791301e-01,7.04008125e-08,3.52004062e-08
4.303445,3.47325920e-01,8.44938915e-08,4.22469458e-08
4.305633,3.42551350e-01,9.93687623e-08,4.96843812e-08
4.307820,3.37489956e-01,1.15168254e-07,5.75841270e-08
4.310008,3.32168804e-01,1.32064687e-07,6.60323437e-08
4.312196,3.26619862e-01,1.50268828e-07,7.51344139e-08
4.314384,3.20880174e-01,1.70034159e-07,8.50170797e-08
4.316572,3.14991951e-01,1.91656808e-07,9.58284040e-08
4.318760,3.09002574e-01,2.15471261e-07,1.07735630e-07
4.320947,3.02964466e-01,2.41841219e-07,1.20920609e-07
4.323135,2.96934804e-01,2.71143829e-07,1.35571914e-07
4.325323,2.90974999e-01,3.03744721e-07,1.51872360e-07
4.327511,2.85149928e-01,3.39961279e-07,1.69980639e-07
4.329699,2.79526838e-01,3.80012669e-07,1.90006335e-07
4.331887,2.74173897e-01,4.23957345e-07,2.11978673e-07
4.334074,2.69158378e-01,4.71621769e-07,2.35810884e-07
4.336262,2.64544503e-01,5.22527690e-07,2.61263845e-07
4.338450,2.60391000e-01,5.75828916e-07,2.87914458e-07
4.340638,2.56748530e-01,6.30271337e-07,3.15135668e-07
4.342826,2.53657157e-01,6.84190860e-07,3.42095430e-07
4.345013,2.51144092e-01,7.35561535e-07,3.67780768e-07
4.347201,2.49221970e-01,7.82099852e-07,3.91049926e-07
4.349389,2.47887866e-01,8.21421232e-07,4.10710616e-07
4.351577,2.47123196e-01,8.51233343e-07,4.25616671e-07
4.353765,2.46894552e-01,8.69541181e-07,4.34770591e-07
4.355953,2.47155397e-01,8.74834316e-07,4.37417158e-07
4.358140,2.47848432e-01,8.66229032e-07,4.33114516e-07
4.360328,2.48908401e-01,8.43546854e-07,4.21773427e-07
4.362516,2.50265051e-01,8.07323370e-07,4.03661685e-07
4.364704,2.51845998e-01,7.58753746e-07,3.79376873e-07
4.366892,2.53579288e-01,6.99590863e-07,3.49795431e-07
4.369079,2.55395519e-01,6.32016845e-07,3.16008422e-07
4.371267,2.57229435e-01,5.58508718e-07,2.79254359e-07
4.373455,2.59020983e-01,4.81714368e-07,2.40857184e-07
4.375643,2.60715831e-01,4.04345845e-07,2.02172923e-07
4.377831,2.62265418e-01,3.29082472e-07,1.64541236e-07
4.380019,2.63626595e-01,2.58456681e-07,1.29228341e-07
4.382206,2.64760986e-01,1.94681495e-07,9.73407474e-08
4.384394,2.65634248e-01,1.39400124e-07,6.97000621e-08
4.386582,2.66215493e-01,9.34237863e-08,4.67118931e-08
4.388770,2.66477107e-01,5.66214189e-08,2.83107094e-08
4.390958,2.66395102e-01,2.81237189e-08,1.40618595e-08
4.393146,2.65949939e-01,7.77628370e-09,3.88814185e-09
4.395333,2.65127580e-01,1.30691425e-08,6.53457125e-09
4.397521,2.63920513e-01,2.63603475e-08,1.31801737e-08
4.399709,2.62328517e-01,3.83183842e-08,1.91591921e-08
4.401897,2.60359016e-01,4.97557973e-08,2.48778986e-08
4.404085,2.58026994e-01,6.14640480e-08,3.07320240e-08
4.406272,2.55354537e-01,7.39901875e-08,3.69950937e-08
4.408460,2.52370146e-01,8.76897702e-08,4.38448851e-08
4.410648,2.49107942e-01,1.02775045e-07,5.13875226e-08
4.412836,2.45606863e-01,1.19322323e-07,5.96611616e-08
4.415024,2.41909886e-01,1.37266398e-07,6.86331988e-08
4.417212,2.38063311e-01,1.56418318e-07,7.82091591e-08
4.419399,2.34116085e-01,1.76513829e-07,8.82569145e-08
4.421587,2.30119142e-01,1.97270026e-07,9.86350130e-08
4.423775,2.26124708e-01,2.18425009e-07,1.09212505e-07
4.425963,2.22185549e-01,2.39751826e-07,1.19875913e-07
4.428151,2.18354119e-01,2.61052340e-07,1.30526170e-07
4.430338,2.14681632e-01,2.82140763e-07,1.41070382e-07
4.432526,2.11217046e-01,3.02824651e-07,1.51412325e-07
4.434714,2.08005999e-01,3.22888153e-07,1.61444077e-07
4.436902,2.05089742e-01,3.42080354e-07,1.71040177e-07
4.439090,2.02504111e-01,3.60110401e-07,1.80055200e-07
4.441278,2.00278626e-01,3.76650429e-07,1.88325215e-07
4.443465,1.98435753e-01,3.91346502e-07,1.95673251e-07
4.445653,1.96990425e-01,4.03836742e-07,2.01918371e-07
4.447841,1.95949843e-01,4.13774736e-07,2.06887368e-07
4.450029,1.95313589e-01,4.20855257e-07,2.10427629e-07
4.452217,1.95074045e-01,4.24838838e-07,2.12419419e-07
4.454405,1.95217092e-01,4.25571783e-07,2.12785891e-07
4.456592,1.95723011e-01,4.22998980e-07,2.11499490e-07
4.458780,1.96567532e-01,4.17168121e-07,2.08584061e-07
4.460968,1.97722943e-01,4.08225329e-07,2.04112665e-07
4.463156,1.99159185e-01,3.96403462e-07,1.98201731e-07
4.465344,2.00844878e-01,3.82005179e-07,1.91002590e-07
4.467531,2.02748222e-01,3.65383203e-07,1.82691601e-07
4.469719,2.04837756e-01,3.46920079e-07,1.73460039e-07
4.471907,2.07082968e-01,3.27009308e-07,1.63504654e-07
4.474095,2.09454743e-01,3.06039117e-07,1.53019559e-07
4.476283,2.11925674e-01,2.84379543e-07,1.42189771e-07
4.478471,2.14470258e-01,2.62373006e-07,1.31186503e-07
4.480658,2.17064982e-01,2.40328183e-07,1.20164091e-07
4.482846,2.19688326e-01,2.18516741e-07,1.09258370e-07
4.485034,2.22320717e-01,1.97172452e-07,9.85862261e-08
4.487222,2.24944425e-01,1.76492174e-07,8.82460871e-08
4.489410,2.27543438e-01,1.56638301e-07,7.83191503e-08
4.491597,2.30103317e-01,1.37742443e-07,6.88712213e-08
4.493785,2.32611045e-01,1.19910347e-07,5.99551735e-08
4.495973,2.35054877e-01,1.03228441e-07,5.16142206e-08
4.498161,2.37424204e-01,8.77730300e-08,4.38865150e-08
4.500349,2.39709426e-01,7.36243051e-08,3.68121525e-08
4.502537,2.41901843e-01,6.08893803e-08,3.04446902e-08
4.504724,2.43993570e-01,4.97416281e-08,2.48708140e-08
4.506912,2.45977474e-01,4.04839662e-08,2.02419831e-08
4.509100,2.47847130e-01,3.36176934e-08,1.68088467e-08
4.511288,2.49596796e-01,2.97800059e-08,1.48900030e-08
4.513476,2.51221407e-01,2.92985849e-08,1.46492924e-08
4.515664,2.52716582e-01,3.16833060e-08,1.58416530e-08
4.517851,2.54078637e-01,3.59274435e-08,1.79637217e-08
4.520039,2.55304597e-01,4.11627366e-08,2.05813683e-08
4.522227,2.56392218e-01,4.68604759e-08,2.34302379e-08
4.524415,2.57339994e-01,5.27410835e-08,2.63705418e-08
4.526603,2.58147163e-01,5.86647268e-08,2.93323634e-08
4.528790,2.58813706e-01,6.45639133e-08,3.22819566e-08
4.530978,2.59340339e-01,7.04076497e-08,3.52038248e-08
4.533166,2.59728497e-01,7.61830061e-08,3.80915031e-08
4.535354,2.59980314e-01,8.18856926e-08,4.09428463e-08
4.537542,2.60098597e-01,8.75152915e-08,4.37576457e-08
4.539730,2.60086802e-01,9.30729150e-08,4.65364575e-08
4.541917,2.59949000e-01,9.85601232e-08,4.92800616e-08
4.544105,2.59689846e-01,1.03978483e-07,5.19892413e-08
4.546293,2.59314551e-01,1.09329434e-07,5.46647169e-08
4.548481,2.58828841e-01,1.14614292e-07,5.73071458e-08
4.550669,2.58238931e-01,1.19834285e-07,5.99171426e-08
4.552856,2.57551484e-01,1.24990600e-07,6.24953001e-08
4.555044,2.56773580e-01,1.30084398e-07,6.50421992e-08
4.557232,2.55912680e-01,1.35116816e-07,6.75584079e-08
4.559420,2.54976586e-01,1.40088939e-07,7.00444697e-08
4.561608,2.53973408e-01,1.45001764e-07,7.25008818e-08
4.563796,2.52911519e-01,1.49856135e-07,7.49280677e-08
4.565983,2.51799520e-01,1.54652687e-07,7.73263437e-08
4.568171,2.50646194e-01,1.59391766e-07,7.96958831e-08
4.570359,2.49460461e-01,1.64073354e-07,8.20366771e-08
4.572547,2.48251335e-01,1.68696992e-07,8.43484959e-08
4.574735,2.47027876e-01,1.73261697e-07,8.66308483e-08
4.576923,2.45799137e-01,1.77765884e-07,8.88829418e-08
4.579110,2.44574113e-01,1.82207288e-07,9.11036439e-08
4.581298,2.43361691e-01,1.86582889e-07,9.32914447e-08
4.583486,2.42170592e-01,1.90888844e-07,9.54444218e-08
4.585674,2.41009317e-01,1.95120417e-07,9.75602085e-08
4.587862,2.39886092e-01,1.99271932e-07,9.96359661e-08
4.590049,2.38808810e-01,2.03336725e-07,1.01668362e-07
4.592237,2.37784981e-01,2.07307112e-07,1.03653556e-07
4.594425,2.36821672e-01,2.11174381e-07,1.05587190e-07
4.596613,2.35925463e-01,2.14928790e-07,1.07464395e-07
4.598801,2.35102394e-01,2.18559604e-07,1.09279802e-07
4.600989,2.34357925e-01,2.22055141e-07,1.11027570e-07
4.603176,2.33696894e-01,2.25402851e-07,1.12701426e-07
4.605364,2.33123486e-01,2.28589426e-07,1.14294713e-07
4.607552,2.32641206e-01,2.31600926e-07,1.15800463e-07
4.609740,2.32252856e-01,2.34422943e-07,1.17211471e-07
4.611928,2.31960524e-01,2.37040775e-07,1.18520388e-07
4.614115,2.31765576e-01,2.39439632e-07,1.19719816e-07
4.616303,2.31668661e-01,2.41604843e-07,1.20802421e-07
4.618491,2.31669716e-01,2.43522082e-07,1.21761041e-07
4.620679,2.31767984e-01,2.45177591e-07,1.22588796e-07
4.622867,2.31962037e-01,2.46558400e-07,1.23279200e-07
4.625055,2.32249803e-01,2.47652529e-07,1.23826264e-07
4.627242,2.32628600e-01,2.48449185e-07,1.24224592e-07
4.629430,2.33095178e-01,2.48938923e-07,1.24469462e-07
4.631618,2.33645755e-01,2.49113792e-07,1.24556896e-07
4.633806,2.34276067e-01,2.48967436e-07,1.24483718e-07
4.635994,2.34981411e-01,2.48495178e-07,1.24247589e-07
4.638182,2.35756694e-01,2.47694062e-07,1.23847031e-07
4.640369,2.36596480e-01,2.46562864e-07,1.23281432e-07
4.642557,2.37495040e-01,2.45102078e-07,1.22551039e-07
4.644745,2.38446390e-01,2.43313868e-07,1.21656934e-07
4.646933,2.39444343e-01,2.41202004e-07,1.20601002e-07
4.649121,2.40482546e-01,2.38771774e-07,1.19385887e-07
4.651308,2.41554519e-01,2.36029876e-07,1.18014938e-07
4.653496,2.42653693e-01,2.32984315e-07,1.16492157e-07
4.655684,2.43773440e-01,2.29644271e-07,1.14822136e-07
4.657872,2.44907106e-01,2.26019985e-07,1.13009993e-07
4.660060,2.46048033e-01,2.22122632e-07,1.11061316e-07
4.662248,2.47189588e-01,2.17964198e-07,1.08982099e-07
4.664435,2.48325178e-01,2.13557375e-07,1.06778687e-07
4.666623,2.49448270e-01,2.08915446e-07,1.04457723e-07
4.668811,2.50552406e-01,2.04052194e-07,1.02026097e-07
4.670999,2.51631216e-01,1.98981818e-07,9.94909090e-08
4.673187,2.52678424e-01,1.93718852e-07,9.68594258e-08
4.675374,2.53687859e-01,1.88278106e-07,9.41390531e-08
4.677562,2.54653463e-01,1.82674616e-07,9.13373078e-08
4.679750,2.55569288e-01,1.76923597e-07,8.84617983e-08
4.681938,2.56429505e-01,1.71040418e-07,8.55202088e-08
4.684126,2.57228405e-01,1.65040576e-07,8.25202881e-08
4.686314,2.57960394e-01,1.58939685e-07,7.94698426e-08
4.688501,2.58620000e-01,1.52753465e-07,7.63767325e-08
4.690689,2.59201865e-01,1.46497740e-07,7.32488698e-08
4.692877,2.59700747e-01,1.40188433e-07,7.00942167e-08
4.695065,2.60111517e-01,1.33841570e-07,6.69207852e-08
4.697253,2.60429157e-01,1.27473266e-07,6.37366331e-08
4.699441,2.60648758e-01,1.21099715e-07,6.05498577e-08
4.701628,2.60765518e-01,1.14737168e-07,5.73685840e-08
4.703816,2.60774740e-01,1.08401891e-07,5.42009456e-08
4.706004,2.60671834e-01,1.02110114e-07,5.10550570e-08
4.708192,2.60452315e-01,9.58779506e-08,4.79389753e-08
4.710380,2.60111806e-01,8.97213027e-08,4.48606513e-08
4.712567,2.59646043e-01,8.36557395e-08,4.18278697e-08
4.714755,2.59050877e-01,7.76963616e-08,3.88481808e-08
4.716943,2.58322285e-01,7.18576614e-08,3.59288307e-08
4.719131,2.57456378e-01,6.61534007e-08,3.30767004e-08
4.721319,2.56449417e-01,6.05965493e-08,3.02982747e-08
4.723507,2.55297825e-01,5.51993505e-08,2.75996753e-08
4.725694,2.53998209e-01,4.99736321e-08,2.49868161e-08
4.727882,2.52547384e-01,4.49315559e-08,2.24657779e-08
4.730070,2.50942398e-01,4.00871402e-08,2.00435701e-08
4.732258,2.49180564e-01,3.54591355e-08,1.77295677e-08
4.734446,2.47259494e-01,3.10762742e-08,1.55381371e-08
4.736634,2.45177136e-01,2.69866665e-08,1.34933333e-08
4.738821,2.42931815e-01,2.32740763e-08,1.16370382e-08
4.741009,2.40522277e-01,2.00835256e-08,1.00417628e-08
4.743197,2.37947735e-01,1.76500380e-08,8.82501901e-09
4.745385,2.35207914e-01,1.62907461e-08,8.14537305e-09
4.747573,2.32303102e-01,1.62813533e-08,8.14067666e-09
4.749760,2.29234196e-01,1.76542684e-08,8.82713422e-09
4.751948,2.26002755e-01,2.01753697e-08,1.00876848e-08
4.754136,2.22611047e-01,2.35313584e-08,1.17656792e-08
4.756324,2.19062100e-01,2.74707762e-08,1.37353881e-08
4.758512,2.15359752e-01,3.18256620e-08,1.59128310e-08
4.760700,2.11508705e-01,3.64875599e-08,1.82437800e-08
4.762887,2.07514575e-01,4.13832132e-08,2.06916066e-08
4.765075,2.03383952e-01,4.64588527e-08,2.32294263e-08
4.767263,1.99124453e-01,5.16712444e-08,2.58356222e-08
4.769451,1.94744785e-01,5.69827847e-08,2.84913923e-08
4.771639,1.90254803e-01,6.23588211e-08,3.11794105e-08
4.773826,1.85665582e-01,6.77661601e-08,3.38830800e-08
4.776014,1.80989474e-01,7.31722092e-08,3.65861046e-08
4.778202,1.76240175e-01,7.85444860e-08,3.92722430e-08
4.780390,1.71432793e-01,8.38503927e-08,4.19251964e-08
4.782578,1.66583900e-01,8.90572569e-08,4.45286285e-08
4.784766,1.61711587e-01,9.41327081e-08,4.70663540e-08
4.786953,1.56835500e-01,9.90455123e-08,4.95227562e-08
4.789141,1.51976864e-01,1.03767028e-07,5.18835141e-08
4.791329,1.47158469e-01,1.08273476e-07,5.41367378e-08
4.793517,1.42404633e-01,1.12549216e-07,5.62746080e-08
4.795705,1.37741100e-01,1.16591198e-07,5.82955992e-08
4.797893,1.33194885e-01,1.20414580e-07,6.02072898e-08
4.800080,1.28794026e-01,1.24059219e-07,6.20296094e-08
4.802268,1.24567242e-01,1.27596189e-07,6.37980946e-08
4.804456,1.20543462e-01,1.31132594e-07,6.55662972e-08
4.806644,1.16751227e-01,1.34811913e-07,6.74059565e-08
4.808832,1.13217953e-01,1.38806194e-07,6.94030968e-08
4.811019,1.09969059e-01,1.43296451e-07,7.16482255e-08
4.813207,1.07027006e-01,1.48439558e-07,7.42197788e-08
4.815395,1.04410272e-01,1.54324172e-07,7.71620862e-08
4.817583,1.02132376e-01,1.60923605e-07,8.04618024e-08
4.819771,1.00201000e-01,1.68056980e-07,8.40284898e-08
