time_orbits,dist_km,u_p_norm,u_e_norm
0.000000,0.00000000e+00,0.00000000e+00,0.00000000e+00
0.001094,8.66463371e+02,1.16199020e-03,5.81260356e-04
0.002188,8.67072805e+02,1.14951775e-03,5.74717045e-04
0.003282,8.67835906e+02,1.13680410e-03,5.68246250e-04
0.004376,8.68736141e+02,1.12473629e-03,5.62142779e-04
0.005470,8.69758325e+02,1.11326931e-03,5.56523227e-04
0.006563,8.70888593e+02,1.10305849e-03,5.51354664e-04
0.007657,8.72114351e+02,1.09309004e-03,5.46936276e-04
0.008751,8.73424265e+02,1.08552682e-03,5.43036584e-04
0.009845,8.74808069e+02,1.07825169e-03,5.39889599e-04
0.010939,8.76256709e+02,1.07324092e-03,5.37683022e-04
0.012033,8.77762103e+02,1.07026434e-03,5.36199745e-04
0.013127,8.79317051e+02,1.06880513e-03,5.35669404e-04
0.014221,8.80915332e+02,1.06975468e-03,5.36104127e-04
0.015315,8.82551510e+02,1.07235676e-03,5.37658170e-04
0.016409,8.84220900e+02,1.07800166e-03,5.40244979e-04
0.017503,8.85919463e+02,1.08538707e-03,5.43898025e-04
0.018596,8.87643880e+02,1.09448925e-03,5.48719749e-04
0.019690,8.89391524e+02,1.10576373e-03,5.54553598e-04
0.020784,8.91160338e+02,1.11968345e-03,5.61573628e-04
0.021878,8.92948708e+02,1.13555248e-03,5.69569520e-04
0.022972,8.94755504e+02,1.15356680e-03,5.78536876e-04
0.024066,8.96580034e+02,1.17334134e-03,5.88383346e-04
0.025160,8.98422050e+02,1.19458346e-03,5.99084760e-04
0.026254,9.00281716e+02,1.21744035e-03,6.10466598e-04
0.027348,9.02159569e+02,1.24162459e-03,6.22436320e-04
0.028442,9.04056526e+02,1.26645749e-03,6.34946688e-04
0.029536,9.05973893e+02,1.29218263e-03,6.47843199e-04
0.030630,9.07913294e+02,1.31853298e-03,6.61069171e-04
0.031723,9.09876654e+02,1.34568998e-03,6.74726831e-04
0.032817,9.11866128e+02,1.37347178e-03,6.88461514e-04
0.033911,9.13884099e+02,1.40138386e-03,7.02418196e-04
0.035005,9.15933168e+02,1.42936084e-03,7.16379807e-04
0.036099,9.18016104e+02,1.45750740e-03,7.30254482e-04
0.037193,9.20135805e+02,1.48522012e-03,7.44044379e-04
0.038287,9.22295295e+02,1.51295191e-03,7.57731383e-04
0.039381,9.24497688e+02,1.54018485e-03,7.71314407e-04
0.040475,9.26746184e+02,1.56721848e-03,7.84656095e-04
0.041569,9.29043969e+02,1.59352697e-03,7.97800728e-04
0.042663,9.31394279e+02,1.61955018e-03,8.10607827e-04
0.043756,9.33800163e+02,1.64499514e-03,8.23056644e-04
0.044850,9.36264584e+02,1.66934541e-03,8.35212733e-04
0.045944,9.38790562e+02,1.69355179e-03,8.46936173e-04
0.047038,9.41380896e+02,1.71624140e-03,8.58299721e-04
0.048132,9.44038432e+02,1.73823367e-03,8.69211665e-04
0.049226,9.46765587e+02,1.76077844e-03,8.79591569e-04
0.050320,9.49564425e+02,1.78111453e-03,8.89519829e-04
0.051414,9.52436951e+02,1.80124271e-03,8.98915894e-04
0.052508,9.55384828e+02,1.81916204e-03,9.07807699e-04
0.053602,9.58409605e+02,1.83800436e-03,9.16124491e-04
0.054696,9.61512436e+02,1.85323971e-03,9.23914234e-04
0.055789,9.64694938e+02,1.86813867e-03,9.31176877e-04
0.056883,9.67958222e+02,1.88194314e-03,9.37883504e-04
0.057977,9.71302668e+02,1.89542153e-03,9.43991234e-04
0.059071,9.74728227e+02,1.90875029e-03,9.49494695e-04
0.060165,9.78234878e+02,1.91749491e-03,9.54392115e-04
0.061259,9.81822596e+02,1.92893016e-03,9.58737022e-04
0.062353,9.85490576e+02,1.93742675e-03,9.62466840e-04
0.063447,9.89237438e+02,1.94735398e-03,9.65599484e-04
0.064541,9.93061556e+02,1.95334843e-03,9.68076906e-04
0.065635,9.96961825e+02,1.95802009e-03,9.69975302e-04
0.066729,1.00093616e+03,1.96202696e-03,9.71248554e-04
0.067822,1.00498338e+03,1.96104513e-03,9.71935944e-04
0.068916,1.00910251e+03,1.96150247e-03,9.72143122e-04
0.070010,1.01329121e+03,1.96405714e-03,9.71834559e-04
0.071104,1.01754606e+03,1.96618864e-03,9.70943708e-04
0.072198,1.02186386e+03,1.96437965e-03,9.69422465e-04
0.073292,1.02624229e+03,1.95664262e-03,9.67289505e-04
0.074386,1.03067933e+03,1.95152531e-03,9.64761436e-04
0.075480,1.03517249e+03,1.94558876e-03,9.61770237e-04
0.076574,1.03971870e+03,1.93979764e-03,9.58312915e-04
0.077668,1.04431483e+03,1.92978888e-03,9.54304410e-04
0.078762,1.04895774e+03,1.92408924e-03,9.49990361e-04
0.079855,1.05364353e+03,1.91538235e-03,9.45162123e-04
0.080949,1.05836818e+03,1.90744697e-03,9.39928854e-04
0.082043,1.06312779e+03,1.89386460e-03,9.34140315e-04
0.083137,1.06791885e+03,1.88369780e-03,9.28076453e-04
0.084231,1.07273790e+03,1.86937698e-03,9.21574818e-04
0.085325,1.07758135e+03,1.85722334e-03,9.14787372e-04
0.086419,1.08244534e+03,1.84201807e-03,9.07582067e-04
0.087513,1.08732588e+03,1.82780753e-03,9.00082865e-04
0.088607,1.09221963e+03,1.80774569e-03,8.92168283e-04
0.089701,1.09712321e+03,1.79580097e-03,8.84199944e-04
0.090795,1.10203201e+03,1.77917443e-03,8.75808153e-04
0.091889,1.10694189e+03,1.76349576e-03,8.67167495e-04
0.092982,1.11184868e+03,1.74368414e-03,8.58162294e-04
0.094076,1.11674911e+03,1.72152671e-03,8.48910380e-04
0.095170,1.12164028e+03,1.70502208e-03,8.39645480e-04
0.096264,1.12651777e+03,1.68480916e-03,8.30032298e-04
0.097358,1.13137814e+03,1.66456086e-03,8.20273538e-04
0.098452,1.13621785e+03,1.64544420e-03,8.10365561e-04
0.099546,1.14103301e+03,1.62413013e-03,8.00233504e-04
0.100640,1.14582026e+03,1.60243999e-03,7.89954685e-04
0.101734,1.15057588e+03,1.58069250e-03,7.79528150e-04
0.102828,1.15529644e+03,1.56270730e-03,7.69079229e-04
0.103922,1.15997822e+03,1.53690073e-03,7.58311218e-04
0.105015,1.16461859e+03,1.51303635e-03,7.47528007e-04
0.106109,1.16921474e+03,1.48873112e-03,7.36666977e-04
0.107203,1.17376342e+03,1.47089503e-03,7.25869350e-04
0.108297,1.17826065e+03,1.44840963e-03,7.14857093e-04
0.109391,1.18270305e+03,1.42772810e-03,7.03809924e-04
0.110485,1.18708717e+03,1.40244171e-03,6.92579408e-04
0.111579,1.19141020e+03,1.38267296e-03,6.81440774e-04
0.112673,1.19566844e+03,1.35877028e-03,6.70130667e-04
0.113767,1.19985896e+03,1.33621663e-03,6.58823794e-04
0.114861,1.20397889e+03,1.31318196e-03,6.47480814e-04
0.115955,1.20802528e+03,1.29029528e-03,6.36114875e-04
0.117048,1.21199537e+03,1.26539538e-03,6.24698502e-04
0.118142,1.21588675e+03,1.24102349e-03,6.13297735e-04
0.119236,1.21969715e+03,1.21769694e-03,6.01931434e-04
0.120330,1.22342368e+03,1.19655094e-03,5.90589058e-04
0.121424,1.22706350e+03,1.17243560e-03,5.79204147e-04
0.122518,1.23061409e+03,1.14968118e-03,5.67850671e-04
0.123612,1.23407305e+03,1.12597256e-03,5.56509875e-04
0.124706,1.23743818e+03,1.10285188e-03,5.45206510e-04
0.125800,1.24070696e+03,1.08149794e-03,5.33959750e-04
0.126894,1.24387676e+03,1.05889719e-03,5.22702743e-04
0.127988,1.24694515e+03,1.03876638e-03,5.11527534e-04
0.129081,1.24990961e+03,1.01600838e-03,5.00331656e-04
0.130175,1.25276813e+03,9.92022722e-04,4.89170122e-04
0.131269,1.25551896e+03,9.69701251e-04,4.78097782e-04
0.132363,1.25816008e+03,9.47104112e-04,4.67072207e-04
0.133457,1.26068958e+03,9.24146011e-04,4.56107881e-04
0.134551,1.26310571e+03,9.01726197e-04,4.45222994e-04
0.135645,1.26540668e+03,8.80342703e-04,4.34413608e-04
0.136739,1.26759073e+03,8.57222968e-04,4.23659730e-04
0.137833,1.26965633e+03,8.35823651e-04,4.13006575e-04
0.138927,1.27160164e+03,8.15481251e-04,4.02440199e-04
0.140021,1.27342503e+03,7.93096503e-04,3.91932330e-04
0.141114,1.27512511e+03,7.71904078e-04,3.81527987e-04
0.142208,1.27670035e+03,7.50318626e-04,3.71196746e-04
0.143302,1.27814940e+03,7.29148830e-04,3.60971238e-04
0.144396,1.27947082e+03,7.09313089e-04,3.50855061e-04
0.145490,1.28066318e+03,6.88934617e-04,3.40827670e-04
0.146584,1.28172513e+03,6.69031346e-04,3.30902883e-04
0.147678,1.28265532e+03,6.49980625e-04,3.21090317e-04
0.148772,1.28345241e+03,6.30398000e-04,3.11358337e-04
0.149866,1.28411529e+03,6.10062907e-04,3.01734004e-04
0.150960,1.28464286e+03,5.91496763e-04,2.92238836e-04
0.152054,1.28503399e+03,5.72696159e-04,2.82856574e-04
0.153148,1.28528776e+03,5.52864307e-04,2.73572182e-04
0.154241,1.28540328e+03,5.34113163e-04,2.64419435e-04
0.155335,1.28537965e+03,5.15127760e-04,2.55384339e-04
0.156429,1.28521604e+03,4.97834565e-04,2.46497328e-04
0.157523,1.28491158e+03,4.80221581e-04,2.37729200e-04
0.158617,1.28446547e+03,4.63097704e-04,2.29085087e-04
0.159711,1.28387697e+03,4.45089002e-04,2.20558078e-04
0.160805,1.28314546e+03,4.28589634e-04,2.12181512e-04
0.161899,1.28227026e+03,4.12117324e-04,2.03938788e-04
0.162993,1.28125074e+03,3.96145045e-04,1.95836891e-04
0.164087,1.28008635e+03,3.80569600e-04,1.87879469e-04
0.165181,1.27877655e+03,3.65054658e-04,1.80063030e-04
0.166274,1.27732102e+03,3.49557878e-04,1.72389647e-04
0.167368,1.27571943e+03,3.33974462e-04,1.64852018e-04
0.168462,1.27397154e+03,3.18757036e-04,1.57476396e-04
0.169556,1.27207716e+03,3.04028275e-04,1.50262162e-04
0.170650,1.27003617e+03,2.89673906e-04,1.43212645e-04
0.171744,1.26784853e+03,2.75944429e-04,1.36333301e-04
0.172838,1.26551423e+03,2.62332341e-04,1.29620019e-04
0.173932,1.26303331e+03,2.49107138e-04,1.23085762e-04
0.175026,1.26040587e+03,2.36681952e-04,1.16746619e-04
0.176120,1.25763208e+03,2.23612036e-04,1.10580186e-04
0.177214,1.25471219e+03,2.12366340e-04,1.04646860e-04
0.178307,1.25164656e+03,2.00179816e-04,9.88973222e-05
0.179401,1.24843563e+03,1.89564529e-04,9.34064841e-05
0.180495,1.24507988e+03,1.78689234e-04,8.81436128e-05
0.181589,1.24157991e+03,1.68630194e-04,8.31562631e-05
0.182683,1.23793637e+03,1.58618806e-04,7.84533710e-05
0.183777,1.23415001e+03,1.49536657e-04,7.40736449e-05
0.184871,1.23022169e+03,1.41504013e-04,7.00464773e-05
0.185965,1.22615235e+03,1.33981758e-04,6.64112777e-05
0.187059,1.22194303e+03,1.27878727e-04,6.31992394e-05
0.188153,1.21759488e+03,1.22172652e-04,6.04441765e-05
0.189247,1.21310914e+03,1.17386999e-04,5.81982076e-05
0.190340,1.20848710e+03,1.13861548e-04,5.64964707e-05
0.191434,1.20373020e+03,1.11475338e-04,5.53571367e-05
0.192528,1.19883998e+03,1.10328249e-04,5.47994302e-05
0.193622,1.19381805e+03,1.10642998e-04,5.48051321e-05
0.194716,1.18866618e+03,1.11382295e-04,5.53690217e-05
0.195810,1.18338618e+03,1.13534930e-04,5.64470416e-05
0.196904,1.17798001e+03,1.16731186e-04,5.79978752e-05
0.197998,1.17244975e+03,1.20771738e-04,5.99558531e-05
0.199092,1.16679756e+03,1.25262798e-04,6.22967456e-05
0.200186,1.16102572e+03,1.30569886e-04,6.49392674e-05
0.201280,1.15513664e+03,1.36231071e-04,6.78422069e-05
0.202373,1.14913284e+03,1.42637701e-04,7.09796520e-05
0.203467,1.14301692e+03,1.49316937e-04,7.42993172e-05
0.204561,1.13679166e+03,1.56245317e-04,7.77579406e-05
0.205655,1.13045993e+03,1.63309732e-04,8.13480116e-05
0.206749,1.12402471e+03,1.70745544e-04,8.50441409e-05
0.207843,1.11748905e+03,1.78165754e-04,8.88302032e-05
0.208937,1.11085609e+03,1.86198405e-04,9.26814413e-05
0.210031,1.10412920e+03,1.94165021e-04,9.65660179e-05
0.211125,1.09731189e+03,2.01662856e-04,1.00475591e-04
0.212219,1.09040773e+03,2.09665410e-04,1.04429198e-04
0.213313,1.08342046e+03,2.17707071e-04,1.08405081e-04
0.214407,1.07635387e+03,2.25483292e-04,1.12378825e-04
0.215500,1.06921191e+03,2.33596240e-04,1.16372063e-04
0.216594,1.06199870e+03,2.41841457e-04,1.20376280e-04
0.217688,1.05471839e+03,2.50037471e-04,1.24375883e-04
0.218782,1.04737530e+03,2.58160142e-04,1.28364694e-04
0.219876,1.03997390e+03,2.66209324e-04,1.32340615e-04
0.220970,1.03251875e+03,2.74115730e-04,1.36292585e-04
0.222064,1.02501445e+03,2.82244041e-04,1.40249332e-04
0.223158,1.01746582e+03,2.90159412e-04,1.44175365e-04
0.224252,1.00987772e+03,2.97781400e-04,1.48063091e-04
0.225346,1.00225512e+03,3.05512626e-04,1.51942495e-04
0.226440,9.94603148e+02,3.13217977e-04,1.55797034e-04
0.227533,9.86926914e+02,3.21133415e-04,1.59639722e-04
0.228627,9.79231591e+02,3.28949838e-04,1.63454520e-04
0.229721,9.71522469e+02,3.36577068e-04,1.67238718e-04
0.230815,9.63804960e+02,3.43970569e-04,1.70990951e-04
0.231909,9.56084599e+02,3.51543186e-04,1.74741115e-04
0.233003,9.48367057e+02,3.59254631e-04,1.78479182e-04
0.234097,9.40658070e+02,3.66937186e-04,1.82193859e-04
0.235191,9.32963451e+02,3.74244401e-04,1.85869560e-04
0.236285,9.25288932e+02,3.81982681e-04,1.89525564e-04
0.237379,9.17640287e+02,3.88863963e-04,1.93170494e-04
0.238473,9.10023691e+02,3.96050257e-04,1.96774876e-04
0.239566,9.02445007e+02,4.03569264e-04,2.00376827e-04
0.240660,8.94910198e+02,4.10464119e-04,2.03984837e-04
0.241754,8.87425529e+02,4.17375661e-04,2.07582497e-04
0.242848,8.79997114e+02,4.24610891e-04,2.11156787e-04
0.243942,8.72630954e+02,4.32195680e-04,2.14758588e-04
0.245036,8.65333131e+02,4.39345209e-04,2.18326611e-04
0.246130,8.58109813e+02,4.45793050e-04,2.21916478e-04
0.247224,8.50967089e+02,4.53460566e-04,2.25497059e-04
0.248318,8.43910876e+02,4.61251001e-04,2.29080576e-04
0.249412,8.36946728e+02,4.69243206e-04,2.32650032e-04
0.250506,8.30080240e+02,4.76459812e-04,2.36235650e-04
0.251599,8.23317229e+02,4.84145383e-04,2.39822966e-04
0.252693,8.16663365e+02,4.91297737e-04,2.43433570e-04
0.253787,8.10124158e+02,5.00052562e-04,2.47012695e-04
0.254881,8.03704356e+02,5.07089532e-04,2.50634908e-04
0.255975,7.97409592e+02,5.13455445e-04,2.54296553e-04
0.257069,7.91245493e+02,5.20407549e-04,2.57936251e-04
0.258163,7.85217381e+02,5.28023073e-04,2.61609818e-04
0.259257,7.79329910e+02,5.35741829e-04,2.65272210e-04
0.260351,7.73587510e+02,5.44084452e-04,2.68923588e-04
0.261445,7.67994286e+02,5.51713980e-04,2.72596681e-04
0.262539,7.62554392e+02,5.58989084e-04,2.76276782e-04
0.263632,7.57271315e+02,5.69210745e-04,2.79838234e-04
0.264726,7.52147995e+02,5.74874485e-04,2.83501907e-04
0.265820,7.47188208e+02,5.83456628e-04,2.87088484e-04
0.266914,7.42394580e+02,5.90638743e-04,2.90645298e-04
0.268008,7.37770033e+02,5.98341050e-04,2.94182659e-04
0.269102,7.33316869e+02,6.05938239e-04,2.97654009e-04
0.270196,7.29036935e+02,6.13264380e-04,3.01038715e-04
0.271290,7.24931580e+02,6.21894783e-04,3.04323530e-04
0.272384,7.21001748e+02,6.29107596e-04,3.07525700e-04
0.273478,7.17248335e+02,6.35544321e-04,3.10645204e-04
0.274572,7.13671777e+02,6.43370225e-04,3.13606209e-04
0.275666,7.10272189e+02,6.47190885e-04,3.16504341e-04
0.276759,7.07050287e+02,6.52569848e-04,3.19261331e-04
0.277853,7.04005431e+02,6.60258252e-04,3.21777257e-04
0.278947,7.01136169e+02,6.66787225e-04,3.24119542e-04
0.280041,6.98441533e+02,6.67430525e-04,3.26397012e-04
0.281135,6.95920721e+02,6.72640874e-04,3.28377807e-04
0.282229,6.93571709e+02,6.78123139e-04,3.30121542e-04
0.283323,6.91391698e+02,6.82831266e-04,3.31604885e-04
0.284417,6.89377832e+02,6.86323859e-04,3.32848153e-04
0.285511,6.87527352e+02,6.88088515e-04,3.33872171e-04
0.286605,6.85836992e+02,6.89342939e-04,3.34584724e-04
0.287699,6.84303476e+02,6.90211861e-04,3.35000040e-04
0.288792,6.82923811e+02,6.87763366e-04,3.35208787e-04
0.289886,6.81694895e+02,6.86782142e-04,3.35124342e-04
0.290980,6.80612313e+02,6.87964568e-04,3.34653604e-04
0.292074,6.79671548e+02,6.84205050e-04,3.33902608e-04
0.293168,6.78868036e+02,6.85593235e-04,3.32743422e-04
0.294262,6.78195812e+02,6.84957430e-04,3.31206342e-04
0.295356,6.77649453e+02,6.81658333e-04,3.29357637e-04
0.296450,6.77223750e+02,6.75842419e-04,3.27192237e-04
0.297544,6.76914137e+02,6.69822547e-04,3.24705074e-04
0.298638,6.76715773e+02,6.62883560e-04,3.21921023e-04
0.299732,6.76623480e+02,6.55073445e-04,3.18781603e-04
0.300825,6.76632057e+02,6.50247511e-04,3.15302464e-04
0.301919,6.76735235e+02,6.42444868e-04,3.11496434e-04
0.303013,6.76927085e+02,6.35855492e-04,3.07379187e-04
0.304107,6.77202034e+02,6.23103245e-04,3.02959742e-04
0.305201,6.77555118e+02,6.13523533e-04,2.98281445e-04
0.306295,6.77980905e+02,6.03092656e-04,2.93302295e-04
0.307389,6.78474195e+02,5.90523868e-04,2.88066918e-04
0.308483,6.79029412e+02,5.81570848e-04,2.82566682e-04
0.309577,6.79640576e+02,5.69111402e-04,2.76795665e-04
0.310671,6.80302525e+02,5.55054668e-04,2.70814433e-04
0.311765,6.81009665e+02,5.44373208e-04,2.64631076e-04
0.312858,6.81756069e+02,5.31986985e-04,2.58204099e-04
0.313952,6.82536253e+02,5.18003901e-04,2.51584839e-04
0.315046,6.83345055e+02,5.04830850e-04,2.44820493e-04
0.316140,6.84177345e+02,4.88871731e-04,2.37875319e-04
0.317234,6.85028392e+02,4.74910973e-04,2.30836927e-04
0.318328,6.85893169e+02,4.60625599e-04,2.23686376e-04
0.319422,6.86766527e+02,4.46862785e-04,2.16433572e-04
0.320516,6.87643610e+02,4.30243691e-04,2.09083761e-04
0.321610,6.88520204e+02,4.13680789e-04,2.01686015e-04
0.322704,6.89391876e+02,3.99505948e-04,1.94279740e-04
0.323798,6.90253995e+02,3.84845835e-04,1.86862813e-04
0.324891,6.91102219e+02,3.69904242e-04,1.79442092e-04
0.325985,6.91932270e+02,3.53822117e-04,1.72012924e-04
0.327079,6.92740106e+02,3.38841061e-04,1.64653319e-04
0.328173,6.93521677e+02,3.24117959e-04,1.57361712e-04
0.329267,6.94273027e+02,3.08869160e-04,1.50131461e-04
0.330361,6.94990325e+02,2.95257636e-04,1.43052708e-04
0.331455,6.95669823e+02,2.79913604e-04,1.36042495e-04
0.332549,6.96308093e+02,2.66056986e-04,1.29225867e-04
0.333643,6.96901645e+02,2.51902472e-04,1.22562280e-04
0.334737,6.97447199e+02,2.38114128e-04,1.16098980e-04
0.335831,6.97941633e+02,2.25246060e-04,1.09881468e-04
0.336925,6.98381725e+02,2.13021817e-04,1.03921300e-04
0.338018,6.98764472e+02,2.00516261e-04,9.82091483e-05
0.339112,6.99086977e+02,1.90028306e-04,9.28588281e-05
0.340206,6.99346224e+02,1.79510130e-04,8.78245776e-05
0.341300,6.99539444e+02,1.70365312e-04,8.31842436e-05
0.342394,6.99663860e+02,1.61653982e-04,7.89382968e-05
0.343488,6.99716827e+02,1.53412492e-04,7.51139948e-05
0.344582,6.99695866e+02,1.46631488e-04,7.17726183e-05
0.345676,6.99598584e+02,1.40562356e-04,6.89165823e-05
0.346770,6.99422665e+02,1.35544227e-04,6.65837755e-05
0.347864,6.99165968e+02,1.31254939e-04,6.47687498e-05
0.348958,6.98826546e+02,1.28230018e-04,6.34918019e-05
0.350051,6.98402492e+02,1.26824744e-04,6.27343898e-05
0.351145,6.97891981e+02,1.26180655e-04,6.24777319e-05
0.352239,6.97293337e+02,1.26642795e-04,6.26892132e-05
0.353333,6.96605055e+02,1.28014444e-04,6.33425306e-05
0.354427,6.95825771e+02,1.29944171e-04,6.43677844e-05
0.355521,6.94954202e+02,1.32639248e-04,6.57689341e-05
0.356615,6.93989283e+02,1.35801700e-04,6.74717633e-05
0.357709,6.92930116e+02,1.39987900e-04,6.94825888e-05
0.358803,6.91776021e+02,1.44677751e-04,7.17144176e-05
0.359897,6.90526478e+02,1.49537443e-04,7.41736344e-05
0.360991,6.89181142e+02,1.54879244e-04,7.68302187e-05
0.362084,6.87739863e+02,1.60731666e-04,7.96778920e-05
0.363178,6.86202710e+02,1.66878146e-04,8.26811442e-05
0.364272,6.84569971e+02,1.73332053e-04,8.58395448e-05
0.365366,6.82842140e+02,1.80123543e-04,8.91538069e-05
0.366460,6.81019927e+02,1.87366276e-04,9.26251395e-05
0.367554,6.79104275e+02,1.94593089e-04,9.62205630e-05
0.368648,6.77096294e+02,2.02052432e-04,9.99462390e-05
0.369742,6.74997319e+02,2.10154124e-04,1.03856938e-04
0.370836,6.72808918e+02,2.18253654e-04,1.07863653e-04
0.371930,6.70532898e+02,2.26635828e-04,1.12012003e-04
0.373024,6.68171323e+02,2.35505889e-04,1.16335620e-04
0.374117,6.65726479e+02,2.44489327e-04,1.20769097e-04
0.375211,6.63200825e+02,2.53801719e-04,1.25346528e-04
0.376305,6.60597050e+02,2.63372784e-04,1.30068127e-04
0.377399,6.57918092e+02,2.73328116e-04,1.34947152e-04
0.378493,6.55167111e+02,2.83433122e-04,1.39968487e-04
0.379587,6.52347573e+02,2.94068875e-04,1.45184441e-04
0.380681,6.49463157e+02,3.05066212e-04,1.50539007e-04
0.381775,6.46517741e+02,3.16035034e-04,1.56044201e-04
0.382869,6.43515433e+02,3.27626223e-04,1.61723215e-04
0.383963,6.40460558e+02,3.39330293e-04,1.67536685e-04
0.385057,6.37357688e+02,3.51630774e-04,1.73549008e-04
0.386150,6.34211530e+02,3.63929616e-04,1.79692832e-04
0.387244,6.31027014e+02,3.76956731e-04,1.86075194e-04
0.388338,6.27809282e+02,3.90441062e-04,1.92603637e-04
0.389432,6.24563612e+02,4.04186954e-04,1.99352575e-04
0.390526,6.21295549e+02,4.18269823e-04,2.06271098e-04
0.391620,6.18010860e+02,4.32286338e-04,2.13394496e-04
0.392714,6.14715594e+02,4.47044201e-04,2.20734033e-04
0.393808,6.11415891e+02,4.62396404e-04,2.28270576e-04
0.394902,6.08117974e+02,4.77709854e-04,2.36056801e-04
0.395996,6.04828278e+02,4.94198790e-04,2.43990171e-04
0.397090,6.01553187e+02,5.10654725e-04,2.52206801e-04
0.398184,5.98299328e+02,5.27590108e-04,2.60610880e-04
0.399277,5.95073270e+02,5.45613306e-04,2.69296945e-04
0.400371,5.91881600e+02,5.64331136e-04,2.78215441e-04
0.401465,5.88731107e+02,5.82343068e-04,2.87414377e-04
0.402559,5.85628808e+02,6.01917666e-04,2.96784838e-04
0.403653,5.82581295e+02,6.21117130e-04,3.06521425e-04
0.404747,5.79595662e+02,6.40538579e-04,3.16492941e-04
0.405841,5.76678643e+02,6.62981196e-04,3.26645185e-04
0.406935,5.73836311e+02,6.85076539e-04,3.37069090e-04
0.408029,5.71074952e+02,7.06960977e-04,3.47699230e-04
0.409123,5.68400861e+02,7.28081093e-04,3.58596798e-04
0.410217,5.65820444e+02,7.50542431e-04,3.69736380e-04
0.411310,5.63339768e+02,7.74731986e-04,3.81082612e-04
0.412404,5.60964276e+02,7.98844578e-04,3.92612834e-04
0.413498,5.58699185e+02,8.24357445e-04,4.04306443e-04
0.414592,5.56549458e+02,8.47851301e-04,4.16207006e-04
0.415686,5.54519711e+02,8.74617716e-04,4.28172620e-04
0.416780,5.52613836e+02,8.97954584e-04,4.40257455e-04
0.417874,5.50835454e+02,9.26937417e-04,4.52455543e-04
0.418968,5.49187665e+02,9.49610750e-04,4.64604166e-04
0.420062,5.47673960e+02,9.74650415e-04,4.76792873e-04
0.421156,5.46296373e+02,1.00345336e-03,4.88976701e-04
0.422250,5.45056540e+02,1.02739345e-03,5.00950922e-04
0.423343,5.43956255e+02,1.05193771e-03,5.12853529e-04
0.424437,5.42996748e+02,1.07765341e-03,5.24615263e-04
0.425531,5.42178274e+02,1.10128484e-03,5.36093978e-04
0.426625,5.41500902e+02,1.12494121e-03,5.47305633e-04
0.427719,5.40963059e+02,1.15197213e-03,5.58163747e-04
0.428813,5.40562311e+02,1.17403414e-03,5.68468345e-04
0.429907,5.40296168e+02,1.19395885e-03,5.78198842e-04
0.431001,5.40162025e+02,1.21968492e-03,5.87524728e-04
0.432095,5.40155163e+02,1.24588970e-03,5.96199124e-04
0.433189,5.40269479e+02,1.25991541e-03,6.03797995e-04
0.434283,5.40501800e+02,1.26632260e-03,6.10599502e-04
0.435376,5.40849868e+02,1.28235830e-03,6.17007234e-04
0.436470,5.41307155e+02,1.29833074e-03,6.22382355e-04
0.437564,5.41867835e+02,1.30620946e-03,6.26717167e-04
0.438658,5.42526659e+02,1.31462137e-03,6.30198515e-04
0.439752,5.43277014e+02,1.31957198e-03,6.32556225e-04
0.440846,5.44112187e+02,1.32186318e-03,6.33858875e-04
0.441940,5.45024640e+02,1.32970048e-03,6.34167870e-04
0.443034,5.46004598e+02,1.32668654e-03,6.32923904e-04
0.444128,5.47045824e+02,1.32646103e-03,6.30767191e-04
0.445222,5.48140986e+02,1.30919259e-03,6.27038665e-04
0.446316,5.49283459e+02,1.30189261e-03,6.22412834e-04
0.447409,5.50465289e+02,1.28933091e-03,6.16525694e-04
0.448503,5.51677472e+02,1.27784939e-03,6.09385867e-04
0.449597,5.52910655e+02,1.25846526e-03,6.00772111e-04
0.450691,5.54157236e+02,1.23990616e-03,5.91066741e-04
0.451785,5.55409240e+02,1.20873635e-03,5.79847934e-04
0.452879,5.56659403e+02,1.17976828e-03,5.67581836e-04
0.453973,5.57899238e+02,1.15758572e-03,5.54288751e-04
0.455067,5.59119454e+02,1.12502416e-03,5.39596396e-04
0.456161,5.60311700e+02,1.09104350e-03,5.23762363e-04
0.457255,5.61467607e+02,1.05930461e-03,5.06960709e-04
0.458349,5.62577980e+02,1.02534854e-03,4.89055690e-04
0.459443,5.63633879e+02,9.81583857e-04,4.69998468e-04
0.460536,5.64628115e+02,9.39181462e-04,4.50144792e-04
0.461630,5.65553032e+02,8.97352514e-04,4.29520131e-04
0.462724,5.66400336e+02,8.52766702e-04,4.08111461e-04
0.463818,5.67161979e+02,8.07015835e-04,3.86101694e-04
0.464912,5.67830255e+02,7.60688645e-04,3.63573175e-04
0.466006,5.68397547e+02,7.11418815e-04,3.40663200e-04
0.467100,5.68856745e+02,6.66094226e-04,3.17631588e-04
0.468194,5.69200308e+02,6.16537535e-04,2.94414468e-04
0.469288,5.69421376e+02,5.69439013e-04,2.71361283e-04
0.470382,5.69512891e+02,5.21794551e-04,2.48524822e-04
0.471476,5.69468284e+02,4.72452729e-04,2.26103742e-04
0.472569,5.69281367e+02,4.29005860e-04,2.04422539e-04
0.473663,5.68945144e+02,3.84749988e-04,1.83488389e-04
0.474757,5.68453173e+02,3.43563649e-04,1.63556020e-04
0.475851,5.67798872e+02,3.05702016e-04,1.44788630e-04
0.476945,5.66975716e+02,2.68779747e-04,1.27246010e-04
0.478039,5.65977589e+02,2.35044840e-04,1.11089381e-04
0.479133,5.64798282e+02,2.04039121e-04,9.63639504e-05
0.480227,5.63431741e+02,1.76859984e-04,8.31691899e-05
0.481321,5.61872164e+02,1.52295400e-04,7.14823488e-05
0.482415,5.60114121e+02,1.30822045e-04,6.13081595e-05
0.483509,5.58152471e+02,1.12165886e-04,5.26242353e-05
0.484602,5.55982578e+02,9.58413510e-05,4.53799966e-05
0.485696,5.53600369e+02,8.35110098e-05,3.95862526e-05
0.486790,5.51002319e+02,7.35119811e-05,3.51457341e-05
0.487884,5.48185585e+02,6.64333387e-05,3.20194942e-05
0.488978,5.45148079e+02,6.16968418e-05,3.01083450e-05
0.490072,5.41888566e+02,5.93470505e-05,2.93056569e-05
0.491166,5.38406735e+02,5.91184480e-05,2.94795032e-05
0.492260,5.34703257e+02,6.10715175e-05,3.05015016e-05
0.493354,5.30779840e+02,6.44719623e-05,3.22626803e-05
0.494448,5.26639239e+02,6.92993739e-05,3.46706228e-05
0.495542,5.22285287e+02,7.55364700e-05,3.76536393e-05
0.496635,5.17722911e+02,8.25575730e-05,4.11590743e-05
0.497729,5.12958095e+02,9.07285863e-05,4.51458834e-05
0.498823,5.07997901e+02,9.98494937e-05,4.95745101e-05
0.499917,5.02850461e+02,1.09887916e-04,5.44088200e-05
0.501011,4.97524948e+02,1.20536976e-04,5.96173081e-05
0.502105,4.92031522e+02,1.32143898e-04,6.52232972e-05
0.503199,4.86381297e+02,1.44227052e-04,7.11582488e-05
0.504293,4.80586288e+02,1.57187139e-04,7.74597129e-05
0.505387,4.74659406e+02,1.70892519e-04,8.41210741e-05
0.506481,4.68614383e+02,1.85323286e-04,9.11460179e-05
0.507575,4.62465744e+02,2.00744328e-04,9.86117761e-05
0.508668,4.56228842e+02,2.16815812e-04,1.06450657e-04
0.509762,4.49919705e+02,2.33661316e-04,1.14722188e-04
0.510856,4.43555018e+02,2.51720601e-04,1.23462599e-04
0.511950,4.37151889e+02,2.70682548e-04,1.32550035e-04
0.513044,4.30727876e+02,2.90023657e-04,1.42092723e-04
0.514138,4.24301362e+02,3.10085799e-04,1.52102633e-04
0.515232,4.17891201e+02,3.31026993e-04,1.62462936e-04
0.516326,4.11516268e+02,3.53188253e-04,1.73130275e-04
0.517420,4.05195644e+02,3.75641637e-04,1.84253085e-04
0.518514,3.98948806e+02,3.98550293e-04,1.95735873e-04
0.519608,3.92795196e+02,4.23132395e-04,2.07444195e-04
0.520702,3.86753986e+02,4.47002912e-04,2.19488430e-04
0.521795,3.80844383e+02,4.72460224e-04,2.31733647e-04
0.522889,3.75085606e+02,4.96944723e-04,2.44270309e-04
0.523983,3.69496247e+02,5.21951465e-04,2.57024995e-04
0.525077,3.64094036e+02,5.48872994e-04,2.69799491e-04
0.526171,3.58895837e+02,5.76160855e-04,2.82617447e-04
0.527265,3.53917620e+02,6.02594740e-04,2.95433362e-04
0.528359,3.49174004e+02,6.30807713e-04,3.08048451e-04
0.529453,3.44677710e+02,6.55958837e-04,3.20470594e-04
0.530547,3.40440613e+02,6.85378957e-04,3.32410128e-04
0.531641,3.36471438e+02,7.11931539e-04,3.43780465e-04
0.532735,3.32779932e+02,7.31846335e-04,3.54788710e-04
0.533828,3.29373944e+02,7.56304824e-04,3.64914410e-04
0.534922,3.26257025e+02,7.82352654e-04,3.73908897e-04
0.536016,3.23430658e+02,8.02017049e-04,3.81864470e-04
0.537110,3.20895596e+02,8.21301792e-04,3.88527502e-04
0.538204,3.18651030e+02,8.30733263e-04,3.94034830e-04
0.539298,3.16695893e+02,8.39021186e-04,3.98153847e-04
0.540392,3.15027858e+02,8.41738374e-04,4.00945116e-04
0.541486,3.13642308e+02,8.47086313e-04,4.02051188e-04
0.542580,3.12531833e+02,8.46856674e-04,4.01540825e-04
0.543674,3.11688793e+02,8.41742153e-04,3.99457669e-04
0.544768,3.11104556e+02,8.30954015e-04,3.95798602e-04
0.545861,3.10770411e+02,8.20826175e-04,3.90555153e-04
0.546955,3.10674209e+02,8.14495907e-04,3.83496018e-04
0.548049,3.10801740e+02,7.97235301e-04,3.74890165e-04
0.549143,3.11141088e+02,7.75800128e-04,3.64932220e-04
0.550237,3.11680381e+02,7.51059441e-04,3.53695640e-04
0.551331,3.12407530e+02,7.22033081e-04,3.41311790e-04
0.552425,3.13310860e+02,6.92342448e-04,3.27906881e-04
0.553519,3.14378603e+02,6.60381302e-04,3.13617180e-04
0.554613,3.15598597e+02,6.30382985e-04,2.98535533e-04
0.555707,3.16958570e+02,5.96699634e-04,2.82816527e-04
0.556801,3.18447422e+02,5.60427065e-04,2.66640628e-04
0.557894,3.20054427e+02,5.24916990e-04,2.50133107e-04
0.558988,3.21768905e+02,4.88952224e-04,2.33416541e-04
0.560082,3.23580472e+02,4.56509739e-04,2.16652262e-04
0.561176,3.25478874e+02,4.19462220e-04,1.99858725e-04
0.562270,3.27454839e+02,3.85388976e-04,1.83259625e-04
0.563364,3.29499656e+02,3.50245505e-04,1.66903086e-04
0.564458,3.31605080e+02,3.16826126e-04,1.50924697e-04
0.565552,3.33763254e+02,2.84768738e-04,1.35410668e-04
0.566646,3.35966992e+02,2.51796499e-04,1.20379544e-04
0.567740,3.38209445e+02,2.23099136e-04,1.06048553e-04
0.568834,3.40483900e+02,1.92954506e-04,9.23026354e-05
0.569927,3.42784361e+02,1.66571673e-04,7.93997185e-05
0.571021,3.45104804e+02,1.42262373e-04,6.73575637e-05
0.572115,3.47439577e+02,1.17608222e-04,5.61691590e-05
0.573209,3.49783541e+02,9.65025714e-05,4.61576048e-05
0.574303,3.52131676e+02,7.88441355e-05,3.75638850e-05
0.575397,3.54478923e+02,6.50624671e-05,3.07893644e-05
0.576491,3.56820502e+02,5.53713800e-05,2.64395534e-05
0.577585,3.59151972e+02,5.13830861e-05,2.50867388e-05
0.578679,3.61469091e+02,5.36073523e-05,2.65852381e-05
0.579773,3.63767752e+02,6.02262303e-05,3.00616907e-05
0.580867,3.66044081e+02,6.92355185e-05,3.45785991e-05
0.581961,3.68294402e+02,7.92935470e-05,3.95855433e-05
0.583054,3.70515259e+02,8.99108638e-05,4.47545940e-05
0.584148,3.72703431e+02,1.00237204e-04,4.98944210e-05
0.585242,3.74855860e+02,1.10585428e-04,5.49731117e-05
0.586336,3.76969759e+02,1.21138632e-04,5.99964713e-05
0.587430,3.79042611e+02,1.30959981e-04,6.48828813e-05
0.588524,3.81072119e+02,1.40851687e-04,6.97039517e-05
0.589618,3.83056242e+02,1.50326647e-04,7.44262797e-05
0.590712,3.84993209e+02,1.60149869e-04,7.91513476e-05
0.591806,3.86881523e+02,1.69504949e-04,8.37814371e-05
0.592900,3.88719930e+02,1.79030889e-04,8.84172448e-05
0.593994,3.90507432e+02,1.88356651e-04,9.30066801e-05
0.595087,3.92243263e+02,1.97661048e-04,9.75790353e-05
0.596181,3.93926882e+02,2.06887654e-04,1.02124342e-04
0.597275,3.95557963e+02,2.16137878e-04,1.06658137e-04
0.598369,3.97136400e+02,2.25307287e-04,1.11165803e-04
0.599463,3.98662283e+02,2.34418020e-04,1.15643767e-04
0.600557,4.00135898e+02,2.43519488e-04,1.20101904e-04
0.601651,4.01557681e+02,2.52374905e-04,1.24483941e-04
0.602745,4.02928244e+02,2.61277612e-04,1.28854641e-04
0.603839,4.04248348e+02,2.70035165e-04,1.33159952e-04
0.604933,4.05518879e+02,2.78712840e-04,1.37418037e-04
0.606027,4.06740871e+02,2.87263381e-04,1.41622274e-04
0.607120,4.07915495e+02,2.95708133e-04,1.45764368e-04
0.608214,4.09044016e+02,3.03990375e-04,1.49827499e-04
0.609308,4.10127785e+02,3.12096984e-04,1.53810166e-04
0.610402,4.11168263e+02,3.20092598e-04,1.57715769e-04
0.611496,4.12166964e+02,3.28009156e-04,1.61590518e-04
0.612590,4.13125542e+02,3.35636045e-04,1.65339972e-04
0.613684,4.14045672e+02,3.43074478e-04,1.69004176e-04
0.614778,4.14929094e+02,3.50345698e-04,1.72596378e-04
0.615872,4.15777600e+02,3.57625868e-04,1.76122784e-04
0.616966,4.16593004e+02,3.64651052e-04,1.79542255e-04
0.618060,4.17377179e+02,3.71449917e-04,1.82892213e-04
0.619153,4.18132048e+02,3.78142830e-04,1.86139046e-04
0.620247,4.18859497e+02,3.84593225e-04,1.89277830e-04
0.621341,4.19561457e+02,3.90914729e-04,1.92376127e-04
0.622435,4.20239930e+02,3.97031019e-04,1.95373118e-04
0.623529,4.20896916e+02,4.03000688e-04,1.98336545e-04
0.624623,4.21534413e+02,4.08921738e-04,2.01141103e-04
0.625717,4.22154323e+02,4.14580417e-04,2.03864309e-04
0.626811,4.22758554e+02,4.20038803e-04,2.06552359e-04
0.627905,4.23349141e+02,4.25283758e-04,2.09153119e-04
0.628999,4.23928031e+02,4.30720131e-04,2.11613415e-04
0.630093,4.24496911e+02,4.35769155e-04,2.14018526e-04
0.631186,4.25057635e+02,4.40551356e-04,2.16338204e-04
0.632280,4.25612029e+02,4.45257605e-04,2.18575781e-04
0.633374,4.26161899e+02,4.49456657e-04,2.20767922e-04
0.634468,4.26709231e+02,4.53703490e-04,2.22859217e-04
0.635562,4.27255731e+02,4.58180036e-04,2.24849456e-04
0.636656,4.27802856e+02,4.62327639e-04,2.26765335e-04
0.637750,4.28352077e+02,4.66512662e-04,2.28575348e-04
0.638844,4.28904796e+02,4.70412965e-04,2.30313377e-04
0.639938,4.29462609e+02,4.73181645e-04,2.32014593e-04
0.641032,4.30027283e+02,4.76569790e-04,2.33632361e-04
0.642126,4.30600194e+02,4.80318458e-04,2.35135313e-04
0.643220,4.31182441e+02,4.83442403e-04,2.36579634e-04
0.644313,4.31775330e+02,4.86196376e-04,2.37964100e-04
0.645407,4.32380162e+02,4.88771141e-04,2.39254643e-04
0.646501,4.32998076e+02,4.91797886e-04,2.40472437e-04
0.647595,4.33630054e+02,4.94404765e-04,2.41598327e-04
0.648689,4.34276916e+02,4.97032730e-04,2.42650526e-04
0.649783,4.34939615e+02,4.98756925e-04,2.43628518e-04
0.650877,4.35619210e+02,5.01306699e-04,2.44533275e-04
0.651971,4.36316255e+02,5.04111265e-04,2.45351395e-04
0.653065,4.37031270e+02,5.05370840e-04,2.46093057e-04
0.654159,4.37764824e+02,5.06941250e-04,2.46755275e-04
0.655253,4.38517660e+02,5.07943784e-04,2.47352085e-04
0.656346,4.39290412e+02,5.09659208e-04,2.47870421e-04
0.657440,4.40083561e+02,5.10303229e-04,2.48323523e-04
0.658534,4.40897393e+02,5.12590000e-04,2.48690619e-04
0.659628,4.41731859e+02,5.13073359e-04,2.48976518e-04
0.660722,4.42587142e+02,5.14595518e-04,2.49189715e-04
0.661816,4.43463423e+02,5.14248146e-04,2.49328017e-04
0.662910,4.44360591e+02,5.16409361e-04,2.49380206e-04
0.664004,4.45278297e+02,5.16805885e-04,2.49347870e-04
0.665098,4.46216614e+02,5.16066087e-04,2.49243077e-04
0.666192,4.47175787e+02,5.15850039e-04,2.49093384e-04
0.667286,4.48155985e+02,5.15642894e-04,2.48871782e-04
0.668379,4.49156781e+02,5.15783052e-04,2.48584875e-04
0.669473,4.50178031e+02,5.14416014e-04,2.48215566e-04
0.670567,4.51219990e+02,5.10828088e-04,2.47785500e-04
0.671661,4.52282990e+02,5.11527217e-04,2.47350791e-04
0.672755,4.53366151e+02,5.12441095e-04,2.46814945e-04
0.673849,4.54468598e+02,5.09896081e-04,2.46177140e-04
0.674943,4.55590246e+02,5.08510916e-04,2.45502686e-04
0.676037,4.56730900e+02,5.06192261e-04,2.44777099e-04
0.677131,4.57890494e+02,5.05016367e-04,2.44017952e-04
0.678225,4.59068559e+02,5.02955927e-04,2.43194984e-04
0.679319,4.60264199e+02,5.03720609e-04,2.42318278e-04
0.680412,4.61476428e+02,5.01098134e-04,2.41348138e-04
0.681506,4.62704696e+02,5.00204562e-04,2.40343687e-04
0.682600,4.63948229e+02,4.98213145e-04,2.39271683e-04
0.683694,4.65206137e+02,4.95211973e-04,2.38122244e-04
0.684788,4.66478022e+02,4.92128020e-04,2.36931850e-04
0.685882,4.67763520e+02,4.89531574e-04,2.35714546e-04
0.686976,4.69061631e+02,4.88407580e-04,2.34442212e-04
0.688070,4.70370870e+02,4.86521845e-04,2.33109019e-04
0.689164,4.71690628e+02,4.82566841e-04,2.31713710e-04
0.690258,4.73020794e+02,4.77936694e-04,2.30287688e-04
0.691352,4.74361024e+02,4.75041078e-04,2.28843555e-04
0.692445,4.75710421e+02,4.73153384e-04,2.27373905e-04
0.693539,4.77067854e+02,4.69175796e-04,2.25823002e-04
0.694633,4.78432653e+02,4.67773595e-04,2.24282114e-04
0.695727,4.79803685e+02,4.63660316e-04,2.22653345e-04
0.696821,4.81179693e+02,4.62729693e-04,2.21009641e-04
0.697915,4.82559462e+02,4.58225450e-04,2.19279662e-04
0.699009,4.83942295e+02,4.54130818e-04,2.17531377e-04
0.700103,4.85327716e+02,4.48231528e-04,2.15734712e-04
0.701197,4.86715251e+02,4.45353325e-04,2.13962136e-04
0.702291,4.88103618e+02,4.43522976e-04,2.12152921e-04
0.703385,4.89491895e+02,4.35836655e-04,2.10235371e-04
0.704479,4.90880253e+02,4.32203617e-04,2.08384115e-04
0.705572,4.92267793e+02,4.27131630e-04,2.06484669e-04
0.706666,4.93653514e+02,4.25804944e-04,2.04608689e-04
0.707760,4.95035959e+02,4.21918636e-04,2.02650045e-04
0.708854,4.96414117e+02,4.16745785e-04,2.00652104e-04
0.709948,4.97787438e+02,4.12991210e-04,1.98659480e-04
0.711042,4.99154647e+02,4.10504240e-04,1.96652227e-04
0.712136,5.00514592e+02,4.04598682e-04,1.94566215e-04
0.713230,5.01867036e+02,4.00372480e-04,1.92518358e-04
0.714324,5.03211149e+02,3.94763921e-04,1.90420127e-04
0.715418,5.04546279e+02,3.90963704e-04,1.88341351e-04
0.716512,5.05871540e+02,3.86201107e-04,1.86238524e-04
0.717605,5.07186273e+02,3.79666424e-04,1.84099186e-04
0.718699,5.08490000e+02,3.77228440e-04,1.82007838e-04
0.719793,5.09781142e+02,3.73435107e-04,1.79863773e-04
0.720887,5.11058580e+02,3.70092975e-04,1.77710504e-04
0.721981,5.12321371e+02,3.64851766e-04,1.75513091e-04
0.723075,5.13568861e+02,3.59288099e-04,1.73313135e-04
0.724169,5.14800139e+02,3.55831688e-04,1.71119390e-04
0.725263,5.16014127e+02,3.51160938e-04,1.68902380e-04
0.726357,5.17210370e+02,3.44031327e-04,1.66656248e-04
0.727451,5.18388700e+02,3.38776783e-04,1.64447073e-04
0.728545,5.19548185e+02,3.35158513e-04,1.62243275e-04
0.729638,5.20687779e+02,3.30734794e-04,1.60020566e-04
0.730732,5.21806466e+02,3.26880376e-04,1.57791670e-04
0.731826,5.22903299e+02,3.21418410e-04,1.55533657e-04
0.732920,5.23977471e+02,3.17748182e-04,1.53294628e-04
0.734014,5.25028272e+02,3.12451620e-04,1.51035694e-04
0.735108,5.26054878e+02,3.07496008e-04,1.48778310e-04
0.736202,5.27056556e+02,3.02548199e-04,1.46520782e-04
0.737296,5.28032518e+02,3.00027771e-04,1.44292004e-04
0.738390,5.28981516e+02,2.94775718e-04,1.42011458e-04
0.739484,5.29902729e+02,2.90566141e-04,1.39747930e-04
0.740578,5.30795410e+02,2.84841316e-04,1.37465295e-04
0.741671,5.31659115e+02,2.79707626e-04,1.35203213e-04
0.742765,5.32493033e+02,2.76109738e-04,1.32956638e-04
0.743859,5.33296252e+02,2.70051214e-04,1.30674733e-04
0.744953,5.34068180e+02,2.66279763e-04,1.28434861e-04
0.746047,5.34807893e+02,2.61204069e-04,1.26175096e-04
0.747141,5.35514728e+02,2.56609470e-04,1.23933423e-04
0.748235,5.36187984e+02,2.52882209e-04,1.21703060e-04
0.749329,5.36826700e+02,2.48742221e-04,1.19464154e-04
0.750423,5.37429987e+02,2.43494719e-04,1.17211420e-04
0.751517,5.37997165e+02,2.39356622e-04,1.14982659e-04
0.752611,5.38527448e+02,2.33883701e-04,1.12737884e-04
0.753704,5.39020429e+02,2.27890627e-04,1.10507272e-04
0.754798,5.39475752e+02,2.22327667e-04,1.08301374e-04
0.755892,5.39892789e+02,2.19051501e-04,1.06131766e-04
0.756986,5.40270631e+02,2.15144018e-04,1.03962271e-04
0.758080,5.40608526e+02,2.09899127e-04,1.01777156e-04
0.759174,5.40905826e+02,2.05445215e-04,9.96113769e-05
0.760268,5.41161839e+02,2.01004731e-04,9.74607626e-05
0.761362,5.41375866e+02,1.96556140e-04,9.53179104e-05
0.762456,5.41547213e+02,1.92670417e-04,9.31942125e-05
0.763550,5.41675124e+02,1.88494737e-04,9.10731768e-05
0.764644,5.41758940e+02,1.83144152e-04,8.89472190e-05
0.765738,5.41798079e+02,1.79445707e-04,8.68615992e-05
0.766831,5.41791806e+02,1.75177967e-04,8.47792714e-05
0.767925,5.41739404e+02,1.71815037e-04,8.27246916e-05
0.769019,5.41640132e+02,1.67857715e-04,8.06642088e-05
0.770113,5.41493308e+02,1.62797275e-04,7.86017578e-05
0.771207,5.41298398e+02,1.58173537e-04,7.65626165e-05
0.772301,5.41054826e+02,1.54098930e-04,7.45495171e-05
0.773395,5.40761912e+02,1.50706603e-04,7.25614867e-05
0.774489,5.40418919e+02,1.46577576e-04,7.05729497e-05
0.775583,5.40025249e+02,1.42680916e-04,6.86063496e-05
0.776677,5.39580331e+02,1.37921264e-04,6.66363350e-05
0.777771,5.39083591e+02,1.34272534e-04,6.47042739e-05
0.778864,5.38534412e+02,1.30090332e-04,6.27764853e-05
0.779958,5.37932240e+02,1.26443156e-04,6.08791496e-05
0.781052,5.37276493e+02,1.22083915e-04,5.89795593e-05
0.782146,5.36566621e+02,1.18362655e-04,5.71131071e-05
0.783240,5.35801994e+02,1.14438794e-04,5.52566538e-05
0.784334,5.34982041e+02,1.10757397e-04,5.34253155e-05
0.785428,5.34106225e+02,1.06789316e-04,5.16047243e-05
0.786522,5.33174019e+02,1.03364036e-04,4.98172111e-05
0.787616,5.32184877e+02,9.98362559e-05,4.80457885e-05
0.788710,5.31138290e+02,9.62317381e-05,4.62902337e-05
0.789804,5.30033748e+02,9.24353438e-05,4.45502131e-05
0.790897,5.28870794e+02,8.88373973e-05,4.28367788e-05
0.791991,5.27648960e+02,8.53185324e-05,4.11475401e-05
0.793085,5.26367779e+02,8.19032180e-05,3.94817462e-05
0.794179,5.25026814e+02,7.79625659e-05,3.78247633e-05
0.795273,5.23625665e+02,7.41904477e-05,3.62010316e-05
0.796367,5.22163906e+02,7.15006986e-05,3.46366941e-05
0.797461,5.20641110e+02,6.84954968e-05,3.30948749e-05
0.798555,5.19056903e+02,6.50575194e-05,3.15659920e-05
0.799649,5.17410916e+02,6.19220075e-05,3.00872811e-05
0.800743,5.15702805e+02,5.90406036e-05,2.86575587e-05
0.801837,5.13932252e+02,5.60879548e-05,2.72706268e-05
0.802930,5.12098949e+02,5.33993229e-05,2.59476488e-05
0.804024,5.10202616e+02,5.06608581e-05,2.46782772e-05
0.805118,5.08242989e+02,4.79340255e-05,2.34861647e-05
0.806212,5.06219821e+02,4.54780691e-05,2.23755180e-05
0.807306,5.04132901e+02,4.34289733e-05,2.13689680e-05
0.808400,5.01982058e+02,4.15465715e-05,2.04735089e-05
0.809494,4.99767134e+02,3.96910459e-05,1.97140876e-05
0.810588,4.97487967e+02,3.78750383e-05,1.90915552e-05
0.811682,4.95144444e+02,3.72464943e-05,1.86529394e-05
0.812776,4.92736508e+02,3.64905458e-05,1.83754561e-05
0.813870,4.90264089e+02,3.58880292e-05,1.82827139e-05
0.814964,4.87727161e+02,3.63521533e-05,1.83921584e-05
0.816057,4.85125762e+02,3.69187793e-05,1.86894838e-05
0.817151,4.82459927e+02,3.78970700e-05,1.91762401e-05
0.818245,4.79729765e+02,3.92381205e-05,1.98379883e-05
0.819339,4.76935438e+02,4.08039027e-05,2.06639838e-05
0.820433,4.74077065e+02,4.28877784e-05,2.16358455e-05
0.821527,4.71154824e+02,4.52924979e-05,2.27458591e-05
0.822621,4.68168951e+02,4.80525968e-05,2.39633736e-05
0.823715,4.65119749e+02,5.05768107e-05,2.52819594e-05
0.824809,4.62007572e+02,5.35966053e-05,2.66870573e-05
0.825903,4.58832785e+02,5.66192598e-05,2.81844978e-05
0.826997,4.55595749e+02,5.98657784e-05,2.97467206e-05
0.828090,4.52296884e+02,6.32334777e-05,3.13712843e-05
0.829184,4.48936708e+02,6.66575252e-05,3.30311716e-05
0.830278,4.45515811e+02,7.03375410e-05,3.47615487e-05
0.831372,4.42034734e+02,7.41271245e-05,3.65291662e-05
0.832466,4.38494124e+02,7.76798188e-05,3.83122295e-05
0.833560,4.34894772e+02,8.13402299e-05,4.01299181e-05
0.834654,4.31237420e+02,8.55055325e-05,4.20054649e-05
0.835748,4.27522757e+02,8.94229592e-05,4.38904932e-05
0.836842,4.23751624e+02,9.33517693e-05,4.57905425e-05
0.837936,4.19925007e+02,9.71818375e-05,4.76996180e-05
0.839030,4.16043914e+02,1.01545493e-04,4.96528845e-05
0.840123,4.12109283e+02,1.05936179e-04,5.16196338e-05
0.841217,4.08122154e+02,1.10049691e-04,5.35820405e-05
0.842311,4.04083732e+02,1.13847141e-04,5.55363898e-05
0.843405,3.99995257e+02,1.18346053e-04,5.75256030e-05
0.844499,3.95858005e+02,1.22224018e-04,5.94950960e-05
0.845593,3.91673407e+02,1.26392725e-04,6.14761539e-05
0.846687,3.87442983e+02,1.30709505e-04,6.34591715e-05
0.847781,3.83168126e+02,1.34734175e-04,6.54329627e-05
0.848875,3.78850325e+02,1.39329981e-04,6.74224838e-05
0.849969,3.74491094e+02,1.43293630e-04,6.93840972e-05
0.851063,3.70092249e+02,1.46993895e-04,7.13339812e-05
0.852156,3.65655806e+02,1.50164834e-04,7.32616440e-05
0.853250,3.61184004e+02,1.54244390e-04,7.52041893e-05
0.854344,3.56678647e+02,1.59346485e-04,7.71562678e-05
0.855438,3.52141545e+02,1.62935880e-04,7.90563018e-05
0.856532,3.47574902e+02,1.67043395e-04,8.09527203e-05
0.857626,3.42980777e+02,1.71105882e-04,8.28293176e-05
0.858720,3.38361405e+02,1.74989366e-04,8.46816668e-05
0.859814,3.33719135e+02,1.78921398e-04,8.65115461e-05
0.860908,3.29056467e+02,1.81875692e-04,8.83040095e-05
0.862002,3.24376172e+02,1.85872738e-04,9.00836095e-05
0.863096,3.19680664e+02,1.90208290e-04,9.18349899e-05
0.864189,3.14972480e+02,1.93903346e-04,9.35439131e-05
0.865283,3.10254372e+02,1.97138386e-04,9.52143705e-05
0.866377,3.05529322e+02,2.00176324e-04,9.68464930e-05
0.867471,3.00800233e+02,2.03613757e-04,9.84397743e-05
0.868565,2.96070089e+02,2.06749174e-04,9.99888243e-05
0.869659,2.91342038e+02,2.09909929e-04,1.01488099e-04
0.870753,2.86619212e+02,2.12880049e-04,1.02938307e-04
0.871847,2.81905102e+02,2.15278950e-04,1.04333746e-04
0.872941,2.77203235e+02,2.17719931e-04,1.05671704e-04
0.874035,2.72516820e+02,2.21178339e-04,1.06947017e-04
0.875129,2.67849117e+02,2.24284104e-04,1.08153196e-04
0.876223,2.63203576e+02,2.26684033e-04,1.09284590e-04
0.877316,2.58583985e+02,2.28384628e-04,1.10340111e-04
0.878410,2.53994213e+02,2.30456343e-04,1.11317114e-04
0.879504,2.49438094e+02,2.32821973e-04,1.12204786e-04
0.880598,2.44919093e+02,2.34013875e-04,1.13004206e-04
0.881692,2.40440964e+02,2.35472213e-04,1.13708014e-04
0.882786,2.36007630e+02,2.36567434e-04,1.14312128e-04
0.883880,2.31622931e+02,2.37557263e-04,1.14806093e-04
0.884974,2.27290964e+02,2.38693941e-04,1.15188710e-04
0.886068,2.23015460e+02,2.39732608e-04,1.15446857e-04
0.887162,2.18800070e+02,2.40304692e-04,1.15579641e-04
0.888256,2.14649081e+02,2.40311746e-04,1.15575338e-04
0.889349,2.10566245e+02,2.40590335e-04,1.15428069e-04
0.890443,2.06555123e+02,2.40432160e-04,1.15135218e-04
0.891537,2.02619039e+02,2.38546905e-04,1.14707702e-04
0.892631,1.98761981e+02,2.38026233e-04,1.14113165e-04
0.893725,1.94988121e+02,2.36730472e-04,1.13352487e-04
0.894819,1.91301045e+02,2.35100926e-04,1.12418373e-04
0.895913,1.87703871e+02,2.33544537e-04,1.11315480e-04
0.897007,1.84199141e+02,2.31097637e-04,1.10036227e-04
0.898101,1.80791393e+02,2.26368072e-04,1.08569223e-04
0.899195,1.77484509e+02,2.24980421e-04,1.06917291e-04
0.900289,1.74280061e+02,2.22166451e-04,1.05069892e-04
0.901382,1.71180287e+02,2.17824606e-04,1.03028504e-04
0.902476,1.68187250e+02,2.14500334e-04,1.00815055e-04
0.903570,1.65302537e+02,2.08693834e-04,9.83889162e-05
0.904664,1.62529679e+02,2.02635168e-04,9.57901328e-05
0.905758,1.59870395e+02,1.97913780e-04,9.30031988e-05
0.906852,1.57325896e+02,1.91375059e-04,9.00400735e-05
0.907946,1.54898100e+02,1.83695069e-04,8.68829574e-05
0.909040,1.52587461e+02,1.79648483e-04,8.36005329e-05
0.910134,1.50393826e+02,1.71585689e-04,8.01332079e-05
0.911228,1.48318231e+02,1.64052466e-04,7.65484228e-05
0.912322,1.46359897e+02,1.56113976e-04,7.28338623e-05
0.913415,1.44518041e+02,1.49718979e-04,6.90369973e-05
0.914509,1.42791836e+02,1.41395668e-04,6.51278842e-05
0.915603,1.41180022e+02,1.33350694e-04,6.11703609e-05
0.916697,1.39680536e+02,1.24651612e-04,5.71814009e-05
0.917791,1.38291551e+02,1.15238262e-04,5.31748973e-05
0.918885,1.37011135e+02,1.06352399e-04,4.92140603e-05
0.919979,1.35836119e+02,9.95663480e-05,4.53313121e-05
0.921073,1.34762937e+02,9.18236460e-05,4.15293584e-05
0.922167,1.33788018e+02,8.24736490e-05,3.78450499e-05
0.923261,1.32907929e+02,7.58784042e-05,3.43728043e-05
0.924355,1.32118013e+02,6.97147086e-05,3.11211628e-05
0.925448,1.31413725e+02,6.29537330e-05,2.81113329e-05
0.926542,1.30790321e+02,5.70138308e-05,2.54012329e-05
0.927636,1.30242598e+02,5.24661261e-05,2.30289654e-05
0.928730,1.29764978e+02,4.82482624e-05,2.09581192e-05
0.929824,1.29351945e+02,4.40395358e-05,1.92185295e-05
0.930918,1.28998016e+02,4.03376294e-05,1.78090635e-05
0.932012,1.28697255e+02,3.77452316e-05,1.66721840e-05
0.933106,1.28443635e+02,3.56159259e-05,1.57627092e-05
0.934200,1.28231023e+02,3.36624127e-05,1.50218754e-05
0.935294,1.28053318e+02,3.24902428e-05,1.44037528e-05
0.936388,1.27904435e+02,3.07869174e-05,1.38594042e-05
0.937482,1.27778405e+02,2.90806177e-05,1.33588679e-05
0.938575,1.27669349e+02,2.81354678e-05,1.28688392e-05
0.939669,1.27571515e+02,2.70614067e-05,1.23668027e-05
0.940763,1.27479353e+02,2.58026203e-05,1.18303641e-05
0.941857,1.27387533e+02,2.40276988e-05,1.12498905e-05
0.942951,1.27290965e+02,2.22764422e-05,1.06014761e-05
0.944045,1.27184803e+02,2.08609066e-05,9.88518932e-06
0.945139,1.27064469e+02,1.90228974e-05,9.07323414e-06
0.946233,1.26925655e+02,1.69716532e-05,8.17968398e-06
0.947327,1.26764328e+02,1.49250051e-05,7.26881375e-06
0.948421,1.26576737e+02,1.32640209e-05,6.51995251e-06
0.949515,1.26359398e+02,1.27441582e-05,6.31186407e-06
0.950608,1.26109102e+02,1.42164600e-05,7.06798958e-06
0.951702,1.25822907e+02,1.79380807e-05,8.86548146e-06
0.952796,1.25498134e+02,2.32362775e-05,1.14091042e-05
0.953890,1.25132384e+02,2.97288778e-05,1.44470845e-05
0.954984,1.24723524e+02,3.66508544e-05,1.77492761e-05
0.956078,1.24269700e+02,4.36637552e-05,2.11370521e-05
0.957172,1.23769342e+02,5.10480589e-05,2.46023394e-05
0.958266,1.23221192e+02,5.80744658e-05,2.79647199e-05
0.959360,1.22624264e+02,6.48136230e-05,3.12219809e-05
0.960454,1.21977882e+02,7.14493377e-05,3.43675551e-05
0.961548,1.21281654e+02,7.79132713e-05,3.73960774e-05
0.962641,1.20535495e+02,8.39666960e-05,4.02743835e-05
0.963735,1.19739624e+02,8.97837411e-05,4.30013479e-05
0.964829,1.18894496e+02,9.52689497e-05,4.55800208e-05
0.965923,1.18000840e+02,1.00693207e-04,4.80320226e-05
0.967017,1.17059605e+02,1.05467035e-04,5.03188726e-05
0.968111,1.16072027e+02,1.10200537e-04,5.24903142e-05
0.969205,1.15039575e+02,1.14857241e-04,5.45623463e-05
0.970299,1.13963995e+02,1.18696790e-04,5.64545939e-05
0.971393,1.12847229e+02,1.22779559e-04,5.82366561e-05
0.972487,1.11691363e+02,1.26212356e-04,5.98616536e-05
0.973581,1.10498706e+02,1.29440937e-04,6.13633933e-05
0.974674,1.09271758e+02,1.32116254e-04,6.27208937e-05
0.975768,1.08013204e+02,1.34715348e-04,6.39461293e-05
0.976862,1.06725819e+02,1.37478332e-04,6.50630842e-05
0.977956,1.05412551e+02,1.39383223e-04,6.60365272e-05
0.979050,1.04076516e+02,1.41509211e-04,6.68789575e-05
0.980144,1.02720834e+02,1.42864013e-04,6.75751850e-05
0.981238,1.01348780e+02,1.44208224e-04,6.81694356e-05
0.982332,9.99637616e+01,1.45346146e-04,6.86286402e-05
0.983426,9.85691730e+01,1.46014041e-04,6.89542528e-05
0.984520,9.71685096e+01,1.46788662e-04,6.91701128e-05
0.985614,9.57653106e+01,1.47132557e-04,6.92609567e-05
0.986707,9.43631492e+01,1.47425724e-04,6.92322068e-05
0.987801,9.29655450e+01,1.47181564e-04,6.90803180e-05
0.988895,9.15761100e+01,1.46805158e-04,6.88093662e-05
0.989989,9.01983870e+01,1.45970978e-04,6.84278220e-05
0.991083,8.88360309e+01,1.45059527e-04,6.79247535e-05
0.992177,8.74923936e+01,1.44132567e-04,6.73185913e-05
0.993271,8.61708543e+01,1.42434513e-04,6.65970324e-05
0.994365,8.48749623e+01,1.41109412e-04,6.57802702e-05
0.995459,8.36079285e+01,1.39048977e-04,6.48464563e-05
0.996553,8.23726988e+01,1.37544720e-04,6.38321771e-05
0.997647,8.11724828e+01,1.34800156e-04,6.27124744e-05
0.998741,8.00104050e+01,1.32417994e-04,6.15167729e-05
0.999834,7.88891406e+01,1.30058336e-04,6.02481889e-05
1.000928,7.78111972e+01,1.27068918e-04,5.89124696e-05
1.002022,7.67789061e+01,1.25397117e-04,5.75349886e-05
1.003116,7.57942847e+01,1.22778759e-04,5.61056711e-05
1.004210,7.48591272e+01,1.19351531e-04,5.46511460e-05
1.005304,7.39752385e+01,1.16323835e-04,5.31997798e-05
1.006398,7.31443534e+01,1.13926901e-04,5.17743518e-05
1.007492,7.23675705e+01,1.11002508e-04,5.03805761e-05
1.008586,7.16456787e+01,1.08567979e-04,4.90543007e-05
1.009680,7.09793369e+01,1.05923865e-04,4.78093686e-05
1.010774,7.03689183e+01,1.03729538e-04,4.66738440e-05
1.011867,6.98148442e+01,1.01539239e-04,4.56666231e-05
1.012961,6.93168930e+01,1.00294280e-04,4.48074347e-05
1.014055,6.88745173e+01,9.89744734e-05,4.40883473e-05
1.015149,6.84872914e+01,9.78088501e-05,4.35292873e-05
1.016243,6.81539725e+01,9.78631888e-05,4.31166381e-05
1.017337,6.78731863e+01,9.67674264e-05,4.28352094e-05
1.018431,6.76436353e+01,9.60776236e-05,4.26837198e-05
1.019525,6.74636163e+01,9.63372582e-05,4.26400716e-05
1.020619,6.73312823e+01,9.56187910e-05,4.26739759e-05
1.021713,6.72448904e+01,9.61791688e-05,4.27824142e-05
1.022807,6.72022593e+01,9.59634865e-05,4.29209171e-05
1.023900,6.72011773e+01,9.66897994e-05,4.30728185e-05
1.024994,6.72392597e+01,9.79467827e-05,4.32179309e-05
1.026088,6.73139395e+01,9.64755340e-05,4.33085709e-05
1.027182,6.74229725e+01,9.69711186e-05,4.33695611e-05
1.028276,6.75639283e+01,9.80344047e-05,4.33727313e-05
1.029370,6.77343588e+01,9.69886690e-05,4.32917574e-05
1.030464,6.79320247e+01,9.60216231e-05,4.31374980e-05
1.031558,6.81546344e+01,9.52601622e-05,4.29027328e-05
1.032652,6.83999167e+01,9.45040992e-05,4.25790226e-05
1.033746,6.86656426e+01,9.37735256e-05,4.21645337e-05
1.034840,6.89494492e+01,9.21105263e-05,4.16439787e-05
1.035933,6.92492231e+01,9.09606074e-05,4.10406511e-05
1.037027,6.95629933e+01,9.03926341e-05,4.03581752e-05
1.038121,6.98884837e+01,8.68869718e-05,3.95505048e-05
1.039215,7.02240196e+01,8.53324882e-05,3.86955245e-05
1.040309,7.05677845e+01,8.29448972e-05,3.77566728e-05
1.041403,7.09180071e+01,8.11032865e-05,3.67515365e-05
1.042497,7.12731193e+01,7.85234399e-05,3.56828670e-05
1.043591,7.16315867e+01,7.58261654e-05,3.45532729e-05
1.044685,7.19920360e+01,7.24601277e-05,3.33714878e-05
1.045779,7.23531568e+01,7.02605569e-05,3.21584149e-05
1.046873,7.27135782e+01,6.76459185e-05,3.09008122e-05
1.047966,7.30720253e+01,6.51323109e-05,2.96088778e-05
1.049060,7.34274223e+01,6.18723222e-05,2.82871590e-05
1.050154,7.37788486e+01,5.91311641e-05,2.69592543e-05
1.051248,7.41252968e+01,5.60982152e-05,2.56112007e-05
1.052342,7.44658969e+01,5.32592909e-05,2.42608075e-05
1.053436,7.47998333e+01,5.00084903e-05,2.29002656e-05
1.054530,7.51264230e+01,4.69992613e-05,2.15494446e-05
1.055624,7.54449502e+01,4.42644448e-05,2.02107530e-05
1.056718,7.57547765e+01,4.15952956e-05,1.88887656e-05
1.057812,7.60553298e+01,3.85187995e-05,1.75740953e-05
1.058906,7.63461201e+01,3.55307839e-05,1.62877143e-05
1.060000,7.66267076e+01,3.26419855e-05,1.50322486e-05
1.061093,7.68967116e+01,2.99940564e-05,1.38176008e-05
1.062187,7.71557477e+01,2.77136223e-05,1.26475455e-05
1.063281,7.74034731e+01,2.50226703e-05,1.15165627e-05
1.064375,7.76396067e+01,2.28382747e-05,1.04475993e-05
1.065469,7.78638691e+01,2.05755537e-05,9.44266608e-06
1.066563,7.80760483e+01,1.85448748e-05,8.51415726e-06
1.067657,7.82759618e+01,1.69982008e-05,7.68347435e-06
1.068751,7.84634409e+01,1.51715759e-05,6.94673444e-06
1.069845,7.86383866e+01,1.38520158e-05,6.34427050e-06
1.070939,7.88007056e+01,1.29706410e-05,5.88668767e-06
1.072033,7.89503186e+01,1.21740625e-05,5.58100143e-06
1.073126,7.90871979e+01,1.19194240e-05,5.44155545e-06
1.074220,7.92113286e+01,1.19050289e-05,5.45647266e-06
1.075314,7.93227235e+01,1.22564500e-05,5.60551287e-06
1.076408,7.94214217e+01,1.27936547e-05,5.85999433e-06
1.077502,7.95074971e+01,1.34883662e-05,6.18808314e-06
1.078596,7.95810406e+01,1.43673171e-05,6.57316270e-06
1.079690,7.96421781e+01,1.52792923e-05,6.98917165e-06
1.080784,7.96910711e+01,1.62126708e-05,7.41933841e-06
1.081878,7.97278920e+01,1.71562823e-05,7.85610919e-06
1.082972,7.97528541e+01,1.81684962e-05,8.29713157e-06
1.084066,7.97662064e+01,1.90458312e-05,8.72798598e-06
1.085159,7.97682165e+01,1.99930499e-05,9.15078842e-06
1.086253,7.97591692e+01,2.09499637e-05,9.56621330e-06
1.087347,7.97393776e+01,2.19703947e-05,9.97653040e-06
1.088441,7.97091741e+01,2.28852201e-05,1.03770469e-05
1.089535,7.96689329e+01,2.38547294e-05,1.07751086e-05
1.090629,7.96190506e+01,2.47892411e-05,1.11679570e-05
1.091723,7.95599487e+01,2.56196010e-05,1.15587312e-05
1.092817,7.94920956e+01,2.65021233e-05,1.19543340e-05
1.093911,7.94159818e+01,2.73998301e-05,1.23525179e-05
1.095005,7.93321152e+01,2.83743232e-05,1.27599632e-05
1.096099,7.92410117e+01,2.93549926e-05,1.31741505e-05
1.097192,7.91432042e+01,3.03636104e-05,1.36027825e-05
1.098286,7.90392402e+01,3.14225238e-05,1.40474616e-05
1.099380,7.89296908e+01,3.25023533e-05,1.45046346e-05
1.100474,7.88151296e+01,3.35531010e-05,1.49804540e-05
1.101568,7.86961617e+01,3.47019292e-05,1.54753697e-05
1.102662,7.85733867e+01,3.59579681e-05,1.59815416e-05
1.103756,7.84473960e+01,3.71142137e-05,1.65148252e-05
1.104850,7.83188172e+01,3.84852643e-05,1.70604120e-05
1.105944,7.81882326e+01,3.97906121e-05,1.76234755e-05
1.107038,7.80562116e+01,4.12143031e-05,1.82057357e-05
1.108132,7.79233775e+01,4.25120144e-05,1.88058020e-05
1.109225,7.77903737e+01,4.39734818e-05,1.94197583e-05
1.110319,7.76577625e+01,4.53911633e-05,2.00460605e-05
1.111413,7.75261568e+01,4.70076524e-05,2.06891588e-05
1.112507,7.73960931e+01,4.85548947e-05,2.13473799e-05
1.113601,7.72681179e+01,5.01218335e-05,2.20117164e-05
1.114695,7.71427596e+01,5.19405423e-05,2.26844988e-05
1.115789,7.70204783e+01,5.33246312e-05,2.33784778e-05
1.116883,7.69018261e+01,5.51164369e-05,2.40707852e-05
1.117977,7.67872439e+01,5.70884070e-05,2.47598058e-05
1.119071,7.66771404e+01,5.85478959e-05,2.54707995e-05
1.120165,7.65720022e+01,6.04492372e-05,2.61807569e-05
1.121259,7.64722098e+01,6.21579742e-05,2.68921210e-05
1.122352,7.63781469e+01,6.42537658e-05,2.75896769e-05
1.123446,7.62900825e+01,6.57036835e-05,2.83127706e-05
1.124540,7.62084115e+01,6.76291840e-05,2.90134475e-05
1.125634,7.61334161e+01,6.93357846e-05,2.97198386e-05
1.126728,7.60653581e+01,7.12889095e-05,3.04128569e-05
1.127822,7.60044850e+01,7.30712372e-05,3.10959544e-05
1.128916,7.59510027e+01,7.48325087e-05,3.17771037e-05
1.130010,7.59051109e+01,7.68225449e-05,3.24364970e-05
1.131104,7.58669165e+01,7.84720262e-05,3.30911806e-05
1.132198,7.58365325e+01,8.02602475e-05,3.37230013e-05
1.133292,7.58140875e+01,8.22511187e-05,3.43401624e-05
1.134385,7.57995245e+01,8.38416708e-05,3.49316250e-05
1.135479,7.57929650e+01,8.45202768e-05,3.55160175e-05
1.136573,7.57944876e+01,8.68348275e-05,3.60768161e-05
1.137667,7.58039083e+01,8.90782848e-05,3.65940693e-05
1.138761,7.58210467e+01,9.04798653e-05,3.70907154e-05
1.139855,7.58458743e+01,9.20165551e-05,3.75533045e-05
1.140949,7.58782163e+01,9.29186231e-05,3.79997709e-05
1.142043,7.59182039e+01,9.33576006e-05,3.84248300e-05
1.143137,7.59661023e+01,9.39410814e-05,3.88293457e-05
1.144231,7.60217126e+01,9.64118615e-05,3.91816194e-05
1.145325,7.60845802e+01,9.71914131e-05,3.95141392e-05
1.146418,7.61546095e+01,9.75092265e-05,3.98090683e-05
1.147512,7.62317275e+01,9.91626207e-05,4.00703671e-05
1.148606,7.63155980e+01,9.97396005e-05,4.03007907e-05
1.149700,7.64061538e+01,1.00430245e-04,4.04933841e-05
1.150794,7.65031867e+01,1.00220361e-04,4.06673122e-05
1.151888,7.66067418e+01,1.01465071e-04,4.08023017e-05
1.152982,7.67164175e+01,1.02373302e-04,4.09065832e-05
1.154076,7.68318166e+01,1.03009060e-04,4.09611421e-05
1.155170,7.69526175e+01,1.02873973e-04,4.09897389e-05
1.156264,7.70785862e+01,1.03163345e-04,4.09798780e-05
1.157358,7.72094349e+01,1.02442869e-04,4.09404158e-05
1.158451,7.73451995e+01,1.02109605e-04,4.08764256e-05
1.159545,7.74856630e+01,1.02600097e-04,4.07773516e-05
1.160639,7.76303320e+01,1.02158569e-04,4.06414666e-05
1.161733,7.77788364e+01,1.02517960e-04,4.04680815e-05
1.162827,7.79308636e+01,1.02728125e-04,4.02687577e-05
1.163921,7.80862017e+01,1.01518943e-04,4.00418002e-05
1.165015,7.82445511e+01,1.01624953e-04,3.97798698e-05
1.166109,7.84055771e+01,9.96016070e-05,3.94921209e-05
1.167203,7.85694450e+01,9.91483746e-05,3.91963077e-05
1.168297,7.87358923e+01,9.78210580e-05,3.88683058e-05
1.169391,7.89047317e+01,9.76657243e-05,3.85194367e-05
1.170484,7.90756507e+01,9.64535556e-05,3.81478063e-05
1.171578,7.92484533e+01,9.51158607e-05,3.77527779e-05
1.172672,7.94232827e+01,9.37317521e-05,3.73576834e-05
1.173766,7.95997801e+01,9.29249533e-05,3.69265491e-05
1.174860,7.97775204e+01,9.22355987e-05,3.64739794e-05
1.175954,7.99564176e+01,9.03288440e-05,3.60105530e-05
1.177048,8.01362176e+01,8.95377032e-05,3.55277089e-05
1.178142,8.03164887e+01,8.80260511e-05,3.50187929e-05
1.179236,8.04971549e+01,8.72729333e-05,3.45046849e-05
1.180330,8.06779497e+01,8.43334941e-05,3.39683948e-05
1.181424,8.08590441e+01,8.32727735e-05,3.34404270e-05
1.182518,8.10401707e+01,8.26757939e-05,3.28930452e-05
1.183611,8.12208281e+01,8.11347839e-05,3.23248417e-05
1.184705,8.14007586e+01,7.92800991e-05,3.17391550e-05
1.185799,8.15798113e+01,7.74905136e-05,3.11501000e-05
1.186893,8.17578373e+01,7.56520707e-05,3.05577942e-05
1.187987,8.19346748e+01,7.45677069e-05,2.99526565e-05
1.189081,8.21100815e+01,7.31561929e-05,2.93444534e-05
1.190175,8.22838787e+01,7.08617390e-05,2.87237225e-05
1.191269,8.24558947e+01,6.98616208e-05,2.81051688e-05
1.192363,8.26257808e+01,6.82270975e-05,2.74701000e-05
1.193457,8.27932773e+01,6.67264643e-05,2.68339365e-05
1.194551,8.29583150e+01,6.44574902e-05,2.61923019e-05
1.195644,8.31207700e+01,6.25961159e-05,2.55511585e-05
1.196738,8.32804617e+01,6.14044728e-05,2.49126323e-05
1.197832,8.34370995e+01,6.02139182e-05,2.42702054e-05
1.198926,8.35904284e+01,5.81632527e-05,2.36179890e-05
1.200020,8.37403675e+01,5.63453658e-05,2.29710170e-05
1.201114,8.38867421e+01,5.49668354e-05,2.23265958e-05
1.202208,8.40293475e+01,5.33443066e-05,2.16815293e-05
1.203302,8.41680005e+01,5.13651941e-05,2.10331292e-05
1.204396,8.43025550e+01,5.00444034e-05,2.03940844e-05
1.205490,8.44329169e+01,4.78031278e-05,1.97502788e-05
1.206584,8.45589603e+01,4.70094984e-05,1.91257566e-05
1.207677,8.46803453e+01,4.51512929e-05,1.84872117e-05
1.208771,8.47968387e+01,4.40685799e-05,1.78603030e-05
1.209865,8.49082746e+01,4.17387612e-05,1.72249700e-05
1.210959,8.50146180e+01,4.04546884e-05,1.66107757e-05
1.212053,8.51156220e+01,3.91921239e-05,1.59988215e-05
1.213147,8.52110944e+01,3.74801683e-05,1.53876465e-05
1.214241,8.53009372e+01,3.57459106e-05,1.47829317e-05
1.215335,8.53850297e+01,3.50552982e-05,1.41989293e-05
1.216429,8.54630402e+01,3.33901597e-05,1.36040016e-05
1.217523,8.55348312e+01,3.20100088e-05,1.30237878e-05
1.218617,8.56002372e+01,3.09212106e-05,1.24566167e-05
1.219710,8.56590970e+01,2.93320723e-05,1.18912288e-05
1.220804,8.57112902e+01,2.78737903e-05,1.13384720e-05
1.221898,8.57566555e+01,2.67894971e-05,1.08010428e-05
1.222992,8.57950415e+01,2.53854105e-05,1.02700950e-05
1.224086,8.58263235e+01,2.41760409e-05,9.75432780e-06
1.225180,8.58503758e+01,2.28180265e-05,9.25011566e-06
1.226274,8.58670860e+01,2.15023743e-05,8.75936008e-06
1.227368,8.58763386e+01,2.07378337e-05,8.29431549e-06
1.228462,8.58779718e+01,1.92762502e-05,7.83377800e-06
1.229556,8.58718818e+01,1.85918548e-05,7.40490378e-06
1.230650,8.58579077e+01,1.74230728e-05,6.98468360e-06
1.231743,8.58359610e+01,1.67883192e-05,6.59503597e-06
1.232837,8.58058875e+01,1.56450432e-05,6.22125150e-06
1.233931,8.57676007e+01,1.45774835e-05,5.87543332e-06
1.235025,8.57210573e+01,1.38805887e-05,5.56245783e-06
1.236119,8.56661479e+01,1.31790437e-05,5.27997307e-06
1.237213,8.56027943e+01,1.25576827e-05,5.03317319e-06
1.238307,8.55308902e+01,1.19128423e-05,4.82736865e-06
1.239401,8.54503320e+01,1.14241874e-05,4.65978680e-06
1.240495,8.53610367e+01,1.12066473e-05,4.53503344e-06
1.241589,8.52629229e+01,1.08746863e-05,4.45476234e-06
1.242683,8.51559320e+01,1.06806496e-05,4.41936241e-06
1.243777,8.50399978e+01,1.06695375e-05,4.42472316e-06
1.244870,8.49150231e+01,1.08240773e-05,4.47215052e-06
1.245964,8.47809634e+01,1.10410031e-05,4.55718907e-06
1.247058,8.46377943e+01,1.13090314e-05,4.67882198e-06
1.248152,8.44854836e+01,1.15063800e-05,4.82363239e-06
1.249246,8.43239689e+01,1.20515315e-05,4.99901532e-06
1.250340,8.41532115e+01,1.24389718e-05,5.19574180e-06
1.251434,8.39731853e+01,1.31053590e-05,5.41042628e-06
1.252528,8.37838614e+01,1.37328688e-05,5.64233640e-06
1.253622,8.35852065e+01,1.44259174e-05,5.88696912e-06
1.254716,8.33771893e+01,1.50295447e-05,6.13810224e-06
1.255810,8.31597911e+01,1.56669290e-05,6.40062854e-06
1.256903,8.29330140e+01,1.65010157e-05,6.67398438e-06
1.257997,8.26968706e+01,1.72441584e-05,6.94874868e-06
1.259091,8.24513767e+01,1.79701080e-05,7.23102323e-06
1.260185,8.21965736e+01,1.87868161e-05,7.52327325e-06
1.261279,8.19325176e+01,1.95046883e-05,7.81335368e-06
1.262373,8.16592604e+01,2.02149403e-05,8.10727045e-06
1.263467,8.13768409e+01,2.13399808e-05,8.41084939e-06
1.264561,8.10852833e+01,2.21076589e-05,8.70940532e-06
1.265655,8.07846473e+01,2.29968750e-05,9.01310372e-06
1.266749,8.04750219e+01,2.39348302e-05,9.32329094e-06
1.267843,8.01564999e+01,2.47076160e-05,9.62769802e-06
1.268936,7.98291792e+01,2.56469204e-05,9.93991448e-06
1.270030,7.94931457e+01,2.66664646e-05,1.02580605e-05
1.271124,7.91485120e+01,2.76661461e-05,1.05729960e-05
1.272218,7.87953847e+01,2.84219295e-05,1.08842039e-05
1.273312,7.84338974e+01,2.94338588e-05,1.12034676e-05
1.274406,7.80641744e+01,3.05168041e-05,1.15295951e-05
1.275500,7.76863488e+01,3.13408621e-05,1.18398745e-05
1.276594,7.73005507e+01,3.23595698e-05,1.21632587e-05
1.277688,7.69069437e+01,3.32873198e-05,1.24820706e-05
1.278782,7.65056923e+01,3.42954492e-05,1.28090934e-05
1.279876,7.60969905e+01,3.54137382e-05,1.31363722e-05
1.280969,7.56810123e+01,3.64161830e-05,1.34568591e-05
1.282063,7.52579116e+01,3.74268909e-05,1.37710016e-05
1.283157,7.48278329e+01,3.85282323e-05,1.40981256e-05
1.284251,7.43910300e+01,3.96023697e-05,1.44250241e-05
1.285345,7.39477059e+01,4.06081179e-05,1.47454154e-05
1.286439,7.34980864e+01,4.15971293e-05,1.50714269e-05
1.287533,7.30423847e+01,4.28774779e-05,1.53920910e-05
1.288627,7.25807582e+01,4.40194106e-05,1.57075320e-05
1.289721,7.21133633e+01,4.55163890e-05,1.60289458e-05
1.290815,7.16403627e+01,4.66825682e-05,1.63409984e-05
1.291909,7.11619306e+01,4.80449460e-05,1.66508847e-05
1.293002,7.06782192e+01,4.92927868e-05,1.69549285e-05
1.294096,7.01894499e+01,5.05290820e-05,1.72571969e-05
1.295190,6.96957760e+01,5.19522697e-05,1.75526174e-05
1.296284,6.91973837e+01,5.31778922e-05,1.78500304e-05
1.297378,6.86944601e+01,5.45291265e-05,1.81367129e-05
1.298472,6.81871581e+01,5.57969258e-05,1.84164071e-05
1.299566,6.76756972e+01,5.68749160e-05,1.86921702e-05
1.300660,6.71602771e+01,5.83417796e-05,1.89559042e-05
1.301754,6.66410445e+01,5.96530931e-05,1.92204933e-05
1.302848,6.61182436e+01,6.08381674e-05,1.94753785e-05
1.303942,6.55920660e+01,6.23352782e-05,1.97209387e-05
1.305036,6.50625976e+01,6.38852707e-05,1.99559007e-05
1.306129,6.45299933e+01,6.55568840e-05,2.01791597e-05
1.307223,6.39942800e+01,6.73143877e-05,2.03913869e-05
1.308317,6.34554238e+01,6.88483877e-05,2.05845026e-05
1.309411,6.29134834e+01,7.03475823e-05,2.07596127e-05
1.310505,6.23686271e+01,7.13132383e-05,2.09310226e-05
1.311599,6.18209266e+01,7.34062351e-05,2.10740982e-05
1.312693,6.12702363e+01,7.51204183e-05,2.11957658e-05
1.313787,6.07165662e+01,7.64086725e-05,2.13021123e-05
1.314881,6.01600146e+01,7.78771416e-05,2.13818874e-05
1.315975,5.96006227e+01,7.91465930e-05,2.14453145e-05
1.317069,5.90385011e+01,8.00180997e-05,2.14834526e-05
1.318162,5.84737294e+01,8.19115404e-05,2.14988935e-05
1.319256,5.79061895e+01,8.28203724e-05,2.14867634e-05
1.320350,5.73360948e+01,8.44700743e-05,2.14472147e-05
1.321444,5.67632456e+01,8.56179841e-05,2.13780981e-05
1.322538,5.61878393e+01,8.50810014e-05,2.12798235e-05
1.323632,5.56100210e+01,8.73341885e-05,2.11603951e-05
1.324726,5.50297585e+01,8.81230552e-05,2.10041100e-05
1.325820,5.44470238e+01,8.92409504e-05,2.08081774e-05
1.326914,5.38620976e+01,8.87165399e-05,2.05902291e-05
1.328008,5.32754516e+01,8.76838733e-05,2.03488507e-05
1.329102,5.26877534e+01,8.62472219e-05,2.00895618e-05
1.330195,5.20999500e+01,8.52015624e-05,1.98231197e-05
1.331289,5.15130581e+01,8.41071152e-05,1.95562318e-05
1.332383,5.09277290e+01,8.13166750e-05,1.92648806e-05
1.333477,5.03450354e+01,7.98101416e-05,1.89743253e-05
1.334571,4.97655971e+01,7.97869056e-05,1.86695375e-05
1.335665,4.91900813e+01,7.70608454e-05,1.83460360e-05
1.336759,4.86192371e+01,7.68974048e-05,1.80123140e-05
1.337853,4.80537551e+01,7.36817264e-05,1.76640875e-05
1.338947,4.74947448e+01,7.13708812e-05,1.73198300e-05
1.340041,4.69435742e+01,6.99977903e-05,1.69933011e-05
1.341135,4.64009000e+01,6.66189028e-05,1.66458710e-05
1.342228,4.58678193e+01,6.60604655e-05,1.63153208e-05
1.343322,4.53448915e+01,6.22162133e-05,1.59654818e-05
1.344416,4.48333111e+01,5.98107857e-05,1.56381709e-05
1.345510,4.43339431e+01,5.73234603e-05,1.53114282e-05
1.346604,4.38474544e+01,5.54945098e-05,1.49876808e-05
1.347698,4.33741139e+01,5.41841536e-05,1.46456522e-05
1.348792,4.29143151e+01,5.25676904e-05,1.42992714e-05
1.349886,4.24686126e+01,5.01482443e-05,1.39531482e-05
1.350980,4.20374639e+01,4.77237981e-05,1.35994831e-05
1.352074,4.16210349e+01,4.54274408e-05,1.32323313e-05
1.353168,4.12196011e+01,4.41672542e-05,1.28615434e-05
1.354261,4.08332054e+01,4.22948685e-05,1.24733452e-05
1.355355,4.04618666e+01,3.95132491e-05,1.20648453e-05
1.356449,4.01056657e+01,3.84361181e-05,1.16478230e-05
1.357543,3.97643568e+01,3.61940449e-05,1.11994515e-05
1.358637,3.94377698e+01,3.51575651e-05,1.07349026e-05
1.359731,3.91256097e+01,3.23858901e-05,1.02351480e-05
1.360825,3.88276699e+01,3.08782539e-05,9.71758816e-06
1.361919,3.85436000e+01,2.90668704e-05,9.17406179e-06
1.363013,3.82730061e+01,2.65547288e-05,8.59594655e-06
1.364107,3.80153818e+01,2.53641743e-05,7.99622594e-06
1.365201,3.77702103e+01,2.29079593e-05,7.36520845e-06
1.366295,3.75369270e+01,2.13731951e-05,6.71131655e-06
1.367388,3.73149626e+01,1.87639897e-05,6.03236749e-06
1.368482,3.71037598e+01,1.71284318e-05,5.34786768e-06
1.369576,3.69026767e+01,1.51094555e-05,4.65915700e-06
1.370670,3.67111298e+01,1.28122460e-05,3.98198069e-06
1.371764,3.65285559e+01,1.06805932e-05,3.34950210e-06
1.372858,3.63543550e+01,9.23088555e-06,2.81028485e-06
1.373952,3.61878294e+01,7.03214499e-06,2.42173790e-06
1.375046,3.60284350e+01,5.75332049e-06,2.28898881e-06
1.376140,3.58754638e+01,5.04950638e-06,2.43883353e-06
1.377234,3.57282267e+01,5.07291611e-06,2.81792068e-06
1.378328,3.55860392e+01,5.88114027e-06,3.32335145e-06
1.379421,3.54481926e+01,7.13818127e-06,3.89598781e-06
1.380515,3.53139802e+01,8.43797378e-06,4.47542615e-06
1.381609,3.51827026e+01,9.92398865e-06,5.04072196e-06
1.382703,3.50536717e+01,1.12568375e-05,5.56792474e-06
1.383797,3.49261838e+01,1.25840435e-05,6.04819212e-06
1.384891,3.47995410e+01,1.36267741e-05,6.47133446e-06
1.385985,3.46730370e+01,1.46724124e-05,6.84187896e-06
1.387079,3.45460024e+01,1.54849183e-05,7.15870598e-06
1.388173,3.44177931e+01,1.62198136e-05,7.42993886e-06
1.389267,3.42878052e+01,1.68697973e-05,7.66575563e-06
1.390361,3.41554939e+01,1.74957539e-05,7.87894714e-06
1.391454,3.40203980e+01,1.80191181e-05,8.08082414e-06
1.392548,3.38821374e+01,1.86801665e-05,8.29315611e-06
1.393642,3.37404297e+01,1.92914614e-05,8.52260395e-06
1.394736,3.35950877e+01,1.99709253e-05,8.78837514e-06
1.395830,3.34460322e+01,2.07566532e-05,9.10244299e-06
1.396924,3.32932916e+01,2.17062581e-05,9.48245419e-06
1.398018,3.31370043e+01,2.28219683e-05,9.94070778e-06
1.399112,3.29773965e+01,2.42254050e-05,1.04753561e-05
1.400206,3.28147829e+01,2.57407672e-05,1.11107423e-05
1.401300,3.26495882e+01,2.75338098e-05,1.18476530e-05
1.402394,3.24823201e+01,2.95232389e-05,1.27069817e-05
1.403487,3.23135629e+01,3.18849476e-05,1.36709808e-05
1.404581,3.21439401e+01,3.44696293e-05,1.47551312e-05
1.405675,3.19741522e+01,3.73429642e-05,1.59610889e-05
1.406769,3.18049576e+01,4.04983369e-05,1.72937190e-05
1.407863,3.16371261e+01,4.40454443e-05,1.87287286e-05
1.408957,3.14714416e+01,4.77007377e-05,2.02843027e-05
1.410051,3.13087847e+01,5.16278170e-05,2.19489742e-05
1.411145,3.11499712e+01,5.59973652e-05,2.36889884e-05
1.412239,3.09958025e+01,6.05062611e-05,2.55275768e-05
1.413333,3.08471656e+01,6.50587952e-05,2.74624931e-05
1.414427,3.07048451e+01,7.02233423e-05,2.94293511e-05
1.415520,3.05695334e+01,7.56285914e-05,3.14900739e-05
1.416614,3.04418183e+01,8.08368098e-05,3.35748194e-05
1.417708,3.03223352e+01,8.64664464e-05,3.56721006e-05
1.418802,3.02116703e+01,9.16110659e-05,3.78164965e-05
1.419896,3.01103301e+01,9.73758729e-05,3.99385110e-05
1.420990,3.00186971e+01,1.03123616e-04,4.20327819e-05
1.422084,2.99372192e+01,1.08731579e-04,4.41040920e-05
1.423178,2.98660473e+01,1.14441479e-04,4.60995489e-05
1.424272,2.98052509e+01,1.19069190e-04,4.80228310e-05
1.425366,2.97548065e+01,1.24733625e-04,4.98064697e-05
1.426460,2.97143591e+01,1.30162148e-04,5.14417520e-05
1.427554,2.96838993e+01,1.34680426e-04,5.29514411e-05
1.428647,2.96629968e+01,1.38222093e-04,5.42545501e-05
1.429741,2.96514357e+01,1.41452595e-04,5.53803545e-05
1.430835,2.96487511e+01,1.44181651e-04,5.62838344e-05
1.431929,2.96545872e+01,1.46542849e-04,5.69622759e-05
1.433023,2.96685187e+01,1.48735828e-04,5.73970237e-05
1.434117,2.96900837e+01,1.49229829e-04,5.75934561e-05
1.435211,2.97187277e+01,1.49435217e-04,5.75231919e-05
1.436305,2.97540244e+01,1.48473700e-04,5.72105911e-05
1.437399,2.97956129e+01,1.46560129e-04,5.66546210e-05
1.438493,2.98430165e+01,1.43852889e-04,5.58457664e-05
1.439587,2.98960060e+01,1.41907865e-04,5.48202804e-05
1.440680,2.99540304e+01,1.38018906e-04,5.35515260e-05
1.441774,3.00171159e+01,1.30369765e-04,5.21020627e-05
1.442868,3.00854572e+01,1.27712596e-04,5.04953352e-05
1.443962,3.01582387e+01,1.22790143e-04,4.86647520e-05
1.445056,3.02348834e+01,1.17459307e-04,4.66542529e-05
1.446150,3.03151307e+01,1.11256012e-04,4.45045338e-05
1.447244,3.03983651e+01,1.05015218e-04,4.21956560e-05
1.448338,3.04841417e+01,9.85893439e-05,3.97799060e-05
1.449432,3.05720014e+01,9.24520723e-05,3.72705997e-05
1.450526,3.06613672e+01,8.60186642e-05,3.46776423e-05
1.451620,3.07516624e+01,7.95987126e-05,3.20240403e-05
1.452713,3.08423901e+01,7.26422445e-05,2.93319250e-05
1.453807,3.09330403e+01,6.55532973e-05,2.66226448e-05
1.454901,3.10230954e+01,5.87899610e-05,2.39279345e-05
1.455995,3.11120740e+01,5.27443425e-05,2.12832996e-05
1.457089,3.11995100e+01,4.55635917e-05,1.86647653e-05
1.458183,3.12849816e+01,3.98106926e-05,1.61495888e-05
1.459277,3.13680221e+01,3.41536582e-05,1.37400362e-05
1.460371,3.14481346e+01,2.89145383e-05,1.14544779e-05
1.461465,3.15248211e+01,2.36707902e-05,9.29838940e-06
1.462559,3.15976327e+01,1.89167444e-05,7.30523761e-06
1.463653,3.16660995e+01,1.44940931e-05,5.48113736e-06
1.464746,3.17298052e+01,1.07476516e-05,3.85341058e-06
1.465840,3.17882319e+01,7.37410486e-06,2.41862403e-06
1.466934,3.18408758e+01,4.31510906e-06,1.23238626e-06
1.468028,3.18872874e+01,2.03222592e-06,7.31488413e-07
1.469122,3.19270171e+01,2.16267867e-06,1.33606389e-06
1.470216,3.19596023e+01,3.73967835e-06,2.09740260e-06
1.471310,3.19846079e+01,5.42397022e-06,2.79691101e-06
1.472404,3.20016374e+01,6.91416479e-06,3.41220152e-06
1.473498,3.20103327e+01,8.14295771e-06,3.94965462e-06
1.474592,3.20103896e+01,9.38298486e-06,4.43693059e-06
1.475686,3.20015704e+01,1.04423288e-05,4.88070044e-06
1.476779,3.19837060e+01,1.14951024e-05,5.30428704e-06
1.477873,3.19567077e+01,1.25429456e-05,5.72144739e-06
1.478967,3.19205607e+01,1.35289182e-05,6.13813617e-06
1.480061,3.18753214e+01,1.46666731e-05,6.58335013e-06
1.481155,3.18211301e+01,1.57589591e-05,7.04619848e-06
1.482249,3.17581973e+01,1.69307418e-05,7.54160719e-06
1.483343,3.16867953e+01,1.82372070e-05,8.08380532e-06
1.484437,3.16072615e+01,1.96154189e-05,8.66647643e-06
1.485531,3.15199890e+01,2.11226505e-05,9.30127897e-06
1.486625,3.14254159e+01,2.27004866e-05,9.97700227e-06
1.487719,3.13240287e+01,2.43968891e-05,1.07169504e-05
1.488813,3.12163613e+01,2.62261018e-05,1.14904497e-05
1.489906,3.11029727e+01,2.81403437e-05,1.22992705e-05
1.491000,3.09844440e+01,3.01454365e-05,1.31587341e-05
1.492094,3.08613728e+01,3.22793841e-05,1.40345064e-05
1.493188,3.07343771e+01,3.43928524e-05,1.49460779e-05
1.494282,3.06041215e+01,3.65455882e-05,1.58726546e-05
1.495376,3.04712467e+01,3.87999164e-05,1.67975531e-05
1.496470,3.03363850e+01,4.11009047e-05,1.77251700e-05
1.497564,3.02001991e+01,4.32703412e-05,1.86593622e-05
1.498658,3.00633753e+01,4.55609529e-05,1.95807568e-05
1.499752,2.99265540e+01,4.77502263e-05,2.05028272e-05
1.500846,2.97903937e+01,5.01475165e-05,2.13912519e-05
1.501939,2.96554733e+01,5.21736235e-05,2.22798603e-05
1.503033,2.95224141e+01,5.45272276e-05,2.31186403e-05
1.504127,2.93917452e+01,5.65161985e-05,2.39429072e-05
1.505221,2.92640288e+01,5.85540760e-05,2.47325999e-05
1.506315,2.91397804e+01,6.06145729e-05,2.54824476e-05
1.507409,2.90194609e+01,6.24401318e-05,2.61997419e-05
1.508503,2.89035598e+01,6.44200118e-05,2.68719020e-05
1.509597,2.87925040e+01,6.63718454e-05,2.75002763e-05
1.510691,2.86865632e+01,6.78370345e-05,2.80758943e-05
1.511785,2.85860963e+01,6.95508376e-05,2.85967760e-05
1.512879,2.84913827e+01,7.05710297e-05,2.90782941e-05
1.513972,2.84027946e+01,7.17113123e-05,2.95043820e-05
1.515066,2.83205652e+01,7.38601632e-05,2.98551879e-05
1.516160,2.82446179e+01,7.48838790e-05,3.01664087e-05
1.517254,2.81750251e+01,7.61274929e-05,3.03944444e-05
1.518348,2.81117197e+01,7.69195337e-05,3.05544581e-05
1.519442,2.80547991e+01,7.73184684e-05,3.06643168e-05
1.520536,2.80042533e+01,7.69385264e-05,3.07101456e-05
1.521630,2.79601788e+01,7.80116312e-05,3.06815299e-05
1.522724,2.79224446e+01,7.81798225e-05,3.05998732e-05
1.523818,2.78909295e+01,7.80214715e-05,3.04513747e-05
1.524912,2.78655341e+01,7.71881923e-05,3.02412360e-05
1.526005,2.78462362e+01,7.70798024e-05,2.99751025e-05
1.527099,2.78328596e+01,7.57803261e-05,2.96522698e-05
1.528193,2.78252987e+01,7.54384298e-05,2.92725694e-05
1.529287,2.78235667e+01,7.36402086e-05,2.88547169e-05
1.530381,2.78277129e+01,7.18303727e-05,2.83985071e-05
1.531475,2.78374807e+01,7.19971207e-05,2.78868834e-05
1.532569,2.78526826e+01,6.92648445e-05,2.73398413e-05
1.533663,2.78733914e+01,6.84190024e-05,2.67638044e-05
1.534757,2.78993281e+01,6.70837434e-05,2.61466517e-05
1.535851,2.79302915e+01,6.46313964e-05,2.54957011e-05
1.536945,2.79660595e+01,6.37347968e-05,2.48117289e-05
1.538038,2.80064436e+01,6.06556790e-05,2.41050493e-05
1.539132,2.80514091e+01,5.89149331e-05,2.33816932e-05
1.540226,2.81007372e+01,5.68962431e-05,2.26402583e-05
1.541320,2.81541933e+01,5.49912677e-05,2.18774598e-05
1.542414,2.82115903e+01,5.27552880e-05,2.11048374e-05
1.543508,2.82728502e+01,5.05585167e-05,2.03283715e-05
1.544602,2.83377161e+01,4.87874364e-05,1.95378787e-05
1.545696,2.84059603e+01,4.63228235e-05,1.87423278e-05
1.546790,2.84773808e+01,4.46812367e-05,1.79462326e-05
1.547884,2.85516583e+01,4.20012501e-05,1.71374327e-05
1.548978,2.86287221e+01,4.03238736e-05,1.63456891e-05
1.550072,2.87082355e+01,3.84546171e-05,1.55474259e-05
1.551165,2.87898439e+01,3.66441600e-05,1.47513470e-05
1.552259,2.88733698e+01,3.49696491e-05,1.39658887e-05
1.553353,2.89584906e+01,3.25982799e-05,1.31778293e-05
1.554447,2.90450715e+01,3.07653800e-05,1.24119506e-05
1.555541,2.91329047e+01,2.85840021e-05,1.16510099e-05
1.556635,2.92218071e+01,2.66884529e-05,1.09089374e-05
1.557729,2.93115531e+01,2.54950667e-05,1.01918090e-05
1.558823,2.94018630e+01,2.34903885e-05,9.47775873e-06
1.559917,2.94926085e+01,2.16769546e-05,8.78669279e-06
1.561011,2.95836484e+01,1.99750565e-05,8.11747418e-06
1.562105,2.96747525e+01,1.85270590e-05,7.47130024e-06
1.563198,2.97657090e+01,1.71549618e-05,6.84733265e-06
1.564292,2.98563349e+01,1.55439446e-05,6.24108186e-06
1.565386,2.99464397e+01,1.43413446e-05,5.66785102e-06
1.566480,3.00358290e+01,1.27135466e-05,5.11089326e-06
1.567574,3.01243400e+01,1.16319756e-05,4.59092114e-06
1.568668,3.02117784e+01,1.05008734e-05,4.10062110e-06
1.569762,3.02979691e+01,9.55735857e-06,3.64525025e-06
1.570856,3.03827343e+01,8.54004886e-06,3.22375924e-06
1.571950,3.04659060e+01,7.46184086e-06,2.84365064e-06
1.573044,3.05473413e+01,6.64980430e-06,2.51769441e-06
1.574138,3.06268769e+01,5.86031581e-06,2.24928034e-06
1.575231,3.07043707e+01,5.38179885e-06,2.05348036e-06
1.576325,3.07796733e+01,4.90859588e-06,1.93212283e-06
1.577419,3.08526446e+01,4.62255440e-06,1.89253299e-06
1.578513,3.09231508e+01,4.59906323e-06,1.92599392e-06
1.579607,3.09910506e+01,4.70458160e-06,2.01982128e-06
1.580701,3.10562014e+01,4.91388286e-06,2.16025772e-06
1.581795,3.11184707e+01,5.25010477e-06,2.33064444e-06
1.582889,3.11777325e+01,5.68926665e-06,2.52302128e-06
1.583983,3.12338777e+01,6.19226579e-06,2.72575279e-06
1.585077,3.12867946e+01,6.67832238e-06,2.93411297e-06
1.586171,3.13363665e+01,7.09240270e-06,3.14118634e-06
1.587264,3.13824819e+01,7.65175713e-06,3.35409430e-06
1.588358,3.14250491e+01,8.21136658e-06,3.56669250e-06
1.589452,3.14639730e+01,8.72159337e-06,3.77445287e-06
1.590546,3.14991657e+01,9.18868424e-06,3.97894179e-06
1.591640,3.15305436e+01,9.77116152e-06,4.18505131e-06
1.592734,3.15580382e+01,1.03253561e-05,4.39012985e-06
1.593828,3.15815911e+01,1.08307506e-05,4.58895698e-06
1.594922,3.16011448e+01,1.13173422e-05,4.78460400e-06
1.596016,3.16166497e+01,1.18394919e-05,4.98099973e-06
1.597110,3.16280697e+01,1.23562151e-05,5.17565854e-06
1.598204,3.16353763e+01,1.28368952e-05,5.36681220e-06
1.599298,3.16385490e+01,1.33390929e-05,5.55903109e-06
1.600391,3.16375746e+01,1.38479240e-05,5.74719794e-06
1.601485,3.16324379e+01,1.43719834e-05,5.93342556e-06
1.602579,3.16231286e+01,1.48871118e-05,6.11941792e-06
1.603673,3.16096484e+01,1.53859908e-05,6.30019503e-06
1.604767,3.15920022e+01,1.58646345e-05,6.47998114e-06
1.605861,3.15702027e+01,1.64112076e-05,6.66376056e-06
1.606955,3.15442730e+01,1.68540672e-05,6.83500906e-06
1.608049,3.15142357e+01,1.73653630e-05,7.01129278e-06
1.609143,3.14801354e+01,1.78364984e-05,7.18777006e-06
1.610237,3.14420239e+01,1.83084293e-05,7.35588958e-06
1.611331,3.13999450e+01,1.88195302e-05,7.52455601e-06
1.612424,3.13539387e+01,1.93079816e-05,7.68862537e-06
1.613518,3.13040579e+01,1.97782424e-05,7.85140146e-06
1.614612,3.12503599e+01,2.03047582e-05,8.01120038e-06
1.615706,3.11928827e+01,2.08191553e-05,8.16187549e-06
1.616800,3.11316756e+01,2.12856146e-05,8.31232279e-06
1.617894,3.10668026e+01,2.17468003e-05,8.46209953e-06
1.618988,3.09983268e+01,2.22244001e-05,8.60163000e-06
1.620082,3.09263111e+01,2.26823134e-05,8.73824819e-06
1.621176,3.08508134e+01,2.31847871e-05,8.87310895e-06
1.622270,3.07718958e+01,2.36276818e-05,9.00498572e-06
1.623364,3.06896341e+01,2.40180660e-05,9.12445096e-06
1.624457,3.06041005e+01,2.45091984e-05,9.24981061e-06
1.625551,3.05153742e+01,2.49332438e-05,9.36496773e-06
1.626645,3.04235291e+01,2.53633772e-05,9.47422498e-06
1.627739,3.03286362e+01,2.58645648e-05,9.58241434e-06
1.628833,3.02307550e+01,2.63871937e-05,9.67692181e-06
1.629927,3.01299079e+01,2.67672247e-05,9.77280390e-06
1.631021,3.00261531e+01,2.72508284e-05,9.85555822e-06
1.632115,2.99195312e+01,2.77592834e-05,9.93976175e-06
1.633209,2.98100252e+01,2.85266886e-05,1.00069764e-05
1.634303,2.96976185e+01,2.89840819e-05,1.00726815e-05
1.635397,2.95823629e+01,2.93003769e-05,1.01283645e-05
1.636490,2.94643093e+01,2.96684694e-05,1.01744675e-05
1.637584,2.93435266e+01,2.99307924e-05,1.02218015e-05
1.638678,2.92201070e+01,3.02952504e-05,1.02567087e-05
1.639772,2.90940905e+01,3.05589609e-05,1.02883643e-05
1.640866,2.89655235e+01,3.10387453e-05,1.03055656e-05
1.641960,2.88343935e+01,3.15083311e-05,1.03197073e-05
1.643054,2.87007193e+01,3.17502417e-05,1.03275426e-05
1.644148,2.85645416e+01,3.20981617e-05,1.03230854e-05
1.645242,2.84258343e+01,3.26406394e-05,1.03099366e-05
1.646336,2.82845478e+01,3.30461440e-05,1.02875857e-05
1.647430,2.81406666e+01,3.33700047e-05,1.02535528e-05
1.648523,2.79942006e+01,3.40809872e-05,1.02122039e-05
1.649617,2.78449708e+01,3.43491363e-05,1.01589750e-05
1.650711,2.76930227e+01,3.45165863e-05,1.00981959e-05
1.651805,2.75383341e+01,3.50469460e-05,1.00251866e-05
1.652899,2.73808415e+01,3.54070370e-05,9.94204578e-06
1.653993,2.72204196e+01,3.58162014e-05,9.84704510e-06
1.655087,2.70570502e+01,3.57536250e-05,9.74269348e-06
1.656181,2.68907654e+01,3.58665653e-05,9.62985961e-06
1.657275,2.67215199e+01,3.63426061e-05,9.50748774e-06
1.658369,2.65491823e+01,3.67646076e-05,9.37091965e-06
1.659463,2.63736380e+01,3.67843494e-05,9.22576733e-06
1.660557,2.61949099e+01,3.65926294e-05,9.07198175e-06
1.661650,2.60129921e+01,3.68358457e-05,8.90678842e-06
1.662744,2.58278507e+01,3.64654871e-05,8.73643403e-06
1.663838,2.56396125e+01,3.60200561e-05,8.56204965e-06
1.664932,2.54483504e+01,3.62135325e-05,8.37937259e-06
1.666026,2.52540834e+01,3.60296101e-05,8.19237689e-06
1.667120,2.50568425e+01,3.56134760e-05,7.99873766e-06
1.668214,2.48567117e+01,3.52573130e-05,7.80048248e-06
1.669308,2.46537857e+01,3.45183376e-05,7.59982631e-06
1.670402,2.44482166e+01,3.42207678e-05,7.39687497e-06
1.671496,2.42400852e+01,3.44443713e-05,7.19007669e-06
1.672590,2.40293716e+01,3.28055493e-05,6.97931178e-06
1.673683,2.38164225e+01,3.26388373e-05,6.77318762e-06
1.674777,2.36012800e+01,3.24022678e-05,6.56386075e-06
1.675871,2.33840010e+01,3.20226684e-05,6.35345524e-06
1.676965,2.31647554e+01,3.05911285e-05,6.14513332e-06
1.678059,2.29440461e+01,2.98288849e-05,5.94652784e-06
1.679153,2.27220558e+01,2.85918130e-05,5.74915552e-06
1.680247,2.24990329e+01,2.78570713e-05,5.55727786e-06
1.681341,2.22753167e+01,2.71759527e-05,5.37236449e-06
1.682435,2.20510629e+01,2.60754512e-05,5.18997491e-06
1.683529,2.18266539e+01,2.52878324e-05,5.01667083e-06
1.684623,2.16022953e+01,2.40214528e-05,4.84711042e-06
1.685716,2.13783228e+01,2.28199533e-05,4.68553647e-06
1.686810,2.11552093e+01,2.12341768e-05,4.53232137e-06
1.687904,2.09334270e+01,2.06413575e-05,4.38837071e-06
1.688998,2.07131646e+01,1.92958520e-05,4.24768271e-06
1.690092,2.04948141e+01,1.84397251e-05,4.11518623e-06
1.691186,2.02785665e+01,1.75486072e-05,3.98756473e-06
1.692280,2.00646139e+01,1.66342948e-05,3.86542339e-06
1.693374,1.98532743e+01,1.60691943e-05,3.74991439e-06
1.694468,1.96447096e+01,1.51244267e-05,3.63777150e-06
1.695562,1.94391834e+01,1.40911025e-05,3.53086947e-06
1.696656,1.92369442e+01,1.32904125e-05,3.42935642e-06
1.697749,1.90382025e+01,1.22362556e-05,3.33159716e-06
1.698843,1.88431424e+01,1.17620428e-05,3.23929303e-06
1.699937,1.86518812e+01,1.13818725e-05,3.15221137e-06
1.701031,1.84644541e+01,1.04846940e-05,3.06874368e-06
1.702125,1.82810164e+01,1.01993468e-05,2.99150396e-06
1.703219,1.81016570e+01,9.18869179e-06,2.91595197e-06
1.704313,1.79266033e+01,8.60818738e-06,2.84493197e-06
1.705407,1.77559268e+01,8.29840172e-06,2.77992997e-06
1.706501,1.75896154e+01,7.88875969e-06,2.71962446e-06
1.707595,1.74276800e+01,7.46004573e-06,2.66506330e-06
1.708689,1.72701658e+01,7.08917626e-06,2.61487156e-06
1.709782,1.71170861e+01,6.63748158e-06,2.56974124e-06
1.710876,1.69684775e+01,6.20949894e-06,2.52865504e-06
1.711970,1.68243778e+01,5.92918252e-06,2.49317170e-06
1.713064,1.66847607e+01,5.66703296e-06,2.46323594e-06
1.714158,1.65495861e+01,5.38953464e-06,2.43804021e-06
1.715252,1.64188644e+01,5.16470871e-06,2.41706479e-06
1.716346,1.62925629e+01,4.99759238e-06,2.40175571e-06
1.717440,1.61706098e+01,4.86186213e-06,2.39127261e-06
1.718534,1.60529458e+01,4.78253258e-06,2.38572055e-06
1.719628,1.59395178e+01,4.72589323e-06,2.38453832e-06
1.720722,1.58302264e+01,4.67794598e-06,2.38819197e-06
1.721816,1.57249668e+01,4.65920377e-06,2.39639795e-06
1.722909,1.56236439e+01,4.67222433e-06,2.40872187e-06
1.724003,1.55261629e+01,4.73575801e-06,2.42460682e-06
1.725097,1.54324279e+01,4.77599445e-06,2.44334055e-06
1.726191,1.53423094e+01,4.80221493e-06,2.46576450e-06
1.727285,1.52556971e+01,5.01189084e-06,2.49021150e-06
1.728379,1.51724928e+01,5.13479701e-06,2.51659624e-06
1.729473,1.50925711e+01,5.23020002e-06,2.54426391e-06
1.730567,1.50157985e+01,5.33567752e-06,2.57361310e-06
1.731661,1.49420409e+01,5.49334061e-06,2.60419505e-06
1.732755,1.48711781e+01,5.64908086e-06,2.63501806e-06
1.733849,1.48030657e+01,5.80687552e-06,2.66680999e-06
1.734942,1.47375658e+01,5.95135953e-06,2.69827021e-06
1.736036,1.46745421e+01,6.07586816e-06,2.72955181e-06
1.737130,1.46138507e+01,6.18551536e-06,2.76071368e-06
1.738224,1.45553374e+01,6.30491994e-06,2.79178018e-06
1.739318,1.44988644e+01,6.48614428e-06,2.82255503e-06
1.740412,1.44442923e+01,6.60894878e-06,2.85280614e-06
1.741506,1.43914774e+01,6.74051236e-06,2.88274822e-06
1.742600,1.43402785e+01,6.89294215e-06,2.91288949e-06
1.743694,1.42905568e+01,7.02963139e-06,2.94312908e-06
1.744788,1.42421780e+01,7.15192392e-06,2.97369063e-06
1.745882,1.41950082e+01,7.24648762e-06,3.00465814e-06
1.746975,1.41489145e+01,7.43572824e-06,3.03793660e-06
1.748069,1.41037688e+01,7.58407124e-06,3.07259375e-06
1.749163,1.40594479e+01,7.75210402e-06,3.10976859e-06
1.750257,1.40158381e+01,7.89663788e-06,3.14899285e-06
1.751351,1.39728245e+01,8.05347410e-06,3.19125220e-06
1.752445,1.39303020e+01,8.22112454e-06,3.23766456e-06
1.753539,1.38881770e+01,8.41799159e-06,3.28892216e-06
1.754633,1.38463589e+01,8.60484073e-06,3.34260305e-06
1.755727,1.38047552e+01,8.80954619e-06,3.40182057e-06
1.756821,1.37632874e+01,9.05575685e-06,3.46643397e-06
1.757915,1.37218844e+01,9.28080794e-06,3.53410662e-06
1.759008,1.36804737e+01,9.52837420e-06,3.60858062e-06
1.760102,1.36389974e+01,9.77122906e-06,3.68620067e-06
1.761196,1.35974017e+01,1.00414262e-05,3.77058987e-06
1.762290,1.35556412e+01,1.03172677e-05,3.85640258e-06
1.763384,1.35136732e+01,1.06170151e-05,3.94893264e-06
1.764478,1.34714609e+01,1.09242311e-05,4.04458038e-06
1.765572,1.34289743e+01,1.12333731e-05,4.14374054e-06
1.766666,1.33861837e+01,1.15619552e-05,4.24453970e-06
1.767760,1.33430671e+01,1.18859251e-05,4.34906937e-06
1.768854,1.32996050e+01,1.22404530e-05,4.45727302e-06
1.769948,1.32557678e+01,1.26504861e-05,4.56267209e-06
1.771041,1.32115305e+01,1.30043017e-05,4.67375761e-06
1.772135,1.31668887e+01,1.33612079e-05,4.78344213e-06
1.773229,1.31218349e+01,1.37361835e-05,4.89397299e-06
1.774323,1.30763644e+01,1.41084916e-05,5.00678344e-06
1.775417,1.30304734e+01,1.45187451e-05,5.11771058e-06
1.776511,1.29841502e+01,1.49249935e-05,5.22732287e-06
1.777605,1.29373919e+01,1.53123116e-05,5.33689748e-06
1.778699,1.28902046e+01,1.57010585e-05,5.44537368e-06
1.779793,1.28425882e+01,1.61246053e-05,5.55024870e-06
1.780887,1.27945373e+01,1.65253669e-05,5.65464847e-06
1.781981,1.27460507e+01,1.69653319e-05,5.75403206e-06
1.783075,1.26971129e+01,1.74242039e-05,5.85214249e-06
1.784168,1.26477055e+01,1.78564696e-05,5.94669180e-06
1.785262,1.25978047e+01,1.83543112e-05,6.03599876e-06
1.786356,1.25473899e+01,1.87350859e-05,6.12153357e-06
1.787450,1.24964592e+01,1.91529331e-05,6.20149744e-06
1.788544,1.24450104e+01,1.95526128e-05,6.27696616e-06
1.789638,1.23930284e+01,1.99574434e-05,6.34626465e-06
1.790732,1.23405041e+01,2.02850860e-05,6.41162032e-06
1.791826,1.22874460e+01,2.07188534e-05,6.46842079e-06
1.792920,1.22338253e+01,2.10107710e-05,6.52157248e-06
1.794014,1.21796426e+01,2.14557029e-05,6.56584769e-06
1.795108,1.21248572e+01,2.18570420e-05,6.60165456e-06
1.796201,1.20694364e+01,2.22302631e-05,6.62989576e-06
1.797295,1.20133733e+01,2.25909885e-05,6.65131547e-06
1.798389,1.19566371e+01,2.28334644e-05,6.66454442e-06
1.799483,1.18992172e+01,2.31620211e-05,6.66808289e-06
1.800577,1.18410964e+01,2.34825156e-05,6.66286165e-06
1.801671,1.17822129e+01,2.38251389e-05,6.64776901e-06
1.802765,1.17225104e+01,2.41861522e-05,6.62097737e-06
1.803859,1.16619644e+01,2.45757672e-05,6.58350392e-06
1.804953,1.16004731e+01,2.49543505e-05,6.53426948e-06
1.806047,1.15379678e+01,2.51869704e-05,6.47361019e-06
1.807141,1.14744126e+01,2.53516795e-05,6.40157174e-06
1.808234,1.14097847e+01,2.52988944e-05,6.31859028e-06
1.809328,1.13441061e+01,2.54859720e-05,6.22469072e-06
1.810422,1.12773813e+01,2.51358568e-05,6.12135156e-06
1.811516,1.12097006e+01,2.51039089e-05,6.00961719e-06
1.812610,1.11411993e+01,2.48514866e-05,5.89183720e-06
1.813704,1.10719253e+01,2.45667805e-05,5.76358286e-06
1.814798,1.10019923e+01,2.41172743e-05,5.62916520e-06
1.815892,1.09314958e+01,2.40899787e-05,5.48680889e-06
1.816986,1.08605190e+01,2.35781594e-05,5.33701088e-06
1.818080,1.07892775e+01,2.31011883e-05,5.18377527e-06
1.819174,1.07178992e+01,2.25965785e-05,5.02389446e-06
1.820267,1.06466278e+01,2.16476368e-05,4.86291798e-06
1.821361,1.05757634e+01,2.09129327e-05,4.70226669e-06
1.822455,1.05054933e+01,2.05401356e-05,4.53890372e-06
1.823549,1.04360072e+01,1.96378635e-05,4.37348583e-06
1.824643,1.03676012e+01,1.88438133e-05,4.21058643e-06
1.825737,1.03004674e+01,1.81326874e-05,4.04637710e-06
1.826831,1.02347807e+01,1.72361429e-05,3.88181465e-06
1.827925,1.01708481e+01,1.64630335e-05,3.72361992e-06
1.829019,1.01088742e+01,1.52691349e-05,3.56585803e-06
1.830113,1.00490924e+01,1.48943933e-05,3.41475970e-06
1.831207,9.99161780e+00,1.41750411e-05,3.26423525e-06
1.832300,9.93660011e+00,1.32925979e-05,3.11687485e-06
1.833394,9.88423089e+00,1.25211138e-05,2.97642438e-06
1.834488,9.83459289e+00,1.18681189e-05,2.83811421e-06
1.835582,9.78774777e+00,1.11599704e-05,2.70306881e-06
1.836676,9.74380788e+00,1.03490254e-05,2.57412290e-06
1.837770,9.70284561e+00,9.71871877e-06,2.44980209e-06
1.838864,9.66487735e+00,9.20588129e-06,2.32882056e-06
1.839958,9.62988550e+00,8.77425008e-06,2.20979207e-06
1.841052,9.59779611e+00,8.27779326e-06,2.08930273e-06
1.842146,9.56853762e+00,7.63739622e-06,1.96786722e-06
1.843240,9.54203589e+00,7.39054424e-06,1.84687207e-06
1.844334,9.51817040e+00,6.72359283e-06,1.72121342e-06
1.845427,9.49684658e+00,6.30557562e-06,1.59468993e-06
1.846521,9.47794894e+00,5.60643129e-06,1.46431414e-06
1.847615,9.46138789e+00,5.13129663e-06,1.33420644e-06
1.848709,9.44700719e+00,4.71984209e-06,1.20033371e-06
1.849803,9.43461823e+00,4.26447609e-06,1.06167211e-06
1.850897,9.42405516e+00,3.58640459e-06,9.19761822e-07
1.851991,9.41515415e+00,3.23089311e-06,7.80295847e-07
1.853085,9.40772321e+00,2.63063182e-06,6.40022330e-07
1.854179,9.40156584e+00,2.28555405e-06,5.07242660e-07
1.855273,9.39647252e+00,1.83518826e-06,3.86284823e-07
1.856367,9.39223497e+00,1.43703311e-06,2.94667652e-07
1.857460,9.38863819e+00,1.06150641e-06,2.61121683e-07
1.858554,9.38546281e+00,7.89821567e-07,3.00132424e-07
1.859648,9.38249303e+00,6.93770835e-07,3.84068950e-07
1.860742,9.37950393e+00,7.94253363e-07,4.83774738e-07
1.861836,9.37627937e+00,1.01644128e-06,5.86157282e-07
1.862930,9.37260349e+00,1.32163143e-06,6.86529931e-07
1.864024,9.36826217e+00,1.61150388e-06,7.80793019e-07
1.865118,9.36304376e+00,1.84356910e-06,8.68589133e-07
1.866212,9.35673972e+00,2.11137971e-06,9.52697250e-07
1.867306,9.34915198e+00,2.38420434e-06,1.03522530e-06
1.868400,9.34009274e+00,2.63641802e-06,1.11829481e-06
1.869493,9.32938296e+00,2.90749207e-06,1.20705498e-06
1.870587,9.31685645e+00,3.16520864e-06,1.30381881e-06
1.871681,9.30235988e+00,3.48678864e-06,1.41530603e-06
1.872775,9.28575591e+00,3.83727911e-06,1.54237537e-06
1.873869,9.26692104e+00,4.22820229e-06,1.68753392e-06
1.874963,9.24574773e+00,4.66982735e-06,1.85163276e-06
1.876057,9.22214273e+00,5.14348162e-06,2.02958947e-06
1.877151,9.19602361e+00,5.64829909e-06,2.22436969e-06
1.878245,9.16732393e+00,6.20192428e-06,2.43207834e-06
1.879339,9.13599194e+00,6.80908683e-06,2.65618378e-06
1.880433,9.10199127e+00,7.40757391e-06,2.88616745e-06
1.881526,9.06529963e+00,8.05175458e-06,3.12899902e-06
1.882620,9.02591278e+00,8.69786024e-06,3.37413829e-06
1.883714,8.98383408e+00,9.41149960e-06,3.63098422e-06
1.884808,8.93908380e+00,1.01057498e-05,3.88852643e-06
1.885902,8.89169662e+00,1.08121839e-05,4.14826401e-06
1.886996,8.84172128e+00,1.15432518e-05,4.41130445e-06
1.888090,8.78921735e+00,1.22698365e-05,4.67194279e-06
1.889184,8.73425823e+00,1.29993758e-05,4.93127785e-06
1.890278,8.67692735e+00,1.37391282e-05,5.18641823e-06
1.891372,8.61731611e+00,1.45150569e-05,5.44101305e-06
1.892466,8.55552846e+00,1.52679389e-05,5.68717791e-06
1.893559,8.49167415e+00,1.59960240e-05,5.92541088e-06
1.894653,8.42587270e+00,1.67360786e-05,6.15256440e-06
1.895747,8.35822927e+00,1.75580348e-05,6.37412047e-06
1.896841,8.28885619e+00,1.82583305e-05,6.58284637e-06
1.897935,8.21789749e+00,1.89300600e-05,6.78002122e-06
1.899029,8.14549325e+00,1.96537683e-05,6.96052963e-06
1.900123,8.07176383e+00,2.03037442e-05,7.12432901e-06
1.901217,7.99684925e+00,2.09017003e-05,7.27251349e-06
1.902311,7.92089552e+00,2.14807770e-05,7.40263742e-06
1.903405,7.84404697e+00,2.20564973e-05,7.51410562e-06
1.904499,7.76643274e+00,2.26207286e-05,7.60304235e-06
1.905593,7.68817776e+00,2.30830166e-05,7.67119124e-06
1.906686,7.60940949e+00,2.35099572e-05,7.71352548e-06
1.907780,7.53025915e+00,2.38818170e-05,7.73552439e-06
1.908874,7.45085494e+00,2.42560195e-05,7.73061795e-06
1.909968,7.37128644e+00,2.46043793e-05,7.69827131e-06
1.911062,7.29163362e+00,2.48739675e-05,7.63968975e-06
1.912156,7.21197052e+00,2.50618139e-05,7.55315312e-06
1.913250,7.13239873e+00,2.52399229e-05,7.44075060e-06
1.914344,7.05296531e+00,2.51628622e-05,7.29934592e-06
1.915438,6.97374532e+00,2.52951268e-05,7.13085262e-06
1.916532,6.89477790e+00,2.51297000e-05,6.93554339e-06
1.917626,6.81620648e+00,2.46644397e-05,6.71729368e-06
1.918719,6.73818085e+00,2.42043929e-05,6.47749896e-06
1.919813,6.66081894e+00,2.36922886e-05,6.21759603e-06
1.920907,6.58428641e+00,2.31326588e-05,5.94152010e-06
1.922001,6.50871245e+00,2.22699088e-05,5.64905055e-06
1.923095,6.43424993e+00,2.15838871e-05,5.34554121e-06
1.924189,6.36113243e+00,2.01844435e-05,5.03358967e-06
1.925283,6.28977974e+00,1.86506430e-05,4.72062906e-06
1.926377,6.22061528e+00,1.74274340e-05,4.41022336e-06
1.927471,6.15394568e+00,1.57694259e-05,4.09741286e-06
1.928565,6.09011914e+00,1.45496891e-05,3.79234910e-06
1.929659,6.02933210e+00,1.31435771e-05,3.48971891e-06
1.930752,5.97188915e+00,1.15523763e-05,3.19510652e-06
1.931846,5.91802137e+00,1.05157519e-05,2.91346029e-06
1.932940,5.86791731e+00,8.92337797e-06,2.63662530e-06
1.934034,5.82176075e+00,7.92415437e-06,2.37747517e-06
1.935128,5.77960151e+00,6.89769452e-06,2.13152833e-06
1.936222,5.74143781e+00,5.99295619e-06,1.90186434e-06
1.937316,5.70720859e+00,5.07540629e-06,1.68975030e-06
1.938410,5.67683715e+00,4.35161203e-06,1.49840944e-06
1.939504,5.65018670e+00,3.71183780e-06,1.32829481e-06
1.940598,5.62707681e+00,3.11255630e-06,1.17656074e-06
1.941692,5.60730365e+00,2.69086095e-06,1.04687873e-06
1.942785,5.59062602e+00,2.28895876e-06,9.32701007e-07
1.943879,5.57679305e+00,1.98912929e-06,8.33893509e-07
1.944973,5.56552097e+00,1.74801934e-06,7.47638308e-07
1.946067,5.55651934e+00,1.56537243e-06,6.68669222e-07
1.947161,5.54948691e+00,1.41408371e-06,5.98067138e-07
1.948255,5.54411506e+00,1.28332517e-06,5.33571485e-07
1.949349,5.54010561e+00,1.17570748e-06,4.75432355e-07
1.950443,5.53716511e+00,1.07708362e-06,4.26036181e-07
1.951537,5.53500879e+00,1.01118352e-06,3.86215231e-07
1.952631,5.53336546e+00,9.52664183e-07,3.58550025e-07
1.953725,5.53197856e+00,9.30968523e-07,3.43887193e-07
1.954818,5.53060793e+00,9.32456211e-07,3.43584259e-07
1.955912,5.52902858e+00,9.64031675e-07,3.58423250e-07
1.957006,5.52703122e+00,1.03051335e-06,3.88779918e-07
1.958100,5.52442078e+00,1.14289272e-06,4.36197662e-07
1.959194,5.52101766e+00,1.29742108e-06,5.00523567e-07
1.960288,5.51665638e+00,1.48807465e-06,5.80447019e-07
1.961382,5.51118360e+00,1.70505261e-06,6.72298633e-07
1.962476,5.50446012e+00,1.95786828e-06,7.74997601e-07
1.963570,5.49636165e+00,2.20834480e-06,8.80143126e-07
1.964664,5.48677457e+00,2.47221849e-06,9.88204732e-07
1.965758,5.47559898e+00,2.73788143e-06,1.09439582e-06
1.966852,5.46274780e+00,2.99063319e-06,1.19635302e-06
1.967945,5.44814777e+00,3.24925820e-06,1.29631053e-06
1.969039,5.43173801e+00,3.48272564e-06,1.38879964e-06
1.970133,5.41346922e+00,3.71267070e-06,1.47640271e-06
1.971227,5.39330510e+00,3.92963233e-06,1.55808562e-06
1.972321,5.37122021e+00,4.11549512e-06,1.63103475e-06
1.973415,5.34719994e+00,4.31631036e-06,1.70085105e-06
1.974509,5.32124010e+00,4.48851223e-06,1.76069676e-06
1.975603,5.29334332e+00,4.63633306e-06,1.81423468e-06
1.976697,5.26352488e+00,4.76767162e-06,1.86120135e-06
1.977791,5.23180975e+00,4.89201426e-06,1.90197370e-06
1.978885,5.19822860e+00,4.99276108e-06,1.93614104e-06
1.979978,5.16282040e+00,5.07731584e-06,1.96378702e-06
1.981072,5.12563226e+00,5.14859681e-06,1.98606266e-06
1.982166,5.08671683e+00,5.21572091e-06,2.00202804e-06
1.983260,5.04612920e+00,5.26719002e-06,2.01344097e-06
1.984354,5.00393369e+00,5.29172352e-06,2.01892634e-06
1.985448,4.96020112e+00,5.31761938e-06,2.02069729e-06
1.986542,4.91500717e+00,5.31589271e-06,2.01691906e-06
1.987636,4.86842994e+00,5.30493955e-06,2.00916076e-06
1.988730,4.82055091e+00,5.26727175e-06,1.99691596e-06
1.989824,4.77145526e+00,5.23746714e-06,1.98172227e-06
1.990918,4.72122645e+00,5.22302812e-06,1.96385575e-06
1.992011,4.66995111e+00,5.17845026e-06,1.94294529e-06
1.993105,4.61772036e+00,5.09826028e-06,1.91839218e-06
1.994199,4.56462594e+00,5.06680834e-06,1.89339757e-06
1.995293,4.51075869e+00,4.98511718e-06,1.86469846e-06
1.996387,4.45621263e+00,4.91794755e-06,1.83522109e-06
1.997481,4.40108029e+00,4.85037478e-06,1.80407254e-06
1.998575,4.34545083e+00,4.75374318e-06,1.77082961e-06
1.999669,4.28941024e+00,4.68837221e-06,1.73764536e-06
2.000763,4.23304611e+00,4.60556378e-06,1.70346636e-06
2.001857,4.17644731e+00,4.51750317e-06,1.66844798e-06
2.002951,4.11969849e+00,4.43013762e-06,1.63364325e-06
2.004044,4.06288721e+00,4.33604631e-06,1.59855416e-06
2.005138,4.00609925e+00,4.23665825e-06,1.56347617e-06
2.006232,3.94941464e+00,4.14642481e-06,1.52911584e-06
2.007326,3.89291466e+00,4.06425872e-06,1.49567448e-06
2.008420,3.83667637e+00,3.98129235e-06,1.46290586e-06
2.009514,3.78077238e+00,3.89745168e-06,1.43127731e-06
2.010608,3.72526916e+00,3.83320406e-06,1.40169068e-06
2.011702,3.67023259e+00,3.76475019e-06,1.37312645e-06
2.012796,3.61572018e+00,3.70950154e-06,1.34681730e-06
2.013890,3.56178810e+00,3.65938215e-06,1.32258498e-06
2.014984,3.50849239e+00,3.63845665e-06,1.31159363e-06
2.016077,3.45588748e+00,3.58888433e-06,1.28054883e-06
2.017171,3.40401317e+00,3.57301420e-06,1.26257473e-06
2.018265,3.35290457e+00,3.55339350e-06,1.24711551e-06
2.019359,3.30261130e+00,3.55071137e-06,1.23317643e-06
2.020453,3.25316320e+00,3.56697137e-06,1.22096300e-06
2.021547,3.20459136e+00,3.58020095e-06,1.21020270e-06
2.022641,3.15692529e+00,3.58751478e-06,1.20079361e-06
2.023735,3.11019064e+00,3.62226787e-06,1.19235267e-06
2.024829,3.06440968e+00,3.62596975e-06,1.18491839e-06
2.025923,3.01961360e+00,3.64372922e-06,1.17803350e-06
2.027017,2.97582957e+00,3.63769133e-06,1.17151098e-06
2.028111,2.93309309e+00,3.66609578e-06,1.16518476e-06
2.029204,2.89143757e+00,3.60142976e-06,1.15873701e-06
2.030298,2.85091588e+00,3.63298293e-06,1.15208091e-06
2.031392,2.81154577e+00,3.60157160e-06,1.14512616e-06
2.032486,2.77335076e+00,3.60820174e-06,1.13799418e-06
2.033580,2.73635373e+00,3.55445076e-06,1.13025919e-06
2.034674,2.70058527e+00,3.54020186e-06,1.12200315e-06
2.035768,2.66607355e+00,3.48907987e-06,1.11296801e-06
2.036862,2.63284000e+00,3.45669993e-06,1.10326853e-06
2.037956,2.60089434e+00,3.38758700e-06,1.09273837e-06
2.039050,2.57026003e+00,3.39113958e-06,1.08159021e-06
2.040144,2.54092912e+00,3.31095314e-06,1.06937947e-06
2.041237,2.51291270e+00,3.26368007e-06,1.05646519e-06
2.042331,2.48621321e+00,3.21909825e-06,1.04278135e-06
2.043425,2.46082472e+00,3.14522112e-06,1.02812783e-06
2.044519,2.43673951e+00,3.08133717e-06,1.01268824e-06
2.045613,2.41394432e+00,3.04231256e-06,9.96502997e-07
2.046707,2.39242284e+00,2.97676088e-06,9.79461184e-07
2.047801,2.37215089e+00,2.91556230e-06,9.61779212e-07
2.048895,2.35310439e+00,2.84717720e-06,9.43338089e-07
2.049989,2.33525768e+00,2.78207493e-06,9.24329620e-07
2.051083,2.31858311e+00,2.72392577e-06,9.04904411e-07
2.052177,2.30304259e+00,2.65159334e-06,8.84948984e-07
2.053270,2.28860515e+00,2.55780459e-06,8.64435552e-07
2.054364,2.27523447e+00,2.51562612e-06,8.43947490e-07
2.055458,2.26289405e+00,2.41885737e-06,8.22849262e-07
2.056552,2.25154411e+00,2.37547065e-06,8.02104844e-07
2.057646,2.24113312e+00,2.30837409e-06,7.81179622e-07
2.058740,2.23162581e+00,2.23009587e-06,7.60127886e-07
2.059834,2.22297780e+00,2.16332435e-06,7.39501179e-07
2.060928,2.21514433e+00,2.09614916e-06,7.19165649e-07
2.062022,2.20808543e+00,2.03174614e-06,6.99229282e-07
2.063116,2.20175500e+00,1.96438421e-06,6.79774859e-07
2.064210,2.19611318e+00,1.89207112e-06,6.60776333e-07
2.065303,2.19112349e+00,1.83445005e-06,6.42646405e-07
2.066397,2.18674356e+00,1.78708764e-06,6.25409321e-07
2.067491,2.18293071e+00,1.72778075e-06,6.08793343e-07
2.068585,2.17964873e+00,1.67563729e-06,5.93277446e-07
2.069679,2.17685651e+00,1.63476573e-06,5.79016082e-07
2.070773,2.17451522e+00,1.58926593e-06,5.65595262e-07
2.071867,2.17258974e+00,1.54729302e-06,5.53303198e-07
2.072961,2.17104782e+00,1.51071774e-06,5.42293590e-07
2.074055,2.16985756e+00,1.47927377e-06,5.32357917e-07
2.075149,2.16898491e+00,1.45157377e-06,5.23736665e-07
2.076243,2.16839807e+00,1.42557602e-06,5.16251461e-07
2.077336,2.16806831e+00,1.40411827e-06,5.09858257e-07
2.078430,2.16796946e+00,1.39100735e-06,5.04434308e-07
2.079524,2.16807532e+00,1.38003290e-06,5.00131283e-07
2.080618,2.16835679e+00,1.37548147e-06,4.96724160e-07
2.081712,2.16878896e+00,1.36913345e-06,4.94116808e-07
2.082806,2.16934995e+00,1.36618446e-06,4.92225154e-07
2.083900,2.17001609e+00,1.36810929e-06,4.90988752e-07
2.084994,2.17076653e+00,1.36820139e-06,4.90346638e-07
2.086088,2.17158209e+00,1.37083277e-06,4.90178069e-07
2.087182,2.17244458e+00,1.37583468e-06,4.90414443e-07
2.088276,2.17333746e+00,1.38074985e-06,4.90975887e-07
2.089370,2.17424486e+00,1.38954689e-06,4.91800184e-07
2.090463,2.17515070e+00,1.40995173e-06,4.92763692e-07
2.091557,2.17603922e+00,1.42056165e-06,4.93816318e-07
2.092651,2.17689760e+00,1.43006100e-06,4.94979082e-07
2.093745,2.17771387e+00,1.44798296e-06,4.96229976e-07
2.094839,2.17847675e+00,1.45687676e-06,4.97466478e-07
2.095933,2.17917704e+00,1.46796103e-06,4.98812479e-07
2.097027,2.17980686e+00,1.48064695e-06,5.00251484e-07
2.098121,2.18035962e+00,1.49079782e-06,5.01821949e-07
2.099215,2.18083098e+00,1.50050511e-06,5.03564872e-07
2.100309,2.18121716e+00,1.51377340e-06,5.05534503e-07
2.101403,2.18151434e+00,1.52621417e-06,5.07803055e-07
2.102496,2.18172105e+00,1.53885971e-06,5.10481414e-07
2.103590,2.18183705e+00,1.55522984e-06,5.13538734e-07
2.104684,2.18186326e+00,1.57073783e-06,5.17251428e-07
2.105778,2.18180168e+00,1.58993560e-06,5.21526280e-07
2.106872,2.18165477e+00,1.60916314e-06,5.26488291e-07
2.107966,2.18142491e+00,1.63693529e-06,5.32150106e-07
2.109060,2.18111568e+00,1.66122427e-06,5.38605341e-07
2.110154,2.18073158e+00,1.69116237e-06,5.45905770e-07
2.111248,2.18027695e+00,1.72272303e-06,5.54052072e-07
2.112342,2.17975635e+00,1.75640065e-06,5.63081071e-07
2.113436,2.17917512e+00,1.79811247e-06,5.72866774e-07
2.114529,2.17853474e+00,1.84644980e-06,5.83193286e-07
2.115623,2.17783807e+00,1.88735116e-06,5.94379785e-07
2.116717,2.17709130e+00,1.93017798e-06,6.06268900e-07
2.117811,2.17629839e+00,1.98220191e-06,6.18557753e-07
2.118905,2.17546173e+00,2.03035104e-06,6.31742275e-07
2.119999,2.17458508e+00,2.08373302e-06,6.45053484e-07
2.121093,2.17367206e+00,2.13332621e-06,6.58863378e-07
2.122187,2.17272477e+00,2.19355700e-06,6.72730198e-07
2.123281,2.17174399e+00,2.24212464e-06,6.87085737e-07
2.124375,2.17073203e+00,2.31990996e-06,7.01120458e-07
2.125469,2.16968229e+00,2.38948398e-06,7.15719151e-07
2.126562,2.16859094e+00,2.46223387e-06,7.29704707e-07
2.127656,2.16745391e+00,2.52743624e-06,7.43634129e-07
2.128750,2.16626864e+00,2.58961840e-06,7.57654405e-07
2.129844,2.16503039e+00,2.65695069e-06,7.70822689e-07
2.130938,2.16373302e+00,2.71581767e-06,7.83841862e-07
2.132032,2.16237551e+00,2.79396645e-06,7.96408553e-07
2.133126,2.16094619e+00,2.85785491e-06,8.08539580e-07
2.134220,2.15943918e+00,2.92802287e-06,8.19867753e-07
2.135314,2.15784527e+00,2.98389129e-06,8.30626482e-07
2.136408,2.15615959e+00,3.03774158e-06,8.40829347e-07
2.137502,2.15437896e+00,3.09084048e-06,8.50276164e-07
2.138595,2.15249619e+00,3.16784603e-06,8.58691753e-07
2.139689,2.15049692e+00,3.21040805e-06,8.66390962e-07
2.140783,2.14837435e+00,3.29180241e-06,8.72530509e-07
2.141877,2.14611266e+00,3.33938221e-06,8.78341664e-07
2.142971,2.14370550e+00,3.39107045e-06,8.82865019e-07
2.144065,2.14114433e+00,3.43521854e-06,8.86430334e-07
2.145159,2.13842071e+00,3.47878219e-06,8.88763181e-07
2.146253,2.13552596e+00,3.53589797e-06,8.89848281e-07
2.147347,2.13244536e+00,3.58916703e-06,8.89783969e-07
2.148441,2.12916022e+00,3.65115840e-06,8.88204806e-07
2.149535,2.12565706e+00,3.66204608e-06,8.85463654e-07
2.150629,2.12192923e+00,3.71689280e-06,8.81090692e-07
2.151722,2.11796671e+00,3.73438398e-06,8.75888458e-07
2.152816,2.11376220e+00,3.73714275e-06,8.69176454e-07
2.153910,2.10931116e+00,3.75378085e-06,8.61217980e-07
2.155004,2.10461098e+00,3.75110652e-06,8.52216380e-07
2.156098,2.09966319e+00,3.74129146e-06,8.42187822e-07
2.157192,2.09446765e+00,3.72146690e-06,8.31198419e-07
2.158286,2.08903324e+00,3.63951371e-06,8.19607061e-07
2.159380,2.08337179e+00,3.65501072e-06,8.07184230e-07
2.160474,2.07748621e+00,3.58669356e-06,7.93966798e-07
2.161568,2.07139648e+00,3.58022752e-06,7.80200379e-07
2.162662,2.06510184e+00,3.57347244e-06,7.65492034e-07
2.163755,2.05860132e+00,3.53489307e-06,7.49906239e-07
2.164849,2.05190097e+00,3.45437553e-06,7.33613600e-07
2.165943,2.04501026e+00,3.42508970e-06,7.16642784e-07
2.167037,2.03794819e+00,3.34486785e-06,6.99543386e-07
2.168131,2.03073146e+00,3.25398984e-06,6.82067249e-07
2.169225,2.02338888e+00,3.14034477e-06,6.64777114e-07
2.170319,2.01594166e+00,3.06213550e-06,6.47301718e-07
2.171413,2.00840906e+00,3.00692296e-06,6.29757563e-07
2.172507,2.00080920e+00,2.88750952e-06,6.12098873e-07
2.173601,1.99317090e+00,2.81421089e-06,5.94732108e-07
2.174695,1.98551120e+00,2.71109637e-06,5.77249317e-07
2.175788,1.97784718e+00,2.67183414e-06,5.59796534e-07
2.176882,1.97019310e+00,2.50583105e-06,5.42253014e-07
2.177976,1.96257895e+00,2.43876220e-06,5.25191991e-07
2.179070,1.95502388e+00,2.30767651e-06,5.08279187e-07
2.180164,1.94754547e+00,2.28103921e-06,4.91558286e-07
2.181258,1.94014433e+00,2.22755180e-06,4.74578606e-07
2.182352,1.93283584e+00,2.08206911e-06,4.57721938e-07
2.183446,1.92564884e+00,2.01105545e-06,4.41547521e-07
2.184540,1.91859014e+00,1.93191862e-06,4.25286088e-07
2.185634,1.91166872e+00,1.83389901e-06,4.09161167e-07
2.186728,1.90489247e+00,1.77731314e-06,3.93198509e-07
2.187821,1.89826497e+00,1.71192292e-06,3.77319735e-07
2.188915,1.89179695e+00,1.63175257e-06,3.61731218e-07
2.190009,1.88549570e+00,1.55262533e-06,3.46291055e-07
2.191103,1.87936658e+00,1.46591896e-06,3.31058056e-07
2.192197,1.87341610e+00,1.40297853e-06,3.16172417e-07
2.193291,1.86764886e+00,1.32178291e-06,3.01502410e-07
2.194385,1.86206673e+00,1.27051041e-06,2.87144296e-07
2.195479,1.85666782e+00,1.18713092e-06,2.72876404e-07
2.196573,1.85145826e+00,1.12344202e-06,2.59131753e-07
2.197667,1.84643638e+00,1.06579011e-06,2.45673160e-07
2.198761,1.84160240e+00,9.93672512e-07,2.32566546e-07
2.199854,1.83695296e+00,9.52368256e-07,2.19928901e-07
2.200948,1.83248410e+00,8.93114749e-07,2.07707360e-07
2.202042,1.82819368e+00,8.38881935e-07,1.96024979e-07
2.203136,1.82407768e+00,7.67510570e-07,1.84854903e-07
2.204230,1.82013312e+00,7.35926729e-07,1.74597810e-07
2.205324,1.81635340e+00,6.71731144e-07,1.64934905e-07
2.206418,1.81273459e+00,6.40846077e-07,1.56298380e-07
2.207512,1.80926687e+00,5.95972829e-07,1.48588270e-07
2.208606,1.80594420e+00,5.54935549e-07,1.42047035e-07
2.209700,1.80276070e+00,5.14648832e-07,1.36744755e-07
2.210794,1.79970996e+00,4.74577355e-07,1.32791648e-07
2.211888,1.79678502e+00,4.44798125e-07,1.30303497e-07
2.212981,1.79397828e+00,4.19328119e-07,1.29208336e-07
2.214075,1.79128095e+00,3.97445734e-07,1.29557778e-07
2.215169,1.78868517e+00,3.79992137e-07,1.31240311e-07
2.216263,1.78618335e+00,3.68409543e-07,1.34145070e-07
2.217357,1.78376691e+00,3.65520925e-07,1.38044906e-07
2.218451,1.78142618e+00,3.65235161e-07,1.42920327e-07
2.219545,1.77915175e+00,3.69793448e-07,1.48541388e-07
2.220639,1.77693506e+00,3.81861470e-07,1.54827552e-07
2.221733,1.77476727e+00,3.99721620e-07,1.61601090e-07
2.222827,1.77263946e+00,4.14440122e-07,1.68579337e-07
2.223921,1.77054175e+00,4.32137638e-07,1.75883312e-07
2.225014,1.76846278e+00,4.55251620e-07,1.83425368e-07
2.226108,1.76639214e+00,4.77879925e-07,1.91095826e-07
2.227202,1.76432107e+00,5.06870452e-07,1.98886557e-07
2.228296,1.76224031e+00,5.22455480e-07,2.06465891e-07
2.229390,1.76013918e+00,5.54722388e-07,2.14364903e-07
2.230484,1.75800889e+00,5.83405752e-07,2.22157356e-07
2.231578,1.75584049e+00,6.04815744e-07,2.29822323e-07
2.232672,1.75362432e+00,6.30091415e-07,2.37523359e-07
2.233766,1.75135036e+00,6.68227016e-07,2.45351150e-07
2.234860,1.74900889e+00,6.95047820e-07,2.52985431e-07
2.235954,1.74659096e+00,7.22159332e-07,2.60648436e-07
2.237047,1.74408788e+00,7.54448499e-07,2.68487611e-07
2.238141,1.74149070e+00,7.86822015e-07,2.76202946e-07
2.239235,1.73879052e+00,8.15078916e-07,2.84017517e-07
2.240329,1.73597943e+00,8.38538913e-07,2.91705154e-07
2.241423,1.73304895e+00,8.78947196e-07,2.99971132e-07
2.242517,1.72999166e+00,9.10662707e-07,3.08189395e-07
2.243611,1.72680044e+00,9.44803075e-07,3.16450729e-07
2.244705,1.72346783e+00,9.78767173e-07,3.24855890e-07
2.245799,1.71998625e+00,1.01364668e-06,3.33456344e-07
2.246893,1.71634888e+00,1.05883518e-06,3.42421773e-07
2.247987,1.71254830e+00,1.09694939e-06,3.51457054e-07
2.249080,1.70857847e+00,1.13245528e-06,3.60581039e-07
2.250174,1.70443434e+00,1.17203832e-06,3.70131881e-07
2.251268,1.70011128e+00,1.21086449e-06,3.79622870e-07
2.252362,1.69560440e+00,1.25038044e-06,3.89370330e-07
2.253456,1.69090915e+00,1.29194680e-06,3.99064334e-07
2.254550,1.68602018e+00,1.34460144e-06,4.09082991e-07
2.255644,1.68093107e+00,1.39177215e-06,4.19247890e-07
2.256738,1.67563694e+00,1.43681715e-06,4.29254235e-07
2.257832,1.67013286e+00,1.48544812e-06,4.39153937e-07
2.258926,1.66441333e+00,1.53154002e-06,4.49136747e-07
2.260020,1.65847516e+00,1.57757850e-06,4.59461454e-07
2.261113,1.65231574e+00,1.62767944e-06,4.69315680e-07
2.262207,1.64592967e+00,1.67827777e-06,4.79202975e-07
2.263301,1.63931297e+00,1.72957779e-06,4.89169003e-07
2.264395,1.63246243e+00,1.77983254e-06,4.99061341e-07
2.265489,1.62537398e+00,1.83377178e-06,5.08280202e-07
2.266583,1.61804259e+00,1.89027926e-06,5.17788396e-07
2.267677,1.61046450e+00,1.94468170e-06,5.26756785e-07
2.268771,1.60263273e+00,2.01278453e-06,5.35546694e-07
2.269865,1.59453838e+00,2.07705993e-06,5.43613502e-07
2.270959,1.58617334e+00,2.13980561e-06,5.51098417e-07
2.272053,1.57753043e+00,2.19756143e-06,5.58534230e-07
2.273147,1.56860456e+00,2.26026395e-06,5.65096270e-07
2.274240,1.55938760e+00,2.32805326e-06,5.71253832e-07
2.275334,1.54986749e+00,2.40642586e-06,5.76668847e-07
2.276428,1.54003263e+00,2.46833304e-06,5.81232048e-07
2.277522,1.52987261e+00,2.53979606e-06,5.84652047e-07
2.278616,1.51937707e+00,2.60562117e-06,5.87423250e-07
2.279710,1.50853506e+00,2.66643282e-06,5.89047139e-07
2.280804,1.49733631e+00,2.73198786e-06,5.89783426e-07
2.281898,1.48576835e+00,2.79796206e-06,5.89388211e-07
2.282992,1.47381893e+00,2.86254230e-06,5.87823019e-07
2.284086,1.46147387e+00,2.92774684e-06,5.85026975e-07
2.285180,1.44872099e+00,2.98324314e-06,5.81018421e-07
2.286273,1.43555126e+00,3.03092041e-06,5.75819992e-07
2.287367,1.42195142e+00,3.11154664e-06,5.68873518e-07
2.288461,1.40790246e+00,3.18370644e-06,5.60436836e-07
2.289555,1.39338371e+00,3.27904867e-06,5.50644374e-07
2.290649,1.37836832e+00,3.31840630e-06,5.38974518e-07
2.291743,1.36285011e+00,3.36439929e-06,5.26159380e-07
2.292837,1.34681165e+00,3.40032239e-06,5.11848488e-07
2.293931,1.33023735e+00,3.44782018e-06,4.96307432e-07
2.295025,1.31312029e+00,3.43886134e-06,4.79953869e-07
2.296119,1.29546450e+00,3.43469390e-06,4.63242239e-07
2.297213,1.27727171e+00,3.40848691e-06,4.46358115e-07
2.298306,1.25856008e+00,3.33347417e-06,4.30047805e-07
2.299400,1.23935419e+00,3.29429354e-06,4.14633956e-07
2.300494,1.21968149e+00,3.11731456e-06,4.00583598e-07
2.301588,1.19959149e+00,3.07190718e-06,3.88487965e-07
2.302682,1.17911726e+00,2.93258805e-06,3.78402473e-07
2.303776,1.15830677e+00,2.84284854e-06,3.70749035e-07
2.304870,1.13720256e+00,2.66096514e-06,3.65605918e-07
2.305964,1.11586529e+00,2.57173710e-06,3.63097643e-07
2.307058,1.09435568e+00,2.31058977e-06,3.62877746e-07
2.308152,1.07278038e+00,2.08769974e-06,3.63782724e-07
2.309246,1.05123612e+00,1.87546865e-06,3.65284800e-07
2.310339,1.02980749e+00,1.68129896e-06,3.67107378e-07
2.311433,1.00857947e+00,1.49185169e-06,3.68498588e-07
2.312527,9.87636589e-01,1.30390339e-06,3.69090221e-07
2.313621,9.67057394e-01,1.14494448e-06,3.68661228e-07
2.314715,9.46912905e-01,1.02692401e-06,3.67153274e-07
2.315809,9.27264300e-01,8.97176125e-07,3.64485553e-07
2.316903,9.08171871e-01,7.99776657e-07,3.60634763e-07
2.317997,8.89686411e-01,6.99271353e-07,3.55631215e-07
2.319091,8.71855463e-01,6.47263654e-07,3.49822341e-07
2.320185,8.54711317e-01,5.86645980e-07,3.43358702e-07
2.321279,8.38288813e-01,5.41883820e-07,3.36288360e-07
2.322372,8.22613879e-01,5.08480358e-07,3.28889949e-07
2.323466,8.07710004e-01,4.83170303e-07,3.21435107e-07
2.324560,7.93594432e-01,4.68997547e-07,3.13942254e-07
2.325654,7.80279263e-01,4.60891743e-07,3.06855256e-07
2.326748,7.67774013e-01,4.48057935e-07,3.00327082e-07
2.327842,7.56080222e-01,4.57222198e-07,2.94585675e-07
2.328936,7.45201793e-01,4.63496114e-07,2.89633390e-07
2.330030,7.35134598e-01,4.69311599e-07,2.85931499e-07
2.331124,7.25871816e-01,4.92010042e-07,2.83368286e-07
2.332218,7.17403103e-01,5.02595668e-07,2.82274377e-07
2.333312,7.09715736e-01,5.16839239e-07,2.82434870e-07
2.334406,7.02792933e-01,5.46308115e-07,2.83938971e-07
2.335499,6.96616860e-01,5.67732576e-07,2.86626188e-07
2.336593,6.91166624e-01,5.97295122e-07,2.90297017e-07
2.337687,6.86420194e-01,6.24815370e-07,2.94670077e-07
2.338781,6.82352190e-01,6.42629452e-07,2.96964340e-07
2.339875,6.78934865e-01,6.69131228e-07,3.04347045e-07
2.340969,6.76138544e-01,6.96802153e-07,3.08891083e-07
2.342063,6.73931129e-01,7.12887474e-07,3.12784547e-07
2.343157,6.72277964e-01,7.29339518e-07,3.15790016e-07
2.344251,6.71142824e-01,7.44255845e-07,3.17853429e-07
2.345345,6.70488228e-01,7.52949318e-07,3.19165352e-07
2.346439,6.70275965e-01,7.62551712e-07,3.20183429e-07
2.347532,6.70468586e-01,7.72677494e-07,3.21623540e-07
2.348626,6.71030218e-01,7.83524919e-07,3.24388217e-07
2.349720,6.71927464e-01,8.00523619e-07,3.29471297e-07
2.350814,6.73130180e-01,8.24961667e-07,3.37757724e-07
2.351908,6.74611566e-01,8.58798919e-07,3.50026158e-07
2.353002,6.76348233e-01,9.03494073e-07,3.66670774e-07
2.354096,6.78319820e-01,9.60375587e-07,3.88475504e-07
2.355190,6.80509973e-01,9.91354224e-07,3.99632190e-07
2.356284,6.82905219e-01,1.11251314e-06,4.46780259e-07
2.357378,6.85487891e-01,1.20755364e-06,4.83422502e-07
2.358472,6.88246921e-01,1.25322025e-06,5.00755703e-07
2.359565,6.91184135e-01,1.43279980e-06,5.70763708e-07
2.360659,6.94276043e-01,1.56228272e-06,6.19545007e-07
2.361753,6.97507656e-01,1.69870952e-06,6.72030942e-07
2.362847,7.00867724e-01,1.84464653e-06,7.26688494e-07
2.363941,7.04344818e-01,1.99840855e-06,7.83559951e-07
2.365035,7.07927302e-01,2.15863736e-06,8.42567808e-07
2.366129,7.11602262e-01,2.32271635e-06,9.01988897e-07
2.367223,7.15356798e-01,2.48639055e-06,9.62407408e-07
2.368317,7.19178980e-01,2.65399225e-06,1.02285440e-06
2.369411,7.23054500e-01,2.83053899e-06,1.08207658e-06
2.370505,7.26969335e-01,3.00316255e-06,1.14082234e-06
2.371598,7.30908556e-01,3.16909899e-06,1.19829533e-06
2.372692,7.34856486e-01,3.33664832e-06,1.25352234e-06
2.373786,7.38796383e-01,3.50675895e-06,1.30584700e-06
2.374880,7.42709998e-01,3.66837986e-06,1.35491503e-06
2.375974,7.46579223e-01,3.81883765e-06,1.40041576e-06
2.377068,7.50386826e-01,3.97396248e-06,1.44133567e-06
2.378162,7.54112210e-01,4.09741397e-06,1.47803694e-06
2.379256,7.57742385e-01,4.21521597e-06,1.50985557e-06
2.380350,7.61260119e-01,4.32707743e-06,1.53595370e-06
2.381444,7.64649177e-01,4.41946329e-06,1.55650783e-06
2.382538,7.67895591e-01,4.49491847e-06,1.57102697e-06
2.383632,7.70988220e-01,4.54222661e-06,1.57973284e-06
2.384725,7.73919472e-01,4.58553801e-06,1.58222937e-06
2.385819,7.76677830e-01,4.59840827e-06,1.57829371e-06
2.386913,7.79260781e-01,4.58213728e-06,1.56860903e-06
2.388007,7.81667740e-01,4.53046565e-06,1.55306550e-06
2.389101,7.83900349e-01,4.50776501e-06,1.53170702e-06
2.390195,7.85960723e-01,4.38170679e-06,1.50502068e-06
2.391289,7.87855671e-01,4.32497120e-06,1.47303575e-06
2.392383,7.89591985e-01,4.16384561e-06,1.43632689e-06
2.393477,7.91185504e-01,4.04089196e-06,1.39551012e-06
2.394571,7.92637751e-01,3.97346989e-06,1.35000488e-06
2.395665,7.93953160e-01,3.76584830e-06,1.30015557e-06
2.396758,7.95154131e-01,3.59650430e-06,1.24775999e-06
2.397852,7.96247682e-01,3.45148237e-06,1.19204709e-06
2.398946,7.97237858e-01,3.25373865e-06,1.13304178e-06
2.400040,7.98136176e-01,3.05585709e-06,1.07187759e-06
2.401134,7.98950078e-01,2.85549373e-06,1.00861166e-06
2.402228,7.99686377e-01,2.67654806e-06,9.44019320e-07
2.403322,8.00351939e-01,2.45256318e-06,8.77802082e-07
2.404416,8.00954399e-01,2.27522035e-06,8.11357315e-07
2.405510,8.01492922e-01,2.06373391e-06,7.43774925e-07
2.406604,8.01967292e-01,1.89038963e-06,6.76591661e-07
2.407698,8.02375112e-01,1.68920586e-06,6.09200392e-07
2.408791,8.02713020e-01,1.51820196e-06,5.42918533e-07
2.409885,8.02976218e-01,1.32906188e-06,4.77416011e-07
2.410979,8.03164868e-01,1.15836793e-06,4.14143209e-07
2.412073,8.03272711e-01,1.00005600e-06,3.53034204e-07
2.413167,8.03292916e-01,8.42576545e-07,2.94469950e-07
2.414261,8.03219898e-01,6.92719964e-07,2.39080711e-07
2.415355,8.03045996e-01,5.52391607e-07,1.87251339e-07
2.416449,8.02762359e-01,4.38369852e-07,1.39977336e-07
2.417543,8.02358883e-01,3.24859814e-07,9.67542133e-08
2.418637,8.01825780e-01,2.22637064e-07,5.81517740e-08
2.419731,8.01153102e-01,1.29351258e-07,2.44837622e-08
2.420824,8.00330183e-01,5.73209971e-08,9.11567199e-09
2.421918,7.99344870e-01,2.47387628e-08,3.20026197e-08
2.423012,7.98185679e-01,7.41112040e-08,5.30399554e-08
2.424106,7.96841336e-01,1.22328000e-07,7.07511548e-08
2.425200,7.95301018e-01,1.61730252e-07,8.54407038e-08
2.426294,7.93554712e-01,1.97280226e-07,9.77259743e-08
2.427388,7.91593875e-01,2.26566299e-07,1.08043007e-07
2.428482,7.89411450e-01,2.52802964e-07,1.16961179e-07
2.429576,7.87002195e-01,2.76079372e-07,1.24942720e-07
2.430670,7.84362906e-01,2.99752340e-07,1.32548969e-07
2.431764,7.81492741e-01,3.20933596e-07,1.40047003e-07
2.432857,7.78393130e-01,3.43337903e-07,1.47916348e-07
2.433951,7.75067824e-01,3.65594666e-07,1.56300997e-07
2.435045,7.71522811e-01,3.91574511e-07,1.65722156e-07
2.436139,7.67766159e-01,4.19058920e-07,1.76116657e-07
2.437233,7.63807930e-01,4.50182344e-07,1.87852553e-07
2.438327,7.59659929e-01,4.84459111e-07,2.01077524e-07
2.439421,7.55335532e-01,5.21915729e-07,2.15572100e-07
2.440515,7.50849532e-01,5.64168427e-07,2.31858814e-07
2.441609,7.46217717e-01,6.08605390e-07,2.49637672e-07
2.442703,7.41457259e-01,6.57144731e-07,2.68726904e-07
2.443797,7.36585901e-01,7.09239803e-07,2.88999126e-07
2.444891,7.31622364e-01,7.63088577e-07,3.10914502e-07
2.445984,7.26586216e-01,8.18686253e-07,3.33812383e-07
2.447078,7.21497993e-01,8.79928399e-07,3.56948760e-07
2.448172,7.16376875e-01,9.39154828e-07,3.81258909e-07
2.449266,7.11243113e-01,1.00414863e-06,4.05279428e-07
2.450360,7.06116479e-01,1.06235711e-06,4.30295303e-07
2.451454,7.01017670e-01,1.13049572e-06,4.54692720e-07
2.452548,6.95964423e-01,1.19499549e-06,4.79048192e-07
2.453642,6.90975706e-01,1.26173451e-06,5.03003040e-07
2.454736,6.86069539e-01,1.32674586e-06,5.26521640e-07
2.455830,6.81263065e-01,1.38937105e-06,5.49463022e-07
2.456924,6.76572389e-01,1.45248054e-06,5.71524380e-07
2.458017,6.72012336e-01,1.51090738e-06,5.92880058e-07
2.459111,6.67597395e-01,1.56493553e-06,6.13207841e-07
2.460205,6.63339398e-01,1.63314594e-06,6.31952824e-07
2.461299,6.59250370e-01,1.67044980e-06,6.50081152e-07
2.462393,6.55341703e-01,1.73546008e-06,6.66167745e-07
2.463487,6.51619978e-01,1.78328422e-06,6.80795129e-07
2.464581,6.48091461e-01,1.83293521e-06,6.93513573e-07
2.465675,6.44762744e-01,1.86072157e-06,7.04888298e-07
2.466769,6.41638933e-01,1.89802281e-06,7.14218824e-07
2.467863,6.38722652e-01,1.93460250e-06,7.21567595e-07
2.468957,6.36016594e-01,1.95491659e-06,7.27032597e-07
2.470050,6.33524698e-01,1.95817419e-06,7.30846511e-07
2.471144,6.31248779e-01,1.98572239e-06,7.32316023e-07
2.472238,6.29182913e-01,1.99047797e-06,7.31554461e-07
2.473332,6.27328603e-01,1.97001105e-06,7.29196859e-07
2.474426,6.25690614e-01,1.96949170e-06,7.25001584e-07
2.475520,6.24267419e-01,1.94070586e-06,7.19094830e-07
2.476614,6.23061278e-01,1.92287680e-06,7.11526735e-07
2.477708,6.22066330e-01,1.91513378e-06,7.01827814e-07
2.478802,6.21275690e-01,1.87163121e-06,6.90417692e-07
2.479896,6.20690995e-01,1.82491258e-06,6.77798192e-07
2.480990,6.20307801e-01,1.79318125e-06,6.63538067e-07
2.482083,6.20119780e-01,1.73318410e-06,6.47869314e-07
2.483177,6.20124758e-01,1.70450552e-06,6.30991773e-07
2.484271,6.20316770e-01,1.63276086e-06,6.12976457e-07
2.485365,6.20690983e-01,1.59400576e-06,5.93875837e-07
2.486459,6.21240949e-01,1.52137608e-06,5.73823288e-07
2.487553,6.21963181e-01,1.45542585e-06,5.53041598e-07
2.488647,6.22851174e-01,1.40609292e-06,5.31522387e-07
2.489741,6.23896539e-01,1.35246368e-06,5.09312806e-07
2.490835,6.25092698e-01,1.27859806e-06,4.86576282e-07
2.491929,6.26435127e-01,1.21913753e-06,4.63610508e-07
2.493023,6.27915407e-01,1.15523444e-06,4.40232892e-07
2.494116,6.29524711e-01,1.09691234e-06,4.16603279e-07
2.495210,6.31255854e-01,1.02177953e-06,3.92790768e-07
2.496304,6.33102935e-01,9.52472488e-07,3.69048534e-07
2.497398,6.35060038e-01,8.96345924e-07,3.45575146e-07
2.498492,6.37118068e-01,8.39132640e-07,3.22181087e-07
2.499586,6.39269417e-01,7.71020637e-07,2.98910051e-07
2.500680,6.41505423e-01,7.16347613e-07,2.76016315e-07
2.501774,6.43821287e-01,6.57054274e-07,2.53654399e-07
2.502868,6.46210130e-01,5.98662425e-07,2.31714120e-07
2.503962,6.48664366e-01,5.45549862e-07,2.10346292e-07
2.505056,6.51177586e-01,4.98140632e-07,1.89757234e-07
2.506150,6.53742103e-01,4.46087888e-07,1.69692977e-07
2.507243,6.56351076e-01,3.98002952e-07,1.50477499e-07
2.508337,6.58997833e-01,3.47835210e-07,1.32026893e-07
2.509431,6.61676941e-01,3.05775618e-07,1.14711122e-07
2.510525,6.64381769e-01,2.65109200e-07,9.84626738e-08
2.511619,6.67106176e-01,2.26234938e-07,8.34972541e-08
2.512713,6.69844107e-01,1.91385067e-07,7.01424413e-08
2.513807,6.72589283e-01,1.59688869e-07,5.87649100e-08
2.514901,6.75335749e-01,1.33164571e-07,5.00510855e-08
2.515995,6.78077775e-01,1.17148678e-07,4.48773059e-08
2.517089,6.80808907e-01,1.08308036e-07,4.36190965e-08
2.518183,6.83522872e-01,1.07153998e-07,4.60249992e-08
2.519276,6.86213694e-01,1.13952105e-07,5.10385831e-08
2.520370,6.88875441e-01,1.26477705e-07,5.76248064e-08
2.521464,6.91502476e-01,1.42844482e-07,6.49974211e-08
2.522558,6.94089378e-01,1.60405783e-07,7.26970244e-08
2.523652,6.96630554e-01,1.76978897e-07,8.03533263e-08
2.524746,6.99120412e-01,1.95316537e-07,8.80138050e-08
2.525840,7.01553658e-01,2.16158320e-07,9.56956168e-08
2.526934,7.03925608e-01,2.33962264e-07,1.03072866e-07
2.528028,7.06231508e-01,2.52060394e-07,1.10332712e-07
2.529122,7.08466902e-01,2.69257440e-07,1.17435863e-07
2.530216,7.10627668e-01,2.87413461e-07,1.24463130e-07
2.531309,7.12709789e-01,3.04639633e-07,1.31352029e-07
2.532403,7.14709623e-01,3.21910740e-07,1.38214614e-07
2.533497,7.16624093e-01,3.39285700e-07,1.45051448e-07
2.534591,7.18450269e-01,3.56587111e-07,1.51804673e-07
2.535685,7.20185569e-01,3.73905002e-07,1.58609840e-07
2.536779,7.21827903e-01,3.90652752e-07,1.65287000e-07
2.537873,7.23375298e-01,4.08001892e-07,1.72066086e-07
2.538967,7.24826305e-01,4.25160923e-07,1.78801743e-07
2.540061,7.26179684e-01,4.42239407e-07,1.85523395e-07
2.541155,7.27434521e-01,4.59492391e-07,1.92173790e-07
2.542249,7.28590115e-01,4.77075459e-07,1.98812107e-07
2.543342,7.29645828e-01,4.94495612e-07,2.05471780e-07
2.544436,7.30601570e-01,5.13091258e-07,2.12153992e-07
2.545530,7.31457240e-01,5.30988355e-07,2.18704541e-07
2.546624,7.32212942e-01,5.47594384e-07,2.25161628e-07
2.547718,7.32869061e-01,5.66071668e-07,2.31590638e-07
2.548812,7.33425864e-01,5.85318205e-07,2.37793724e-07
2.549906,7.33883473e-01,6.04480497e-07,2.43979992e-07
2.551000,7.34242205e-01,6.22511063e-07,2.50133765e-07
2.552094,7.34502806e-01,6.41002004e-07,2.56089231e-07
2.553188,7.34666265e-01,6.57336888e-07,2.61848395e-07
2.554282,7.34733717e-01,6.75451264e-07,2.67579384e-07
2.555375,7.34706061e-01,6.93053120e-07,2.72933967e-07
2.556469,7.34584267e-01,7.08946033e-07,2.78222526e-07
2.557563,7.34369770e-01,7.29006924e-07,2.83583257e-07
2.558657,7.34062613e-01,7.48475369e-07,2.88356574e-07
2.559751,7.33663562e-01,7.64148179e-07,2.93114733e-07
2.560845,7.33174194e-01,7.78959787e-07,2.97698602e-07
2.561939,7.32596208e-01,7.93811428e-07,3.01941421e-07
2.563033,7.31931075e-01,8.09440375e-07,3.06130336e-07
2.564127,7.31179752e-01,8.28126199e-07,3.10047959e-07
2.565221,7.30342173e-01,8.46741648e-07,3.13618769e-07
2.566315,7.29418964e-01,8.60559883e-07,3.16925466e-07
2.567409,7.28411569e-01,8.73371583e-07,3.20113572e-07
2.568502,7.27321558e-01,8.86871118e-07,3.22867220e-07
2.569596,7.26150120e-01,8.98129286e-07,3.25472618e-07
2.570690,7.24898223e-01,9.23074834e-07,3.27838116e-07
2.571784,7.23563504e-01,9.35872883e-07,3.29758935e-07
2.572878,7.22146390e-01,9.49969559e-07,3.31525958e-07
2.573972,7.20647139e-01,9.63409081e-07,3.32951049e-07
2.575066,7.19065659e-01,9.77015393e-07,3.34062492e-07
2.576160,7.17401263e-01,9.93135728e-07,3.34706427e-07
2.577254,7.15653687e-01,1.00212416e-06,3.35232097e-07
2.578348,7.13822385e-01,1.01665043e-06,3.35370573e-07
2.579442,7.11906492e-01,1.02801200e-06,3.35129723e-07
2.580535,7.09905407e-01,1.04012843e-06,3.34473107e-07
2.581629,7.07818389e-01,1.04620093e-06,3.33541098e-07
2.582723,7.05645967e-01,1.05390737e-06,3.32327818e-07
2.583817,7.03387489e-01,1.06228939e-06,3.30762170e-07
2.584911,7.01043398e-01,1.06481932e-06,3.28923537e-07
2.586005,6.98612824e-01,1.08032678e-06,3.26540715e-07
2.587099,6.96093602e-01,1.08035505e-06,3.22162404e-07
2.588193,6.93485546e-01,1.09228525e-06,3.21098704e-07
2.589287,6.90787733e-01,1.09822623e-06,3.17870020e-07
2.590381,6.87997368e-01,1.11088233e-06,3.14116193e-07
2.591475,6.85111741e-01,1.10989003e-06,3.10098350e-07
2.592568,6.82131044e-01,1.11609128e-06,3.05680382e-07
2.593662,6.79052732e-01,1.12477572e-06,3.01029075e-07
2.594756,6.75873129e-01,1.12062510e-06,2.95883980e-07
2.595850,6.72592309e-01,1.11718511e-06,2.90470439e-07
2.596944,6.69211660e-01,1.11116362e-06,2.84804843e-07
2.598038,6.65730931e-01,1.11217977e-06,2.78803434e-07
2.599132,6.62150650e-01,1.09347950e-06,2.72657730e-07
2.600226,6.58473102e-01,1.09001627e-06,2.66312135e-07
2.601320,6.54695302e-01,1.10355715e-06,2.59539128e-07
2.602414,6.50816398e-01,1.08827602e-06,2.52573918e-07
2.603508,6.46838288e-01,1.06972564e-06,2.45443310e-07
2.604601,6.42762235e-01,1.06519423e-06,2.38095806e-07
2.605695,6.38589275e-01,1.04426043e-06,2.30602380e-07
2.606789,6.34327015e-01,1.01841421e-06,2.23178256e-07
2.607883,6.29981414e-01,1.00868433e-06,2.15745285e-07
2.608977,6.25552200e-01,9.85142520e-07,2.08102671e-07
2.610071,6.21046940e-01,9.46818986e-07,2.00586584e-07
2.611165,6.16474013e-01,9.34459776e-07,1.93178505e-07
2.612259,6.11836073e-01,9.11667363e-07,1.85721115e-07
2.613353,6.07137001e-01,8.77587414e-07,1.78261763e-07
2.614447,6.02388111e-01,8.41485366e-07,1.71080557e-07
2.615541,5.97597181e-01,8.14071364e-07,1.64014444e-07
2.616634,5.92774061e-01,7.86032832e-07,1.57197921e-07
2.617728,5.87924813e-01,7.49981119e-07,1.50456930e-07
2.618822,5.83057378e-01,7.17589809e-07,1.43924659e-07
2.619916,5.78181439e-01,6.78115999e-07,1.37627868e-07
2.621010,5.73307664e-01,6.49246551e-07,1.31611244e-07
2.622104,5.68441664e-01,6.20352872e-07,1.25721764e-07
2.623198,5.63590227e-01,5.96602969e-07,1.20047412e-07
2.624292,5.58760299e-01,5.60564256e-07,1.14552747e-07
2.625386,5.53958378e-01,5.40866111e-07,1.09269828e-07
2.626480,5.49192474e-01,4.98865906e-07,1.04210144e-07
2.627574,5.44471963e-01,4.72328508e-07,9.94138118e-08
2.628668,5.39800836e-01,4.58158293e-07,9.47987002e-08
2.629761,5.35181309e-01,4.35163435e-07,9.03162583e-08
2.630855,5.30620699e-01,3.97691105e-07,8.60523383e-08
2.631949,5.26126237e-01,3.77255801e-07,8.20417169e-08
2.633043,5.21701881e-01,3.48996747e-07,7.81960257e-08
2.634137,5.17353442e-01,3.27772702e-07,7.45836407e-08
2.635231,5.13083890e-01,3.12217733e-07,7.11576387e-08
2.636325,5.08894706e-01,2.90271184e-07,6.78796418e-08
2.637419,5.04788528e-01,2.72174215e-07,6.48100289e-08
2.638513,5.00767128e-01,2.53659964e-07,6.19294214e-08
2.639607,4.96832416e-01,2.35755245e-07,5.92499974e-08
2.640701,4.92987643e-01,2.17566270e-07,5.67820835e-08
2.641794,4.89234076e-01,2.06495912e-07,5.45403345e-08
2.642888,4.85570813e-01,1.97680796e-07,5.25196095e-08
2.643982,4.81996948e-01,1.75921024e-07,5.06858514e-08
2.645076,4.78514215e-01,1.68332308e-07,4.91273377e-08
2.646170,4.75121704e-01,1.57126881e-07,4.77914724e-08
2.647264,4.71818519e-01,1.44270997e-07,4.67001776e-08
2.648358,4.68605076e-01,1.35395693e-07,4.58473653e-08
2.649452,4.65479799e-01,1.26509867e-07,4.52544904e-08
2.650546,4.62440816e-01,1.20245989e-07,4.49219742e-08
2.651640,4.59486826e-01,1.12398397e-07,4.48084053e-08
2.652734,4.56616704e-01,1.06363784e-07,4.49193012e-08
2.653827,4.53828363e-01,1.02257812e-07,4.52508913e-08
2.654921,4.51120591e-01,9.84085444e-08,4.57478720e-08
2.656015,4.48491877e-01,9.61228233e-08,4.64186187e-08
2.657109,4.45940321e-01,9.48711881e-08,4.72246474e-08
2.658203,4.43463127e-01,9.47896105e-08,4.81831254e-08
2.659297,4.41058581e-01,9.64318573e-08,4.92377204e-08
2.660391,4.38724789e-01,9.86922154e-08,5.03759778e-08
2.661485,4.36459463e-01,1.01318354e-07,5.15784286e-08
2.662579,4.34259936e-01,1.03411079e-07,5.28368618e-08
2.663673,4.32123688e-01,1.07509465e-07,5.41436490e-08
2.664767,4.30048357e-01,1.12518718e-07,5.54807151e-08
2.665860,4.28030990e-01,1.16717269e-07,5.68353643e-08
2.666954,4.26068821e-01,1.19395117e-07,5.81809490e-08
2.668048,4.24158624e-01,1.23169832e-07,5.95470193e-08
2.669142,4.22297776e-01,1.28500978e-07,6.09112709e-08
2.670236,4.20483681e-01,1.33770752e-07,6.22548135e-08
2.671330,4.18713476e-01,1.38918162e-07,6.35799537e-08
2.672424,4.16984295e-01,1.43878704e-07,6.48831412e-08
2.673518,4.15293221e-01,1.48130482e-07,6.61602811e-08
2.674612,4.13637450e-01,1.52352860e-07,6.74118722e-08
2.675706,4.12014193e-01,1.57315164e-07,6.86490084e-08
2.676800,4.10420800e-01,1.61558408e-07,6.98590673e-08
2.677893,4.08854655e-01,1.66746103e-07,7.10641533e-08
2.678987,4.07313017e-01,1.69501503e-07,7.22249782e-08
2.680081,4.05793222e-01,1.75288042e-07,7.34231902e-08
2.681175,4.04292787e-01,1.79456360e-07,7.45942146e-08
2.682269,4.02809282e-01,1.83526183e-07,7.57727839e-08
2.683363,4.01340362e-01,1.87147404e-07,7.69491723e-08
2.684457,3.99883645e-01,1.92925256e-07,7.81984204e-08
2.685551,3.98436986e-01,1.97042613e-07,7.94213691e-08
2.686645,3.96998170e-01,2.01615476e-07,8.07038402e-08
2.687739,3.95565361e-01,2.06575147e-07,8.20379143e-08
2.688833,3.94136726e-01,2.10742676e-07,8.33946235e-08
2.689927,3.92710485e-01,2.15447686e-07,8.48204295e-08
2.691020,3.91285245e-01,2.20651693e-07,8.63447654e-08
2.692114,3.89859792e-01,2.25468238e-07,8.78969017e-08
2.693208,3.88432859e-01,2.30908449e-07,8.95486940e-08
2.694302,3.87003279e-01,2.36619433e-07,9.12302170e-08
2.695396,3.85569864e-01,2.42234948e-07,9.29772105e-08
2.696490,3.84131841e-01,2.48047600e-07,9.48576964e-08
2.697584,3.82688612e-01,2.54012128e-07,9.67354780e-08
2.698678,3.81239377e-01,2.60620948e-07,9.87434742e-08
2.699772,3.79783581e-01,2.67256888e-07,1.00722688e-07
2.700866,3.78320690e-01,2.73804215e-07,1.02882582e-07
2.701960,3.76850425e-01,2.82595466e-07,1.04999749e-07
2.703053,3.75372270e-01,2.89462979e-07,1.07176266e-07
2.704147,3.73885980e-01,2.97003852e-07,1.09407791e-07
2.705241,3.72391464e-01,3.04399225e-07,1.11635687e-07
2.706335,3.70888606e-01,3.11850132e-07,1.13943635e-07
2.707429,3.69377620e-01,3.19504222e-07,1.16222381e-07
2.708523,3.67858665e-01,3.27385772e-07,1.18585850e-07
2.709617,3.66332002e-01,3.35135422e-07,1.20890344e-07
2.710711,3.64797868e-01,3.42917410e-07,1.23254911e-07
2.711805,3.63256631e-01,3.51094358e-07,1.25563890e-07
2.712899,3.61708599e-01,3.59188583e-07,1.27892248e-07
2.713993,3.60154121e-01,3.67238064e-07,1.30256263e-07
2.715086,3.58593545e-01,3.77378095e-07,1.32493927e-07
2.716180,3.57026739e-01,3.86325745e-07,1.34743886e-07
2.717274,3.55453903e-01,3.95616232e-07,1.36896334e-07
2.718368,3.53875084e-01,4.03840026e-07,1.39070521e-07
2.719462,3.52290686e-01,4.13083438e-07,1.41118057e-07
2.720556,3.50700798e-01,4.20598711e-07,1.43211597e-07
2.721650,3.49105876e-01,4.30438924e-07,1.45124259e-07
2.722744,3.47505954e-01,4.37307351e-07,1.47088798e-07
2.723838,3.45901380e-01,4.49118994e-07,1.48836462e-07
2.724932,3.44291715e-01,4.56891013e-07,1.50572143e-07
2.726026,3.42676832e-01,4.67949072e-07,1.52182739e-07
2.727119,3.41055598e-01,4.80455304e-07,1.53635586e-07
2.728213,3.39426473e-01,4.93025000e-07,1.54948137e-07
2.729307,3.37788135e-01,5.02880176e-07,1.56107622e-07
2.730401,3.36139424e-01,5.13166508e-07,1.57113175e-07
2.731495,3.34479595e-01,5.22157923e-07,1.57950665e-07
2.732589,3.32807819e-01,5.33990405e-07,1.58657584e-07
2.733683,3.31122451e-01,5.43985950e-07,1.59120326e-07
2.734777,3.29422043e-01,5.51795950e-07,1.59444695e-07
2.735871,3.27705951e-01,5.57981310e-07,1.59601390e-07
2.736965,3.25974167e-01,5.62829418e-07,1.59584688e-07
2.738059,3.24226374e-01,5.70404671e-07,1.59360525e-07
2.739152,3.22460631e-01,5.81293960e-07,1.58928714e-07
2.740246,3.20675772e-01,5.83037831e-07,1.58304129e-07
2.741340,3.18871330e-01,5.94696102e-07,1.57409197e-07
2.742434,3.17045842e-01,5.93072918e-07,1.56377179e-07
2.743528,3.15200590e-01,5.99067303e-07,1.55124511e-07
2.744622,3.13334038e-01,6.01110400e-07,1.53655056e-07
2.745716,3.11445497e-01,6.08016659e-07,1.51952804e-07
2.746810,3.09534989e-01,5.98521494e-07,1.50088780e-07
2.747904,3.07604129e-01,6.09764663e-07,1.48011530e-07
2.748998,3.05651464e-01,6.04848425e-07,1.45716523e-07
2.750092,3.03679282e-01,6.05355669e-07,1.43288940e-07
2.751186,3.01687513e-01,6.03413779e-07,1.40636907e-07
2.752279,2.99676217e-01,5.97072565e-07,1.37777845e-07
2.753373,2.97647652e-01,5.88706651e-07,1.34788442e-07
2.754467,2.95606071e-01,5.78407413e-07,1.31731695e-07
2.755561,2.93554441e-01,5.69252508e-07,1.28545767e-07
2.756655,2.91496311e-01,5.50328251e-07,1.25279804e-07
2.757749,2.89434882e-01,5.55046214e-07,1.21902791e-07
2.758843,2.87371895e-01,5.27783276e-07,1.18406003e-07
2.759937,2.85315519e-01,5.10263505e-07,1.14987242e-07
2.761031,2.83271601e-01,4.99239562e-07,1.11568391e-07
2.762125,2.81242955e-01,4.78205975e-07,1.08051601e-07
2.763219,2.79236844e-01,4.58609586e-07,1.04638786e-07
2.764312,2.77257382e-01,4.56647546e-07,1.01184239e-07
2.765406,2.75306366e-01,4.37732550e-07,9.76507783e-08
2.766500,2.73388099e-01,4.17484775e-07,9.41165804e-08
2.767594,2.71507640e-01,4.05140987e-07,9.06436798e-08
2.768688,2.69669460e-01,3.82552448e-07,8.71971049e-08
2.769782,2.67879300e-01,3.60227932e-07,8.38397928e-08
2.770876,2.66141154e-01,3.45587164e-07,8.05288049e-08
2.771970,2.64456849e-01,3.34061055e-07,7.72096775e-08
2.773064,2.62829066e-01,3.15100685e-07,7.39211047e-08
2.774158,2.61260118e-01,3.03356442e-07,7.06558350e-08
2.775252,2.59751761e-01,2.81922090e-07,6.73991699e-08
2.776345,2.58306691e-01,2.69615225e-07,6.42185504e-08
2.777439,2.56927105e-01,2.48359454e-07,6.10829015e-08
2.778533,2.55614732e-01,2.37319519e-07,5.80018286e-08
2.779627,2.54369390e-01,2.25151690e-07,5.49082069e-08
2.780721,2.53191030e-01,2.12423592e-07,5.18113404e-08
2.781815,2.52078597e-01,1.97683786e-07,4.86605057e-08
2.782909,2.51031609e-01,1.84344263e-07,4.55167882e-08
2.784003,2.50048944e-01,1.74881760e-07,4.23593676e-08
2.785097,2.49128886e-01,1.60350709e-07,3.91407211e-08
2.786191,2.48270662e-01,1.45633021e-07,3.59271451e-08
2.787285,2.47472504e-01,1.36960862e-07,3.27118677e-08
2.788378,2.46731419e-01,1.22883267e-07,2.94129895e-08
2.789472,2.46045306e-01,1.09554180e-07,2.61244091e-08
2.790566,2.45411869e-01,9.71715803e-08,2.28643872e-08
2.791660,2.44828059e-01,8.79550391e-08,1.96752073e-08
2.792754,2.44290398e-01,7.37851493e-08,1.65548504e-08
2.793848,2.43796319e-01,6.51752852e-08,1.37570861e-08
2.794942,2.43342132e-01,5.34888458e-08,1.13912531e-08
2.796036,2.42924353e-01,4.20062862e-08,9.87551958e-09
2.797130,2.42539668e-01,3.40313127e-08,9.60163695e-09
2.798224,2.42184040e-01,2.73403710e-08,1.06153230e-08
2.799318,2.41853600e-01,2.40771277e-08,1.25253801e-08
2.800411,2.41544089e-01,2.41943549e-08,1.49646978e-08
2.801505,2.41251429e-01,3.00032029e-08,1.76490868e-08
2.802599,2.40971957e-01,3.57174943e-08,2.03021617e-08
2.803693,2.40701319e-01,4.35330970e-08,2.29427299e-08
2.804787,2.40435351e-01,5.08572038e-08,2.54546968e-08
2.805881,2.40169744e-01,5.76056525e-08,2.78103033e-08
2.806975,2.39900167e-01,6.48704711e-08,3.00149273e-08
2.808069,2.39622365e-01,7.08587295e-08,3.20379219e-08
2.809163,2.39332140e-01,7.62105716e-08,3.38975112e-08
2.810257,2.39025365e-01,8.32988099e-08,3.56740653e-08
2.811351,2.38698141e-01,8.86839887e-08,3.73263046e-08
2.812445,2.38346692e-01,9.31953211e-08,3.89252857e-08
2.813538,2.37967456e-01,9.86147904e-08,4.05714044e-08
2.814632,2.37557145e-01,1.04265993e-07,4.23063567e-08
2.815726,2.37112694e-01,1.10718408e-07,4.42182148e-08
2.816820,2.36631366e-01,1.16885754e-07,4.63203991e-08
2.817914,2.36110811e-01,1.23890924e-07,4.87048539e-08
2.819008,2.35549033e-01,1.31534775e-07,5.13883659e-08
2.820102,2.34944308e-01,1.40589721e-07,5.43778090e-08
2.821196,2.34295119e-01,1.50060690e-07,5.76534611e-08
2.822290,2.33600361e-01,1.60238159e-07,6.13064741e-08
2.823384,2.32859376e-01,1.70924234e-07,6.52116055e-08
2.824478,2.32071747e-01,1.82527030e-07,6.93965076e-08
2.825571,2.31237308e-01,1.94969691e-07,7.38720960e-08
2.826665,2.30356206e-01,2.07966827e-07,7.85862584e-08
2.827759,2.29428923e-01,2.21608104e-07,8.34861682e-08
2.828853,2.28456223e-01,2.35946441e-07,8.86133404e-08
2.829947,2.27439147e-01,2.50786335e-07,9.39177179e-08
2.831041,2.26378980e-01,2.66390253e-07,9.93456526e-08
2.832135,2.25277248e-01,2.82154524e-07,1.04907899e-07
2.833229,2.24135660e-01,2.98539209e-07,1.10479283e-07
2.834323,2.22956144e-01,3.15430071e-07,1.16174395e-07
2.835417,2.21740812e-01,3.32080298e-07,1.21906257e-07
2.836511,2.20491945e-01,3.49464693e-07,1.27577284e-07
2.837604,2.19211955e-01,3.67416336e-07,1.33232735e-07
2.838698,2.17903312e-01,3.84817669e-07,1.38990628e-07
2.839792,2.16569064e-01,4.03100614e-07,1.44534034e-07
2.840886,2.15211658e-01,4.21684560e-07,1.49896435e-07
2.841980,2.13833550e-01,4.40189570e-07,1.55268873e-07
2.843074,2.12437384e-01,4.59058628e-07,1.60300732e-07
2.844168,2.11025563e-01,4.78966785e-07,1.65280074e-07
2.845262,2.09600295e-01,4.97140356e-07,1.69949321e-07
2.846356,2.08164479e-01,5.17586961e-07,1.74270199e-07
2.847450,2.06719202e-01,5.37600712e-07,1.78305275e-07
2.848544,2.05265592e-01,5.57066291e-07,1.81914581e-07
2.849637,2.03805645e-01,5.75478742e-07,1.85091465e-07
2.850731,2.02340792e-01,5.92534131e-07,1.87805806e-07
2.851825,2.00872912e-01,6.06265154e-07,1.90083014e-07
2.852919,1.99404863e-01,6.23382357e-07,1.91849946e-07
2.854013,1.97937405e-01,6.37071366e-07,1.93047577e-07
2.855107,1.96472077e-01,6.50999033e-07,1.93639126e-07
2.856201,1.95009111e-01,6.62613668e-07,1.93555767e-07
2.857295,1.93549221e-01,6.73158390e-07,1.92805236e-07
2.858389,1.92093415e-01,6.84187911e-07,1.91342216e-07
2.859483,1.90642632e-01,6.84735787e-07,1.89201519e-07
2.860577,1.89200666e-01,6.92834503e-07,1.86441942e-07
2.861670,1.87769425e-01,6.83424578e-07,1.83022663e-07
2.862764,1.86354190e-01,6.86347122e-07,1.79074827e-07
2.863858,1.84957601e-01,6.65327877e-07,1.74496861e-07
2.864952,1.83587928e-01,6.51288777e-07,1.69620083e-07
2.866046,1.82253800e-01,6.36546949e-07,1.64505148e-07
2.867140,1.80961207e-01,6.11958591e-07,1.58989664e-07
2.868234,1.79718338e-01,5.83578783e-07,1.53330574e-07
2.869328,1.78534288e-01,5.52125295e-07,1.47626918e-07
2.870422,1.77418415e-01,5.23534872e-07,1.41994226e-07
2.871516,1.76380316e-01,4.98238597e-07,1.36559146e-07
2.872610,1.75425898e-01,4.62931191e-07,1.31116987e-07
2.873704,1.74562527e-01,4.41156407e-07,1.25966922e-07
2.874797,1.73793990e-01,4.11538162e-07,1.20870782e-07
2.875891,1.73124567e-01,3.95302757e-07,1.16023870e-07
2.876985,1.72555432e-01,3.69164536e-07,1.11189819e-07
2.878079,1.72087408e-01,3.45736649e-07,1.06401595e-07
2.879173,1.71720333e-01,3.21332504e-07,1.01614240e-07
2.880267,1.71451789e-01,3.02512424e-07,9.66163150e-08
2.881361,1.71278640e-01,2.84883420e-07,9.14020445e-08
2.882455,1.71197107e-01,2.58141281e-07,8.58550515e-08
2.883549,1.71203231e-01,2.43728405e-07,8.00130764e-08
2.884643,1.71291405e-01,2.13203218e-07,7.36925791e-08
2.885737,1.71456598e-01,1.98630220e-07,6.71066877e-08
2.886830,1.71691408e-01,1.76012568e-07,6.00425433e-08
2.887924,1.71989002e-01,1.56476460e-07,5.27339841e-08
2.889018,1.72342135e-01,1.32630278e-07,4.52039762e-08
2.890112,1.72743668e-01,1.10564328e-07,3.76575831e-08
2.891206,1.73185759e-01,8.93572485e-08,3.01656597e-08
2.892300,1.73660551e-01,7.29256572e-08,2.29772036e-08
2.893394,1.74159939e-01,5.33955340e-08,1.60984457e-08
2.894488,1.74675456e-01,5.11344159e-08,1.55006167e-08
2.895582,1.75199124e-01,2.06526552e-08,4.79883368e-09
2.896676,1.75723936e-01,1.02798498e-08,4.44776542e-09
2.897770,1.76242162e-01,1.27091464e-08,8.06780334e-09
2.898863,1.76746397e-01,2.17664318e-08,1.18737401e-08
2.899957,1.77229535e-01,3.10475359e-08,1.53223777e-08
2.901051,1.77684827e-01,3.93066427e-08,1.84530245e-08
2.902145,1.78106036e-01,4.74079759e-08,2.14931848e-08
2.903239,1.78487476e-01,5.50645692e-08,2.47041341e-08
2.904333,1.78824027e-01,6.45977948e-08,2.84573427e-08
2.905427,1.79111175e-01,7.51372302e-08,3.28729706e-08
2.906521,1.79344964e-01,8.74022338e-08,3.79962973e-08
2.907615,1.79522008e-01,1.01106582e-07,4.37385163e-08
2.908709,1.79639475e-01,1.15841221e-07,4.99173485e-08
2.909803,1.79694976e-01,1.30980091e-07,5.63445073e-08
2.910896,1.79686671e-01,1.47092726e-07,6.31354870e-08
2.911990,1.79613298e-01,1.63160293e-07,6.98888597e-08
2.913084,1.79473946e-01,1.79479089e-07,7.67764408e-08
2.914178,1.79268263e-01,1.95823924e-07,8.36713173e-08
2.915272,1.78996295e-01,2.11987418e-07,9.04267969e-08
2.916366,1.78658483e-01,2.28178235e-07,9.71313127e-08
2.917460,1.78255627e-01,2.44137236e-07,1.03700560e-07
2.918554,1.77789001e-01,2.60148278e-07,1.10180999e-07
2.919648,1.77260249e-01,2.75001804e-07,1.16301263e-07
2.920742,1.76671275e-01,2.89895963e-07,1.22222765e-07
2.921836,1.76024184e-01,3.05075928e-07,1.27852409e-07
2.922929,1.75321144e-01,3.19777913e-07,1.33240309e-07
2.924023,1.74564763e-01,3.32716061e-07,1.38238704e-07
2.925117,1.73757938e-01,3.44900917e-07,1.42901883e-07
2.926211,1.72903784e-01,3.57197187e-07,1.47276925e-07
2.927305,1.72005404e-01,3.69042161e-07,1.51234867e-07
2.928399,1.71065864e-01,3.79399543e-07,1.54864401e-07
2.929493,1.70088694e-01,3.89061779e-07,1.58150700e-07
2.930587,1.69077542e-01,3.98190406e-07,1.61041616e-07
2.931681,1.68036009e-01,4.05624338e-07,1.63528539e-07
2.932775,1.66967582e-01,4.12805167e-07,1.65649369e-07
2.933869,1.65875908e-01,4.19516067e-07,1.67457411e-07
2.934963,1.64764602e-01,4.24874350e-07,1.68834069e-07
2.936056,1.63637222e-01,4.29480700e-07,1.69871746e-07
2.937150,1.62497299e-01,4.33508684e-07,1.70523537e-07
2.938244,1.61348159e-01,4.36836342e-07,1.70780307e-07
2.939338,1.60192476e-01,4.41843515e-07,1.70739625e-07
2.940432,1.59032812e-01,4.44858331e-07,1.70256964e-07
2.941526,1.57871278e-01,4.46585606e-07,1.69426899e-07
2.942620,1.56710146e-01,4.48264545e-07,1.68251003e-07
2.943714,1.55551258e-01,4.48628121e-07,1.66717585e-07
2.944808,1.54396672e-01,4.47418748e-07,1.64851571e-07
2.945902,1.53248095e-01,4.48018777e-07,1.62657869e-07
2.946996,1.52106131e-01,4.47282414e-07,1.60138233e-07
2.948089,1.50971902e-01,4.45287760e-07,1.57316780e-07
2.949183,1.49846233e-01,4.40851555e-07,1.54214530e-07
2.950277,1.48730455e-01,4.35693973e-07,1.50870339e-07
2.951371,1.47625285e-01,4.32380416e-07,1.47294994e-07
2.952465,1.46530843e-01,4.27558834e-07,1.43489822e-07
2.953559,1.45447376e-01,4.20001736e-07,1.39484512e-07
2.954653,1.44375529e-01,4.13350935e-07,1.35320330e-07
2.955747,1.43315685e-01,4.03226569e-07,1.30995728e-07
2.956841,1.42268779e-01,3.93489446e-07,1.26567132e-07
2.957935,1.41235027e-01,3.85595511e-07,1.22048566e-07
2.959029,1.40214431e-01,3.74990470e-07,1.17444515e-07
2.960122,1.39207348e-01,3.63989846e-07,1.12785493e-07
2.961216,1.38214235e-01,3.53514930e-07,1.08098997e-07
2.962310,1.37235195e-01,3.41232992e-07,1.03394765e-07
2.963404,1.36271072e-01,3.29804472e-07,9.87173045e-08
2.964498,1.35321340e-01,3.18253104e-07,9.40328905e-08
2.965592,1.34386253e-01,3.02655607e-07,8.93606431e-08
2.966686,1.33466482e-01,2.90625822e-07,8.47800670e-08
2.967780,1.32562525e-01,2.75894962e-07,8.02351770e-08
2.968874,1.31674953e-01,2.63015305e-07,7.57842772e-08
2.969968,1.30804226e-01,2.48659361e-07,7.14075287e-08
2.971062,1.29951169e-01,2.34382785e-07,6.71152533e-08
2.972155,1.29116235e-01,2.21909700e-07,6.29316574e-08
2.973249,1.28298984e-01,2.09055673e-07,5.88358285e-08
2.974343,1.27499286e-01,1.96963038e-07,5.48416113e-08
2.975437,1.26717039e-01,1.84969528e-07,5.09516563e-08
2.976531,1.25952590e-01,1.73811553e-07,4.71855006e-08
2.977625,1.25205488e-01,1.61373717e-07,4.34856375e-08
2.978719,1.24475162e-01,1.52362504e-07,3.99480689e-08
2.979813,1.23760878e-01,1.40597440e-07,3.64973699e-08
2.980907,1.23062322e-01,1.31337466e-07,3.32005808e-08
2.982001,1.22378659e-01,1.20200910e-07,3.00054131e-08
2.983095,1.21710030e-01,1.13130862e-07,2.70023012e-08
2.984188,1.21054779e-01,1.06292661e-07,2.40983111e-08
2.985282,1.20411656e-01,9.76483583e-08,2.13365850e-08
2.986376,1.19779626e-01,9.05398680e-08,1.87685849e-08
2.987470,1.19157331e-01,8.60531400e-08,1.63926147e-08
2.988564,1.18543484e-01,7.94824131e-08,1.42032768e-08
2.989658,1.17937264e-01,7.44972133e-08,1.22769633e-08
2.990752,1.17337507e-01,7.00213489e-08,1.06288745e-08
2.991846,1.16743039e-01,6.52521650e-08,9.31725980e-09
2.992940,1.16152764e-01,6.44472798e-08,8.42773038e-09
2.994034,1.15564804e-01,6.26874010e-08,7.96707341e-09
2.995128,1.14977717e-01,5.95382070e-08,7.93290157e-09
2.996222,1.14390389e-01,5.99006756e-08,8.29444853e-09
2.997315,1.13801314e-01,5.86715852e-08,8.90125498e-09
2.998409,1.13209557e-01,5.82577283e-08,9.68761456e-09
2.999503,1.12613873e-01,5.73269564e-08,1.05561058e-08
3.000597,1.12013559e-01,5.70323947e-08,1.14775164e-08
3.001691,1.11407439e-01,5.75888182e-08,1.23932489e-08
3.002785,1.10794464e-01,5.81518222e-08,1.32901626e-08
3.003879,1.10173616e-01,6.02593810e-08,1.41507463e-08
3.004973,1.09543602e-01,5.95717219e-08,1.49499876e-08
3.006067,1.08903543e-01,6.04634644e-08,1.57023830e-08
3.007161,1.08252491e-01,6.21461937e-08,1.63974902e-08
3.008255,1.07589653e-01,6.15655920e-08,1.70204134e-08
3.009348,1.06914354e-01,6.27174227e-08,1.75846245e-08
3.010442,1.06225950e-01,6.26490295e-08,1.80795090e-08
3.011536,1.05523924e-01,6.32342748e-08,1.85081924e-08
3.012630,1.04807823e-01,6.14226015e-08,1.88631506e-08
3.013724,1.04077395e-01,6.24223965e-08,1.91692415e-08
3.014818,1.03332065e-01,6.31170405e-08,1.94012592e-08
3.015912,1.02571483e-01,6.10454353e-08,1.95579610e-08
3.017006,1.01795683e-01,6.10021227e-08,1.96699722e-08
3.018100,1.01004462e-01,5.91088274e-08,1.97097921e-08
3.019194,1.00197977e-01,5.83319319e-08,1.97094281e-08
