time_orbits,dist_km,u_p_norm,u_e_norm
0.000000,0.00000000e+00,0.00000000e+00,0.00000000e+00
0.001094,8.66463636e+02,1.16213488e-03,5.81332775e-04
0.002188,8.67073416e+02,1.14954512e-03,5.74730752e-04
0.003282,8.67836853e+02,1.13706595e-03,5.68377115e-04
0.004376,8.68737372e+02,1.12516091e-03,5.62354972e-04
0.005470,8.69759770e+02,1.11371445e-03,5.56745636e-04
0.006563,8.70890176e+02,1.10361200e-03,5.51631242e-04
0.007657,8.72115990e+02,1.09339544e-03,5.47088824e-04
0.008751,8.73425899e+02,1.08586379e-03,5.43204953e-04
0.009845,8.74809636e+02,1.07856373e-03,5.40045516e-04
0.010939,8.76258169e+02,1.07326965e-03,5.37697092e-04
0.012033,8.77763442e+02,1.07031766e-03,5.36226117e-04
0.013127,8.79318256e+02,1.06884675e-03,5.35689869e-04
0.014221,8.80916391e+02,1.06985586e-03,5.36154409e-04
0.015315,8.82552410e+02,1.07236517e-03,5.37661928e-04
0.016409,8.84221641e+02,1.07801572e-03,5.40251595e-04
0.017503,8.85920040e+02,1.08546852e-03,5.43938383e-04
0.018596,8.87644285e+02,1.09451346e-03,5.48731389e-04
0.019690,8.89391748e+02,1.10590565e-03,5.54624220e-04
0.020784,8.91160370e+02,1.11971255e-03,5.61587698e-04
0.021878,8.92948536e+02,1.13555488e-03,5.69570216e-04
0.022972,8.94755141e+02,1.15352648e-03,5.78516180e-04
0.024066,8.96579490e+02,1.17326585e-03,5.88345046e-04
0.025160,8.98421328e+02,1.19436781e-03,5.98976234e-04
0.026254,9.00280836e+02,1.21715906e-03,6.10325221e-04
0.027348,9.02158568e+02,1.24134904e-03,6.22297888e-04
0.028442,9.04055444e+02,1.26616672e-03,6.34800633e-04
0.029536,9.05972763e+02,1.29198777e-03,6.47745226e-04
0.030630,9.07912132e+02,1.31848129e-03,6.61042969e-04
0.031723,9.09875467e+02,1.34546337e-03,6.74613017e-04
0.032817,9.11864945e+02,1.37330669e-03,6.88378599e-04
0.033911,9.13882955e+02,1.40107262e-03,7.02262127e-04
0.035005,9.15932115e+02,1.42900044e-03,7.16199183e-04
0.036099,9.18015192e+02,1.45724802e-03,7.30124572e-04
0.037193,9.20135060e+02,1.48509026e-03,7.43979364e-04
0.038287,9.22294729e+02,1.51291593e-03,7.57713456e-04
0.039381,9.24497303e+02,1.54011116e-03,7.71277671e-04
0.040475,9.26745989e+02,1.56717148e-03,7.84632819e-04
0.041569,9.29043973e+02,1.59338491e-03,7.97729952e-04
0.042663,9.31394504e+02,1.61941649e-03,8.10541343e-04
0.043756,9.33800628e+02,1.64492219e-03,8.23020721e-04
0.044850,9.36265306e+02,1.66919311e-03,8.35137233e-04
0.045944,9.38791570e+02,1.69341842e-03,8.46870305e-04
0.047038,9.41382217e+02,1.71599602e-03,8.58177831e-04
0.048132,9.44040112e+02,1.73791454e-03,8.69053088e-04
0.049226,9.46767677e+02,1.76051505e-03,8.79461050e-04
0.050320,9.49566976e+02,1.78080256e-03,8.89365178e-04
0.051414,9.52440019e+02,1.80093026e-03,8.98761226e-04
0.052508,9.55388472e+02,1.81878170e-03,9.07619228e-04
0.053602,9.58413890e+02,1.83763313e-03,9.15940939e-04
0.054696,9.61517435e+02,1.85279393e-03,9.23693536e-04
0.055789,9.64700737e+02,1.86761788e-03,9.30918940e-04
0.056883,9.67964926e+02,1.88133686e-03,9.37583089e-04
0.057977,9.71310392e+02,1.89473736e-03,9.43652287e-04
0.059071,9.74737101e+02,1.90799433e-03,9.49120574e-04
0.060165,9.78245042e+02,1.91669302e-03,9.53994901e-04
0.061259,9.81834201e+02,1.92804276e-03,9.58298069e-04
0.062353,9.85503789e+02,1.93646641e-03,9.61991981e-04
0.063447,9.89252444e+02,1.94625858e-03,9.65058796e-04
0.064541,9.93078557e+02,1.95218707e-03,9.67503885e-04
0.065635,9.96981030e+02,1.95680022e-03,9.69373578e-04
0.066729,1.00095780e+03,1.96075528e-03,9.70621590e-04
0.067822,1.00500767e+03,1.95983147e-03,9.71336667e-04
0.068916,1.00912965e+03,1.96026505e-03,9.71531999e-04
0.070010,1.01332143e+03,1.96269265e-03,9.71161707e-04
0.071104,1.01757961e+03,1.96465759e-03,9.70190411e-04
0.072198,1.02190100e+03,1.96280704e-03,9.68649139e-04
0.073292,1.02628327e+03,1.95523235e-03,9.66594465e-04
0.074386,1.03072439e+03,1.95013482e-03,9.64075833e-04
0.075480,1.03522185e+03,1.94420456e-03,9.61087678e-04
0.076574,1.03977258e+03,1.93837946e-03,9.57613944e-04
0.077668,1.04437345e+03,1.92851800e-03,9.53676574e-04
0.078762,1.04902130e+03,1.92270616e-03,9.49308385e-04
0.079855,1.05371225e+03,1.91398684e-03,9.44474402e-04
0.080949,1.05844226e+03,1.90594677e-03,9.39191055e-04
0.082043,1.06320744e+03,1.89252298e-03,9.33479222e-04
0.083137,1.06800427e+03,1.88230558e-03,9.27391160e-04
0.084231,1.07282928e+03,1.86809229e-03,9.20941812e-04
0.085325,1.07767887e+03,1.85589935e-03,9.14135869e-04
0.086419,1.08254915e+03,1.84079645e-03,9.06980149e-04
0.087513,1.08743614e+03,1.82660025e-03,8.99488181e-04
0.088607,1.09233646e+03,1.80681948e-03,8.91709858e-04
0.089701,1.09724672e+03,1.79471880e-03,8.83666326e-04
0.090795,1.10216233e+03,1.77813381e-03,8.75295118e-04
0.091889,1.10707911e+03,1.76243730e-03,8.66646119e-04
0.092982,1.11199291e+03,1.74279814e-03,8.57724416e-04
0.094076,1.11690042e+03,1.72089390e-03,8.48595559e-04
0.095170,1.12179871e+03,1.70433778e-03,8.39306091e-04
0.096264,1.12668336e+03,1.68424556e-03,8.29751734e-04
0.097358,1.13155092e+03,1.66408058e-03,8.20034010e-04
0.098452,1.13639782e+03,1.64498774e-03,8.10137962e-04
0.099546,1.14122018e+03,1.62377493e-03,8.00055622e-04
0.100640,1.14601460e+03,1.60220226e-03,7.89834316e-04
0.101734,1.15077738e+03,1.58055383e-03,7.79456444e-04
0.102828,1.15550506e+03,1.56248178e-03,7.68965375e-04
0.103922,1.16019392e+03,1.53692936e-03,7.58321927e-04
0.105015,1.16484130e+03,1.51322511e-03,7.47617630e-04
0.106109,1.16944438e+03,1.48908589e-03,7.36838830e-04
0.107203,1.17399989e+03,1.47113040e-03,7.25982479e-04
0.108297,1.17850387e+03,1.44870539e-03,7.15000293e-04
0.109391,1.18295292e+03,1.42800091e-03,7.03942007e-04
0.110485,1.18734359e+03,1.40288682e-03,6.92796567e-04
0.111579,1.19167306e+03,1.38306037e-03,6.81629299e-04
0.112673,1.19593764e+03,1.35925356e-03,6.70366545e-04
0.113767,1.20013438e+03,1.33673868e-03,6.59078774e-04
0.114861,1.20426041e+03,1.31375984e-03,6.47763349e-04
0.115955,1.20831278e+03,1.29091351e-03,6.36417369e-04
0.117048,1.21228872e+03,1.26612117e-03,6.25054592e-04
0.118142,1.21618582e+03,1.24184070e-03,6.13699456e-04
0.119236,1.22000129e+03,1.21850857e-03,6.02330547e-04
0.120330,1.22373258e+03,1.19735389e-03,5.90984019e-04
0.121424,1.22737705e+03,1.17331122e-03,5.79636105e-04
0.122518,1.23093215e+03,1.15058992e-03,5.68299197e-04
0.123612,1.23439548e+03,1.12694146e-03,5.56988751e-04
0.124706,1.23776485e+03,1.10387719e-03,5.45713406e-04
0.125800,1.24103773e+03,1.08250718e-03,5.34458011e-04
0.126894,1.24421149e+03,1.05994270e-03,5.23218608e-04
0.127988,1.24728370e+03,1.03975255e-03,5.12012766e-04
0.129081,1.25025185e+03,1.01701317e-03,5.00826005e-04
0.130175,1.25311394e+03,9.93085952e-04,4.89693960e-04
0.131269,1.25586819e+03,9.70787121e-04,4.78632620e-04
0.132363,1.25851260e+03,9.48222095e-04,4.67622904e-04
0.133457,1.26104527e+03,9.25299558e-04,4.56676610e-04
0.134551,1.26346444e+03,9.02901616e-04,4.45802884e-04
0.135645,1.26576832e+03,8.81531431e-04,4.34999602e-04
0.136739,1.26795517e+03,8.58456200e-04,4.24268785e-04
0.137833,1.27002343e+03,8.37076407e-04,4.13625147e-04
0.138927,1.27197128e+03,8.16718079e-04,4.03050236e-04
0.140021,1.27379712e+03,7.94363368e-04,3.92558283e-04
0.141114,1.27549951e+03,7.73178274e-04,3.82157914e-04
0.142208,1.27707696e+03,7.51629132e-04,3.71845075e-04
0.143302,1.27852811e+03,7.30488089e-04,3.61634255e-04
0.144396,1.27985153e+03,7.10651762e-04,3.51517311e-04
0.145490,1.28104578e+03,6.90281315e-04,3.41494147e-04
0.146584,1.28210951e+03,6.70379859e-04,3.31570228e-04
0.147678,1.28304140e+03,6.51301234e-04,3.21743453e-04
0.148772,1.28384008e+03,6.31723602e-04,3.12013598e-04
0.149866,1.28450446e+03,6.11406246e-04,3.02399003e-04
0.150960,1.28503345e+03,5.92827091e-04,2.92896715e-04
0.152054,1.28542590e+03,5.74004232e-04,2.83503658e-04
0.153148,1.28568092e+03,5.54196416e-04,2.74232311e-04
0.154241,1.28579761e+03,5.35453867e-04,2.65084052e-04
0.155335,1.28577507e+03,5.16486345e-04,2.56058654e-04
0.156429,1.28561247e+03,4.99175714e-04,2.47162433e-04
0.157523,1.28530896e+03,4.81544726e-04,2.38385726e-04
0.158617,1.28486373e+03,4.64409290e-04,2.29735353e-04
0.159711,1.28427605e+03,4.46411185e-04,2.21214654e-04
0.160805,1.28354530e+03,4.29901556e-04,2.12832166e-04
0.161899,1.28267078e+03,4.13416642e-04,2.04582807e-04
0.162993,1.28165190e+03,3.97424084e-04,1.96469982e-04
0.164087,1.28048809e+03,3.81813543e-04,1.88494405e-04
0.165181,1.27917882e+03,3.66255763e-04,1.80656843e-04
0.166274,1.27772376e+03,3.50724355e-04,1.72966837e-04
0.167368,1.27612260e+03,3.35135277e-04,1.65426087e-04
0.168462,1.27437509e+03,3.19901678e-04,1.58042988e-04
0.169556,1.27248106e+03,3.05154872e-04,1.50819925e-04
0.170650,1.27044037e+03,2.90776336e-04,1.43759201e-04
0.171744,1.26825300e+03,2.77014558e-04,1.36863907e-04
0.172838,1.26591892e+03,2.63379498e-04,1.30139266e-04
0.173932,1.26343819e+03,2.50131197e-04,1.23592794e-04
0.175026,1.26081090e+03,2.37657576e-04,1.17229136e-04
0.176120,1.25803722e+03,2.24578699e-04,1.11057743e-04
0.177214,1.25511742e+03,2.13264875e-04,1.05090416e-04
0.178307,1.25205184e+03,2.01064127e-04,9.93345578e-05
0.179401,1.24884092e+03,1.90384846e-04,9.38109133e-05
0.180495,1.24548516e+03,1.79471811e-04,8.85291895e-05
0.181589,1.24198513e+03,1.69359299e-04,8.35147793e-05
0.182683,1.23834150e+03,1.59309004e-04,7.87918270e-05
0.183777,1.23455502e+03,1.50175780e-04,7.43867730e-05
0.184871,1.23062653e+03,1.42083743e-04,7.03307734e-05
0.185965,1.22655699e+03,1.34490480e-04,6.66591534e-05
0.187059,1.22234743e+03,1.28312317e-04,6.34102939e-05
0.188153,1.21799899e+03,1.22539031e-04,6.06226740e-05
0.189247,1.21351291e+03,1.17675899e-04,5.83386579e-05
0.190340,1.20889050e+03,1.14063724e-04,5.65938499e-05
0.191434,1.20413317e+03,1.11590861e-04,5.54127943e-05
0.192528,1.19924245e+03,1.10350864e-04,5.48071457e-05
0.193622,1.19421999e+03,1.10588256e-04,5.47742370e-05
0.194716,1.18906751e+03,1.11235747e-04,5.52932838e-05
0.195810,1.18378685e+03,1.13312415e-04,5.63338253e-05
0.196904,1.17837995e+03,1.16433553e-04,5.78482438e-05
0.197998,1.17284887e+03,1.20433813e-04,5.97849986e-05
0.199092,1.16719581e+03,1.24850266e-04,6.20903502e-05
0.200186,1.16142301e+03,1.30117670e-04,6.47130319e-05
0.201280,1.15553289e+03,1.35756784e-04,6.76048616e-05
0.202373,1.14952796e+03,1.42121030e-04,7.07217685e-05
0.203467,1.14341082e+03,1.48768617e-04,7.40260855e-05
0.204561,1.13718423e+03,1.55697267e-04,7.74844027e-05
0.205655,1.13085108e+03,1.62748969e-04,8.10686234e-05
0.206749,1.12441433e+03,1.70167607e-04,8.47565919e-05
0.207843,1.11787702e+03,1.77554521e-04,8.85276635e-05
0.208937,1.11124230e+03,1.85557872e-04,9.23642931e-05
0.210031,1.10451353e+03,1.93530228e-04,9.62507885e-05
0.211125,1.09769422e+03,2.01060763e-04,1.00177034e-04
0.212219,1.09078792e+03,2.09069273e-04,1.04133399e-04
0.213313,1.08379837e+03,2.17111336e-04,1.08109507e-04
0.214407,1.07672935e+03,2.24918374e-04,1.12098887e-04
0.215500,1.06958480e+03,2.33038619e-04,1.16095449e-04
0.216594,1.06236885e+03,2.41270601e-04,1.20093039e-04
0.217688,1.05508563e+03,2.49452620e-04,1.24085786e-04
0.218782,1.04773945e+03,2.57566327e-04,1.28069867e-04
0.219876,1.04033479e+03,2.65610655e-04,1.32043020e-04
0.220970,1.03287619e+03,2.73530686e-04,1.36002217e-04
0.222064,1.02536826e+03,2.81632161e-04,1.39945021e-04
0.223158,1.01781580e+03,2.89542979e-04,1.43868709e-04
0.224252,1.01022368e+03,2.97197227e-04,1.47772627e-04
0.225346,1.00259686e+03,3.04937107e-04,1.51656153e-04
0.226440,9.94940446e+02,3.12658229e-04,1.55518723e-04
0.227533,9.87259554e+02,3.20565347e-04,1.59357675e-04
0.228627,9.79559349e+02,3.28380894e-04,1.63172446e-04
0.229721,9.71845118e+02,3.36020401e-04,1.66962996e-04
0.230815,9.64122265e+02,3.43444112e-04,1.70730363e-04
0.231909,9.56396317e+02,3.51006229e-04,1.74474908e-04
0.233003,9.48672943e+02,3.58687425e-04,1.78197576e-04
0.234097,9.40957877e+02,3.66342157e-04,1.81898303e-04
0.235191,9.33256933e+02,3.73658339e-04,1.85578529e-04
0.236285,9.25575838e+02,3.81402896e-04,1.89238822e-04
0.237379,9.17920365e+02,3.88277882e-04,1.92879441e-04
0.238473,9.10296679e+02,3.95512649e-04,1.96509163e-04
0.239566,9.02710638e+02,4.03054833e-04,2.00123717e-04
0.240660,8.95168197e+02,4.09937760e-04,2.03724886e-04
0.241754,8.87675617e+02,4.16845702e-04,2.07320234e-04
0.242848,8.80239010e+02,4.24107485e-04,2.10908690e-04
0.243942,8.72864373e+02,4.31654369e-04,2.14491072e-04
0.245036,8.65557791e+02,4.38823236e-04,2.18069497e-04
0.246130,8.58325430e+02,4.45251873e-04,2.21648765e-04
0.247224,8.51173380e+02,4.52921316e-04,2.25231153e-04
0.248318,8.44107560e+02,4.60714929e-04,2.28817242e-04
0.249412,8.37133522e+02,4.68731444e-04,2.32400381e-04
0.250506,8.30256861e+02,4.75946089e-04,2.35985305e-04
0.251599,8.23483394e+02,4.83645917e-04,2.39580665e-04
0.252693,8.16818795e+02,4.90784168e-04,2.43184181e-04
0.253787,8.10268576e+02,4.99605037e-04,2.46798725e-04
0.254881,8.03837485e+02,5.06606983e-04,2.50402799e-04
0.255975,7.97531164e+02,5.12901837e-04,2.54027481e-04
0.257069,7.91355255e+02,5.19863229e-04,2.57673032e-04
0.258163,7.85315092e+02,5.27461776e-04,2.61338369e-04
0.259257,7.79415338e+02,5.35188515e-04,2.65005736e-04
0.260351,7.73660428e+02,5.43568953e-04,2.68677520e-04
0.261445,7.68054476e+02,5.51183119e-04,2.72342922e-04
0.262539,7.62601648e+02,5.58425065e-04,2.76006258e-04
0.263632,7.57305439e+02,5.68813290e-04,2.79654061e-04
0.264726,7.52168785e+02,5.74369686e-04,2.83262915e-04
0.265820,7.47195486e+02,5.82991217e-04,2.86869455e-04
0.266914,7.42388175e+02,5.90175888e-04,2.90428041e-04
0.268008,7.37749796e+02,5.97865389e-04,2.93958410e-04
0.269102,7.33282669e+02,6.05468562e-04,2.97432649e-04
0.270196,7.28988652e+02,6.12838520e-04,3.00840317e-04
0.271290,7.24869104e+02,6.21549915e-04,3.04165112e-04
0.272384,7.20924975e+02,6.28806665e-04,3.07389394e-04
0.273478,7.17157176e+02,6.35243448e-04,3.10508713e-04
0.274572,7.13566157e+02,6.43148586e-04,3.13507976e-04
0.275666,7.10152047e+02,6.46885411e-04,3.16365740e-04
0.276759,7.06915600e+02,6.52245946e-04,3.19113241e-04
0.277853,7.03856193e+02,6.60063963e-04,3.21692333e-04
0.278947,7.00972376e+02,6.66674923e-04,3.24073830e-04
0.280041,6.98263206e+02,6.67136025e-04,3.26263151e-04
0.281135,6.95727920e+02,6.72416442e-04,3.28278183e-04
0.282229,6.93364508e+02,6.77995958e-04,3.30068598e-04
0.283323,6.91170178e+02,6.82794072e-04,3.31595208e-04
0.284417,6.89142084e+02,6.86331616e-04,3.32859590e-04
0.285511,6.87277493e+02,6.88049834e-04,3.33859632e-04
0.286605,6.85573158e+02,6.89300412e-04,3.34570474e-04
0.287699,6.84025828e+02,6.90202422e-04,3.35002857e-04
0.288792,6.82632539e+02,6.87646254e-04,3.35160341e-04
0.289886,6.81390229e+02,6.86596292e-04,3.35040600e-04
0.290980,6.80294505e+02,6.87830742e-04,3.34592861e-04
0.292074,6.79340867e+02,6.84012569e-04,3.33814887e-04
0.293168,6.78524769e+02,6.85529542e-04,3.32715950e-04
0.294262,6.77840240e+02,6.85000313e-04,3.31230072e-04
0.295356,6.77281865e+02,6.81719408e-04,3.29390325e-04
0.296450,6.76844450e+02,6.75849698e-04,3.27199917e-04
0.297544,6.76523454e+02,6.69813132e-04,3.24705418e-04
0.298638,6.76314059e+02,6.62808289e-04,3.21888975e-04
0.299732,6.76211102e+02,6.54989934e-04,3.18746723e-04
0.300825,6.76209394e+02,6.50232610e-04,3.15299331e-04
0.301919,6.76302671e+02,6.42419142e-04,3.11487938e-04
0.303013,6.76485010e+02,6.35802805e-04,3.07355377e-04
0.304107,6.76750857e+02,6.22992937e-04,3.02910615e-04
0.305201,6.77095261e+02,6.13353356e-04,2.98201671e-04
0.306295,6.77512805e+02,6.02907722e-04,2.93215092e-04
0.307389,6.77998295e+02,5.90319563e-04,2.87970752e-04
0.308483,6.78546161e+02,5.81365516e-04,2.82468391e-04
0.309577,6.79150426e+02,5.68909991e-04,2.76699859e-04
0.310671,6.79805929e+02,5.54845117e-04,2.70715101e-04
0.311765,6.80507078e+02,5.44117091e-04,2.64507460e-04
0.312858,6.81247952e+02,5.31728073e-04,2.58079257e-04
0.313952,6.82023067e+02,5.17744206e-04,2.51460138e-04
0.315046,6.82827262e+02,5.04539594e-04,2.44680103e-04
0.316140,6.83655407e+02,4.88604588e-04,2.37747458e-04
0.317234,6.84502763e+02,4.74629742e-04,2.30701839e-04
0.318328,6.85364300e+02,4.60320396e-04,2.23539320e-04
0.319422,6.86234870e+02,4.46526968e-04,2.16271706e-04
0.320516,6.87109617e+02,4.29912408e-04,2.08924163e-04
0.321610,6.87984316e+02,4.13373939e-04,2.01538224e-04
0.322704,6.88854529e+02,3.99177855e-04,1.94121552e-04
0.323798,6.89715620e+02,3.84473059e-04,1.86682566e-04
0.324891,6.90563243e+02,3.69499357e-04,1.79246107e-04
0.325985,6.91393116e+02,3.53440866e-04,1.71828443e-04
0.327079,6.92201190e+02,3.38440344e-04,1.64459318e-04
0.328173,6.92983412e+02,3.23688566e-04,1.57153760e-04
0.329267,6.93735818e+02,3.08456039e-04,1.49931575e-04
0.330361,6.94454571e+02,2.94774084e-04,1.42819078e-04
0.331455,6.95135919e+02,2.79480493e-04,1.35833107e-04
0.332549,6.95776419e+02,2.65605200e-04,1.29007556e-04
0.333643,6.96372572e+02,2.51478906e-04,1.22357494e-04
0.334737,6.96921087e+02,2.37728256e-04,1.15912318e-04
0.335831,6.97418823e+02,2.24874235e-04,1.09701472e-04
0.336925,6.97862551e+02,2.12650797e-04,1.03741848e-04
0.338018,6.98249253e+02,2.00224639e-04,9.80677690e-05
0.339112,6.98576018e+02,1.89718318e-04,9.27087307e-05
0.340206,6.98839824e+02,1.79226640e-04,8.76874847e-05
0.341300,6.99037889e+02,1.70073668e-04,8.30438243e-05
0.342394,6.99167430e+02,1.61373618e-04,7.88040503e-05
0.343488,6.99225792e+02,1.53179803e-04,7.50027974e-05
0.344582,6.99210484e+02,1.46420972e-04,7.16728845e-05
0.345676,6.99119104e+02,1.40393690e-04,6.88373173e-05
0.346770,6.98949324e+02,1.35400264e-04,6.65172937e-05
0.347864,6.98698992e+02,1.31164285e-04,6.47268308e-05
0.348958,6.98366144e+02,1.28177843e-04,6.34675768e-05
0.350051,6.97948865e+02,1.26807619e-04,6.27278125e-05
0.351145,6.97445318e+02,1.26194258e-04,6.24859710e-05
0.352239,6.96853819e+02,1.26691270e-04,6.27146317e-05
0.353333,6.96172853e+02,1.28080072e-04,6.33757065e-05
0.354427,6.95401043e+02,1.30065913e-04,6.44295833e-05
0.355521,6.94537099e+02,1.32777640e-04,6.58384108e-05
0.356615,6.93579945e+02,1.35981244e-04,6.75615001e-05
0.357709,6.92528674e+02,1.40151329e-04,6.95636495e-05
0.358803,6.91382599e+02,1.44873143e-04,7.18114502e-05
0.359897,6.90141187e+02,1.49749217e-04,7.42784930e-05
0.360991,6.88804088e+02,1.55108613e-04,7.69435967e-05
0.362084,6.87371139e+02,1.60958051e-04,7.97897310e-05
0.363178,6.85842406e+02,1.67122800e-04,8.28020923e-05
0.364272,6.84218163e+02,1.73597886e-04,8.59710313e-05
0.365366,6.82498898e+02,1.80397137e-04,8.92892416e-05
0.366460,6.80685311e+02,1.87622370e-04,9.27522508e-05
0.367554,6.78778339e+02,1.94865661e-04,9.63556756e-05
0.368648,6.76779085e+02,2.02362123e-04,1.00099522e-04
0.369742,6.74688877e+02,2.10407475e-04,1.03982477e-04
0.370836,6.72509278e+02,2.18536968e-04,1.08004123e-04
0.371930,6.70242085e+02,2.26946188e-04,1.12165773e-04
0.373024,6.67889355e+02,2.35773163e-04,1.16468429e-04
0.374117,6.65453370e+02,2.44779962e-04,1.20913376e-04
0.375211,6.62936577e+02,2.54116373e-04,1.25502545e-04
0.376305,6.60341656e+02,2.63714796e-04,1.30237657e-04
0.377399,6.57671538e+02,2.73678484e-04,1.35120813e-04
0.378493,6.54929375e+02,2.83807785e-04,1.40154265e-04
0.379587,6.52118625e+02,2.94385143e-04,1.45341598e-04
0.380681,6.49242968e+02,3.05360161e-04,1.50685192e-04
0.381775,6.46306279e+02,3.16323629e-04,1.56187853e-04
0.382869,6.43312660e+02,3.27887298e-04,1.61853321e-04
0.383963,6.40266430e+02,3.39629409e-04,1.67685586e-04
0.385057,6.37172153e+02,3.51911228e-04,1.73688743e-04
0.386150,6.34034532e+02,3.64275939e-04,1.79865098e-04
0.387244,6.30858483e+02,3.77247616e-04,1.86220153e-04
0.388338,6.27649147e+02,3.90751181e-04,1.92758180e-04
0.389432,6.24411800e+02,4.04445684e-04,1.99481887e-04
0.390526,6.21151987e+02,4.18524929e-04,2.06398723e-04
0.391620,6.17875469e+02,4.32526079e-04,2.13514439e-04
0.392714,6.14588295e+02,4.47251829e-04,2.20838118e-04
0.393808,6.11296603e+02,4.62602277e-04,2.28373884e-04
0.394902,6.08006613e+02,4.77843926e-04,2.36124461e-04
0.395996,6.04724758e+02,4.94419128e-04,2.44100693e-04
0.397090,6.01457410e+02,5.10841718e-04,2.52300842e-04
0.398184,5.98211191e+02,5.27838788e-04,2.60735400e-04
0.399277,5.94992660e+02,5.45827326e-04,2.69404648e-04
0.400371,5.91808404e+02,5.64521535e-04,2.78311992e-04
0.401465,5.88665212e+02,5.82437452e-04,2.87463361e-04
0.402559,5.85570114e+02,6.02088972e-04,2.96872070e-04
0.403653,5.82529692e+02,6.21108158e-04,3.06519742e-04
0.404747,5.79551063e+02,6.40410009e-04,3.16431941e-04
0.405841,5.76640978e+02,6.62876776e-04,3.26597575e-04
0.406935,5.73805505e+02,6.84906374e-04,3.36990195e-04
0.408029,5.71050937e+02,7.06786062e-04,3.47618299e-04
0.409123,5.68383574e+02,7.27826320e-04,3.58476074e-04
0.410217,5.65809833e+02,7.50199202e-04,3.69572392e-04
0.411310,5.63335793e+02,7.74331263e-04,3.80891575e-04
0.412404,5.60966910e+02,7.98394247e-04,3.92398207e-04
0.413498,5.58708408e+02,8.23886706e-04,4.04083283e-04
0.414592,5.56565251e+02,8.47248873e-04,4.15919359e-04
0.415686,5.54542078e+02,8.74022407e-04,4.27890140e-04
0.416780,5.52642784e+02,8.97291889e-04,4.39941356e-04
0.417874,5.50871011e+02,9.26110185e-04,4.52063259e-04
0.418968,5.49229880e+02,9.48762180e-04,4.64199729e-04
0.420062,5.47722894e+02,9.73742978e-04,4.76360016e-04
0.421156,5.46352112e+02,1.00236501e-03,4.88459630e-04
0.422250,5.45119192e+02,1.02634365e-03,5.00451406e-04
0.423343,5.44025934e+02,1.05081594e-03,5.12319304e-04
0.424437,5.43073577e+02,1.07640157e-03,5.24019617e-04
0.425531,5.42262401e+02,1.09995768e-03,5.35462054e-04
0.426625,5.41592491e+02,1.12350881e-03,5.46623530e-04
0.427719,5.41062315e+02,1.15032553e-03,5.57382157e-04
0.428813,5.40669472e+02,1.17233107e-03,5.67659694e-04
0.429907,5.40411495e+02,1.19230661e-03,5.77413199e-04
0.431001,5.40285782e+02,1.21781468e-03,5.86639045e-04
0.432095,5.40287653e+02,1.24367121e-03,5.95153824e-04
0.433189,5.40411065e+02,1.25782335e-03,6.02809161e-04
0.434283,5.40652823e+02,1.26460420e-03,6.09780748e-04
0.435376,5.41010623e+02,1.28046876e-03,6.16108670e-04
0.436470,5.41477981e+02,1.29639299e-03,6.21461748e-04
0.437564,5.42049053e+02,1.30447921e-03,6.25892218e-04
0.438658,5.42718554e+02,1.31291284e-03,6.29383117e-04
0.439752,5.43479867e+02,1.31803373e-03,6.31819819e-04
0.440846,5.44326268e+02,1.32045978e-03,6.33184918e-04
0.441940,5.45250210e+02,1.32813842e-03,6.33420676e-04
0.443034,5.46241953e+02,1.32543347e-03,6.32319918e-04
0.444128,5.47295185e+02,1.32522735e-03,6.30172727e-04
0.445222,5.48402531e+02,1.30863256e-03,6.26759039e-04
0.446316,5.49557299e+02,1.30150616e-03,6.22215820e-04
0.447409,5.50751497e+02,1.28915495e-03,6.16428549e-04
0.448503,5.51976111e+02,1.27774053e-03,6.09320439e-04
0.449597,5.53221776e+02,1.25872287e-03,6.00880460e-04
0.450691,5.54480835e+02,1.24031258e-03,5.91245824e-04
0.451785,5.55745271e+02,1.20979614e-03,5.80341513e-04
0.452879,5.57007758e+02,1.18123043e-03,5.68271389e-04
0.453973,5.58259777e+02,1.15910622e-03,5.55004741e-04
0.455067,5.59492016e+02,1.12690312e-03,5.40486747e-04
0.456161,5.60696088e+02,1.09327056e-03,5.24822426e-04
0.457255,5.61863591e+02,1.06163974e-03,5.08071067e-04
0.458349,5.62985319e+02,1.02779307e-03,4.90216185e-04
0.459443,5.64052322e+02,9.84352708e-04,4.71319697e-04
0.460536,5.65057385e+02,9.42188849e-04,4.51583904e-04
0.461630,5.65992834e+02,9.00529773e-04,4.31041237e-04
0.462724,5.66850359e+02,8.56157945e-04,4.09737178e-04
0.463818,5.67621901e+02,8.10546935e-04,3.87795835e-04
0.464912,5.68299746e+02,7.64385868e-04,3.65347781e-04
0.466006,5.68876270e+02,7.15253444e-04,3.42508364e-04
0.467100,5.69344362e+02,6.69899228e-04,3.19457791e-04
0.468194,5.69696492e+02,6.20446998e-04,2.96294796e-04
0.469288,5.69925801e+02,5.73326007e-04,2.73229361e-04
0.470382,5.70025245e+02,5.25707586e-04,2.50406267e-04
0.471476,5.69988259e+02,4.76428565e-04,2.28024156e-04
0.472569,5.69808665e+02,4.32875583e-04,2.06287030e-04
0.473663,5.69479489e+02,3.88533758e-04,1.85313611e-04
0.474757,5.68994309e+02,3.47211799e-04,1.65314341e-04
0.475851,5.68346567e+02,3.09114108e-04,1.46427805e-04
0.476945,5.67529769e+02,2.71991910e-04,1.28789110e-04
0.478039,5.66537824e+02,2.38034723e-04,1.12524271e-04
0.479133,5.65364549e+02,2.06826567e-04,9.76992555e-05
0.480227,5.64003913e+02,1.79375883e-04,8.43688574e-05
0.481321,5.62450134e+02,1.54550040e-04,7.25532429e-05
0.482415,5.60697798e+02,1.32826364e-04,6.22529753e-05
0.483509,5.58741776e+02,1.13910461e-04,5.34422976e-05
0.484602,5.56577434e+02,9.73687373e-05,4.60905864e-05
0.485696,5.54200695e+02,8.47608411e-05,4.01606675e-05
0.486790,5.51608023e+02,7.45042007e-05,3.55958494e-05
0.487884,5.48796558e+02,6.71571167e-05,3.23365636e-05
0.488978,5.45764188e+02,6.21596393e-05,3.02999176e-05
0.490072,5.42509645e+02,5.95610512e-05,2.93800032e-05
0.491166,5.39032583e+02,5.91063804e-05,2.94515348e-05
0.492260,5.35333631e+02,6.08680872e-05,3.03875024e-05
0.493354,5.31414447e+02,6.40952669e-05,3.20724721e-05
0.494448,5.27277737e+02,6.87804100e-05,3.44162699e-05
0.495542,5.22927278e+02,7.49059228e-05,3.73465743e-05
0.496635,5.18367939e+02,8.18281510e-05,4.08065671e-05
0.497729,5.13605646e+02,8.99101613e-05,4.47513817e-05
0.498823,5.08647399e+02,9.89494418e-05,4.91409303e-05
0.499917,5.03501269e+02,1.08919690e-04,5.39410189e-05
0.501011,4.98176365e+02,1.19520047e-04,5.91254989e-05
0.502105,4.92682786e+02,1.31013526e-04,6.46765457e-05
0.503199,4.87031580e+02,1.43038205e-04,7.05841394e-05
0.504293,4.81234702e+02,1.55920025e-04,7.68476246e-05
0.505387,4.75304997e+02,1.69553665e-04,8.34730361e-05
0.506481,4.69256132e+02,1.83931952e-04,9.04727328e-05
0.507575,4.63102570e+02,1.99202524e-04,9.78619253e-05
0.508668,4.56859600e+02,2.15188721e-04,1.05656315e-04
0.509762,4.50543185e+02,2.31924542e-04,1.13868656e-04
0.510856,4.44169951e+02,2.49782037e-04,1.22507029e-04
0.511950,4.37756949e+02,2.68693258e-04,1.31571193e-04
0.513044,4.31321670e+02,2.87925174e-04,1.41052837e-04
0.514138,4.24882438e+02,3.07773799e-04,1.50946345e-04
0.515232,4.18458057e+02,3.28591149e-04,1.61239518e-04
0.516326,4.12067335e+02,3.50753342e-04,1.71909558e-04
0.517420,4.05729295e+02,3.73024103e-04,1.82933530e-04
0.518514,3.99463379e+02,3.95707890e-04,1.94294311e-04
0.519608,3.93289000e+02,4.20213027e-04,2.05968639e-04
0.520702,3.87225301e+02,4.43904254e-04,2.17917382e-04
0.521795,3.81291475e+02,4.69266772e-04,2.30120257e-04
0.522889,3.75506750e+02,4.93545158e-04,2.42552002e-04
0.523983,3.69890219e+02,5.03463439e-04,2.47859519e-04
0.525077,3.64460598e+02,5.45210490e-04,2.67960643e-04
0.526171,3.59233365e+02,5.72402115e-04,2.80746014e-04
0.527265,3.54224560e+02,5.98694378e-04,2.93502953e-04
0.528359,3.49448888e+02,6.26905248e-04,3.06135803e-04
0.529453,3.44919154e+02,6.51910275e-04,3.18493054e-04
0.530547,3.40647354e+02,6.81476467e-04,3.30522964e-04
0.531641,3.36642301e+02,7.08151263e-04,3.41964075e-04
0.532735,3.32913910e+02,7.27861562e-04,3.52874932e-04
0.533828,3.29470218e+02,7.52470808e-04,3.63081358e-04
0.534922,3.26314901e+02,7.78973322e-04,3.72303867e-04
0.536016,3.23449564e+02,7.98882352e-04,3.80375837e-04
0.537110,3.20875111e+02,8.18603576e-04,3.87246638e-04
0.538204,3.18590893e+02,8.28071752e-04,3.92768255e-04
0.539298,3.16596049e+02,8.36526645e-04,3.96963848e-04
0.540392,3.14888477e+02,8.39259603e-04,3.99758389e-04
0.541486,3.13463759e+02,8.44983295e-04,4.01037041e-04
0.542580,3.12314638e+02,8.45025871e-04,4.00649942e-04
0.543674,3.11433648e+02,8.40117756e-04,3.98659969e-04
0.544768,3.10812324e+02,8.29434038e-04,3.95048089e-04
0.545861,3.10442133e+02,8.19612837e-04,3.89943360e-04
0.546955,3.10311017e+02,8.13918222e-04,3.83172681e-04
0.548049,3.10404806e+02,7.96940513e-04,3.74700796e-04
0.549143,3.10711680e+02,7.75718676e-04,3.64844055e-04
0.550237,3.11219851e+02,7.51153100e-04,3.53691595e-04
0.551331,3.11917302e+02,7.22231101e-04,3.41361986e-04
0.552425,3.12792416e+02,6.92687359e-04,3.28029034e-04
0.553519,3.13833468e+02,6.60859147e-04,3.13806539e-04
0.554613,3.15028314e+02,6.31036607e-04,2.98805846e-04
0.555707,3.16364681e+02,5.97464947e-04,2.83144098e-04
0.556801,3.17831469e+02,5.61282479e-04,2.67017187e-04
0.557894,3.19417936e+02,5.25867964e-04,2.50559608e-04
0.558988,3.21113378e+02,4.89984966e-04,2.33885504e-04
0.560082,3.22907378e+02,4.57563234e-04,2.17126674e-04
0.561176,3.24789645e+02,4.20569790e-04,2.00366849e-04
0.562270,3.26750870e+02,3.86486863e-04,1.83763982e-04
0.563364,3.28782298e+02,3.51366589e-04,1.67423530e-04
0.564458,3.30875641e+02,3.17929232e-04,1.51438623e-04
0.565552,3.33022995e+02,2.85821890e-04,1.35901615e-04
0.566646,3.35217124e+02,2.52899975e-04,1.20900603e-04
0.567740,3.37451127e+02,2.24087515e-04,1.06512540e-04
0.568834,3.39718251e+02,1.93991437e-04,9.27959883e-05
0.569927,3.42012445e+02,1.67519321e-04,7.98492619e-05
0.571021,3.44327644e+02,1.43070584e-04,6.77380938e-05
0.572115,3.46658156e+02,1.18454601e-04,5.65729865e-05
0.573209,3.48998792e+02,9.72776726e-05,4.65269776e-05
0.574303,3.51344489e+02,7.94621420e-05,3.78535689e-05
0.575397,3.53690157e+02,6.54709089e-05,3.09740429e-05
0.576491,3.56030985e+02,5.55809226e-05,2.65251350e-05
0.577585,3.58362495e+02,5.13834561e-05,2.50722356e-05
0.578679,3.60680411e+02,5.34389706e-05,2.64931192e-05
0.579773,3.62980589e+02,5.99563129e-05,2.99252256e-05
0.580867,3.65259121e+02,6.89609975e-05,3.44429493e-05
0.581961,3.67512295e+02,7.89984961e-05,3.94415130e-05
0.583054,3.69736619e+02,8.95904059e-05,4.45985896e-05
0.584148,3.71928839e+02,9.99499891e-05,4.97552423e-05
0.585242,3.74085859e+02,1.10321247e-04,5.48452533e-05
0.586336,3.76204857e+02,1.20823294e-04,5.98430252e-05
0.587430,3.78283286e+02,1.30678506e-04,6.47462180e-05
0.588524,3.80318812e+02,1.40569800e-04,6.95669029e-05
0.589618,3.82309360e+02,1.50104574e-04,7.43186033e-05
0.590712,3.84253126e+02,1.59871167e-04,7.90155431e-05
0.591806,3.86148584e+02,1.69274685e-04,8.36694671e-05
0.592900,3.87994450e+02,1.78772096e-04,8.82910867e-05
0.593994,3.89789697e+02,1.88111000e-04,9.28869301e-05
0.595087,3.91533534e+02,1.97419535e-04,9.74612927e-05
0.596181,3.93225392e+02,2.06664292e-04,1.02015489e-04
0.597275,3.94864918e+02,2.15913341e-04,1.06548683e-04
0.598369,3.96451983e+02,2.25085233e-04,1.11057543e-04
0.599463,3.97986655e+02,2.34201767e-04,1.15538374e-04
0.600557,3.99469203e+02,2.43281895e-04,1.19986052e-04
0.601651,4.00900044e+02,2.52192272e-04,1.24395195e-04
0.602745,4.02279769e+02,2.61083870e-04,1.28760366e-04
0.603839,4.03609120e+02,2.69862144e-04,1.33075960e-04
0.604933,4.04888963e+02,2.78544695e-04,1.37336542e-04
0.606027,4.06120317e+02,2.87087560e-04,1.41536962e-04
0.607120,4.07304344e+02,2.95519754e-04,1.45672954e-04
0.608214,4.08442296e+02,3.03810031e-04,1.49740128e-04
0.609308,4.09535511e+02,3.11941297e-04,1.53734974e-04
0.610402,4.10585439e+02,3.19965179e-04,1.57654660e-04
0.611496,4.11593580e+02,3.27813971e-04,1.61496020e-04
0.612590,4.12561585e+02,3.35465912e-04,1.65257831e-04
0.613684,4.13491119e+02,3.42936194e-04,1.68937741e-04
0.614778,4.14383909e+02,3.50217580e-04,1.72534903e-04
0.615872,4.15241739e+02,3.57470616e-04,1.76048187e-04
0.616966,4.16066417e+02,3.64511699e-04,1.79475839e-04
0.618060,4.16859809e+02,3.71294764e-04,1.82817918e-04
0.619153,4.17623835e+02,3.78007855e-04,1.86074896e-04
0.620247,4.18360371e+02,3.84521531e-04,1.89245036e-04
0.621341,4.19071337e+02,3.90814159e-04,1.92329077e-04
0.622435,4.19758737e+02,3.96935155e-04,1.95328384e-04
0.623529,4.20424567e+02,4.02805413e-04,1.98242684e-04
0.624623,4.21070828e+02,4.08777340e-04,2.01072659e-04
0.625717,4.21699417e+02,4.14477831e-04,2.03816684e-04
0.626811,4.22312230e+02,4.19876271e-04,2.06475122e-04
0.627905,4.22911313e+02,4.25072892e-04,2.09052028e-04
0.628999,4.23498618e+02,4.30577219e-04,2.11546584e-04
0.630093,4.24075818e+02,4.35626250e-04,2.13952094e-04
0.631186,4.24644766e+02,4.40416442e-04,2.16275785e-04
0.632280,4.25207285e+02,4.45129700e-04,2.18517096e-04
0.633374,4.25765180e+02,4.49262644e-04,2.20676252e-04
0.634468,4.26320450e+02,4.53498293e-04,2.22761860e-04
0.635562,4.26874803e+02,4.58001556e-04,2.24765966e-04
0.636656,4.27429687e+02,4.62151377e-04,2.26683411e-04
0.637750,4.27986571e+02,4.66384826e-04,2.28518072e-04
0.638844,4.28546850e+02,4.70309496e-04,2.30268729e-04
0.639938,4.29112119e+02,4.73023456e-04,2.31941869e-04
0.641032,4.29684156e+02,4.76384979e-04,2.33546591e-04
0.642126,4.30264339e+02,4.80176934e-04,2.35071775e-04
0.643220,4.30853766e+02,4.83289571e-04,2.36510754e-04
0.644313,4.31453745e+02,4.86000430e-04,2.37873963e-04
0.645407,4.32065585e+02,4.88570707e-04,2.39162061e-04
0.646501,4.32690427e+02,4.91582836e-04,2.40373597e-04
0.647595,4.33329259e+02,4.94200760e-04,2.41505291e-04
0.648689,4.33982899e+02,4.96819900e-04,2.42553916e-04
0.649783,4.34652304e+02,4.98536654e-04,2.43527709e-04
0.650877,4.35338538e+02,5.01086521e-04,2.44433427e-04
0.651971,4.36042157e+02,5.03892394e-04,2.45254058e-04
0.653065,4.36763686e+02,5.05144389e-04,2.45991335e-04
0.654159,4.37503693e+02,5.06707410e-04,2.46650218e-04
0.655253,4.38262929e+02,5.07699966e-04,2.47241618e-04
0.656346,4.39042030e+02,5.09417775e-04,2.47761873e-04
0.657440,4.39841481e+02,5.10049701e-04,2.48208383e-04
0.658534,4.40661569e+02,5.12339261e-04,2.48579008e-04
0.659628,4.41502252e+02,5.12817622e-04,2.48862239e-04
0.660722,4.42363716e+02,5.14331500e-04,2.49072938e-04
0.661816,4.43246146e+02,5.13982715e-04,2.49209354e-04
0.662910,4.44149434e+02,5.16149120e-04,2.49266726e-04
0.664004,4.45073232e+02,5.16556055e-04,2.49239826e-04
0.665098,4.46017617e+02,5.15835582e-04,2.49143231e-04
0.666192,4.46982830e+02,5.15607989e-04,2.48987798e-04
0.667286,4.47969042e+02,5.15415650e-04,2.48772873e-04
0.668379,4.48975832e+02,5.15533436e-04,2.48476080e-04
0.669473,4.50003057e+02,5.14189533e-04,2.48116457e-04
0.670567,4.51050972e+02,5.10644822e-04,2.47703433e-04
0.671661,4.52119904e+02,5.11308784e-04,2.47253271e-04
0.672755,4.53208983e+02,5.12217847e-04,2.46716909e-04
0.673849,4.54317337e+02,5.09714175e-04,2.46097066e-04
0.674943,4.55444877e+02,5.08349642e-04,2.45431940e-04
0.676037,4.56591406e+02,5.06047420e-04,2.44712878e-04
0.677131,4.57756855e+02,5.04866300e-04,2.43951145e-04
0.678225,4.58940759e+02,5.02808370e-04,2.43128780e-04
0.679319,4.60142227e+02,5.03543588e-04,2.42239965e-04
0.680412,4.61360276e+02,5.00944605e-04,2.41279978e-04
0.681506,4.62594357e+02,5.00037067e-04,2.40269567e-04
0.682600,4.63843698e+02,4.98050335e-04,2.39199399e-04
0.683694,4.65107415e+02,4.95082152e-04,2.38064608e-04
0.684788,4.66385100e+02,4.92041510e-04,2.36893806e-04
0.685882,4.67676386e+02,4.89464013e-04,2.35684991e-04
0.686976,4.68980273e+02,4.88346955e-04,2.34416606e-04
0.688070,4.70295281e+02,4.86440682e-04,2.33073827e-04
0.689164,4.71620803e+02,4.82520305e-04,2.31693980e-04
0.690258,4.72956720e+02,4.77938866e-04,2.30289888e-04
0.691352,4.74302680e+02,4.75070778e-04,2.28858286e-04
0.692445,4.75657787e+02,4.73168837e-04,2.27382065e-04
0.693539,4.77020913e+02,4.69232772e-04,2.25850147e-04
0.694633,4.78391386e+02,4.67793750e-04,2.24292217e-04
0.695727,4.79768075e+02,4.63713059e-04,2.22678262e-04
0.696821,4.81149728e+02,4.62742054e-04,2.21016078e-04
0.697915,4.82535134e+02,4.58279759e-04,2.19305185e-04
0.699009,4.83923592e+02,4.54201649e-04,2.17564400e-04
0.700103,4.85314622e+02,4.48378141e-04,2.15802788e-04
0.701197,4.86707744e+02,4.45490320e-04,2.14025593e-04
0.702291,4.88101682e+02,4.43631099e-04,2.12202743e-04
0.703385,4.89495511e+02,4.36069393e-04,2.10343484e-04
0.704479,4.90889386e+02,4.32457332e-04,2.08502121e-04
0.705572,4.92282407e+02,4.27429265e-04,2.06623618e-04
0.706666,4.93673573e+02,4.26049735e-04,2.04722287e-04
0.707760,4.95061432e+02,4.22181146e-04,2.02771886e-04
0.708854,4.96444977e+02,4.17047079e-04,2.00792297e-04
0.709948,4.97823652e+02,4.13308799e-04,1.98807290e-04
0.711042,4.99196183e+02,4.10786486e-04,1.96782827e-04
0.712136,5.00561425e+02,4.04944613e-04,1.94727168e-04
0.713230,5.01919130e+02,4.00721012e-04,1.92680596e-04
0.714324,5.03268468e+02,3.95167064e-04,1.90608707e-04
0.715418,5.04608783e+02,3.91373434e-04,1.88532950e-04
0.716512,5.05939190e+02,3.86625031e-04,1.86437235e-04
0.717605,5.07259030e+02,3.80156577e-04,1.84330743e-04
0.718699,5.08567818e+02,3.77702267e-04,1.82230586e-04
0.719793,5.09863982e+02,3.73904184e-04,1.80083894e-04
0.720887,5.11146406e+02,3.70545316e-04,1.77922060e-04
0.721981,5.12414145e+02,3.65339913e-04,1.75742047e-04
0.723075,5.13666546e+02,3.59806797e-04,1.73557486e-04
0.724169,5.14902698e+02,3.56346226e-04,1.71361000e-04
0.725263,5.16121526e+02,3.51681178e-04,1.69146874e-04
0.726357,5.17322570e+02,3.44621808e-04,1.66936455e-04
0.727451,5.18505661e+02,3.39398239e-04,1.64743088e-04
0.728545,5.19669864e+02,3.35776317e-04,1.62536835e-04
0.729638,5.20814137e+02,3.31360907e-04,1.60318157e-04
0.730732,5.21937466e+02,3.27501814e-04,1.58086387e-04
0.731826,5.23038905e+02,3.22072337e-04,1.55844824e-04
0.732920,5.24117647e+02,3.18395480e-04,1.53601724e-04
0.734014,5.25172980e+02,3.13131051e-04,1.51358997e-04
0.735108,5.26204082e+02,3.08189636e-04,1.49108953e-04
0.736202,5.27210221e+02,3.03261719e-04,1.46861501e-04
0.737296,5.28190607e+02,3.00711020e-04,1.44615893e-04
0.738390,5.29143998e+02,2.95482435e-04,1.42347219e-04
0.739484,5.30069573e+02,2.91267822e-04,1.40080827e-04
0.740578,5.30966585e+02,2.85573153e-04,1.37814025e-04
0.741671,5.31834591e+02,2.80458027e-04,1.35561735e-04
0.742765,5.32672781e+02,2.76847869e-04,1.33307977e-04
0.743859,5.33480246e+02,2.70833713e-04,1.31049292e-04
0.744953,5.34256392e+02,2.67051326e-04,1.28803132e-04
0.746047,5.35000298e+02,2.61989564e-04,1.26550808e-04
0.747141,5.35711303e+02,2.57390727e-04,1.24307400e-04
0.748235,5.36388707e+02,2.53651928e-04,1.22070270e-04
0.749329,5.37031552e+02,2.49506234e-04,1.19827873e-04
0.750423,5.37638952e+02,2.44277490e-04,1.17584997e-04
0.751517,5.38210229e+02,2.40133488e-04,1.15352690e-04
0.752611,5.38744596e+02,2.34688071e-04,1.13122396e-04
0.753704,5.39241647e+02,2.28732915e-04,1.10912691e-04
0.754798,5.39701029e+02,2.23198202e-04,1.08722790e-04
0.755892,5.40122110e+02,2.19909376e-04,1.06544985e-04
0.756986,5.40503987e+02,2.15986989e-04,1.04367569e-04
0.758080,5.40845908e+02,2.10766115e-04,1.02195570e-04
0.759174,5.41147228e+02,2.06326329e-04,1.00036540e-04
0.760268,5.41407253e+02,2.01889226e-04,9.78878625e-05
0.761362,5.41625288e+02,1.97447133e-04,9.57483957e-05
0.762456,5.41800638e+02,1.93554332e-04,9.36203675e-05
0.763550,5.41932551e+02,1.89381221e-04,9.15000954e-05
0.764644,5.42020369e+02,1.84062619e-04,8.93918088e-05
0.765738,5.42063509e+02,1.80356876e-04,8.73013930e-05
0.766831,5.42061237e+02,1.76089925e-04,8.52196107e-05
0.767925,5.42012840e+02,1.72696910e-04,8.31487047e-05
0.769019,5.41917577e+02,1.68740198e-04,8.10874176e-05
0.770113,5.41774769e+02,1.63702218e-04,7.90378847e-05
0.771207,5.41583883e+02,1.59095317e-04,7.70078560e-05
0.772301,5.41344343e+02,1.55022088e-04,7.49953102e-05
0.773395,5.41055471e+02,1.51609920e-04,7.29957235e-05
0.774489,5.40716531e+02,1.47477350e-04,7.10055827e-05
0.775583,5.40326928e+02,1.43568177e-04,6.90328282e-05
0.776677,5.39886092e+02,1.38831347e-04,6.70757419e-05
0.777771,5.39393449e+02,1.35170832e-04,6.51370320e-05
0.778864,5.38848386e+02,1.30998323e-04,6.32141853e-05
0.779958,5.38250347e+02,1.27338109e-04,6.13102295e-05
0.781052,5.37598752e+02,1.22999496e-04,5.94216543e-05
0.782146,5.36893052e+02,1.19275421e-04,5.75532873e-05
0.783240,5.36132618e+02,1.15357097e-04,5.56992810e-05
0.784334,5.35316880e+02,1.11668545e-04,5.38642848e-05
0.785428,5.34445300e+02,1.07708682e-04,5.20480058e-05
0.786522,5.33517352e+02,1.04267429e-04,5.02519657e-05
0.787616,5.32532492e+02,1.00726206e-04,4.84734333e-05
0.788710,5.31490211e+02,9.71185347e-05,4.67157179e-05
0.789804,5.30390000e+02,9.33242219e-05,4.49780764e-05
0.790897,5.29231400e+02,8.97229301e-05,4.32630725e-05
0.791991,5.28013946e+02,8.61960174e-05,4.15704443e-05
0.793085,5.26737171e+02,8.27752810e-05,3.99008101e-05
0.794179,5.25400636e+02,7.88609155e-05,3.82581634e-05
0.795273,5.24003942e+02,7.51099128e-05,3.66455079e-05
0.796367,5.22546663e+02,7.23842214e-05,3.50612029e-05
0.797461,5.21028370e+02,6.93524795e-05,3.35060168e-05
0.798555,5.19448689e+02,6.59255963e-05,3.19830559e-05
0.799649,5.17807250e+02,6.27813910e-05,3.04993240e-05
0.800743,5.16103710e+02,5.98775142e-05,2.90584046e-05
0.801837,5.14337748e+02,5.69106256e-05,2.76642509e-05
0.802930,5.12509054e+02,5.41897482e-05,2.63244760e-05
0.804024,5.10617349e+02,5.14326833e-05,2.50460217e-05
0.805118,5.08662366e+02,4.86800428e-05,2.38390518e-05
0.806212,5.06643857e+02,4.61967638e-05,2.27154737e-05
0.807306,5.04561610e+02,4.41025306e-05,2.16880416e-05
0.808400,5.02415450e+02,4.21702387e-05,2.07691816e-05
0.809494,5.00205218e+02,4.02520350e-05,1.99757514e-05
0.810588,4.97930750e+02,3.83805701e-05,1.93266437e-05
0.811682,4.95591930e+02,3.76500499e-05,1.88376264e-05
0.812776,4.93188699e+02,3.68093686e-05,1.85203596e-05
0.813870,4.90720983e+02,3.61185132e-05,1.83892898e-05
0.814964,4.88188755e+02,3.64784439e-05,1.84505428e-05
0.816057,4.85592048e+02,3.69425486e-05,1.87025856e-05
0.817151,4.82930894e+02,3.78206027e-05,1.91432573e-05
0.818245,4.80205400e+02,3.90748692e-05,1.97619270e-05
0.819339,4.77415721e+02,4.05458675e-05,2.05469710e-05
0.820433,4.74561973e+02,4.25552576e-05,2.14837078e-05
0.821527,4.71644331e+02,4.48699145e-05,2.25554696e-05
0.822621,4.68663029e+02,4.75797600e-05,2.37466694e-05
0.823715,4.65618360e+02,5.00596892e-05,2.50434060e-05
0.824809,4.62510676e+02,5.30541945e-05,2.64337811e-05
0.825903,4.59340334e+02,5.60169536e-05,2.79058110e-05
0.826997,4.56107693e+02,5.92234091e-05,2.94496924e-05
0.828090,4.52813166e+02,6.25520337e-05,3.10566723e-05
0.829184,4.49457267e+02,6.59892871e-05,3.27188161e-05
0.830278,4.46040577e+02,6.96230208e-05,3.44295040e-05
0.831372,4.42563632e+02,7.33811541e-05,3.61829082e-05
0.832466,4.39027074e+02,7.69579632e-05,3.79741421e-05
0.833560,4.35431683e+02,8.06395380e-05,3.97994867e-05
0.834654,4.31778194e+02,8.47552415e-05,4.16542250e-05
0.835748,4.28067292e+02,8.86601776e-05,4.35336959e-05
0.836842,4.24299812e+02,9.25957381e-05,4.54358201e-05
0.837936,4.20476729e+02,9.64575171e-05,4.73572063e-05
0.839030,4.16599044e+02,1.00784130e-04,4.92951782e-05
0.840123,4.12667687e+02,1.05135328e-04,5.12456914e-05
0.841217,4.08683694e+02,1.09246688e-04,5.32070516e-05
0.842311,4.04648258e+02,1.13084713e-04,5.51776054e-05
0.843405,4.00562611e+02,1.17553290e-04,5.71545575e-05
0.844499,3.96428021e+02,1.21459845e-04,5.91358390e-05
0.845593,3.92245903e+02,1.25636729e-04,6.11204691e-05
0.846687,3.88017768e+02,1.29958197e-04,6.31063848e-05
0.847781,3.83745000e+02,1.34001771e-04,6.50882307e-05
0.848875,3.79429080e+02,1.38566713e-04,6.70665122e-05
0.849969,3.75071515e+02,1.42554115e-04,6.90377965e-05
0.851063,3.70674106e+02,1.46288688e-04,7.10023347e-05
0.852156,3.66238851e+02,1.49531377e-04,7.29592047e-05
0.853250,3.61767968e+02,1.53623450e-04,7.49080994e-05
0.854344,3.57263251e+02,1.58678318e-04,7.68425545e-05
0.855438,3.52726504e+02,1.62307086e-04,7.87589806e-05
0.856532,3.48159916e+02,1.66420669e-04,8.06592598e-05
0.857626,3.43565534e+02,1.70489683e-04,8.25397734e-05
0.858720,3.38945581e+02,1.74386924e-04,8.43988405e-05
0.859814,3.34302394e+02,1.78329864e-04,8.62343888e-05
0.860908,3.29638455e+02,1.81324913e-04,8.80441308e-05
0.862002,3.24956516e+02,1.85330815e-04,8.98290132e-05
0.863096,3.20258981e+02,1.89664700e-04,9.15815412e-05
0.864189,3.15548374e+02,1.93373541e-04,9.32979970e-05
0.865283,3.10827434e+02,1.96632560e-04,9.49790865e-05
0.866377,3.06099124e+02,1.99693908e-04,9.66223012e-05
0.867471,3.01366335e+02,2.03146119e-04,9.82237866e-05
0.868565,2.96632034e+02,2.06301399e-04,9.97818946e-05
0.869659,2.91899353e+02,2.09478839e-04,1.01290865e-04
0.870753,2.87171411e+02,2.12468174e-04,1.02750738e-04
0.871847,2.82451676e+02,2.14889540e-04,1.04156197e-04
0.872941,2.77743660e+02,2.17349818e-04,1.05504947e-04
0.874035,2.73050558e+02,2.20825362e-04,1.06790774e-04
0.875129,2.68375617e+02,2.23950901e-04,1.08007590e-04
0.876223,2.63722273e+02,2.26373468e-04,1.09149074e-04
0.877316,2.59094297e+02,2.28094544e-04,1.10214565e-04
0.878410,2.54495544e+02,2.30188485e-04,1.11204519e-04
0.879504,2.49929834e+02,2.32580306e-04,1.12107681e-04
0.880598,2.45400624e+02,2.33789149e-04,1.12919255e-04
0.881692,2.40911654e+02,2.35273667e-04,1.13636126e-04
0.882786,2.36466840e+02,2.36391161e-04,1.14253327e-04
0.883880,2.32070008e+02,2.37408524e-04,1.14761787e-04
0.884974,2.27725251e+02,2.38574889e-04,1.15161747e-04
0.886068,2.23436289e+02,2.39639072e-04,1.15438968e-04
0.887162,2.19206769e+02,2.40257960e-04,1.15589756e-04
0.888256,2.15040966e+02,2.40296221e-04,1.15603154e-04
0.889349,2.10942629e+02,2.40614517e-04,1.15478435e-04
0.890443,2.06915319e+02,2.40473062e-04,1.15206569e-04
0.891537,2.02962374e+02,2.38586134e-04,1.14788397e-04
0.892631,1.99087788e+02,2.38144087e-04,1.14221077e-04
0.893725,1.95295729e+02,2.36883751e-04,1.13482510e-04
0.894819,1.91589786e+02,2.35319115e-04,1.12574645e-04
0.895913,1.87973090e+02,2.33766795e-04,1.11492442e-04
0.897007,1.84448204e+02,2.31369481e-04,1.10236304e-04
0.898101,1.81019674e+02,2.26736625e-04,1.08792934e-04
0.899195,1.77691399e+02,2.25338032e-04,1.07163439e-04
0.900289,1.74464972e+02,2.22593602e-04,1.05346537e-04
0.901382,1.71342651e+02,2.18336344e-04,1.03335191e-04
0.902476,1.68326523e+02,2.14988209e-04,1.01131077e-04
0.903570,1.65418211e+02,2.09292112e-04,9.87386831e-05
0.904664,1.62621290e+02,2.03258391e-04,9.61558804e-05
0.905758,1.59937522e+02,1.98585270e-04,9.33905985e-05
0.906852,1.57368162e+02,1.92078517e-04,9.04436522e-05
0.907946,1.54915189e+02,1.84518734e-04,8.73268966e-05
0.909040,1.52579102e+02,1.80453282e-04,8.40436347e-05
0.910134,1.50359799e+02,1.72462552e-04,8.06035202e-05
0.911228,1.48258393e+02,1.64943923e-04,7.70276781e-05
0.912322,1.46274168e+02,1.57038227e-04,7.33264059e-05
0.913415,1.44406405e+02,1.50618035e-04,6.95195375e-05
0.914509,1.42654353e+02,1.42339947e-04,6.56258201e-05
0.915603,1.41016821e+02,1.34288647e-04,6.16653505e-05
0.916697,1.39491817e+02,1.25559850e-04,5.76652455e-05
0.917791,1.38077594e+02,1.16156131e-04,5.36603110e-05
0.918885,1.36772300e+02,1.07240477e-04,4.96845514e-05
0.919979,1.35572833e+02,1.00368366e-04,4.57636361e-05
0.921073,1.34475688e+02,9.25601672e-05,4.19301684e-05
0.922167,1.33477360e+02,8.31790315e-05,3.82250493e-05
0.923261,1.32574486e+02,7.64862876e-05,3.47053202e-05
0.924355,1.31762461e+02,7.01778538e-05,3.13881125e-05
0.925448,1.31036798e+02,6.33184059e-05,2.83254764e-05
0.926542,1.30392804e+02,5.72540769e-05,2.55512465e-05
0.927636,1.29825324e+02,5.25192736e-05,2.30927502e-05
0.928730,1.29328820e+02,4.81814145e-05,2.09572006e-05
0.929824,1.28897815e+02,4.38661992e-05,1.91562883e-05
0.930918,1.28526862e+02,4.00626330e-05,1.76878456e-05
0.932012,1.28210047e+02,3.73730819e-05,1.65006605e-05
0.933106,1.27941362e+02,3.51875194e-05,1.55563589e-05
0.934200,1.27714683e+02,3.31945940e-05,1.47918282e-05
0.935294,1.27523915e+02,3.20074162e-05,1.41640787e-05
0.936388,1.27362970e+02,3.03047077e-05,1.36195256e-05
0.937482,1.27225871e+02,2.86169396e-05,1.31267315e-05
0.938575,1.27106728e+02,2.77058075e-05,1.26526855e-05
0.939669,1.26999769e+02,2.66690936e-05,1.21680252e-05
0.940763,1.26899422e+02,2.54598385e-05,1.16565100e-05
0.941857,1.26800333e+02,2.37357097e-05,1.11003216e-05
0.942951,1.26697385e+02,2.20557165e-05,1.04874967e-05
0.944045,1.26585705e+02,2.06978355e-05,9.79872741e-06
0.945139,1.26460685e+02,1.89317331e-05,9.02191239e-06
0.946233,1.26317986e+02,1.69524229e-05,8.16311842e-06
0.947327,1.26153547e+02,1.49611011e-05,7.27861393e-06
0.948421,1.25963587e+02,1.33068910e-05,6.53416037e-06
0.949515,1.25744594e+02,1.26911013e-05,6.28270449e-06
0.950608,1.25493333e+02,1.39706501e-05,6.94965985e-06
0.951702,1.25206834e+02,1.74757843e-05,8.64691698e-06
0.952796,1.24882393e+02,2.26523115e-05,1.11314964e-05
0.953890,1.24517582e+02,2.90227455e-05,1.41103368e-05
0.954984,1.24110242e+02,3.58510932e-05,1.73675711e-05
0.956078,1.23658489e+02,4.28615592e-05,2.07548895e-05
0.957172,1.23160724e+02,5.01397206e-05,2.41688894e-05
0.958266,1.22615661e+02,5.71758660e-05,2.75373058e-05
0.959360,1.22022285e+02,6.39530743e-05,3.08124459e-05
0.960454,1.21379887e+02,7.06014702e-05,3.39648693e-05
0.961548,1.20688045e+02,7.70318966e-05,3.69791776e-05
0.962641,1.19946645e+02,8.30681583e-05,3.98501994e-05
0.963735,1.19155877e+02,8.88842158e-05,4.25783211e-05
0.964829,1.18316167e+02,9.43880348e-05,4.51667607e-05
0.965923,1.17428214e+02,9.98038627e-05,4.76173598e-05
0.967017,1.16492939e+02,1.04636264e-04,4.99307723e-05
0.968111,1.15511547e+02,1.09384893e-04,5.21104354e-05
0.969205,1.14485484e+02,1.13973109e-04,5.41539322e-05
0.970299,1.13416478e+02,1.17849776e-04,5.60624295e-05
0.971393,1.12306441e+02,1.21916450e-04,5.78389865e-05
0.972487,1.11157438e+02,1.25383887e-04,5.94794607e-05
0.973581,1.09971757e+02,1.28622627e-04,6.09860815e-05
0.974674,1.08751872e+02,1.31337605e-04,6.23601331e-05
0.975768,1.07500445e+02,1.33981252e-04,6.36046967e-05
0.976862,1.06220231e+02,1.36725087e-04,6.47154785e-05
0.977956,1.04914163e+02,1.38644577e-04,6.56947044e-05
0.979050,1.03585341e+02,1.40787738e-04,6.65457175e-05
0.980144,1.02236864e+02,1.42204161e-04,6.72678137e-05
0.981238,1.00871993e+02,1.43547541e-04,6.78623727e-05
0.982332,9.94941227e+01,1.44707316e-04,6.83315635e-05
0.983426,9.81066337e+01,1.45420434e-04,6.86763864e-05
0.984520,9.67130102e+01,1.46206047e-04,6.88982169e-05
0.985614,9.53167829e+01,1.46568227e-04,6.89971819e-05
0.986707,9.39215169e+01,1.46877065e-04,6.89761321e-05
0.987801,9.25307258e+01,1.46652775e-04,6.88332726e-05
0.988895,9.11480171e+01,1.46301179e-04,6.85736546e-05
0.989989,8.97769258e+01,1.45486193e-04,6.82006401e-05
0.991083,8.84211045e+01,1.44612904e-04,6.77141827e-05
0.992177,8.70839002e+01,1.43703485e-04,6.71168457e-05
0.993271,8.57686900e+01,1.42038979e-04,6.64095492e-05
0.994365,8.44790230e+01,1.40725580e-04,6.55999516e-05
0.995459,8.32181141e+01,1.38707198e-04,6.46834546e-05
0.996553,8.19889060e+01,1.37205553e-04,6.36737649e-05
0.997647,8.07946142e+01,1.34497376e-04,6.25694198e-05
0.998741,7.96383651e+01,1.32140159e-04,6.13852507e-05
0.999834,7.85228364e+01,1.29797538e-04,6.01262446e-05
1.000928,7.74505372e+01,1.26840203e-04,5.88030379e-05
1.002022,7.64238024e+01,1.25163112e-04,5.74280907e-05
1.003116,7.54446587e+01,1.22561755e-04,5.60079078e-05
1.004210,7.45149017e+01,1.19165672e-04,5.45654576e-05
1.005304,7.36363365e+01,1.16157028e-04,5.31244241e-05
1.006398,7.28107027e+01,1.13763858e-04,5.17028163e-05
1.007492,7.20391033e+01,1.10858242e-04,5.03173822e-05
1.008586,7.13223279e+01,1.08428659e-04,4.89952042e-05
1.009680,7.06610374e+01,1.05800882e-04,4.77571507e-05
1.010774,7.00556050e+01,1.03612297e-04,4.66252578e-05
1.011867,6.95064505e+01,1.01439532e-04,4.56246035e-05
1.012961,6.90133486e+01,1.00187254e-04,4.47639372e-05
1.014055,6.85757536e+01,9.88729250e-05,4.40471475e-05
1.015149,6.81932367e+01,9.77174919e-05,4.34915217e-05
1.016243,6.78645543e+01,9.77601858e-05,4.30755867e-05
1.017337,6.75883302e+01,9.66739548e-05,4.27964437e-05
1.018431,6.73632637e+01,9.59885976e-05,4.26452426e-05
1.019525,6.71876478e+01,9.62429138e-05,4.25993814e-05
1.020619,6.70596322e+01,9.55357164e-05,4.26356982e-05
1.021713,6.69774685e+01,9.60948922e-05,4.27432799e-05
1.022807,6.69389714e+01,9.58806646e-05,4.28807736e-05
1.023900,6.69419261e+01,9.66068105e-05,4.30327173e-05
1.024994,6.69839457e+01,9.78510017e-05,4.31733673e-05
1.026088,6.70624627e+01,9.63942454e-05,4.32670946e-05
1.027182,6.71752303e+01,9.68855772e-05,4.33257552e-05
1.028276,6.73198170e+01,9.79398767e-05,4.33262539e-05
1.029370,6.74937750e+01,9.69050081e-05,4.32480994e-05
1.030464,6.76948624e+01,9.59440549e-05,4.30951563e-05
1.031558,6.79207875e+01,9.51816698e-05,4.28594010e-05
1.032652,6.81692801e+01,9.44286932e-05,4.25369938e-05
1.033746,6.84381114e+01,9.36999307e-05,4.21234570e-05
1.034840,6.87249215e+01,9.20414443e-05,4.16044243e-05
1.035933,6.90275994e+01,9.08871502e-05,4.09993500e-05
1.037027,6.93441760e+01,9.03123915e-05,4.03143630e-05
1.038121,6.96723801e+01,8.68329101e-05,3.95167132e-05
1.039215,7.00105375e+01,8.52754187e-05,3.86606761e-05
1.040309,7.03568353e+01,8.28937584e-05,3.77243787e-05
1.041403,7.07095072e+01,8.10458095e-05,3.67170879e-05
1.042497,7.10669879e+01,7.84720531e-05,3.56510314e-05
1.043591,7.14277476e+01,7.57793317e-05,3.45237031e-05
1.044685,7.17904157e+01,7.24332573e-05,3.33504683e-05
1.045779,7.21536846e+01,7.02304839e-05,3.21364686e-05
1.046873,7.25161884e+01,6.76156532e-05,3.08791562e-05
1.047966,7.28766577e+01,6.50989242e-05,2.95862377e-05
1.049060,7.32340190e+01,6.18543607e-05,2.82713139e-05
1.050154,7.35873526e+01,5.91125228e-05,2.69434646e-05
1.051248,7.39356559e+01,5.60836253e-05,2.55977185e-05
1.052342,7.42780630e+01,5.32405180e-05,2.42459088e-05
1.053436,7.46137626e+01,4.99996188e-05,2.28900956e-05
1.054530,7.49420733e+01,4.69979525e-05,2.15430130e-05
1.055624,7.52622838e+01,4.42572537e-05,2.02021689e-05
1.056718,7.55737596e+01,4.15770820e-05,1.88756461e-05
1.057812,7.58759323e+01,3.85129456e-05,1.75668109e-05
1.058906,7.61683138e+01,3.55339149e-05,1.62847409e-05
1.060000,7.64504664e+01,3.26538013e-05,1.50334545e-05
1.061093,7.67220110e+01,3.00070747e-05,1.38195995e-05
1.062187,7.69825660e+01,2.77187621e-05,1.26464578e-05
1.063281,7.72317914e+01,2.50392719e-05,1.15207689e-05
1.064375,7.74694076e+01,2.28542054e-05,1.04518793e-05
1.065469,7.76951384e+01,2.05914520e-05,9.44699077e-06
1.066563,7.79087731e+01,1.85626311e-05,8.51940553e-06
1.067657,7.81101307e+01,1.70023704e-05,7.68278494e-06
1.068751,7.82990446e+01,1.51877038e-05,6.95139499e-06
1.069845,7.84754167e+01,1.38624927e-05,6.34616913e-06
1.070939,7.86391550e+01,1.29715700e-05,5.88430940e-06
1.072033,7.87901818e+01,1.21781982e-05,5.57975704e-06
1.073126,7.89284698e+01,1.19193450e-05,5.43828989e-06
1.074220,7.90540051e+01,1.19007630e-05,5.45103074e-06
1.075314,7.91668014e+01,1.22475849e-05,5.59784853e-06
1.076408,7.92668982e+01,1.27799430e-05,5.84996120e-06
1.077502,7.93543698e+01,1.34786771e-05,6.17976820e-06
1.078596,7.94293074e+01,1.43503541e-05,6.56135616e-06
1.079690,7.94918372e+01,1.52572575e-05,6.97486612e-06
1.080784,7.95421206e+01,1.61924429e-05,7.40572785e-06
1.081878,7.95803299e+01,1.71378169e-05,7.84316278e-06
1.082972,7.96066780e+01,1.81421699e-05,8.28036870e-06
1.084066,7.96214138e+01,1.90221740e-05,8.71233257e-06
1.085159,7.96248039e+01,1.99747534e-05,9.13744024e-06
1.086253,7.96171324e+01,2.09347118e-05,9.55409746e-06
1.087347,7.95987113e+01,2.19515152e-05,9.96249238e-06
1.088441,7.95698722e+01,2.28671461e-05,1.03631813e-05
1.089535,7.95309884e+01,2.38316074e-05,1.07586342e-05
1.090629,7.94824560e+01,2.47647576e-05,1.11506067e-05
1.091723,7.94246948e+01,2.55966107e-05,1.15419106e-05
1.092817,7.93581715e+01,2.64758268e-05,1.19357451e-05
1.093911,7.92833753e+01,2.73754421e-05,1.23346223e-05
1.095005,7.92008126e+01,2.83485481e-05,1.27411491e-05
1.096099,7.91109978e+01,2.93342513e-05,1.31574642e-05
1.097192,7.90144616e+01,3.03426750e-05,1.35857517e-05
1.098286,7.89117498e+01,3.13967407e-05,1.40278214e-05
1.099380,7.88034317e+01,3.24785385e-05,1.44856216e-05
1.100474,7.86900783e+01,3.35265531e-05,1.49598877e-05
1.101568,7.85722927e+01,3.46705461e-05,1.54522056e-05
1.102662,7.84506728e+01,3.59364066e-05,1.59626047e-05
1.103756,7.83258073e+01,3.70822863e-05,1.64907965e-05
1.104850,7.81983225e+01,3.84571503e-05,1.70376983e-05
1.105944,7.80687981e+01,3.97651682e-05,1.76016706e-05
1.107038,7.79377998e+01,4.11861231e-05,1.81821195e-05
1.108132,7.78059494e+01,4.24787172e-05,1.87794875e-05
1.109225,7.76738888e+01,4.39410809e-05,1.93934236e-05
1.110319,7.75421769e+01,4.53628800e-05,2.00212855e-05
1.111413,7.74114247e+01,4.69800844e-05,2.06641229e-05
1.112507,7.72821659e+01,4.85197955e-05,2.13183505e-05
1.113601,7.71549451e+01,5.00907585e-05,2.19841073e-05
1.114695,7.70302880e+01,5.19189339e-05,2.26604337e-05
1.115789,7.69086508e+01,5.32803631e-05,2.33436695e-05
1.116883,7.67905852e+01,5.50752637e-05,2.40366475e-05
1.117977,7.66765290e+01,5.70706808e-05,2.47355014e-05
1.119071,7.65668873e+01,5.85113520e-05,2.54375864e-05
1.120165,7.64621466e+01,6.04095179e-05,2.61451433e-05
1.121259,7.63626855e+01,6.21134142e-05,2.68537004e-05
1.122352,7.62688852e+01,6.42392057e-05,2.75638659e-05
1.123446,7.61810108e+01,6.56511127e-05,2.82691658e-05
1.124540,7.60994579e+01,6.75885296e-05,2.89744912e-05
1.125634,7.60245057e+01,6.92827181e-05,2.96744834e-05
1.126728,7.59564153e+01,7.12389646e-05,3.03679521e-05
1.127822,7.58954335e+01,7.30287744e-05,3.10537839e-05
1.128916,7.58417645e+01,7.47788428e-05,3.17289658e-05
1.130010,7.57956073e+01,7.67827164e-05,3.23935700e-05
1.131104,7.57570665e+01,7.84206864e-05,3.30422710e-05
1.132198,7.57262543e+01,8.02137795e-05,3.36753092e-05
1.133292,7.57032992e+01,8.22083449e-05,3.42928949e-05
1.134385,7.56881411e+01,8.38037875e-05,3.48857544e-05
1.135479,7.56809013e+01,8.44591637e-05,3.54602463e-05
1.136573,7.56816601e+01,8.67662271e-05,3.60155711e-05
1.137667,7.56902329e+01,8.90350727e-05,3.65423020e-05
1.138761,7.57064363e+01,9.04348249e-05,3.70373519e-05
1.139855,7.57302411e+01,9.19902890e-05,3.75074158e-05
1.140949,7.57614696e+01,9.28699987e-05,3.79435193e-05
1.142043,7.58002571e+01,9.32868324e-05,3.83591048e-05
1.143137,7.58468754e+01,9.38560012e-05,3.87575969e-05
1.144231,7.59011251e+01,9.63622161e-05,3.91233547e-05
1.145325,7.59625484e+01,9.71195756e-05,3.94456870e-05
1.146418,7.60310525e+01,9.74291865e-05,3.97376402e-05
1.147512,7.61065672e+01,9.90957631e-05,4.00033380e-05
1.148606,7.61887558e+01,9.96594118e-05,4.02277782e-05
1.149700,7.62775548e+01,1.00360990e-04,4.04253644e-05
1.150794,7.63727577e+01,1.00118487e-04,4.05856731e-05
1.151888,7.64744162e+01,1.01379281e-04,4.07271034e-05
1.152982,7.65821299e+01,1.02274765e-04,4.08250121e-05
1.154076,7.66955037e+01,1.02920538e-04,4.08840101e-05
1.155170,7.68142171e+01,1.02767875e-04,4.09056020e-05
1.156264,7.69380394e+01,1.03055364e-04,4.08951244e-05
1.157358,7.70666857e+01,1.02315090e-04,4.08483488e-05
1.158451,7.72001978e+01,1.01977059e-04,4.07831957e-05
1.159545,7.73383616e+01,1.02474521e-04,4.06872203e-05
1.160639,7.74806845e+01,1.02024868e-04,4.05486859e-05
1.161733,7.76267994e+01,1.02390289e-04,4.03780546e-05
1.162827,7.77763973e+01,1.02597580e-04,4.01776981e-05
1.163921,7.79292704e+01,1.01375728e-04,3.99468378e-05
1.165015,7.80851227e+01,1.01483600e-04,3.96862148e-05
1.166109,7.82436219e+01,9.94426120e-05,3.93931518e-05
1.167203,7.84049399e+01,9.89825464e-05,3.90950286e-05
1.168297,7.85688182e+01,9.76480743e-05,3.87655699e-05
1.169391,7.87350737e+01,9.74940101e-05,3.84179328e-05
1.170484,7.89033970e+01,9.62696746e-05,3.80422517e-05
1.171578,7.90735966e+01,9.49249474e-05,3.76455443e-05
1.172672,7.92458206e+01,9.35290062e-05,3.72462278e-05
1.173766,7.94197135e+01,9.27219866e-05,3.68162656e-05
1.174860,7.95948530e+01,9.20282724e-05,3.63628810e-05
1.175954,7.97711567e+01,9.01159444e-05,3.58978947e-05
1.177048,7.99483735e+01,8.93165708e-05,3.54125384e-05
1.178142,8.01260748e+01,8.77996533e-05,3.49026184e-05
1.179236,8.03041878e+01,8.70425409e-05,3.43878058e-05
1.180330,8.04824486e+01,8.40974801e-05,3.38498902e-05
1.181424,8.06610311e+01,8.30317118e-05,3.33203853e-05
1.182518,8.08396702e+01,8.24350334e-05,3.27741593e-05
1.183611,8.10178669e+01,8.08847419e-05,3.22029485e-05
1.184705,8.11953662e+01,7.90360789e-05,3.16205401e-05
1.185799,8.13720185e+01,7.72450056e-05,3.10314064e-05
1.186893,8.15476771e+01,7.53953921e-05,3.04348341e-05
1.187987,8.17221822e+01,7.43176854e-05,2.98334086e-05
1.189081,8.18952928e+01,7.28991854e-05,2.92229867e-05
1.190175,8.20668318e+01,7.06111287e-05,2.86049958e-05
1.191269,8.22366285e+01,6.96030114e-05,2.79841094e-05
1.192363,8.24043363e+01,6.79720068e-05,2.73512328e-05
1.193457,8.25696975e+01,6.64626093e-05,2.67121394e-05
1.194551,8.27326437e+01,6.42034700e-05,2.60744414e-05
1.195644,8.28930511e+01,6.23456118e-05,2.54351077e-05
1.196738,8.30507400e+01,6.11498692e-05,2.47956375e-05
1.197832,8.32054213e+01,5.99503081e-05,2.41503609e-05
1.198926,8.33568421e+01,5.79044913e-05,2.35002453e-05
1.200020,8.35049214e+01,5.60897157e-05,2.28546301e-05
1.201114,8.36494849e+01,5.47077424e-05,2.22094617e-05
1.202208,8.37903292e+01,5.30837873e-05,2.15641354e-05
1.203302,8.39272717e+01,5.11128374e-05,2.09191295e-05
1.204396,8.40601667e+01,4.97867241e-05,2.02784774e-05
1.205490,8.41889184e+01,4.75683872e-05,1.96435359e-05
1.206584,8.43133994e+01,4.67604463e-05,1.90142356e-05
1.207677,8.44332722e+01,4.49138535e-05,1.83805666e-05
1.208771,8.45483046e+01,4.38206198e-05,1.77502790e-05
1.209865,8.46583310e+01,4.15141588e-05,1.71239371e-05
1.210959,8.47633138e+01,4.02277219e-05,1.65091722e-05
1.212053,8.48630075e+01,3.89600468e-05,1.58959032e-05
1.213147,8.49572211e+01,3.72562093e-05,1.52879864e-05
1.214241,8.50458550e+01,3.55362666e-05,1.46891485e-05
1.215335,8.51287871e+01,3.48314031e-05,1.41006372e-05
1.216429,8.52056881e+01,3.31805257e-05,1.35116650e-05
1.217523,8.52764196e+01,3.18057289e-05,1.29338679e-05
1.218617,8.53408161e+01,3.07086432e-05,1.23642798e-05
1.219710,8.53987165e+01,2.91327586e-05,1.18042745e-05
1.220804,8.54499994e+01,2.76838492e-05,1.12554636e-05
1.221898,8.54945041e+01,2.65949100e-05,1.07170026e-05
1.222992,8.55320792e+01,2.52003068e-05,1.01900237e-05
1.224086,8.55625997e+01,2.39943850e-05,9.67613099e-06
1.225180,8.55859395e+01,2.26465355e-05,9.17620500e-06
1.226274,8.56019852e+01,2.13457466e-05,8.69152434e-06
1.227368,8.56106204e+01,2.05719308e-05,8.22395882e-06
1.228462,8.56116837e+01,1.91314532e-05,7.77175984e-06
1.229556,8.56050702e+01,1.84363340e-05,7.34008363e-06
1.230650,8.55906200e+01,1.72840522e-05,6.92655622e-06
1.231743,8.55682436e+01,1.66444226e-05,6.53656109e-06
1.232837,8.55377876e+01,1.55155973e-05,6.16882555e-06
1.233931,8.54991646e+01,1.44665051e-05,5.83004843e-06
1.235025,8.54523293e+01,1.37818547e-05,5.52256409e-06
1.236119,8.53971721e+01,1.30945176e-05,5.24628537e-06
1.237213,8.53336140e+01,1.24881066e-05,5.00590231e-06
1.238307,8.52615482e+01,1.18492065e-05,4.80356941e-06
1.239401,8.51808710e+01,1.13768449e-05,4.64242712e-06
1.240495,8.50914992e+01,1.11729469e-05,4.52442249e-06
1.241589,8.49933507e+01,1.08552056e-05,4.44973847e-06
1.242683,8.48863664e+01,1.06771536e-05,4.41928717e-06
1.243777,8.47704795e+01,1.06768885e-05,4.43122206e-06
1.244870,8.46455929e+01,1.08468097e-05,4.48377068e-06
1.245964,8.45116610e+01,1.10756639e-05,4.57294780e-06
1.247058,8.43686592e+01,1.13472247e-05,4.69475656e-06
1.248152,8.42165547e+01,1.15579710e-05,4.84542274e-06
1.249246,8.40552848e+01,1.21079777e-05,5.02205936e-06
1.250340,8.38848104e+01,1.24998224e-05,5.21992081e-06
1.251434,8.37051050e+01,1.31715928e-05,5.43665359e-06
1.252528,8.35161394e+01,1.37988243e-05,5.66759259e-06
1.253622,8.33178797e+01,1.44910706e-05,5.91136787e-06
1.254716,8.31102939e+01,1.51037493e-05,6.16546374e-06
1.255810,8.28933629e+01,1.57444910e-05,6.42873476e-06
1.256903,8.26670883e+01,1.65731106e-05,6.69969996e-06
1.257997,8.24314822e+01,1.73236794e-05,6.97685634e-06
1.259091,8.21865595e+01,1.80508794e-05,7.25930202e-06
1.260185,8.19323613e+01,1.88556914e-05,7.54664386e-06
1.261279,8.16689441e+01,1.95777432e-05,7.83801223e-06
1.262373,8.13963587e+01,2.02937622e-05,8.13363432e-06
1.263467,8.11146430e+01,2.14081653e-05,8.43247942e-06
1.264561,8.08238209e+01,2.21824794e-05,8.73301661e-06
1.265655,8.05239512e+01,2.30716895e-05,9.03638732e-06
1.266749,8.02151227e+01,2.39984443e-05,9.34193880e-06
1.267843,7.98974279e+01,2.47808449e-05,9.64963512e-06
1.268936,7.95709633e+01,2.57162065e-05,9.95973171e-06
1.270030,7.92358149e+01,2.67193428e-05,1.02713273e-05
1.271124,7.88920962e+01,2.77155310e-05,1.05843498e-05
1.272218,7.85399124e+01,2.84810022e-05,1.08987329e-05
1.273312,7.81793958e+01,2.94864637e-05,1.12150714e-05
1.274406,7.78106708e+01,3.05468589e-05,1.15324199e-05
1.275500,7.74338706e+01,3.13930756e-05,1.18501882e-05
1.276594,7.70491226e+01,3.24021457e-05,1.21695547e-05
1.277688,7.66565903e+01,3.33351798e-05,1.24896659e-05
1.278782,7.62564366e+01,3.43274679e-05,1.28105894e-05
1.279876,7.58488560e+01,3.54316820e-05,1.31321505e-05
1.280969,7.54340235e+01,3.64383064e-05,1.34534379e-05
1.282063,7.50120908e+01,3.74717120e-05,1.37746788e-05
1.283157,7.45831979e+01,3.85563092e-05,1.40953780e-05
1.284251,7.41476005e+01,3.96155327e-05,1.44163729e-05
1.285345,7.37055018e+01,4.06224153e-05,1.47365026e-05
1.286439,7.32571272e+01,4.15948276e-05,1.50562040e-05
1.287533,7.28026894e+01,4.28725523e-05,1.53750970e-05
1.288627,7.23423443e+01,4.40203914e-05,1.56916618e-05
1.289721,7.18762471e+01,4.54975598e-05,1.60054136e-05
1.290815,7.14045613e+01,4.66596457e-05,1.63151189e-05
1.291909,7.09274596e+01,4.80156672e-05,1.66219556e-05
1.293002,7.04450930e+01,4.92618362e-05,1.69244529e-05
1.294096,6.99576824e+01,5.04924479e-05,1.72239877e-05
1.295190,6.94653779e+01,5.19165219e-05,1.75186673e-05
1.296284,6.89683678e+01,5.31184886e-05,1.78078089e-05
1.297378,6.84668405e+01,5.44631297e-05,1.80914259e-05
1.298472,6.79609468e+01,5.57270825e-05,1.83689383e-05
1.299566,6.74509064e+01,5.67944820e-05,1.86406206e-05
1.300660,6.69369170e+01,5.82722652e-05,1.89062702e-05
1.301754,6.64191236e+01,5.95625463e-05,1.91637130e-05
1.302848,6.58977722e+01,6.07358756e-05,1.94142654e-05
1.303942,6.53730556e+01,6.22243927e-05,1.96563702e-05
1.305036,6.48450583e+01,6.37631097e-05,1.98870308e-05
1.306129,6.43139369e+01,6.54284652e-05,2.01076237e-05
1.307223,6.37797205e+01,6.71633465e-05,2.03127065e-05
1.308317,6.32423755e+01,6.86818998e-05,2.05007745e-05
1.309411,6.27019605e+01,7.01781002e-05,2.06742073e-05
1.310505,6.21586465e+01,7.10972427e-05,2.08332790e-05
1.311599,6.16125092e+01,7.31899225e-05,2.09757669e-05
1.312693,6.10634026e+01,7.48954957e-05,2.10948718e-05
1.313787,6.05113386e+01,7.61507015e-05,2.11931503e-05
1.314881,5.99564201e+01,7.76158826e-05,2.12720806e-05
1.315975,5.93986913e+01,7.88535516e-05,2.13285446e-05
1.317069,5.88382674e+01,7.97090318e-05,2.13634015e-05
1.318162,5.82752313e+01,8.15877179e-05,2.13764345e-05
1.319256,5.77094685e+01,8.24627454e-05,2.13581164e-05
1.320350,5.71411980e+01,8.41169710e-05,2.13210601e-05
1.321444,5.65702220e+01,8.52283823e-05,2.12462055e-05
1.322538,5.59967447e+01,8.46804126e-05,2.11472478e-05
1.323632,5.54209150e+01,8.68942657e-05,2.10231448e-05
1.324726,5.48427090e+01,8.76646364e-05,2.08662890e-05
1.325820,5.42621028e+01,8.87812938e-05,2.06735964e-05
1.326914,5.36793794e+01,8.82416935e-05,2.04558259e-05
1.328008,5.30950139e+01,8.71909742e-05,2.02138729e-05
1.329102,5.25096763e+01,8.57544890e-05,1.99570113e-05
1.330195,5.19243115e+01,8.47196399e-05,1.96950337e-05
1.331289,5.13399337e+01,8.36127389e-05,1.94285026e-05
1.332383,5.07571947e+01,8.08250168e-05,1.91386518e-05
1.333477,5.01771628e+01,7.93322309e-05,1.88522173e-05
1.334571,4.96004536e+01,7.93003639e-05,1.85495014e-05
1.335665,4.90277309e+01,7.65974412e-05,1.82306112e-05
1.336759,4.84597365e+01,7.64439023e-05,1.79020894e-05
1.337853,4.78971537e+01,7.32597944e-05,1.75589605e-05
1.338947,4.73410793e+01,7.09683223e-05,1.72182813e-05
1.340041,4.67928676e+01,6.96181441e-05,1.68971110e-05
1.341135,4.62531664e+01,6.62679007e-05,1.65539101e-05
1.342228,4.57230599e+01,6.57294404e-05,1.62291118e-05
1.343322,4.52030975e+01,6.19181988e-05,1.58834217e-05
1.344416,4.46944598e+01,5.95301273e-05,1.55585449e-05
1.345510,4.41980003e+01,5.70686624e-05,1.52361600e-05
1.346604,4.37143755e+01,5.52484963e-05,1.49137795e-05
1.347698,4.32438484e+01,5.39560201e-05,1.45759883e-05
1.348792,4.27868042e+01,5.23555424e-05,1.42332381e-05
1.349886,4.23437892e+01,4.99471971e-05,1.38883166e-05
1.350980,4.19152542e+01,4.75424045e-05,1.35381939e-05
1.352074,4.15013592e+01,4.52571483e-05,1.31727724e-05
1.353168,4.11023736e+01,4.40098309e-05,1.28057118e-05
1.354261,4.07183361e+01,4.21441172e-05,1.24188300e-05
1.355355,4.03492621e+01,3.93748643e-05,1.20121303e-05
1.356449,3.99952289e+01,3.83027206e-05,1.15971275e-05
1.357543,3.96559892e+01,3.60725110e-05,1.11515686e-05
1.358637,3.93313715e+01,3.50319462e-05,1.06866216e-05
1.359731,3.90210806e+01,3.22767511e-05,1.01907335e-05
1.360825,3.87249085e+01,3.07724713e-05,9.67467172e-06
1.361919,3.84425049e+01,2.89641939e-05,9.13229289e-06
1.363013,3.81734764e+01,2.64708476e-05,8.55983685e-06
1.364107,3.79173183e+01,2.52752548e-05,7.95947287e-06
1.365201,3.76735155e+01,2.28299107e-05,7.33197204e-06
1.366295,3.74415062e+01,2.12934315e-05,6.67834463e-06
1.367388,3.72207235e+01,1.87029174e-05,6.00550565e-06
1.368482,3.70106130e+01,1.70661849e-05,5.32140650e-06
1.369576,3.68105361e+01,1.50480277e-05,4.63397530e-06
1.370670,3.66199131e+01,1.27649918e-05,3.96135463e-06
1.371764,3.64381825e+01,1.06424706e-05,3.33303187e-06
1.372858,3.62647477e+01,9.18486423e-06,2.79301291e-06
1.373952,3.60989156e+01,7.00924182e-06,2.41085933e-06
1.375046,3.59401434e+01,5.72930590e-06,2.27747502e-06
1.376140,3.57877277e+01,5.03038121e-06,2.42787816e-06
1.377234,3.56409835e+01,5.04666417e-06,2.80461058e-06
1.378328,3.54992305e+01,5.86162940e-06,3.31293912e-06
1.379421,3.53617647e+01,7.10827293e-06,3.88052375e-06
1.380515,3.52278840e+01,8.40874472e-06,4.45977417e-06
1.381609,3.50968935e+01,9.88587309e-06,5.02113061e-06
1.382703,3.49681090e+01,1.12127791e-05,5.54557980e-06
1.383797,3.48408312e+01,1.25320746e-05,6.02245833e-06
1.384891,3.47143664e+01,1.35751520e-05,6.44535599e-06
1.385985,3.45880132e+01,1.46163595e-05,6.81396280e-06
1.387079,3.44611066e+01,1.54274798e-05,7.12996829e-06
1.388173,3.43330067e+01,1.61614172e-05,7.40061586e-06
1.389267,3.42031137e+01,1.68106507e-05,7.63594349e-06
1.390361,3.40708857e+01,1.74345177e-05,7.84819224e-06
1.391454,3.39358657e+01,1.79602691e-05,8.05079209e-06
1.392548,3.37976763e+01,1.86122952e-05,8.25945427e-06
1.393642,3.36560384e+01,1.92243843e-05,8.48900809e-06
1.394736,3.35107669e+01,1.99034010e-05,8.75436598e-06
1.395830,3.33617834e+01,2.06923161e-05,9.06948977e-06
1.396924,3.32091163e+01,2.16370745e-05,9.44719869e-06
1.398018,3.30529044e+01,2.27391881e-05,9.89930640e-06
1.399112,3.28933731e+01,2.41496784e-05,1.04366054e-05
1.400206,3.27308357e+01,2.56583165e-05,1.10686153e-05
1.401300,3.25657159e+01,2.74506220e-05,1.18046993e-05
1.402394,3.23985206e+01,2.94134211e-05,1.26519322e-05
1.403487,3.22298320e+01,3.17761576e-05,1.36157400e-05
1.404581,3.20602700e+01,3.43587543e-05,1.46982473e-05
1.405675,3.18905316e+01,3.72257717e-05,1.59006237e-05
1.406769,3.17213730e+01,4.03559554e-05,1.72214377e-05
1.407863,3.15535612e+01,4.39051389e-05,1.86563715e-05
1.408957,3.13878741e+01,4.75345496e-05,2.01996499e-05
1.410051,3.12251923e+01,5.14273730e-05,2.18483387e-05
1.411145,3.10663265e+01,5.58081516e-05,2.35920547e-05
1.412239,3.09120699e+01,6.03018065e-05,2.54227495e-05
1.413333,3.07633104e+01,6.48058003e-05,2.73352870e-05
1.414427,3.06208276e+01,7.00065332e-05,2.93163770e-05
1.415520,3.04853083e+01,7.53588867e-05,3.13530013e-05
1.416614,3.03573344e+01,8.05446225e-05,3.34265136e-05
1.417708,3.02375364e+01,8.61976922e-05,3.55321644e-05
1.418802,3.01264938e+01,9.12862019e-05,3.76507752e-05
1.419896,3.00247102e+01,9.70419753e-05,3.97672403e-05
1.420990,2.99325648e+01,1.02794265e-04,4.18616752e-05
1.422084,2.98505072e+01,1.08383824e-04,4.39234206e-05
1.423178,2.97786852e+01,1.14085542e-04,4.59137657e-05
1.424272,2.97171652e+01,1.18662513e-04,4.78135599e-05
1.425366,2.96659192e+01,1.24344715e-04,4.96032224e-05
1.426460,2.96245845e+01,1.29786418e-04,5.12424448e-05
1.427554,2.95931571e+01,1.34287204e-04,5.27433995e-05
1.428647,2.95712045e+01,1.37819308e-04,5.40409501e-05
1.429741,2.95585125e+01,1.41033269e-04,5.51587420e-05
1.430835,2.95546165e+01,1.43736653e-04,5.60505523e-05
1.431929,2.95591681e+01,1.46093775e-04,5.67269495e-05
1.433023,2.95717477e+01,1.48298358e-04,5.71670288e-05
1.434117,2.95918992e+01,1.48778375e-04,5.73581819e-05
1.435211,2.96190731e+01,1.48982774e-04,5.72887099e-05
1.436305,2.96528502e+01,1.48013024e-04,5.69742432e-05
1.437399,2.96928781e+01,1.46083912e-04,5.64134921e-05
1.438493,2.97386892e+01,1.43366137e-04,5.56022158e-05
1.439587,2.97900655e+01,1.41425078e-04,5.45816985e-05
1.440680,2.98464646e+01,1.37529241e-04,5.33125804e-05
1.441774,2.99079234e+01,1.29865113e-04,5.18557240e-05
1.442868,2.99746469e+01,1.27215875e-04,5.02567698e-05
1.443962,3.00458272e+01,1.22298512e-04,4.84310540e-05
1.445056,3.01208955e+01,1.16972490e-04,4.64252314e-05
1.446150,3.01995974e+01,1.10780532e-04,4.42818493e-05
1.447244,3.02813250e+01,1.04554951e-04,4.19813622e-05
1.448338,3.03656378e+01,9.81448698e-05,3.95740162e-05
1.449432,3.04520813e+01,9.20146046e-05,3.70699357e-05
1.450526,3.05400835e+01,8.55908159e-05,3.44829415e-05
1.451620,3.06290721e+01,7.91816696e-05,3.18359940e-05
1.452713,3.07185523e+01,7.22515248e-05,2.91559912e-05
1.453807,3.08080162e+01,6.51969421e-05,2.64618518e-05
1.454901,3.08969486e+01,5.84595642e-05,2.37791358e-05
1.455995,3.09848697e+01,5.24088606e-05,2.11340412e-05
1.457089,3.10713144e+01,4.52956538e-05,1.85437789e-05
1.458183,3.11558595e+01,3.95586968e-05,1.60369643e-05
1.459277,3.12380367e+01,3.39123570e-05,1.36328914e-05
1.460371,3.13173506e+01,2.86722712e-05,1.13481269e-05
1.461465,3.13933050e+01,2.34532755e-05,9.20309610e-06
1.462559,3.14654506e+01,1.87158215e-05,7.21768108e-06
1.463653,3.15333177e+01,1.43181586e-05,5.40475088e-06
1.464746,3.15964862e+01,1.05764704e-05,3.78010119e-06
1.465840,3.16544392e+01,7.21671048e-06,2.35286998e-06
1.466934,3.17066733e+01,4.18910688e-06,1.18574041e-06
1.468028,3.17527360e+01,1.97445391e-06,7.42709809e-07
1.469122,3.17921751e+01,2.21916261e-06,1.36843094e-06
1.470216,3.18245270e+01,3.81557854e-06,2.13105856e-06
1.471310,3.18493555e+01,5.48634433e-06,2.82339760e-06
1.472404,3.18662635e+01,6.96315777e-06,3.43259321e-06
1.473498,3.18748922e+01,8.19323770e-06,3.97008759e-06
1.474592,3.18749370e+01,9.42138109e-06,4.45226203e-06
1.475686,3.18661603e+01,1.04806592e-05,4.89573847e-06
1.476779,3.18483921e+01,1.15288404e-05,5.31737151e-06
1.477873,3.18215446e+01,1.25696355e-05,5.73166935e-06
1.478967,3.17856031e+01,1.35645830e-05,6.15194621e-06
1.480061,3.17406233e+01,1.46837237e-05,6.58963481e-06
1.481155,3.16867469e+01,1.57791240e-05,7.05382268e-06
1.482249,3.16241845e+01,1.69586351e-05,7.55254390e-06
1.483343,3.15532072e+01,1.82581398e-05,8.09191980e-06
1.484437,3.14741536e+01,1.96404247e-05,8.67638763e-06
1.485531,3.13874168e+01,2.11422767e-05,9.30896616e-06
1.486625,3.12934347e+01,2.27338555e-05,9.99061909e-06
1.487719,3.11926920e+01,2.44070181e-05,1.07206352e-05
1.488813,3.10857242e+01,2.62420380e-05,1.14966332e-05
1.489906,3.09730904e+01,2.81765833e-05,1.23142077e-05
1.491000,3.08553694e+01,3.01674104e-05,1.31675041e-05
1.492094,3.07331569e+01,3.23173685e-05,1.40501636e-05
1.493188,3.06070696e+01,3.44160150e-05,1.49552775e-05
1.494282,3.04777738e+01,3.65583421e-05,1.58772135e-05
1.495376,3.03459068e+01,3.88270392e-05,1.68082500e-05
1.496470,3.02120973e+01,4.11425922e-05,1.77419727e-05
1.497564,3.00770054e+01,4.33057043e-05,1.86732830e-05
1.498658,2.99413165e+01,4.56052150e-05,1.95982550e-05
1.499752,2.98056684e+01,4.77706257e-05,2.05099515e-05
1.500846,2.96707198e+01,5.01873935e-05,2.14064552e-05
1.501939,2.95370459e+01,5.21761239e-05,2.22789005e-05
1.503033,2.94052670e+01,5.45556963e-05,2.31285075e-05
1.504127,2.92759061e+01,5.65299411e-05,2.39463055e-05
1.505221,2.91495226e+01,5.85607165e-05,2.47327270e-05
1.506315,2.90266287e+01,6.06236979e-05,2.54834429e-05
1.507409,2.89076809e+01,6.24321364e-05,2.61933917e-05
1.508503,2.87931685e+01,6.44093954e-05,2.68642344e-05
1.509597,2.86835172e+01,6.63572385e-05,2.74908881e-05
1.510691,2.85789915e+01,6.78118689e-05,2.80620672e-05
1.511785,2.84799463e+01,6.95345523e-05,2.85866220e-05
1.512879,2.83866563e+01,7.05233961e-05,2.90550427e-05
1.513972,2.82994936e+01,7.16505473e-05,2.94757368e-05
1.515066,2.82186885e+01,7.38387511e-05,2.98434325e-05
1.516160,2.81441590e+01,7.48132522e-05,3.01352903e-05
1.517254,2.80759776e+01,7.60623820e-05,3.03663332e-05
1.518348,2.80140708e+01,7.68509889e-05,3.05255937e-05
1.519442,2.79585341e+01,7.72257909e-05,3.06263768e-05
1.520536,2.79093557e+01,7.68096466e-05,3.06576781e-05
1.521630,2.78666317e+01,7.79047209e-05,3.06395864e-05
1.522724,2.78302271e+01,7.80545256e-05,3.05517988e-05
1.523818,2.78000197e+01,7.78807458e-05,3.03981169e-05
1.524912,2.77759079e+01,7.70337208e-05,3.01828009e-05
1.526005,2.77578677e+01,7.69224612e-05,2.99169554e-05
1.527099,2.77457198e+01,7.56074080e-05,2.95879624e-05
1.528193,2.77393568e+01,7.52655040e-05,2.92098283e-05
1.529287,2.77387901e+01,7.34624921e-05,2.87893789e-05
1.530381,2.77440667e+01,7.16409539e-05,2.83278875e-05
1.531475,2.77549282e+01,7.18108148e-05,2.78204886e-05
1.532569,2.77711851e+01,6.90694278e-05,2.72677267e-05
1.533663,2.77929089e+01,6.82200767e-05,2.66916836e-05
1.534757,2.78198195e+01,6.68816511e-05,2.60738735e-05
1.535851,2.78517146e+01,6.44260021e-05,2.54200666e-05
1.536945,2.78883710e+01,6.35310225e-05,2.47384666e-05
1.538038,2.79295984e+01,6.04524768e-05,2.40292746e-05
1.539132,2.79753611e+01,5.87130321e-05,2.33065126e-05
1.540226,2.80254395e+01,5.66924000e-05,2.25637935e-05
1.541320,2.80795986e+01,5.47912664e-05,2.18023606e-05
1.542414,2.81376509e+01,5.25552279e-05,2.10287547e-05
1.543508,2.81995173e+01,5.03586311e-05,2.02514742e-05
1.544602,2.82649412e+01,4.85906648e-05,1.94623999e-05
1.545696,2.83336946e+01,4.61305988e-05,1.86673102e-05
1.546790,2.84055761e+01,4.44860489e-05,1.78704265e-05
1.547884,2.84802679e+01,4.18199631e-05,1.70654665e-05
1.548978,2.85576974e+01,4.01410396e-05,1.62732837e-05
1.550072,2.86375301e+01,3.82747364e-05,1.54761336e-05
1.551165,2.87194132e+01,3.64618079e-05,1.46790527e-05
1.552259,2.88031694e+01,3.47883448e-05,1.38942208e-05
1.553353,2.88884787e+01,3.24286188e-05,1.31097469e-05
1.554447,2.89752060e+01,3.05951931e-05,1.23434399e-05
1.555541,2.90631448e+01,2.84303066e-05,1.15883695e-05
1.556635,2.91521123e+01,2.65434567e-05,1.08495042e-05
1.557729,2.92418842e+01,2.53350294e-05,1.01271334e-05
1.558823,2.93321839e+01,2.33426342e-05,9.41738216e-06
1.559917,2.94228831e+01,2.15393054e-05,8.73003226e-06
1.561011,2.95138405e+01,1.98477075e-05,8.06478175e-06
1.562105,2.96048276e+01,1.83996387e-05,7.41874771e-06
1.563198,2.96956349e+01,1.70279184e-05,6.79516001e-06
1.564292,2.97860800e+01,1.54327844e-05,6.19511111e-06
1.565386,2.98759735e+01,1.42248726e-05,5.62008768e-06
1.566480,2.99651231e+01,1.26173729e-05,5.07092625e-06
1.567574,3.00533667e+01,1.15356504e-05,4.55134499e-06
1.568668,3.01405119e+01,1.04066104e-05,4.06213745e-06
1.569762,3.02263847e+01,9.46181834e-06,3.60693895e-06
1.570856,3.03108086e+01,8.45327718e-06,3.18939526e-06
1.571950,3.03936166e+01,7.38941090e-06,2.81501232e-06
1.573044,3.04746664e+01,6.58376926e-06,2.49226853e-06
1.574138,3.05537963e+01,5.80661886e-06,2.22900432e-06
1.575231,3.06308652e+01,5.33033879e-06,2.03593178e-06
1.576325,3.07057247e+01,4.87315487e-06,1.92058092e-06
1.577419,3.07782357e+01,4.59853555e-06,1.88486935e-06
1.578513,3.08482653e+01,4.58456123e-06,1.92252799e-06
1.579607,3.09156734e+01,4.69922231e-06,2.02009971e-06
1.580701,3.09803188e+01,4.91442010e-06,2.16207202e-06
1.581795,3.10420701e+01,5.25665999e-06,2.33429917e-06
1.582889,3.11008028e+01,5.69583435e-06,2.52577541e-06
1.583983,3.11564083e+01,6.19902975e-06,2.72812118e-06
1.585077,3.12087763e+01,6.68524022e-06,2.93620760e-06
1.586171,3.12577910e+01,7.10837038e-06,3.14686563e-06
1.587264,3.13033424e+01,7.66440824e-06,3.35811658e-06
1.588358,3.13453397e+01,8.21809402e-06,3.56800753e-06
1.589452,3.13836891e+01,8.72987331e-06,3.77622438e-06
1.590546,3.14183038e+01,9.20099901e-06,3.98216918e-06
1.591640,3.14491012e+01,9.77833801e-06,4.18601993e-06
1.592734,3.14760141e+01,1.03234962e-05,4.38729224e-06
1.593828,3.14989856e+01,1.08295834e-05,4.58628850e-06
1.594922,3.15179591e+01,1.13197904e-05,4.78327026e-06
1.596016,3.15328858e+01,1.18392119e-05,4.97846667e-06
1.597110,3.15437307e+01,1.23525829e-05,5.17164705e-06
1.598204,3.15504665e+01,1.28340765e-05,5.36302355e-06
1.599298,3.15530740e+01,1.33306167e-05,5.55283946e-06
1.600391,3.15515409e+01,1.38398426e-05,5.74104606e-06
1.601485,3.15458527e+01,1.43650109e-05,5.92757515e-06
1.602579,3.15359999e+01,1.48769487e-05,6.11213800e-06
1.603673,3.15219852e+01,1.53809145e-05,6.29481112e-06
1.604767,3.15038138e+01,1.58624452e-05,6.47564420e-06
1.605861,3.14814991e+01,1.63965585e-05,6.65426662e-06
1.606955,3.14550655e+01,1.68528366e-05,6.83075128e-06
1.608049,3.14245347e+01,1.73596952e-05,7.00511020e-06
1.609143,3.13899526e+01,1.78197242e-05,7.17703933e-06
1.610237,3.13513721e+01,1.82957207e-05,7.34662293e-06
1.611331,3.13088375e+01,1.88028613e-05,7.51353676e-06
1.612424,3.12623892e+01,1.92911737e-05,7.67738252e-06
1.613518,3.12120809e+01,1.97567961e-05,7.83816652e-06
1.614612,3.11579701e+01,2.02782355e-05,7.99577976e-06
1.615706,3.11000954e+01,2.08010202e-05,8.14950188e-06
1.616800,3.10385062e+01,2.12664628e-05,8.29936834e-06
1.617894,3.09732663e+01,2.17186927e-05,8.44551613e-06
1.618988,3.09044394e+01,2.22035939e-05,8.58763005e-06
1.620082,3.08320881e+01,2.26657279e-05,8.72563439e-06
1.621176,3.07562697e+01,2.31652345e-05,8.85910469e-06
1.622270,3.06770462e+01,2.36005848e-05,8.98792696e-06
1.623364,3.05944934e+01,2.40042471e-05,9.11214883e-06
1.624457,3.05086828e+01,2.44806656e-05,9.23175985e-06
1.625551,3.04196951e+01,2.49039138e-05,9.34635495e-06
1.626645,3.03276035e+01,2.53357336e-05,9.45597981e-06
1.627739,3.02324787e+01,2.58276168e-05,9.56048505e-06
1.628833,3.01343813e+01,2.63622756e-05,9.65901206e-06
1.629927,3.00333319e+01,2.67312132e-05,9.75067318e-06
1.631021,2.99293883e+01,2.72246964e-05,9.83658192e-06
1.632115,2.98225895e+01,2.77204874e-05,9.91600165e-06
1.633209,2.97129188e+01,2.85002528e-05,9.98694428e-06
1.634303,2.96003592e+01,2.89491277e-05,1.00493981e-05
1.635397,2.94849623e+01,2.92657101e-05,1.01048805e-05
1.636490,2.93667774e+01,2.96430356e-05,1.01536451e-05
1.637584,2.92458729e+01,2.98904257e-05,1.01957736e-05
1.638678,2.91223420e+01,3.02596862e-05,1.02318582e-05
1.639772,2.89962235e+01,3.05141222e-05,1.02602412e-05
1.640866,2.88675635e+01,3.10087030e-05,1.02816894e-05
1.641960,2.87363470e+01,3.14746705e-05,1.02942191e-05
1.643054,2.86025931e+01,3.17051718e-05,1.02981674e-05
1.644148,2.84663417e+01,3.20570445e-05,1.02945706e-05
1.645242,2.83275652e+01,3.26017935e-05,1.02815748e-05
1.646336,2.81862123e+01,3.30058579e-05,1.02583360e-05
1.647430,2.80422664e+01,3.33361488e-05,1.02256923e-05
1.648523,2.78957365e+01,3.40522252e-05,1.01851695e-05
1.649617,2.77464413e+01,3.43108668e-05,1.01289378e-05
1.650711,2.75944270e+01,3.44722936e-05,1.00662019e-05
1.651805,2.74396709e+01,3.50049400e-05,9.99327231e-06
1.652899,2.72821094e+01,3.53650577e-05,9.90977103e-06
1.653993,2.71216154e+01,3.57706503e-05,9.81334183e-06
1.655087,2.69581708e+01,3.57035044e-05,9.70774494e-06
1.656181,2.67918072e+01,3.58141774e-05,9.59404970e-06
1.657275,2.66224785e+01,3.62872360e-05,9.47077883e-06
1.658369,2.64500531e+01,3.67147295e-05,9.33509961e-06
1.659463,2.62744157e+01,3.67223731e-05,9.18736333e-06
1.660557,2.60955908e+01,3.65227243e-05,9.03199922e-06
1.661650,2.59135717e+01,3.67768514e-05,8.86875218e-06
1.662744,2.57283231e+01,3.63951895e-05,8.69640781e-06
1.663838,2.55399736e+01,3.59359523e-05,8.51975824e-06
1.664932,2.53485979e+01,3.61347755e-05,8.33821444e-06
1.666026,2.51542157e+01,3.59416194e-05,8.15015551e-06
1.667120,2.49568597e+01,3.55153522e-05,7.95533839e-06
1.668214,2.47566158e+01,3.51548968e-05,7.75698037e-06
1.669308,2.45535804e+01,3.44000681e-05,7.55468213e-06
1.670402,2.43479085e+01,3.40938148e-05,7.35141042e-06
1.671496,2.41396837e+01,3.43223479e-05,7.14616020e-06
1.672590,2.39288870e+01,3.26599440e-05,6.93344672e-06
1.673683,2.37158702e+01,3.24865686e-05,6.72770485e-06
1.674777,2.35006777e+01,3.22441982e-05,6.51903962e-06
1.675871,2.32833687e+01,3.18621387e-05,6.30957087e-06
1.676965,2.30641156e+01,3.04181775e-05,6.10126513e-06
1.678059,2.28434249e+01,2.96512240e-05,5.90347482e-06
1.679153,2.26214818e+01,2.84049120e-05,5.70667033e-06
1.680247,2.23985368e+01,2.76632086e-05,5.51570769e-06
1.681341,2.21749323e+01,2.69813853e-05,5.33188854e-06
1.682435,2.19508255e+01,2.58738389e-05,5.15066511e-06
1.683529,2.17266010e+01,2.50837712e-05,4.97844590e-06
1.684623,2.15024660e+01,2.38141095e-05,4.81034615e-06
1.685716,2.12787570e+01,2.26124420e-05,4.65019027e-06
1.686810,2.10559472e+01,2.10297329e-05,4.49868454e-06
1.687904,2.08345081e+01,2.04383137e-05,4.35566371e-06
1.688998,2.06146283e+01,1.90945565e-05,4.21717035e-06
1.690092,2.03966996e+01,1.82423818e-05,4.08586236e-06
1.691186,2.01809118e+01,1.73549596e-05,3.95964025e-06
1.692280,1.99674562e+01,1.64451535e-05,3.83897229e-06
1.693374,1.97566493e+01,1.58825849e-05,3.72409740e-06
1.694468,1.95486522e+01,1.49428470e-05,3.61411342e-06
1.695562,1.93437268e+01,1.39181455e-05,3.50919888e-06
1.696656,1.91421197e+01,1.31242336e-05,3.40912189e-06
1.697749,1.89440388e+01,1.20817608e-05,3.31376375e-06
1.698843,1.87496663e+01,1.16106699e-05,3.22275421e-06
1.699937,1.85591181e+01,1.12322790e-05,3.13589062e-06
1.701031,1.83724283e+01,1.03472047e-05,3.05470156e-06
1.702125,1.81897501e+01,1.00616167e-05,2.97736058e-06
1.703219,1.80111704e+01,9.06956822e-06,2.90533277e-06
1.704313,1.78369134e+01,8.49880051e-06,2.83608546e-06
1.705407,1.76670487e+01,8.19031952e-06,2.77117214e-06
1.706501,1.75015628e+01,7.78619853e-06,2.71199734e-06
1.707595,1.73404655e+01,7.36370706e-06,2.65812564e-06
1.708689,1.71838000e+01,6.99829383e-06,2.60888665e-06
1.709782,1.70315781e+01,6.55747748e-06,2.56521349e-06
1.710876,1.68838345e+01,6.14362098e-06,2.52628162e-06
1.711970,1.67406047e+01,5.86805904e-06,2.49131152e-06
1.713064,1.66018612e+01,5.61073289e-06,2.46183623e-06
1.714158,1.64675626e+01,5.34633654e-06,2.43828878e-06
1.715252,1.63377174e+01,5.13381194e-06,2.41867184e-06
1.716346,1.62122913e+01,4.96971474e-06,2.40366058e-06
1.717440,1.60912115e+01,4.84374495e-06,2.39418074e-06
1.718534,1.59744176e+01,4.77460214e-06,2.38966173e-06
1.719628,1.58618551e+01,4.72487401e-06,2.38902824e-06
1.720722,1.57534239e+01,4.68098774e-06,2.39325807e-06
1.721816,1.56490183e+01,4.66761407e-06,2.40190324e-06
1.722909,1.55485429e+01,4.68546280e-06,2.41461529e-06
1.724003,1.54519016e+01,4.75339473e-06,2.43074085e-06
1.725097,1.53589978e+01,4.79680482e-06,2.44968035e-06
1.726191,1.52697015e+01,4.82544110e-06,2.47212317e-06
1.727285,1.51839019e+01,5.03786628e-06,2.49695728e-06
1.728379,1.51014996e+01,5.16177256e-06,2.52322183e-06
1.729473,1.50223686e+01,5.25866688e-06,2.55098880e-06
1.730567,1.49463752e+01,5.36479099e-06,2.58021727e-06
1.731661,1.48733848e+01,5.52239466e-06,2.61065077e-06
1.732755,1.48032763e+01,5.67730230e-06,2.64115971e-06
1.733849,1.47359053e+01,5.83399878e-06,2.67253571e-06
1.734942,1.46711335e+01,5.97766089e-06,2.70369482e-06
1.736036,1.46088243e+01,6.10129031e-06,2.73462047e-06
1.737130,1.45488337e+01,6.21030728e-06,2.76544527e-06
1.738224,1.44910075e+01,6.32965186e-06,2.79638302e-06
1.739318,1.44352080e+01,6.50851076e-06,2.82671736e-06
1.740412,1.43812955e+01,6.63058488e-06,2.85672297e-06
1.741506,1.43291268e+01,6.76155584e-06,2.88650793e-06
1.742600,1.42785607e+01,6.91230056e-06,2.91629799e-06
1.743694,1.42294589e+01,7.04788904e-06,2.94634701e-06
1.744788,1.41816875e+01,7.16984537e-06,2.97689770e-06
1.745882,1.41351130e+01,7.26656028e-06,3.00846351e-06
1.746975,1.40896034e+01,7.45410675e-06,3.04145780e-06
1.748069,1.40450312e+01,7.60201360e-06,3.07619520e-06
1.749163,1.40012738e+01,7.76915072e-06,3.11332873e-06
1.750257,1.39582185e+01,7.91504568e-06,3.15311289e-06
1.751351,1.39157513e+01,8.07440900e-06,3.19631905e-06
1.752445,1.38737677e+01,8.24266776e-06,3.24320011e-06
1.753539,1.38321753e+01,8.43802112e-06,3.29420081e-06
1.754633,1.37908843e+01,8.62974276e-06,3.34955658e-06
1.755727,1.37498032e+01,8.83625184e-06,3.40956279e-06
1.756821,1.37088541e+01,9.08259056e-06,3.47436809e-06
1.757915,1.36679670e+01,9.31275126e-06,3.54381401e-06
1.759008,1.36270701e+01,9.55923995e-06,3.61806303e-06
1.760102,1.35861063e+01,9.80595234e-06,3.69706992e-06
1.761196,1.35450221e+01,1.00736715e-05,3.78068085e-06
1.762290,1.35037731e+01,1.03556720e-05,3.86859388e-06
1.763384,1.34623171e+01,1.06538300e-05,3.96055413e-06
1.764478,1.34206176e+01,1.09611399e-05,4.05618199e-06
1.765572,1.33786454e+01,1.12700014e-05,4.15515449e-06
1.766666,1.33363710e+01,1.16022158e-05,4.25709248e-06
1.767760,1.32937728e+01,1.19265770e-05,4.36162400e-06
1.768854,1.32508312e+01,1.22772460e-05,4.46832002e-06
1.769948,1.32075167e+01,1.26962525e-05,4.57651525e-06
1.771041,1.31638039e+01,1.30453127e-05,4.68575214e-06
1.772135,1.31196887e+01,1.34044775e-05,4.79597089e-06
1.773229,1.30751633e+01,1.37809953e-05,4.90674013e-06
1.774323,1.30302230e+01,1.41483678e-05,5.01759154e-06
1.775417,1.29848635e+01,1.45585416e-05,5.12813663e-06
1.776511,1.29390731e+01,1.49659253e-05,5.23774299e-06
1.777605,1.28928483e+01,1.53509818e-05,5.34619930e-06
1.778699,1.28461953e+01,1.57365627e-05,5.45324772e-06
1.779793,1.27991138e+01,1.61624778e-05,5.55843465e-06
1.780887,1.27515975e+01,1.65595981e-05,5.66122079e-06
1.781981,1.27036452e+01,1.70035260e-05,5.76132576e-06
1.783075,1.26552403e+01,1.74598676e-05,5.85806396e-06
1.784168,1.26063637e+01,1.78882463e-05,5.95085274e-06
1.785262,1.25569911e+01,1.83853739e-05,6.03927394e-06
1.786356,1.25071292e+01,1.87634397e-05,6.12376528e-06
1.787450,1.24567572e+01,1.91803449e-05,6.20286343e-06
1.788544,1.24058631e+01,1.95773691e-05,6.27699491e-06
1.789638,1.23544310e+01,1.99813511e-05,6.34543132e-06
1.790732,1.23024512e+01,2.03008398e-05,6.40798942e-06
1.791826,1.22499324e+01,2.07376465e-05,6.46496784e-06
1.792920,1.21968447e+01,2.10186182e-05,6.51465386e-06
1.794014,1.21431887e+01,2.14626234e-05,6.55802851e-06
1.795108,1.20889229e+01,2.18644787e-05,6.59332116e-06
1.796201,1.20340135e+01,2.22362430e-05,6.62057146e-06
1.797295,1.19784539e+01,2.25915613e-05,6.64011360e-06
1.798389,1.19222132e+01,2.28236783e-05,6.65041709e-06
1.799483,1.18652814e+01,2.31482836e-05,6.65254344e-06
1.800577,1.18076416e+01,2.34638506e-05,6.64578742e-06
1.801671,1.17492315e+01,2.37972940e-05,6.62826341e-06
1.802765,1.16899961e+01,2.41541562e-05,6.60030381e-06
1.803859,1.16299120e+01,2.45446682e-05,6.56273320e-06
1.804953,1.15688769e+01,2.49172238e-05,6.51204373e-06
1.806047,1.15068231e+01,2.51412512e-05,6.44973689e-06
1.807141,1.14437161e+01,2.52967588e-05,6.37611817e-06
1.808234,1.13795350e+01,2.52313968e-05,6.29120780e-06
1.809328,1.13143039e+01,2.54168369e-05,6.19724401e-06
1.810422,1.12480281e+01,2.50517074e-05,6.09200530e-06
1.811516,1.11808007e+01,2.50120199e-05,5.97960691e-06
1.812610,1.11127603e+01,2.47500713e-05,5.86117849e-06
1.813704,1.10439564e+01,2.44569221e-05,5.73235988e-06
1.814798,1.09745052e+01,2.39968811e-05,5.59734650e-06
1.815892,1.09045041e+01,2.39643197e-05,5.45521355e-06
1.816986,1.08340382e+01,2.34435363e-05,5.30524026e-06
1.818080,1.07633255e+01,2.29630693e-05,5.15249896e-06
1.819174,1.06924942e+01,2.24558158e-05,4.99317369e-06
1.820267,1.06217884e+01,2.15037040e-05,4.83260882e-06
1.821361,1.05515079e+01,2.07665365e-05,4.67253056e-06
1.822455,1.04818396e+01,2.03947826e-05,4.51021403e-06
1.823549,1.04129718e+01,1.94948290e-05,4.34573019e-06
1.824643,1.03451986e+01,1.87030878e-05,4.18381491e-06
1.825737,1.02787098e+01,1.79967507e-05,4.02080331e-06
1.826831,1.02136774e+01,1.71056205e-05,3.85740782e-06
1.827925,1.01504048e+01,1.63393061e-05,3.70048789e-06
1.829019,1.00890927e+01,1.51522064e-05,3.54389697e-06
1.830113,1.00299711e+01,1.47831250e-05,3.39412713e-06
1.831207,9.97315130e+00,1.40706872e-05,3.24489149e-06
1.832300,9.91877969e+00,1.31957611e-05,3.09880436e-06
1.833394,9.86704373e+00,1.24309393e-05,2.95956137e-06
1.834488,9.81802297e+00,1.17838606e-05,2.82242387e-06
1.835582,9.77177613e+00,1.10818980e-05,2.68848975e-06
1.836676,9.72841221e+00,1.02775918e-05,2.56060438e-06
1.837770,9.68800059e+00,9.65234790e-06,2.43721236e-06
1.838864,9.65055526e+00,9.14368480e-06,2.31703558e-06
1.839958,9.61605662e+00,8.71526052e-06,2.19864858e-06
1.841052,9.58442938e+00,8.22206884e-06,2.07872067e-06
1.842146,9.55560074e+00,7.58599336e-06,1.95786580e-06
1.843240,9.52949538e+00,7.33932122e-06,1.83689496e-06
1.844334,9.50599225e+00,6.67676348e-06,1.71176983e-06
1.845427,9.48499596e+00,6.25965816e-06,1.58518640e-06
1.846521,9.46639062e+00,5.56542688e-06,1.45548738e-06
1.847615,9.45008572e+00,5.09212581e-06,1.32552109e-06
1.848709,9.43592517e+00,4.68117331e-06,1.19152509e-06
1.849803,9.42372117e+00,4.22699212e-06,1.05292107e-06
1.850897,9.41330813e+00,3.55575197e-06,9.12515496e-07
1.851991,9.40452242e+00,3.19949832e-06,7.72759739e-07
1.853085,9.39717279e+00,2.60588343e-06,6.34191857e-07
1.854179,9.39106352e+00,2.26041455e-06,5.01354673e-07
1.855273,9.38598616e+00,1.81336173e-06,3.81576296e-07
1.856367,9.38173357e+00,1.41760753e-06,2.91338770e-07
1.857460,9.37809208e+00,1.04606280e-06,2.59829826e-07
1.858554,9.37484371e+00,7.81042016e-07,3.00232129e-07
1.859648,9.37177382e+00,6.91764625e-07,3.84191447e-07
1.860742,9.36865910e+00,7.97454280e-07,4.84212387e-07
1.861836,9.36528486e+00,1.02107004e-06,5.86117374e-07
1.862930,9.36143676e+00,1.32275541e-06,6.84932499e-07
1.864024,9.35690235e+00,1.61026358e-06,7.78313427e-07
1.865118,9.35147179e+00,1.84256084e-06,8.66166156e-07
1.866212,9.34493841e+00,2.10952192e-06,9.50026275e-07
1.867306,9.33710604e+00,2.37990576e-06,1.03184136e-06
1.868400,9.32778888e+00,2.63165572e-06,1.11487038e-06
1.869493,9.31680985e+00,2.90172643e-06,1.20341874e-06
1.870587,9.30400462e+00,3.16289810e-06,1.30156826e-06
1.871681,9.28922158e+00,3.48441071e-06,1.41316370e-06
1.872775,9.27232529e+00,3.83603474e-06,1.54074320e-06
1.873869,9.25319386e+00,4.22668358e-06,1.68586034e-06
1.874963,9.23172137e+00,4.66492922e-06,1.84865867e-06
1.876057,9.20781623e+00,5.14302442e-06,2.02829843e-06
1.877151,9.18139702e+00,5.64879573e-06,2.22342220e-06
1.878245,9.15239830e+00,6.20593450e-06,2.43240284e-06
1.879339,9.12076965e+00,6.80549510e-06,2.65341954e-06
1.880433,9.08647588e+00,7.40785170e-06,2.88479946e-06
1.881526,9.04949528e+00,8.04549646e-06,3.12494930e-06
1.882620,9.00982468e+00,8.69756399e-06,3.37223945e-06
1.883714,8.96746785e+00,9.40120506e-06,3.62501106e-06
1.884808,8.92244606e+00,1.00937266e-05,3.88170289e-06
1.885902,8.87479444e+00,1.07993138e-05,4.14091974e-06
1.886996,8.82456222e+00,1.15236283e-05,4.40117609e-06
1.888090,8.77180911e+00,1.22488424e-05,4.66107779e-06
1.889184,8.71660869e+00,1.29758501e-05,4.91923704e-06
1.890278,8.65904412e+00,1.37161141e-05,5.17431202e-06
1.891372,8.59920672e+00,1.44817827e-05,5.42483855e-06
1.892466,8.53720126e+00,1.52309299e-05,5.66939096e-06
1.893559,8.47313717e+00,1.59571990e-05,5.90671304e-06
1.894653,8.40713376e+00,1.67028462e-05,6.13553609e-06
1.895747,8.33929525e+00,1.75169329e-05,6.35396353e-06
1.896841,8.26973342e+00,1.82115106e-05,6.56044292e-06
1.897935,8.19859254e+00,1.88741693e-05,6.75429919e-06
1.899029,8.12601226e+00,1.95968792e-05,6.93419259e-06
1.900123,8.05211167e+00,2.02478422e-05,7.09801277e-06
1.901217,7.97702982e+00,2.08429550e-05,7.24501337e-06
1.902311,7.90091138e+00,2.14196301e-05,7.37407902e-06
1.903405,7.82389987e+00,2.19903757e-05,7.48375683e-06
1.904499,7.74612353e+00,2.25546255e-05,7.57238030e-06
1.905593,7.66770630e+00,2.30114692e-05,7.63868491e-06
1.906686,7.58877447e+00,2.34424995e-05,7.68185832e-06
1.907780,7.50945801e+00,2.38051401e-05,7.70119930e-06
1.908874,7.42988519e+00,2.41771552e-05,7.69555091e-06
1.909968,7.35014434e+00,2.45277309e-05,7.66347465e-06
1.911062,7.27031366e+00,2.47964161e-05,7.60441138e-06
1.912156,7.19046554e+00,2.49848171e-05,7.51777995e-06
1.913250,7.11070086e+00,2.51597433e-05,7.40467351e-06
1.914344,7.03106568e+00,2.50775073e-05,7.26256747e-06
1.915438,6.95163501e+00,2.52117403e-05,7.09432934e-06
1.916532,6.87244670e+00,2.50451121e-05,6.89902604e-06
1.917626,6.79364469e+00,2.45752199e-05,6.68095189e-06
1.918719,6.71537930e+00,2.41137604e-05,6.44161827e-06
1.919813,6.63776839e+00,2.35996617e-05,6.18239225e-06
1.920907,6.56097825e+00,2.30384942e-05,5.90685598e-06
1.922001,6.48513844e+00,2.21735485e-05,5.61533838e-06
1.923095,6.41040258e+00,2.14851077e-05,5.31235737e-06
1.924189,6.33700567e+00,2.00829617e-05,5.00169282e-06
1.925283,6.26536936e+00,1.85477899e-05,4.69040441e-06
1.926377,6.19591862e+00,1.73227337e-05,4.38069674e-06
1.927471,6.12896130e+00,1.56681338e-05,4.07150839e-06
1.928565,6.06484639e+00,1.44479907e-05,3.76700327e-06
1.929659,6.00377114e+00,1.30456122e-05,3.46681209e-06
1.930752,5.94604013e+00,1.14612900e-05,3.17493113e-06
1.931846,5.89188452e+00,1.04229802e-05,2.89266077e-06
1.932940,5.84149246e+00,8.84621870e-06,2.62145356e-06
1.934034,5.79504663e+00,7.84951907e-06,2.36309045e-06
1.935128,5.75259632e+00,6.82934684e-06,2.11914362e-06
1.936222,5.71413919e+00,5.93099786e-06,1.89170007e-06
1.937316,5.67961386e+00,5.02436082e-06,1.68281637e-06
1.938410,5.64894279e+00,4.30661410e-06,1.49328320e-06
1.939504,5.62198876e+00,3.67145179e-06,1.32427567e-06
1.940598,5.59857121e+00,3.08584994e-06,1.17615272e-06
1.941692,5.57848580e+00,2.66614990e-06,1.04685919e-06
1.942785,5.56149127e+00,2.27537660e-06,9.34997499e-07
1.943879,5.54733631e+00,1.98143030e-06,8.37056931e-07
1.944973,5.53573743e+00,1.74256271e-06,7.50528220e-07
1.946067,5.52640427e+00,1.56587506e-06,6.72366079e-07
1.947161,5.51903597e+00,1.41458974e-06,6.01083872e-07
1.948255,5.51332455e+00,1.28427304e-06,5.36046966e-07
1.949349,5.50897218e+00,1.17753140e-06,4.77626284e-07
1.950443,5.50568615e+00,1.07804582e-06,4.27507905e-07
1.951537,5.50318252e+00,1.01256663e-06,3.87524566e-07
1.952631,5.50119098e+00,9.53487707e-07,3.59455961e-07
1.953725,5.49945592e+00,9.32321603e-07,3.44818807e-07
1.954818,5.49773808e+00,9.33988090e-07,3.44514992e-07
1.955912,5.49581352e+00,9.65652865e-07,3.59388642e-07
1.957006,5.49347395e+00,1.03354372e-06,3.90366825e-07
1.958100,5.49052536e+00,1.14712402e-06,4.38333725e-07
1.959194,5.48678913e+00,1.30303056e-06,5.03277998e-07
1.960288,5.48210074e+00,1.49482786e-06,5.83732502e-07
1.961382,5.47630776e+00,1.71456885e-06,6.76757600e-07
1.962476,5.46927193e+00,1.96482712e-06,7.78477501e-07
1.963570,5.46087005e+00,2.21855364e-06,8.84966303e-07
1.964664,5.45098933e+00,2.48187172e-06,9.92832782e-07
1.965758,5.43953076e+00,2.74844703e-06,1.09942718e-06
1.966852,5.42640803e+00,3.00476878e-06,1.20282859e-06
1.967945,5.41154882e+00,3.26062733e-06,1.30172596e-06
1.969039,5.39489313e+00,3.49658940e-06,1.39520991e-06
1.970133,5.37639235e+00,3.72619202e-06,1.48270736e-06
1.971227,5.35601096e+00,3.94161097e-06,1.56380738e-06
1.972321,5.33372430e+00,4.13139928e-06,1.63828330e-06
1.973415,5.30951813e+00,4.32678730e-06,1.70604653e-06
1.974509,5.28338923e+00,4.50157345e-06,1.76691741e-06
1.975603,5.25534079e+00,4.65074964e-06,1.82097279e-06
1.976697,5.22538860e+00,4.78313034e-06,1.86832825e-06
1.977791,5.19355839e+00,4.90738505e-06,1.90908158e-06
1.978885,5.15988118e+00,5.00872385e-06,1.94345295e-06
1.979978,5.12439634e+00,5.09480153e-06,1.97162553e-06
1.981072,5.08715143e+00,5.16596997e-06,1.99384212e-06
1.982166,5.04819962e+00,5.23464595e-06,2.01033435e-06
1.983260,5.00759629e+00,5.28517260e-06,2.02137102e-06
1.984354,4.96540615e+00,5.31094911e-06,2.02724854e-06
1.985448,4.92170025e+00,5.33506964e-06,2.02836114e-06
1.986542,4.87655487e+00,5.33446824e-06,2.02488236e-06
1.987636,4.83004828e+00,5.32424917e-06,2.01728877e-06
1.988730,4.78226186e+00,5.28951278e-06,2.00592141e-06
1.989824,4.73328080e+00,5.26093389e-06,1.99105014e-06
1.990918,4.68318861e+00,5.24609000e-06,1.97294920e-06
1.992011,4.63207217e+00,5.20119304e-06,1.95182660e-06
1.993105,4.58002261e+00,5.12412460e-06,1.92810795e-06
1.994199,4.52713137e+00,5.09017526e-06,1.90221573e-06
1.995293,4.47348951e+00,5.01096294e-06,1.87413858e-06
1.996387,4.41919096e+00,4.94313761e-06,1.84431791e-06
1.997481,4.36432809e+00,4.87581294e-06,1.81306123e-06
1.998575,4.30899014e+00,4.78186036e-06,1.78038598e-06
1.999669,4.25326267e+00,4.71585295e-06,1.74680616e-06
2.000763,4.19723303e+00,4.63309331e-06,1.71243667e-06
2.001857,4.14099003e+00,4.54589390e-06,1.67744738e-06
2.002951,4.08461782e+00,4.45805580e-06,1.64226952e-06
2.004044,4.02820373e+00,4.36396560e-06,1.60699213e-06
2.005138,3.97183302e+00,4.26602942e-06,1.57197440e-06
2.006232,3.91558503e+00,4.17624834e-06,1.53745275e-06
2.007326,3.85954070e+00,4.09319073e-06,1.50359670e-06
2.008420,3.80377652e+00,4.01115291e-06,1.47071689e-06
2.009514,3.74836451e+00,3.92840299e-06,1.43899189e-06
2.010608,3.69337021e+00,3.86283607e-06,1.40887637e-06
2.011702,3.63885901e+00,3.79619026e-06,1.38032183e-06
2.012796,3.58488741e+00,3.74143684e-06,1.35374745e-06
2.013890,3.53151073e+00,3.69172007e-06,1.32924354e-06
2.014984,3.47878218e+00,3.65405933e-06,1.30691266e-06
2.016077,3.42675174e+00,3.62053305e-06,1.28669066e-06
2.017171,3.37546457e+00,3.60704681e-06,1.26851586e-06
2.018265,3.32495474e+00,3.58456910e-06,1.25252941e-06
2.019359,3.27527178e+00,3.58130931e-06,1.23818975e-06
2.020453,3.22644476e+00,3.59727856e-06,1.22556386e-06
2.021547,3.17850419e+00,3.61018046e-06,1.21433709e-06
2.022641,3.13147905e+00,3.61474212e-06,1.20441035e-06
2.023735,3.08539439e+00,3.65016954e-06,1.19549308e-06
2.024829,3.04027174e+00,3.64956481e-06,1.18749506e-06
2.025923,2.99614203e+00,3.66507464e-06,1.17999701e-06
2.027017,2.95303172e+00,3.65612240e-06,1.17293201e-06
2.028111,2.91097571e+00,3.68293208e-06,1.16593389e-06
2.029204,2.87000671e+00,3.61378010e-06,1.15900851e-06
2.030298,2.83017697e+00,3.64342954e-06,1.15166606e-06
2.031392,2.79150320e+00,3.60923171e-06,1.14417041e-06
2.032486,2.75400773e+00,3.61391904e-06,1.13635188e-06
2.033580,2.71771206e+00,3.55758996e-06,1.12809065e-06
2.034674,2.68264536e+00,3.54119500e-06,1.11921896e-06
2.035768,2.64883430e+00,3.48790378e-06,1.10965430e-06
2.036862,2.61629871e+00,3.45355341e-06,1.09939711e-06
2.037956,2.58504669e+00,3.38225194e-06,1.08846619e-06
2.039050,2.55510000e+00,3.38435267e-06,1.07657511e-06
2.040144,2.52644909e+00,3.30227405e-06,1.06404776e-06
2.041237,2.49910334e+00,3.25338175e-06,1.05066004e-06
2.042331,2.47306350e+00,3.20732567e-06,1.03646173e-06
2.043425,2.44832207e+00,3.13190543e-06,1.02150186e-06
2.044519,2.42486983e+00,3.06657654e-06,1.00576321e-06
2.045613,2.40269214e+00,3.02602322e-06,9.89181996e-07
2.046707,2.38177144e+00,2.95934254e-06,9.71815306e-07
2.047801,2.36208235e+00,2.89688584e-06,9.53840278e-07
2.048895,2.34359970e+00,2.82748800e-06,9.35227015e-07
2.049989,2.32629687e+00,2.76145633e-06,9.15981341e-07
2.051083,2.31014531e+00,2.70226218e-06,8.96245764e-07
2.052177,2.29510632e+00,2.62915381e-06,8.76126408e-07
2.053270,2.28114828e+00,2.53510903e-06,8.55668718e-07
2.054364,2.26823440e+00,2.49196460e-06,8.34950496e-07
2.055458,2.25632779e+00,2.39527668e-06,8.13976648e-07
2.056552,2.24538844e+00,2.35096093e-06,7.92971101e-07
2.057646,2.23536493e+00,2.28342429e-06,7.71958707e-07
2.058740,2.22622184e+00,2.20532935e-06,7.51047646e-07
2.059834,2.21791495e+00,2.13830653e-06,7.30380183e-07
2.060928,2.21039974e+00,2.07105678e-06,7.10064322e-07
2.062022,2.20363645e+00,2.00667451e-06,6.90177132e-07
2.063116,2.19757945e+00,1.93960653e-06,6.70865438e-07
2.064210,2.19218923e+00,1.86816804e-06,6.52195073e-07
2.065303,2.18742965e+00,1.81095111e-06,6.34234207e-07
2.066397,2.18325890e+00,1.76368331e-06,6.17076845e-07
2.067491,2.17963491e+00,1.70548286e-06,6.00847748e-07
2.068585,2.17652198e+00,1.65403757e-06,5.85582247e-07
2.069679,2.17387974e+00,1.61326538e-06,5.71404553e-07
2.070773,2.17167009e+00,1.56888395e-06,5.58359581e-07
2.071867,2.16985858e+00,1.52817056e-06,5.46483108e-07
2.072961,2.16841355e+00,1.49235131e-06,5.35737072e-07
2.074055,2.16730374e+00,1.46197611e-06,5.26166499e-07
2.075149,2.16649591e+00,1.43506553e-06,5.17823653e-07
2.076243,2.16595901e+00,1.40996157e-06,5.10637586e-07
2.077336,2.16566502e+00,1.38955523e-06,5.04585468e-07
2.078430,2.16558837e+00,1.37770947e-06,4.99575964e-07
2.079524,2.16570353e+00,1.36742349e-06,4.95508291e-07
2.080618,2.16598219e+00,1.36375030e-06,4.92391572e-07
2.081712,2.16640008e+00,1.35816368e-06,4.90031360e-07
2.082806,2.16693592e+00,1.35595252e-06,4.88370438e-07
2.083900,2.16756673e+00,1.35857739e-06,4.87372245e-07
2.084994,2.16827231e+00,1.35924964e-06,4.86918149e-07
2.086088,2.16903411e+00,1.36242017e-06,4.86922370e-07
2.087182,2.16983457e+00,1.36786584e-06,4.87312918e-07
2.088276,2.17065776e+00,1.37319361e-06,4.88004807e-07
2.089370,2.17148839e+00,1.38232258e-06,4.88933790e-07
2.090463,2.17231099e+00,1.40305873e-06,4.89997709e-07
2.091557,2.17311034e+00,1.41381192e-06,4.91118659e-07
2.092651,2.17387422e+00,1.42341154e-06,4.92343464e-07
2.093745,2.17459125e+00,1.44147110e-06,4.93644833e-07
2.094839,2.17525069e+00,1.45058882e-06,4.94944187e-07
2.095933,2.17584393e+00,1.46174614e-06,4.96338201e-07
2.097027,2.17636365e+00,1.47447531e-06,4.97817306e-07
2.098121,2.17680384e+00,1.48458169e-06,4.99424560e-07
2.099215,2.17716072e+00,1.49439758e-06,5.01229069e-07
2.100309,2.17743114e+00,1.50785922e-06,5.03286850e-07
2.101403,2.17761177e+00,1.52047299e-06,5.05650911e-07
2.102496,2.17770168e+00,1.53316779e-06,5.08410561e-07
2.103590,2.17770121e+00,1.55003171e-06,5.11647630e-07
2.104684,2.17761177e+00,1.56553273e-06,5.15443465e-07
2.105778,2.17743592e+00,1.58504124e-06,5.19870913e-07
2.106872,2.17717657e+00,1.60461209e-06,5.25002949e-07
2.107966,2.17683653e+00,1.63294865e-06,5.30885756e-07
2.109060,2.17641978e+00,1.65777616e-06,5.37566622e-07
2.110154,2.17593121e+00,1.68821762e-06,5.45079645e-07
2.111248,2.17537548e+00,1.72024590e-06,5.53426363e-07
2.112342,2.17475746e+00,1.75420132e-06,5.62597762e-07
2.113436,2.17408279e+00,1.79645313e-06,5.72588502e-07
2.114529,2.17335310e+00,1.84588277e-06,5.83270537e-07
2.115623,2.17257136e+00,1.88725203e-06,5.94640985e-07
2.116717,2.17174397e+00,1.93049846e-06,6.06693933e-07
2.117811,2.17087497e+00,1.98361319e-06,6.19326542e-07
2.118905,2.16996680e+00,2.03136418e-06,6.32422688e-07
2.119999,2.16902335e+00,2.08546227e-06,6.45959031e-07
2.121093,2.16804826e+00,2.13526900e-06,6.59852531e-07
2.122187,2.16704364e+00,2.19649700e-06,6.74008482e-07
2.123281,2.16601016e+00,2.24484278e-06,6.88320862e-07
2.124375,2.16495012e+00,2.32427938e-06,7.02798351e-07
2.125469,2.16385677e+00,2.39286961e-06,7.17109451e-07
2.126562,2.16272631e+00,2.46643799e-06,7.31301406e-07
2.127656,2.16155456e+00,2.53189676e-06,7.45291615e-07
2.128750,2.16033898e+00,2.59308195e-06,7.59038885e-07
2.129844,2.15907475e+00,2.66137884e-06,7.72447879e-07
2.130938,2.15775543e+00,2.72014393e-06,7.85438034e-07
2.132032,2.15638005e+00,2.79875170e-06,7.98105618e-07
2.133126,2.15493675e+00,2.86187273e-06,8.10031985e-07
2.134220,2.15341968e+00,2.93234239e-06,8.21425658e-07
2.135314,2.15181942e+00,2.98767003e-06,8.32055618e-07
2.136408,2.15013116e+00,3.04058258e-06,8.42037209e-07
2.137502,2.14835180e+00,3.09302054e-06,8.51341905e-07
2.138595,2.14647418e+00,3.17043510e-06,8.59848313e-07
2.139689,2.14448366e+00,3.21162481e-06,8.67244612e-07
2.140783,2.14237350e+00,3.29495269e-06,8.73840829e-07
2.141877,2.14012758e+00,3.34027987e-06,8.79176489e-07
2.142971,2.13773986e+00,3.39127550e-06,8.83579341e-07
2.144065,2.13520188e+00,3.43400046e-06,8.86880467e-07
2.145159,2.13250534e+00,3.47675311e-06,8.89083371e-07
2.146253,2.12964163e+00,3.53363983e-06,8.90182724e-07
2.147347,2.12659602e+00,3.58558216e-06,8.89916772e-07
2.148441,2.12335000e+00,3.64638316e-06,8.88177182e-07
2.149535,2.11989032e+00,3.65487931e-06,8.85052321e-07
2.150629,2.11621064e+00,3.70986747e-06,8.80808074e-07
2.151722,2.11230113e+00,3.72473762e-06,8.75232992e-07
2.152816,2.10815483e+00,3.72610253e-06,8.68371757e-07
2.153910,2.10376738e+00,3.74203342e-06,8.60412325e-07
2.155004,2.09913630e+00,3.73824927e-06,8.51340297e-07
2.156098,2.09426335e+00,3.72741539e-06,8.41279098e-07
2.157192,2.08914853e+00,3.70607599e-06,8.30158538e-07
2.158286,2.08380102e+00,3.62163183e-06,8.18237438e-07
2.159380,2.07823305e+00,3.63591869e-06,8.05785783e-07
2.160474,2.07244779e+00,3.56574020e-06,7.92360539e-07
2.161568,2.06646557e+00,3.55904526e-06,7.78722269e-07
2.162662,2.06028567e+00,3.55130292e-06,7.64035078e-07
2.163755,2.05390726e+00,3.51158975e-06,7.48409885e-07
2.164849,2.04733651e+00,3.43000254e-06,7.32027178e-07
2.165943,2.04058282e+00,3.40039112e-06,7.15160050e-07
2.167037,2.03366512e+00,3.32008393e-06,6.98107458e-07
2.168131,2.02659994e+00,3.22875617e-06,6.80601842e-07
2.169225,2.01941587e+00,3.11510904e-06,6.63292431e-07
2.170319,2.01213381e+00,3.03669630e-06,6.45823671e-07
2.171413,2.00477274e+00,2.98184748e-06,6.28382209e-07
2.172507,1.99735040e+00,2.86281547e-06,6.10718888e-07
2.173601,1.98989513e+00,2.78999715e-06,5.93411152e-07
2.174695,1.98242350e+00,2.68741800e-06,5.75947535e-07
2.175788,1.97495209e+00,2.64867271e-06,5.58585296e-07
2.176882,1.96749466e+00,2.48359675e-06,5.40994598e-07
2.177976,1.96008053e+00,2.41713697e-06,5.23986240e-07
2.179070,1.95272828e+00,2.28705617e-06,5.07066278e-07
2.180164,1.94545489e+00,2.26076171e-06,4.90399897e-07
2.181258,1.93826056e+00,2.20784795e-06,4.73442970e-07
2.182352,1.93116007e+00,2.06366327e-06,4.56587641e-07
2.183446,1.92418152e+00,1.99334357e-06,4.40417284e-07
2.184540,1.91733123e+00,1.91493015e-06,4.24163852e-07
2.185634,1.91061765e+00,1.81779511e-06,4.08039899e-07
2.186728,1.90404818e+00,1.76166524e-06,3.92065767e-07
2.187821,1.89762601e+00,1.69687335e-06,3.76163930e-07
2.188915,1.89136131e+00,1.61741219e-06,3.60549583e-07
2.190009,1.88526095e+00,1.53899327e-06,3.45099926e-07
2.191103,1.87932984e+00,1.45302724e-06,3.29859527e-07
2.192197,1.87357410e+00,1.39057300e-06,3.14934164e-07
2.193291,1.86799794e+00,1.31011685e-06,3.00264733e-07
2.194385,1.86260290e+00,1.25907860e-06,2.85841156e-07
2.195479,1.85738686e+00,1.17645607e-06,2.71587385e-07
2.196573,1.85235555e+00,1.11325051e-06,2.57817747e-07
2.197667,1.84750709e+00,1.05594933e-06,2.44316118e-07
2.198761,1.84284143e+00,9.84501346e-07,2.31228480e-07
2.199854,1.83835506e+00,9.43265183e-07,2.18520780e-07
2.200948,1.83404385e+00,8.84406790e-07,2.06269881e-07
2.202042,1.82990549e+00,8.30524198e-07,1.94570522e-07
2.203136,1.82593583e+00,7.59938309e-07,1.83459047e-07
2.204230,1.82213176e+00,7.28202656e-07,1.73104954e-07
2.205324,1.81848661e+00,6.64747978e-07,1.63504140e-07
2.206418,1.81499635e+00,6.33885212e-07,1.54837022e-07
2.207512,1.81165119e+00,5.89388535e-07,1.47156169e-07
2.208606,1.80844504e+00,5.48675505e-07,1.40648009e-07
2.209700,1.80537198e+00,5.08888029e-07,1.35420475e-07
2.210794,1.80242556e+00,4.69499091e-07,1.31569159e-07
2.211888,1.79959881e+00,4.40081815e-07,1.29145500e-07
2.212981,1.79688414e+00,4.15164189e-07,1.28168557e-07
2.214075,1.79427281e+00,3.93861004e-07,1.28629053e-07
2.215169,1.79175697e+00,3.76996765e-07,1.30413652e-07
2.216263,1.78932907e+00,3.66089443e-07,1.33405046e-07
2.217357,1.78698055e+00,3.63805033e-07,1.37451349e-07
2.218451,1.78470184e+00,3.64087805e-07,1.42416590e-07
2.219545,1.78248358e+00,3.69186892e-07,1.48148270e-07
2.220639,1.78031728e+00,3.81696667e-07,1.54468142e-07
2.221733,1.77819416e+00,3.99853896e-07,1.61257970e-07
2.222827,1.77610535e+00,4.15006686e-07,1.68345927e-07
2.223921,1.77404104e+00,4.32978348e-07,1.75696901e-07
2.225014,1.77198999e+00,4.56338565e-07,1.83281688e-07
2.226108,1.76994191e+00,4.79110982e-07,1.90980823e-07
2.227202,1.76788812e+00,5.07980480e-07,1.98725914e-07
2.228296,1.76581947e+00,5.24183197e-07,2.06491869e-07
2.229390,1.76372542e+00,5.56218694e-07,2.14309660e-07
2.230484,1.76159726e+00,5.84798880e-07,2.22081189e-07
2.231578,1.75942620e+00,6.06461761e-07,2.29826857e-07
2.232672,1.75720272e+00,6.31930546e-07,2.37580273e-07
2.233766,1.75491689e+00,6.69857786e-07,2.45317646e-07
2.234860,1.75255914e+00,6.96878756e-07,2.53008560e-07
2.235954,1.75012066e+00,7.24113009e-07,2.60714510e-07
2.237047,1.74759290e+00,7.56147739e-07,2.68474984e-07
2.238141,1.74496705e+00,7.88901902e-07,2.76268108e-07
2.239235,1.74223434e+00,8.17243274e-07,2.84109404e-07
2.240329,1.73938701e+00,8.41595638e-07,2.92061469e-07
2.241423,1.73641669e+00,8.81508111e-07,3.00143306e-07
2.242517,1.73331612e+00,9.13188395e-07,3.08343925e-07
2.243611,1.73007830e+00,9.47790006e-07,3.16712534e-07
2.244705,1.72669590e+00,9.82224300e-07,3.25227787e-07
2.245799,1.72316139e+00,1.01749766e-06,3.33917848e-07
2.246893,1.71946810e+00,1.06257443e-06,3.42777663e-07
2.247987,1.71560870e+00,1.10067913e-06,3.51773619e-07
2.249080,1.71157724e+00,1.13645525e-06,3.60952490e-07
2.250174,1.70736879e+00,1.17555118e-06,3.70317769e-07
2.251268,1.70297884e+00,1.21465345e-06,3.79851414e-07
2.252362,1.69840258e+00,1.25409515e-06,3.89536008e-07
2.253456,1.69363554e+00,1.29629092e-06,3.99367512e-07
2.254550,1.68867241e+00,1.34896971e-06,4.09291806e-07
2.255644,1.68350684e+00,1.39565875e-06,4.19242984e-07
2.256738,1.67813405e+00,1.44090532e-06,4.29246774e-07
2.257832,1.67254907e+00,1.49025795e-06,4.39279872e-07
2.258926,1.66674633e+00,1.53670218e-06,4.49297856e-07
2.260020,1.66072270e+00,1.58188018e-06,4.59304255e-07
2.261113,1.65447572e+00,1.63269446e-06,4.69279637e-07
2.262207,1.64799987e+00,1.68352370e-06,4.79147194e-07
2.263301,1.64129116e+00,1.73437492e-06,4.88893822e-07
2.264395,1.63434650e+00,1.78387124e-06,4.98486011e-07
2.265489,1.62716181e+00,1.83880959e-06,5.07885165e-07
2.266583,1.61973204e+00,1.89445570e-06,5.17041241e-07
2.267677,1.61205349e+00,1.94890919e-06,5.25921814e-07
2.268771,1.60411916e+00,2.01652225e-06,5.34425704e-07
2.269865,1.59592001e+00,2.08123186e-06,5.42467423e-07
2.270959,1.58744783e+00,2.14479053e-06,5.50024500e-07
2.272053,1.57869529e+00,2.20150138e-06,5.57061006e-07
2.273147,1.56965742e+00,2.26461894e-06,5.63582758e-07
2.274240,1.56032599e+00,2.33197644e-06,5.69468902e-07
2.275334,1.55068891e+00,2.40978190e-06,5.74549737e-07
2.276428,1.54073457e+00,2.47097990e-06,5.78795994e-07
2.277522,1.53045247e+00,2.54312452e-06,5.82202299e-07
2.278616,1.51983220e+00,2.60852405e-06,5.84709211e-07
2.279710,1.50886268e+00,2.66951925e-06,5.86221872e-07
2.280804,1.49753355e+00,2.73486107e-06,5.86741580e-07
2.281898,1.48583218e+00,2.80061887e-06,5.86124224e-07
2.282992,1.47374624e+00,2.86498394e-06,5.84340824e-07
2.284086,1.46126141e+00,2.92963336e-06,5.81265160e-07
2.285180,1.44836551e+00,2.98411472e-06,5.76918560e-07
2.286273,1.43504969e+00,3.03024910e-06,5.71326362e-07
2.287367,1.42130076e+00,3.11178632e-06,5.64380600e-07
2.288461,1.40709947e+00,3.18454465e-06,5.55904372e-07
2.289555,1.39242503e+00,3.27915431e-06,5.45840469e-07
2.290649,1.37725050e+00,3.31718911e-06,5.33931393e-07
2.291743,1.36156998e+00,3.36215361e-06,5.20986650e-07
2.292837,1.34536598e+00,3.39694559e-06,5.06574314e-07
2.293931,1.32862307e+00,3.44368307e-06,4.91059533e-07
2.295025,1.31133464e+00,3.43291174e-06,4.74764304e-07
2.296119,1.29350523e+00,3.42687769e-06,4.58205108e-07
2.297213,1.27513701e+00,3.39869871e-06,4.41606656e-07
2.298306,1.25624896e+00,3.32031066e-06,4.25663309e-07
2.299400,1.23686660e+00,3.27953099e-06,4.10829060e-07
2.300494,1.21701824e+00,3.09793517e-06,3.97457347e-07
2.301588,1.19675474e+00,3.05036200e-06,3.86177826e-07
2.302682,1.17611022e+00,2.90784640e-06,3.77043535e-07
2.303776,1.15513382e+00,2.81584512e-06,3.70373848e-07
2.304870,1.13386922e+00,2.63072312e-06,3.66353055e-07
2.305964,1.11237825e+00,2.54018506e-06,3.64752377e-07
2.307058,1.09072252e+00,2.27727892e-06,3.65565006e-07
2.308152,1.06900960e+00,2.05366727e-06,3.67277533e-07
2.309246,1.04733687e+00,1.84124131e-06,3.69488628e-07
2.310339,1.02578934e+00,1.64771500e-06,3.71825086e-07
2.311433,1.00445226e+00,1.45940953e-06,3.73673382e-07
2.312527,9.83410267e-01,1.27355909e-06,3.74636097e-07
2.313621,9.62741821e-01,1.11717438e-06,3.74467210e-07
2.314715,9.42517786e-01,1.00158613e-06,3.72987630e-07
2.315809,9.22799135e-01,8.75538409e-07,3.70484787e-07
2.316903,9.03645912e-01,7.81574612e-07,3.66634615e-07
2.317997,8.85108643e-01,6.86555572e-07,3.61813451e-07
2.319091,8.67234577e-01,6.36496146e-07,3.55741720e-07
2.320185,8.50055798e-01,5.80489542e-07,3.49275409e-07
2.321279,8.33606883e-01,5.39507497e-07,3.42108564e-07
2.322372,8.17913542e-01,5.11054694e-07,3.34732837e-07
2.323466,8.02999018e-01,4.88276251e-07,3.27067501e-07
2.324560,7.88880340e-01,4.77093017e-07,3.19494553e-07
2.325654,7.75569420e-01,4.71152095e-07,3.12300485e-07
2.326748,7.63075586e-01,4.59183622e-07,3.05482950e-07
2.327842,7.51400238e-01,4.69944583e-07,2.99672873e-07
2.328936,7.40547048e-01,4.76868336e-07,2.94556477e-07
2.330030,7.30511719e-01,4.82853598e-07,2.90628359e-07
2.331124,7.21287252e-01,5.05640330e-07,2.87942567e-07
2.332218,7.12863124e-01,5.15882739e-07,2.86583691e-07
2.333312,7.05226412e-01,5.29691917e-07,2.86494521e-07
2.334406,6.98360159e-01,5.58582288e-07,2.87812882e-07
2.335499,6.92246288e-01,5.79344237e-07,2.90242617e-07
2.336593,6.86863660e-01,6.08101379e-07,2.93675497e-07
2.337687,6.82189926e-01,6.34754922e-07,2.97778543e-07
2.338781,6.78199597e-01,6.60444710e-07,3.02287108e-07
2.339875,6.74864949e-01,6.77308736e-07,3.06809165e-07
2.340969,6.72155210e-01,7.03887846e-07,3.11046910e-07
2.342063,6.70037832e-01,7.19125889e-07,3.14616677e-07
2.343157,6.68477703e-01,7.34686454e-07,3.17323289e-07
2.344251,6.67438150e-01,7.48750006e-07,3.19131559e-07
2.345345,6.66881314e-01,7.56892854e-07,3.20249928e-07
2.346439,6.66768676e-01,7.66152916e-07,3.21193228e-07
2.347532,6.67062622e-01,7.76264658e-07,3.22701348e-07
2.348626,6.67727224e-01,7.87662630e-07,3.25707005e-07
2.349720,6.68729097e-01,8.05562242e-07,3.31193058e-07
2.350814,6.70038181e-01,8.31377146e-07,3.40053598e-07
2.351908,6.71627726e-01,8.66868132e-07,3.53007889e-07
2.353002,6.73474357e-01,9.13862285e-07,3.70568910e-07
2.354096,6.75557659e-01,9.72372773e-07,3.93050452e-07
2.355190,6.77859961e-01,1.04484573e-06,4.20596204e-07
2.356284,6.80364956e-01,1.12918475e-06,4.53160835e-07
2.357378,6.83058401e-01,1.22625071e-06,4.90575879e-07
2.358472,6.85927216e-01,1.33379611e-06,5.32516907e-07
2.359565,6.88959029e-01,1.45375251e-06,5.78562690e-07
2.360659,6.92141668e-01,1.58571376e-06,6.28215479e-07
2.361753,6.95463117e-01,1.72301407e-06,6.80931880e-07
2.362847,6.98911665e-01,1.87082294e-06,7.36186702e-07
2.363941,7.02475366e-01,2.02597631e-06,7.93442835e-07
2.365035,7.06142226e-01,2.18593768e-06,8.52164901e-07
2.366129,7.09898863e-01,2.35101298e-06,9.11782260e-07
2.367223,7.13731829e-01,2.51415352e-06,9.71801900e-07
2.368317,7.17628871e-01,2.68112338e-06,1.03179630e-06
2.369411,7.21575179e-01,2.85867318e-06,1.09115549e-06
2.370505,7.25556382e-01,3.03068434e-06,1.14943075e-06
2.371598,7.29557264e-01,3.19484798e-06,1.20600345e-06
2.372692,7.33561825e-01,3.36084362e-06,1.26040301e-06
2.373786,7.37553086e-01,3.52995689e-06,1.31210377e-06
2.374880,7.41512531e-01,3.69033322e-06,1.36047816e-06
2.375974,7.45421797e-01,3.83879779e-06,1.40503952e-06
2.377068,7.49263552e-01,3.99313318e-06,1.44545850e-06
2.378162,7.53016904e-01,4.11336564e-06,1.48085814e-06
2.379256,7.56669107e-01,4.22831898e-06,1.51157318e-06
2.380350,7.60202985e-01,4.33775837e-06,1.53672380e-06
2.381444,7.63602473e-01,4.42692420e-06,1.55614878e-06
2.382538,7.66853906e-01,4.49925617e-06,1.56962662e-06
2.383632,7.69946539e-01,4.54256396e-06,1.57708484e-06
2.384725,7.72873310e-01,4.58268250e-06,1.57865162e-06
2.385819,7.75623084e-01,4.59189096e-06,1.57368316e-06
2.386913,7.78193932e-01,4.57174043e-06,1.56296524e-06
2.388007,7.80585858e-01,4.51598577e-06,1.54633156e-06
2.389101,7.82801092e-01,4.49050619e-06,1.52434543e-06
2.390195,7.84842245e-01,4.36057694e-06,1.49661637e-06
2.391289,7.86716624e-01,4.30129916e-06,1.46407536e-06
2.392383,7.88431424e-01,4.13748159e-06,1.42662374e-06
2.393477,7.90002834e-01,4.01246416e-06,1.38529916e-06
2.394571,7.91432650e-01,3.94332730e-06,1.33949676e-06
2.395665,7.92725452e-01,3.73458097e-06,1.28923302e-06
2.396758,7.93903644e-01,3.56430995e-06,1.23653970e-06
2.397852,7.94974275e-01,3.41825220e-06,1.18054764e-06
2.398946,7.95941398e-01,3.22032445e-06,1.12138183e-06
2.400040,7.96816409e-01,3.02246614e-06,1.06011120e-06
2.401134,7.97606652e-01,2.82236940e-06,9.96805896e-07
2.402228,7.98318817e-01,2.64316777e-06,9.32060858e-07
2.403322,7.98959601e-01,2.42060296e-06,8.66117879e-07
2.404416,7.99536391e-01,2.24342246e-06,7.99681213e-07
2.405510,8.00048267e-01,2.03354314e-06,7.32500810e-07
2.406604,8.00494923e-01,1.86030722e-06,6.65327285e-07
2.407698,8.00873912e-01,1.66086276e-06,5.98429736e-07
2.408791,8.01181860e-01,1.49033000e-06,5.32301537e-07
2.409885,8.01413978e-01,1.30309006e-06,4.67397453e-07
2.410979,8.01570192e-01,1.13371189e-06,4.04571257e-07
2.412073,8.01644255e-01,9.76546606e-07,3.43893309e-07
2.413167,8.01629334e-01,8.20783328e-07,2.85954952e-07
2.414261,8.01519734e-01,6.72953920e-07,2.31318544e-07
2.415355,8.01307758e-01,5.34889153e-07,1.80349952e-07
2.416449,8.00984526e-01,4.21743354e-07,1.33489258e-07
2.417543,8.00539952e-01,3.10040700e-07,9.09966963e-08
2.418637,7.99964204e-01,2.09722515e-07,5.31744326e-08
2.419731,7.99247266e-01,1.18736434e-07,2.05593929e-08
2.420824,7.98378423e-01,4.85327450e-08,1.18400166e-08
2.421918,7.97345579e-01,2.99395983e-08,3.49008584e-08
2.423012,7.96137282e-01,8.03537950e-08,5.53847289e-08
2.424106,7.94742337e-01,1.27443248e-07,7.25864724e-08
2.425200,7.93150052e-01,1.65986096e-07,8.68977872e-08
2.426294,7.91350590e-01,2.00649313e-07,9.88246405e-08
2.427388,7.89335622e-01,2.29294706e-07,1.08876942e-07
2.428482,7.87098347e-01,2.54998290e-07,1.17583325e-07
2.429576,7.84633809e-01,2.77977022e-07,1.25442173e-07
2.430670,7.81939101e-01,3.01255539e-07,1.32912891e-07
2.431764,7.79013724e-01,3.22373428e-07,1.40389275e-07
2.432857,7.75859441e-01,3.44678412e-07,1.48233819e-07
2.433951,7.72480329e-01,3.67255064e-07,1.56742525e-07
2.435045,7.68882680e-01,3.93198274e-07,1.66166190e-07
2.436139,7.65074840e-01,4.21054542e-07,1.76711617e-07
2.437233,7.61067140e-01,4.52417702e-07,1.88548343e-07
2.438327,7.56871650e-01,4.86756432e-07,2.01806152e-07
2.439421,7.52501967e-01,5.24922781e-07,2.16574956e-07
2.440515,7.47973087e-01,5.67256512e-07,2.32891596e-07
2.441609,7.43300940e-01,6.11836793e-07,2.50724867e-07
2.442703,7.38502856e-01,6.60910146e-07,2.70012198e-07
2.443797,7.33596658e-01,7.13888377e-07,2.90613493e-07
2.444891,7.28601161e-01,7.67350726e-07,3.12364231e-07
2.445984,7.23536068e-01,8.22516066e-07,3.35075968e-07
2.447078,7.18422080e-01,8.84794291e-07,3.58581280e-07
2.448172,7.13278351e-01,9.43315556e-07,3.82590090e-07
2.449266,7.08125197e-01,1.00935349e-06,4.06971379e-07
2.450360,7.02982349e-01,1.06632436e-06,4.31482692e-07
2.451454,6.97870585e-01,1.13499236e-06,4.56029041e-07
2.452548,6.92807502e-01,1.19941498e-06,4.80309522e-07
2.453642,6.87812063e-01,1.26631692e-06,5.04269601e-07
2.454736,6.82902218e-01,1.33128856e-06,5.27718766e-07
2.455830,6.78095016e-01,1.39364485e-06,5.50509482e-07
2.456924,6.73406435e-01,1.45673464e-06,5.72505826e-07
2.458017,6.68851142e-01,1.51443600e-06,5.93546868e-07
2.459111,6.64443519e-01,1.56766784e-06,6.13538984e-07
2.460205,6.60195220e-01,1.63612736e-06,6.32320992e-07
2.461299,6.56118188e-01,1.67163184e-06,6.49776223e-07
2.462393,6.52223760e-01,1.73681195e-06,6.65882317e-07
2.463487,6.48518320e-01,1.78418517e-06,6.80323974e-07
2.464581,6.45007904e-01,1.83385714e-06,6.93032218e-07
2.465675,6.41698918e-01,1.86043532e-06,7.03985505e-07
2.466769,6.38596286e-01,1.89708223e-06,7.13092970e-07
2.467863,6.35702476e-01,1.93312034e-06,7.20285775e-07
2.468957,6.33020065e-01,1.95263218e-06,7.25500986e-07
2.470050,6.30552896e-01,1.95429692e-06,7.28807611e-07
2.471144,6.28302717e-01,1.98152485e-06,7.30236411e-07
2.472238,6.26263361e-01,1.98542774e-06,7.29244129e-07
2.473332,6.24436263e-01,1.96346120e-06,7.26424392e-07
2.474426,6.22827283e-01,1.96245965e-06,7.22165550e-07
2.475520,6.21434026e-01,1.93232933e-06,7.15836107e-07
2.476614,6.20258336e-01,1.91366418e-06,7.08041990e-07
2.477708,6.19294224e-01,1.90547539e-06,6.98283942e-07
2.478802,6.18534657e-01,1.86110453e-06,6.86599744e-07
2.479896,6.17981182e-01,1.81353847e-06,6.73703425e-07
2.480990,6.17629258e-01,1.78110835e-06,6.59260453e-07
2.482083,6.17472464e-01,1.72035980e-06,6.43306503e-07
2.483177,6.17508534e-01,1.69124732e-06,6.26362382e-07
2.484271,6.17731400e-01,1.61894613e-06,6.08086606e-07
2.485365,6.18136140e-01,1.57964948e-06,5.88852824e-07
2.486459,6.18716216e-01,1.50674107e-06,5.68619293e-07
2.487553,6.19468020e-01,1.44050267e-06,5.47683934e-07
2.488647,6.20384966e-01,1.39085002e-06,5.26079864e-07
2.489741,6.21458600e-01,1.33697139e-06,5.03786043e-07
2.490835,6.22682256e-01,1.26312198e-06,4.80963439e-07
2.491929,6.24051299e-01,1.20349209e-06,4.57911516e-07
2.493023,6.25557267e-01,1.13953541e-06,4.34469718e-07
2.494116,6.27191310e-01,1.08108053e-06,4.10778314e-07
2.495210,6.28946196e-01,1.00630880e-06,3.86996895e-07
2.496304,6.30815951e-01,9.37281617e-07,3.63285255e-07
2.497398,6.32794590e-01,8.81133051e-07,3.39797842e-07
2.498492,6.34873045e-01,8.23905385e-07,3.16382555e-07
2.499586,6.37043706e-01,7.56296298e-07,2.93223652e-07
2.500680,6.39299867e-01,7.01917175e-07,2.70461556e-07
2.501774,6.41633391e-01,6.42762159e-07,2.48088589e-07
2.502868,6.44038085e-01,5.84784692e-07,2.26268518e-07
2.503962,6.46507038e-01,5.32016472e-07,2.05026205e-07
2.505056,6.49033823e-01,4.84687652e-07,1.84482981e-07
2.506150,6.51610801e-01,4.33156222e-07,1.64601974e-07
2.507243,6.54231149e-01,3.85454771e-07,1.45534922e-07
2.508337,6.56888217e-01,3.36055116e-07,1.27357095e-07
2.509431,6.59576527e-01,2.94445314e-07,1.10244631e-07
2.510525,6.62289460e-01,2.54394249e-07,9.42677990e-08
2.511619,6.65020868e-01,2.16345787e-07,7.96641794e-08
2.512713,6.67764688e-01,1.82383869e-07,6.67483508e-08
2.513807,6.70514644e-01,1.52007378e-07,5.60095277e-08
2.514901,6.73264765e-01,1.27353481e-07,4.81712655e-08
2.515995,6.76009286e-01,1.13194810e-07,4.40108656e-08
2.517089,6.78741768e-01,1.06691295e-07,4.38409040e-08
2.518183,6.81455939e-01,1.08074279e-07,4.71066741e-08
2.519276,6.84145819e-01,1.16727979e-07,5.26971396e-08
2.520370,6.86805476e-01,1.30499183e-07,5.95922119e-08
2.521464,6.89429271e-01,1.47535601e-07,6.71101232e-08
2.522558,6.92011780e-01,1.65394555e-07,7.48484550e-08
2.523652,6.94547429e-01,1.82315359e-07,8.26040462e-08
2.524746,6.97030656e-01,2.00788717e-07,9.02733192e-08
2.525840,6.99456198e-01,2.21300222e-07,9.78026766e-08
2.526934,7.01819408e-01,2.39105693e-07,1.05168669e-07
2.528028,7.04115586e-01,2.57149114e-07,1.12393555e-07
2.529122,7.06340334e-01,2.74352039e-07,1.19490703e-07
2.530216,7.08489603e-01,2.92446877e-07,1.26483724e-07
2.531309,7.10559443e-01,3.09754006e-07,1.33396523e-07
2.532403,7.12546281e-01,3.27009831e-07,1.40251598e-07
2.533497,7.14447135e-01,3.44324663e-07,1.47063716e-07
2.534591,7.16259144e-01,3.61741184e-07,1.53853679e-07
2.535685,7.17979814e-01,3.78970375e-07,1.60623613e-07
2.536779,7.19607160e-01,3.95945816e-07,1.67382788e-07
2.537873,7.21139275e-01,4.13236947e-07,1.74136955e-07
2.538967,7.22574813e-01,4.30437361e-07,1.80883089e-07
2.540061,7.23912610e-01,4.47563934e-07,1.87619541e-07
2.541155,7.25151826e-01,4.65019608e-07,1.94340563e-07
2.542249,7.26291832e-01,4.82779974e-07,2.01035804e-07
2.543342,7.27332040e-01,5.00210490e-07,2.07692193e-07
2.544436,7.28272452e-01,5.18662835e-07,2.14303041e-07
2.545530,7.29113046e-01,5.36596320e-07,2.20851742e-07
2.546624,7.29853969e-01,5.53276476e-07,2.27330109e-07
2.547718,7.30495648e-01,5.71732153e-07,2.33730362e-07
2.548812,7.31038381e-01,5.91310695e-07,2.40032855e-07
2.549906,7.31482327e-01,6.10533326e-07,2.46213337e-07
2.551000,7.31827853e-01,6.28338700e-07,2.52260604e-07
2.552094,7.32075729e-01,6.46799665e-07,2.58178287e-07
2.553188,7.32226996e-01,6.63225884e-07,2.63951557e-07
2.554282,7.32282801e-01,6.81138422e-07,2.69579457e-07
2.555375,7.32244084e-01,6.99100499e-07,2.75036561e-07
2.556469,7.32111794e-01,7.15046010e-07,2.80320754e-07
2.557563,7.31887397e-01,7.34548960e-07,2.85433440e-07
2.558657,7.31570954e-01,7.54437557e-07,2.90314052e-07
2.559751,7.31163224e-01,7.69963451e-07,2.94987628e-07
2.560845,7.30665786e-01,7.84544677e-07,2.99460217e-07
2.561939,7.30080359e-01,7.99568268e-07,3.03730434e-07
2.563033,7.29408376e-01,8.14932960e-07,3.07789291e-07
2.564127,7.28650804e-01,8.33480036e-07,3.11607950e-07
2.565221,7.27807562e-01,8.52174859e-07,3.15150615e-07
2.566315,7.26879264e-01,8.66046385e-07,3.18434130e-07
2.567409,7.25867315e-01,8.78535040e-07,3.21475899e-07
2.568502,7.24773297e-01,8.92308170e-07,3.24275024e-07
2.569596,7.23598320e-01,9.03496194e-07,3.26818806e-07
2.570690,7.22343341e-01,9.28482950e-07,3.29111116e-07
2.571784,7.21005900e-01,9.41346104e-07,3.31001033e-07
2.572878,7.19586397e-01,9.55132629e-07,3.32614148e-07
2.573972,7.18085055e-01,9.68369609e-07,3.33919659e-07
2.575066,7.16501754e-01,9.81760249e-07,3.34908107e-07
2.576160,7.14835738e-01,9.98176254e-07,3.35566245e-07
2.577254,7.13086715e-01,1.00662482e-06,3.35891148e-07
2.578348,7.11254148e-01,1.02084702e-06,3.35872999e-07
2.579442,7.09337117e-01,1.03201784e-06,3.35516756e-07
2.580535,7.07334980e-01,1.04422410e-06,3.34819604e-07
2.581629,7.05246929e-01,1.05004257e-06,3.33770155e-07
2.582723,7.03073457e-01,1.05745756e-06,3.32424131e-07
2.583817,7.00813892e-01,1.06553299e-06,3.30727873e-07
2.584911,6.98468714e-01,1.06758694e-06,3.28729363e-07
2.586005,6.96037019e-01,1.08360302e-06,3.26394349e-07
2.587099,6.93516274e-01,1.08933554e-06,3.23662545e-07
2.588193,6.90905871e-01,1.09445817e-06,3.20589605e-07
2.589287,6.88205684e-01,1.09990854e-06,3.17211098e-07
2.590381,6.85412909e-01,1.11269288e-06,3.13426711e-07
2.591475,6.82524796e-01,1.11104712e-06,3.09246407e-07
2.592568,6.79541588e-01,1.11728415e-06,3.04794065e-07
2.593662,6.76460749e-01,1.12509777e-06,2.99953692e-07
2.594756,6.73278681e-01,1.12034968e-06,2.94677412e-07
2.595850,6.69995558e-01,1.11629183e-06,2.89146972e-07
2.596944,6.66612918e-01,1.10972552e-06,2.83387940e-07
2.598038,6.63130569e-01,1.11061044e-06,2.77352046e-07
2.599132,6.59549122e-01,1.09083790e-06,2.71057111e-07
2.600226,6.55871074e-01,1.08650475e-06,2.64599254e-07
2.601320,6.52093619e-01,1.09990150e-06,2.57824990e-07
2.602414,6.48216048e-01,1.08384691e-06,2.50790973e-07
2.603508,6.44240479e-01,1.06426757e-06,2.43561212e-07
2.604601,6.40168355e-01,1.05932275e-06,2.36199069e-07
2.605695,6.36000856e-01,1.03764778e-06,2.28662952e-07
2.606789,6.31745840e-01,1.01104981e-06,2.21205639e-07
2.607883,6.27409497e-01,1.00065090e-06,2.13763731e-07
2.608977,6.22991735e-01,9.76500350e-07,2.06111952e-07
2.610071,6.18500303e-01,9.37582889e-07,1.98585776e-07
2.611165,6.13943759e-01,9.24747444e-07,1.91202588e-07
2.612259,6.09324890e-01,9.01446871e-07,1.83763608e-07
2.613353,6.04647700e-01,8.66998749e-07,1.76326954e-07
2.614447,5.99923580e-01,8.30725496e-07,1.69180132e-07
2.615541,5.95160344e-01,8.03061310e-07,1.62152437e-07
2.616634,5.90367862e-01,7.75003650e-07,1.55385740e-07
2.617728,5.85552187e-01,7.38924974e-07,1.48685701e-07
2.618822,5.80721218e-01,7.06585060e-07,1.42201014e-07
2.619916,5.75884547e-01,6.67364912e-07,1.35952756e-07
2.621010,5.71052704e-01,6.38681273e-07,1.29984118e-07
2.622104,5.66231192e-01,6.09959352e-07,1.24142157e-07
2.623198,5.61426675e-01,5.86422654e-07,1.18512917e-07
2.624292,5.56645944e-01,5.50794074e-07,1.13064103e-07
2.625386,5.51895325e-01,5.31304396e-07,1.07820654e-07
2.626480,5.47182621e-01,4.89893362e-07,1.02805710e-07
2.627574,5.42516964e-01,4.63694619e-07,9.80488145e-08
2.628668,5.37902175e-01,4.49725793e-07,9.34568388e-08
2.629761,5.33340315e-01,4.27079288e-07,8.90000043e-08
2.630855,5.28838456e-01,3.90233039e-07,8.47783708e-08
2.631949,5.24403573e-01,3.70112759e-07,8.07895637e-08
2.633043,5.20039430e-01,3.42317741e-07,7.69789743e-08
2.634137,5.15751602e-01,3.21450819e-07,7.33894244e-08
2.635231,5.11542874e-01,3.06123754e-07,6.99776463e-08
2.636325,5.07414583e-01,2.84527894e-07,6.67339480e-08
2.637419,5.03369194e-01,2.66718443e-07,6.36873832e-08
2.638513,4.99408324e-01,2.48503889e-07,6.08359163e-08
2.639607,4.95533729e-01,2.30899543e-07,5.81897950e-08
2.640701,4.91748473e-01,2.13036039e-07,5.57594221e-08
2.641794,4.88053680e-01,2.02108951e-07,5.35391754e-08
2.642888,4.84448359e-01,1.93365830e-07,5.15387717e-08
2.643982,4.80931524e-01,1.72094071e-07,4.97760170e-08
2.645076,4.77504759e-01,1.64561864e-07,4.82451624e-08
2.646170,4.74167078e-01,1.53583962e-07,4.69639599e-08
2.647264,4.70917502e-01,1.41047518e-07,4.59393358e-08
2.648358,4.67756338e-01,1.32390827e-07,4.51459129e-08
2.649452,4.64681951e-01,1.23744452e-07,4.46127316e-08
2.650546,4.61692423e-01,1.17613487e-07,4.43305640e-08
2.651640,4.58786395e-01,1.10093980e-07,4.42842799e-08
2.652734,4.55962681e-01,1.04357919e-07,4.44575762e-08
2.653827,4.53219162e-01,1.00477193e-07,4.48449551e-08
2.654921,4.50554569e-01,9.69583763e-08,4.54002028e-08
2.656015,4.47967345e-01,9.50100312e-08,4.61222274e-08
2.657109,4.45455558e-01,9.39803353e-08,4.69796183e-08
2.658203,4.43016409e-01,9.41708364e-08,4.79830096e-08
2.659297,4.40648148e-01,9.60883306e-08,4.90748996e-08
2.660391,4.38348853e-01,9.85519266e-08,5.02451947e-08
2.661485,4.36116219e-01,1.01345493e-07,5.14777022e-08
2.662579,4.33947576e-01,1.03583965e-07,5.27665421e-08
2.663673,4.31840399e-01,1.07793265e-07,5.40924571e-08
2.664767,4.29792318e-01,1.12867332e-07,5.54401052e-08
2.665860,4.27800388e-01,1.17141895e-07,5.68104843e-08
2.666954,4.25861850e-01,1.19907647e-07,5.81752995e-08
2.668048,4.23973502e-01,1.23751323e-07,5.95573220e-08
2.669142,4.22132730e-01,1.29083392e-07,6.09217236e-08
2.670236,4.20336943e-01,1.34355079e-07,6.22654926e-08
2.671330,4.18583299e-01,1.39490334e-07,6.35890168e-08
2.672424,4.16868953e-01,1.44437003e-07,6.48916626e-08
2.673518,4.15191016e-01,1.48705424e-07,6.61728599e-08
2.674612,4.13546711e-01,1.52936389e-07,6.74283709e-08
2.675706,4.11933283e-01,1.57872985e-07,6.86634941e-08
2.676800,4.10348112e-01,1.62114406e-07,6.98761063e-08
2.677893,4.08788620e-01,1.67243961e-07,7.10723000e-08
2.678987,4.07252110e-01,1.70099284e-07,7.22594485e-08
2.680081,4.05735962e-01,1.75809902e-07,7.34434691e-08
2.681175,4.04237740e-01,1.80001565e-07,7.46245990e-08
2.682269,4.02755066e-01,1.84082231e-07,7.58117938e-08
2.683363,4.01285649e-01,1.87790029e-07,7.70152953e-08
2.684457,3.99827161e-01,1.93468044e-07,7.82431351e-08
2.685551,3.98377516e-01,1.97693993e-07,7.94979076e-08
2.686645,3.96934555e-01,2.02282880e-07,8.07912520e-08
2.687739,3.95496505e-01,2.07240514e-07,8.21287880e-08
2.688833,3.94061594e-01,2.11500615e-07,8.35186758e-08
2.689927,3.92628095e-01,2.16265676e-07,8.49679958e-08
2.691020,3.91194682e-01,2.21408820e-07,8.64783175e-08
2.692114,3.89760208e-01,2.26292298e-07,8.80545782e-08
2.693208,3.88323465e-01,2.31709581e-07,8.97009380e-08
2.694302,3.86883340e-01,2.37530260e-07,9.14157585e-08
2.695396,3.85438693e-01,2.43255961e-07,9.31982141e-08
2.696490,3.83988807e-01,2.48979044e-07,9.50495136e-08
2.697584,3.82533142e-01,2.55075257e-07,9.69683685e-08
2.698678,3.81070936e-01,2.61620500e-07,9.89509110e-08
2.699772,3.79601679e-01,2.68453386e-07,1.00990243e-07
2.700866,3.78124871e-01,2.74816844e-07,1.03084157e-07
2.701960,3.76640282e-01,2.83735697e-07,1.05226946e-07
2.703053,3.75147430e-01,2.90630629e-07,1.07405922e-07
2.704147,3.73646098e-01,2.98160862e-07,1.09623947e-07
2.705241,3.72136229e-01,3.05646138e-07,1.11872645e-07
2.706335,3.70617727e-01,3.13025848e-07,1.14146808e-07
2.707429,3.69090841e-01,3.20763040e-07,1.16442550e-07
2.708523,3.67555755e-01,3.28522758e-07,1.18752136e-07
2.709617,3.66012759e-01,3.36343832e-07,1.21068911e-07
2.710711,3.64462106e-01,3.44023153e-07,1.23386250e-07
2.711805,3.62904191e-01,3.52254824e-07,1.25699023e-07
2.712899,3.61339333e-01,3.60309444e-07,1.27999373e-07
2.713993,3.59767894e-01,3.68152362e-07,1.30279414e-07
2.715086,3.58190250e-01,3.78411293e-07,1.32531665e-07
2.716180,3.56606267e-01,3.87289914e-07,1.34738804e-07
2.717274,3.55016152e-01,3.96686499e-07,1.36903553e-07
2.718368,3.53419942e-01,4.04768135e-07,1.39013641e-07
2.719462,3.51818052e-01,4.14119052e-07,1.41072135e-07
2.720556,3.50210561e-01,4.21355001e-07,1.43060596e-07
2.721650,3.48597940e-01,4.31326099e-07,1.44987298e-07
2.722744,3.46980210e-01,4.37848998e-07,1.46829042e-07
2.723838,3.45357740e-01,4.49833524e-07,1.48594232e-07
2.724932,3.43730070e-01,4.57415978e-07,1.50251992e-07
2.726026,3.42097065e-01,4.68401160e-07,1.51807252e-07
2.727119,3.40457577e-01,4.80925479e-07,1.53226508e-07
2.728213,3.38810032e-01,4.93474060e-07,1.54493281e-07
2.729307,3.37153098e-01,5.03254018e-07,1.55600763e-07
2.730401,3.35485583e-01,5.13469998e-07,1.56552406e-07
2.731495,3.33806741e-01,5.22421228e-07,1.57350258e-07
2.732589,3.32115751e-01,5.34120376e-07,1.57985432e-07
2.733683,3.30410950e-01,5.44173249e-07,1.58427067e-07
2.734777,3.28690856e-01,5.51797255e-07,1.58677030e-07
2.735871,3.26954825e-01,5.57734323e-07,1.58749650e-07
2.736965,3.25202890e-01,5.62329914e-07,1.58654870e-07
2.738059,3.23434755e-01,5.69821014e-07,1.58384540e-07
2.739152,3.21648448e-01,5.80570521e-07,1.57888655e-07
2.740246,3.19842842e-01,5.81934618e-07,1.57173523e-07
2.741340,3.18017512e-01,5.93713487e-07,1.56273430e-07
2.742434,3.16171002e-01,5.91546014e-07,1.55127938e-07
2.743528,3.14304686e-01,5.97454369e-07,1.53844448e-07
2.744622,3.12417025e-01,5.99188230e-07,1.52305679e-07
2.745716,3.10507374e-01,6.05941865e-07,1.50566972e-07
2.746810,3.08575827e-01,5.95834433e-07,1.48606850e-07
2.747904,3.06624112e-01,6.07073453e-07,1.46523847e-07
2.748998,3.04650814e-01,6.01741574e-07,1.44171314e-07
2.750092,3.02658342e-01,6.01905632e-07,1.41704340e-07
2.751186,3.00646725e-01,5.99595704e-07,1.39012041e-07
2.752279,2.98616105e-01,5.92888155e-07,1.36117226e-07
2.753373,2.96568843e-01,5.84150027e-07,1.33098503e-07
2.754467,2.94509322e-01,5.73457523e-07,1.30015122e-07
2.755561,2.92440619e-01,5.63968580e-07,1.26811116e-07
2.756655,2.90366383e-01,5.44637882e-07,1.23517188e-07
2.757749,2.88289908e-01,5.49263167e-07,1.20163976e-07
2.758843,2.86212995e-01,5.21619778e-07,1.16642654e-07
2.759937,2.84143906e-01,5.03861759e-07,1.13219850e-07
2.761031,2.82088547e-01,4.92670465e-07,1.09809890e-07
2.762125,2.80049771e-01,4.71454534e-07,1.06291272e-07
2.763219,2.78034870e-01,4.51710371e-07,1.02880623e-07
2.764312,2.76047983e-01,4.49701105e-07,9.94554257e-08
2.765406,2.74090907e-01,4.30742268e-07,9.59344860e-08
2.766500,2.72167919e-01,4.10526459e-07,9.24159296e-08
2.767594,2.70284033e-01,3.98222624e-07,8.89661787e-08
2.768688,2.68443663e-01,3.75735704e-07,8.55347150e-08
2.769782,2.66652471e-01,3.53552834e-07,8.21929309e-08
2.770876,2.64914372e-01,3.39005445e-07,7.89013963e-08
2.771970,2.63231132e-01,3.27530999e-07,7.56025093e-08
2.773064,2.61605353e-01,3.08751423e-07,7.23329581e-08
2.774158,2.60039261e-01,2.97098544e-07,6.90870884e-08
2.775252,2.58534529e-01,2.75896364e-07,6.58496745e-08
2.776345,2.57093750e-01,2.63694211e-07,6.26871007e-08
2.777439,2.55719017e-01,2.42703209e-07,5.95707865e-08
2.778533,2.54411956e-01,2.31753547e-07,5.65047317e-08
2.779627,2.53172314e-01,2.19697712e-07,5.34260847e-08
2.780721,2.51999962e-01,2.07090884e-07,5.03449600e-08
2.781815,2.50893786e-01,1.92511329e-07,4.72139422e-08
2.782909,2.49853232e-01,1.79306855e-07,4.40899164e-08
2.784003,2.48877113e-01,1.69887010e-07,4.09440705e-08
2.785097,2.47963664e-01,1.55522488e-07,3.77504623e-08
2.786191,2.47112036e-01,1.40996336e-07,3.45685635e-08
2.787285,2.46320406e-01,1.32333355e-07,3.13700688e-08
2.788378,2.45585758e-01,1.18435087e-07,2.81142580e-08
2.789472,2.44905941e-01,1.05286041e-07,2.48777627e-08
2.790566,2.44278614e-01,9.30741695e-08,2.16835282e-08
2.791660,2.43700698e-01,8.38935896e-08,1.85607361e-08
2.792754,2.43168704e-01,7.00421608e-08,1.55838269e-08
2.793848,2.42680014e-01,6.15058004e-08,1.29537254e-08
2.794942,2.42230929e-01,5.01592863e-08,1.08875898e-08
2.796036,2.41817943e-01,3.92029252e-08,9.79150455e-09
2.797130,2.41437710e-01,3.17742203e-08,9.96061677e-09
2.798224,2.41086188e-01,2.60098016e-08,1.12987976e-08
2.799318,2.40759494e-01,2.39146926e-08,1.33913483e-08
2.800411,2.40453373e-01,2.54116568e-08,1.58889886e-08
2.801505,2.40163740e-01,3.20530108e-08,1.85419518e-08
2.802599,2.39886899e-01,3.80075069e-08,2.11783680e-08
2.803693,2.39618502e-01,4.58161739e-08,2.37603925e-08
2.804787,2.39354381e-01,5.30512325e-08,2.62120488e-08
2.805881,2.39090234e-01,5.97053158e-08,2.85125918e-08
2.806975,2.38821742e-01,6.67906568e-08,3.06486324e-08
2.808069,2.38544669e-01,7.26588595e-08,3.26204170e-08
2.809163,2.38254842e-01,7.79311237e-08,3.44433836e-08
2.810257,2.37948168e-01,8.47997074e-08,3.61510032e-08
2.811351,2.37620788e-01,9.01139095e-08,3.77748043e-08
2.812445,2.37268974e-01,9.46396769e-08,3.93751888e-08
2.813538,2.36889222e-01,1.00040845e-07,4.10192501e-08
2.814632,2.36478305e-01,1.05727135e-07,4.27694780e-08
2.815726,2.36033223e-01,1.12181703e-07,4.46904263e-08
2.816820,2.35551302e-01,1.18460861e-07,4.68379298e-08
2.817914,2.35030262e-01,1.25538354e-07,4.92561700e-08
2.819008,2.34468174e-01,1.33259391e-07,5.19736070e-08
2.820102,2.33863376e-01,1.42436913e-07,5.50064979e-08
2.821196,2.33214407e-01,1.52110068e-07,5.83524894e-08
2.822290,2.32520220e-01,1.62293060e-07,6.20087209e-08
2.823384,2.31780217e-01,1.73126826e-07,6.59640874e-08
2.824478,2.30994030e-01,1.84888252e-07,7.02005550e-08
2.825571,2.30161530e-01,1.97404310e-07,7.46956362e-08
2.826665,2.29282895e-01,2.10469323e-07,7.94260461e-08
2.827759,2.28358640e-01,2.24257983e-07,8.43675452e-08
2.828853,2.27389557e-01,2.38632525e-07,8.94944346e-08
2.829947,2.26376715e-01,2.53462168e-07,9.47801982e-08
2.831041,2.25321418e-01,2.69091437e-07,1.00199231e-07
2.832135,2.24225218e-01,2.84802888e-07,1.05723325e-07
2.833229,2.23089825e-01,3.01343625e-07,1.11327804e-07
2.834323,2.21917164e-01,3.18198987e-07,1.16985570e-07
2.835417,2.20709351e-01,3.34774716e-07,1.22666860e-07
2.836511,2.19468653e-01,3.52272781e-07,1.28348341e-07
2.837604,2.18197460e-01,3.70318796e-07,1.34002388e-07
2.838698,2.16898217e-01,3.87316878e-07,1.39592769e-07
2.839792,2.15573995e-01,4.05634425e-07,1.45109850e-07
2.840886,2.14227181e-01,4.24445713e-07,1.50504925e-07
2.841980,2.12860163e-01,4.42671539e-07,1.55744946e-07
2.843074,2.11475537e-01,4.61783493e-07,1.60803884e-07
2.844168,2.10075633e-01,4.81399716e-07,1.65639710e-07
2.845262,2.08662602e-01,4.99393710e-07,1.70204053e-07
2.846356,2.07239319e-01,5.19980116e-07,1.74503759e-07
2.847450,2.05806738e-01,5.39797147e-07,1.78417769e-07
2.848544,2.04365882e-01,5.59133737e-07,1.81926760e-07
2.849637,2.02918705e-01,5.77495097e-07,1.85025714e-07
2.850731,2.01466543e-01,5.94440941e-07,1.87644586e-07
2.851825,2.00011205e-01,6.07797843e-07,1.89774140e-07
2.852919,1.98555548e-01,6.24747212e-07,1.91439957e-07
2.854013,1.97100269e-01,6.38039158e-07,1.92489077e-07
2.855107,1.95646888e-01,6.51668597e-07,1.92965302e-07
2.856201,1.94195582e-01,6.62878629e-07,1.92750387e-07
2.857295,1.92747059e-01,6.72920530e-07,1.91870044e-07
2.858389,1.91302371e-01,6.83567035e-07,1.90313825e-07
2.859483,1.89862506e-01,6.83298650e-07,1.88027837e-07
2.860577,1.88431427e-01,6.91015195e-07,1.85215908e-07
2.861670,1.87011146e-01,6.80649019e-07,1.81668223e-07
2.862764,1.85607130e-01,6.83125934e-07,1.77693209e-07
2.863858,1.84222144e-01,6.61110155e-07,1.73012648e-07
2.864952,1.82864661e-01,6.46441656e-07,1.68104481e-07
2.866046,1.81543474e-01,6.31094311e-07,1.62974013e-07
2.867140,1.80264689e-01,6.06022288e-07,1.57448145e-07
2.868234,1.79036535e-01,5.77355520e-07,1.51799525e-07
2.869328,1.77868085e-01,5.45772676e-07,1.46117650e-07
2.870422,1.76768609e-01,5.17207892e-07,1.40528922e-07
2.871516,1.75747553e-01,4.92094223e-07,1.35161674e-07
2.872610,1.74810650e-01,4.57022629e-07,1.29759138e-07
2.873704,1.73965046e-01,4.35518274e-07,1.24686385e-07
2.874797,1.73214317e-01,4.06236265e-07,1.19643440e-07
2.875891,1.72562510e-01,3.90221706e-07,1.14867554e-07
2.876985,1.72010599e-01,3.64377043e-07,1.10069367e-07
2.878079,1.71559198e-01,3.41200486e-07,1.05308262e-07
2.879173,1.71207949e-01,3.17029432e-07,1.00526792e-07
2.880267,1.70954273e-01,2.98352002e-07,9.55338060e-08
2.881361,1.70794891e-01,2.80821155e-07,9.03112470e-08
2.882455,1.70725897e-01,2.54237810e-07,8.47245630e-08
2.883549,1.70743215e-01,2.39775192e-07,7.88463116e-08
2.884643,1.70841164e-01,2.09465746e-07,7.24892379e-08
2.885737,1.71014630e-01,1.94780099e-07,6.58554348e-08
2.886830,1.71256198e-01,1.72232249e-07,5.87663337e-08
2.887924,1.71559009e-01,1.52689209e-07,5.14307863e-08
2.889018,1.71915814e-01,1.29018924e-07,4.39200693e-08
2.890112,1.72319465e-01,1.07126831e-07,3.64082665e-08
2.891206,1.72762139e-01,8.61423764e-08,2.89802021e-08
2.892300,1.73235564e-01,6.96672873e-08,2.17790013e-08
2.893394,1.73731996e-01,5.04435478e-08,1.50098942e-08
2.894488,1.74243706e-01,3.39743064e-08,8.90401553e-09
2.895582,1.74762893e-01,1.87070988e-08,4.32933502e-09
2.896676,1.75281832e-01,9.57356776e-09,4.84495217e-09
2.897770,1.75792871e-01,1.38302219e-08,8.58394469e-09
2.898863,1.76288684e-01,2.29832345e-08,1.23317304e-08
2.899957,1.76762256e-01,3.21039617e-08,1.57068218e-08
2.901051,1.77206943e-01,4.02624507e-08,1.87989712e-08
2.902145,1.77616622e-01,4.83215394e-08,2.18319505e-08
2.903239,1.77985722e-01,5.61439382e-08,2.51159024e-08
2.904333,1.78309238e-01,6.58300612e-08,2.89459708e-08
2.905427,1.78582770e-01,7.66122303e-08,3.34716295e-08
2.906521,1.78802467e-01,8.90781209e-08,3.86867538e-08
2.907615,1.78965045e-01,1.02867570e-07,4.44710791e-08
2.908709,1.79067782e-01,1.17665744e-07,5.06771386e-08
2.909803,1.79108378e-01,1.32976502e-07,5.71746837e-08
2.910896,1.79085085e-01,1.48840830e-07,6.38609850e-08
2.911990,1.78996745e-01,1.65029584e-07,7.06597505e-08
2.913084,1.78842528e-01,1.81271549e-07,7.75097946e-08
2.914178,1.78622167e-01,1.97526454e-07,8.43603722e-08
2.915272,1.78335787e-01,2.13811334e-07,9.11602633e-08
2.916366,1.77983894e-01,2.30006370e-07,9.78581809e-08
2.917460,1.77567347e-01,2.45932367e-07,1.04405167e-07
2.918554,1.77087492e-01,2.61668508e-07,1.10759641e-07
2.919648,1.76546042e-01,2.76556741e-07,1.16886880e-07
2.920742,1.75944951e-01,2.91354942e-07,1.22758303e-07
2.921836,1.75286376e-01,3.06467003e-07,1.28346233e-07
2.922929,1.74572531e-01,3.20931600e-07,1.33622930e-07
2.924023,1.73806073e-01,3.33787794e-07,1.38577972e-07
2.925117,1.72989928e-01,3.45903955e-07,1.43203121e-07
2.926211,1.72127245e-01,3.58007441e-07,1.47488131e-07
2.927305,1.71221147e-01,3.69817908e-07,1.51418285e-07
2.928399,1.70274714e-01,3.80029296e-07,1.54978176e-07
2.929493,1.69291497e-01,3.89493431e-07,1.58174727e-07
2.930587,1.68275168e-01,3.98494713e-07,1.61002587e-07
2.931681,1.67229333e-01,4.05881897e-07,1.63457503e-07
2.932775,1.66157456e-01,4.13008399e-07,1.65542595e-07
2.933869,1.65063186e-01,4.19489912e-07,1.67250800e-07
2.934963,1.63950126e-01,4.24783983e-07,1.68587119e-07
2.936056,1.62821816e-01,4.29229782e-07,1.69552075e-07
2.937150,1.61681774e-01,4.33160570e-07,1.70150614e-07
2.938244,1.60533302e-01,4.36496555e-07,1.70383082e-07
2.939338,1.59379030e-01,4.41255585e-07,1.70242974e-07
2.940432,1.58221509e-01,4.44231097e-07,1.69719998e-07
2.941526,1.57062791e-01,4.45847701e-07,1.68831523e-07
2.942620,1.55905102e-01,4.47398119e-07,1.67593146e-07
2.943714,1.54750241e-01,4.47619087e-07,1.65998548e-07
2.944808,1.53600233e-01,4.46270387e-07,1.64075507e-07
2.945902,1.52456746e-01,4.46801281e-07,1.61834191e-07
2.946996,1.51320332e-01,4.45918149e-07,1.59258368e-07
2.948089,1.50192078e-01,4.43810536e-07,1.56390202e-07
2.949183,1.49072760e-01,4.39248949e-07,1.53242072e-07
2.950277,1.47963681e-01,4.33936789e-07,1.49856295e-07
2.951371,1.46865518e-01,4.30513112e-07,1.46240240e-07
2.952465,1.45778363e-01,4.25562384e-07,1.42395292e-07
2.953559,1.44702434e-01,4.17852986e-07,1.38358346e-07
2.954653,1.43638361e-01,4.11050496e-07,1.34164854e-07
2.955747,1.42586520e-01,4.00754736e-07,1.29826457e-07
2.956841,1.41547850e-01,3.90861842e-07,1.25386726e-07
2.957935,1.40522567e-01,3.82823375e-07,1.20852136e-07
2.959029,1.39510677e-01,3.72066888e-07,1.16238828e-07
2.960122,1.38512547e-01,3.60926462e-07,1.11580236e-07
2.961216,1.37528648e-01,3.50316662e-07,1.06894726e-07
2.962310,1.36559092e-01,3.37913373e-07,1.02193850e-07
2.963404,1.35604736e-01,3.26351690e-07,9.75204503e-08
2.964498,1.34665069e-01,3.14708976e-07,9.28490909e-08
2.965592,1.33740352e-01,2.99085189e-07,8.82149754e-08
2.966686,1.32831264e-01,2.86971869e-07,8.36414847e-08
2.967780,1.31938300e-01,2.72252483e-07,7.91346773e-08
2.968874,1.31062028e-01,2.59347616e-07,7.47025783e-08
2.969968,1.30202892e-01,2.45029906e-07,7.03582773e-08
2.971062,1.29361695e-01,2.30834170e-07,6.61072360e-08
2.972155,1.28538860e-01,2.18402118e-07,6.19511303e-08
2.973249,1.27733934e-01,2.05621636e-07,5.78866081e-08
2.974343,1.26946761e-01,1.93606641e-07,5.39247133e-08
2.975437,1.26177208e-01,1.81703051e-07,5.00663686e-08
2.976531,1.25425574e-01,1.70620257e-07,4.63266535e-08
2.977625,1.24691375e-01,1.58402689e-07,4.26896542e-08
2.978719,1.23974004e-01,1.49419938e-07,3.91682725e-08
2.979813,1.23272700e-01,1.37847283e-07,3.57648296e-08
2.980907,1.22587105e-01,1.28673335e-07,3.24935881e-08
2.982001,1.21916358e-01,1.17766311e-07,2.93531865e-08
2.983095,1.21260535e-01,1.10725968e-07,2.63649634e-08
2.984188,1.20617972e-01,1.04031996e-07,2.35106475e-08
2.985282,1.19987392e-01,9.56128848e-08,2.08080570e-08
2.986376,1.19367732e-01,8.86306367e-08,1.82770862e-08
2.987470,1.18757624e-01,8.42154611e-08,1.59354384e-08
2.988564,1.18155758e-01,7.78324067e-08,1.38015448e-08
2.989658,1.17561282e-01,7.29616657e-08,1.19200304e-08
2.990752,1.16973016e-01,6.86302855e-08,1.03321242e-08
2.991846,1.16389771e-01,6.40384593e-08,9.09447434e-09
2.992940,1.15810427e-01,6.33087105e-08,8.27485428e-09
2.994034,1.15233110e-01,6.16455503e-08,7.88843014e-09
2.995128,1.14656378e-01,5.86761570e-08,7.92891132e-09
2.996222,1.14079100e-01,5.90645783e-08,8.33196864e-09
2.997315,1.13499785e-01,5.79463024e-08,8.97442890e-09
2.998409,1.12917483e-01,5.76126202e-08,9.77910852e-09
2.999503,1.12330954e-01,5.67867077e-08,1.06572026e-08
3.000597,1.11739478e-01,5.65703463e-08,1.15807704e-08
3.001691,1.11141885e-01,5.71759817e-08,1.24936251e-08
3.002785,1.10537127e-01,5.77831425e-08,1.33859951e-08
3.003879,1.09924191e-01,5.98863302e-08,1.42389530e-08
3.004973,1.09301793e-01,5.92924661e-08,1.50355680e-08
3.006067,1.08669057e-01,6.02100794e-08,1.57811650e-08
3.007161,1.08025039e-01,6.18825082e-08,1.64678112e-08
3.008255,1.07368956e-01,6.13648512e-08,1.70875974e-08
3.009348,1.06700135e-01,6.25157645e-08,1.76445593e-08
3.010442,1.06017942e-01,6.24792624e-08,1.81354251e-08
3.011536,1.05321865e-01,6.30693572e-08,1.85582068e-08
3.012630,1.04611452e-01,6.13409354e-08,1.89159882e-08
3.013724,1.03886449e-01,6.23216182e-08,1.92147535e-08
3.014818,1.03146300e-01,6.29993890e-08,1.94393864e-08
3.015912,1.02390661e-01,6.09934086e-08,1.95996646e-08
3.017006,1.01619565e-01,6.09464405e-08,1.97068939e-08
3.018100,1.00832817e-01,5.91048633e-08,1.97505333e-08
3.019194,1.00030570e-01,5.83352670e-08,1.97480346e-08
